universe,window_id,method,run,assets,K,train_days,test_days,gross_return,net_return,annual_return,annual_net_return,annual_volatility,sharpe,sortino,max_drawdown,turnover,transaction_cost,Runtime,cvar95_loss,mdd_from_daily_returns,selected_holdings,average_pf_holdings,median_pf_holdings,PF_Size,run_dir,initial_turnover,rebalance_turnover,HV,IGD,PF_Overlap,Diversity,PF_Drift
NASDAQ100,window_001,BayesianConfig_ECMADE_MOO,1,60,10,755,124,0.2309727830601591,0.2299727830601591,0.5254857032776823,0.5229682789966374,0.401208747496738,1.2539482182393933,2.011036220662893,-0.2770130314343462,1.0,0.001,9.759596699965186,0.05002238738943472,-0.2770130314343462,7,9.334586466165414,10.0,266,p0_lite_outputs\p1_rolling_window_market_validation_20260719\raw_configured_ecmade\NASDAQ100\window_001\BayesianConfig_ECMADE_MOO\run_001,1.0,1.0,1.0199500236858514,0.038213866336112505,0.8333333333333334,0.959863618607211,0.05506503119578042
NASDAQ100,window_002,BayesianConfig_ECMADE_MOO,1,59,10,755,126,0.2416678699381129,0.2406678699381129,0.5417390992366506,0.539256763496774,0.2751996740475873,1.7121705914356995,2.6812960135637893,-0.1737714276900464,1.0,0.001,9.885091400006786,0.035317355237446856,-0.1737714276900464,8,8.316901408450704,9.0,284,p0_lite_outputs\p1_rolling_window_market_validation_20260719\raw_configured_ecmade\NASDAQ100\window_002\BayesianConfig_ECMADE_MOO\run_001,1.0,0.3488213704677668,1.0226377848867607,0.005033344539839879,0.9833333333333333,1.3751097221418027,0.06898044076606873
NASDAQ100,window_003,BayesianConfig_ECMADE_MOO,1,60,10,756,124,-0.4533036506511592,-0.4543036506511592,-0.7068887100048193,-0.7079772766705579,0.5436393579728165,-1.9789284393835145,-3.5240718527148003,-0.4680964230009922,1.0,0.001,9.86627130000852,0.06903999343553852,-0.4680964230009922,10,9.702702702702704,10.0,259,p0_lite_outputs\p1_rolling_window_market_validation_20260719\raw_configured_ecmade\NASDAQ100\window_003\BayesianConfig_ECMADE_MOO\run_001,1.0,0.3669410760114298,0.9657073857101058,0.01261345514786323,0.9,1.1976905880954436,0.04620774997755841
NASDAQ100,window_004,BayesianConfig_ECMADE_MOO,1,60,10,756,125,-0.1362643009629025,-0.1372643009629025,-0.2557071731526371,-0.2574433661118811,0.3933632415612738,-0.5545687039458945,-0.938452819316571,-0.3438196832033483,1.0,0.001,10.122620900045147,0.0488408435126814,-0.3438196832033483,10,9.501618122977346,10.0,309,p0_lite_outputs\p1_rolling_window_market_validation_20260719\raw_configured_ecmade\NASDAQ100\window_004\BayesianConfig_ECMADE_MOO\run_001,1.0,0.8345587074475238,0.9068374255955909,0.007462440705869868,0.9583333333333334,1.2816661599248014,0.012118936201436035
NASDAQ100,window_005,BayesianConfig_ECMADE_MOO,1,60,10,755,123,0.3205774749823604,0.3195774749823604,0.7677412317493852,0.7649997980378247,0.279055058013133,2.18341263415795,3.353449772980509,-0.1641488692522507,1.0,0.001,9.691175700048916,0.03617809390038388,-0.1641488692522507,9,8.948096885813149,10.0,289,p0_lite_outputs\p1_rolling_window_market_validation_20260719\raw_configured_ecmade\NASDAQ100\window_005\BayesianConfig_ECMADE_MOO\run_001,1.0,0.2741187803789152,0.9594011746442292,0.008513563968789883,0.95,1.2423878426495862,0.024074361037634277
NASDAQ100,window_006,BayesianConfig_ECMADE_MOO,1,60,10,753,125,0.2089624382184252,0.2079624382184252,0.4660346008468197,0.4635909485296092,0.2037959471995568,1.9798884004940824,3.512539493362733,-0.0822263119379405,1.0,0.001,9.862765400088392,0.02242895871656301,-0.0822263119379405,10,9.675675675675675,10.0,296,p0_lite_outputs\p1_rolling_window_market_validation_20260719\raw_configured_ecmade\NASDAQ100\window_006\BayesianConfig_ECMADE_MOO\run_001,1.0,0.8078472238704583,1.041028661233071,0.006862225807241689,0.9583333333333334,1.3565466573473588,0.060477380546653914
NASDAQ100,window_007,BayesianConfig_ECMADE_MOO,1,60,10,752,124,0.2744559390815202,0.2734559390815202,0.6369945216032873,0.6343852136293731,0.1713367809458362,2.9650040280895755,5.159917814230613,-0.0608099959044226,1.0000000000000002,0.001,9.490624799975194,0.019803239935063534,-0.0608099959044226,10,8.91324200913242,9.0,219,p0_lite_outputs\p1_rolling_window_market_validation_20260719\raw_configured_ecmade\NASDAQ100\window_007\BayesianConfig_ECMADE_MOO\run_001,1.0000000000000002,0.2847749212344617,1.1577832932926457,0.005603805538013705,0.975,0.8975065619774893,0.025648753183180224
NASDAQ100,window_008,BayesianConfig_ECMADE_MOO,1,60,10,752,126,0.1572816399986747,0.1562816399986747,0.3393007942780222,0.3369872309980251,0.2993438500323461,1.125769808860418,1.6692286072759703,-0.1417267187801382,1.0,0.0009999999999999,9.954516700003296,0.04198144920067547,-0.1417267187801382,8,9.118421052631579,10.0,304,p0_lite_outputs\p1_rolling_window_market_validation_20260719\raw_configured_ecmade\NASDAQ100\window_008\BayesianConfig_ECMADE_MOO\run_001,1.0,0.32082374173200695,0.9685719601457575,0.005367609043758964,0.9916666666666667,1.3536570785029505,0.013183354838650675
NASDAQ100,window_009,BayesianConfig_ECMADE_MOO,1,59,10,752,122,0.2525313809026859,0.2515313809026859,0.5921705961158843,0.5895460335951477,0.3733652817832205,1.431679803886712,1.923227945107577,-0.2364600057738743,1.0000000000000004,0.001,10.114501599920914,0.05217370744103516,-0.23646000577387438,10,8.356545961002785,9.0,359,p0_lite_outputs\p1_rolling_window_market_validation_20260719\raw_configured_ecmade\NASDAQ100\window_009\BayesianConfig_ECMADE_MOO\run_001,1.0000000000000004,0.44621382150089595,0.9910705791052311,0.005200145798849755,0.975,1.3193607748112637,0.025754023097262303
NASDAQ100,window_010,BayesianConfig_ECMADE_MOO,1,60,10,750,126,-0.0834428915692333,-0.0844428915692333,-0.1599230669850319,-0.1617551812018933,0.2033153833692205,-0.7545773480339066,-0.9980454614392744,-0.1570513997421568,1.0,0.001,9.794841700000688,0.03128716289973792,-0.15705139974215687,10,9.183266932270916,10.0,251,p0_lite_outputs\p1_rolling_window_market_validation_20260719\raw_configured_ecmade\NASDAQ100\window_010\BayesianConfig_ECMADE_MOO\run_001,1.0,0.5196863314883181,1.0123040620841177,0.005756126873401739,1.0,1.3692322458984933,0.0506316651565859
NASDAQ100,window_011,BayesianConfig_ECMADE_MOO,1,60,10,751,123,0.1245610510966743,0.1235610510966743,0.2719002507673158,0.2695841210127054,0.3211175393149431,0.9100184856299652,1.4496658404605856,-0.143205140569556,1.0000000000000002,0.001,10.822757699992508,0.04344297293246208,-0.14320514056955602,10,9.850877192982455,10.0,228,p0_lite_outputs\p1_rolling_window_market_validation_20260719\raw_configured_ecmade\NASDAQ100\window_011\BayesianConfig_ECMADE_MOO\run_001,1.0000000000000002,0.5712134060459948,0.9528429474158939,0.03047596173688292,0.8666666666666667,1.1237519226185098,0.05941479819747788
NASDAQ100,window_001,BayesianConfig_ECMADE_MOO,2,60,10,755,124,0.2327228409140735,0.2317228409140735,0.5298964235387875,0.5273753032314468,0.4131367150112766,1.236542808823452,1.994274241883466,-0.2916529486082183,1.0000000000000002,0.001,9.52618930011522,0.05115669312792962,-0.29165294860821833,9,8.746781115879829,10.0,233,p0_lite_outputs\p1_rolling_window_market_validation_20260719\raw_configured_ecmade\NASDAQ100\window_001\BayesianConfig_ECMADE_MOO\run_002,1.0000000000000002,1.0,1.042526368541423,0.006820887708705001,0.9416666666666667,1.3228541311316846,0.05506503119578042
NASDAQ100,window_002,BayesianConfig_ECMADE_MOO,2,59,10,755,126,0.2163990578879249,0.2153990578879249,0.4796266680306313,0.4771948699148551,0.2611173579234424,1.6322604093772335,2.5827330427870403,-0.1843264780780329,1.0,0.001,9.79532619996462,0.03449187669019404,-0.18432647807803293,10,9.341549295774648,10.0,284,p0_lite_outputs\p1_rolling_window_market_validation_20260719\raw_configured_ecmade\NASDAQ100\window_002\BayesianConfig_ECMADE_MOO\run_002,1.0,0.3163508068455405,1.0144988976365292,0.011883411975387432,0.925,1.1836117053609125,0.06898044076606873
NASDAQ100,window_003,BayesianConfig_ECMADE_MOO,2,60,10,756,124,-0.4465725238001369,-0.4475725238001369,-0.6995078923603799,-0.7006103096159435,0.5390108545240694,-1.9544236246972453,-3.37318811886183,-0.4593008178625298,1.0,0.001,9.820913200033829,0.0707962904138461,-0.45930081786252985,10,9.209876543209877,10.0,243,p0_lite_outputs\p1_rolling_window_market_validation_20260719\raw_configured_ecmade\NASDAQ100\window_003\BayesianConfig_ECMADE_MOO\run_002,1.0,0.48743895746088167,0.9630826321143787,0.017441470219153425,0.8666666666666667,1.1199606808074498,0.04620774997755841
NASDAQ100,window_004,BayesianConfig_ECMADE_MOO,2,60,10,756,125,-0.1492943269593654,-0.1502943269593654,-0.2781696686410143,-0.2798792387297576,0.3889998297682788,-0.6437972662654757,-1.1031224591281914,-0.3357529087313611,1.0,0.001,10.24030110007152,0.048172052708947574,-0.335752908731361,10,8.965909090909092,10.0,352,p0_lite_outputs\p1_rolling_window_market_validation_20260719\raw_configured_ecmade\NASDAQ100\window_004\BayesianConfig_ECMADE_MOO\run_002,1.0,0.8295819913489489,0.9108495305091274,0.0053090891994245805,0.9666666666666667,1.3073382447880912,0.012118936201436035
NASDAQ100,window_005,BayesianConfig_ECMADE_MOO,2,60,10,755,123,0.3414641204078428,0.3404641204078428,0.8254985460104878,0.8227116031878683,0.2818751582887945,2.278536990147381,3.536451965203442,-0.1621200434089273,1.0,0.001,9.626842799945734,0.03602921130859687,-0.16212004340892738,10,9.318181818181818,10.0,264,p0_lite_outputs\p1_rolling_window_market_validation_20260719\raw_configured_ecmade\NASDAQ100\window_005\BayesianConfig_ECMADE_MOO\run_002,1.0,0.34382566563851913,0.9569728906622389,0.010661855750765009,0.9333333333333333,1.1672583614579617,0.024074361037634277
NASDAQ100,window_006,BayesianConfig_ECMADE_MOO,2,60,10,753,125,0.228841867751504,0.227841867751504,0.5150394288508049,0.5125549294806968,0.2056285562566389,2.124207327453389,3.668220848204479,-0.0837342447618021,1.0,0.001,9.7711915000109,0.02329118359142194,-0.08373424476180213,9,9.375,10.0,304,p0_lite_outputs\p1_rolling_window_market_validation_20260719\raw_configured_ecmade\NASDAQ100\window_006\BayesianConfig_ECMADE_MOO\run_002,1.0,0.8798858027236475,1.0345347755464198,0.01189548928524143,0.8166666666666667,1.2663709904618625,0.060477380546653914
NASDAQ100,window_007,BayesianConfig_ECMADE_MOO,2,60,10,752,124,0.353431233178876,0.352431233178876,0.849746721399147,0.846970275090001,0.1728736087946401,3.64850982501195,6.279798709395514,-0.0672272591152133,1.0,0.001,9.838405399932526,0.019434058945924915,-0.06722725911521332,10,8.622489959839358,10.0,249,p0_lite_outputs\p1_rolling_window_market_validation_20260719\raw_configured_ecmade\NASDAQ100\window_007\BayesianConfig_ECMADE_MOO\run_002,1.0,0.26585424091574816,1.1368895799130758,0.016866194931314603,0.8166666666666667,0.7482754947828253,0.025648753183180224
NASDAQ100,window_008,BayesianConfig_ECMADE_MOO,2,60,10,752,126,0.1534664853624801,0.1524664853624801,0.3304849328544725,0.3281789998837472,0.2911686388310203,1.1263000203864042,1.6727294796276375,-0.1375849312244353,1.0,0.001,9.633487900020556,0.040810548976137735,-0.13758493122443538,10,8.842105263157896,9.0,266,p0_lite_outputs\p1_rolling_window_market_validation_20260719\raw_configured_ecmade\NASDAQ100\window_008\BayesianConfig_ECMADE_MOO\run_002,1.0,0.254632585342664,0.9677952145219314,0.006000518040902807,0.975,1.3717062541101601,0.013183354838650675
NASDAQ100,window_009,BayesianConfig_ECMADE_MOO,2,59,10,752,122,0.2498007069439125,0.2488007069439125,0.5850090495148448,0.5823905860694691,0.3671147422509531,1.43795950227833,1.8843992958448952,-0.2388324892710636,1.0,0.001,10.26796430000104,0.05204919337260179,-0.2388324892710637,10,8.582554517133957,9.0,321,p0_lite_outputs\p1_rolling_window_market_validation_20260719\raw_configured_ecmade\NASDAQ100\window_009\BayesianConfig_ECMADE_MOO\run_002,1.0,0.4896588591234842,0.9895812740410298,0.0062999357489119555,0.975,1.2951414656538662,0.025754023097262303
NASDAQ100,window_010,BayesianConfig_ECMADE_MOO,2,60,10,750,126,-0.0976189386404637,-0.0986189386404637,-0.1857084200996369,-0.187512182222356,0.2108805222954405,-0.8678305486052036,-1.1588238539784284,-0.1605654839045198,1.0,0.001,9.672316800104454,0.03200174110835246,-0.16056548390451975,10,8.825,10.0,240,p0_lite_outputs\p1_rolling_window_market_validation_20260719\raw_configured_ecmade\NASDAQ100\window_010\BayesianConfig_ECMADE_MOO\run_002,1.0,0.46119506869399307,1.0058746410837096,0.016431718067672425,0.875,1.2131654347568537,0.0506316651565859
NASDAQ100,window_011,BayesianConfig_ECMADE_MOO,2,60,10,751,123,0.1758694731327237,0.1748694731327237,0.3936392959662891,0.3912121662988637,0.3211220206351708,1.1949960706048042,1.8710292004309712,-0.1384933433032107,1.0,0.001,10.583266800036654,0.043287043622383704,-0.13849334330321084,10,9.334558823529411,10.0,272,p0_lite_outputs\p1_rolling_window_market_validation_20260719\raw_configured_ecmade\NASDAQ100\window_011\BayesianConfig_ECMADE_MOO\run_002,1.0,0.7100368147450302,0.9704984404272015,0.009270526913427335,0.9083333333333333,1.2927832344443422,0.05941479819747788
NASDAQ100,window_001,BayesianConfig_ECMADE_MOO,3,60,10,755,124,0.2627655179075683,0.2617655179075683,0.6066227155391246,0.6040381205328507,0.417572744127248,1.3451111150794866,2.201258783216113,-0.2934029469261632,1.0,0.001,9.450125500094146,0.05093751780013994,-0.29340294692616364,7,8.945833333333333,10.0,240,p0_lite_outputs\p1_rolling_window_market_validation_20260719\raw_configured_ecmade\NASDAQ100\window_001\BayesianConfig_ECMADE_MOO\run_003,1.0,1.0,1.0160578673275058,0.041693421178578126,0.8333333333333334,0.9692118017406135,0.05506503119578042
NASDAQ100,window_002,BayesianConfig_ECMADE_MOO,3,59,10,755,126,0.2094709349685668,0.2084709349685668,0.4628199425337391,0.4604020006638019,0.2478078678824598,1.6599001846783112,2.69860376476857,-0.1770837020825268,1.0,0.001,10.087339599966072,0.0315145903176602,-0.17708370208252688,10,9.092526690391459,10.0,281,p0_lite_outputs\p1_rolling_window_market_validation_20260719\raw_configured_ecmade\NASDAQ100\window_002\BayesianConfig_ECMADE_MOO\run_003,1.0,0.3674487122602787,0.989877058199087,0.028873647362961254,0.8416666666666667,1.052222110572509,0.06898044076606873
NASDAQ100,window_003,BayesianConfig_ECMADE_MOO,3,60,10,756,124,-0.4639639948753211,-0.4649639948753211,-0.7183872943689832,-0.7194539366132953,0.5452902201323813,-2.04456462594995,-3.818752769037471,-0.4713359357360182,1.0,0.001,9.76742289995309,0.06708718988753307,-0.4713359357360182,10,9.777397260273972,10.0,292,p0_lite_outputs\p1_rolling_window_market_validation_20260719\raw_configured_ecmade\NASDAQ100\window_003\BayesianConfig_ECMADE_MOO\run_003,1.0,0.506007016557162,0.9664152824342414,0.01044414609640349,0.9166666666666666,1.2935002141309877,0.04620774997755841
NASDAQ100,window_004,BayesianConfig_ECMADE_MOO,3,60,10,756,125,-0.1173496249472146,-0.1183496249472146,-0.2224827384220912,-0.2242575891508568,0.3991686251510698,-0.4313350999612956,-0.7177638638131604,-0.3367231987588198,1.0,0.001,10.164520799997264,0.049421182290579076,-0.33672319875881984,7,7.854651162790698,8.0,344,p0_lite_outputs\p1_rolling_window_market_validation_20260719\raw_configured_ecmade\NASDAQ100\window_004\BayesianConfig_ECMADE_MOO\run_003,1.0,0.8131316836572375,0.9119819335437239,0.004852702900238617,0.9916666666666667,1.3729886522437535,0.012118936201436035
NASDAQ100,window_005,BayesianConfig_ECMADE_MOO,3,60,10,755,123,0.3167887968150977,0.3157887968150977,0.7573663270919082,0.7546331446392018,0.279228658887048,2.1611758054796386,3.254284444663112,-0.1768582959141931,1.0,0.001,10.224464400089346,0.03630503050849187,-0.1768582959141931,10,9.235474006116208,10.0,327,p0_lite_outputs\p1_rolling_window_market_validation_20260719\raw_configured_ecmade\NASDAQ100\window_005\BayesianConfig_ECMADE_MOO\run_003,1.0,0.2633471148653334,0.9600741387144719,0.008154492350059684,0.95,1.2426207129000952,0.024074361037634277
NASDAQ100,window_006,BayesianConfig_ECMADE_MOO,3,60,10,753,125,0.2239310467693835,0.2229310467693835,0.5028582303933395,0.5003838224724155,0.2123069911146615,2.025852264782788,3.581965134490648,-0.0894950993673722,1.0,0.001,9.654375899932347,0.023697853617535323,-0.08949509936737221,10,9.09688581314879,10.0,289,p0_lite_outputs\p1_rolling_window_market_validation_20260719\raw_configured_ecmade\NASDAQ100\window_006\BayesianConfig_ECMADE_MOO\run_003,1.0,0.8796791184118582,1.0444419873039317,0.006063613930481515,0.9666666666666667,1.3562880961957227,0.060477380546653914
NASDAQ100,window_007,BayesianConfig_ECMADE_MOO,3,60,10,752,124,0.2892608151256126,0.2882608151256126,0.6758723920838672,0.6732317768481157,0.1741739709942956,3.0545961780035618,5.121176964322861,-0.0622793184097402,1.0000000000000002,0.001,9.555793500039726,0.020109795671941166,-0.062279318409740214,10,9.803108808290155,10.0,193,p0_lite_outputs\p1_rolling_window_market_validation_20260719\raw_configured_ecmade\NASDAQ100\window_007\BayesianConfig_ECMADE_MOO\run_003,1.0000000000000002,0.2960012513153246,1.12709143825529,0.015122887364269828,0.8416666666666667,0.8846924023045801,0.025648753183180224
NASDAQ100,window_008,BayesianConfig_ECMADE_MOO,3,60,10,752,126,0.1747148363962336,0.1737148363962336,0.3799549468494299,0.3776065171766372,0.3192020070622203,1.1684749705137736,1.748486205977499,-0.1453472506945321,1.0,0.001,10.084619499975815,0.044146398717166475,-0.14534725069453214,9,7.871794871794871,8.0,312,p0_lite_outputs\p1_rolling_window_market_validation_20260719\raw_configured_ecmade\NASDAQ100\window_008\BayesianConfig_ECMADE_MOO\run_003,1.0,0.32795428531261833,0.9705553028290164,0.005531770596605453,0.9833333333333333,1.323835223863575,0.013183354838650675
NASDAQ100,window_009,BayesianConfig_ECMADE_MOO,3,59,10,752,122,0.2496405124284733,0.2486405124284733,0.5845894358001775,0.5819713301288769,0.3799571717071161,1.400583527898734,1.938702486149544,-0.2387138290321599,1.0,0.001,10.337710399995558,0.05270410765138909,-0.23871382903215999,10,8.55813953488372,9.0,344,p0_lite_outputs\p1_rolling_window_market_validation_20260719\raw_configured_ecmade\NASDAQ100\window_009\BayesianConfig_ECMADE_MOO\run_003,1.0,0.46923872025402297,0.9878609946542355,0.0066749340068434125,0.9583333333333334,1.2984067925256537,0.025754023097262303
NASDAQ100,window_010,BayesianConfig_ECMADE_MOO,3,60,10,750,126,-0.0817670312769845,-0.0827670312769845,-0.1568482151501178,-0.1586836810875638,0.1882561384789275,-0.8112760487551376,-1.0680656052784612,-0.1452380257460166,1.0,0.001,9.61082299996633,0.029718242222497693,-0.1452380257460164,10,8.59504132231405,9.0,242,p0_lite_outputs\p1_rolling_window_market_validation_20260719\raw_configured_ecmade\NASDAQ100\window_010\BayesianConfig_ECMADE_MOO\run_003,1.0,0.46491194418733434,1.005546783881778,0.022625016828161114,0.8166666666666667,1.1161189032718586,0.0506316651565859
NASDAQ100,window_011,BayesianConfig_ECMADE_MOO,3,60,10,751,123,0.1123533576659432,0.1113533576659432,0.2437734587391657,0.2414837029689975,0.3003469601344385,0.8768243530884389,1.4283607856533915,-0.1364920840708797,1.0,0.001,10.27231369994115,0.04047811168068378,-0.13649208407087976,10,9.12015503875969,10.0,258,p0_lite_outputs\p1_rolling_window_market_validation_20260719\raw_configured_ecmade\NASDAQ100\window_011\BayesianConfig_ECMADE_MOO\run_003,1.0,0.6489985235768598,0.9685303575615087,0.013280578907889952,0.9166666666666666,1.2434799224124793,0.05941479819747788
NASDAQ100,window_001,BayesianConfig_ECMADE_MOO,4,60,10,755,124,0.2395260909138541,0.2385260909138541,0.5471042990254735,0.5445688090203764,0.3864671739714193,1.3232403754763429,2.0736648701565934,-0.258861011864987,1.0,0.001,9.90823659999296,0.047882172094792196,-0.25886101186498667,8,9.241258741258742,10.0,286,p0_lite_outputs\p1_rolling_window_market_validation_20260719\raw_configured_ecmade\NASDAQ100\window_001\BayesianConfig_ECMADE_MOO\run_004,1.0,1.0,1.0354378511726763,0.01703735642632801,0.8833333333333333,1.070307318218509,0.05506503119578042
NASDAQ100,window_002,BayesianConfig_ECMADE_MOO,4,59,10,755,126,0.2248851943461183,0.2238851943461183,0.5003437393283281,0.4978949689396361,0.2715143203587262,1.6312329882979166,2.5714004832904496,-0.1781293710594305,1.0000000000000002,0.001,9.98968550004065,0.03537282796032329,-0.1781293710594305,10,8.66,10.0,300,p0_lite_outputs\p1_rolling_window_market_validation_20260719\raw_configured_ecmade\NASDAQ100\window_002\BayesianConfig_ECMADE_MOO\run_004,1.0000000000000002,0.35876178577606893,1.0168900254268103,0.010057087971850443,0.9083333333333333,1.255879482627523,0.06898044076606873
NASDAQ100,window_003,BayesianConfig_ECMADE_MOO,4,60,10,756,124,-0.432143027849363,-0.433143027849363,-0.6833713936011141,-0.6845035205736644,0.5254997694563958,-1.919548484358914,-3.290890991243676,-0.4482847867245542,1.0,0.001,9.73942979995627,0.06746294897302874,-0.4482847867245542,10,9.1280276816609,10.0,289,p0_lite_outputs\p1_rolling_window_market_validation_20260719\raw_configured_ecmade\NASDAQ100\window_003\BayesianConfig_ECMADE_MOO\run_004,1.0,0.4779959967350361,0.979010617284142,0.0068572777528688456,0.9666666666666667,1.315340799974771,0.04620774997755841
NASDAQ100,window_004,BayesianConfig_ECMADE_MOO,4,60,10,756,125,-0.1189649705215739,-0.1199649705215739,-0.2253487197602317,-0.2271202685275554,0.3750497103990578,-0.4939683914758728,-0.8526172051622519,-0.3106275164547243,1.0,0.001,10.284693700028583,0.046059142061474115,-0.31062751645472453,9,9.319277108433734,10.0,332,p0_lite_outputs\p1_rolling_window_market_validation_20260719\raw_configured_ecmade\NASDAQ100\window_004\BayesianConfig_ECMADE_MOO\run_004,1.0,0.76694235859686,0.9082985935707001,0.006383710336463868,0.9666666666666667,1.2837216834547256,0.012118936201436035
NASDAQ100,window_005,BayesianConfig_ECMADE_MOO,4,60,10,755,123,0.3690562122706393,0.3680562122706393,0.9032562170887763,0.9004091019650875,0.2925201051279206,2.349034006854032,3.652470093421815,-0.1718203422156466,1.0,0.001,9.814783800044095,0.03719374022111689,-0.17182034221564635,9,9.19277108433735,10.0,249,p0_lite_outputs\p1_rolling_window_market_validation_20260719\raw_configured_ecmade\NASDAQ100\window_005\BayesianConfig_ECMADE_MOO\run_004,1.0,0.2887306226420164,0.9604601753937382,0.00851698194531342,0.9333333333333333,1.2117571805968146,0.024074361037634277
NASDAQ100,window_006,BayesianConfig_ECMADE_MOO,4,60,10,753,125,0.2484335792123853,0.2474335792123853,0.5641295822082282,0.5616048166198344,0.216276512802524,2.1776362587412263,4.020458206696707,-0.0884008766500459,1.0,0.001,10.327525399974547,0.022824043223296335,-0.08840087665004592,10,8.158854166666666,9.0,384,p0_lite_outputs\p1_rolling_window_market_validation_20260719\raw_configured_ecmade\NASDAQ100\window_006\BayesianConfig_ECMADE_MOO\run_004,1.0,0.9230204840920649,1.046928630307727,0.004843288108433024,0.9916666666666667,1.3583741298173901,0.060477380546653914
NASDAQ100,window_007,BayesianConfig_ECMADE_MOO,4,60,10,752,124,0.293621097327621,0.292621097327621,0.687410937562628,0.6847610995998079,0.1689465905636567,3.1843686731747263,5.794485208134461,-0.0618681683906023,1.0,0.001,9.510527499951422,0.01864101509357017,-0.061868168390602385,8,8.572072072072071,9.0,222,p0_lite_outputs\p1_rolling_window_market_validation_20260719\raw_configured_ecmade\NASDAQ100\window_007\BayesianConfig_ECMADE_MOO\run_004,1.0,0.3771517749902236,1.1326806298707823,0.020292086395508176,0.7916666666666666,0.7260238541559542,0.025648753183180224
NASDAQ100,window_008,BayesianConfig_ECMADE_MOO,4,60,10,752,126,0.149195661574548,0.148195661574548,0.3206506685817631,0.3183532772586137,0.2909504892416962,1.1012859371708477,1.6394193963129398,-0.1341195448955634,1.0,0.001,9.683437899919229,0.04063291673041317,-0.13411954489556344,10,8.17910447761194,8.0,268,p0_lite_outputs\p1_rolling_window_market_validation_20260719\raw_configured_ecmade\NASDAQ100\window_008\BayesianConfig_ECMADE_MOO\run_004,1.0,0.2592430185502753,0.9685915730545466,0.005806635887477501,0.9666666666666667,1.3328251951083008,0.013183354838650675
NASDAQ100,window_009,BayesianConfig_ECMADE_MOO,4,59,10,752,122,0.2426203997104201,0.2416203997104201,0.5662572265460262,0.5636547964436489,0.3879926497747248,1.3494824937199166,1.8395105702679304,-0.2474939235101304,1.0,0.001,10.65968000004068,0.05311982375620598,-0.24749392351013044,10,8.882352941176471,9.0,323,p0_lite_outputs\p1_rolling_window_market_validation_20260719\raw_configured_ecmade\NASDAQ100\window_009\BayesianConfig_ECMADE_MOO\run_004,1.0,0.41537516122460333,0.9893567918048057,0.005767256215160402,0.9666666666666667,1.305278769234828,0.025754023097262303
NASDAQ100,window_010,BayesianConfig_ECMADE_MOO,4,60,10,750,126,-0.0656022075730641,-0.0666022075730641,-0.1269007655076688,-0.1287685610925227,0.1913989214733548,-0.61260027816197,-0.8171295156685485,-0.1412671830013219,1.0,0.001,9.898445699946024,0.029784240654359893,-0.1412671830013219,10,9.46712802768166,10.0,289,p0_lite_outputs\p1_rolling_window_market_validation_20260719\raw_configured_ecmade\NASDAQ100\window_010\BayesianConfig_ECMADE_MOO\run_004,1.0,0.43981429072879624,0.9994916237805144,0.02481532794013568,0.8083333333333333,1.1792274310605206,0.0506316651565859
NASDAQ100,window_011,BayesianConfig_ECMADE_MOO,4,60,10,751,123,0.0954833597194713,0.0944833597194713,0.2054343408063985,0.2031810083746528,0.2936860658949037,0.7833656842717113,1.260160470668138,-0.1511870800570244,1.0,0.001,10.155171400052495,0.039378120452961136,-0.15118708005702441,10,8.902255639097744,10.0,266,p0_lite_outputs\p1_rolling_window_market_validation_20260719\raw_configured_ecmade\NASDAQ100\window_011\BayesianConfig_ECMADE_MOO\run_004,1.0,0.6579404894266596,0.9691817104081367,0.014993482439196449,0.8833333333333333,1.2258471002162312,0.05941479819747788
NASDAQ100,window_001,BayesianConfig_ECMADE_MOO,5,60,10,755,124,0.2648945906136781,0.2638945906136781,0.6121325469249403,0.609543451712949,0.3964937310903142,1.4036692819574157,2.20419834213558,-0.2672178248861764,1.0,0.001,9.686676100012846,0.04865424772896899,-0.26721782488617707,10,8.25,9.0,284,p0_lite_outputs\p1_rolling_window_market_validation_20260719\raw_configured_ecmade\NASDAQ100\window_001\BayesianConfig_ECMADE_MOO\run_005,1.0,1.0,1.0445811932118465,0.006137422744391258,0.975,1.3122575620638097,0.05506503119578042
NASDAQ100,window_002,BayesianConfig_ECMADE_MOO,5,59,10,755,126,0.2278925347415938,0.2268925347415938,0.5077200768741363,0.5052652918046534,0.2682703423619134,1.6659064121547478,2.709743724840809,-0.1740812692283924,1.0,0.0009999999999999,9.974935400066895,0.03367397147685434,-0.1740812692283924,10,8.176470588235293,9.0,306,p0_lite_outputs\p1_rolling_window_market_validation_20260719\raw_configured_ecmade\NASDAQ100\window_002\BayesianConfig_ECMADE_MOO\run_005,1.0,0.3889863825001076,1.0236241150574448,0.005821615436363194,0.9666666666666667,1.3455838621052227,0.06898044076606873
NASDAQ100,window_003,BayesianConfig_ECMADE_MOO,5,60,10,756,124,-0.474623588540557,-0.475623588540557,-0.7296514396935874,-0.7306961731332648,0.6039028255233004,-1.8566331568517875,-3.250888340112224,-0.4847327169716643,1.0,0.001,9.46630979992915,0.07779112342441166,-0.4847327169716643,10,9.571428571428571,10.0,238,p0_lite_outputs\p1_rolling_window_market_validation_20260719\raw_configured_ecmade\NASDAQ100\window_003\BayesianConfig_ECMADE_MOO\run_005,1.0,0.4225309341151128,0.9739231393710148,0.007451216246115094,0.975,1.3696856283029801,0.04620774997755841
NASDAQ100,window_004,BayesianConfig_ECMADE_MOO,5,60,10,756,125,-0.1511258456980273,-0.1521258456980273,-0.2812992226632734,-0.2830050511249735,0.39603621499972,-0.6366522448751286,-1.1102553654260836,-0.3420221910432343,1.0,0.001,10.275015000021083,0.04820145616996988,-0.3420221910432344,10,9.191044776119403,10.0,335,p0_lite_outputs\p1_rolling_window_market_validation_20260719\raw_configured_ecmade\NASDAQ100\window_004\BayesianConfig_ECMADE_MOO\run_005,1.0,0.767427151131949,0.9113755692563769,0.005123249965579093,0.975,1.337958330262643,0.012118936201436035
NASDAQ100,window_005,BayesianConfig_ECMADE_MOO,5,60,10,755,123,0.3500289699798025,0.3490289699798025,0.849457583742294,0.8466519692673422,0.2743342709117087,2.3813159413163243,3.585318321801921,-0.1591387749686023,1.0,0.0009999999999999,9.76708400005009,0.03518409061550532,-0.1591387749686023,10,9.081545064377682,10.0,233,p0_lite_outputs\p1_rolling_window_market_validation_20260719\raw_configured_ecmade\NASDAQ100\window_005\BayesianConfig_ECMADE_MOO\run_005,1.0,0.34573381882641524,0.9568323263599755,0.008786288182435369,0.925,1.2254371968219337,0.024074361037634277
NASDAQ100,window_006,BayesianConfig_ECMADE_MOO,5,60,10,753,125,0.2244832006442081,0.2234832006442081,0.5042253648614887,0.5017498223290173,0.2132891756763683,2.0217303133952718,3.5854649871677373,-0.0905958280112586,1.0,0.001,9.69078459998127,0.023456084803821296,-0.09059582801125865,8,9.144486692015208,10.0,263,p0_lite_outputs\p1_rolling_window_market_validation_20260719\raw_configured_ecmade\NASDAQ100\window_006\BayesianConfig_ECMADE_MOO\run_005,1.0,0.7663302518320553,1.040505993633712,0.007363548003833423,0.975,1.3653382517957857,0.060477380546653914
NASDAQ100,window_007,BayesianConfig_ECMADE_MOO,5,60,10,752,124,0.3265156191733109,0.3255156191733109,0.7757556266786232,0.7730361791877347,0.172152860021471,3.425274994432515,6.270034547232113,-0.0647822428827339,1.0,0.0009999999999999,9.731485299998894,0.018764780906868013,-0.06478224288273393,9,8.893805309734514,9.5,226,p0_lite_outputs\p1_rolling_window_market_validation_20260719\raw_configured_ecmade\NASDAQ100\window_007\BayesianConfig_ECMADE_MOO\run_005,1.0,0.28204759230354215,1.1171698946795094,0.02997496890515738,0.7166666666666667,0.6620604223948319,0.025648753183180224
NASDAQ100,window_008,BayesianConfig_ECMADE_MOO,5,60,10,752,126,0.1371880126225371,0.1361880126225371,0.2931965760523956,0.2909232000271502,0.2861792112336514,1.0419334762296737,1.506187311493351,-0.1409282486970905,1.0,0.001,9.928342400002292,0.040734471857374235,-0.14092824869709053,8,8.962199312714777,10.0,291,p0_lite_outputs\p1_rolling_window_market_validation_20260719\raw_configured_ecmade\NASDAQ100\window_008\BayesianConfig_ECMADE_MOO\run_005,1.0,0.23439217039505977,0.9695707411963654,0.004800423184694844,0.9833333333333333,1.391343227224451,0.013183354838650675
NASDAQ100,window_009,BayesianConfig_ECMADE_MOO,5,59,10,752,122,0.2295335526398005,0.2285335526398005,0.5323761525990696,0.5298029292568069,0.3827891658579979,1.3054534435469465,1.779655976190319,-0.2420234356393142,1.0,0.001,10.794062400003895,0.0533848051564663,-0.24202343563931428,10,7.844559585492228,8.0,386,p0_lite_outputs\p1_rolling_window_market_validation_20260719\raw_configured_ecmade\NASDAQ100\window_009\BayesianConfig_ECMADE_MOO\run_005,1.0,0.4928671342487981,0.9920006097413484,0.003953671775151167,0.9916666666666667,1.3732004501046595,0.025754023097262303
NASDAQ100,window_010,BayesianConfig_ECMADE_MOO,5,60,10,750,126,-0.1043158036959932,-0.1053158036959932,-0.1977498204912454,-0.1995401888838535,0.1892397902266019,-1.0686522459159236,-1.4135894694860474,-0.1572021666250974,1.0,0.001,9.567740299971774,0.029698670654376307,-0.15720216662509745,9,9.397489539748953,10.0,239,p0_lite_outputs\p1_rolling_window_market_validation_20260719\raw_configured_ecmade\NASDAQ100\window_010\BayesianConfig_ECMADE_MOO\run_005,1.0,0.44605711064230524,1.00762592157012,0.008278051834881686,0.925,1.3160515798131278,0.0506316651565859
NASDAQ100,window_011,BayesianConfig_ECMADE_MOO,5,60,10,751,123,0.1696993683107814,0.1686993683107814,0.3786981921877481,0.3762844235524909,0.3206610508020572,1.1625744523323396,1.8205578006818224,-0.1472836045174004,1.0000000000000002,0.001,10.16100560000632,0.04368861346696061,-0.1472836045174004,10,9.180722891566266,10.0,249,p0_lite_outputs\p1_rolling_window_market_validation_20260719\raw_configured_ecmade\NASDAQ100\window_011\BayesianConfig_ECMADE_MOO\run_005,1.0000000000000002,0.6411288160713995,0.9545120159842205,0.02500065347917751,0.8166666666666667,1.1265640537113726,0.05941479819747788
NASDAQ100,window_001,BayesianConfig_ECMADE_MOO,6,60,10,755,124,0.2770730635110561,0.2760730635110561,0.6438334128119656,0.6412185713628356,0.4009626563304463,1.4411692581310058,2.3086538472162204,-0.2718043202656042,1.0,0.001,9.565227899933234,0.04943769649424018,-0.2718043202656043,10,8.29957805907173,9.0,237,p0_lite_outputs\p1_rolling_window_market_validation_20260719\raw_configured_ecmade\NASDAQ100\window_001\BayesianConfig_ECMADE_MOO\run_006,1.0,1.0,1.033707222119005,0.0203931220986426,0.8916666666666667,1.1172864561935107,0.05506503119578042
NASDAQ100,window_002,BayesianConfig_ECMADE_MOO,6,59,10,755,126,0.2196501711425296,0.2186501711425296,0.4875465399680017,0.4851082396257169,0.2575298280902137,1.6720513790878953,2.705368742606708,-0.1689043581607139,1.0,0.001,9.630721799912862,0.03243106371556499,-0.1689043581607138,10,8.05921052631579,9.0,304,p0_lite_outputs\p1_rolling_window_market_validation_20260719\raw_configured_ecmade\NASDAQ100\window_002\BayesianConfig_ECMADE_MOO\run_006,1.0,0.40751926772913505,1.0239923057709415,0.005202811162638715,0.9666666666666667,1.400109311360235,0.06898044076606873
NASDAQ100,window_003,BayesianConfig_ECMADE_MOO,6,60,10,756,124,-0.4744293473415203,-0.4754293473415203,-0.7294482711053774,-0.730493403644076,0.5685774383793647,-2.0075175565712127,-3.525762394572575,-0.4877915357030805,1.0,0.001,9.87865830003284,0.07321818392113581,-0.48779153570308054,10,9.806324110671937,10.0,253,p0_lite_outputs\p1_rolling_window_market_validation_20260719\raw_configured_ecmade\NASDAQ100\window_003\BayesianConfig_ECMADE_MOO\run_006,1.0,0.4274727232134549,0.9652514183937015,0.011399572317213977,0.9083333333333333,1.2773381343290036,0.04620774997755841
NASDAQ100,window_004,BayesianConfig_ECMADE_MOO,6,60,10,756,125,-0.1327345956471088,-0.1337345956471088,-0.2495625874175875,-0.2513059933603816,0.3775172557015702,-0.5720171060591172,-0.9679053246685532,-0.313792152652162,1.0,0.001,10.586988100083545,0.04699256597495853,-0.313792152652162,10,9.150510204081632,10.0,392,p0_lite_outputs\p1_rolling_window_market_validation_20260719\raw_configured_ecmade\NASDAQ100\window_004\BayesianConfig_ECMADE_MOO\run_006,1.0,0.8054102563138966,0.91293164354727,0.004340486522888922,0.9916666666666667,1.3766823671719277,0.012118936201436035
NASDAQ100,window_005,BayesianConfig_ECMADE_MOO,6,60,10,755,123,0.3271407658780541,0.3261407658780541,0.7857881220408669,0.7830323915847146,0.2793976732892083,2.217544808615394,3.3519870712195003,-0.1668047478329557,1.0,0.001,9.868403799948284,0.03651516868789218,-0.16680474783295574,9,9.003649635036496,10.0,274,p0_lite_outputs\p1_rolling_window_market_validation_20260719\raw_configured_ecmade\NASDAQ100\window_005\BayesianConfig_ECMADE_MOO\run_006,1.0,0.3091958219540761,0.9589879702001607,0.009827323732753438,0.9333333333333333,1.1585248152760241,0.024074361037634277
NASDAQ100,window_006,BayesianConfig_ECMADE_MOO,6,60,10,753,125,0.248549370093023,0.247549370093023,0.5644220598249048,0.5618970562249914,0.2078198710566151,2.2586226199183312,4.071323020079697,-0.0873669955619649,1.0,0.001,9.874497900018468,0.02311662617392118,-0.08736699556196492,7,9.422924901185771,10.0,253,p0_lite_outputs\p1_rolling_window_market_validation_20260719\raw_configured_ecmade\NASDAQ100\window_006\BayesianConfig_ECMADE_MOO\run_006,1.0,0.8747465142095662,1.0401151253432117,0.007492093680525571,0.975,1.3282500477653298,0.060477380546653914
NASDAQ100,window_007,BayesianConfig_ECMADE_MOO,6,60,10,752,124,0.3062199390824185,0.3052199390824185,0.7209770517433685,0.7183005594945364,0.180213300755757,3.105853396306685,5.1256616664488535,-0.0640521606944448,1.0,0.001,9.80725449998863,0.021117183580429126,-0.06405216069444486,10,8.348017621145374,9.0,227,p0_lite_outputs\p1_rolling_window_market_validation_20260719\raw_configured_ecmade\NASDAQ100\window_007\BayesianConfig_ECMADE_MOO\run_006,1.0,0.27185805713932537,1.1570757318790614,0.005230885353546512,0.9416666666666667,0.9382151108650919,0.025648753183180224
NASDAQ100,window_008,BayesianConfig_ECMADE_MOO,6,60,10,752,126,0.1605401783192184,0.1595401783192184,0.3468535054932031,0.3445334251365646,0.2911372569981856,1.1687000286102585,1.7196068778304152,-0.1367136103299147,1.0,0.001,9.901497299899347,0.04092965982589203,-0.1367136103299147,9,9.236666666666666,10.0,300,p0_lite_outputs\p1_rolling_window_market_validation_20260719\raw_configured_ecmade\NASDAQ100\window_008\BayesianConfig_ECMADE_MOO\run_006,1.0,0.32645829739938914,0.9666496364560716,0.0078108523031416854,0.9583333333333334,1.2523763934707544,0.013183354838650675
NASDAQ100,window_009,BayesianConfig_ECMADE_MOO,6,59,10,752,122,0.231055014351259,0.230055014351259,0.536295492921373,0.5337188750783473,0.3651663347223686,1.357738930241007,1.808285503014092,-0.2366182235099523,1.0,0.001,9.875630200025626,0.05071982828726618,-0.2366182235099522,10,8.736842105263158,9.0,266,p0_lite_outputs\p1_rolling_window_market_validation_20260719\raw_configured_ecmade\NASDAQ100\window_009\BayesianConfig_ECMADE_MOO\run_006,1.0,0.4259357949751103,0.9879621962901852,0.0059227258552574215,0.9583333333333334,1.3271854550757674,0.025754023097262303
NASDAQ100,window_010,BayesianConfig_ECMADE_MOO,6,60,10,750,126,-0.0477254035497769,-0.0487254035497769,-0.0931730929555648,-0.0950766421484652,0.2054736168198278,-0.3726955793748297,-0.4952737146726662,-0.1514883211000824,1.0,0.001,9.787168800015934,0.030556593901568927,-0.1514883211000826,10,7.857615894039735,8.5,302,p0_lite_outputs\p1_rolling_window_market_validation_20260719\raw_configured_ecmade\NASDAQ100\window_010\BayesianConfig_ECMADE_MOO\run_006,1.0,0.4264842632727732,1.014785711865245,0.006687209034603323,0.9666666666666667,1.315073997458827,0.0506316651565859
NASDAQ100,window_011,BayesianConfig_ECMADE_MOO,6,60,10,751,123,0.1792666914354772,0.1782666914354772,0.4019009622980982,0.3994664746742464,0.2988908749198828,1.2808106262545622,1.9732283121545855,-0.1575900252650869,1.0,0.001,9.340145400026811,0.041738844507190495,-0.15759002526508692,10,9.648387096774194,10.0,310,p0_lite_outputs\p1_rolling_window_market_validation_20260719\raw_configured_ecmade\NASDAQ100\window_011\BayesianConfig_ECMADE_MOO\run_006,1.0,0.7157655923180626,0.9680909494203684,0.008853954470039132,0.9166666666666666,1.3134385501684653,0.05941479819747788
NASDAQ100,window_001,BayesianConfig_ECMADE_MOO,7,60,10,755,124,0.2394336240647376,0.2384336240647376,0.5468697616218823,0.5443344669406334,0.3834433615360889,1.330418138798903,2.0729605452557847,-0.2690261733947887,1.0,0.0009999999999999,9.620547199971044,0.048360880529533336,-0.26902617339478874,10,9.456896551724139,10.0,232,p0_lite_outputs\p1_rolling_window_market_validation_20260719\raw_configured_ecmade\NASDAQ100\window_001\BayesianConfig_ECMADE_MOO\run_007,1.0,1.0,1.0181763901359489,0.031391317243752395,0.85,1.0775112403056206,0.05506503119578042
NASDAQ100,window_002,BayesianConfig_ECMADE_MOO,7,59,10,755,126,0.2116036842379181,0.2106036842379181,0.4679834876588966,0.4655612802904212,0.2655144066282177,1.5797799522476283,2.484262564749412,-0.1767499233577508,1.0,0.001,9.485319099971091,0.03434602446876799,-0.17674992335775086,9,8.703252032520325,10.0,246,p0_lite_outputs\p1_rolling_window_market_validation_20260719\raw_configured_ecmade\NASDAQ100\window_002\BayesianConfig_ECMADE_MOO\run_007,1.0,0.4101507810283898,1.013922209246862,0.014547775359881799,0.875,1.1881987313754783,0.06898044076606873
NASDAQ100,window_003,BayesianConfig_ECMADE_MOO,7,60,10,756,124,-0.4741280712498417,-0.4751280712498417,-0.7291329948925069,-0.7301787464596301,0.5804972800195691,-1.9524631775580985,-3.40665619656614,-0.4854255149379334,1.0,0.001,9.987874099984763,0.07409145818346954,-0.4854255149379334,10,8.641891891891891,10.0,296,p0_lite_outputs\p1_rolling_window_market_validation_20260719\raw_configured_ecmade\NASDAQ100\window_003\BayesianConfig_ECMADE_MOO\run_007,1.0,0.41054560114011485,0.979607416914459,0.005175212004921745,0.9666666666666667,1.3666535934277837,0.04620774997755841
NASDAQ100,window_004,BayesianConfig_ECMADE_MOO,7,60,10,756,125,-0.1478453206501921,-0.1488453206501921,-0.2756888659291638,-0.277401396298062,0.3799373938493148,-0.6591340805874111,-1.1133236971710734,-0.3278463614070376,1.0000000000000002,0.001,10.186113799922168,0.047170854674252354,-0.3278463614070376,9,9.267267267267266,10.0,333,p0_lite_outputs\p1_rolling_window_market_validation_20260719\raw_configured_ecmade\NASDAQ100\window_004\BayesianConfig_ECMADE_MOO\run_007,1.0000000000000002,0.7890939664559145,0.9101941426352467,0.005325924015543624,0.9833333333333333,1.3682206562463124,0.012118936201436035
NASDAQ100,window_005,BayesianConfig_ECMADE_MOO,7,60,10,755,123,0.3037604713134723,0.3027604713134723,0.721928144070118,0.7192233267913632,0.2729601056297871,2.129636686240947,3.2469665518698885,-0.1601720475433637,1.0,0.001,9.651092099957168,0.035475469715546284,-0.16017204754336367,8,8.379310344827585,9.0,261,p0_lite_outputs\p1_rolling_window_market_validation_20260719\raw_configured_ecmade\NASDAQ100\window_005\BayesianConfig_ECMADE_MOO\run_007,1.0,0.33778957731973874,0.9656392478784451,0.005390156780419194,0.975,1.3363616398965208,0.024074361037634277
NASDAQ100,window_006,BayesianConfig_ECMADE_MOO,7,60,10,753,125,0.2273213107345366,0.2263213107345366,0.5112624192030546,0.5087810445575767,0.2203600779409857,1.9849941723848288,3.3334596454864958,-0.097873971109908,0.9999999999999998,0.0009999999999999,9.897535199997948,0.025945082803526802,-0.09787397110990803,7,8.60632183908046,9.0,348,p0_lite_outputs\p1_rolling_window_market_validation_20260719\raw_configured_ecmade\NASDAQ100\window_006\BayesianConfig_ECMADE_MOO\run_007,0.9999999999999998,0.8699871688849039,1.0462737604610277,0.004514031627541164,0.9916666666666667,1.3918357955046807,0.060477380546653914
NASDAQ100,window_007,BayesianConfig_ECMADE_MOO,7,60,10,752,124,0.416597711288738,0.415597711288738,1.0294202619776345,1.0265099064082563,0.1855482111383028,3.912301969379453,6.861343651156734,-0.0736691890667805,1.0,0.001,9.738929099985398,0.0206187303825847,-0.07366918906678055,10,9.213333333333333,10.0,225,p0_lite_outputs\p1_rolling_window_market_validation_20260719\raw_configured_ecmade\NASDAQ100\window_007\BayesianConfig_ECMADE_MOO\run_007,1.0,0.3016924370570325,1.1275664592923438,0.017188462022194706,0.8083333333333333,0.816462917292001,0.025648753183180224
NASDAQ100,window_008,BayesianConfig_ECMADE_MOO,7,60,10,752,126,0.1464375259979398,0.1454375259979398,0.3143190010162768,0.3120271259642808,0.2959533175428587,1.0718727855224253,1.5763206664794729,-0.1433390697334279,1.0,0.001,9.808574400027284,0.04169302979921073,-0.1433390697334278,8,9.069343065693431,10.0,274,p0_lite_outputs\p1_rolling_window_market_validation_20260719\raw_configured_ecmade\NASDAQ100\window_008\BayesianConfig_ECMADE_MOO\run_007,1.0,0.20895712187635113,0.9671700011909328,0.007652989975784506,0.9666666666666667,1.2747576038777149,0.013183354838650675
NASDAQ100,window_009,BayesianConfig_ECMADE_MOO,7,59,10,752,122,0.2340041651075197,0.2330041651075197,0.5439073209901939,0.5413241225763388,0.3732438411087143,1.3492650339049963,1.8475354129055617,-0.2359190493023838,1.0,0.001,10.060347100021318,0.05135593431562889,-0.23591904930238383,10,8.315634218289086,9.0,339,p0_lite_outputs\p1_rolling_window_market_validation_20260719\raw_configured_ecmade\NASDAQ100\window_009\BayesianConfig_ECMADE_MOO\run_007,1.0,0.462487241248963,0.9891194742627604,0.006596943187710133,0.9416666666666667,1.2570441103578431,0.025754023097262303
NASDAQ100,window_010,BayesianConfig_ECMADE_MOO,7,60,10,750,126,-0.0933052085551247,-0.0943052085551247,-0.1779045551667341,-0.1797169447496238,0.191228346464187,-0.927846194221298,-1.2395320508964611,-0.1589772564793342,1.0,0.001,9.850011700065808,0.02930204034914818,-0.15897725647933425,9,8.527777777777779,9.0,288,p0_lite_outputs\p1_rolling_window_market_validation_20260719\raw_configured_ecmade\NASDAQ100\window_010\BayesianConfig_ECMADE_MOO\run_007,1.0,0.4372107069026502,1.0110184372851079,0.010442935829604297,0.8666666666666667,1.2703135189930457,0.0506316651565859
NASDAQ100,window_011,BayesianConfig_ECMADE_MOO,7,60,10,751,123,0.2117679477164646,0.2107679477164646,0.4822046237142714,0.4796996904849924,0.305211511616737,1.4432103108530112,2.2480459783640794,-0.137727952840463,1.0,0.001,7.489414499956183,0.04223859655914478,-0.13772795284046302,10,7.011627906976744,7.0,344,p0_lite_outputs\p1_rolling_window_market_validation_20260719\raw_configured_ecmade\NASDAQ100\window_011\BayesianConfig_ECMADE_MOO\run_007,1.0,0.691194893847745,0.9775630887387131,0.0050975679533461415,0.9833333333333333,1.3756985818396432,0.05941479819747788
NASDAQ100,window_001,BayesianConfig_ECMADE_MOO,8,60,10,755,124,0.2186803158470847,0.2176803158470847,0.4946869113083429,0.4921954432527127,0.3563072990699885,1.3068870004071405,2.0140138426099634,-0.2305615165283223,1.0,0.001,9.911560000036843,0.044816688338873444,-0.23056151652832257,9,9.525490196078431,10.0,255,p0_lite_outputs\p1_rolling_window_market_validation_20260719\raw_configured_ecmade\NASDAQ100\window_001\BayesianConfig_ECMADE_MOO\run_008,1.0,1.0,1.0241840496880297,0.031035204805322746,0.8666666666666667,1.0084322280581146,0.05506503119578042
NASDAQ100,window_002,BayesianConfig_ECMADE_MOO,8,59,10,755,126,0.201638737030309,0.200638737030309,0.443935654331796,0.4415333768577352,0.2938915989933034,1.3980551415083105,2.187481661349596,-0.1947722483618043,1.0,0.001,10.484953899984248,0.03931717208579425,-0.1947722483618043,10,9.60655737704918,10.0,244,p0_lite_outputs\p1_rolling_window_market_validation_20260719\raw_configured_ecmade\NASDAQ100\window_002\BayesianConfig_ECMADE_MOO\run_008,1.0,0.3223676574198883,0.9978435102929777,0.02317064420412306,0.875,1.0751113814825524,0.06898044076606873
NASDAQ100,window_003,BayesianConfig_ECMADE_MOO,8,60,10,756,124,-0.4813942965392007,-0.4823942965392007,-0.7366848906108048,-0.7377157155580589,0.5740618150173464,-2.029754598861361,-3.5692520481899845,-0.4879740024944241,1.0000000000000002,0.001,9.959826400037857,0.07503860528047905,-0.48797400249442413,10,9.240506329113924,10.0,316,p0_lite_outputs\p1_rolling_window_market_validation_20260719\raw_configured_ecmade\NASDAQ100\window_003\BayesianConfig_ECMADE_MOO\run_008,1.0000000000000002,0.4125596828165145,0.9791346391967424,0.005550144988357746,0.9666666666666667,1.3394214219562874,0.04620774997755841
NASDAQ100,window_004,BayesianConfig_ECMADE_MOO,8,60,10,756,125,-0.1460458776575386,-0.1470458776575386,-0.2726021193390867,-0.2743183260328379,0.3865868273413745,-0.630060681438511,-1.0447794786910425,-0.3310976709529696,1.0,0.001,10.193301799939944,0.04858261931116764,-0.3310976709529696,7,9.34402332361516,10.0,343,p0_lite_outputs\p1_rolling_window_market_validation_20260719\raw_configured_ecmade\NASDAQ100\window_004\BayesianConfig_ECMADE_MOO\run_008,1.0,0.8365180460214167,0.9112882638100408,0.004853769118261167,0.975,1.3349819611567577,0.012118936201436035
NASDAQ100,window_005,BayesianConfig_ECMADE_MOO,8,60,10,755,123,0.333270586563744,0.332270586563744,0.802727865753436,0.7999587796594108,0.2835665648461341,2.222457936421516,3.3507277181763286,-0.167612595633393,1.0,0.001,9.75010880001355,0.036772241363389975,-0.16761259563339304,10,9.206293706293707,10.0,286,p0_lite_outputs\p1_rolling_window_market_validation_20260719\raw_configured_ecmade\NASDAQ100\window_005\BayesianConfig_ECMADE_MOO\run_008,1.0,0.27034330055195543,0.9643187510834964,0.005769673993818322,0.975,1.3121656608585797,0.024074361037634277
NASDAQ100,window_006,BayesianConfig_ECMADE_MOO,8,60,10,753,125,0.2052613969403489,0.2042613969403489,0.4570008115346675,0.454564762712085,0.2246009814278582,1.7886545267596825,3.0873779040411797,-0.094228332798202,1.0,0.001,9.762383299996143,0.026313149355245036,-0.09422833279820209,10,8.677115987460816,9.0,319,p0_lite_outputs\p1_rolling_window_market_validation_20260719\raw_configured_ecmade\NASDAQ100\window_006\BayesianConfig_ECMADE_MOO\run_008,1.0,0.8054847795443707,1.0455342613299028,0.004936897800258228,0.9916666666666667,1.3961581247513988,0.060477380546653914
NASDAQ100,window_007,BayesianConfig_ECMADE_MOO,8,60,10,752,124,0.3083795829800839,0.3073795829800839,0.7267645413444117,0.7240834792874735,0.1650167420383238,3.396196310501969,6.398875672444039,-0.0621881156640543,1.0,0.001,9.56413449998945,0.017756537140418936,-0.062188115664054355,10,8.635071090047393,9.0,211,p0_lite_outputs\p1_rolling_window_market_validation_20260719\raw_configured_ecmade\NASDAQ100\window_007\BayesianConfig_ECMADE_MOO\run_008,1.0,0.37482662397494976,1.135130984960945,0.015787538486573695,0.8333333333333334,0.8397204972556171,0.025648753183180224
NASDAQ100,window_008,BayesianConfig_ECMADE_MOO,8,60,10,752,126,0.1530797288156424,0.1520797288156424,0.3295928610055556,0.3272877015479245,0.2892989410772709,1.12970831202289,1.6547796378823678,-0.1372848166795189,1.0,0.001,10.15580080007203,0.040782008056817864,-0.13728481667951897,10,8.52482269503546,9.0,282,p0_lite_outputs\p1_rolling_window_market_validation_20260719\raw_configured_ecmade\NASDAQ100\window_008\BayesianConfig_ECMADE_MOO\run_008,1.0,0.32151418716055613,0.9691068485735952,0.006745318731365817,0.975,1.2854965655484092,0.013183354838650675
NASDAQ100,window_009,BayesianConfig_ECMADE_MOO,8,59,10,752,122,0.2525852083449009,0.2515852083449009,0.5923119329571103,0.5896872502017403,0.3837778417082464,1.4031385589306895,1.9279424865260464,-0.2400206140583236,1.0,0.0009999999999999,10.134292999980971,0.05331721029585961,-0.24002061405832364,10,8.653061224489797,9.0,294,p0_lite_outputs\p1_rolling_window_market_validation_20260719\raw_configured_ecmade\NASDAQ100\window_009\BayesianConfig_ECMADE_MOO\run_008,1.0,0.4673325778671935,0.9879559863453242,0.006323623049301873,0.9833333333333333,1.3230346655123273,0.025754023097262303
NASDAQ100,window_010,BayesianConfig_ECMADE_MOO,8,60,10,750,126,-0.1405438432654174,-0.1415438432654174,-0.2613351146510206,-0.2630530269644898,0.2012176873731055,-1.403253452291986,-1.861248887463611,-0.177909081698428,1.0,0.001,9.649676500004716,0.030951789601528692,-0.177909081698428,10,9.793859649122806,10.0,228,p0_lite_outputs\p1_rolling_window_market_validation_20260719\raw_configured_ecmade\NASDAQ100\window_010\BayesianConfig_ECMADE_MOO\run_008,1.0,0.45105679554834166,0.9927059863509492,0.024144012968751086,0.7833333333333333,1.1663089443844674,0.0506316651565859
NASDAQ100,window_011,BayesianConfig_ECMADE_MOO,8,60,10,751,123,0.1844593424767615,0.1834593424767615,0.4145772354414432,0.4121314991768781,0.3234493220622536,1.2350217393532656,1.9209765462378023,-0.1492498541626408,1.0,0.001,10.348481700057164,0.04453219531589563,-0.1492498541626408,10,9.399122807017545,10.0,228,p0_lite_outputs\p1_rolling_window_market_validation_20260719\raw_configured_ecmade\NASDAQ100\window_011\BayesianConfig_ECMADE_MOO\run_008,1.0,0.7011853330197537,0.9398346557284611,0.03779923684597606,0.825,1.0831618285039473,0.05941479819747788
NASDAQ100,window_001,BayesianConfig_ECMADE_MOO,9,60,10,755,124,0.2372127902815177,0.2362127902815177,0.5412421570935362,0.5387115534851759,0.3881600762713084,1.3093542440921155,2.087958480625093,-0.2704450549645989,1.0,0.001,9.637229799991474,0.04833509731886204,-0.2704450549645989,9,8.353159851301115,10.0,269,p0_lite_outputs\p1_rolling_window_market_validation_20260719\raw_configured_ecmade\NASDAQ100\window_001\BayesianConfig_ECMADE_MOO\run_009,1.0,1.0,1.0428222776043279,0.006681262783554849,0.975,1.3331614346819407,0.05506503119578042
NASDAQ100,window_002,BayesianConfig_ECMADE_MOO,9,59,10,755,126,0.2316933601403188,0.2306933601403188,0.517068533413749,0.5146061466934688,0.2489984888628277,1.7996413265057412,2.967003613203534,-0.1638501971214314,1.0000000000000002,0.001,9.658480999991298,0.03106491338769012,-0.16385019712143145,10,9.142241379310345,10.0,232,p0_lite_outputs\p1_rolling_window_market_validation_20260719\raw_configured_ecmade\NASDAQ100\window_002\BayesianConfig_ECMADE_MOO\run_009,1.0000000000000002,0.3589334557595902,1.0045167266367605,0.016566280296021973,0.8833333333333333,1.1280965717169698,0.06898044076606873
NASDAQ100,window_003,BayesianConfig_ECMADE_MOO,9,60,10,756,124,-0.4605844590588269,-0.4615844590588269,-0.7147673224628319,-0.7158409136629744,0.5652283934174073,-1.929937525698286,-3.4652589945162986,-0.4666423095049886,1.0,0.001,9.638763999915682,0.07212681468067558,-0.46664230950498886,10,9.643724696356275,10.0,247,p0_lite_outputs\p1_rolling_window_market_validation_20260719\raw_configured_ecmade\NASDAQ100\window_003\BayesianConfig_ECMADE_MOO\run_009,1.0,0.39671244770065045,0.9669816911740723,0.014964084475135635,0.925,1.1627244862393158,0.04620774997755841
NASDAQ100,window_004,BayesianConfig_ECMADE_MOO,9,60,10,756,125,-0.0919958168112718,-0.0929958168112718,-0.1768004881098852,-0.1786271776498642,0.3832174313513805,-0.3174222626904026,-0.5619533595560003,-0.2936041634947444,1.0,0.001,10.062593700014986,0.04588412227963282,-0.2936041634947444,9,9.015060240963855,10.0,332,p0_lite_outputs\p1_rolling_window_market_validation_20260719\raw_configured_ecmade\NASDAQ100\window_004\BayesianConfig_ECMADE_MOO\run_009,1.0,0.8110766545055281,0.9113675722190141,0.0049452631502066085,0.975,1.3352193520976754,0.012118936201436035
NASDAQ100,window_005,BayesianConfig_ECMADE_MOO,9,60,10,755,123,0.340190879740804,0.339190879740804,0.8219504762274374,0.8191663086153798,0.2817440552201186,2.272682096090519,3.4992245282613204,-0.1797450843111997,1.0,0.001,10.039147199946456,0.03626964728542797,-0.17974508431119973,8,8.86833855799373,9.0,319,p0_lite_outputs\p1_rolling_window_market_validation_20260719\raw_configured_ecmade\NASDAQ100\window_005\BayesianConfig_ECMADE_MOO\run_009,1.0,0.2697391358402525,0.9618119529992049,0.007609986833797624,0.95,1.2233130915815895,0.024074361037634277
NASDAQ100,window_006,BayesianConfig_ECMADE_MOO,9,60,10,753,125,0.2269006533206539,0.2259006533206539,0.5102183601591801,0.5077378499482039,0.1991949089074368,2.170407282740188,3.823901771458596,-0.0853818557425928,1.0,0.001,9.456479100044817,0.022138309375531122,-0.08538185574259283,10,9.380073800738007,10.0,271,p0_lite_outputs\p1_rolling_window_market_validation_20260719\raw_configured_ecmade\NASDAQ100\window_006\BayesianConfig_ECMADE_MOO\run_009,1.0,0.7904290472517227,1.043855141013288,0.006453195243151543,0.9833333333333333,1.3171797273717674,0.060477380546653914
NASDAQ100,window_007,BayesianConfig_ECMADE_MOO,9,60,10,752,124,0.3280241675111448,0.3270241675111448,0.7798620503771134,0.7771394092347583,0.1738783195296374,3.4063020534002613,6.346161179884731,-0.0663746805390514,0.9999999999999998,0.0009999999999999,9.572977499919944,0.01860088262097306,-0.06637468053905149,10,9.124463519313304,10.0,233,p0_lite_outputs\p1_rolling_window_market_validation_20260719\raw_configured_ecmade\NASDAQ100\window_007\BayesianConfig_ECMADE_MOO\run_009,0.9999999999999998,0.3349755714374647,1.1561794741467226,0.0051268645997753865,0.9833333333333333,0.9467157439082919,0.025648753183180224
NASDAQ100,window_008,BayesianConfig_ECMADE_MOO,9,60,10,752,126,0.1471898318531408,0.1461898318531408,0.3160445103072375,0.313751130643531,0.2979876821978856,1.070708429019523,1.590796610196825,-0.1391633634644288,1.0,0.001,10.070578700047918,0.041687947659789094,-0.1391633634644288,10,9.277070063694268,10.0,314,p0_lite_outputs\p1_rolling_window_market_validation_20260719\raw_configured_ecmade\NASDAQ100\window_008\BayesianConfig_ECMADE_MOO\run_009,1.0,0.2752948567641437,0.967059261877073,0.006137777477814849,0.9666666666666667,1.3004034904018844,0.013183354838650675
NASDAQ100,window_009,BayesianConfig_ECMADE_MOO,9,59,10,752,122,0.2434383193339235,0.2424383193339235,0.5683874650281147,0.5657832088495149,0.3595169523649946,1.4313729400954085,1.8954851774533843,-0.2395918541573418,1.0,0.001,9.813780199969187,0.05058985012503901,-0.23959185415734185,10,8.636363636363637,9.0,308,p0_lite_outputs\p1_rolling_window_market_validation_20260719\raw_configured_ecmade\NASDAQ100\window_009\BayesianConfig_ECMADE_MOO\run_009,1.0,0.5433614693337899,0.989937894501543,0.005031702130364432,0.9833333333333333,1.4079017560894564,0.025754023097262303
NASDAQ100,window_010,BayesianConfig_ECMADE_MOO,9,60,10,750,126,-0.0583825671010365,-0.0593825671010365,-0.113356610060766,-0.1152388449265638,0.195500138837321,-0.5170893416996298,-0.6896633677436327,-0.1488039629444116,1.0,0.001,10.40128510002978,0.02901962171986976,-0.14880396294441167,10,7.66189111747851,8.0,349,p0_lite_outputs\p1_rolling_window_market_validation_20260719\raw_configured_ecmade\NASDAQ100\window_010\BayesianConfig_ECMADE_MOO\run_009,1.0,0.5020770842232591,1.0154798097523496,0.004613539586471371,0.9916666666666667,1.3668144649837806,0.0506316651565859
NASDAQ100,window_011,BayesianConfig_ECMADE_MOO,9,60,10,751,123,0.1279569289913045,0.1269569289913045,0.2797816751726416,0.2774582063380828,0.2951416044268941,0.9837490060444148,1.6140326560041658,-0.1345553848543484,1.0,0.001,14.474389199982395,0.03872443250601101,-0.13455538485434848,10,9.01038062283737,10.0,289,p0_lite_outputs\p1_rolling_window_market_validation_20260719\raw_configured_ecmade\NASDAQ100\window_011\BayesianConfig_ECMADE_MOO\run_009,1.0,0.6841230685385247,0.9735067240779091,0.007847883984251963,0.9583333333333334,1.3227687495832772,0.05941479819747788
NASDAQ100,window_001,BayesianConfig_ECMADE_MOO,10,60,10,755,124,0.269928980359561,0.268928980359561,0.6251991701271857,0.6225994327899864,0.4257435502217801,1.354292134762973,2.186363110592707,-0.2916627069765377,0.9999999999999998,0.0009999999999999,9.517299700062722,0.0514206350912092,-0.2916627069765375,8,9.35930735930736,10.0,231,p0_lite_outputs\p1_rolling_window_market_validation_20260719\raw_configured_ecmade\NASDAQ100\window_001\BayesianConfig_ECMADE_MOO\run_010,0.9999999999999998,1.0,1.0047392034212008,0.04457857154718046,0.8333333333333334,1.007775370567438,0.05506503119578042
NASDAQ100,window_002,BayesianConfig_ECMADE_MOO,10,59,10,755,126,0.24234899325165,0.24134899325165,0.5434310210333884,0.5409473230468853,0.2617158304269891,1.7906643494967167,2.822089003751417,-0.1678396468541299,1.0,0.001,9.593437299947254,0.03394244770046003,-0.16783964685413022,10,9.25909090909091,10.0,220,p0_lite_outputs\p1_rolling_window_market_validation_20260719\raw_configured_ecmade\NASDAQ100\window_002\BayesianConfig_ECMADE_MOO\run_010,1.0,0.3577890722186585,0.9892250488610489,0.03394677783750382,0.825,0.9993841466251415,0.06898044076606873
NASDAQ100,window_003,BayesianConfig_ECMADE_MOO,10,60,10,756,124,-0.4252939588554112,-0.4262939588554112,-0.6755620037140434,-0.6767082411991074,0.5322447238870944,-1.8424936732707895,-3.0034522074440977,-0.4418211737859289,1.0,0.001,9.743928999989294,0.0716568429231185,-0.4418211737859289,10,9.708661417322835,10.0,254,p0_lite_outputs\p1_rolling_window_market_validation_20260719\raw_configured_ecmade\NASDAQ100\window_003\BayesianConfig_ECMADE_MOO\run_010,1.0,0.5279601575164083,0.9405625679620226,0.0322709258964802,0.725,1.059262081130724,0.04620774997755841
NASDAQ100,window_004,BayesianConfig_ECMADE_MOO,10,60,10,756,125,-0.1377354596177926,-0.1387354596177926,-0.2582606802504291,-0.2599938670233666,0.3907048390187522,-0.5696239979818313,-0.9518427780787136,-0.3379453842404254,1.0,0.001,9.920310500077903,0.04869080148697565,-0.3379453842404254,8,8.627986348122867,9.0,293,p0_lite_outputs\p1_rolling_window_market_validation_20260719\raw_configured_ecmade\NASDAQ100\window_004\BayesianConfig_ECMADE_MOO\run_010,1.0,0.786936920777325,0.9098048383005127,0.006106842509827774,0.9666666666666667,1.292370660386414,0.012118936201436035
NASDAQ100,window_005,BayesianConfig_ECMADE_MOO,10,60,10,755,123,0.3813602217691236,0.3803602217691236,0.9384657529964098,0.9355917863700244,0.2917850248474412,2.4172250915054865,3.760357111022527,-0.1790877095833694,1.0,0.001,10.033212299924344,0.03723902947766341,-0.1790877095833694,8,8.976833976833976,10.0,259,p0_lite_outputs\p1_rolling_window_market_validation_20260719\raw_configured_ecmade\NASDAQ100\window_005\BayesianConfig_ECMADE_MOO\run_010,1.0,0.22624806117594232,0.9632584156656158,0.00606854372776001,0.975,1.325919775197141,0.024074361037634277
NASDAQ100,window_006,BayesianConfig_ECMADE_MOO,10,60,10,753,125,0.1966509489554502,0.1956509489554502,0.4360926482188796,0.4336742874280566,0.1883969850239301,2.0161488387559263,3.449527656656888,-0.0767111411020528,1.0000000000000002,0.001,10.011054900009183,0.02183059712804772,-0.0767111411020528,10,9.33445945945946,10.0,296,p0_lite_outputs\p1_rolling_window_market_validation_20260719\raw_configured_ecmade\NASDAQ100\window_006\BayesianConfig_ECMADE_MOO\run_010,1.0000000000000002,0.803891157279209,1.040742327436154,0.007443746203180727,0.975,1.366778555319894,0.060477380546653914
NASDAQ100,window_007,BayesianConfig_ECMADE_MOO,10,60,10,752,124,0.3774811285954107,0.3764811285954107,0.9171581919710948,0.9143307845583236,0.1780300295938189,3.749373185470101,6.664395867789657,-0.0701829387178983,1.0,0.001,9.605831500026396,0.019314995023973384,-0.07018293871789838,8,9.017391304347827,10.0,230,p0_lite_outputs\p1_rolling_window_market_validation_20260719\raw_configured_ecmade\NASDAQ100\window_007\BayesianConfig_ECMADE_MOO\run_010,1.0,0.28763932134338766,1.1587718489950285,0.004675080359983888,0.9833333333333333,0.9535603260741209,0.025648753183180224
NASDAQ100,window_008,BayesianConfig_ECMADE_MOO,10,60,10,752,126,0.1655857899567818,0.1645857899567818,0.3585902337491751,0.356260062169262,0.3091701274155305,1.1458252025269644,1.7060568063211334,-0.1429198541393482,1.0000000000000002,0.001,9.833672199980356,0.04309983187885016,-0.14291985413934816,9,9.113793103448275,10.0,290,p0_lite_outputs\p1_rolling_window_market_validation_20260719\raw_configured_ecmade\NASDAQ100\window_008\BayesianConfig_ECMADE_MOO\run_010,1.0000000000000002,0.29772662051452625,0.9695745585991193,0.005604900493531184,0.9666666666666667,1.3383863800254647,0.013183354838650675
NASDAQ100,window_009,BayesianConfig_ECMADE_MOO,10,59,10,752,122,0.1909379722671857,0.1899379722671857,0.4346786074365585,0.4321914008399252,0.3804985571814853,1.1377649980519229,1.4992882044476528,-0.2444672089235572,1.0,0.0009999999999999,9.617361800046638,0.05420478015424392,-0.24446720892355722,10,9.393574297188755,10.0,249,p0_lite_outputs\p1_rolling_window_market_validation_20260719\raw_configured_ecmade\NASDAQ100\window_009\BayesianConfig_ECMADE_MOO\run_010,1.0,0.48334765144648006,0.9842728121607249,0.009805172816118883,0.9083333333333333,1.238289123578277,0.025754023097262303
NASDAQ100,window_010,BayesianConfig_ECMADE_MOO,10,60,10,750,126,-0.0956785369101204,-0.0966785369101204,-0.1822026913949795,-0.1840103343211593,0.1948534013662483,-0.9339096000103936,-1.2335940375943164,-0.1504107289888229,1.0,0.001,5.582990299910307,0.03033958050536033,-0.1504107289888229,10,8.17578125,9.0,256,p0_lite_outputs\p1_rolling_window_market_validation_20260719\raw_configured_ecmade\NASDAQ100\window_010\BayesianConfig_ECMADE_MOO\run_010,1.0,0.4953581851062388,1.0129863280030682,0.006750723933718705,0.9583333333333334,1.3423051281313678,0.0506316651565859
NASDAQ100,window_011,BayesianConfig_ECMADE_MOO,10,60,10,751,123,0.1192130912158395,0.1182130912158395,0.2595388047186198,0.2572342306371433,0.2970483680428239,0.9259698925028867,1.4300495031505305,-0.1402036256463116,1.0,0.001,12.713020999915898,0.04165513451409697,-0.1402036256463115,10,9.680672268907562,10.0,238,p0_lite_outputs\p1_rolling_window_market_validation_20260719\raw_configured_ecmade\NASDAQ100\window_011\BayesianConfig_ECMADE_MOO\run_010,1.0,0.7219483756253057,0.9622195748014424,0.014427115566685895,0.8666666666666667,1.2340648487126562,0.05941479819747788
NASDAQ100,window_001,ExperimentC_StabilityAware_ECMADE_MOO,1,60,10,755,124,0.2500142927706892,0.2490142927706892,0.5738243023827407,0.5712666544111533,0.3805749867717792,1.383125299735381,2.183318759988376,-0.2691802181471551,1.0,0.001,10.198212099960074,0.04749820090057575,-0.2691802181471551,10,8.067857142857143,10.0,280,p0_lite_outputs\p1_rolling_window_market_validation_20260719\raw_configured_ecmade\NASDAQ100\window_001\ExperimentC_StabilityAware_ECMADE_MOO\run_001,1.0,1.0,1.0435815512591367,0.0064936862244739215,0.975,1.3240425018294182,0.0537902850606591
NASDAQ100,window_002,ExperimentC_StabilityAware_ECMADE_MOO,1,59,10,755,126,0.2373576020268171,0.2363576020268171,0.5310538352935552,0.5285801200895017,0.2405077210556703,1.892661144715658,3.1437196768964504,-0.1667271898724583,1.0,0.001,10.757806700072251,0.029737358158913974,-0.16672718987245838,10,9.52411575562701,10.0,311,p0_lite_outputs\p1_rolling_window_market_validation_20260719\raw_configured_ecmade\NASDAQ100\window_002\ExperimentC_StabilityAware_ECMADE_MOO\run_001,1.0,0.42216561962005694,0.9972686129893824,0.02988766839574161,0.875,1.0137562257946997,0.0253017077864659
NASDAQ100,window_003,ExperimentC_StabilityAware_ECMADE_MOO,1,60,10,756,124,-0.4848732149900444,-0.4858732149900444,-0.7402621912158567,-0.7412858719905407,0.5702488069526784,-2.0710394453724734,-3.744348140670046,-0.4956570219775847,1.0,0.001,10.289264200022444,0.07361587597063173,-0.4956570219775849,9,9.221774193548388,10.0,248,p0_lite_outputs\p1_rolling_window_market_validation_20260719\raw_configured_ecmade\NASDAQ100\window_003\ExperimentC_StabilityAware_ECMADE_MOO\run_001,1.0,0.4473591950572127,0.9638897488117306,0.015826146099812765,0.925,1.1576227543567765,0.06758614093270486
NASDAQ100,window_004,ExperimentC_StabilityAware_ECMADE_MOO,1,60,10,756,125,-0.1358071019581528,-0.1368071019581528,-0.2549127067544927,-0.2566498339773222,0.3833636048723811,-0.576036757940242,-0.9631874381361196,-0.3193470983535855,1.0,0.001,10.726708300062455,0.04797159033270497,-0.31934709835358555,7,8.465986394557824,10.0,294,p0_lite_outputs\p1_rolling_window_market_validation_20260719\raw_configured_ecmade\NASDAQ100\window_004\ExperimentC_StabilityAware_ECMADE_MOO\run_001,1.0,0.8423037355299918,0.9121879076410406,0.005029680724576611,0.9916666666666667,1.368876567569388,0.06615760078111906
NASDAQ100,window_005,ExperimentC_StabilityAware_ECMADE_MOO,1,60,10,755,123,0.330278037006219,0.329278037006219,0.7944477347906125,0.7916851692312272,0.2774676728774616,2.2484351215807963,3.461032225801377,-0.1545003276372196,1.0,0.001,10.602104999939913,0.035904017659446064,-0.15450032763721966,9,9.54639175257732,10.0,291,p0_lite_outputs\p1_rolling_window_market_validation_20260719\raw_configured_ecmade\NASDAQ100\window_005\ExperimentC_StabilityAware_ECMADE_MOO\run_001,1.0,0.29932372976290933,0.96202614248745,0.00712426574427059,0.9583333333333334,1.3149652563836802,0.028754485685630698
NASDAQ100,window_006,ExperimentC_StabilityAware_ECMADE_MOO,1,60,10,753,125,0.2213356325054016,0.2203356325054016,0.4964403711156231,0.4939712963572258,0.2069155466128789,2.0524413841158697,3.670611398607792,-0.0812947632676562,1.0,0.001,10.586433400050735,0.022943642904846445,-0.08129476326765628,9,8.315634218289086,8.0,339,p0_lite_outputs\p1_rolling_window_market_validation_20260719\raw_configured_ecmade\NASDAQ100\window_006\ExperimentC_StabilityAware_ECMADE_MOO\run_001,1.0,0.8252027452224128,1.0457468736250373,0.005426055529633205,0.9833333333333333,1.3723466847849755,0.06059743595517288
NASDAQ100,window_007,ExperimentC_StabilityAware_ECMADE_MOO,1,60,10,752,124,0.3346199653496149,0.3336199653496149,0.7978730770797977,0.7951364710212838,0.1728328720530352,3.484285572457813,6.322856325808123,-0.0682538170028893,1.0,0.001,10.504089799942449,0.01875623411237696,-0.06825381700288935,10,8.685483870967742,9.0,372,p0_lite_outputs\p1_rolling_window_market_validation_20260719\raw_configured_ecmade\NASDAQ100\window_007\ExperimentC_StabilityAware_ECMADE_MOO\run_001,1.0,0.27110828075925625,1.1642837214001902,0.003241097351658937,0.9833333333333333,0.9914212474241186,0.04348220865828509
NASDAQ100,window_008,ExperimentC_StabilityAware_ECMADE_MOO,1,60,10,752,126,0.1015455193877206,0.1005455193877206,0.2134025312831631,0.2112004402443879,0.256709244239017,0.8823789285919825,1.2415499477377685,-0.1328183487215236,1.0,0.001,10.935500500025228,0.036887312051707026,-0.13281834872152365,10,8.958860759493671,10.0,316,p0_lite_outputs\p1_rolling_window_market_validation_20260719\raw_configured_ecmade\NASDAQ100\window_008\ExperimentC_StabilityAware_ECMADE_MOO\run_001,1.0,0.2640401402736726,0.9707183953427811,0.004526260038367671,1.0,1.3973924610091488,0.021599353174671636
NASDAQ100,window_009,ExperimentC_StabilityAware_ECMADE_MOO,1,59,10,752,122,0.2129827018271186,0.2119827018271186,0.4900741404005249,0.4875378254381721,0.36673048852253,1.2704714759123437,1.664395737555779,-0.2441285560218486,1.0,0.001,10.891465199994856,0.052830967668538134,-0.24412855602184869,10,7.716216216216216,8.0,370,p0_lite_outputs\p1_rolling_window_market_validation_20260719\raw_configured_ecmade\NASDAQ100\window_009\ExperimentC_StabilityAware_ECMADE_MOO\run_001,1.0,0.5628181308179042,0.9914248359987389,0.00432294977012406,0.9916666666666667,1.3890196059358275,0.03166379472053167
NASDAQ100,window_010,ExperimentC_StabilityAware_ECMADE_MOO,1,60,10,750,126,-0.0784246066838104,-0.0794246066838104,-0.1506987944341106,-0.1525409452207429,0.1902926695386037,-0.7623879057619689,-1.007461227381676,-0.1582936888780524,1.0,0.001,9.908273400040343,0.029608097214030255,-0.1582936888780524,10,9.180124223602485,10.0,161,p0_lite_outputs\p1_rolling_window_market_validation_20260719\raw_configured_ecmade\NASDAQ100\window_010\ExperimentC_StabilityAware_ECMADE_MOO\run_001,1.0,0.5977665205940118,1.00396707950418,0.010949279581986514,0.9416666666666667,1.3622226344005661,0.05378297715128309
NASDAQ100,window_011,ExperimentC_StabilityAware_ECMADE_MOO,1,60,10,751,123,0.1054582176253111,0.1044582176253111,0.2280291647953518,0.2257542993274801,0.3448725681947163,0.7683551812204069,1.253876203589375,-0.1509791471261078,1.0,0.001,9.950238800025543,0.046469751357626835,-0.15097914712610783,10,9.2,10.0,180,p0_lite_outputs\p1_rolling_window_market_validation_20260719\raw_configured_ecmade\NASDAQ100\window_011\ExperimentC_StabilityAware_ECMADE_MOO\run_001,1.0,0.5544576895760026,0.9683884297474329,0.008513451114121452,0.9833333333333333,1.381730866830037,0.04641852927746815
NASDAQ100,window_001,ExperimentC_StabilityAware_ECMADE_MOO,2,60,10,755,124,0.251950388562042,0.250950388562042,0.5787821595612201,0.576220420626991,0.3920721081632896,1.3615769879528363,2.174442521203506,-0.2670606345739406,1.0,0.001,10.335933899972588,0.048040900590198825,-0.2670606345739406,10,9.41897233201581,10.0,253,p0_lite_outputs\p1_rolling_window_market_validation_20260719\raw_configured_ecmade\NASDAQ100\window_001\ExperimentC_StabilityAware_ECMADE_MOO\run_002,1.0,1.0,1.039473958181027,0.007666379303425615,0.9333333333333333,1.3696878377481203,0.0537902850606591
NASDAQ100,window_002,ExperimentC_StabilityAware_ECMADE_MOO,2,59,10,755,126,0.2270104634948149,0.2260104634948149,0.5055546775257604,0.5031016565987712,0.2535153720951303,1.7420097439255422,2.830999551846479,-0.1710016459883657,1.0,0.001,10.876264200080186,0.03197013450865678,-0.17100164598836576,9,9.597560975609756,10.0,328,p0_lite_outputs\p1_rolling_window_market_validation_20260719\raw_configured_ecmade\NASDAQ100\window_002\ExperimentC_StabilityAware_ECMADE_MOO\run_002,1.0,0.3058873773673362,1.0052117258847846,0.020893112805373544,0.8833333333333333,1.0695385029656834,0.0253017077864659
NASDAQ100,window_003,ExperimentC_StabilityAware_ECMADE_MOO,2,60,10,756,124,-0.4605561376915883,-0.4615561376915883,-0.7147368869471984,-0.7158105363873052,0.5532714747794404,-1.9834004297669825,-3.4648883628375358,-0.4690511174437387,0.9999999999999998,0.0009999999999999,10.316843200009316,0.07224981814828739,-0.46905111744373873,10,8.898601398601398,10.0,286,p0_lite_outputs\p1_rolling_window_market_validation_20260719\raw_configured_ecmade\NASDAQ100\window_003\ExperimentC_StabilityAware_ECMADE_MOO\run_002,0.9999999999999998,0.42915041923860336,0.9775410693933045,0.006452179830228751,0.95,1.3282168766469706,0.06758614093270486
NASDAQ100,window_004,ExperimentC_StabilityAware_ECMADE_MOO,2,60,10,756,125,-0.1533779855458984,-0.1543779855458984,-0.2851381065006326,-0.2868393342216252,0.3864751984671343,-0.675466869548793,-1.1479725843670512,-0.3288583028831946,1.0,0.001,10.886336399940774,0.048018357928656566,-0.3288583028831946,10,9.1938202247191,10.0,356,p0_lite_outputs\p1_rolling_window_market_validation_20260719\raw_configured_ecmade\NASDAQ100\window_004\ExperimentC_StabilityAware_ECMADE_MOO\run_002,1.0,0.809857638159794,0.9122820921602411,0.004304374561151448,0.9916666666666667,1.3687639462744914,0.06615760078111906
NASDAQ100,window_005,ExperimentC_StabilityAware_ECMADE_MOO,2,60,10,755,123,0.3808427304608539,0.3798427304608539,0.936978227729298,0.9341053906795188,0.2919605236810809,2.4133993230433752,3.6877695077339143,-0.1843814021571986,1.0,0.001,10.5924326000968,0.037455877125673394,-0.18438140215719867,10,9.058181818181819,10.0,275,p0_lite_outputs\p1_rolling_window_market_validation_20260719\raw_configured_ecmade\NASDAQ100\window_005\ExperimentC_StabilityAware_ECMADE_MOO\run_002,1.0,0.2926195684868439,0.9665001995428819,0.0051874067204263925,0.9916666666666667,1.3895098325460777,0.028754485685630698
NASDAQ100,window_006,ExperimentC_StabilityAware_ECMADE_MOO,2,60,10,753,125,0.2349452806603702,0.2339452806603702,0.5302479031358514,0.5277508607106292,0.2056109763400994,2.173005317073533,3.847033006247088,-0.0818951974219655,1.0,0.001,10.961931300000288,0.02311835480408134,-0.0818951974219656,10,9.0,10.0,373,p0_lite_outputs\p1_rolling_window_market_validation_20260719\raw_configured_ecmade\NASDAQ100\window_006\ExperimentC_StabilityAware_ECMADE_MOO\run_002,1.0,0.874070470439333,1.0463856030779446,0.004750307445867405,0.9833333333333333,1.3576340849985844,0.06059743595517288
NASDAQ100,window_007,ExperimentC_StabilityAware_ECMADE_MOO,2,60,10,752,124,0.3199307345263311,0.3189307345263311,0.7578873038833527,0.7551817954577087,0.1748298441059736,3.317428667778854,6.444303652803376,-0.0687773147297774,1.0,0.001,10.003138200030662,0.018122266868462085,-0.06877731472977744,8,8.547101449275363,9.0,276,p0_lite_outputs\p1_rolling_window_market_validation_20260719\raw_configured_ecmade\NASDAQ100\window_007\ExperimentC_StabilityAware_ECMADE_MOO\run_002,1.0,0.27768430193329335,1.164005955942171,0.0039040279463886858,0.975,0.9342947644505724,0.04348220865828509
NASDAQ100,window_008,ExperimentC_StabilityAware_ECMADE_MOO,2,60,10,752,126,0.1442533240381012,0.1432533240381012,0.3093156695722439,0.3070281629241678,0.2747162654710009,1.1186253243133355,1.63583182409189,-0.1270082044500053,1.0,0.001,10.952097399975171,0.03885947533560299,-0.12700820445000538,8,8.538860103626943,9.0,386,p0_lite_outputs\p1_rolling_window_market_validation_20260719\raw_configured_ecmade\NASDAQ100\window_008\ExperimentC_StabilityAware_ECMADE_MOO\run_002,1.0,0.2540011369366233,0.9707931434818727,0.004902301603376364,0.975,1.3352648812835763,0.021599353174671636
NASDAQ100,window_009,ExperimentC_StabilityAware_ECMADE_MOO,2,59,10,752,122,0.2526727020476984,0.2516727020476984,0.5925416824385239,0.5899168042472982,0.3554264271072597,1.4863759227223947,2.063538685139497,-0.2276984544081589,1.0,0.001,10.579844600055369,0.04884103813499815,-0.22769845440815895,10,8.866013071895425,9.0,306,p0_lite_outputs\p1_rolling_window_market_validation_20260719\raw_configured_ecmade\NASDAQ100\window_009\ExperimentC_StabilityAware_ECMADE_MOO\run_002,1.0,0.48930418240511553,0.989950455014888,0.006105908116626779,0.975,1.2908114018775687,0.03166379472053167
NASDAQ100,window_010,ExperimentC_StabilityAware_ECMADE_MOO,2,60,10,750,126,-0.0420362931181983,-0.0430362931181983,-0.0823055362972775,-0.0842204637110412,0.1818598532573348,-0.3809394327320844,-0.5048687478720028,-0.1348453073572566,1.0,0.001,9.92309039994143,0.027493361191642203,-0.13484530735725664,10,9.294871794871796,10.0,156,p0_lite_outputs\p1_rolling_window_market_validation_20260719\raw_configured_ecmade\NASDAQ100\window_010\ExperimentC_StabilityAware_ECMADE_MOO\run_002,1.0,0.3490441695191363,0.9965263349285676,0.015103362361606145,0.85,1.3222044513213294,0.05378297715128309
NASDAQ100,window_011,ExperimentC_StabilityAware_ECMADE_MOO,2,60,10,751,123,0.1549502057879928,0.1539502057879928,0.3433166184253235,0.3409347743445692,0.3229370340093351,1.076076168217623,1.6783500164803404,-0.1499193890613155,1.0,0.001,10.094479099963792,0.044200129219078226,-0.14991938906131552,10,9.67231638418079,10.0,177,p0_lite_outputs\p1_rolling_window_market_validation_20260719\raw_configured_ecmade\NASDAQ100\window_011\ExperimentC_StabilityAware_ECMADE_MOO\run_002,1.0,0.6711113087391813,0.9526768310757793,0.016049330512680184,0.7166666666666667,1.3026954111564137,0.04641852927746815
NASDAQ100,window_001,ExperimentC_StabilityAware_ECMADE_MOO,3,60,10,755,124,0.2353714692886184,0.2343714692886184,0.5365841396066253,0.5340574252192871,0.3720429739888836,1.3415462380135377,2.100384945330445,-0.2451810313701155,1.0,0.001,10.270345400087535,0.046526083870578695,-0.2451810313701155,10,9.051063829787234,10.0,235,p0_lite_outputs\p1_rolling_window_market_validation_20260719\raw_configured_ecmade\NASDAQ100\window_001\ExperimentC_StabilityAware_ECMADE_MOO\run_003,1.0,1.0,1.0411489531203983,0.009757183754667423,0.9333333333333333,1.2216761313961173,0.0537902850606591
NASDAQ100,window_002,ExperimentC_StabilityAware_ECMADE_MOO,3,59,10,755,126,0.1744158287395276,0.1734158287395276,0.3792525387939516,0.3769047071364722,0.2468424626117758,1.4267824344106628,2.3546935645514084,-0.1785279979242143,1.0,0.001,10.399882399942726,0.03155885730098744,-0.1785279979242146,10,9.701960784313725,10.0,255,p0_lite_outputs\p1_rolling_window_market_validation_20260719\raw_configured_ecmade\NASDAQ100\window_002\ExperimentC_StabilityAware_ECMADE_MOO\run_003,1.0,0.4807144860654212,1.011802705737303,0.012838461723952418,0.925,1.2531897039476663,0.0253017077864659
NASDAQ100,window_003,ExperimentC_StabilityAware_ECMADE_MOO,3,60,10,756,124,-0.4512992674441085,-0.4522992674441085,-0.7047006105358121,-0.7057933010333997,0.5401651474936614,-1.9811356214621745,-3.407455906912971,-0.4638173034085679,1.0,0.001,10.358452899963597,0.07097768872841707,-0.46381730340856797,10,9.94238683127572,10.0,243,p0_lite_outputs\p1_rolling_window_market_validation_20260719\raw_configured_ecmade\NASDAQ100\window_003\ExperimentC_StabilityAware_ECMADE_MOO\run_003,1.0,0.56624012237528,0.898494977224749,0.061037880760019064,0.7916666666666666,0.898761312647987,0.06758614093270486
NASDAQ100,window_004,ExperimentC_StabilityAware_ECMADE_MOO,3,60,10,756,125,-0.1394819947146315,-0.1404819947146315,-0.2612864196547392,-0.2630160376398871,0.3866780657698859,-0.5905075591096264,-1.0207470996615975,-0.338015194175995,1.0,0.001,10.554835599963551,0.0471213238067668,-0.338015194175995,10,9.354515050167224,10.0,299,p0_lite_outputs\p1_rolling_window_market_validation_20260719\raw_configured_ecmade\NASDAQ100\window_004\ExperimentC_StabilityAware_ECMADE_MOO\run_003,1.0,0.7340470967500412,0.9075258928937865,0.006696929216814576,0.9916666666666667,1.3599506773257002,0.06615760078111906
NASDAQ100,window_005,ExperimentC_StabilityAware_ECMADE_MOO,3,60,10,755,123,0.3574563301494211,0.3564563301494211,0.8703641374746034,0.8675423264295001,0.2788466819511097,2.3875980152392517,3.714654258266836,-0.167788900192375,1.0,0.001,10.405375899979845,0.03548283972381427,-0.16778890019237502,10,9.587548638132295,10.0,257,p0_lite_outputs\p1_rolling_window_market_validation_20260719\raw_configured_ecmade\NASDAQ100\window_005\ExperimentC_StabilityAware_ECMADE_MOO\run_003,1.0,0.34356653653820435,0.9618367000567866,0.006354750554863594,0.9666666666666667,1.3251393855322584,0.028754485685630698
NASDAQ100,window_006,ExperimentC_StabilityAware_ECMADE_MOO,3,60,10,753,125,0.229667951896946,0.228667951896946,0.5170933843870376,0.5146071873989473,0.2057365705156196,2.1297893445254967,3.8084116408200095,-0.0794683122008258,1.0,0.001,10.849861099966802,0.022831802569285305,-0.07946831220082584,10,8.08125,9.0,320,p0_lite_outputs\p1_rolling_window_market_validation_20260719\raw_configured_ecmade\NASDAQ100\window_006\ExperimentC_StabilityAware_ECMADE_MOO\run_003,1.0,0.8586278954583699,1.0448979438113872,0.005442435701076041,0.9916666666666667,1.3540436714430242,0.06059743595517288
NASDAQ100,window_007,ExperimentC_StabilityAware_ECMADE_MOO,3,60,10,752,124,0.3911611407255377,0.3901611407255377,0.9560500125673336,0.9531936047181446,0.1802293527963828,3.817623644306917,6.371043764186321,-0.0702286963822784,1.0,0.001,9.953102299943566,0.020502906687322887,-0.07022869638227847,10,9.2109375,10.0,256,p0_lite_outputs\p1_rolling_window_market_validation_20260719\raw_configured_ecmade\NASDAQ100\window_007\ExperimentC_StabilityAware_ECMADE_MOO\run_003,1.0,0.23767440063285072,1.1341831290578577,0.014289632670506725,0.85,0.8971914080168291,0.04348220865828509
NASDAQ100,window_008,ExperimentC_StabilityAware_ECMADE_MOO,3,60,10,752,126,0.1437094389056674,0.1427094389056674,0.3080712806419166,0.305784861764105,0.2883958152272393,1.0756004730166242,1.5821308533876468,-0.1373828388622761,1.0,0.001,10.81961050000973,0.04059690585133718,-0.1373828388622761,10,8.06857142857143,9.0,350,p0_lite_outputs\p1_rolling_window_market_validation_20260719\raw_configured_ecmade\NASDAQ100\window_008\ExperimentC_StabilityAware_ECMADE_MOO\run_003,1.0,0.1958064086642237,0.9702803234271826,0.005246015550746628,0.9833333333333333,1.308862752867465,0.021599353174671636
NASDAQ100,window_009,ExperimentC_StabilityAware_ECMADE_MOO,3,59,10,752,122,0.2427104002849947,0.2417104002849947,0.566491556258423,0.5638889252258477,0.3550584220487349,1.441507278897259,1.9365192269561329,-0.2318467640850482,1.0000000000000002,0.001,11.30070640007034,0.04972313108128965,-0.23184676408504823,10,8.738041002277905,9.0,439,p0_lite_outputs\p1_rolling_window_market_validation_20260719\raw_configured_ecmade\NASDAQ100\window_009\ExperimentC_StabilityAware_ECMADE_MOO\run_003,1.0000000000000002,0.5799675813954999,0.9897853495378091,0.006765415394131835,0.9666666666666667,1.2814707233365292,0.03166379472053167
NASDAQ100,window_010,ExperimentC_StabilityAware_ECMADE_MOO,3,60,10,750,126,-0.1297169242249353,-0.1307169242249353,-0.242607368019493,-0.2443469341710431,0.1986327539496692,-1.2982311714198838,-1.737237355995296,-0.16968364688429,1.0,0.001,10.062873799935916,0.030531560248902828,-0.16968364688428994,9,8.737804878048781,10.0,164,p0_lite_outputs\p1_rolling_window_market_validation_20260719\raw_configured_ecmade\NASDAQ100\window_010\ExperimentC_StabilityAware_ECMADE_MOO\run_003,1.0,0.5333317268391515,1.0036880256083596,0.012494568606675537,0.9333333333333333,1.298674802574598,0.05378297715128309
NASDAQ100,window_011,ExperimentC_StabilityAware_ECMADE_MOO,3,60,10,751,123,0.0290192762894601,0.0280192762894601,0.0603592897683722,0.0582491870627817,0.2825681282664596,0.3490371808274461,0.5364735613495546,-0.1627955701352436,1.0,0.001,9.894154100096785,0.03931362686906348,-0.1627955701352436,10,8.984615384615385,10.0,195,p0_lite_outputs\p1_rolling_window_market_validation_20260719\raw_configured_ecmade\NASDAQ100\window_011\ExperimentC_StabilityAware_ECMADE_MOO\run_003,1.0,0.76243215843857,0.9693442592126059,0.008877330442469395,0.9833333333333333,1.3795529173372294,0.04641852927746815
NASDAQ100,window_001,ExperimentC_StabilityAware_ECMADE_MOO,4,60,10,755,124,0.2546793012044137,0.2536793012044137,0.5857836726852759,0.5832161672229554,0.3621480969206175,1.4554035711075035,2.2768909029816315,-0.2461388949520756,1.0000000000000002,0.001,10.602661999990232,0.04514681802621456,-0.24613889495207575,10,9.419230769230769,10.0,260,p0_lite_outputs\p1_rolling_window_market_validation_20260719\raw_configured_ecmade\NASDAQ100\window_001\ExperimentC_StabilityAware_ECMADE_MOO\run_004,1.0000000000000002,1.0,1.0400158141862164,0.007744562249840977,0.9666666666666667,1.3216689327190443,0.0537902850606591
NASDAQ100,window_002,ExperimentC_StabilityAware_ECMADE_MOO,4,59,10,755,126,0.2144303106918361,0.2134303106918361,0.4748409795270696,0.4724131189056857,0.2508652320646944,1.675385551476618,2.6953109414144096,-0.1845127731588726,1.0000000000000002,0.001,10.554500099970028,0.0318997593333949,-0.1845127731588726,9,9.332247557003257,10.0,307,p0_lite_outputs\p1_rolling_window_market_validation_20260719\raw_configured_ecmade\NASDAQ100\window_002\ExperimentC_StabilityAware_ECMADE_MOO\run_004,1.0000000000000002,0.3297368695065349,1.0178690309889007,0.007321100365429945,0.9666666666666667,1.3988918877403218,0.0253017077864659
NASDAQ100,window_003,ExperimentC_StabilityAware_ECMADE_MOO,4,60,10,756,124,-0.4679856619312286,-0.4689856619312286,-0.722664482965234,-0.7237228577559647,0.5449553474772217,-2.0736605439327405,-3.747797893552816,-0.4825016606729386,1.0000000000000002,0.001,10.53780520008877,0.06988153579983349,-0.48250166067293865,9,9.717314487632509,10.0,283,p0_lite_outputs\p1_rolling_window_market_validation_20260719\raw_configured_ecmade\NASDAQ100\window_003\ExperimentC_StabilityAware_ECMADE_MOO\run_004,1.0000000000000002,0.5726280993897321,0.9741441915128655,0.007037138270293863,0.95,1.3405939130248277,0.06758614093270486
NASDAQ100,window_004,ExperimentC_StabilityAware_ECMADE_MOO,4,60,10,756,125,-0.1603959494559482,-0.1613959494559482,-0.2970341256337516,-0.2987210181005987,0.385842634601695,-0.7204542022328403,-1.2134630701911977,-0.322659862465388,1.0,0.001,10.867972199921496,0.0481744584991795,-0.322659862465388,9,9.180064308681672,10.0,311,p0_lite_outputs\p1_rolling_window_market_validation_20260719\raw_configured_ecmade\NASDAQ100\window_004\ExperimentC_StabilityAware_ECMADE_MOO\run_004,1.0,0.8457549814792966,0.909173570410424,0.00582170092668694,0.9916666666666667,1.3744873188775348,0.06615760078111906
NASDAQ100,window_005,ExperimentC_StabilityAware_ECMADE_MOO,4,60,10,755,123,0.3460597809851615,0.3450597809851615,0.8383344172401799,0.8355374564480536,0.2797331706055591,2.318909780394738,3.653256796896056,-0.1765780689406365,1.0,0.001,10.301210399949923,0.035427914910647465,-0.17657806894063655,10,9.352490421455938,10.0,261,p0_lite_outputs\p1_rolling_window_market_validation_20260719\raw_configured_ecmade\NASDAQ100\window_005\ExperimentC_StabilityAware_ECMADE_MOO\run_004,1.0,0.34098770575850806,0.9624158811590247,0.006736030098822765,0.975,1.3586380823805737,0.028754485685630698
NASDAQ100,window_006,ExperimentC_StabilityAware_ECMADE_MOO,4,60,10,753,125,0.2267733547697488,0.2257733547697488,0.5099024806574177,0.5074222320390409,0.2156634889237301,2.019275385881924,3.5141814923645303,-0.0908035119790406,1.0,0.001,10.934098200057631,0.024724708227773704,-0.09080351197904069,9,9.41139240506329,10.0,316,p0_lite_outputs\p1_rolling_window_market_validation_20260719\raw_configured_ecmade\NASDAQ100\window_006\ExperimentC_StabilityAware_ECMADE_MOO\run_004,1.0,0.8355217265113943,1.0404398973551594,0.00791177568002074,0.9666666666666667,1.3440382095337822,0.06059743595517288
NASDAQ100,window_007,ExperimentC_StabilityAware_ECMADE_MOO,4,60,10,752,124,0.3353217581429384,0.3343217581429384,0.7997948719218302,0.7970567798651522,0.1716631182825625,3.5131228568902544,6.179885766604414,-0.0663772618264447,1.0,0.001,10.0843263999559,0.01876069465046853,-0.06637726182644477,9,8.68235294117647,9.0,255,p0_lite_outputs\p1_rolling_window_market_validation_20260719\raw_configured_ecmade\NASDAQ100\window_007\ExperimentC_StabilityAware_ECMADE_MOO\run_004,1.0,0.34000150144577607,1.1593672569433593,0.006084292896770943,0.9666666666666667,0.8761983755706566,0.04348220865828509
NASDAQ100,window_008,ExperimentC_StabilityAware_ECMADE_MOO,4,60,10,752,126,0.143447574695497,0.142447574695497,0.3074723560770143,0.3051864609276236,0.2881758297322156,1.0743682215327777,1.5876455924150792,-0.1330320774140915,1.0,0.001,10.5187627999112,0.040415952385037854,-0.1330320774140915,10,8.79225352112676,9.0,284,p0_lite_outputs\p1_rolling_window_market_validation_20260719\raw_configured_ecmade\NASDAQ100\window_008\ExperimentC_StabilityAware_ECMADE_MOO\run_004,1.0,0.3041574320911605,0.9692666768079474,0.006269490087554578,0.9833333333333333,1.3292210779188955,0.021599353174671636
NASDAQ100,window_009,ExperimentC_StabilityAware_ECMADE_MOO,4,59,10,752,122,0.2148632975020696,0.2138632975020696,0.4948499611323627,0.4923094540987209,0.3654610010486421,1.2817486336851458,1.7392792183641903,-0.2312686151586842,1.0,0.001,11.004506099969149,0.05075300812327661,-0.23126861515868424,9,8.183168316831683,9.0,404,p0_lite_outputs\p1_rolling_window_market_validation_20260719\raw_configured_ecmade\NASDAQ100\window_009\ExperimentC_StabilityAware_ECMADE_MOO\run_004,1.0,0.4207486483344273,0.9886353766468621,0.0055593012467780225,0.9833333333333333,1.342478109445258,0.03166379472053167
NASDAQ100,window_010,ExperimentC_StabilityAware_ECMADE_MOO,4,60,10,750,126,-0.0530053936011492,-0.0540053936011492,-0.1032012154514856,-0.1050942046642833,0.1904480129172428,-0.4760909290058263,-0.642317658094886,-0.1333153192898262,1.0,0.001,10.09865759999957,0.029169316881474585,-0.1333153192898262,9,9.130681818181818,10.0,176,p0_lite_outputs\p1_rolling_window_market_validation_20260719\raw_configured_ecmade\NASDAQ100\window_010\ExperimentC_StabilityAware_ECMADE_MOO\run_004,1.0,0.46810647627030777,1.0044444969523945,0.01121999253024514,0.9166666666666666,1.2951583371529076,0.05378297715128309
NASDAQ100,window_011,ExperimentC_StabilityAware_ECMADE_MOO,4,60,10,751,123,0.0442620142382965,0.0432620142382965,0.0927894577785817,0.0906465459243368,0.2771461051534029,0.4589987675257376,0.7028565601653882,-0.1491927084159142,1.0,0.001,9.975510499905797,0.03876215357831021,-0.14919270841591437,10,9.407960199004975,10.0,201,p0_lite_outputs\p1_rolling_window_market_validation_20260719\raw_configured_ecmade\NASDAQ100\window_011\ExperimentC_StabilityAware_ECMADE_MOO\run_004,1.0,0.6208992010078478,0.967357140890187,0.009195111608168991,0.95,1.3622397289773882,0.04641852927746815
NASDAQ100,window_001,ExperimentC_StabilityAware_ECMADE_MOO,5,60,10,755,124,0.2006111331567748,0.1996111331567748,0.449993645840711,0.4475403165060119,0.3744243692377756,1.180306166223559,1.8406943827727655,-0.2586969493427951,1.0,0.001,10.268943900009615,0.04793380712633979,-0.2586969493427951,10,9.393364928909953,10.0,211,p0_lite_outputs\p1_rolling_window_market_validation_20260719\raw_configured_ecmade\NASDAQ100\window_001\ExperimentC_StabilityAware_ECMADE_MOO\run_005,1.0,1.0,1.0123469966926348,0.04425549124675324,0.8333333333333334,1.0272213215368255,0.0537902850606591
NASDAQ100,window_002,ExperimentC_StabilityAware_ECMADE_MOO,5,59,10,755,126,0.2688761836201077,0.2678761836201077,0.6100467693583291,0.6075100169910892,0.2626951376009981,1.9460164788865184,3.1792880846651794,-0.1699316313881061,1.0,0.001,10.329968100064434,0.03291965973740201,-0.16993163138810607,10,9.74703557312253,10.0,253,p0_lite_outputs\p1_rolling_window_market_validation_20260719\raw_configured_ecmade\NASDAQ100\window_002\ExperimentC_StabilityAware_ECMADE_MOO\run_005,1.0,0.37549594216324156,0.9938414544271122,0.030333628851691437,0.875,1.0608443708215494,0.0253017077864659
NASDAQ100,window_003,ExperimentC_StabilityAware_ECMADE_MOO,5,60,10,756,124,-0.4563039805477501,-0.4573039805477501,-0.7101485958679898,-0.7112309905470496,0.550117260876184,-1.9691818920746984,-3.4944566531497103,-0.4687771798467597,1.0,0.001,10.5498765000375,0.07061706374766695,-0.4687771798467598,10,9.87012987012987,10.0,231,p0_lite_outputs\p1_rolling_window_market_validation_20260719\raw_configured_ecmade\NASDAQ100\window_003\ExperimentC_StabilityAware_ECMADE_MOO\run_005,1.0,0.4457195917582372,0.9060697396731704,0.06017047048102695,0.7916666666666666,0.9022362179723157,0.06758614093270486
NASDAQ100,window_004,ExperimentC_StabilityAware_ECMADE_MOO,5,60,10,756,125,-0.1159333632356456,-0.1169333632356456,-0.2199655876485334,-0.2217433334668811,0.3887474498259577,-0.4456376555738168,-0.7654793955780067,-0.3195508567963536,1.0,0.0009999999999999,11.331365199992431,0.04700749356825051,-0.3195508567963534,7,8.97715736040609,10.0,394,p0_lite_outputs\p1_rolling_window_market_validation_20260719\raw_configured_ecmade\NASDAQ100\window_004\ExperimentC_StabilityAware_ECMADE_MOO\run_005,1.0,0.7721348187702121,0.9129522069182362,0.004206334170983935,0.9916666666666667,1.3558733216562229,0.06615760078111906
NASDAQ100,window_005,ExperimentC_StabilityAware_ECMADE_MOO,5,60,10,755,123,0.3141797329664224,0.3131797329664224,0.750239850641504,0.7475123497244252,0.2663125561555937,2.237415684394798,3.365373340732518,-0.1638112195412659,1.0,0.001,10.64702400006354,0.034312321740030106,-0.16381121954126598,9,8.522522522522523,10.0,333,p0_lite_outputs\p1_rolling_window_market_validation_20260719\raw_configured_ecmade\NASDAQ100\window_005\ExperimentC_StabilityAware_ECMADE_MOO\run_005,1.0,0.31432822000783167,0.9670088275651586,0.004783789259877451,0.9833333333333333,1.3472054166235192,0.028754485685630698
NASDAQ100,window_006,ExperimentC_StabilityAware_ECMADE_MOO,5,60,10,753,125,0.2274002703405406,0.2264002703405406,0.5114584351032678,0.5089768981983642,0.211991006028099,2.055471727520493,3.773601268352511,-0.0828653462049726,1.0000000000000002,0.001,10.831715399981476,0.02305356140902526,-0.08286534620497266,7,8.577039274924472,9.0,331,p0_lite_outputs\p1_rolling_window_market_validation_20260719\raw_configured_ecmade\NASDAQ100\window_006\ExperimentC_StabilityAware_ECMADE_MOO\run_005,1.0000000000000002,0.8482530054300708,1.0467553350899375,0.005598032620672712,0.9833333333333333,1.3249104831387726,0.06059743595517288
NASDAQ100,window_007,ExperimentC_StabilityAware_ECMADE_MOO,5,60,10,752,124,0.3211713460164869,0.3201713460164869,0.7612467306310013,0.7585385962159987,0.1723583265437652,3.3737416239668234,6.019276449706485,-0.0657499367381215,1.0,0.001,9.890577199985271,0.01915138905002897,-0.06574993673812157,10,8.973094170403588,10.0,223,p0_lite_outputs\p1_rolling_window_market_validation_20260719\raw_configured_ecmade\NASDAQ100\window_007\ExperimentC_StabilityAware_ECMADE_MOO\run_005,1.0,0.2736011280945049,1.1627631974980381,0.004030318034222108,0.9833333333333333,0.9612499544928895,0.04348220865828509
NASDAQ100,window_008,ExperimentC_StabilityAware_ECMADE_MOO,5,60,10,752,126,0.1380793356102019,0.1370793356102019,0.2952245741429586,0.292949415471738,0.2860387537768808,1.0475405639242814,1.531200810153167,-0.1336265195881359,1.0,0.001,10.84030379995238,0.040475438849845835,-0.13362651958813587,8,8.154471544715447,8.0,369,p0_lite_outputs\p1_rolling_window_market_validation_20260719\raw_configured_ecmade\NASDAQ100\window_008\ExperimentC_StabilityAware_ECMADE_MOO\run_005,1.0,0.26704711360376265,0.9690093297177235,0.006518796713805701,0.9583333333333334,1.3858319635214675,0.021599353174671636
NASDAQ100,window_009,ExperimentC_StabilityAware_ECMADE_MOO,5,59,10,752,122,0.2517022552715735,0.2507022552715735,0.5899943458290571,0.587371635287663,0.3611194145854153,1.4645374191407954,1.9616030879643769,-0.2399259051083438,1.0000000000000002,0.001,10.995659900014289,0.05094647216764314,-0.23992590510834388,10,8.590551181102363,9.0,381,p0_lite_outputs\p1_rolling_window_market_validation_20260719\raw_configured_ecmade\NASDAQ100\window_009\ExperimentC_StabilityAware_ECMADE_MOO\run_005,1.0000000000000002,0.5411997794831106,0.9875632343325925,0.006178944206388542,1.0,1.370476050087095,0.03166379472053167
NASDAQ100,window_010,ExperimentC_StabilityAware_ECMADE_MOO,5,60,10,750,126,-0.0429536397767896,-0.0439536397767896,-0.0840622643835051,-0.0859753571039515,0.202407462085558,-0.3319871624768313,-0.4289720405890603,-0.1634191216966292,1.0,0.001,9.900175699964166,0.030051018724981147,-0.1634191216966292,10,9.826666666666666,10.0,150,p0_lite_outputs\p1_rolling_window_market_validation_20260719\raw_configured_ecmade\NASDAQ100\window_010\ExperimentC_StabilityAware_ECMADE_MOO\run_005,1.0,0.5738344996725921,0.990846628379576,0.02097463658457372,0.7916666666666666,1.2481273563779214,0.05378297715128309
NASDAQ100,window_011,ExperimentC_StabilityAware_ECMADE_MOO,5,60,10,751,123,0.2198230351374639,0.2188230351374639,0.5024611883738468,0.4999387815975624,0.2969554393422448,1.5207246034914488,2.4102645816920734,-0.1276264536625713,1.0,0.001,9.740143799921498,0.04022064152021316,-0.1276264536625713,10,9.676470588235293,10.0,170,p0_lite_outputs\p1_rolling_window_market_validation_20260719\raw_configured_ecmade\NASDAQ100\window_011\ExperimentC_StabilityAware_ECMADE_MOO\run_005,1.0,0.6927637685937647,0.9456972395479619,0.01974875740459584,0.7166666666666667,1.2645188686150806,0.04641852927746815
NASDAQ100,window_001,ExperimentC_StabilityAware_ECMADE_MOO,6,60,10,755,124,0.2416884752299286,0.2406884752299286,0.5525942255081773,0.5500541676215112,0.3888760732749888,1.326727984314732,2.0772912677710256,-0.2722380495899272,1.0000000000000002,0.001,11.042224399978297,0.04890736281917659,-0.27223804958992726,10,8.297058823529412,10.0,340,p0_lite_outputs\p1_rolling_window_market_validation_20260719\raw_configured_ecmade\NASDAQ100\window_001\ExperimentC_StabilityAware_ECMADE_MOO\run_006,1.0000000000000002,1.0,1.0425764240190287,0.0076692409764580385,0.925,1.3032336615279738,0.0537902850606591
NASDAQ100,window_002,ExperimentC_StabilityAware_ECMADE_MOO,6,59,10,755,126,0.2333176694011287,0.2323176694011287,0.5210724736570318,0.5186068383182298,0.2562203370041728,1.766334780819981,2.8604269424409865,-0.1610221190008621,1.0000000000000002,0.001,10.51453839999158,0.03197895521489244,-0.16102211900086216,10,9.123287671232877,10.0,292,p0_lite_outputs\p1_rolling_window_market_validation_20260719\raw_configured_ecmade\NASDAQ100\window_002\ExperimentC_StabilityAware_ECMADE_MOO\run_006,1.0000000000000002,0.43091740498646086,1.015605062670025,0.012368766590630152,0.9333333333333333,1.2021547866338056,0.0253017077864659
NASDAQ100,window_003,ExperimentC_StabilityAware_ECMADE_MOO,6,60,10,756,124,-0.4477369594915446,-0.4487369594915446,-0.7007913893251614,-0.701891410139079,0.556176008375333,-1.8847055886712205,-3.2836420221829075,-0.4674238904713019,1.0,0.001,10.74604040000122,0.07180819316019695,-0.46742389047130195,10,9.82716049382716,10.0,243,p0_lite_outputs\p1_rolling_window_market_validation_20260719\raw_configured_ecmade\NASDAQ100\window_003\ExperimentC_StabilityAware_ECMADE_MOO\run_006,1.0,0.4620081556835177,0.9397034228214965,0.032179397854060585,0.8416666666666667,1.0734176969842257,0.06758614093270486
NASDAQ100,window_004,ExperimentC_StabilityAware_ECMADE_MOO,6,60,10,756,125,-0.1363252878671319,-0.1373252878671319,-0.2558131166979328,-0.2575491850340485,0.3793238831906097,-0.5900376924730856,-1.0321487278388506,-0.3443521096748739,1.0,0.001,10.352017900091596,0.04641650727100073,-0.34435210967487395,9,9.696629213483146,10.0,267,p0_lite_outputs\p1_rolling_window_market_validation_20260719\raw_configured_ecmade\NASDAQ100\window_004\ExperimentC_StabilityAware_ECMADE_MOO\run_006,1.0,0.7478480238217617,0.888485337838247,0.018342524689499054,0.8916666666666667,1.1651532228342927,0.06615760078111906
NASDAQ100,window_005,ExperimentC_StabilityAware_ECMADE_MOO,6,60,10,755,123,0.3840954505359044,0.3830954505359044,0.9463378601924046,0.9434579227839086,0.2682257264956627,2.6200059880633693,4.212004147787924,-0.145366979633009,1.0,0.001,10.6960826999275,0.03325151379506165,-0.1453669796330087,10,9.18007662835249,10.0,261,p0_lite_outputs\p1_rolling_window_market_validation_20260719\raw_configured_ecmade\NASDAQ100\window_005\ExperimentC_StabilityAware_ECMADE_MOO\run_006,1.0,0.3090374901064538,0.9618058871300584,0.007782586714248699,0.9916666666666667,1.3682334891464316,0.028754485685630698
NASDAQ100,window_006,ExperimentC_StabilityAware_ECMADE_MOO,6,60,10,753,125,0.2223107744383434,0.2213107744383434,0.4988500482836124,0.4963789697852638,0.1998128455849996,2.126303571329471,3.809466888137969,-0.0755403875309211,1.0,0.001,10.214693999965675,0.022202506639945767,-0.07554038753092118,10,9.311538461538461,10.0,260,p0_lite_outputs\p1_rolling_window_market_validation_20260719\raw_configured_ecmade\NASDAQ100\window_006\ExperimentC_StabilityAware_ECMADE_MOO\run_006,1.0,0.8491014777720874,1.034168735595269,0.01063927595737086,0.8833333333333333,1.3275443217842235,0.06059743595517288
NASDAQ100,window_007,ExperimentC_StabilityAware_ECMADE_MOO,6,60,10,752,124,0.383322042113841,0.382322042113841,0.9337151823595208,0.93087539384949,0.1864325080904857,3.634989946522978,5.938251204842915,-0.0700547112591262,1.0,0.0009999999999999,10.362679100013338,0.021413959370883424,-0.07005471125912621,9,7.904290429042904,8.0,303,p0_lite_outputs\p1_rolling_window_market_validation_20260719\raw_configured_ecmade\NASDAQ100\window_007\ExperimentC_StabilityAware_ECMADE_MOO\run_006,1.0,0.2007354584474129,1.1640859417562566,0.003443560830537747,1.0,1.0075057372906022,0.04348220865828509
NASDAQ100,window_008,ExperimentC_StabilityAware_ECMADE_MOO,6,60,10,752,126,0.1444132738292405,0.1434132738292405,0.3096817413165602,0.3073939147689015,0.2836135372835941,1.0934329542266312,1.5741123342739112,-0.1386961631151623,1.0,0.001,10.384896000032311,0.04048769476385744,-0.13869616311516242,10,8.806691449814126,9.0,269,p0_lite_outputs\p1_rolling_window_market_validation_20260719\raw_configured_ecmade\NASDAQ100\window_008\ExperimentC_StabilityAware_ECMADE_MOO\run_006,1.0,0.20839106296593965,0.968424066036763,0.006118333960387417,0.975,1.3003675168227746,0.021599353174671636
NASDAQ100,window_009,ExperimentC_StabilityAware_ECMADE_MOO,6,59,10,752,122,0.2192137990379905,0.2182137990379905,0.5059283884721912,0.5033781820229641,0.3447035503957417,1.3598920853350054,1.7728265681821702,-0.2313401215724904,1.0,0.0009999999999999,10.61527790001128,0.04853239836720052,-0.2313401215724904,10,8.345132743362832,9.0,339,p0_lite_outputs\p1_rolling_window_market_validation_20260719\raw_configured_ecmade\NASDAQ100\window_009\ExperimentC_StabilityAware_ECMADE_MOO\run_006,1.0,0.5084138329910746,0.9900905226147485,0.004614095823508356,0.9666666666666667,1.3486205566320804,0.03166379472053167
NASDAQ100,window_010,ExperimentC_StabilityAware_ECMADE_MOO,6,60,10,750,126,-0.1005464914253546,-0.1015464914253546,-0.1909833859127604,-0.1927812929299096,0.1764284166735658,-1.1120165560735067,-1.4787298743679615,-0.1536241762483722,1.0,0.001,9.835515499929896,0.026783470747902962,-0.1536241762483722,9,9.2,10.0,150,p0_lite_outputs\p1_rolling_window_market_validation_20260719\raw_configured_ecmade\NASDAQ100\window_010\ExperimentC_StabilityAware_ECMADE_MOO\run_006,1.0,0.5489942993544585,0.9973849425277439,0.014899242734467098,0.85,1.3114492315975144,0.05378297715128309
NASDAQ100,window_011,ExperimentC_StabilityAware_ECMADE_MOO,6,60,10,751,123,0.0904713540718744,0.0894713540718744,0.1941623237629377,0.1919198072978369,0.3020838448588237,0.7387431924867882,1.1770400400529024,-0.1569545144052135,1.0,0.001,9.8140948000364,0.04035692494032793,-0.15695451440521357,10,8.930232558139535,10.0,172,p0_lite_outputs\p1_rolling_window_market_validation_20260719\raw_configured_ecmade\NASDAQ100\window_011\ExperimentC_StabilityAware_ECMADE_MOO\run_006,1.0,0.6833956271214989,0.9730051020861564,0.00713610451809492,0.9916666666666667,1.3921767864258885,0.04641852927746815
NASDAQ100,window_001,ExperimentC_StabilityAware_ECMADE_MOO,7,60,10,755,124,0.2282274570522564,0.2272274570522564,0.5185796123916644,0.5160679857469928,0.3603158318581646,1.3404639016331663,2.0595437226210884,-0.2320026994182783,1.0000000000000002,0.001,10.397009100066498,0.04546656238834881,-0.23200269941827834,10,9.508771929824562,10.0,285,p0_lite_outputs\p1_rolling_window_market_validation_20260719\raw_configured_ecmade\NASDAQ100\window_001\ExperimentC_StabilityAware_ECMADE_MOO\run_007,1.0000000000000002,1.0,1.032753622220105,0.02213076746192878,0.8666666666666667,1.0868165546200066,0.0537902850606591
NASDAQ100,window_002,ExperimentC_StabilityAware_ECMADE_MOO,7,59,10,755,126,0.243097415124682,0.242097415124682,0.5452911834896661,0.5428059886594165,0.2508968358241953,1.8615855106556125,2.999295011872595,-0.1652843389924413,1.0,0.001,10.442435399978422,0.03137081375865409,-0.16528433899244133,9,9.022292993630574,10.0,314,p0_lite_outputs\p1_rolling_window_market_validation_20260719\raw_configured_ecmade\NASDAQ100\window_002\ExperimentC_StabilityAware_ECMADE_MOO\run_007,1.0,0.4282901661067146,1.0096794473041362,0.02001208236795694,0.925,1.1135817595088855,0.0253017077864659
NASDAQ100,window_003,ExperimentC_StabilityAware_ECMADE_MOO,7,60,10,756,124,-0.4608293057080833,-0.4618293057080833,-0.71503037778221,-0.7161034654846447,0.5400841212416524,-2.0472507651788963,-3.627144075044667,-0.475628248164477,1.0000000000000002,0.001,10.881725599989297,0.06971116593133622,-0.475628248164477,10,9.941780821917808,10.0,292,p0_lite_outputs\p1_rolling_window_market_validation_20260719\raw_configured_ecmade\NASDAQ100\window_003\ExperimentC_StabilityAware_ECMADE_MOO\run_007,1.0000000000000002,0.3976787496500104,0.922789378738417,0.04671254607722439,0.75,0.936137688694554,0.06758614093270486
NASDAQ100,window_004,ExperimentC_StabilityAware_ECMADE_MOO,7,60,10,756,125,-0.1113477019799092,-0.1123477019799092,-0.2117872666645202,-0.213574386894836,0.3933255652975863,-0.4093363963498642,-0.7001784733199844,-0.3264943861055793,1.0,0.001,11.18848849995993,0.04805771964286322,-0.32649438610557946,7,8.746511627906976,9.0,430,p0_lite_outputs\p1_rolling_window_market_validation_20260719\raw_configured_ecmade\NASDAQ100\window_004\ExperimentC_StabilityAware_ECMADE_MOO\run_007,1.0,0.8254218117367644,0.9142547457383042,0.003828019793833283,0.9916666666666667,1.3647388281666686,0.06615760078111906
NASDAQ100,window_005,ExperimentC_StabilityAware_ECMADE_MOO,7,60,10,755,123,0.3507618695961747,0.3497618695961747,0.8515152021159711,0.8487079896268512,0.2750946638041995,2.37949309548888,3.667893319273272,-0.1664962123414461,1.0,0.001,10.594404899980873,0.035290586981702336,-0.16649621234144618,10,9.347490347490348,10.0,259,p0_lite_outputs\p1_rolling_window_market_validation_20260719\raw_configured_ecmade\NASDAQ100\window_005\ExperimentC_StabilityAware_ECMADE_MOO\run_007,1.0,0.24890224897500343,0.9627252351863901,0.005688485187926081,0.9833333333333333,1.3725519072757424,0.028754485685630698
NASDAQ100,window_006,ExperimentC_StabilityAware_ECMADE_MOO,7,60,10,753,125,0.2254887555422775,0.2244887555422775,0.5067167308380509,0.5042391219869928,0.2136748357436365,2.0262123750346617,3.542788954196935,-0.0918547291373362,1.0,0.001,10.519607600057498,0.02444412195029239,-0.09185472913733628,10,8.8,9.0,290,p0_lite_outputs\p1_rolling_window_market_validation_20260719\raw_configured_ecmade\NASDAQ100\window_006\ExperimentC_StabilityAware_ECMADE_MOO\run_007,1.0,0.8456894394521859,1.0411286748090054,0.0070531330657254915,0.9583333333333334,1.3932884679346447,0.06059743595517288
NASDAQ100,window_007,ExperimentC_StabilityAware_ECMADE_MOO,7,60,10,752,124,0.4007518905890344,0.3997518905890344,0.9835527944946691,0.9806760495959924,0.1879206868503751,3.743349151274184,6.3980269741848375,-0.0724639964879201,1.0000000000000002,0.001,10.069433700060472,0.021283106306492914,-0.07246399648792012,9,8.79816513761468,10.0,218,p0_lite_outputs\p1_rolling_window_market_validation_20260719\raw_configured_ecmade\NASDAQ100\window_007\ExperimentC_StabilityAware_ECMADE_MOO\run_007,1.0000000000000002,0.2869543278535977,1.1610081786760045,0.008298231135712238,0.95,0.8143242937500037,0.04348220865828509
NASDAQ100,window_008,ExperimentC_StabilityAware_ECMADE_MOO,7,60,10,752,126,0.1209008606479795,0.1199008606479795,0.2564187394013812,0.254177937680085,0.2796147989402704,0.9564836423034436,1.3918683089348856,-0.1392454899672475,1.0000000000000002,0.001,10.644377799937502,0.03985309686764031,-0.1392454899672475,8,8.678456591639872,9.0,311,p0_lite_outputs\p1_rolling_window_market_validation_20260719\raw_configured_ecmade\NASDAQ100\window_008\ExperimentC_StabilityAware_ECMADE_MOO\run_007,1.0000000000000002,0.14122441977348843,0.9680934702950117,0.008677344454042576,0.9583333333333334,1.2556783995139635,0.021599353174671636
NASDAQ100,window_009,ExperimentC_StabilityAware_ECMADE_MOO,7,59,10,752,122,0.2473814657103124,0.2463814657103124,0.5786781887945978,0.5760651280962672,0.370681083697968,1.416497446666594,1.9188778290178043,-0.2377723454063699,1.0,0.001,11.083696900052018,0.051156661228662526,-0.23777234540636993,8,8.761538461538462,9.0,390,p0_lite_outputs\p1_rolling_window_market_validation_20260719\raw_configured_ecmade\NASDAQ100\window_009\ExperimentC_StabilityAware_ECMADE_MOO\run_007,1.0,0.5634978588455882,0.990993608428628,0.004929550100528238,0.9833333333333333,1.3323035597037476,0.03166379472053167
NASDAQ100,window_010,ExperimentC_StabilityAware_ECMADE_MOO,7,60,10,750,126,-0.0796648748175992,-0.0806648748175992,-0.1529832573554946,-0.1548229276058594,0.2201509115794976,-0.6433069023346114,-0.8413518171863494,-0.1612297787118208,1.0,0.001,10.103894000058062,0.03468100166330575,-0.16122977871182087,8,7.3254716981132075,8.0,212,p0_lite_outputs\p1_rolling_window_market_validation_20260719\raw_configured_ecmade\NASDAQ100\window_010\ExperimentC_StabilityAware_ECMADE_MOO\run_007,1.0,0.47316565576390657,1.0126575359621652,0.005885427213195212,0.9916666666666667,1.3668849800136216,0.05378297715128309
NASDAQ100,window_011,ExperimentC_StabilityAware_ECMADE_MOO,7,60,10,751,123,0.0110930027375619,0.0100930027375619,0.0228593564630601,0.0207878087023813,0.3256167758331281,0.2321193393945823,0.3805768074607568,-0.1641501625256924,1.0,0.001,9.90238780004438,0.043729665711932195,-0.16415016252569248,10,8.974874371859297,10.0,199,p0_lite_outputs\p1_rolling_window_market_validation_20260719\raw_configured_ecmade\NASDAQ100\window_011\ExperimentC_StabilityAware_ECMADE_MOO\run_007,1.0,0.5852490414274454,0.9726934909901327,0.007181073359503425,1.0,1.4095108415348259,0.04641852927746815
NASDAQ100,window_001,ExperimentC_StabilityAware_ECMADE_MOO,8,60,10,755,124,0.2403826400997835,0.2393826400997835,0.5492777505165738,0.5467404511435696,0.3928876865625468,1.311572177052612,2.076002148423869,-0.2675298578144925,1.0,0.001,10.600327700027265,0.048861180190356145,-0.2675298578144929,10,9.553359683794467,10.0,253,p0_lite_outputs\p1_rolling_window_market_validation_20260719\raw_configured_ecmade\NASDAQ100\window_001\ExperimentC_StabilityAware_ECMADE_MOO\run_008,1.0,1.0,1.0301303945289435,0.027945402599036225,0.8833333333333333,1.0608851964052302,0.0537902850606591
NASDAQ100,window_002,ExperimentC_StabilityAware_ECMADE_MOO,8,59,10,755,126,0.2431876334731912,0.2421876334731912,0.5455154920206737,0.543030116753727,0.2487169383213713,1.8761799703828932,3.118653874910577,-0.1649356567854455,1.0000000000000002,0.001,10.12850399990566,0.030669200232751416,-0.16493565678544553,10,9.518691588785046,10.0,214,p0_lite_outputs\p1_rolling_window_market_validation_20260719\raw_configured_ecmade\NASDAQ100\window_002\ExperimentC_StabilityAware_ECMADE_MOO\run_008,1.0000000000000002,0.38324475676584474,1.0077833414032098,0.015079158045230636,0.9083333333333333,1.1769437294421856,0.0253017077864659
NASDAQ100,window_003,ExperimentC_StabilityAware_ECMADE_MOO,8,60,10,756,124,-0.4733083534932475,-0.4743083534932475,-0.7282742412654984,-0.7293216771549522,0.5714632590052448,-1.987400198292028,-3.519448958014784,-0.4823526093841895,1.0,0.001,10.584960899897853,0.07065806205664153,-0.48235260938418956,10,9.032786885245901,10.0,305,p0_lite_outputs\p1_rolling_window_market_validation_20260719\raw_configured_ecmade\NASDAQ100\window_003\ExperimentC_StabilityAware_ECMADE_MOO\run_008,1.0,0.42135003479177147,0.9739323240327805,0.008937335547873118,1.0,1.3881294406974838,0.06758614093270486
NASDAQ100,window_004,ExperimentC_StabilityAware_ECMADE_MOO,8,60,10,756,125,-0.1229900764801406,-0.1239900764801406,-0.2324669467204937,-0.234230268107132,0.3811643345645216,-0.5038329208897163,-0.8383046305752634,-0.3147375605177056,1.0,0.001,11.348040600074455,0.047573907261716605,-0.31473756051770574,10,8.98669623059867,10.0,451,p0_lite_outputs\p1_rolling_window_market_validation_20260719\raw_configured_ecmade\NASDAQ100\window_004\ExperimentC_StabilityAware_ECMADE_MOO\run_008,1.0,0.8017293794138163,0.9112587849411582,0.005270698076926354,0.975,1.3428215136880561,0.06615760078111906
NASDAQ100,window_005,ExperimentC_StabilityAware_ECMADE_MOO,8,60,10,755,123,0.3453125246636239,0.3443125246636239,0.8362441647402421,0.8334488329879086,0.2840282880996875,2.284225703057614,3.4858119340929368,-0.1738912833362436,1.0,0.001,10.682118099997751,0.03676100378080284,-0.1738912833362436,10,9.496621621621621,10.0,296,p0_lite_outputs\p1_rolling_window_market_validation_20260719\raw_configured_ecmade\NASDAQ100\window_005\ExperimentC_StabilityAware_ECMADE_MOO\run_008,1.0,0.2603743802829206,0.9636275741745465,0.006706859889363695,0.9666666666666667,1.294975662235017,0.028754485685630698
NASDAQ100,window_006,ExperimentC_StabilityAware_ECMADE_MOO,8,60,10,753,125,0.241579221668956,0.240579221668956,0.5468651769910218,0.5443545001030918,0.2056508588667537,2.225237041294205,3.948026549954232,-0.0809826959286531,1.0000000000000002,0.001,10.728890300029889,0.022683486527666063,-0.08098269592865315,9,8.977653631284916,10.0,358,p0_lite_outputs\p1_rolling_window_market_validation_20260719\raw_configured_ecmade\NASDAQ100\window_006\ExperimentC_StabilityAware_ECMADE_MOO\run_008,1.0000000000000002,0.8627944013531659,1.0463328395254805,0.004662357401476933,0.9916666666666667,1.3634206341693986,0.06059743595517288
NASDAQ100,window_007,ExperimentC_StabilityAware_ECMADE_MOO,8,60,10,752,124,0.2946159972565811,0.2936159972565811,0.6900493603176885,0.6873974178342159,0.1750760200139636,3.087869995021939,5.499266918915025,-0.0636143477764218,1.0,0.001,10.829740099958144,0.020223204077518896,-0.06361434777642183,8,7.538659793814433,8.0,388,p0_lite_outputs\p1_rolling_window_market_validation_20260719\raw_configured_ecmade\NASDAQ100\window_007\ExperimentC_StabilityAware_ECMADE_MOO\run_008,1.0,0.22644109379453808,1.1640979972710617,0.00555259424116399,0.9666666666666667,0.854789100715383,0.04348220865828509
NASDAQ100,window_008,ExperimentC_StabilityAware_ECMADE_MOO,8,60,10,752,126,0.1536515506081892,0.1526515506081892,0.3309119002206795,0.3286055971194632,0.3176897525376958,1.0585638245114464,1.5925675108664192,-0.1475264154586284,1.0,0.001,10.765285299974494,0.044187582174718125,-0.14752641545862843,9,9.03448275862069,10.0,348,p0_lite_outputs\p1_rolling_window_market_validation_20260719\raw_configured_ecmade\NASDAQ100\window_008\ExperimentC_StabilityAware_ECMADE_MOO\run_008,1.0,0.2971988079325824,0.9701392810327523,0.005083358640055963,0.9833333333333333,1.3675838179895046,0.021599353174671636
NASDAQ100,window_009,ExperimentC_StabilityAware_ECMADE_MOO,8,59,10,752,122,0.2204292824803766,0.2194292824803766,0.5090311245132899,0.5064782077452783,0.3560116242775382,1.3330484994646206,1.801961626467458,-0.2293879849404455,1.0,0.001,11.396827499964274,0.050064116840034374,-0.22938798494044543,9,8.505882352941176,9.0,425,p0_lite_outputs\p1_rolling_window_market_validation_20260719\raw_configured_ecmade\NASDAQ100\window_009\ExperimentC_StabilityAware_ECMADE_MOO\run_008,1.0,0.5550974866032713,0.9914808931170823,0.0050436917132941385,0.9833333333333333,1.3157017982404686,0.03166379472053167
NASDAQ100,window_010,ExperimentC_StabilityAware_ECMADE_MOO,8,60,10,750,126,-0.0103162646342572,-0.0113162646342572,-0.0205261039525105,-0.0225044714232419,0.1905426555229848,-0.0130599280633859,-0.0166635500660448,-0.1271535276813289,1.0,0.001,9.92009989998769,0.02956813504637079,-0.12715352768132926,10,9.36551724137931,10.0,145,p0_lite_outputs\p1_rolling_window_market_validation_20260719\raw_configured_ecmade\NASDAQ100\window_010\ExperimentC_StabilityAware_ECMADE_MOO\run_008,1.0,0.7069855801142508,0.9827429653503778,0.022535478974402882,0.35833333333333334,1.3753629726849066,0.05378297715128309
NASDAQ100,window_011,ExperimentC_StabilityAware_ECMADE_MOO,8,60,10,751,123,0.1038785313880912,0.1028785313880912,0.2244365797260035,0.2221651250101386,0.3178251358744959,0.7963107516227469,1.2857737608520965,-0.1320081626545267,1.0,0.001,9.838214399991555,0.043073296161096404,-0.13200816265452675,10,9.097826086956522,10.0,184,p0_lite_outputs\p1_rolling_window_market_validation_20260719\raw_configured_ecmade\NASDAQ100\window_011\ExperimentC_StabilityAware_ECMADE_MOO\run_008,1.0,0.6997073530205158,0.9683841469363003,0.008653537827201511,0.975,1.3875408673355172,0.04641852927746815
NASDAQ100,window_001,ExperimentC_StabilityAware_ECMADE_MOO,9,60,10,755,124,0.2531007892960086,0.2521007892960086,0.5817317996022893,0.579167629779205,0.3641260726969202,1.4424292132364311,2.2366662774630863,-0.2395737879660492,1.0,0.001,10.611806500004604,0.04553506537638553,-0.23957378796604922,10,9.738955823293173,10.0,249,p0_lite_outputs\p1_rolling_window_market_validation_20260719\raw_configured_ecmade\NASDAQ100\window_001\ExperimentC_StabilityAware_ECMADE_MOO\run_009,1.0,1.0,0.9802842791112356,0.04781271837711796,0.7166666666666667,0.9330332540358213,0.0537902850606591
NASDAQ100,window_002,ExperimentC_StabilityAware_ECMADE_MOO,9,59,10,755,126,0.2099061609216155,0.2089061609216155,0.4638729182360821,0.4614541059142387,0.2655370149426542,1.568978306299902,2.567040094006191,-0.1804207609414743,1.0,0.001,10.396217499976046,0.033161328013985254,-0.1804207609414743,10,9.76923076923077,10.0,260,p0_lite_outputs\p1_rolling_window_market_validation_20260719\raw_configured_ecmade\NASDAQ100\window_002\ExperimentC_StabilityAware_ECMADE_MOO\run_009,1.0,0.3859408762487762,0.9987211384144837,0.02026774039644235,0.85,1.088342274092527,0.0253017077864659
