"dataset","split","instance","assets","K","k_ratio","method","HV","IGD","PF_Overlap","EAF_Band_Width","PF_Drift","Runtime","PF_Overlap_tol_0_005","PF_Overlap_tol_0_02","Diversity","Spacing","Archive_Size","Feasible_Rate"
"Synthetic","train","syn_n50_k05_low_corr_skewed_extreme_events_r02_s20260627","50","3","0.05","NSGAII","1.0804804716067518","0.005882955154436673","0.8780555555555556","0.006538487292862749","0.01791142425510274","0.81473405","0.5688888888888889","0.9733333333333333","1.205777197193345","0.005783147727273609","96.06666666666666","1.0"
"Synthetic","train","syn_n50_k05_low_corr_skewed_extreme_events_r02_s20260627","50","3","0.05","SPEA2","1.0814061546778622","0.006095039160044438","0.8188888888888889","0.0050468872889032615","0.01734985016913714","8.067403046666668","0.5813888888888888","0.9775000000000001","1.2130620916747092","0.0078227532825057","99.9","1.0"
"Synthetic","train","syn_n50_k05_low_corr_skewed_extreme_events_r02_s20260627","50","3","0.05","MOEAD","0.9215033498952862","0.10071088903667992","0.3727777777777778","0.037473875610607665","0.07015640114719512","13.708501380000001","0.25055555555555553","0.47333333333333333","0.657344050382234","0.003562926571553304","85.5","1.0"
"Synthetic","train","syn_n50_k05_low_corr_skewed_extreme_events_r02_s20260627","50","3","0.05","GDE3","1.0665830838255363","0.025146551532430807","0.8733333333333334","0.012574025554834804","0.05885464850351958","3.1591019066666672","0.6211111111111112","0.9011111111111112","1.1838471228454481","0.004694107282114861","96.33333333333333","1.0"
"Synthetic","train","syn_n50_k05_low_corr_skewed_extreme_events_r02_s20260627","50","3","0.05","A_MPMO","1.0792502949882317","0.005908316561974708","0.8738888888888888","0.007690870331141451","0.015497688207330055","1.9122762066666668","0.5474999999999999","0.9725000000000001","1.201588450318201","0.005981777332348322","95.56666666666666","1.0"
"Synthetic","train","syn_n50_k05_low_corr_skewed_extreme_events_r02_s20260627","50","3","0.05","ECMADE_MOO","1.0713131133916627","0.012041394136978854","0.781388888888889","0.018106242580597294","0.02338369382335752","6.603313173333333","0.4905555555555556","0.8930555555555556","1.213053132711746","0.005216983053408857","93.46666666666667","1.0"
"Synthetic","train","syn_n50_k05_pathological_cov_normal_extreme_events_r02_s20260628","50","3","0.05","NSGAII","1.0689827448128435","0.008034137829276648","0.8427777777777777","0.007002996184347592","0.02207477454942879","0.7033970866666668","0.5036111111111111","0.9808333333333334","1.4042825482525942","0.006834459065584386","96.33333333333333","1.0"
"Synthetic","train","syn_n50_k05_pathological_cov_normal_extreme_events_r02_s20260628","50","3","0.05","SPEA2","1.068719682483361","0.007596349975649427","0.8363888888888888","0.006597035488182604","0.024887077040370822","7.721256269999999","0.5697222222222222","0.9869444444444445","1.4042825482525942","0.007948295986986683","100.0","1.0"
"Synthetic","train","syn_n50_k05_pathological_cov_normal_extreme_events_r02_s20260628","50","3","0.05","MOEAD","0.9535470416292963","0.21322222224693282","0.2216666666666667","0.07985425037432439","0.10585338800350867","14.231402176666666","0.1758333333333333","0.2938888888888889","0.5858463663101724","0.002027696656247831","83.1","1.0"
"Synthetic","train","syn_n50_k05_pathological_cov_normal_extreme_events_r02_s20260628","50","3","0.05","GDE3","1.0655300465748554","0.04321779095435353","0.7627777777777778","0.00604128174314894","0.04403228932203354","2.690988533333333","0.5716666666666667","0.7941666666666668","1.2042062321921787","0.003545338465888989","98.93333333333334","1.0"
"Synthetic","train","syn_n50_k05_pathological_cov_normal_extreme_events_r02_s20260628","50","3","0.05","A_MPMO","1.0688312602403733","0.009524755152080074","0.8286111111111111","0.007087658164343248","0.02866984407938537","1.6456883366666666","0.5055555555555556","0.975","1.39575332266347","0.006983045863440781","95.8","1.0"
"Synthetic","train","syn_n50_k05_pathological_cov_normal_extreme_events_r02_s20260628","50","3","0.05","ECMADE_MOO","1.0667499454715084","0.02184651840329817","0.7688888888888888","0.009916287779323811","0.052447131517491925","6.673823360000001","0.5008333333333332","0.9008333333333335","1.3446964635295908","0.00610174466689653","94.5","1.0"
"Synthetic","train","syn_n50_k05_low_corr_normal_low_vol_r01_s20260629","50","3","0.05","NSGAII","1.1615053208456356","0.006848419052222751","0.8616666666666665","0.005281967756105145","0.025144425913614148","0.7052472166666666","0.5438888888888889","0.9772222222222222","1.2575940419786582","0.006296802706378736","96.73333333333333","1.0"
"Synthetic","train","syn_n50_k05_low_corr_normal_low_vol_r01_s20260629","50","3","0.05","SPEA2","1.1621577571639103","0.012678243676125765","0.6141666666666665","0.004208172512451957","0.040066290031802204","7.739258319999999","0.4477777777777777","0.8458333333333332","1.2328333022071762","0.014867676838094087","100.0","1.0"
"Synthetic","train","syn_n50_k05_low_corr_normal_low_vol_r01_s20260629","50","3","0.05","MOEAD","1.0272617102421524","0.23674970032759857","0.16749999999999995","0.009021362055533343","0.015071700605570794","14.419203523333334","0.14694444444444446","0.19472222222222227","0.23318978504369417","0.0013406687567949313","73.93333333333334","1.0"
"Synthetic","train","syn_n50_k05_low_corr_normal_low_vol_r01_s20260629","50","3","0.05","GDE3","1.1605217505736773","0.057211508717621255","0.7244444444444443","0.006259937601493388","0.07877221920796608","2.533562876666667","0.5399999999999999","0.7733333333333334","1.1105625674210795","0.00419632098809325","99.46666666666667","1.0"
"Synthetic","train","syn_n50_k05_low_corr_normal_low_vol_r01_s20260629","50","3","0.05","A_MPMO","1.1580284703738724","0.0353996630358847","0.7116666666666667","0.015937332891742973","0.06698383100816897","1.6729346299999999","0.43833333333333335","0.8241666666666666","1.1722316622492428","0.005756025036368973","95.33333333333333","1.0"
"Synthetic","train","syn_n50_k05_low_corr_normal_low_vol_r01_s20260629","50","3","0.05","ECMADE_MOO","1.1564701377603261","0.016498847286307412","0.7211111111111113","0.025574689125239733","0.032545032079265145","5.999226760000001","0.44277777777777777","0.8419444444444445","1.2170228387085658","0.0054561201808174635","94.1","1.0"
"Synthetic","train","syn_n50_k05_high_corr_heavy_tail_extreme_events_r01_s20260630","50","3","0.05","NSGAII","1.1398189755700439","0.006349726626608832","0.8408333333333334","0.004360871167073388","0.018379969141744504","0.7141953600000002","0.48416666666666663","0.9858333333333335","1.3568609373374036","0.007138316060586418","96.8","1.0"
"Synthetic","train","syn_n50_k05_high_corr_heavy_tail_extreme_events_r01_s20260630","50","3","0.05","SPEA2","1.1359733444221143","0.027929577156061234","0.8658333333333332","0.0074598510062874645","0.057595344785999814","9.227306616666668","0.5363888888888889","0.9352777777777778","1.3074646621000554","0.004235930547318495","100.0","1.0"
"Synthetic","train","syn_n50_k05_high_corr_heavy_tail_extreme_events_r01_s20260630","50","3","0.05","MOEAD","1.0638802644124965","0.24239224952926522","0.23222222222222225","0.05779627576556476","0.0564254043152832","13.460681706666668","0.2069444444444444","0.2677777777777777","0.3033966496120344","0.0031065885796938975","67.4","1.0"
"Synthetic","train","syn_n50_k05_high_corr_heavy_tail_extreme_events_r01_s20260630","50","3","0.05","GDE3","1.1267976152457602","0.07465253287794475","0.7677777777777778","0.03858395608264406","0.1127898320104452","2.808678223333333","0.5233333333333333","0.8072222222222222","1.1754263305322288","0.0036047718656333993","99.66666666666667","1.0"
"Synthetic","train","syn_n50_k05_high_corr_heavy_tail_extreme_events_r01_s20260630","50","3","0.05","A_MPMO","1.1378334362616627","0.016285089679024655","0.8013888888888888","0.006391451856657462","0.0315051297148036","1.7469779733333333","0.4680555555555556","0.9477777777777778","1.3226813865623557","0.007328153485264124","96.36666666666666","1.0"
"Synthetic","train","syn_n50_k05_high_corr_heavy_tail_extreme_events_r01_s20260630","50","3","0.05","ECMADE_MOO","1.1299481363908925","0.05369435910159486","0.7369444444444444","0.04291223315502407","0.0984730073367269","6.601965403333334","0.4633333333333333","0.8627777777777778","1.2637946528661341","0.0067350868852042245","95.4","1.0"
"Synthetic","train","syn_n50_k05_low_corr_heavy_tail_high_vol_r03_s20260631","50","3","0.05","NSGAII","1.0121563452445292","0.007183627796446038","0.8124999999999999","0.019493049404117425","0.01688687129061562","0.7148460933333334","0.4980555555555556","0.9427777777777778","1.3062440153259705","0.005614514200004417","96.16666666666667","1.0"
"Synthetic","train","syn_n50_k05_low_corr_heavy_tail_high_vol_r03_s20260631","50","3","0.05","SPEA2","1.0134769697660928","0.006344908234716933","0.8324999999999999","0.014789192803330345","0.021976914051704398","8.685241640000003","0.5311111111111111","0.9636111111111112","1.3154807657140262","0.006407435934597578","100.0","1.0"
"Synthetic","train","syn_n50_k05_low_corr_heavy_tail_high_vol_r03_s20260631","50","3","0.05","MOEAD","0.9130197333359228","0.06967251317589142","0.33055555555555555","0.05711505210411838","0.049913335004763255","14.930300363333329","0.2311111111111111","0.41750000000000015","0.8712807218858603","0.003926870064937727","87.3","1.0"
"Synthetic","train","syn_n50_k05_low_corr_heavy_tail_high_vol_r03_s20260631","50","3","0.05","GDE3","1.0066488545395627","0.011367313691355647","0.7294444444444443","0.026257906778639813","0.02219549797765523","2.867773083333333","0.47638888888888886","0.8319444444444444","1.2855635140856227","0.0027605645351995597","99.36666666666666","1.0"
"Synthetic","train","syn_n50_k05_low_corr_heavy_tail_high_vol_r03_s20260631","50","3","0.05","A_MPMO","1.0038729280448744","0.010949069475548934","0.6549999999999999","0.026334818342464542","0.022344645937280496","1.50368688","0.38861111111111113","0.8283333333333333","1.313525838708642","0.005931084464150836","94.8","1.0"
"Synthetic","train","syn_n50_k05_low_corr_heavy_tail_high_vol_r03_s20260631","50","3","0.05","ECMADE_MOO","1.0073088563534727","0.009679322650967883","0.6916666666666665","0.028975370945715184","0.021252763797790442","5.9010973","0.40750000000000003","0.8786111111111112","1.3117185973543652","0.005258837067915653","92.96666666666667","1.0"
"Synthetic","train","syn_n50_k05_cluster_corr_skewed_high_vol_r01_s20260632","50","3","0.05","NSGAII","1.0848071088669107","0.006986370280754801","0.8983333333333334","0.005723843487983826","0.025349923128250143","0.72146374","0.5788888888888889","0.9791666666666667","1.2281470535626478","0.0053511576278939925","96.76666666666667","1.0"
"Synthetic","train","syn_n50_k05_cluster_corr_skewed_high_vol_r01_s20260632","50","3","0.05","SPEA2","1.0842817523534964","0.011984324797041732","0.8458333333333334","0.005700318695962615","0.04111921189616306","8.533631753333333","0.5608333333333333","0.9602777777777779","1.2130392929902951","0.00665130208138259","100.0","1.0"
"Synthetic","train","syn_n50_k05_cluster_corr_skewed_high_vol_r01_s20260632","50","3","0.05","MOEAD","0.9742129751554508","0.1199674250241748","0.3638888888888889","0.05151936899859237","0.08699188268169883","15.02383737","0.24333333333333332","0.4822222222222223","0.6237463373944998","0.0034047889422284335","80.13333333333334","1.0"
"Synthetic","train","syn_n50_k05_cluster_corr_skewed_high_vol_r01_s20260632","50","3","0.05","GDE3","1.08395935872635","0.006508527924058558","0.9336111111111111","0.010685089242598513","0.024990363217255188","2.7792603433333336","0.66","0.9636111111111113","1.2195461624677901","0.00284298911941917","99.0","1.0"
"Synthetic","train","syn_n50_k05_cluster_corr_skewed_high_vol_r01_s20260632","50","3","0.05","A_MPMO","1.0746087725254865","0.024043787561935655","0.7588888888888891","0.02239622991576856","0.05298399942536485","1.3451286566666667","0.5058333333333335","0.8738888888888888","1.1797227595141802","0.005849259282085345","94.63333333333334","1.0"
"Synthetic","train","syn_n50_k05_cluster_corr_skewed_high_vol_r01_s20260632","50","3","0.05","ECMADE_MOO","1.072278376839276","0.016569734798972446","0.7722222222222221","0.02587395020995149","0.037452433772271344","6.2644067733333335","0.48638888888888887","0.8830555555555557","1.2425961103971264","0.005141436264167226","92.56666666666666","1.0"
"Synthetic","train","syn_n50_k05_pathological_cov_skewed_high_vol_r03_s20260633","50","3","0.05","NSGAII","0.8866478355275547","0.005562782854662229","0.9091666666666668","0.0103980736206965","0.012912388053627544","0.7275021266666667","0.5427777777777777","0.9869444444444446","1.3189870948189895","0.0049916168330089265","97.4","1.0"
"Synthetic","train","syn_n50_k05_pathological_cov_skewed_high_vol_r03_s20260633","50","3","0.05","SPEA2","0.8881533766857739","0.004687162126500051","0.9727777777777776","0.0077760585246576764","0.01488202652391647","10.52774707333333","0.6522222222222223","0.9883333333333335","1.3189697612240694","0.003407035456209622","100.0","1.0"
"Synthetic","train","syn_n50_k05_pathological_cov_skewed_high_vol_r03_s20260633","50","3","0.05","MOEAD","0.8341222441780476","0.04397756280646256","0.36888888888888893","0.06757467317353295","0.07449029889751078","14.974779246666666","0.17305555555555555","0.5719444444444445","1.0168425718578145","0.004477703882051797","92.0","1.0"
"Synthetic","train","syn_n50_k05_pathological_cov_skewed_high_vol_r03_s20260633","50","3","0.05","GDE3","0.884719517663341","0.006368984075273543","0.9358333333333333","0.009036241197954232","0.020123894810767366","3.552919859999999","0.6241666666666666","0.961388888888889","1.283673345040664","0.002218365549767289","99.7","1.0"
"Synthetic","train","syn_n50_k05_pathological_cov_skewed_high_vol_r03_s20260633","50","3","0.05","A_MPMO","0.8862623526140542","0.00563655657554332","0.9033333333333334","0.010729923498860776","0.0160796450820109","1.4443274199999998","0.5383333333333333","0.9872222222222224","1.3281323711018385","0.005210306092376462","96.6","1.0"
"Synthetic","train","syn_n50_k05_pathological_cov_skewed_high_vol_r03_s20260633","50","3","0.05","ECMADE_MOO","0.885000602115529","0.006458970426099351","0.876388888888889","0.01220374046409622","0.0227828617506314","6.63795501","0.49472222222222223","0.9800000000000002","1.3065131779465624","0.004814546378797284","96.33333333333333","1.0"
"Synthetic","validation","syn_n50_k05_high_corr_normal_low_vol_r03_s20260634","50","3","0.05","NSGAII","1.1279817283376625","0.01429732708665737","0.826111111111111","0.004916357193824483","0.028124766056312166","0.7419047466666667","0.49138888888888876","0.9636111111111113","1.3569529982098743","0.00708633820672171","97.2","1.0"
"Synthetic","validation","syn_n50_k05_high_corr_normal_low_vol_r03_s20260634","50","3","0.05","SPEA2","1.128080393719422","0.012566442959627343","0.5824999999999999","0.005987519694425272","0.01652816597241121","8.388874626666668","0.4461111111111112","0.7494444444444446","1.3749957401036097","0.01852173034529545","100.0","1.0"
"Synthetic","validation","syn_n50_k05_high_corr_normal_low_vol_r03_s20260634","50","3","0.05","MOEAD","0.9930406172147198","0.23136541130516536","0.2536111111111112","0.02942080700572639","0.11558533471951914","13.538078403333333","0.19277777777777777","0.31749999999999995","0.4533261480234605","0.002450063040771701","76.43333333333334","1.0"
"Synthetic","validation","syn_n50_k05_high_corr_normal_low_vol_r03_s20260634","50","3","0.05","GDE3","1.1250700681228623","0.01133709018900213","0.8891666666666667","0.006432308139583854","0.03808556972893555","3.359798073333333","0.5238888888888888","0.9494444444444446","1.3137976458749105","0.0033126317855832446","99.53333333333333","1.0"
"Synthetic","validation","syn_n50_k05_high_corr_normal_low_vol_r03_s20260634","50","3","0.05","A_MPMO","1.1247271159027032","0.023523945785854573","0.7724999999999999","0.008617856834816773","0.05369708722823318","1.4012452566666664","0.4494444444444445","0.9158333333333335","1.2970461771982114","0.007048803667350316","97.23333333333333","1.0"
"Synthetic","validation","syn_n50_k05_high_corr_normal_low_vol_r03_s20260634","50","3","0.05","ECMADE_MOO","1.1222730978660473","0.023743108149811478","0.7552777777777778","0.009034517342473722","0.048801396708389566","6.508378990000001","0.4599999999999999","0.9186111111111112","1.2962021707108384","0.006173326214005104","94.8","1.0"
"Synthetic","validation","syn_n50_k05_cluster_corr_mixed_extreme_events_r03_s20260635","50","3","0.05","NSGAII","1.1305391821383568","0.008450066119951477","0.9458333333333332","0.003568889615259898","0.03216981130994529","0.7590598233333332","0.7283333333333333","0.9669444444444444","0.9406452524752054","0.004208910844737537","96.6","1.0"
"Synthetic","validation","syn_n50_k05_cluster_corr_mixed_extreme_events_r03_s20260635","50","3","0.05","SPEA2","1.1301191670032449","0.008018580345582492","0.9277777777777777","0.003766037405642218","0.049727912680988286","6.121092916666666","0.7177777777777777","0.9580555555555555","0.9436468204766094","0.0037470042142639325","100.0","1.0"
"Synthetic","validation","syn_n50_k05_cluster_corr_mixed_extreme_events_r03_s20260635","50","3","0.05","MOEAD","1.0127067176194016","0.14191353244575458","0.24472222222222226","0.08353643063033257","0.05799481698594322","13.960202603333332","0.20638888888888887","0.29333333333333333","0.3318642698640718","0.0025504177683137027","71.33333333333333","1.0"
"Synthetic","validation","syn_n50_k05_cluster_corr_mixed_extreme_events_r03_s20260635","50","3","0.05","GDE3","1.1218349519546904","0.017698946717864934","0.8369444444444444","0.023121585212140538","0.04629990127917724","3.035658376666667","0.7316666666666668","0.8772222222222222","0.9421735187876494","0.002370318389555063","99.16666666666667","1.0"
"Synthetic","validation","syn_n50_k05_cluster_corr_mixed_extreme_events_r03_s20260635","50","3","0.05","A_MPMO","1.127872928873527","0.007789106609855758","0.8694444444444444","0.010888922904440178","0.028532732559171697","1.4311167466666668","0.6530555555555557","0.9325","0.9954089683149366","0.004457386058375618","94.86666666666666","1.0"
"Synthetic","validation","syn_n50_k05_cluster_corr_mixed_extreme_events_r03_s20260635","50","3","0.05","ECMADE_MOO","1.1222191488572062","0.012823738099837141","0.8247222222222222","0.014328647965122223","0.03111144515569525","6.081856633333333","0.6352777777777779","0.9005555555555556","0.9802955227287022","0.004065218429208827","94.53333333333333","1.0"
"Synthetic","validation","syn_n50_k05_cluster_corr_heavy_tail_low_vol_r02_s20260636","50","3","0.05","NSGAII","1.1185877132669764","0.0066843832573647574","0.8730555555555555","0.008555045046668238","0.018348709880487233","0.6917148366666666","0.558888888888889","0.9761111111111112","1.1932851108099602","0.005765389236544532","96.96666666666667","1.0"
"Synthetic","validation","syn_n50_k05_cluster_corr_heavy_tail_low_vol_r02_s20260636","50","3","0.05","SPEA2","1.1192426490094436","0.00741310912233075","0.7855555555555553","0.008234024043759548","0.03262155959001528","6.679328793333334","0.47222222222222227","0.9825000000000002","1.210973462594483","0.0091330544609858","100.0","1.0"
"Synthetic","validation","syn_n50_k05_cluster_corr_heavy_tail_low_vol_r02_s20260636","50","3","0.05","MOEAD","1.0297270891676198","0.14551321365871903","0.27055555555555555","0.05512511035969159","0.10094927131645748","14.361992659999999","0.18555555555555556","0.3958333333333333","0.5544230868223387","0.003211943444709856","84.46666666666667","1.0"
"Synthetic","validation","syn_n50_k05_cluster_corr_heavy_tail_low_vol_r02_s20260636","50","3","0.05","GDE3","1.1164399300426469","0.014250009314404514","0.9188888888888889","0.009339112740442156","0.024793091576195494","2.6693324866666672","0.6277777777777779","0.9547222222222224","1.1944091781930448","0.003460371218074213","99.03333333333333","1.0"
"Synthetic","validation","syn_n50_k05_cluster_corr_heavy_tail_low_vol_r02_s20260636","50","3","0.05","A_MPMO","1.1147384543316174","0.016970562662274213","0.8244444444444444","0.010240437711343411","0.03265537595730154","1.4452817866666665","0.5075000000000001","0.943888888888889","1.1978274178656971","0.005724090311876175","95.6","1.0"
"Synthetic","validation","syn_n50_k05_cluster_corr_heavy_tail_low_vol_r02_s20260636","50","3","0.05","ECMADE_MOO","1.11708438239243","0.00802351997976719","0.8172222222222221","0.013965330476232812","0.022605023287342964","6.385988573333332","0.5202777777777778","0.9316666666666668","1.2142909156244373","0.005417430232072424","94.86666666666666","1.0"
"Synthetic","test","syn_n50_k05_high_corr_mixed_high_vol_r02_s20260637","50","3","0.05","NSGAII","0.9931332072705069","0.006226795561325114","0.8925000000000001","0.008812967266575808","0.020478711563823353","0.6990582233333333","0.5558333333333335","0.9836111111111111","1.2771860906296397","0.005572317262512261","96.86666666666666","1.0"
"Synthetic","test","syn_n50_k05_high_corr_mixed_high_vol_r02_s20260637","50","3","0.05","SPEA2","0.9950820233909438","0.005054554015938381","0.9169444444444446","0.007320856778456674","0.015186403759146745","8.259029166666668","0.5969444444444445","0.991111111111111","1.2886862753600345","0.005500879966456356","100.0","1.0"
"Synthetic","test","syn_n50_k05_high_corr_mixed_high_vol_r02_s20260637","50","3","0.05","MOEAD","0.8905413057044309","0.10339909090103332","0.29333333333333333","0.07872209272813202","0.10582123411168452","14.86397884","0.23555555555555555","0.38333333333333336","0.7675654378416634","0.00387128860765228","86.93333333333334","1.0"
"Synthetic","test","syn_n50_k05_high_corr_mixed_high_vol_r02_s20260637","50","3","0.05","GDE3","0.9897241805491923","0.0073762382557608745","0.9169444444444446","0.0084658040675843","0.026715744257240926","3.0766864099999993","0.6380555555555554","0.9441666666666666","1.2620270099129103","0.002552700476612817","99.23333333333333","1.0"
"Synthetic","test","syn_n50_k05_high_corr_mixed_high_vol_r02_s20260637","50","3","0.05","A_MPMO","0.9943124222855584","0.005540345543656771","0.8841666666666667","0.009474586977908095","0.018416190201373524","1.4292210033333332","0.5191666666666668","0.9913888888888889","1.2927725314953054","0.006209514533246064","94.93333333333334","1.0"
"Synthetic","test","syn_n50_k05_high_corr_mixed_high_vol_r02_s20260637","50","3","0.05","ECMADE_MOO","0.9918442641902022","0.0068876651133149575","0.8386111111111114","0.012977753154484208","0.024293242973085386","6.480319233333332","0.4947222222222223","0.9702777777777777","1.2937160397916692","0.004872669833912992","95.56666666666666","1.0"
"Synthetic","test","syn_n50_k05_pathological_cov_mixed_low_vol_r01_s20260638","50","3","0.05","NSGAII","1.0963368410676704","0.005783326217217526","0.8502777777777778","0.006699047972020886","0.016711477259088565","0.70252292","0.48500000000000004","0.9958333333333335","1.4142135603925425","0.00697541532279795","96.96666666666667","1.0"
"Synthetic","test","syn_n50_k05_pathological_cov_mixed_low_vol_r01_s20260638","50","3","0.05","SPEA2","1.0959741947660921","0.006309112798249509","0.8083333333333332","0.006555299072568507","0.010102336536377366","7.414794626666665","0.5472222222222222","0.9608333333333333","1.4142135623730947","0.011077022506187112","100.0","1.0"
"Synthetic","test","syn_n50_k05_pathological_cov_mixed_low_vol_r01_s20260638","50","3","0.05","MOEAD","1.022780189041071","0.16588205476059342","0.23333333333333334","0.05005648332696419","0.0673576807125199","15.572846103333331","0.14888888888888888","0.32666666666666677","0.6876494564976302","0.00338147854801816","83.8","1.0"
"Synthetic","test","syn_n50_k05_pathological_cov_mixed_low_vol_r01_s20260638","50","3","0.05","GDE3","1.091906508268573","0.02493041544817631","0.8058333333333333","0.009035459857858648","0.046816283540291895","2.7934978766666663","0.5366666666666668","0.8572222222222222","1.20578448520886","0.003068255292132825","99.93333333333334","1.0"
"Synthetic","test","syn_n50_k05_pathological_cov_mixed_low_vol_r01_s20260638","50","3","0.05","A_MPMO","1.0962063717573876","0.00653883501349088","0.8352777777777777","0.006486805536010431","0.017981769019400445","1.4219560633333335","0.49333333333333335","0.9861111111111112","1.408268481100522","0.007006221639539595","96.33333333333333","1.0"
"Synthetic","test","syn_n50_k05_pathological_cov_mixed_low_vol_r01_s20260638","50","3","0.05","ECMADE_MOO","1.0922855071660031","0.014899294675211394","0.7533333333333334","0.01636472640340803","0.03974292642474744","6.386427153333332","0.4583333333333333","0.9047222222222223","1.3369256276330548","0.006169788790623925","95.23333333333333","1.0"
"Synthetic","train","syn_n50_k10_high_corr_mixed_high_vol_r02_s20260639","50","5","0.1","NSGAII","1.0395332574547005","0.006771554635357475","0.9116666666666667","0.006960843539409085","0.017951947243694758","0.7065699266666666","0.5730555555555555","0.9769444444444446","1.2012262306162045","0.004944034692671509","98.8","1.0"
"Synthetic","train","syn_n50_k10_high_corr_mixed_high_vol_r02_s20260639","50","5","0.1","SPEA2","1.0418990346201749","0.005700799921001756","0.9136111111111112","0.005581431686731533","0.02882762538643471","5.480496450000001","0.6316666666666666","0.9827777777777779","1.2205834412364291","0.005662505557525625","100.0","1.0"
"Synthetic","train","syn_n50_k10_high_corr_mixed_high_vol_r02_s20260639","50","5","0.1","MOEAD","0.9014832602377205","0.12446077978323998","0.26666666666666666","0.035139132125359275","0.04955255537866075","14.442728403333332","0.14666666666666667","0.4075","0.5337568802700743","0.003207254632370239","79.3","1.0"
"Synthetic","train","syn_n50_k10_high_corr_mixed_high_vol_r02_s20260639","50","5","0.1","GDE3","1.0312451120594046","0.028661446490845798","0.7977777777777778","0.014877313458001131","0.0457105071425914","2.469643376666667","0.6466666666666666","0.8191666666666667","1.022382133530066","0.0025190357829864953","99.96666666666667","1.0"
"Synthetic","train","syn_n50_k10_high_corr_mixed_high_vol_r02_s20260639","50","5","0.1","A_MPMO","1.0333707150092186","0.019708702262019942","0.8336111111111112","0.017741250521749876","0.04990646083224109","1.4277772733333334","0.538611111111111","0.9061111111111113","1.1290105690949623","0.004712270357659496","98.26666666666667","1.0"
"Synthetic","train","syn_n50_k10_high_corr_mixed_high_vol_r02_s20260639","50","5","0.1","ECMADE_MOO","1.0339578435761063","0.011061657266597203","0.8541666666666666","0.00861358745733283","0.02346872070968894","4.16643168","0.5363888888888889","0.9272222222222223","1.2042582681546776","0.004822605613058036","96.83333333333333","1.0"
"Synthetic","train","syn_n50_k10_cluster_corr_mixed_extreme_events_r03_s20260640","50","5","0.1","NSGAII","1.000979667180331","0.015914840519185954","0.8455555555555556","0.022120186408724835","0.04772588810111999","0.7070867366666664","0.5016666666666667","0.9272222222222223","1.2338867213510978","0.005237810851800831","98.86666666666666","1.0"
"Synthetic","train","syn_n50_k10_cluster_corr_mixed_extreme_events_r03_s20260640","50","5","0.1","SPEA2","1.0069802350497274","0.006701093995517233","0.8611111111111112","0.007889591952853822","0.01754009428666143","5.689006023333333","0.5494444444444445","0.9783333333333335","1.3118880193519233","0.006589838379406834","100.0","1.0"
"Synthetic","train","syn_n50_k10_cluster_corr_mixed_extreme_events_r03_s20260640","50","5","0.1","MOEAD","0.9053822853647436","0.09375262532915765","0.4944444444444444","0.02648698344169947","0.053455306115679106","14.464013070000002","0.3083333333333333","0.6136111111111112","0.7796967461023665","0.003452374270921561","84.96666666666667","1.0"
"Synthetic","train","syn_n50_k10_cluster_corr_mixed_extreme_events_r03_s20260640","50","5","0.1","GDE3","1.0016693818240665","0.012929797919519783","0.8813888888888889","0.014099216658475912","0.03059975868150292","2.0643934566666666","0.5469444444444446","0.9116666666666667","1.2330168050157877","0.0029936502447580507","100.0","1.0"
"Synthetic","train","syn_n50_k10_cluster_corr_mixed_extreme_events_r03_s20260640","50","5","0.1","A_MPMO","1.0002513648554356","0.015120622259908907","0.8316666666666667","0.02152598116861986","0.04437953757277443","1.5040853599999997","0.45499999999999996","0.9322222222222224","1.2510932278237676","0.005293392484336713","97.83333333333333","1.0"
"Synthetic","train","syn_n50_k10_cluster_corr_mixed_extreme_events_r03_s20260640","50","5","0.1","ECMADE_MOO","1.003539285838999","0.007795378704453095","0.8075","0.014716626594712045","0.019388672898993084","3.60441792","0.4155555555555555","0.9522222222222223","1.3458613776555535","0.005474936222639977","96.7","1.0"
"Synthetic","train","syn_n50_k10_low_corr_heavy_tail_high_vol_r03_s20260641","50","5","0.1","NSGAII","1.0731964657028914","0.01729362027592464","0.8355555555555555","0.013709829719761804","0.048768609036006876","0.7144028133333333","0.5263888888888889","0.9152777777777779","1.17372152787484","0.005209732273824689","98.76666666666667","1.0"
"Synthetic","train","syn_n50_k10_low_corr_heavy_tail_high_vol_r03_s20260641","50","5","0.1","SPEA2","1.0749655996967928","0.013541693075451628","0.9075000000000001","0.01262364672529646","0.05409292435946176","5.501433109999999","0.5974999999999999","0.9336111111111111","1.1984966982131202","0.004305454961480307","100.0","1.0"
"Synthetic","train","syn_n50_k10_low_corr_heavy_tail_high_vol_r03_s20260641","50","5","0.1","MOEAD","0.9887537974080051","0.20509946711450266","0.24583333333333338","0.04922418268811251","0.028531431875986904","14.138933523333334","0.16138888888888892","0.2938888888888888","0.45306544637910307","0.0024397710756974807","89.5","1.0"
"Synthetic","train","syn_n50_k10_low_corr_heavy_tail_high_vol_r03_s20260641","50","5","0.1","GDE3","1.0665605676130294","0.034233054701555896","0.7516666666666666","0.028881470110452643","0.06852185376548817","1.81201876","0.4749999999999999","0.8377777777777776","1.1193590724334646","0.0042101922696057776","99.93333333333334","1.0"
"Synthetic","train","syn_n50_k10_low_corr_heavy_tail_high_vol_r03_s20260641","50","5","0.1","A_MPMO","1.0675120304851369","0.03295876187898061","0.7583333333333334","0.023254509298982907","0.0638711592523089","1.3838082633333335","0.4772222222222222","0.8447222222222223","1.1180864178543817","0.004895434258596838","98.56666666666666","1.0"
"Synthetic","train","syn_n50_k10_low_corr_heavy_tail_high_vol_r03_s20260641","50","5","0.1","ECMADE_MOO","1.0755082862439802","0.006905314688289281","0.8391666666666668","0.009912579679433334","0.03587318009663733","2.9396430466666663","0.47027777777777774","0.9694444444444446","1.2671449248022326","0.0061009420094432654","95.9","1.0"
"Synthetic","train","syn_n50_k10_low_corr_normal_low_vol_r01_s20260642","50","5","0.1","NSGAII","1.0161933020206195","0.005758433161379997","0.898888888888889","0.008780623436130284","0.014342194399492986","0.71126772","0.5283333333333333","0.9902777777777778","1.3285285234068993","0.005565996695828685","98.66666666666667","1.0"
"Synthetic","train","syn_n50_k10_low_corr_normal_low_vol_r01_s20260642","50","5","0.1","SPEA2","1.0162051139215198","0.006542585127228121","0.826111111111111","0.008559074343965856","0.01342682642420927","5.524269383333334","0.5113888888888889","0.9827777777777779","1.3209193081001491","0.00724343017694242","100.0","1.0"
"Synthetic","train","syn_n50_k10_low_corr_normal_low_vol_r01_s20260642","50","5","0.1","MOEAD","0.8198356748395189","0.11798364915697584","0.5147222222222223","0.009249394013091033","0.018647498823259886","14.979252383333336","0.2833333333333333","0.6233333333333333","0.7349432020816876","0.0045951022498792495","84.2","1.0"
"Synthetic","train","syn_n50_k10_low_corr_normal_low_vol_r01_s20260642","50","5","0.1","GDE3","1.016235713833075","0.005187054286246784","0.9697222222222223","0.007635303151365632","0.011824855514539797","2.2423292933333334","0.5813888888888888","0.9913888888888889","1.3189145389716068","0.002774576249514704","99.73333333333333","1.0"
"Synthetic","train","syn_n50_k10_low_corr_normal_low_vol_r01_s20260642","50","5","0.1","A_MPMO","1.0134713203311425","0.008373052988582912","0.8500000000000001","0.011021913270354044","0.024152092026235094","1.3850029933333332","0.46388888888888896","0.970277777777778","1.3207392600222376","0.005558692371705521","97.93333333333334","1.0"
"Synthetic","train","syn_n50_k10_low_corr_normal_low_vol_r01_s20260642","50","5","0.1","ECMADE_MOO","1.0120510923798478","0.007834946616013038","0.780277777777778","0.015394756976651042","0.020521495673965284","2.710488046666667","0.40194444444444444","0.9452777777777778","1.3338652426423905","0.005632405445837147","96.83333333333333","1.0"
"Synthetic","train","syn_n50_k10_high_corr_normal_low_vol_r03_s20260643","50","5","0.1","NSGAII","0.8915981987368842","0.005206089455085606","0.9041666666666667","0.010188581556511516","0.016711625642613265","0.7041680566666667","0.5577777777777778","0.9925000000000002","1.3767307803858664","0.0052303418694375405","98.76666666666667","1.0"
"Synthetic","train","syn_n50_k10_high_corr_normal_low_vol_r03_s20260643","50","5","0.1","SPEA2","0.8894316758613571","0.008397350763558195","0.9330555555555555","0.007873162862766313","0.019390860849909344","8.586488079999999","0.6336111111111111","0.9800000000000002","1.3595372749533705","0.004869425461595508","100.0","1.0"
"Synthetic","train","syn_n50_k10_high_corr_normal_low_vol_r03_s20260643","50","5","0.1","MOEAD","0.800272331539119","0.08864855455945263","0.22027777777777782","0.06442560974571254","0.04806728993303668","11.913824123333333","0.0961111111111111","0.3663888888888888","0.8381010003669372","0.005932513908952288","75.0","1.0"
"Synthetic","train","syn_n50_k10_high_corr_normal_low_vol_r03_s20260643","50","5","0.1","GDE3","0.8824400936217326","0.02430057485209069","0.8033333333333335","0.008074174083159118","0.007971230889631137","1.8479903966666666","0.5980555555555555","0.8202777777777777","1.1717523733959623","0.002210811554835638","100.0","1.0"
"Synthetic","train","syn_n50_k10_high_corr_normal_low_vol_r03_s20260643","50","5","0.1","A_MPMO","0.8897952731634365","0.007753833196897252","0.8655555555555555","0.012678363236997886","0.020012480785109647","1.3751027133333333","0.5399999999999998","0.9605555555555555","1.3528938441933647","0.005369851944681006","98.26666666666667","1.0"
"Synthetic","train","syn_n50_k10_high_corr_normal_low_vol_r03_s20260643","50","5","0.1","ECMADE_MOO","0.8881573587177196","0.008281948871110298","0.8625000000000003","0.014175887999569316","0.024534623072056876","3.5348478466666666","0.4897222222222223","0.9594444444444447","1.3495877750347733","0.005025623582198888","96.66666666666667","1.0"
"Synthetic","train","syn_n50_k10_pathological_cov_skewed_high_vol_r03_s20260644","50","5","0.1","NSGAII","0.7937671186175183","0.005040366849246439","0.9163888888888891","0.011643043420824402","0.010577989208659372","1.03769958","0.5694444444444444","0.9905555555555556","1.378773690029638","0.00496723121540455","98.16666666666667","1.0"
"Synthetic","train","syn_n50_k10_pathological_cov_skewed_high_vol_r03_s20260644","50","5","0.1","SPEA2","0.7956286722330334","0.003966999032591601","0.9852777777777778","0.00821297285662519","0.008631602325979778","12.190356476666665","0.6794444444444445","0.993888888888889","1.3772903308770579","0.0025922527845507","100.0","1.0"
"Synthetic","train","syn_n50_k10_pathological_cov_skewed_high_vol_r03_s20260644","50","5","0.1","MOEAD","0.7407884176448267","0.03307589092390819","0.15333333333333335","0.06323510405007911","0.05049190914894122","4.1603611633333335","0.041944444444444444","0.4286111111111111","1.1974726903770252","0.0066157732763464","85.26666666666667","1.0"
"Synthetic","train","syn_n50_k10_pathological_cov_skewed_high_vol_r03_s20260644","50","5","0.1","GDE3","0.7920863816384107","0.004834494516954633","0.9833333333333335","0.008158465384758057","0.007142689140296297","1.9507505466666664","0.5913888888888889","0.9933333333333335","1.3621180032234799","0.0021418601209752855","100.0","1.0"
"Synthetic","train","syn_n50_k10_pathological_cov_skewed_high_vol_r03_s20260644","50","5","0.1","A_MPMO","0.7937082407000527","0.005144433733570046","0.9033333333333332","0.012173160394805259","0.013556642104284092","1.3264678","0.5616666666666668","0.9911111111111112","1.380117400842812","0.005251111444743885","97.66666666666667","1.0"
"Synthetic","train","syn_n50_k10_pathological_cov_skewed_high_vol_r03_s20260644","50","5","0.1","ECMADE_MOO","0.7942005738597846","0.004866614734048821","0.9208333333333335","0.011039370654497732","0.01936373602098423","3.6274800233333333","0.6111111111111112","0.9866666666666668","1.37408826056959","0.0054582862407120515","96.3","1.0"
"Synthetic","train","syn_n50_k10_high_corr_heavy_tail_extreme_events_r01_s20260645","50","5","0.1","NSGAII","0.9045173497194515","0.006059085160155133","0.8863888888888888","0.011222850893970588","0.021535283501179822","0.8358193499999998","0.5180555555555556","0.9897222222222223","1.3873082639429741","0.0052464446625786676","98.06666666666666","1.0"
"Synthetic","train","syn_n50_k10_high_corr_heavy_tail_extreme_events_r01_s20260645","50","5","0.1","SPEA2","0.9067845030030478","0.004282810954477935","0.9569444444444444","0.00832002607311673","0.008873646855993718","8.135668753333333","0.6511111111111112","1.0","1.3963295308325538","0.004033605819804966","100.0","1.0"
"Synthetic","train","syn_n50_k10_high_corr_heavy_tail_extreme_events_r01_s20260645","50","5","0.1","MOEAD","0.7824381023095446","0.1649960278346006","0.25833333333333336","0.0436780617466352","0.06531879869541418","4.139876266666667","0.13444444444444445","0.38583333333333336","0.701260297037971","0.004414093637051152","81.0","1.0"
"Synthetic","train","syn_n50_k10_high_corr_heavy_tail_extreme_events_r01_s20260645","50","5","0.1","GDE3","0.8981350203054451","0.011871648395207128","0.8786111111111111","0.011912395966895875","0.02180688498955815","2.21044296","0.5647222222222222","0.9113888888888888","1.2713065869447382","0.002627921558476404","100.0","1.0"
"Synthetic","train","syn_n50_k10_high_corr_heavy_tail_extreme_events_r01_s20260645","50","5","0.1","A_MPMO","0.9034899376693788","0.006959616623397951","0.8691666666666666","0.012021489179690401","0.01985816306012012","1.370805363333333","0.49972222222222223","0.9797222222222223","1.3785681503977154","0.005506910958120279","97.46666666666667","1.0"
"Synthetic","train","syn_n50_k10_high_corr_heavy_tail_extreme_events_r01_s20260645","50","5","0.1","ECMADE_MOO","0.9047821446135306","0.0054811721617082886","0.8900000000000001","0.011858706617696578","0.014286716724755209","3.23962618","0.5027777777777778","0.996388888888889","1.396674851299815","0.005112146581064737","97.03333333333333","1.0"
"Synthetic","validation","syn_n50_k10_pathological_cov_mixed_low_vol_r01_s20260646","50","5","0.1","NSGAII","0.86621649473024","0.004345290190132782","0.9455555555555556","0.009213617682199108","0.010001747905976566","0.8457477533333333","0.6444444444444444","0.9980555555555557","1.2444501003332638","0.00463559078975465","98.36666666666666","1.0"
"Synthetic","validation","syn_n50_k10_pathological_cov_mixed_low_vol_r01_s20260646","50","5","0.1","SPEA2","0.8674993303880766","0.0034954832818924367","0.9902777777777779","0.006578828856243941","0.005304448081531724","9.394762846666664","0.7511111111111111","1.0","1.2445470061361028","0.002431941717153115","100.0","1.0"
"Synthetic","validation","syn_n50_k10_pathological_cov_mixed_low_vol_r01_s20260646","50","5","0.1","MOEAD","0.3423071717669417","0.5742062532362535","0.04250000000000001","0.009250124524154276","0.011965316625718937","4.104387149999999","0.030277777777777782","0.06083333333333334","0.04146008096087407","0.0029187506598177828","13.6","1.0"
"Synthetic","validation","syn_n50_k10_pathological_cov_mixed_low_vol_r01_s20260646","50","5","0.1","GDE3","0.8615773689966228","0.0049603337337508204","0.9491666666666666","0.012667969372382133","0.01096735117314288","2.0187183099999997","0.6613888888888889","0.9816666666666667","1.2334910541690272","0.0019973677503683177","99.9","1.0"
"Synthetic","validation","syn_n50_k10_pathological_cov_mixed_low_vol_r01_s20260646","50","5","0.1","A_MPMO","0.8637665773500943","0.005112682129327667","0.9391666666666667","0.011015366101296381","0.016893724319946322","1.3335301499999999","0.6330555555555556","0.9891666666666666","1.2364200546889557","0.004709803614382757","97.6","1.0"
"Synthetic","validation","syn_n50_k10_pathological_cov_mixed_low_vol_r01_s20260646","50","5","0.1","ECMADE_MOO","0.8630669097394273","0.00627976556817828","0.9063888888888889","0.010759185056110445","0.015585316047989926","3.4206510333333333","0.5947222222222222","0.9580555555555555","1.247657860221294","0.0045005646378277675","95.06666666666666","1.0"
"Synthetic","validation","syn_n50_k10_cluster_corr_heavy_tail_low_vol_r02_s20260647","50","5","0.1","NSGAII","1.1356018140192796","0.01682260421036348","0.7875000000000001","0.006549955351942444","0.0470861913034309","0.9432593400000001","0.4783333333333333","0.8899999999999999","1.2184719061597407","0.006118839804827348","98.5","1.0"
"Synthetic","validation","syn_n50_k10_cluster_corr_heavy_tail_low_vol_r02_s20260647","50","5","0.1","SPEA2","1.136646413208257","0.029013560514211608","0.5233333333333332","0.007114597475010267","0.032622804800769935","5.499651416666667","0.3363888888888888","0.6891666666666666","1.2494543362647288","0.019875036330544285","100.0","1.0"
"Synthetic","validation","syn_n50_k10_cluster_corr_heavy_tail_low_vol_r02_s20260647","50","5","0.1","MOEAD","1.0252288361202442","0.23660069939759554","0.17777777777777778","0.009329800801292263","0.00862016798166518","4.14197652","0.13722222222222222","0.2133333333333333","0.23850637122906707","0.0016628459032137705","73.86666666666666","1.0"
"Synthetic","validation","syn_n50_k10_cluster_corr_heavy_tail_low_vol_r02_s20260647","50","5","0.1","GDE3","1.1315529458939757","0.14156298214703972","0.45305555555555554","0.009452407645427962","0.02809647608792323","1.8561136399999998","0.36361111111111116","0.4847222222222223","0.9345612062511575","0.0035753347018986654","100.0","1.0"
"Synthetic","validation","syn_n50_k10_cluster_corr_heavy_tail_low_vol_r02_s20260647","50","5","0.1","A_MPMO","1.1314740001066232","0.06079081841581223","0.6205555555555555","0.014178262810931182","0.06550220256118859","1.3901272333333332","0.37166666666666665","0.7274999999999997","1.066496677877294","0.006004549222123681","96.26666666666667","1.0"
"Synthetic","validation","syn_n50_k10_cluster_corr_heavy_tail_low_vol_r02_s20260647","50","5","0.1","ECMADE_MOO","1.1310091650423701","0.02704622842079216","0.6741666666666667","0.029817050346777195","0.0587308610378419","2.526094213333333","0.36861111111111106","0.8236111111111111","1.2430585652204251","0.006380858632105683","96.26666666666667","1.0"
"Synthetic","validation","syn_n50_k10_pathological_cov_normal_extreme_events_r02_s20260648","50","5","0.1","NSGAII","0.9104176415542423","0.0059085210762866705","0.8941666666666668","0.010687928003248302","0.02025429455451109","0.8409297366666667","0.5344444444444446","0.9836111111111111","1.401747506420836","0.006104209688783159","97.56666666666666","1.0"
"Synthetic","validation","syn_n50_k10_pathological_cov_normal_extreme_events_r02_s20260648","50","5","0.1","SPEA2","0.9120579910172226","0.005224545903835818","0.8583333333333333","0.00875034939296252","0.007018686216059353","6.518845730000001","0.5925","0.9947222222222223","1.4108840512255545","0.006245483700323764","100.0","1.0"
"Synthetic","validation","syn_n50_k10_pathological_cov_normal_extreme_events_r02_s20260648","50","5","0.1","MOEAD","0.40494796175594827","0.42669255278918355","0.19777777777777777","0.01139433547283251","0.054795139483065115","4.169841610000001","0.13972222222222225","0.23138888888888892","0.28017934161296537","0.0037158814334361423","52.9","1.0"
"Synthetic","validation","syn_n50_k10_pathological_cov_normal_extreme_events_r02_s20260648","50","5","0.1","GDE3","0.8993045945429535","0.013200604775120054","0.8777777777777778","0.010505291890000124","0.04659675671937147","2.0979132066666666","0.4980555555555556","0.9297222222222223","1.3216966772797643","0.002636619545830222","99.9","1.0"
"Synthetic","validation","syn_n50_k10_pathological_cov_normal_extreme_events_r02_s20260648","50","5","0.1","A_MPMO","0.904677623936667","0.012751291277645559","0.8633333333333333","0.010962591693709965","0.041049954175118815","1.1692902399999998","0.5288888888888889","0.9652777777777779","1.3666984051597002","0.005724138689529817","97.1","1.0"
"Synthetic","validation","syn_n50_k10_pathological_cov_normal_extreme_events_r02_s20260648","50","5","0.1","ECMADE_MOO","0.908504456133903","0.006994269817139149","0.8558333333333333","0.012402152640947697","0.01944118119760424","4.454813406666667","0.5286111111111111","0.9602777777777779","1.4108884316168036","0.00533580672878124","95.13333333333334","1.0"
"Synthetic","test","syn_n50_k10_cluster_corr_skewed_high_vol_r01_s20260649","50","5","0.1","NSGAII","1.0588875006469372","0.008145470319535933","0.8708333333333333","0.007806229848929792","0.021128617129925194","0.8149831133333333","0.5249999999999999","0.9650000000000001","1.2251512877021886","0.005377316906390862","98.33333333333333","1.0"
"Synthetic","test","syn_n50_k10_cluster_corr_skewed_high_vol_r01_s20260649","50","5","0.1","SPEA2","1.0598255374441503","0.010407006312622731","0.7155555555555554","0.006938956000523313","0.03224050415840544","5.451868936666669","0.49694444444444447","0.9052777777777778","1.219476763773476","0.010645528618704504","100.0","1.0"
"Synthetic","test","syn_n50_k10_cluster_corr_skewed_high_vol_r01_s20260649","50","5","0.1","MOEAD","0.8959227791045777","0.14125178530993632","0.3383333333333333","0.021673319895692","0.039516306034430224","4.14300352","0.22611111111111112","0.4047222222222222","0.5120669341449401","0.0029985780981550514","80.13333333333334","1.0"
"Synthetic","test","syn_n50_k10_cluster_corr_skewed_high_vol_r01_s20260649","50","5","0.1","GDE3","1.0466634338437333","0.0864258089119243","0.5566666666666668","0.010373331347737151","0.014200688106911278","2.09756792","0.5033333333333334","0.5877777777777777","0.8942336019785362","0.0022944978113418613","100.0","1.0"
"Synthetic","test","syn_n50_k10_cluster_corr_skewed_high_vol_r01_s20260649","50","5","0.1","A_MPMO","1.0552877328397996","0.012148937538674999","0.7988888888888886","0.014405123707817486","0.035940086267838796","1.1628096300000001","0.4730555555555556","0.9177777777777778","1.224429568614052","0.005513352622840094","96.9","1.0"
"Synthetic","test","syn_n50_k10_cluster_corr_skewed_high_vol_r01_s20260649","50","5","0.1","ECMADE_MOO","1.0569089314141398","0.007921042455017104","0.7908333333333334","0.017574796276956156","0.027600520753553306","3.5342349833333335","0.45166666666666655","0.9400000000000001","1.2900301697142618","0.005730846868661103","95.46666666666667","1.0"
"Synthetic","test","syn_n50_k10_low_corr_skewed_extreme_events_r02_s20260650","50","5","0.1","NSGAII","1.178681280062951","0.0077475494675116096","0.9119444444444446","0.00257091087092034","0.021044000220584093","0.8324323433333334","0.7927777777777777","0.9372222222222223","0.8039967585446217","0.0034647869083641687","98.96666666666667","1.0"
"Synthetic","test","syn_n50_k10_low_corr_skewed_extreme_events_r02_s20260650","50","5","0.1","SPEA2","1.1777124114650732","0.007393980424383763","0.9244444444444443","0.00593182942187156","0.035945176479294336","5.05236354","0.7811111111111111","0.9472222222222223","0.8176497385901634","0.0030820065561272935","100.0","1.0"
"Synthetic","test","syn_n50_k10_low_corr_skewed_extreme_events_r02_s20260650","50","5","0.1","MOEAD","1.1223080101363863","0.12349821572458693","0.3858333333333333","0.029920141707353572","0.018316095632961257","4.106048583333333","0.3436111111111112","0.4102777777777778","0.21797107239468233","0.0011422939311147339","87.43333333333334","1.0"
"Synthetic","test","syn_n50_k10_low_corr_skewed_extreme_events_r02_s20260650","50","5","0.1","GDE3","1.1705515077798982","0.01547803816619458","0.8261111111111114","0.017603770573622966","0.035341916372182404","2.08332959","0.763888888888889","0.8513888888888889","0.7850330304326428","0.0028037921139482547","99.9","1.0"
"Synthetic","test","syn_n50_k10_low_corr_skewed_extreme_events_r02_s20260650","50","5","0.1","A_MPMO","1.1682837363041587","0.02060629191892784","0.8047222222222223","0.03742921851130241","0.054418678648054185","1.2354388566666665","0.6819444444444446","0.8461111111111113","0.7741289891263728","0.0037853760950625303","96.93333333333334","1.0"
"Synthetic","test","syn_n50_k10_low_corr_skewed_extreme_events_r02_s20260650","50","5","0.1","ECMADE_MOO","1.1749416021217425","0.007870039461688271","0.8702777777777778","0.005179392622130289","0.029679673362418738","3.3781892700000005","0.6275","0.9425000000000001","0.9049332261030155","0.006601403081911618","95.93333333333334","1.0"
"Synthetic","train","syn_n50_k20_low_corr_heavy_tail_high_vol_r03_s20260651","50","10","0.2","NSGAII","1.0170432469589845","0.020873161675088726","0.8469444444444444","0.028578977285736527","0.0540025317239244","0.8784386266666667","0.541388888888889","0.8963888888888891","1.0552787622299842","0.004526881305541395","99.6","1.0"
"Synthetic","train","syn_n50_k20_low_corr_heavy_tail_high_vol_r03_s20260651","50","10","0.2","SPEA2","1.0170038082454897","0.02078109789022168","0.8466666666666669","0.02962107622768524","0.05063894424478035","4.184856206666667","0.5672222222222222","0.9027777777777779","1.0786797730036277","0.005442981388509863","100.0","1.0"
"Synthetic","train","syn_n50_k20_low_corr_heavy_tail_high_vol_r03_s20260651","50","10","0.2","MOEAD","0.962691619958558","0.06736880960478324","0.5344444444444444","0.035492566932134935","0.041993385801163935","4.025975066666667","0.34138888888888885","0.6344444444444445","0.6827733387447549","0.0036130784664719045","81.93333333333334","1.0"
"Synthetic","train","syn_n50_k20_low_corr_heavy_tail_high_vol_r03_s20260651","50","10","0.2","GDE3","1.0120606847549398","0.023454945441166008","0.832777777777778","0.03412119461384161","0.03923812040017829","1.9886474400000003","0.46055555555555555","0.8838888888888888","1.0611346307600515","0.004548209378824514","100.0","1.0"
"Synthetic","train","syn_n50_k20_low_corr_heavy_tail_high_vol_r03_s20260651","50","10","0.2","A_MPMO","0.9634900725338874","0.0763975417005262","0.666111111111111","0.10805023844297822","0.07570751698892221","1.1848900733333332","0.4533333333333333","0.7213888888888887","0.8204897187990992","0.00423866755312047","98.83333333333333","1.0"
"Synthetic","train","syn_n50_k20_low_corr_heavy_tail_high_vol_r03_s20260651","50","10","0.2","ECMADE_MOO","1.0087174433518782","0.025919699522772656","0.4819444444444445","0.04243583484844498","0.07479997613583869","2.486260353333334","0.17388888888888887","0.8586111111111111","1.145986251800877","0.006711268821521339","99.76666666666667","1.0"
"Synthetic","train","syn_n50_k20_pathological_cov_mixed_low_vol_r01_s20260652","50","10","0.2","NSGAII","0.9903831281526897","0.027084660643497162","0.7872222222222224","0.0226984365847866","0.07905100094857556","0.8263869533333335","0.5152777777777778","0.8608333333333335","1.134853379925981","0.005304450399442862","99.86666666666666","1.0"
"Synthetic","train","syn_n50_k20_pathological_cov_mixed_low_vol_r01_s20260652","50","10","0.2","SPEA2","0.9988457671928931","0.01702574898355476","0.8180555555555556","0.02883595193248457","0.051330631195312525","4.782611803333333","0.6191666666666668","0.8872222222222222","1.1795570171672067","0.00635502452297317","100.0","1.0"
"Synthetic","train","syn_n50_k20_pathological_cov_mixed_low_vol_r01_s20260652","50","10","0.2","MOEAD","0.3828556135976392","0.5858012320557557","0.06472222222222222","0.0031275396375711473","0.009539238894467266","4.016152786666668","0.052500000000000005","0.07277777777777779","0.05555328898408269","0.0018585387015219149","21.8","1.0"
"Synthetic","train","syn_n50_k20_pathological_cov_mixed_low_vol_r01_s20260652","50","10","0.2","GDE3","0.8982330937796488","0.0847029341490006","0.007500000000000001","0.08095244538217757","0.05457479990271726","1.7849693900000003","0.0016666666666666668","0.04944444444444444","0.9144865948355113","0.009316196108031994","66.73333333333333","1.0"
"Synthetic","train","syn_n50_k20_pathological_cov_mixed_low_vol_r01_s20260652","50","10","0.2","A_MPMO","0.9219014491877767","0.09751537742888298","0.4575000000000001","0.07197264813569162","0.10594255941056148","1.1747020833333335","0.3372222222222222","0.5269444444444444","0.757080191880113","0.004999346223342968","98.86666666666666","1.0"
"Synthetic","train","syn_n50_k20_pathological_cov_mixed_low_vol_r01_s20260652","50","10","0.2","ECMADE_MOO","1.0038468037298764","0.01031437772707407","0.8727777777777778","0.009475330891373875","0.026446356541562254","2.6415912466666667","0.5447222222222223","0.9388888888888889","1.2649664223902628","0.004487618381995037","99.23333333333333","1.0"
"Synthetic","train","syn_n50_k20_low_corr_skewed_extreme_events_r02_s20260653","50","10","0.2","NSGAII","1.0329611360157303","0.04444274117159394","0.7869444444444444","0.09502661404265657","0.05658186728850282","0.8443154566666667","0.6700000000000002","0.8161111111111113","0.7864488656029124","0.0035184733078180044","99.53333333333333","1.0"
"Synthetic","train","syn_n50_k20_low_corr_skewed_extreme_events_r02_s20260653","50","10","0.2","SPEA2","1.054646423280856","0.03271227281660699","0.8302777777777776","0.07120881438999735","0.03702555636531373","4.480337556666668","0.741388888888889","0.8616666666666667","0.8659073316371473","0.005400305803974148","100.0","1.0"
"Synthetic","train","syn_n50_k20_low_corr_skewed_extreme_events_r02_s20260653","50","10","0.2","MOEAD","0.966195278758324","0.14556963278716814","0.35388888888888886","0.028474353301471373","0.02335213895720649","4.035831476666667","0.2722222222222222","0.38583333333333336","0.33063038182274446","0.0027294650852394175","73.53333333333333","1.0"
"Synthetic","train","syn_n50_k20_low_corr_skewed_extreme_events_r02_s20260653","50","10","0.2","GDE3","1.0541259898303785","0.038795185919095906","0.8349999999999997","0.017198904536568655","0.013162382536732976","1.8772094966666664","0.7405555555555556","0.856111111111111","0.859479457584945","0.0047758985417391325","100.0","1.0"
"Synthetic","train","syn_n50_k20_low_corr_skewed_extreme_events_r02_s20260653","50","10","0.2","A_MPMO","0.9938447454840739","0.06194119601781103","0.7025000000000001","0.11830923999209525","0.03626737298230285","1.13387362","0.605","0.7347222222222222","0.7184603858506481","0.00422933290183497","99.0","1.0"
"Synthetic","train","syn_n50_k20_low_corr_skewed_extreme_events_r02_s20260653","50","10","0.2","ECMADE_MOO","1.0632519644337008","0.02585391293969579","0.6691666666666667","0.057380693533703016","0.08534338056809568","2.55885525","0.3413888888888888","0.8372222222222222","1.0548924863167655","0.008687250356931684","98.93333333333334","1.0"
"Synthetic","train","syn_n50_k20_high_corr_mixed_high_vol_r02_s20260654","50","10","0.2","NSGAII","0.9322780817854672","0.009022401886448934","0.8997222222222222","0.009735062462482857","0.022951062495861044","0.8615433433333333","0.5994444444444443","0.9494444444444444","1.2341376958148733","0.00483575943934316","99.73333333333333","1.0"
"Synthetic","train","syn_n50_k20_high_corr_mixed_high_vol_r02_s20260654","50","10","0.2","SPEA2","0.9352218006875432","0.006930004854606552","0.9427777777777777","0.007421236498979975","0.03253095051344045","5.85173003","0.6627777777777776","0.9686111111111111","1.2785415562212206","0.0037832094844489263","100.0","1.0"
"Synthetic","train","syn_n50_k20_high_corr_mixed_high_vol_r02_s20260654","50","10","0.2","MOEAD","0.8245357026135353","0.08235770766953346","0.1863888888888889","0.045776474669885596","0.05068458543760225","4.165449959999999","0.042777777777777776","0.39305555555555566","0.7478733877977406","0.004852250449517537","73.4","1.0"
"Synthetic","train","syn_n50_k20_high_corr_mixed_high_vol_r02_s20260654","50","10","0.2","GDE3","0.9134723110544961","0.017520835442607238","0.4350000000000001","0.015774863918366307","0.01502649227541205","1.8821883966666668","0.03166666666666667","0.8466666666666665","1.1559295143475368","0.0025036318033240844","100.0","1.0"
"Synthetic","train","syn_n50_k20_high_corr_mixed_high_vol_r02_s20260654","50","10","0.2","A_MPMO","0.924584307142845","0.016504405440320242","0.8405555555555556","0.025180162489352478","0.045676227099275754","1.13917237","0.5125000000000001","0.9091666666666666","1.173284321991591","0.004647338657989292","99.53333333333333","1.0"
"Synthetic","train","syn_n50_k20_high_corr_mixed_high_vol_r02_s20260654","50","10","0.2","ECMADE_MOO","0.9312644351881326","0.008672777347105042","0.8594444444444443","0.011053294682794607","0.029557531169576743","2.704946413333333","0.3722222222222223","0.9719444444444445","1.2760199050775536","0.004303370731800171","99.76666666666667","1.0"
"Synthetic","train","syn_n50_k20_high_corr_normal_low_vol_r03_s20260655","50","10","0.2","NSGAII","0.9134470822060433","0.00967006544776419","0.8802777777777778","0.013588870462361503","0.02792137664107556","0.8593207533333334","0.5086111111111111","0.9438888888888889","1.2387001844480492","0.004431898379172003","99.73333333333333","1.0"
"Synthetic","train","syn_n50_k20_high_corr_normal_low_vol_r03_s20260655","50","10","0.2","SPEA2","0.9173611825851721","0.007326090637566232","0.9027777777777778","0.010414119860219569","0.02769344984603995","5.057103986666666","0.5919444444444444","0.9594444444444445","1.2909913366304338","0.006541676652080996","100.0","1.0"
"Synthetic","train","syn_n50_k20_high_corr_normal_low_vol_r03_s20260655","50","10","0.2","MOEAD","0.7209671027556452","0.1518082439041671","0.3391666666666666","0.018265572676255067","0.020043300741501142","4.7707350533333335","0.1533333333333333","0.4800000000000001","0.5784316715664538","0.004607549864428581","72.63333333333334","1.0"
"Synthetic","train","syn_n50_k20_high_corr_normal_low_vol_r03_s20260655","50","10","0.2","GDE3","0.9013175716062615","0.01576459417508295","0.8041666666666668","0.018586083313399945","0.02276525753926297","1.8062251266666667","0.31777777777777777","0.8908333333333334","1.1142045079035114","0.002110034531217867","100.0","1.0"
"Synthetic","train","syn_n50_k20_high_corr_normal_low_vol_r03_s20260655","50","10","0.2","A_MPMO","0.9025713385471111","0.01661961167054053","0.8063888888888889","0.03352947739375804","0.041923346092965594","1.2011199333333333","0.4349999999999999","0.8952777777777781","1.140187663864069","0.004345032840034959","99.06666666666666","1.0"
"Synthetic","train","syn_n50_k20_high_corr_normal_low_vol_r03_s20260655","50","10","0.2","ECMADE_MOO","0.909540866197805","0.011707892224116724","0.6991666666666667","0.01788152999127037","0.03316271859058237","2.367195386666667","0.20222222222222225","0.928611111111111","1.2554438411186815","0.004149817768167644","99.93333333333334","1.0"
"Synthetic","train","syn_n50_k20_low_corr_normal_low_vol_r01_s20260656","50","10","0.2","NSGAII","1.0070777935946673","0.06632099888789532","0.6833333333333335","0.11248112792181644","0.06560189515190254","0.85510042","0.5211111111111112","0.7405555555555556","0.8115971018948422","0.006074342922791804","99.56666666666666","1.0"
"Synthetic","train","syn_n50_k20_low_corr_normal_low_vol_r01_s20260656","50","10","0.2","SPEA2","1.0339948159836951","0.043292909970127094","0.7283333333333333","0.1049395934351487","0.06979220525766644","3.911041666666667","0.5491666666666667","0.811388888888889","0.9502058461787939","0.005395335572472234","100.0","1.0"
"Synthetic","train","syn_n50_k20_low_corr_normal_low_vol_r01_s20260656","50","10","0.2","MOEAD","0.9948634500698096","0.11653894309903244","0.4302777777777778","0.026253500488049822","0.030595580579079615","4.891884063333334","0.3169444444444445","0.4780555555555555","0.5206234521966792","0.00289292695762892","83.33333333333333","1.0"
"Synthetic","train","syn_n50_k20_low_corr_normal_low_vol_r01_s20260656","50","10","0.2","GDE3","1.033150610599841","0.050709199832958","0.7480555555555557","0.05665076852922514","0.04525430415466474","1.4660019999999998","0.5794444444444444","0.7972222222222222","0.8705145339896672","0.00458250048248715","100.0","1.0"
"Synthetic","train","syn_n50_k20_low_corr_normal_low_vol_r01_s20260656","50","10","0.2","A_MPMO","0.9657097981110347","0.09844301095726758","0.5913888888888887","0.14278918990072295","0.05884209219859571","1.1940482933333336","0.46944444444444444","0.6438888888888887","0.6819567480440477","0.0034767915563110262","98.23333333333333","1.0"
"Synthetic","train","syn_n50_k20_low_corr_normal_low_vol_r01_s20260656","50","10","0.2","ECMADE_MOO","1.0524807713759463","0.031221997915645113","0.4961111111111111","0.08590431892446446","0.11072804671012573","1.96415761","0.21750000000000005","0.7941666666666668","1.1036512314477753","0.007949574185126162","98.06666666666666","1.0"
"Synthetic","train","syn_n50_k20_cluster_corr_mixed_extreme_events_r03_s20260657","50","10","0.2","NSGAII","0.9282066957805628","0.016970412556949335","0.8547222222222222","0.030643968387197306","0.05259023321282401","0.8305957000000002","0.5005555555555555","0.9172222222222222","1.158334768446422","0.004467126833887691","99.7","1.0"
"Synthetic","train","syn_n50_k20_cluster_corr_mixed_extreme_events_r03_s20260657","50","10","0.2","SPEA2","0.9366540676267286","0.010325598434239504","0.8944444444444443","0.022176129793752674","0.03964048264060514","4.817130489999999","0.5633333333333334","0.9475","1.2177933964892023","0.0041056027427281505","100.0","1.0"
"Synthetic","train","syn_n50_k20_cluster_corr_mixed_extreme_events_r03_s20260657","50","10","0.2","MOEAD","0.8583737742274768","0.07309242068904868","0.45388888888888884","0.024274142804746275","0.048684319651317566","9.818978903333335","0.18833333333333335","0.6102777777777778","0.8202529774104544","0.0047412753575999285","81.86666666666666","1.0"
"Synthetic","train","syn_n50_k20_cluster_corr_mixed_extreme_events_r03_s20260657","50","10","0.2","GDE3","0.9152317590623886","0.02845892550108928","0.8430555555555556","0.0419051484380025","0.044021658871434485","1.3873931266666666","0.6658333333333334","0.8574999999999999","1.0381308794363038","0.0028465953228377834","100.0","1.0"
"Synthetic","train","syn_n50_k20_cluster_corr_mixed_extreme_events_r03_s20260657","50","10","0.2","A_MPMO","0.9002014825071007","0.0409102255947923","0.7797222222222223","0.08711406061270104","0.08570957363209167","1.4686136866666668","0.4733333333333334","0.8349999999999999","1.0168146046619282","0.003814169787015218","99.16666666666667","1.0"
"Synthetic","train","syn_n50_k20_cluster_corr_mixed_extreme_events_r03_s20260657","50","10","0.2","ECMADE_MOO","0.9391629609527442","0.008284013210107048","0.7886111111111112","0.013732135169688076","0.026089178706359118","2.3714658366666663","0.2638888888888889","0.9794444444444446","1.296886228576482","0.004202070833743744","99.73333333333333","1.0"
"Synthetic","validation","syn_n50_k20_pathological_cov_skewed_high_vol_r03_s20260658","50","10","0.2","NSGAII","0.9213007059448057","0.005444215488584754","0.941388888888889","0.010032795060494861","0.017676783030713617","0.7990829133333334","0.6019444444444445","0.9844444444444446","1.1961729281613196","0.004128194012347301","99.73333333333333","1.0"
"Synthetic","validation","syn_n50_k20_pathological_cov_skewed_high_vol_r03_s20260658","50","10","0.2","SPEA2","0.9236438677277162","0.0043625254065862516","0.9844444444444445","0.007106804008834513","0.016406531307000195","5.539279829999999","0.7180555555555557","0.9880555555555557","1.205709982384757","0.0025068131185269423","100.0","1.0"
"Synthetic","validation","syn_n50_k20_pathological_cov_skewed_high_vol_r03_s20260658","50","10","0.2","MOEAD","0.8223504279938642","0.06216626275329695","0.22444444444444447","0.05684912421716028","0.043750054986707455","15.101603290000002","0.047499999999999994","0.47194444444444444","0.7499723238168282","0.003132860169492294","87.86666666666666","1.0"
"Synthetic","validation","syn_n50_k20_pathological_cov_skewed_high_vol_r03_s20260658","50","10","0.2","GDE3","0.8845061465251638","0.020152660150581536","0.4786111111111112","0.044040294036331445","0.03181108254810406","1.41189407","0.09222222222222223","0.7766666666666668","1.0809537556036282","0.0025575838944227763","100.0","1.0"
"Synthetic","validation","syn_n50_k20_pathological_cov_skewed_high_vol_r03_s20260658","50","10","0.2","A_MPMO","0.9173525237345046","0.00678877361052324","0.9058333333333333","0.016304531315376677","0.018240787039484153","1.5111313466666667","0.5802777777777777","0.9655555555555556","1.1693784406229466","0.00414799565437042","99.63333333333334","1.0"
"Synthetic","validation","syn_n50_k20_pathological_cov_skewed_high_vol_r03_s20260658","50","10","0.2","ECMADE_MOO","0.9153542926055478","0.008173341083997821","0.788888888888889","0.015734475841135874","0.01977253467698366","2.4148189233333333","0.2744444444444445","0.9733333333333334","1.2064036153955835","0.003846983739102794","99.9","1.0"
"Synthetic","validation","syn_n50_k20_cluster_corr_heavy_tail_low_vol_r02_s20260659","50","10","0.2","NSGAII","1.0251347479923765","0.03300225678132003","0.8127777777777777","0.0703433960380784","0.061680896081802716","0.77094262","0.5727777777777778","0.8555555555555556","0.9366286275680104","0.003833954224471707","99.6","1.0"
"Synthetic","validation","syn_n50_k20_cluster_corr_heavy_tail_low_vol_r02_s20260659","50","10","0.2","SPEA2","1.0285248249470882","0.028645301562643118","0.8069444444444442","0.07167636573536858","0.04587319293509517","4.152856453333333","0.6497222222222222","0.8677777777777779","0.982921094961561","0.006028575543925458","100.0","1.0"
"Synthetic","validation","syn_n50_k20_cluster_corr_heavy_tail_low_vol_r02_s20260659","50","10","0.2","MOEAD","0.9254246565382523","0.17846095816820412","0.29944444444444446","0.028336472121658785","0.041556695982269694","14.279948540000001","0.21583333333333335","0.3497222222222222","0.46325429698149534","0.0030283898635169943","74.0","1.0"
"Synthetic","validation","syn_n50_k20_cluster_corr_heavy_tail_low_vol_r02_s20260659","50","10","0.2","GDE3","0.9881177054778256","0.05914994235858478","0.7194444444444443","0.029474654659316486","0.020689350903045568","1.3308262033333333","0.5186111111111111","0.7680555555555555","0.8319714336795045","0.003295418844709462","100.0","1.0"
"Synthetic","validation","syn_n50_k20_cluster_corr_heavy_tail_low_vol_r02_s20260659","50","10","0.2","A_MPMO","0.9947450139372123","0.05502032516999684","0.738611111111111","0.08777338662790045","0.04591558751488225","1.6275220266666666","0.5263888888888889","0.7844444444444444","0.8011487342597825","0.0033936480277232403","98.9","1.0"
"Synthetic","validation","syn_n50_k20_cluster_corr_heavy_tail_low_vol_r02_s20260659","50","10","0.2","ECMADE_MOO","1.032810520185988","0.021365502754383606","0.6080555555555556","0.057937689119396396","0.08965091838988078","2.1183880099999994","0.25972222222222224","0.8211111111111111","1.1627532797798286","0.008283963868509272","99.6","1.0"
"Synthetic","validation","syn_n50_k20_high_corr_heavy_tail_extreme_events_r01_s20260660","50","10","0.2","NSGAII","1.0294268461253926","0.022928836847431074","0.8744444444444445","0.021480598876743598","0.04730636437738297","0.7706936366666667","0.6630555555555556","0.9119444444444446","1.0575548570458875","0.004399100918892908","99.83333333333333","1.0"
"Synthetic","validation","syn_n50_k20_high_corr_heavy_tail_extreme_events_r01_s20260660","50","10","0.2","SPEA2","1.0365235699128823","0.015828509563718667","0.9244444444444444","0.017625099497796032","0.06714124604723783","5.116933649999999","0.7408333333333331","0.9441666666666667","1.1483499681614684","0.00408053455818737","100.0","1.0"
"Synthetic","validation","syn_n50_k20_high_corr_heavy_tail_extreme_events_r01_s20260660","50","10","0.2","MOEAD","0.9231087649223249","0.10498553166711914","0.21166666666666673","0.06104135604334723","0.03327453829727531","11.414261123333334","0.06555555555555555","0.39888888888888896","0.49432794898317123","0.0031776960528351827","75.0","1.0"
"Synthetic","validation","syn_n50_k20_high_corr_heavy_tail_extreme_events_r01_s20260660","50","10","0.2","GDE3","0.992807934871003","0.03906065980467714","0.36416666666666675","0.031222893710900413","0.019149733813173125","1.3693305900000001","0.06527777777777777","0.6600000000000001","0.8970548001033226","0.002631471698339773","100.0","1.0"
"Synthetic","validation","syn_n50_k20_high_corr_heavy_tail_extreme_events_r01_s20260660","50","10","0.2","A_MPMO","1.0203356713825122","0.02768629428028797","0.8197222222222221","0.03977052440806235","0.042907646983137475","1.4365387866666666","0.5941666666666667","0.8708333333333333","0.9812682514362862","0.00514497027889956","99.43333333333334","1.0"
"Synthetic","validation","syn_n50_k20_high_corr_heavy_tail_extreme_events_r01_s20260660","50","10","0.2","ECMADE_MOO","1.0299292507231697","0.019759097796449146","0.7905555555555555","0.025320636087446127","0.05272630087380884","2.1704299333333332","0.3808333333333333","0.9252777777777778","1.1279233479178201","0.00498701873217234","99.6","1.0"
"Synthetic","test","syn_n50_k20_pathological_cov_normal_extreme_events_r02_s20260661","50","10","0.2","NSGAII","0.9325399939697483","0.014281787718368322","0.9030555555555557","0.015811957464005277","0.05854567231058428","0.7856375633333333","0.6708333333333335","0.9408333333333333","1.1243010978695194","0.004395943642521336","99.76666666666667","1.0"
"Synthetic","test","syn_n50_k20_pathological_cov_normal_extreme_events_r02_s20260661","50","10","0.2","SPEA2","0.9401068748507907","0.0073847390656846595","0.9622222222222222","0.013642476375510757","0.04099704776945203","4.038684346666667","0.7763888888888889","0.9733333333333332","1.2028395238349134","0.0034224454285382553","100.0","1.0"
"Synthetic","test","syn_n50_k20_pathological_cov_normal_extreme_events_r02_s20260661","50","10","0.2","MOEAD","0.7143202141501224","0.14778179062169325","0.010277777777777778","0.08203636600541096","0.05878726336611318","11.120786376666665","0.0011111111111111111","0.0825","0.46159726625455044","0.003536210601550695","66.46666666666667","1.0"
"Synthetic","test","syn_n50_k20_pathological_cov_normal_extreme_events_r02_s20260661","50","10","0.2","GDE3","0.8769452764658255","0.0461294634626888","0.0013888888888888887","0.05919081461253437","0.0304491985631878","1.3338659866666667","0.0","0.15722222222222224","1.0207401519678383","0.0035758763795721332","99.83333333333333","1.0"
"Synthetic","test","syn_n50_k20_pathological_cov_normal_extreme_events_r02_s20260661","50","10","0.2","A_MPMO","0.9113892718627773","0.027707902725886236","0.826111111111111","0.05404186556418088","0.04847229138904637","1.2304418400000001","0.6313888888888889","0.8611111111111109","0.9769086752743756","0.004235342953519976","99.33333333333333","1.0"
"Synthetic","test","syn_n50_k20_pathological_cov_normal_extreme_events_r02_s20260661","50","10","0.2","ECMADE_MOO","0.9398345841396002","0.006432867806131809","0.9369444444444445","0.00979076857004532","0.02714983882098275","2.369386923333333","0.6197222222222223","0.9869444444444445","1.2479880205962652","0.004499683946062214","99.6","1.0"
"Synthetic","test","syn_n50_k20_cluster_corr_skewed_high_vol_r01_s20260662","50","10","0.2","NSGAII","1.020558759214112","0.047339191507779356","0.7361111111111112","0.1139794292820955","0.0700435040279292","0.7232000333333334","0.5308333333333333","0.8055555555555556","0.9082341164734192","0.004691091671288649","99.8","1.0"
"Synthetic","test","syn_n50_k20_cluster_corr_skewed_high_vol_r01_s20260662","50","10","0.2","SPEA2","1.0417509654829362","0.028710264132034775","0.7997222222222223","0.042995135267136254","0.06084956319319642","2.611707566666667","0.6124999999999999","0.8630555555555556","1.01441035959907","0.004487535101913767","100.0","1.0"
"Synthetic","test","syn_n50_k20_cluster_corr_skewed_high_vol_r01_s20260662","50","10","0.2","MOEAD","0.9772720002052692","0.13360289807953338","0.3488888888888889","0.052744080818697345","0.03592997813265672","11.095099373333332","0.23555555555555555","0.4330555555555556","0.42718978332480656","0.0023039563998243154","83.96666666666667","1.0"
"Synthetic","test","syn_n50_k20_cluster_corr_skewed_high_vol_r01_s20260662","50","10","0.2","GDE3","0.9790628051884053","0.0695174410480308","0.538888888888889","0.07901595013212998","0.058003157851694014","1.3008488233333328","0.36694444444444446","0.6413888888888888","0.8514073925573726","0.005644002994694387","100.0","1.0"
"Synthetic","test","syn_n50_k20_cluster_corr_skewed_high_vol_r01_s20260662","50","10","0.2","A_MPMO","0.9644239189288843","0.0922279685008511","0.616388888888889","0.15039778725808378","0.06882659388632321","1.40296858","0.4877777777777778","0.6702777777777779","0.7532208830442413","0.003984272168974656","98.56666666666666","1.0"
"Synthetic","test","syn_n50_k20_cluster_corr_skewed_high_vol_r01_s20260662","50","10","0.2","ECMADE_MOO","1.0445388853579343","0.022318391187626126","0.5697222222222221","0.05947890071486045","0.11218687135195532","1.9595862666666666","0.265","0.8038888888888888","1.2091201518352699","0.00774926134126187","99.26666666666667","1.0"
"Synthetic","train","syn_n50_k30_high_corr_heavy_tail_extreme_events_r01_s20260663","50","15","0.3","NSGAII","0.8772155922738485","0.0726549989109739","0.7327777777777779","0.1340882728338827","0.0945258167893409","0.7434420566666667","0.6416666666666667","0.7491666666666666","0.667947916578555","0.002457663370410862","99.53333333333333","1.0"
"Synthetic","train","syn_n50_k30_high_corr_heavy_tail_extreme_events_r01_s20260663","50","15","0.3","SPEA2","0.9079836285808385","0.04630136502876859","0.8180555555555554","0.09371909522716142","0.10949660040885453","2.8670882900000003","0.7538888888888892","0.826388888888889","0.8046795582598172","0.001673109152766673","100.0","1.0"
"Synthetic","train","syn_n50_k30_high_corr_heavy_tail_extreme_events_r01_s20260663","50","15","0.3","MOEAD","0.7298348155469598","0.17535368582601152","0.031111111111111107","0.11000069817274433","0.047456005977907285","11.188536239999998","0.0025","0.11194444444444444","0.3480219299998894","0.00464630545999902","50.13333333333333","1.0"
"Synthetic","train","syn_n50_k30_high_corr_heavy_tail_extreme_events_r01_s20260663","50","15","0.3","GDE3","0.7517873687211143","0.14298667356090045","0.0","0.14714434651344224","0.07503080238656866","1.3361979099999999","0.0","0.0","0.9479878698164568","0.009836239534090395","58.233333333333334","1.0"
"Synthetic","train","syn_n50_k30_high_corr_heavy_tail_extreme_events_r01_s20260663","50","15","0.3","A_MPMO","0.782836480036818","0.16143102834715814","0.4041666666666667","0.17213160715329778","0.08674478263329037","1.3932503133333334","0.2955555555555555","0.4708333333333333","0.4269627596729736","0.0020346232782226547","98.3","1.0"
"Synthetic","train","syn_n50_k30_high_corr_heavy_tail_extreme_events_r01_s20260663","50","15","0.3","ECMADE_MOO","0.9605544426654579","0.004445074735336988","0.9627777777777776","0.007510384864388125","0.01333418078927164","2.191404936666667","0.6405555555555555","0.9991666666666668","1.170937007365191","0.004209361261113675","99.96666666666667","1.0"
"Synthetic","train","syn_n50_k30_cluster_corr_mixed_extreme_events_r03_s20260664","50","15","0.3","NSGAII","0.8979389368412456","0.031639237375186875","0.805","0.09756024241971545","0.0752835912639123","0.7609136233333332","0.5797222222222224","0.8497222222222222","0.8763130894779639","0.003950738582227837","99.63333333333334","1.0"
"Synthetic","train","syn_n50_k30_cluster_corr_mixed_extreme_events_r03_s20260664","50","15","0.3","SPEA2","0.9375062023041855","0.016803383916808037","0.8652777777777778","0.06878427544797576","0.04814221359729284","2.6941719799999997","0.6916666666666665","0.9091666666666666","1.0210749399611418","0.0046429250878012454","100.0","1.0"
"Synthetic","train","syn_n50_k30_cluster_corr_mixed_extreme_events_r03_s20260664","50","15","0.3","MOEAD","0.896177160106601","0.10520452187965865","0.38305555555555554","0.035741992913108214","0.04992981427805464","11.117472410000001","0.18555555555555558","0.4769444444444444","0.7488282216077649","0.004037169123357869","81.83333333333333","1.0"
"Synthetic","train","syn_n50_k30_cluster_corr_mixed_extreme_events_r03_s20260664","50","15","0.3","GDE3","0.8512162077939186","0.04836354833476963","0.6877777777777777","0.10238646478070948","0.041295663788610625","1.3382201033333334","0.2627777777777778","0.7963888888888888","0.788561430516339","0.0030082097066163127","100.0","1.0"
"Synthetic","train","syn_n50_k30_cluster_corr_mixed_extreme_events_r03_s20260664","50","15","0.3","A_MPMO","0.8125588195780389","0.06752974223842828","0.685","0.148449384575014","0.06553395853221529","1.4269906499999998","0.4683333333333333","0.7447222222222222","0.6617142994351289","0.002847292576758961","99.03333333333333","1.0"
"Synthetic","train","syn_n50_k30_cluster_corr_mixed_extreme_events_r03_s20260664","50","15","0.3","ECMADE_MOO","0.9439117480920839","0.01845945177208477","0.30722222222222223","0.04162304759131876","0.058178423898767845","2.0774165733333336","0.11444444444444443","0.6950000000000001","1.213637407664979","0.005424452090963854","99.93333333333334","1.0"
"Synthetic","train","syn_n50_k30_pathological_cov_mixed_low_vol_r01_s20260665","50","15","0.3","NSGAII","1.1597058110514924","0.12336376894704254","0.4655555555555556","0.007854636649233401","0.04817610016390652","0.7681327033333332","0.4361111111111111","0.4925","0.3162334461109661","0.0017337955507086532","99.7","1.0"
"Synthetic","train","syn_n50_k30_pathological_cov_mixed_low_vol_r01_s20260665","50","15","0.3","SPEA2","1.167352823057501","0.07905668619101593","0.5552777777777778","0.008660719483893766","0.0754126512640803","2.62706898","0.4891666666666666","0.631111111111111","0.5127906180231517","0.008351723548541549","100.0","1.0"
"Synthetic","train","syn_n50_k30_pathological_cov_mixed_low_vol_r01_s20260665","50","15","0.3","MOEAD","1.0594007068467672","0.21118925775361877","0.1336111111111111","0.007893087957225457","0.07220313704943977","11.138364423333336","0.08805555555555554","0.1758333333333333","0.1824318581336134","0.006214935402768023","31.266666666666666","1.0"
"Synthetic","train","syn_n50_k30_pathological_cov_mixed_low_vol_r01_s20260665","50","15","0.3","GDE3","1.0553682432878828","0.14184709682809485","0.0","0.03356176593169841","0.11734410776339059","1.2672768966666663","0.0","0.0","0.4780345029619953","0.021183549250690156","20.933333333333334","1.0"
"Synthetic","train","syn_n50_k30_pathological_cov_mixed_low_vol_r01_s20260665","50","15","0.3","A_MPMO","1.1504943829298393","0.16961599868105884","0.2708333333333333","0.011424072907369081","0.07196848418977383","1.4119464400000001","0.23166666666666666","0.32249999999999995","0.23198315640648998","0.002957856132263982","71.96666666666667","1.0"
"Synthetic","train","syn_n50_k30_pathological_cov_mixed_low_vol_r01_s20260665","50","15","0.3","ECMADE_MOO","1.1702388880599466","0.082526753406694","0.543888888888889","0.003171749953946423","0.1298597017857281","1.6720488933333333","0.3963888888888889","0.6363888888888891","1.012531481010681","0.006329673692700475","99.0","1.0"
"Synthetic","train","syn_n50_k30_high_corr_normal_low_vol_r03_s20260666","50","15","0.3","NSGAII","0.9148527969556054","0.061879151612533795","0.7325","0.08429999598466535","0.05053377690402277","0.7651086833333333","0.6316666666666667","0.7569444444444443","0.6814623289709065","0.0030957751370929796","99.83333333333333","1.0"
"Synthetic","train","syn_n50_k30_high_corr_normal_low_vol_r03_s20260666","50","15","0.3","SPEA2","0.9524245971898462","0.036426353232078254","0.8344444444444445","0.08427965865307803","0.05508140375364434","2.6989732933333337","0.7036111111111113","0.8550000000000001","0.8886996893295191","0.00454847088761919","100.0","1.0"
"Synthetic","train","syn_n50_k30_high_corr_normal_low_vol_r03_s20260666","50","15","0.3","MOEAD","0.8114139060664501","0.20330814264071354","0.16000000000000003","0.04359816402451993","0.057352477610213684","11.126628106666667","0.05444444444444444","0.2633333333333333","0.4959983351124438","0.0035058954387395874","63.6","1.0"
"Synthetic","train","syn_n50_k30_high_corr_normal_low_vol_r03_s20260666","50","15","0.3","GDE3","0.7886344685638265","0.11144970279240202","0.0","0.16092487104573674","0.10246717854126602","1.2837363233333337","0.0","0.062222222222222213","0.8911505141687818","0.014343976695904093","46.46666666666667","1.0"
"Synthetic","train","syn_n50_k30_high_corr_normal_low_vol_r03_s20260666","50","15","0.3","A_MPMO","0.8589231484441052","0.10337765680244501","0.5311111111111111","0.10401182007650295","0.05148236079335576","1.3947651333333333","0.43666666666666665","0.593611111111111","0.5037685572209861","0.003016699853062988","97.5","1.0"
"Synthetic","train","syn_n50_k30_high_corr_normal_low_vol_r03_s20260666","50","15","0.3","ECMADE_MOO","1.0042940779790042","0.011405515344668457","0.6383333333333334","0.01412737133891423","0.023625994000469483","1.8642923733333334","0.2469444444444445","0.9288888888888889","1.2919476740662728","0.005618250292374668","100.0","1.0"
"Synthetic","train","syn_n50_k30_high_corr_mixed_high_vol_r02_s20260667","50","15","0.3","NSGAII","1.0182488632552256","0.041265482987877106","0.7380555555555556","0.05852936347376434","0.04968273449836069","0.7625369966666666","0.6094444444444443","0.7758333333333333","0.7031537467187866","0.0033192028414197844","99.83333333333333","1.0"
"Synthetic","train","syn_n50_k30_high_corr_mixed_high_vol_r02_s20260667","50","15","0.3","SPEA2","1.0377235938794525","0.024655018663789868","0.8058333333333333","0.04559303146549837","0.03953494019411038","2.6689201133333333","0.6663888888888889","0.8569444444444445","0.8693010954534015","0.006463263657941163","100.0","1.0"
"Synthetic","train","syn_n50_k30_high_corr_mixed_high_vol_r02_s20260667","50","15","0.3","MOEAD","0.8241669397825849","0.22666893795265233","0.14805555555555552","0.03277825938300556","0.04484611387888438","11.463980990000003","0.06388888888888888","0.21833333333333335","0.2878584737231897","0.0038417497322770847","56.666666666666664","1.0"
"Synthetic","train","syn_n50_k30_high_corr_mixed_high_vol_r02_s20260667","50","15","0.3","GDE3","0.8714394824743555","0.11849925818210787","0.0","0.0878549397974649","0.06651745602468305","1.2571692933333334","0.0","0.0","0.8468044082900382","0.012004741130622604","48.3","1.0"
"Synthetic","train","syn_n50_k30_high_corr_mixed_high_vol_r02_s20260667","50","15","0.3","A_MPMO","0.9953634621718028","0.05656232014961939","0.5927777777777778","0.05979071778740819","0.04800778827767807","1.3534820566666668","0.36416666666666664","0.6805555555555556","0.6066534436449837","0.0032834021500160833","98.93333333333334","1.0"
"Synthetic","train","syn_n50_k30_high_corr_mixed_high_vol_r02_s20260667","50","15","0.3","ECMADE_MOO","1.0465183663102624","0.01847838971543486","0.1825","0.021354813452998868","0.05944314908001327","1.8024892666666668","0.030277777777777782","0.731111111111111","1.2660937944913413","0.007090065792926462","98.56666666666666","1.0"
"Synthetic","train","syn_n50_k30_low_corr_normal_low_vol_r01_s20260668","50","15","0.3","NSGAII","0.9583003004274485","0.06846601872161072","0.6119444444444444","0.0941627035505142","0.027323429843117017","0.7683591599999999","0.5458333333333332","0.6399999999999999","0.5934381396204585","0.0028319991059639208","99.46666666666667","1.0"
"Synthetic","train","syn_n50_k30_low_corr_normal_low_vol_r01_s20260668","50","15","0.3","SPEA2","0.990676168371891","0.053361417114360266","0.6497222222222221","0.10804709565956637","0.030903458993517503","2.380235743333334","0.5952777777777777","0.6963888888888888","0.6579591662356277","0.003069285544734524","100.0","1.0"
"Synthetic","train","syn_n50_k30_low_corr_normal_low_vol_r01_s20260668","50","15","0.3","MOEAD","0.964778676795534","0.2145330529406477","0.28222222222222226","0.012161148970132487","0.010223248368429591","11.12883023","0.22444444444444445","0.2972222222222222","0.2576264765429014","0.002190517392985451","65.0","1.0"
"Synthetic","train","syn_n50_k30_low_corr_normal_low_vol_r01_s20260668","50","15","0.3","GDE3","0.9605643671768467","0.06513406200551605","0.6022222222222221","0.06490668827381152","0.019265609441960187","1.2911722533333332","0.4350000000000001","0.6472222222222223","0.6946612223992406","0.004376532037156828","100.0","1.0"
"Synthetic","train","syn_n50_k30_low_corr_normal_low_vol_r01_s20260668","50","15","0.3","A_MPMO","0.90213928782673","0.0958998381467743","0.5269444444444445","0.11715695980766441","0.032192646857952104","1.3891254666666666","0.4708333333333333","0.5566666666666666","0.5506858304907911","0.002795701089275718","98.86666666666666","1.0"
"Synthetic","train","syn_n50_k30_low_corr_normal_low_vol_r01_s20260668","50","15","0.3","ECMADE_MOO","1.0017105604814596","0.05090991169994032","0.4175000000000001","0.16751982152464734","0.04400559570523254","1.8218698633333332","0.26472222222222225","0.5911111111111111","0.7841658946573621","0.0070335664603164375","98.73333333333333","1.0"
"Synthetic","train","syn_n50_k30_pathological_cov_normal_extreme_events_r02_s20260669","50","15","0.3","NSGAII","0.9672647268929663","0.02049550953814272","0.8575","0.0480441530273181","0.04780658395913353","0.7768048166666666","0.6855555555555555","0.8775000000000001","0.8307945294085134","0.003009796416307394","99.8","1.0"
"Synthetic","train","syn_n50_k30_pathological_cov_normal_extreme_events_r02_s20260669","50","15","0.3","SPEA2","0.9864189581309759","0.010160025707233967","0.9266666666666666","0.036561947037192837","0.04076291072333559","3.0028537566666667","0.8341666666666668","0.9369444444444446","0.9205739664508369","0.0023109681897473494","100.0","1.0"
"Synthetic","train","syn_n50_k30_pathological_cov_normal_extreme_events_r02_s20260669","50","15","0.3","MOEAD","0.8352076612590301","0.0779284542473302","0.0175","0.08826568633445143","0.06164834241271213","11.118650969999997","0.0","0.09333333333333332","0.5985444524802624","0.004321715104503242","67.5","1.0"
"Synthetic","train","syn_n50_k30_pathological_cov_normal_extreme_events_r02_s20260669","50","15","0.3","GDE3","0.8753673363337938","0.07764118147740723","0.0","0.07254416023579112","0.045285587435051525","1.3367455100000005","0.0","0.0038888888888888888","0.9847345649392555","0.006629268483694917","88.36666666666666","1.0"
"Synthetic","train","syn_n50_k30_pathological_cov_normal_extreme_events_r02_s20260669","50","15","0.3","A_MPMO","0.9152555608649202","0.053327753277040243","0.6088888888888888","0.07684269825679438","0.05928350270128512","1.26226275","0.3674999999999999","0.7047222222222224","0.6632695881153791","0.003023692694401786","99.4","1.0"
"Synthetic","train","syn_n50_k30_pathological_cov_normal_extreme_events_r02_s20260669","50","15","0.3","ECMADE_MOO","0.9955640098701153","0.00832491411908603","0.7338888888888888","0.011805507038520634","0.013523694114848495","2.2706571566666667","0.2738888888888889","0.9711111111111113","1.0177722673160317","0.0036766650104568437","100.0","1.0"
"Synthetic","validation","syn_n50_k30_cluster_corr_skewed_high_vol_r01_s20260670","50","15","0.3","NSGAII","0.847041236725958","0.05620683334484109","0.7291666666666666","0.149062555716845","0.036757538721280784","0.7681309266666666","0.6508333333333335","0.7616666666666667","0.612329937709839","0.002584115493239683","99.63333333333334","1.0"
"Synthetic","validation","syn_n50_k30_cluster_corr_skewed_high_vol_r01_s20260670","50","15","0.3","SPEA2","0.8994136268814088","0.03955972032807173","0.7988888888888889","0.1461611043614577","0.04404764459230899","2.3875302733333332","0.7052777777777776","0.832777777777778","0.7319109816458199","0.0031811211476170677","100.0","1.0"
"Synthetic","validation","syn_n50_k30_cluster_corr_skewed_high_vol_r01_s20260670","50","15","0.3","MOEAD","0.943836413090971","0.15169764524294513","0.3241666666666667","0.04006609958919923","0.030425057477789334","11.102402946666665","0.22444444444444445","0.3844444444444444","0.4555703262585187","0.0028559145975453376","76.7","1.0"
"Synthetic","validation","syn_n50_k30_cluster_corr_skewed_high_vol_r01_s20260670","50","15","0.3","GDE3","0.8823001156962729","0.042120536817152956","0.72","0.0859926314253845","0.034208903330658055","1.3077535833333336","0.5391666666666667","0.7872222222222223","0.7311357080447392","0.0033708466311286062","99.96666666666667","1.0"
"Synthetic","validation","syn_n50_k30_cluster_corr_skewed_high_vol_r01_s20260670","50","15","0.3","A_MPMO","0.8107322762485157","0.06752090926892025","0.6544444444444444","0.11726774507961428","0.03892880061454516","1.1791004966666667","0.5219444444444445","0.7083333333333334","0.6008044178355127","0.0024996080309743697","98.93333333333334","1.0"
"Synthetic","validation","syn_n50_k30_cluster_corr_skewed_high_vol_r01_s20260670","50","15","0.3","ECMADE_MOO","0.9872500959291997","0.021476425428668854","0.45638888888888896","0.08634108757309811","0.07098361542784788","2.6511223333333334","0.2519444444444444","0.6844444444444446","1.1648115167083843","0.010132150122319505","99.7","1.0"
"Synthetic","validation","syn_n50_k30_pathological_cov_skewed_high_vol_r03_s20260671","50","15","0.3","NSGAII","1.1076982264900685","0.024639138183016506","0.8169444444444446","0.007740987634478246","0.0474187284532129","0.75853188","0.7802777777777776","0.8561111111111112","0.5846988655330524","0.0027666061628937454","99.83333333333333","1.0"
"Synthetic","validation","syn_n50_k30_pathological_cov_skewed_high_vol_r03_s20260671","50","15","0.3","SPEA2","1.1258656223478283","0.014999416084821872","0.9186111111111112","0.003561841917657512","0.045703958924863904","2.791912753333334","0.8961111111111111","0.9327777777777778","0.6945570882960356","0.002851518425039613","100.0","1.0"
"Synthetic","validation","syn_n50_k30_pathological_cov_skewed_high_vol_r03_s20260671","50","15","0.3","MOEAD","0.9720853129772423","0.21708678878397622","0.13611111111111113","0.004920482071341444","0.008034180924113","11.244394113333332","0.06916666666666665","0.17472222222222225","0.05826615460260347","0.0016061563981655917","23.233333333333334","1.0"
"Synthetic","validation","syn_n50_k30_pathological_cov_skewed_high_vol_r03_s20260671","50","15","0.3","GDE3","1.0149640181730135","0.07948627185739338","0.0","0.06216218597720804","0.04811868555994322","1.3060285933333335","0.0","0.0","0.7227604174366927","0.007999415450013201","48.9","1.0"
"Synthetic","validation","syn_n50_k30_pathological_cov_skewed_high_vol_r03_s20260671","50","15","0.3","A_MPMO","1.085471013140801","0.036405797928873905","0.6747222222222222","0.03582700786488512","0.0526362681195734","1.1625351699999997","0.5494444444444445","0.7541666666666669","0.5059816949826076","0.0032319590337207553","98.0","1.0"
"Synthetic","validation","syn_n50_k30_pathological_cov_skewed_high_vol_r03_s20260671","50","15","0.3","ECMADE_MOO","1.1326940711020077","0.009885483505501974","0.9388888888888886","0.005827286060016241","0.02698841454309247","2.3383132066666668","0.65","0.9752777777777779","0.970385370337386","0.006264910844950582","99.96666666666667","1.0"
"Synthetic","validation","syn_n50_k30_low_corr_skewed_extreme_events_r02_s20260672","50","15","0.3","NSGAII","0.9894194036891601","0.05839806471858144","0.6322222222222221","0.09414433742248912","0.03417244587744331","0.82665207","0.5219444444444445","0.6797222222222221","0.6339367550294518","0.0031390389649110432","99.36666666666666","1.0"
"Synthetic","validation","syn_n50_k30_low_corr_skewed_extreme_events_r02_s20260672","50","15","0.3","SPEA2","1.0019119325063148","0.052677924722461085","0.6708333333333333","0.09259966451069766","0.03177717256329434","2.1669048333333327","0.5433333333333333","0.7175000000000001","0.6768934964611043","0.0026761937645449875","100.0","1.0"
"Synthetic","validation","syn_n50_k30_low_corr_skewed_extreme_events_r02_s20260672","50","15","0.3","MOEAD","1.047066572987442","0.14959332162710026","0.4444444444444444","0.025944750324347392","0.016050067406042586","11.137068593333334","0.39","0.4663888888888889","0.31998987317574396","0.0018663568586806678","79.36666666666666","1.0"
"Synthetic","validation","syn_n50_k30_low_corr_skewed_extreme_events_r02_s20260672","50","15","0.3","GDE3","0.9677492605340482","0.06498378263508252","0.5547222222222222","0.0547518174348742","0.023407800739837732","1.3139330666666666","0.38333333333333336","0.65","0.7125836837098326","0.0037991042700996486","99.96666666666667","1.0"
"Synthetic","validation","syn_n50_k30_low_corr_skewed_extreme_events_r02_s20260672","50","15","0.3","A_MPMO","0.943853542276895","0.07912656049472087","0.5080555555555555","0.08487929518275548","0.027544899899473212","1.2582006933333334","0.41055555555555556","0.5675","0.6074595683463325","0.003232505008041319","98.96666666666667","1.0"
"Synthetic","validation","syn_n50_k30_low_corr_skewed_extreme_events_r02_s20260672","50","15","0.3","ECMADE_MOO","1.0391301918346592","0.0407908303012924","0.42250000000000004","0.14396489655012182","0.06708955182458821","2.3179499799999994","0.2716666666666667","0.6319444444444444","0.8889154146552023","0.006415599714337637","99.7","1.0"
"Synthetic","test","syn_n50_k30_cluster_corr_heavy_tail_low_vol_r02_s20260673","50","15","0.3","NSGAII","0.9102901930689977","0.06717144223305395","0.701388888888889","0.12919341350868474","0.04673208145216512","0.8291868566666667","0.5880555555555557","0.7483333333333333","0.7011523239393804","0.0033099786505147674","99.6","1.0"
"Synthetic","test","syn_n50_k30_cluster_corr_heavy_tail_low_vol_r02_s20260673","50","15","0.3","SPEA2","0.9335582519610033","0.05616450943526619","0.7211111111111111","0.09448303843020207","0.0342348557072999","2.2021184666666667","0.6333333333333333","0.7791666666666667","0.7541369269270999","0.003743769226935513","100.0","1.0"
"Synthetic","test","syn_n50_k30_cluster_corr_heavy_tail_low_vol_r02_s20260673","50","15","0.3","MOEAD","0.8989137399903375","0.22006665327990405","0.22277777777777782","0.04067399963971145","0.06981308572718012","11.174380463333334","0.14055555555555557","0.26083333333333336","0.5585204602838398","0.0035244999806792166","69.43333333333334","1.0"
"Synthetic","test","syn_n50_k30_cluster_corr_heavy_tail_low_vol_r02_s20260673","50","15","0.3","GDE3","0.8926311924573815","0.07153052446230804","0.5955555555555556","0.06816904430516707","0.02601398924763498","1.2971872433333331","0.345","0.7063888888888887","0.762565631623861","0.004405808148671735","99.8","1.0"
"Synthetic","test","syn_n50_k30_cluster_corr_heavy_tail_low_vol_r02_s20260673","50","15","0.3","A_MPMO","0.8550802766469655","0.09398330845149423","0.6244444444444444","0.15216902661350995","0.048172914753732775","1.22555538","0.5255555555555556","0.6630555555555557","0.6045430598645226","0.0026595288684595026","99.4","1.0"
"Synthetic","test","syn_n50_k30_cluster_corr_heavy_tail_low_vol_r02_s20260673","50","15","0.3","ECMADE_MOO","0.9813963271051375","0.030765102006251096","0.39861111111111114","0.07423636045440729","0.06898916892788669","2.185538643333333","0.1980555555555555","0.5986111111111111","1.164287191972309","0.008181079702795045","99.33333333333333","1.0"
"Synthetic","test","syn_n50_k30_low_corr_heavy_tail_high_vol_r03_s20260674","50","15","0.3","NSGAII","0.9670229443173338","0.040877684615079506","0.7566666666666666","0.0689186510466337","0.021646690750905154","0.8193825466666665","0.6647222222222222","0.7833333333333333","0.660628846864306","0.0029235358770944523","99.6","1.0"
"Synthetic","test","syn_n50_k30_low_corr_heavy_tail_high_vol_r03_s20260674","50","15","0.3","SPEA2","0.9878898393023745","0.03329014701901834","0.790277777777778","0.10024622532176763","0.031315492619417545","2.0984394133333333","0.7002777777777779","0.8183333333333334","0.7017444954719754","0.0029574090626265028","100.0","1.0"
"Synthetic","test","syn_n50_k30_low_corr_heavy_tail_high_vol_r03_s20260674","50","15","0.3","MOEAD","0.9961152883678401","0.12038144480624065","0.40472222222222237","0.024217529211566145","0.017737512455608964","11.146137396666663","0.2772222222222222","0.45249999999999996","0.4166149032714485","0.0026450174295754142","76.56666666666666","1.0"
"Synthetic","test","syn_n50_k30_low_corr_heavy_tail_high_vol_r03_s20260674","50","15","0.3","GDE3","0.9819049221165016","0.034992421409502525","0.6855555555555557","0.05678304285377801","0.022552565513842483","1.26682875","0.4052777777777778","0.7988888888888888","0.7564254006278265","0.004075788961265291","100.0","1.0"
"Synthetic","test","syn_n50_k30_low_corr_heavy_tail_high_vol_r03_s20260674","50","15","0.3","A_MPMO","0.9126143803545724","0.06165094831195112","0.6352777777777777","0.1168606742626724","0.04239154894033012","1.2108520566666665","0.5161111111111112","0.6847222222222222","0.6003633160441637","0.0027704503063614326","98.9","1.0"
"Synthetic","test","syn_n50_k30_low_corr_heavy_tail_high_vol_r03_s20260674","50","15","0.3","ECMADE_MOO","0.9922825489965464","0.03376259347639204","0.4505555555555556","0.1195386796922947","0.043016701368262016","2.2702110200000005","0.2566666666666667","0.6747222222222222","0.8283655781333276","0.007381152456542788","98.43333333333334","1.0"
"Synthetic","train","syn_n100_k05_high_corr_mixed_high_vol_r02_s20260675","100","5","0.05","NSGAII","1.0633697268550297","0.005357973304352785","0.9327777777777778","0.006026009158330324","0.019891259473147786","0.9136766766666666","0.6322222222222222","0.986111111111111","1.1315859588340695","0.005352671786597251","98.7","1.0"
"Synthetic","train","syn_n100_k05_high_corr_mixed_high_vol_r02_s20260675","100","5","0.05","SPEA2","1.0631924157930774","0.006249408591212072","0.9669444444444447","0.004299970157402983","0.03179034823523254","3.2403963400000007","0.7541666666666668","0.9769444444444445","1.110875871428469","0.0030107328704909357","100.0","1.0"
"Synthetic","train","syn_n100_k05_high_corr_mixed_high_vol_r02_s20260675","100","5","0.05","MOEAD","0.9087304062516073","0.1749206306739676","0.034166666666666665","0.14185469911623869","0.07164670198279369","11.690174220000001","0.006111111111111111","0.1425","0.4225797142367577","0.0033952883984639535","67.3","1.0"
"Synthetic","train","syn_n100_k05_high_corr_mixed_high_vol_r02_s20260675","100","5","0.05","GDE3","1.0502947132557983","0.024538538318332227","0.7402777777777778","0.015430751537368437","0.037038291913150764","1.5643281399999998","0.5886111111111112","0.7877777777777778","0.9429266007412868","0.0026165000610835327","100.0","1.0"
"Synthetic","train","syn_n100_k05_high_corr_mixed_high_vol_r02_s20260675","100","5","0.05","A_MPMO","1.0584446097656377","0.0111996956418467","0.8883333333333334","0.012591795629940736","0.03090513307300847","1.4357544133333335","0.59","0.9386111111111112","1.0576514010316604","0.004928471809436926","98.03333333333333","1.0"
"Synthetic","train","syn_n100_k05_high_corr_mixed_high_vol_r02_s20260675","100","5","0.05","ECMADE_MOO","1.0336258148807482","0.02492307072649756","0.6447222222222223","0.07192584114788181","0.04704269859871033","3.7958026299999994","0.4102777777777778","0.7461111111111112","1.1512386065913127","0.004914293060558094","96.26666666666667","1.0"
"Synthetic","train","syn_n100_k05_cluster_corr_mixed_extreme_events_r03_s20260676","100","5","0.05","NSGAII","1.0366890492042864","0.013232961534336018","0.8386111111111113","0.01043789243897617","0.024013685835893566","0.9160717599999998","0.45611111111111113","0.967777777777778","1.2751626387729025","0.005568501956640089","98.33333333333333","1.0"
"Synthetic","train","syn_n100_k05_cluster_corr_mixed_extreme_events_r03_s20260676","100","5","0.05","SPEA2","1.0403622896330336","0.007673480720259324","0.7769444444444443","0.008517891240119823","0.0186964790180526","2.89605114","0.4427777777777777","0.9619444444444445","1.3020833158016656","0.008237102598496707","100.0","1.0"
"Synthetic","train","syn_n100_k05_cluster_corr_mixed_extreme_events_r03_s20260676","100","5","0.05","MOEAD","0.8903726139739123","0.16714493573800362","0.08972222222222222","0.08100537392088862","0.049264946952863015","11.678752503333335","0.043611111111111114","0.14611111111111114","0.5051813142122955","0.004031259730983259","65.63333333333334","1.0"
"Synthetic","train","syn_n100_k05_cluster_corr_mixed_extreme_events_r03_s20260676","100","5","0.05","GDE3","1.0222320798049387","0.08385758386885497","0.49361111111111117","0.01960561046652105","0.028141918045733325","1.5528135766666664","0.3302777777777778","0.5561111111111111","1.0284675236950016","0.0030342753703763835","100.0","1.0"
"Synthetic","train","syn_n100_k05_cluster_corr_mixed_extreme_events_r03_s20260676","100","5","0.05","A_MPMO","1.0328205230350125","0.018499048574181113","0.7311111111111112","0.019276908947761545","0.0369954139502444","1.4489800933333334","0.3791666666666667","0.8866666666666666","1.2630657423352294","0.00528212361835734","96.53333333333333","1.0"
"Synthetic","train","syn_n100_k05_cluster_corr_mixed_extreme_events_r03_s20260676","100","5","0.05","ECMADE_MOO","1.0249418121430915","0.01642085081922168","0.6497222222222223","0.05094759789675373","0.02553575750616297","3.2259774533333334","0.3219444444444444","0.8130555555555556","1.3168764008230975","0.005650150631794738","96.4","1.0"
"Synthetic","train","syn_n100_k05_low_corr_heavy_tail_high_vol_r03_s20260677","100","5","0.05","NSGAII","1.1500103197770142","0.008072188103179678","0.8469444444444444","0.009517509619143428","0.033010254479907825","0.9170148566666666","0.6","0.9533333333333333","0.9069728268581441","0.004312360015421538","98.3","1.0"
"Synthetic","train","syn_n100_k05_low_corr_heavy_tail_high_vol_r03_s20260677","100","5","0.05","SPEA2","1.1517248050268658","0.008513913124255897","0.8355555555555555","0.008542767695023242","0.03192542754757672","2.764304456666667","0.5194444444444445","0.956111111111111","0.8962590363778635","0.006007447945474001","100.0","1.0"
"Synthetic","train","syn_n100_k05_low_corr_heavy_tail_high_vol_r03_s20260677","100","5","0.05","MOEAD","1.0408784339757278","0.15641302755538108","0.14583333333333337","0.05891948328740688","0.033968520073362034","11.749866130000003","0.07277777777777777","0.21888888888888888","0.22477862551650585","0.0018769494243626383","63.06666666666667","1.0"
"Synthetic","train","syn_n100_k05_low_corr_heavy_tail_high_vol_r03_s20260677","100","5","0.05","GDE3","1.1135196794933742","0.09293507848679697","0.31750000000000006","0.05853102667928735","0.051718910014452585","1.4743488900000001","0.1861111111111111","0.45777777777777773","0.7419613553172393","0.004332058743423853","97.83333333333333","1.0"
"Synthetic","train","syn_n100_k05_low_corr_heavy_tail_high_vol_r03_s20260677","100","5","0.05","A_MPMO","1.1389184751107877","0.022308662915288154","0.6894444444444444","0.025756686002572495","0.04569629163880878","1.45189771","0.4744444444444445","0.8311111111111111","0.8230931101619867","0.00401354107833505","96.1","1.0"
"Synthetic","train","syn_n100_k05_low_corr_heavy_tail_high_vol_r03_s20260677","100","5","0.05","ECMADE_MOO","1.1310162034296478","0.023073221705709208","0.513888888888889","0.028110928134611052","0.03894714312871865","2.3479470099999995","0.33249999999999996","0.7477777777777775","0.9528385563139228","0.006394655356543545","95.66666666666667","1.0"
"Synthetic","train","syn_n100_k05_low_corr_normal_low_vol_r01_s20260678","100","5","0.05","NSGAII","1.1273311381792246","0.00611936701539025","0.8530555555555552","0.007385107695857747","0.01779575836179294","0.8923880000000002","0.4752777777777777","0.9819444444444446","1.210599722507135","0.005730513271019444","98.56666666666666","1.0"
"Synthetic","train","syn_n100_k05_low_corr_normal_low_vol_r01_s20260678","100","5","0.05","SPEA2","1.1271204269200006","0.01702315136690285","0.5158333333333333","0.00787600073422711","0.021450845080583498","2.87110094","0.3263888888888889","0.7183333333333333","1.1968577440400252","0.017373145131419868","100.0","1.0"
"Synthetic","train","syn_n100_k05_low_corr_normal_low_vol_r01_s20260678","100","5","0.05","MOEAD","0.9721524896585029","0.2101303343543839","0.1913888888888889","0.02985718466843133","0.033562245308020246","11.74554394","0.13361111111111112","0.23944444444444446","0.26019544583019266","0.00212971995525931","64.16666666666667","1.0"
"Synthetic","train","syn_n100_k05_low_corr_normal_low_vol_r01_s20260678","100","5","0.05","GDE3","1.0951221698511044","0.1681698736092267","0.32861111111111113","0.04647291495653623","0.03044868833896213","1.4974637633333332","0.19749999999999998","0.38555555555555554","0.8556434626883621","0.003458818679556296","100.0","1.0"
"Synthetic","train","syn_n100_k05_low_corr_normal_low_vol_r01_s20260678","100","5","0.05","A_MPMO","1.1194576324703762","0.03231526595150677","0.6230555555555556","0.016225819774670847","0.048540075631049034","1.5110096333333334","0.3394444444444445","0.801111111111111","1.1324460560992895","0.005219860849262146","97.1","1.0"
"Synthetic","train","syn_n100_k05_low_corr_normal_low_vol_r01_s20260678","100","5","0.05","ECMADE_MOO","1.111585951451284","0.025321282221972573","0.523611111111111","0.042688550506727374","0.05085668189338185","2.3625598366666667","0.27666666666666667","0.7150000000000001","1.1964655213698154","0.007032285178843182","95.73333333333333","1.0"
"Synthetic","train","syn_n100_k05_high_corr_normal_low_vol_r03_s20260679","100","5","0.05","NSGAII","1.1382665085874555","0.0038769219603412715","0.9700000000000002","0.0021289480993973565","0.010071323410950635","0.8987009733333334","0.8877777777777778","0.9816666666666668","0.7463815823135496","0.002988374087926959","98.66666666666667","1.0"
"Synthetic","train","syn_n100_k05_high_corr_normal_low_vol_r03_s20260679","100","5","0.05","SPEA2","1.1379461174888041","0.003584788199244524","0.9772222222222223","0.0018086447858299164","0.013716025677925538","3.2169544533333334","0.9583333333333334","0.9811111111111113","0.7375105707938883","0.0014168333701359088","100.0","1.0"
"Synthetic","train","syn_n100_k05_high_corr_normal_low_vol_r03_s20260679","100","5","0.05","MOEAD","0.9771390720950257","0.1517232403025597","0.16999999999999998","0.0918887083063359","0.03546711571052464","12.055319179999998","0.07472222222222222","0.28","0.18543986244547878","0.0027940891333548042","39.06666666666667","1.0"
"Synthetic","train","syn_n100_k05_high_corr_normal_low_vol_r03_s20260679","100","5","0.05","GDE3","1.1213209263800175","0.009959345405880766","0.8813888888888889","0.023624127318395867","0.026847140418715044","1.608043993333333","0.8380555555555554","0.9102777777777777","0.6740398752091556","0.0019243444209223126","99.96666666666667","1.0"
"Synthetic","train","syn_n100_k05_high_corr_normal_low_vol_r03_s20260679","100","5","0.05","A_MPMO","1.134419589579422","0.00582106480577804","0.9330555555555555","0.0026569333306255614","0.015949217445000198","1.4105668499999997","0.851111111111111","0.9558333333333336","0.7226776541123368","0.0028681681728154676","97.5","1.0"
"Synthetic","train","syn_n100_k05_high_corr_normal_low_vol_r03_s20260679","100","5","0.05","ECMADE_MOO","1.1169541784835921","0.01813644825749221","0.8333333333333333","0.11651895468544343","0.05263917507782145","3.4555689033333326","0.616388888888889","0.863888888888889","0.798070236463822","0.0032676461792534397","97.06666666666666","1.0"
"Synthetic","train","syn_n100_k05_pathological_cov_skewed_high_vol_r03_s20260680","100","5","0.05","NSGAII","1.1010373076232933","0.005089747565076589","0.955","0.003374164212851172","0.02209542250462267","0.9132392033333334","0.8136111111111111","0.9722222222222222","0.8712249068701556","0.0033907325558328047","98.4","1.0"
"Synthetic","train","syn_n100_k05_pathological_cov_skewed_high_vol_r03_s20260680","100","5","0.05","SPEA2","1.102684034031804","0.004309508318057802","0.9719444444444445","0.0025043093685077323","0.02449287466700776","3.170654619999999","0.9175","0.9772222222222223","0.8878866018805726","0.0016147273151980502","100.0","1.0"
"Synthetic","train","syn_n100_k05_pathological_cov_skewed_high_vol_r03_s20260680","100","5","0.05","MOEAD","0.8551700105514188","0.32026121660184703","0.0688888888888889","0.05789764360481911","0.03399525956938629","11.832354819999999","0.042499999999999996","0.10361111111111113","0.049063820255065824","0.003866430911126525","12.233333333333333","1.0"
"Synthetic","train","syn_n100_k05_pathological_cov_skewed_high_vol_r03_s20260680","100","5","0.05","GDE3","1.0852706764506295","0.008352096711107653","0.9130555555555554","0.06646465964435258","0.023732161573406643","1.6040842966666666","0.8230555555555555","0.9322222222222222","0.8858937597720199","0.0026443132544766387","99.7","1.0"
"Synthetic","train","syn_n100_k05_pathological_cov_skewed_high_vol_r03_s20260680","100","5","0.05","A_MPMO","1.089407514934597","0.011063986140239816","0.8772222222222222","0.028282992146168483","0.03681250879401734","1.3651357800000001","0.7444444444444442","0.9116666666666666","0.810226295102764","0.003134565556666892","98.13333333333334","1.0"
"Synthetic","train","syn_n100_k05_pathological_cov_skewed_high_vol_r03_s20260680","100","5","0.05","ECMADE_MOO","1.053620353052573","0.03471422868166129","0.6519444444444443","0.23258977066336997","0.06178983874255304","3.665870726666667","0.4844444444444445","0.7558333333333334","0.9574615117988576","0.003704489249558669","95.7","1.0"
"Synthetic","train","syn_n100_k05_high_corr_heavy_tail_extreme_events_r01_s20260681","100","5","0.05","NSGAII","1.1247028501457024","0.004167361239298555","0.9733333333333334","0.0034610219512900826","0.018416445842216557","0.8919944166666666","0.7930555555555556","0.9886111111111112","0.9227396365048435","0.004641495119768382","98.46666666666667","1.0"
"Synthetic","train","syn_n100_k05_high_corr_heavy_tail_extreme_events_r01_s20260681","100","5","0.05","SPEA2","1.1257753335533893","0.0033705554965340803","0.9877777777777779","0.0028701483125846495","0.01789783854866742","3.2028579699999993","0.8591666666666667","0.991388888888889","0.9364099014580122","0.002392985792120585","100.0","1.0"
"Synthetic","train","syn_n100_k05_high_corr_heavy_tail_extreme_events_r01_s20260681","100","5","0.05","MOEAD","0.9838586872098111","0.08799634803466665","0.14194444444444443","0.0959606949654769","0.04750350775744658","11.843949699999998","0.07333333333333332","0.2652777777777778","0.314212744589468","0.0019931760990232255","76.26666666666667","1.0"
"Synthetic","train","syn_n100_k05_high_corr_heavy_tail_extreme_events_r01_s20260681","100","5","0.05","GDE3","1.1029450254219206","0.01048337219910212","0.7972222222222222","0.03765778323481316","0.03510592826420005","1.5623865033333333","0.5675000000000001","0.8927777777777778","0.8436276065864347","0.0028304563909332925","100.0","1.0"
"Synthetic","train","syn_n100_k05_high_corr_heavy_tail_extreme_events_r01_s20260681","100","5","0.05","A_MPMO","1.1221922531534325","0.006088018269800859","0.9347222222222222","0.003919468799475578","0.024506171076204834","1.4920957000000001","0.7694444444444445","0.956388888888889","0.8761819872620857","0.004261215217658595","98.26666666666667","1.0"
"Synthetic","train","syn_n100_k05_high_corr_heavy_tail_extreme_events_r01_s20260681","100","5","0.05","ECMADE_MOO","1.1151841101990205","0.010572974637651729","0.854722222222222","0.017616273015830748","0.04133843082721096","3.172199633333333","0.7108333333333333","0.8780555555555555","0.9227230344325973","0.0041239989530838985","96.0","1.0"
"Synthetic","validation","syn_n100_k05_pathological_cov_mixed_low_vol_r01_s20260682","100","5","0.05","NSGAII","1.0328765267398796","0.0050463080081911285","0.9541666666666665","0.006504985611445253","0.014049713865528087","0.8893969933333334","0.6783333333333332","0.9830555555555557","1.0720247877440248","0.004376072570741358","98.36666666666666","1.0"
"Synthetic","validation","syn_n100_k05_pathological_cov_mixed_low_vol_r01_s20260682","100","5","0.05","SPEA2","1.0336339104583636","0.004604104225404975","0.9574999999999998","0.005191405477827629","0.011386547052429507","3.1180816633333337","0.7613888888888888","0.9833333333333335","1.0656498088245037","0.004218298306077919","100.0","1.0"
"Synthetic","validation","syn_n100_k05_pathological_cov_mixed_low_vol_r01_s20260682","100","5","0.05","MOEAD","0.8365547489699056","0.12258826631206343","0.11083333333333333","0.057866344488547945","0.05119820667745274","11.786262920000002","0.03833333333333334","0.25805555555555554","0.5013767068154331","0.003291707944376914","75.26666666666667","1.0"
"Synthetic","validation","syn_n100_k05_pathological_cov_mixed_low_vol_r01_s20260682","100","5","0.05","GDE3","0.9870768256875349","0.02383754170834018","0.5675","0.051388388272605015","0.038097333244389055","1.6149044300000002","0.37083333333333335","0.7216666666666668","0.8830833740049483","0.002326904461993352","100.0","1.0"
"Synthetic","validation","syn_n100_k05_pathological_cov_mixed_low_vol_r01_s20260682","100","5","0.05","A_MPMO","1.0295024754762043","0.007127641928178305","0.9000000000000001","0.009700053606330566","0.015263526337709147","1.4628881","0.6194444444444442","0.9577777777777778","1.0709033476514118","0.004357487457428544","97.43333333333334","1.0"
"Synthetic","validation","syn_n100_k05_pathological_cov_mixed_low_vol_r01_s20260682","100","5","0.05","ECMADE_MOO","1.0195575547446092","0.011162131289242297","0.7525","0.03993383437072197","0.033264701404422205","2.9768000799999994","0.5183333333333332","0.8461111111111113","1.0903407140943806","0.004169209633395793","96.63333333333334","1.0"
"Synthetic","validation","syn_n100_k05_cluster_corr_heavy_tail_low_vol_r02_s20260683","100","5","0.05","NSGAII","1.111354032620632","0.008583134836983492","0.8625000000000002","0.008249520109312083","0.019560829556068263","0.8734670233333334","0.5455555555555556","0.9669444444444445","1.1431341051329995","0.0056169314405588215","98.46666666666667","1.0"
"Synthetic","validation","syn_n100_k05_cluster_corr_heavy_tail_low_vol_r02_s20260683","100","5","0.05","SPEA2","1.113586377048566","0.009508587816209063","0.7683333333333334","0.005063914924145123","0.018643704751340154","2.680239996666667","0.5500000000000002","0.9480555555555555","1.1467646991062763","0.009471378571335318","100.0","1.0"
"Synthetic","validation","syn_n100_k05_cluster_corr_heavy_tail_low_vol_r02_s20260683","100","5","0.05","MOEAD","0.9833728559449175","0.1437583373054129","0.1747222222222222","0.04003979715400153","0.04489716073060186","11.749113576666666","0.08666666666666666","0.30138888888888893","0.4420443668525823","0.0032208799995842694","68.33333333333333","1.0"
"Synthetic","validation","syn_n100_k05_cluster_corr_heavy_tail_low_vol_r02_s20260683","100","5","0.05","GDE3","1.09961039444903","0.09113322686218048","0.5283333333333334","0.023574677447619916","0.03842591630679083","1.544396763333333","0.4547222222222222","0.5997222222222223","0.8463586342827258","0.0031662484105276336","100.0","1.0"
"Synthetic","validation","syn_n100_k05_cluster_corr_heavy_tail_low_vol_r02_s20260683","100","5","0.05","A_MPMO","1.0929656295724557","0.06566198840800988","0.6086111111111111","0.048546766645163046","0.0795861539586545","1.4141115100000001","0.3991666666666666","0.7083333333333335","0.974305782215221","0.004379237808000328","96.83333333333333","1.0"
"Synthetic","validation","syn_n100_k05_cluster_corr_heavy_tail_low_vol_r02_s20260683","100","5","0.05","ECMADE_MOO","1.0860584914487557","0.028584205486177957","0.5658333333333333","0.05970926725464965","0.04767190585922969","2.549833633333334","0.3308333333333333","0.6955555555555556","1.1915332894590527","0.006630253895151964","96.26666666666667","1.0"
"Synthetic","validation","syn_n100_k05_pathological_cov_normal_extreme_events_r02_s20260684","100","5","0.05","NSGAII","0.9993300577003504","0.003950887513914163","0.9680555555555556","0.0067494245291016735","0.008804790928135716","0.8878116633333335","0.6983333333333334","1.0","1.132566927011341","0.004401049819475045","97.8","1.0"
"Synthetic","validation","syn_n100_k05_pathological_cov_normal_extreme_events_r02_s20260684","100","5","0.05","SPEA2","1.0003377750619145","0.003161048523097987","0.9905555555555556","0.004806283199924427","0.005479295907685863","3.8416607733333334","0.8116666666666664","1.0","1.132578525430805","0.003514109678527635","100.0","1.0"
"Synthetic","validation","syn_n100_k05_pathological_cov_normal_extreme_events_r02_s20260684","100","5","0.05","MOEAD","0.8092033211249452","0.10469582027752047","0.09083333333333334","0.07620988481117433","0.06247636794834171","11.727612593333333","0.03805555555555556","0.18027777777777781","0.5773619094799087","0.0037786541116797035","74.26666666666667","1.0"
"Synthetic","validation","syn_n100_k05_pathological_cov_normal_extreme_events_r02_s20260684","100","5","0.05","GDE3","0.9670286974334334","0.026366029068057215","0.7002777777777779","0.040736517555076436","0.06292293295489879","1.6105935","0.46888888888888886","0.7849999999999999","0.9632565628197695","0.0020150876201171534","100.0","1.0"
"Synthetic","validation","syn_n100_k05_pathological_cov_normal_extreme_events_r02_s20260684","100","5","0.05","A_MPMO","0.996557752762129","0.005950181762276592","0.9233333333333332","0.00920288432426092","0.01731174291539509","1.5156457100000003","0.6394444444444444","0.9752777777777778","1.1186290194987074","0.004587592510556894","97.16666666666667","1.0"
"Synthetic","validation","syn_n100_k05_pathological_cov_normal_extreme_events_r02_s20260684","100","5","0.05","ECMADE_MOO","0.9861959728645204","0.009928917409785125","0.8127777777777776","0.03998710951722304","0.03246958974988529","3.120940786666666","0.5755555555555554","0.8688888888888889","1.151078802301","0.004447959463222297","96.33333333333333","1.0"
"Synthetic","test","syn_n100_k05_cluster_corr_skewed_high_vol_r01_s20260685","100","5","0.05","NSGAII","1.0233039966396582","0.007077914040566269","0.8305555555555555","0.013467928795916422","0.01919706233624729","0.9013220866666667","0.45888888888888885","0.9633333333333334","1.2679840006616367","0.005284492663805595","98.4","1.0"
"Synthetic","test","syn_n100_k05_cluster_corr_skewed_high_vol_r01_s20260685","100","5","0.05","SPEA2","1.0225366983147592","0.014359349394340882","0.7533333333333332","0.011978945803917508","0.02488426090282472","3.0906086933333325","0.4458333333333332","0.9391666666666667","1.264351818621283","0.00715087771868018","100.0","1.0"
"Synthetic","test","syn_n100_k05_cluster_corr_skewed_high_vol_r01_s20260685","100","5","0.05","MOEAD","0.8783589637673338","0.16572948259236747","0.11916666666666667","0.08738409128971004","0.05440772525132852","11.724461893333334","0.04972222222222222","0.1983333333333333","0.5055217225957417","0.003789141272974033","67.5","1.0"
"Synthetic","test","syn_n100_k05_cluster_corr_skewed_high_vol_r01_s20260685","100","5","0.05","GDE3","1.0120154821325076","0.05799440022108372","0.5741666666666666","0.021568154448563588","0.03420248808322482","1.6001565800000002","0.3761111111111111","0.6516666666666667","1.0621220499542998","0.003055428880209067","100.0","1.0"
"Synthetic","test","syn_n100_k05_cluster_corr_skewed_high_vol_r01_s20260685","100","5","0.05","A_MPMO","1.016892761881487","0.015623845774249006","0.6863888888888889","0.01809329408361489","0.03415593100564673","1.4282994433333336","0.37638888888888894","0.8836111111111111","1.247452872119843","0.005560325101811882","96.46666666666667","1.0"
"Synthetic","test","syn_n100_k05_cluster_corr_skewed_high_vol_r01_s20260685","100","5","0.05","ECMADE_MOO","1.0154105237880708","0.013792715582636195","0.6197222222222222","0.03761128500851507","0.02923941050530014","2.556757423333333","0.2963888888888889","0.8297222222222224","1.2845872456846297","0.005005474921937153","96.53333333333333","1.0"
"Synthetic","test","syn_n100_k05_low_corr_skewed_extreme_events_r02_s20260686","100","5","0.05","NSGAII","1.0198631386417447","0.005756960255172815","0.8797222222222222","0.010036226073046606","0.011234340660231261","0.9209010333333332","0.4919444444444444","0.9911111111111114","1.3055326405604823","0.005412898603174149","97.7","1.0"
"Synthetic","test","syn_n100_k05_low_corr_skewed_extreme_events_r02_s20260686","100","5","0.05","SPEA2","1.019670308772589","0.006544925600786639","0.8083333333333333","0.010519973647037086","0.018719377213881085","3.0942215133333337","0.43805555555555553","0.9872222222222223","1.3121963543266764","0.006349140867492738","100.0","1.0"
"Synthetic","test","syn_n100_k05_low_corr_skewed_extreme_events_r02_s20260686","100","5","0.05","MOEAD","0.8788484098960514","0.1588763256087302","0.19361111111111115","0.06420642738173069","0.07217044150558428","11.726473470000002","0.07083333333333333","0.3280555555555556","0.5129913772450756","0.0031290030012737706","74.86666666666666","1.0"
"Synthetic","test","syn_n100_k05_low_corr_skewed_extreme_events_r02_s20260686","100","5","0.05","GDE3","1.008593281087038","0.03351774379937534","0.7616666666666666","0.02510176894475378","0.05439554336217618","1.5868606633333335","0.44722222222222224","0.8330555555555555","1.1714139832715715","0.0034872383017959386","99.96666666666667","1.0"
"Synthetic","test","syn_n100_k05_low_corr_skewed_extreme_events_r02_s20260686","100","5","0.05","A_MPMO","1.0133573726082699","0.011297744661153571","0.7394444444444445","0.018336170727623332","0.028634773278446015","1.4385056466666666","0.38999999999999996","0.9222222222222223","1.2857238611319164","0.005357042885416203","97.6","1.0"
"Synthetic","test","syn_n100_k05_low_corr_skewed_extreme_events_r02_s20260686","100","5","0.05","ECMADE_MOO","1.002043043692453","0.01746841925141564","0.5888888888888888","0.02887546083489632","0.029208693823979556","2.7160202199999994","0.29083333333333333","0.8052777777777778","1.3112477587104132","0.00488790474313537","96.8","1.0"
"Synthetic","train","syn_n100_k10_pathological_cov_normal_extreme_events_r02_s20260687","100","10","0.1","NSGAII","0.9869247997244058","0.017616688415906582","0.8511111111111112","0.012520363285790146","0.04809709500051719","0.9132388866666667","0.5713888888888888","0.9158333333333334","1.2207539508179133","0.0065865110301793145","99.63333333333334","1.0"
"Synthetic","train","syn_n100_k10_pathological_cov_normal_extreme_events_r02_s20260687","100","10","0.1","SPEA2","0.9920953296683442","0.01207367532114103","0.8952777777777777","0.008029384760274372","0.058942752404115575","3.0927978033333337","0.615","0.9483333333333331","1.2782031947979542","0.004914526217391459","100.0","1.0"
"Synthetic","train","syn_n100_k10_pathological_cov_normal_extreme_events_r02_s20260687","100","10","0.1","MOEAD","0.7663393556313889","0.16220326743680055","0.0025","0.04631311470108368","0.05104777289504111","11.834618540000001","0.0002777777777777778","0.04055555555555555","0.5537948731510637","0.003938664311272473","70.5","1.0"
"Synthetic","train","syn_n100_k10_pathological_cov_normal_extreme_events_r02_s20260687","100","10","0.1","GDE3","0.9129935892726102","0.056598999287025165","0.02666666666666667","0.04896496409263821","0.045736448977057344","1.5626807466666668","0.005","0.2252777777777778","0.9515766421260892","0.0033762384533333727","100.0","1.0"
"Synthetic","train","syn_n100_k10_pathological_cov_normal_extreme_events_r02_s20260687","100","10","0.1","A_MPMO","0.9807163023208842","0.02341685421261091","0.7836111111111111","0.01841894012799923","0.0596672719200706","1.4260619033333335","0.5077777777777778","0.8588888888888887","1.1666116822916088","0.004953379965406739","98.96666666666667","1.0"
"Synthetic","train","syn_n100_k10_pathological_cov_normal_extreme_events_r02_s20260687","100","10","0.1","ECMADE_MOO","0.9814148600840887","0.018871397381069417","0.6758333333333333","0.02699853313932717","0.042280141413528136","2.05606476","0.27972222222222226","0.8436111111111109","1.258116725429019","0.0059157716090099165","99.56666666666666","1.0"
"Synthetic","train","syn_n100_k10_high_corr_heavy_tail_extreme_events_r01_s20260688","100","10","0.1","NSGAII","1.152293681174635","0.012066174112761818","0.868888888888889","0.022733157954721254","0.020752149975421116","0.9197016999999998","0.8141666666666667","0.8969444444444444","0.564558454931973","0.0026240795449830865","99.66666666666667","1.0"
"Synthetic","train","syn_n100_k10_high_corr_heavy_tail_extreme_events_r01_s20260688","100","10","0.1","SPEA2","1.1602465037015612","0.006805574605879482","0.9227777777777778","0.01782571049533723","0.028841332176131555","2.574859343333333","0.8572222222222223","0.9477777777777778","0.6470809771283299","0.002979732504366026","100.0","1.0"
"Synthetic","train","syn_n100_k10_high_corr_heavy_tail_extreme_events_r01_s20260688","100","10","0.1","MOEAD","0.9618439202605883","0.21947703475470937","0.03861111111111111","0.08256212426098139","0.059533277194097275","11.647816570000003","0.012222222222222223","0.09194444444444444","0.02535205301075549","0.0013583866748053774","6.166666666666667","1.0"
"Synthetic","train","syn_n100_k10_high_corr_heavy_tail_extreme_events_r01_s20260688","100","10","0.1","GDE3","0.960505737888333","0.10504596788698986","0.0","0.1142338439198809","0.07217520432204176","1.4989446400000002","0.0","0.0","0.6622624149356409","0.01926470590372672","26.8","1.0"
"Synthetic","train","syn_n100_k10_high_corr_heavy_tail_extreme_events_r01_s20260688","100","10","0.1","A_MPMO","1.131558844242513","0.023436702108779565","0.7427777777777779","0.043303134019006206","0.028039691632719913","1.3265946200000003","0.6169444444444445","0.798888888888889","0.4768941751334108","0.0030381557790771833","97.3","1.0"
"Synthetic","train","syn_n100_k10_high_corr_heavy_tail_extreme_events_r01_s20260688","100","10","0.1","ECMADE_MOO","1.1577039376569858","0.009194309543990097","0.7880555555555557","0.010554718851681723","0.03388462668792805","2.3682496399999997","0.6197222222222222","0.8702777777777777","0.7595660206173415","0.004528095913024158","99.43333333333334","1.0"
"Synthetic","train","syn_n100_k10_cluster_corr_heavy_tail_low_vol_r02_s20260689","100","10","0.1","NSGAII","0.9888166465108293","0.016344746569855784","0.8097222222222222","0.02985256579201137","0.05119987663506982","0.8996001766666668","0.3722222222222222","0.9280555555555556","1.2278122684709905","0.004610775310506975","99.53333333333333","1.0"
"Synthetic","train","syn_n100_k10_cluster_corr_heavy_tail_low_vol_r02_s20260689","100","10","0.1","SPEA2","0.9895829426656949","0.015271380585773897","0.8152777777777777","0.02889773905771474","0.038248127268375384","3.1346318366666677","0.48305555555555557","0.91","1.2143594469294183","0.0063606707235878855","100.0","1.0"
"Synthetic","train","syn_n100_k10_cluster_corr_heavy_tail_low_vol_r02_s20260689","100","10","0.1","MOEAD","0.8514805604779531","0.14383491900864753","0.2222222222222222","0.05658224296954727","0.05829754699540537","11.789636976666666","0.10472222222222222","0.37999999999999995","0.4830599292656214","0.003552299541398064","69.9","1.0"
"Synthetic","train","syn_n100_k10_cluster_corr_heavy_tail_low_vol_r02_s20260689","100","10","0.1","GDE3","0.9172820789623054","0.0974719048318162","0.6344444444444445","0.07711351599815755","0.04622198659325082","1.7010264466666665","0.45222222222222214","0.6694444444444444","0.8425378262210811","0.002650257279548579","100.0","1.0"
"Synthetic","train","syn_n100_k10_cluster_corr_heavy_tail_low_vol_r02_s20260689","100","10","0.1","A_MPMO","0.952980449362889","0.05251419131029933","0.5805555555555555","0.08207492121949998","0.08151551923992284","1.4804631333333333","0.23777777777777778","0.7833333333333333","1.0447974896942547","0.004206038955264358","98.56666666666666","1.0"
"Synthetic","train","syn_n100_k10_cluster_corr_heavy_tail_low_vol_r02_s20260689","100","10","0.1","ECMADE_MOO","0.9691849338108793","0.02877905266164267","0.30777777777777776","0.04962602546618626","0.06829454033365902","2.8405327466666668","0.05611111111111112","0.6899999999999998","1.1788053308478612","0.007125995112680955","99.76666666666667","1.0"
"Synthetic","train","syn_n100_k10_low_corr_normal_low_vol_r01_s20260690","100","10","0.1","NSGAII","1.097382558790197","0.02251686924070529","0.7861111111111112","0.06462575348456925","0.03651858611257743","0.9418103333333333","0.6191666666666666","0.8330555555555554","0.6806704987213109","0.0035195549886985608","99.36666666666666","1.0"
"Synthetic","train","syn_n100_k10_low_corr_normal_low_vol_r01_s20260690","100","10","0.1","SPEA2","1.1177085732572078","0.014298350524393143","0.8155555555555555","0.05975824033475973","0.03212303511261602","6.2467729866666675","0.593611111111111","0.8977777777777779","0.745985924907499","0.0038566773170447765","100.0","1.0"
"Synthetic","train","syn_n100_k10_low_corr_normal_low_vol_r01_s20260690","100","10","0.1","MOEAD","1.0191883261090218","0.1342118120032581","0.31055555555555564","0.05065028107474938","0.03397897076392479","11.788499709999998","0.21222222222222223","0.3983333333333333","0.21042480054985965","0.0019096933924586934","61.166666666666664","1.0"
"Synthetic","train","syn_n100_k10_low_corr_normal_low_vol_r01_s20260690","100","10","0.1","GDE3","1.0151785210926985","0.061160932457384916","0.45","0.0808829971128318","0.029681867540017025","1.18898539","0.2447222222222222","0.5469444444444443","0.6716438244106648","0.004426493232296797","99.96666666666667","1.0"
"Synthetic","train","syn_n100_k10_low_corr_normal_low_vol_r01_s20260690","100","10","0.1","A_MPMO","1.0549862689699727","0.04350232629804737","0.6113888888888889","0.0985187130994996","0.043836476742082936","1.83838759","0.37361111111111106","0.6999999999999998","0.6181456012257104","0.003159449649632558","98.56666666666666","1.0"
"Synthetic","train","syn_n100_k10_low_corr_normal_low_vol_r01_s20260690","100","10","0.1","ECMADE_MOO","1.0908594808342031","0.03155810113915307","0.368611111111111","0.13465231527561813","0.056913453265962935","2.1145157133333337","0.13472222222222222","0.6513888888888889","0.8096225309171738","0.005752875591780728","97.83333333333333","1.0"
"Synthetic","train","syn_n100_k10_pathological_cov_mixed_low_vol_r01_s20260691","100","10","0.1","NSGAII","1.0169241062460823","0.009905901679267583","0.9155555555555556","0.02393331605869682","0.05112834507690039","0.9620324933333334","0.6305555555555558","0.9602777777777778","1.1408690493541858","0.004775161141981605","99.63333333333334","1.0"
"Synthetic","train","syn_n100_k10_pathological_cov_mixed_low_vol_r01_s20260691","100","10","0.1","SPEA2","1.0232768353484256","0.004221874817187571","0.9333333333333332","0.007214328105510631","0.009314415035983816","9.291745313333333","0.7433333333333334","0.9872222222222222","1.1722494543581001","0.005221650756126526","100.0","1.0"
"Synthetic","train","syn_n100_k10_pathological_cov_mixed_low_vol_r01_s20260691","100","10","0.1","MOEAD","0.7780048329009399","0.21852571729817719","0.006944444444444444","0.049138758321063826","0.0344369942017491","11.785747483333335","0.0","0.03861111111111111","0.3467688942461679","0.003264088254106112","54.8","1.0"
"Synthetic","train","syn_n100_k10_pathological_cov_mixed_low_vol_r01_s20260691","100","10","0.1","GDE3","0.9404334125992381","0.04688302070618171","0.10305555555555558","0.052180612843073904","0.05339788312092789","0.8914001133333334","0.009444444444444445","0.3524999999999999","0.9184771716617794","0.00358834094837814","99.96666666666667","1.0"
"Synthetic","train","syn_n100_k10_pathological_cov_mixed_low_vol_r01_s20260691","100","10","0.1","A_MPMO","0.9924244180888139","0.0244497639072516","0.7263888888888889","0.06399037635021432","0.07241486478295284","1.9003906100000003","0.48888888888888893","0.8213888888888887","1.0097688836658203","0.004633599670567752","98.9","1.0"
"Synthetic","train","syn_n100_k10_pathological_cov_mixed_low_vol_r01_s20260691","100","10","0.1","ECMADE_MOO","1.0132516483730059","0.009493434203386027","0.7349999999999999","0.02425522442191233","0.018741392062561958","2.3530843566666673","0.33861111111111103","0.9122222222222224","1.188359641349985","0.004487427000298449","99.46666666666667","1.0"
"Synthetic","train","syn_n100_k10_high_corr_mixed_high_vol_r02_s20260692","100","10","0.1","NSGAII","1.1064231883867643","0.052165947645075365","0.6758333333333333","0.09789255776963007","0.06978145207515166","0.9685306766666669","0.6002777777777777","0.7008333333333334","0.5700353585408542","0.003931097253396082","99.36666666666666","1.0"
"Synthetic","train","syn_n100_k10_high_corr_mixed_high_vol_r02_s20260692","100","10","0.1","SPEA2","1.1180462554685624","0.03367251418932302","0.7719444444444441","0.09094127919219971","0.06555532855129781","7.042788486666667","0.6758333333333333","0.7911111111111112","0.7306417595417601","0.003046019468071257","100.0","1.0"
"Synthetic","train","syn_n100_k10_high_corr_mixed_high_vol_r02_s20260692","100","10","0.1","MOEAD","1.0186537813019834","0.16097788963789852","0.027222222222222224","0.038175256560329024","0.023363182270776127","11.649422040000003","0.007499999999999999","0.10555555555555557","0.0894582742865815","0.0024005755764126627","31.4","1.0"
"Synthetic","train","syn_n100_k10_high_corr_mixed_high_vol_r02_s20260692","100","10","0.1","GDE3","1.0388387994729085","0.08298215541149728","0.24250000000000002","0.09497981235700304","0.07961291004387881","0.8822941466666667","0.08194444444444444","0.34472222222222215","0.5498489819557573","0.008388730962899566","69.7","1.0"
"Synthetic","train","syn_n100_k10_high_corr_mixed_high_vol_r02_s20260692","100","10","0.1","A_MPMO","1.0753116394990994","0.07647316183447857","0.47944444444444445","0.09429467466416884","0.06498837322235358","1.8011064200000002","0.41027777777777774","0.5311111111111111","0.4738318920315654","0.0025866868745812364","97.7","1.0"
"Synthetic","train","syn_n100_k10_high_corr_mixed_high_vol_r02_s20260692","100","10","0.1","ECMADE_MOO","1.1325657060068273","0.02881096427113804","0.6655555555555556","0.08389517892751154","0.09207747519172335","2.187347823333333","0.4055555555555556","0.7741666666666667","0.9222896876381845","0.00690298284295754","99.46666666666667","1.0"
"Synthetic","train","syn_n100_k10_cluster_corr_mixed_extreme_events_r03_s20260693","100","10","0.1","NSGAII","0.9589934290865219","0.031143839207703996","0.821111111111111","0.06247414249754498","0.08331570747239306","0.9604721799999999","0.47638888888888886","0.8758333333333336","1.081139413469568","0.0042260188169891385","99.66666666666667","1.0"
"Synthetic","train","syn_n100_k10_cluster_corr_mixed_extreme_events_r03_s20260693","100","10","0.1","SPEA2","0.9607848824627695","0.030029046034023937","0.8313888888888888","0.05239100823205736","0.07365613679939877","6.898725823333335","0.5888888888888889","0.8811111111111111","1.092797417454431","0.004372193460302533","100.0","1.0"
"Synthetic","train","syn_n100_k10_cluster_corr_mixed_extreme_events_r03_s20260693","100","10","0.1","MOEAD","0.8489838493252834","0.13885748645853507","0.16861111111111113","0.07169463090643345","0.05693661276138416","11.832890853333334","0.06472222222222222","0.3161111111111112","0.4908183416545954","0.0032425109418028107","73.2","1.0"
"Synthetic","train","syn_n100_k10_cluster_corr_mixed_extreme_events_r03_s20260693","100","10","0.1","GDE3","0.9121525821298438","0.0653777513200909","0.5322222222222222","0.10042298688039558","0.05251739693051398","0.9103560266666667","0.26166666666666666","0.7141666666666667","0.8884058687546912","0.0031082259415365623","100.0","1.0"
"Synthetic","train","syn_n100_k10_cluster_corr_mixed_extreme_events_r03_s20260693","100","10","0.1","A_MPMO","0.9084712077797895","0.0747411454732137","0.6369444444444442","0.12188599785676214","0.07751830677206045","1.6298592366666669","0.375","0.7383333333333334","0.8545499724440824","0.0034188659369259445","98.96666666666667","1.0"
"Synthetic","train","syn_n100_k10_cluster_corr_mixed_extreme_events_r03_s20260693","100","10","0.1","ECMADE_MOO","0.9561386715398743","0.023498174109019346","0.47527777777777774","0.03293277292021885","0.07296397059912292","2.4570638533333335","0.11111111111111112","0.888888888888889","1.269661497381618","0.005756359592626598","99.83333333333333","1.0"
"Synthetic","validation","syn_n100_k10_low_corr_skewed_extreme_events_r02_s20260694","100","10","0.1","NSGAII","1.0174346991420404","0.03470579858985232","0.7733333333333334","0.09454509482654955","0.07437623767145271","1.1810734766666668","0.4427777777777777","0.8402777777777779","0.9733815121924319","0.004538362889055893","99.43333333333334","1.0"
"Synthetic","validation","syn_n100_k10_low_corr_skewed_extreme_events_r02_s20260694","100","10","0.1","SPEA2","1.0225976018124994","0.030445562556950505","0.7747222222222221","0.08603561699658359","0.04807473481395417","6.20985304","0.5222222222222223","0.8441666666666666","0.9984065249773899","0.006205722944987308","100.0","1.0"
"Synthetic","validation","syn_n100_k10_low_corr_skewed_extreme_events_r02_s20260694","100","10","0.1","MOEAD","0.9335439291077311","0.14500205569566735","0.32861111111111113","0.03737064943259773","0.026012663725536775","11.788270430000003","0.1963888888888889","0.4133333333333333","0.38530013788734624","0.0027404088059328527","72.23333333333333","1.0"
"Synthetic","validation","syn_n100_k10_low_corr_skewed_extreme_events_r02_s20260694","100","10","0.1","GDE3","0.9832854525350084","0.05712308579272778","0.7266666666666667","0.06711990731693995","0.032315769077409","0.8875296766666667","0.4402777777777777","0.7719444444444444","0.8207173003604871","0.003263234978979741","100.0","1.0"
"Synthetic","validation","syn_n100_k10_low_corr_skewed_extreme_events_r02_s20260694","100","10","0.1","A_MPMO","0.9718555679104336","0.06156835610445807","0.6213888888888889","0.14265579407143922","0.06873765142994413","1.5159215533333332","0.30583333333333335","0.7352777777777779","0.8381690045563851","0.0042403825243777634","98.53333333333333","1.0"
"Synthetic","validation","syn_n100_k10_low_corr_skewed_extreme_events_r02_s20260694","100","10","0.1","ECMADE_MOO","1.02383088047389","0.031545570466964816","0.42777777777777776","0.08589764643210407","0.0721810867054706","2.47384651","0.13361111111111112","0.7708333333333335","1.0806571489506756","0.006687166133513594","99.76666666666667","1.0"
"Synthetic","validation","syn_n100_k10_low_corr_heavy_tail_high_vol_r03_s20260695","100","10","0.1","NSGAII","1.0031359508222946","0.03624743615699883","0.7966666666666666","0.04786031222146958","0.0645203854406308","1.080133763333333","0.4944444444444444","0.8458333333333333","0.9335787694842936","0.004037142832057148","99.63333333333334","1.0"
"Synthetic","validation","syn_n100_k10_low_corr_heavy_tail_high_vol_r03_s20260695","100","10","0.1","SPEA2","1.0122068385102552","0.028080929434668434","0.8405555555555555","0.046493685631767055","0.0645035125348652","6.866247283333333","0.5516666666666666","0.8747222222222223","0.9761216198661508","0.003955553446931467","100.0","1.0"
"Synthetic","validation","syn_n100_k10_low_corr_heavy_tail_high_vol_r03_s20260695","100","10","0.1","MOEAD","0.9177033305850344","0.12490936283716766","0.3797222222222222","0.06969594807187238","0.04073045546536609","11.760420210000001","0.21416666666666667","0.47527777777777774","0.39378425184997495","0.0024819958476627194","75.9","1.0"
"Synthetic","validation","syn_n100_k10_low_corr_heavy_tail_high_vol_r03_s20260695","100","10","0.1","GDE3","0.9643962678714086","0.07067562190452474","0.566111111111111","0.11632886376557114","0.07505951300039344","0.8712431966666667","0.23111111111111113","0.7272222222222223","0.8664637883015597","0.0035648545586364033","99.26666666666667","1.0"
"Synthetic","validation","syn_n100_k10_low_corr_heavy_tail_high_vol_r03_s20260695","100","10","0.1","A_MPMO","0.9658671050490072","0.07246327079610822","0.6105555555555555","0.12136907652964571","0.08473636683126375","1.63569608","0.3077777777777778","0.7272222222222221","0.8322812464283975","0.003928885457661856","98.8","1.0"
"Synthetic","validation","syn_n100_k10_low_corr_heavy_tail_high_vol_r03_s20260695","100","10","0.1","ECMADE_MOO","0.9977918752812821","0.03445642115556917","0.26499999999999996","0.0547151383074297","0.10255302725227164","2.3085543","0.07638888888888887","0.611111111111111","1.1010575861346836","0.007560654254336586","99.33333333333333","1.0"
"Synthetic","validation","syn_n100_k10_pathological_cov_skewed_high_vol_r03_s20260696","100","10","0.1","NSGAII","1.0532632883717141","0.07624361026374289","0.7127777777777777","0.06892748051813562","0.10356185231933777","1.04795417","0.6016666666666666","0.7427777777777778","0.7168634134028232","0.0037806595547421667","99.63333333333334","1.0"
"Synthetic","validation","syn_n100_k10_pathological_cov_skewed_high_vol_r03_s20260696","100","10","0.1","SPEA2","1.0842213231235183","0.037561396003176165","0.8138888888888889","0.05013385991872239","0.13880714481142556","7.214061136666667","0.6872222222222223","0.8477777777777779","0.972328954264598","0.004619571761407499","100.0","1.0"
"Synthetic","validation","syn_n100_k10_pathological_cov_skewed_high_vol_r03_s20260696","100","10","0.1","MOEAD","0.8612614966937091","0.23511529244758428","0.0002777777777777778","0.10500702992851277","0.061302267505627644","11.685581136666665","0.0","0.010833333333333334","0.1660489259453228","0.005939181627757087","22.7","1.0"
"Synthetic","validation","syn_n100_k10_pathological_cov_skewed_high_vol_r03_s20260696","100","10","0.1","GDE3","1.0273175360538884","0.07062205968748435","0.03916666666666666","0.05347740222834626","0.049838049241500405","1.0007028900000001","0.0030555555555555557","0.1911111111111111","0.7585830173379211","0.009139511845963722","65.46666666666667","1.0"
"Synthetic","validation","syn_n100_k10_pathological_cov_skewed_high_vol_r03_s20260696","100","10","0.1","A_MPMO","1.033838968212537","0.10214992519594622","0.6119444444444446","0.08218341840097394","0.1029954334442286","1.54039591","0.5313888888888888","0.6469444444444445","0.632671004459617","0.004328146631606575","99.5","1.0"
"Synthetic","validation","syn_n100_k10_pathological_cov_skewed_high_vol_r03_s20260696","100","10","0.1","ECMADE_MOO","1.0893643592850875","0.027905497406746985","0.808611111111111","0.033034680646089026","0.08350323423973945","2.1902633533333336","0.5061111111111112","0.8900000000000001","1.0512412792785713","0.005922888713866479","98.6","1.0"
"Synthetic","test","syn_n100_k10_cluster_corr_skewed_high_vol_r01_s20260697","100","10","0.1","NSGAII","1.0730744506397356","0.016514787532731213","0.8558333333333334","0.10626774874976665","0.044037526984971175","1.0499785566666666","0.6988888888888888","0.8825","0.7555090627434475","0.003324542285869311","99.5","1.0"
"Synthetic","test","syn_n100_k10_cluster_corr_skewed_high_vol_r01_s20260697","100","10","0.1","SPEA2","1.084845864283956","0.01259971298293881","0.8880555555555554","0.09949563986875049","0.04085806944789342","6.066955343333334","0.7911111111111111","0.9075","0.7736504626631301","0.0024978490993758065","100.0","1.0"
"Synthetic","test","syn_n100_k10_cluster_corr_skewed_high_vol_r01_s20260697","100","10","0.1","MOEAD","0.99127545779103","0.09411489629195795","0.19444444444444445","0.0622001461710309","0.025681841540064122","11.914633446666667","0.07638888888888888","0.3472222222222222","0.33647647326146524","0.0028790412704267415","62.833333333333336","1.0"
"Synthetic","test","syn_n100_k10_cluster_corr_skewed_high_vol_r01_s20260697","100","10","0.1","GDE3","1.0782016241151118","0.01274664914493038","0.8077777777777777","0.07725100801821953","0.03358462747113379","0.8960035133333334","0.4511111111111111","0.8977777777777779","0.8153666360856574","0.003823794942791396","99.73333333333333","1.0"
"Synthetic","test","syn_n100_k10_cluster_corr_skewed_high_vol_r01_s20260697","100","10","0.1","A_MPMO","1.013319134847092","0.03744067311561113","0.7030555555555555","0.16768661905559243","0.05072867485335942","1.6314705700000003","0.48666666666666664","0.7613888888888888","0.6681308136096199","0.0030205489100755645","98.36666666666666","1.0"
"Synthetic","test","syn_n100_k10_cluster_corr_skewed_high_vol_r01_s20260697","100","10","0.1","ECMADE_MOO","1.0969030279737828","0.0148771650594511","0.5811111111111111","0.05357374781108298","0.04682532940726681","1.9509815166666666","0.22055555555555556","0.8825000000000001","0.8980978005573139","0.004153819987592441","99.66666666666667","1.0"
"Synthetic","test","syn_n100_k10_high_corr_normal_low_vol_r03_s20260698","100","10","0.1","NSGAII","0.939323533864091","0.016090217763992682","0.8594444444444445","0.009321435679069387","0.052668441599357005","1.0364707233333332","0.5947222222222224","0.9066666666666666","1.1059685718217505","0.004402172857114901","99.73333333333333","1.0"
"Synthetic","test","syn_n100_k10_high_corr_normal_low_vol_r03_s20260698","100","10","0.1","SPEA2","0.9568034729198234","0.01019615516896421","0.8891666666666667","0.008599546130497359","0.050679710900695715","6.363531446666667","0.6694444444444445","0.9166666666666667","1.2037742246658503","0.015091936339355317","100.0","1.0"
"Synthetic","test","syn_n100_k10_high_corr_normal_low_vol_r03_s20260698","100","10","0.1","MOEAD","0.35053934693999883","0.4770232519998129","0.015833333333333335","0.007601360402125456","0.026348141872613206","11.779292129999998","0.005277777777777778","0.035833333333333335","0.019954972384963153","0.0020704896998222865","6.733333333333333","1.0"
"Synthetic","test","syn_n100_k10_high_corr_normal_low_vol_r03_s20260698","100","10","0.1","GDE3","0.9132990872001717","0.03842392922016812","0.013611111111111114","0.04147271029204566","0.030129937997118026","0.8919882799999997","0.0019444444444444444","0.1880555555555556","1.0354889978502746","0.0040663720292519285","99.3","1.0"
"Synthetic","test","syn_n100_k10_high_corr_normal_low_vol_r03_s20260698","100","10","0.1","A_MPMO","0.9021046920822169","0.03482520388591238","0.6647222222222223","0.02659170516742919","0.06390587598856137","1.5326416066666666","0.43444444444444447","0.7588888888888888","0.9484460260855766","0.004556742883224513","98.86666666666666","1.0"
"Synthetic","test","syn_n100_k10_high_corr_normal_low_vol_r03_s20260698","100","10","0.1","ECMADE_MOO","0.9433547080862734","0.01620133939754527","0.5980555555555557","0.02524596880605645","0.04607751570647433","1.9829537866666667","0.16138888888888892","0.8405555555555556","1.2427571456473105","0.005398434323389457","99.93333333333334","1.0"
"Synthetic","train","syn_n100_k20_low_corr_normal_low_vol_r01_s20260699","100","20","0.2","NSGAII","0.9168437428720551","0.1797626228682437","0.42750000000000005","0.09049746185139879","0.034013710613583284","1.0057774899999998","0.2633333333333333","0.47527777777777785","0.5459137478636964","0.003840914892346171","98.93333333333334","1.0"
"Synthetic","train","syn_n100_k20_low_corr_normal_low_vol_r01_s20260699","100","20","0.2","SPEA2","0.9269716096155309","0.1717618514887251","0.44861111111111107","0.09675923307829094","0.03298041640832465","4.934042843333333","0.3208333333333334","0.4963888888888889","0.5658761770609411","0.0028497666247166947","100.0","1.0"
"Synthetic","train","syn_n100_k20_low_corr_normal_low_vol_r01_s20260699","100","20","0.2","MOEAD","0.8724585595363742","0.21711926592904535","0.21166666666666675","0.03455035796818611","0.05912940547694337","11.870745873333334","0.1275","0.29055555555555557","0.44342543057941614","0.004426377717782846","52.7","1.0"
"Synthetic","train","syn_n100_k20_low_corr_normal_low_vol_r01_s20260699","100","20","0.2","GDE3","0.9186744002082488","0.1622775801425441","0.1363888888888889","0.08268018777534919","0.03236905086344138","0.9009687866666666","0.0027777777777777775","0.40722222222222215","0.6618433166907881","0.006615970989782433","83.6","1.0"
"Synthetic","train","syn_n100_k20_low_corr_normal_low_vol_r01_s20260699","100","20","0.2","A_MPMO","0.8556118197272217","0.21786123903531077","0.32138888888888884","0.11584809792715213","0.035349121644847735","1.5501192233333332","0.14194444444444443","0.38777777777777783","0.488797086654191","0.002859620187506717","97.0","1.0"
"Synthetic","train","syn_n100_k20_low_corr_normal_low_vol_r01_s20260699","100","20","0.2","ECMADE_MOO","0.9216848723293595","0.1548014250139277","0.17972222222222226","0.13835997109481066","0.050470634575725044","1.7067875966666668","0.02083333333333333","0.3302777777777777","0.6566260967850865","0.006652838808405572","87.33333333333333","1.0"
"Synthetic","train","syn_n100_k20_low_corr_skewed_extreme_events_r02_s20260700","100","20","0.2","NSGAII","1.0419389229862746","0.04714298058498974","0.5600000000000002","0.055095360119960565","0.021449544083880095","0.9625480799999998","0.5199999999999999","0.5847222222222221","0.5069576308411953","0.002538056338575981","99.4","1.0"
"Synthetic","train","syn_n100_k20_low_corr_skewed_extreme_events_r02_s20260700","100","20","0.2","SPEA2","1.0490092200664338","0.04112424895993072","0.5991666666666666","0.06962859916186899","0.025655831466493806","5.704748093333334","0.5538888888888888","0.6252777777777779","0.5990717196957028","0.0021476277866672154","100.0","1.0"
"Synthetic","train","syn_n100_k20_low_corr_skewed_extreme_events_r02_s20260700","100","20","0.2","MOEAD","1.0824817887732432","0.18005157989334114","0.2700000000000001","0.021209474203448084","0.010596502660059041","11.84196131","0.18777777777777777","0.3188888888888889","0.13016292433009652","0.0011962740132720863","59.733333333333334","1.0"
"Synthetic","train","syn_n100_k20_low_corr_skewed_extreme_events_r02_s20260700","100","20","0.2","GDE3","1.0411685781802908","0.04249375485244046","0.4561111111111111","0.0750414988492348","0.03261104643468638","0.9108287266666667","0.11055555555555556","0.5930555555555554","0.6918229724234898","0.0076152554160521906","82.13333333333334","1.0"
"Synthetic","train","syn_n100_k20_low_corr_skewed_extreme_events_r02_s20260700","100","20","0.2","A_MPMO","1.0021907068431852","0.06419573959653266","0.4847222222222223","0.0903818970886917","0.03270824379692461","1.4066356666666666","0.41666666666666674","0.5202777777777778","0.4658057528736902","0.0024810016825283724","98.33333333333333","1.0"
"Synthetic","train","syn_n100_k20_low_corr_skewed_extreme_events_r02_s20260700","100","20","0.2","ECMADE_MOO","1.0742253331311327","0.0349435416842088","0.41472222222222216","0.09519903875234315","0.036037246738752","1.793254766666667","0.17444444444444446","0.5913888888888887","0.7026673696825322","0.006383562629301261","96.36666666666666","1.0"
"Synthetic","train","syn_n100_k20_high_corr_mixed_high_vol_r02_s20260701","100","20","0.2","NSGAII","0.9183685755489573","0.034285414280125416","0.6283333333333334","0.08799009631046813","0.06202115635445538","0.9231002966666667","0.3147222222222222","0.7661111111111112","0.6467145837637359","0.0028445950644214644","99.46666666666667","1.0"
"Synthetic","train","syn_n100_k20_high_corr_mixed_high_vol_r02_s20260701","100","20","0.2","SPEA2","0.9563564016972381","0.02090395345791177","0.8291666666666668","0.09769101644695172","0.05915614653694998","6.721192136666667","0.5938888888888888","0.8722222222222221","0.7697629698399983","0.00257620604219181","100.0","1.0"
"Synthetic","train","syn_n100_k20_high_corr_mixed_high_vol_r02_s20260701","100","20","0.2","MOEAD","0.5884850181059347","0.37478933647876755","0.01","0.03239999389734093","0.02805902304552921","11.700610290000004","0.0008333333333333334","0.03833333333333333","0.14935309939508726","0.003572019381342354","28.633333333333333","1.0"
"Synthetic","train","syn_n100_k20_high_corr_mixed_high_vol_r02_s20260701","100","20","0.2","GDE3","0.7361917941733013","0.17676902132839273","0.0","0.11601679753387618","0.04780387401559007","0.91550416","0.0","0.0","0.9055272140184619","0.01044835823569633","49.8","1.0"
"Synthetic","train","syn_n100_k20_high_corr_mixed_high_vol_r02_s20260701","100","20","0.2","A_MPMO","0.8235030766389749","0.07846604549364553","0.06666666666666668","0.15887240084092427","0.0682261321390858","1.4032270166666667","0.01888888888888889","0.2361111111111111","0.4797693890645454","0.0037822653436561807","78.26666666666667","1.0"
"Synthetic","train","syn_n100_k20_high_corr_mixed_high_vol_r02_s20260701","100","20","0.2","ECMADE_MOO","0.9751579562387518","0.03003720000415799","0.013611111111111112","0.04080566693886044","0.050052304398648384","1.763273686666667","0.0016666666666666668","0.29194444444444445","1.092443240157109","0.005794012444090327","93.66666666666667","1.0"
"Synthetic","train","syn_n100_k20_cluster_corr_heavy_tail_low_vol_r02_s20260702","100","20","0.2","NSGAII","0.8780186632917574","0.03663115772245626","0.7613888888888888","0.11259237939846446","0.05415540607759095","0.9286797400000001","0.5344444444444445","0.8158333333333334","0.7253086844427937","0.0028845752434728308","99.53333333333333","1.0"
"Synthetic","train","syn_n100_k20_cluster_corr_heavy_tail_low_vol_r02_s20260702","100","20","0.2","SPEA2","0.9291433779270245","0.022170322499067956","0.8286111111111111","0.11160993245864649","0.04948379726725602","6.561585693333334","0.6141666666666665","0.8891666666666667","0.852189612818089","0.0029143714247763497","100.0","1.0"
"Synthetic","train","syn_n100_k20_cluster_corr_heavy_tail_low_vol_r02_s20260702","100","20","0.2","MOEAD","0.8505729634694926","0.20669983507163317","0.16722222222222222","0.043047296267333446","0.032880517485827036","11.92700964333333","0.06583333333333334","0.2644444444444445","0.45393894269795015","0.003722916151216958","66.83333333333333","1.0"
"Synthetic","train","syn_n100_k20_cluster_corr_heavy_tail_low_vol_r02_s20260702","100","20","0.2","GDE3","0.8616832865216891","0.041439297777445386","0.46694444444444444","0.0913264740677592","0.043831180100169266","0.9075124633333334","0.1941666666666667","0.7077777777777777","0.7509074806145762","0.0028977397101896747","100.0","1.0"
"Synthetic","train","syn_n100_k20_cluster_corr_heavy_tail_low_vol_r02_s20260702","100","20","0.2","A_MPMO","0.8306747259698036","0.054022316134016486","0.5544444444444444","0.15807928755098577","0.05027197883555527","1.522160083333333","0.20944444444444446","0.7227777777777777","0.6692684302462857","0.0028039539820853116","99.16666666666667","1.0"
"Synthetic","train","syn_n100_k20_cluster_corr_heavy_tail_low_vol_r02_s20260702","100","20","0.2","ECMADE_MOO","0.9178792980035655","0.03125114848225828","0.22333333333333327","0.10252067950499344","0.07425542358964504","1.6964003133333336","0.06333333333333334","0.53","0.9631760387589642","0.006648527089488481","98.6","1.0"
"Synthetic","train","syn_n100_k20_pathological_cov_normal_extreme_events_r02_s20260703","100","20","0.2","NSGAII","0.9587008497998089","0.12061812355936775","0.3219444444444444","0.10799089001167818","0.05045470079029755","0.9441454799999999","0.1802777777777778","0.3719444444444445","0.27450874069128717","0.0022370569733869408","72.6","1.0"
"Synthetic","train","syn_n100_k20_pathological_cov_normal_extreme_events_r02_s20260703","100","20","0.2","SPEA2","1.0195830545129072","0.07660494345408396","0.5866666666666667","0.09501572553432318","0.055141722203148925","6.116926113333332","0.5202777777777778","0.6155555555555556","0.398717541149285","0.0016948851896903573","96.16666666666667","1.0"
"Synthetic","train","syn_n100_k20_pathological_cov_normal_extreme_events_r02_s20260703","100","20","0.2","MOEAD","0.6848644877431779","0.1904277037701484","0.0077777777777777776","0.08329146715051407","0.07082962959692311","11.80642768","0.0","0.07138888888888889","0.17789734744716634","0.0053131626957685614","23.733333333333334","1.0"
"Synthetic","train","syn_n100_k20_pathological_cov_normal_extreme_events_r02_s20260703","100","20","0.2","GDE3","0.6091264887375518","0.3413865076184949","0.0","0.19117480836438122","0.09496605426158843","0.8931492366666666","0.0","0.0","0.6642390917714281","0.017416006552821925","26.466666666666665","1.0"
"Synthetic","train","syn_n100_k20_pathological_cov_normal_extreme_events_r02_s20260703","100","20","0.2","A_MPMO","0.8369523903016083","0.18717363710945986","0.02555555555555556","0.12612523669321993","0.0702916061582135","1.4258234833333334","0.009166666666666667","0.07833333333333332","0.1823791426769298","0.005630681354720315","26.233333333333334","1.0"
"Synthetic","train","syn_n100_k20_pathological_cov_normal_extreme_events_r02_s20260703","100","20","0.2","ECMADE_MOO","1.1068726933100577","0.002966291485165634","0.996388888888889","0.0037640695950016834","0.006859546736816719","1.5154761666666663","0.878611111111111","1.0","0.750664234441633","0.0024760408046391328","100.0","1.0"
"Synthetic","train","syn_n100_k20_low_corr_heavy_tail_high_vol_r03_s20260704","100","20","0.2","NSGAII","0.8068368543565223","0.07372963290080102","0.6366666666666667","0.1365624477118067","0.034989426771430465","0.8976286666666666","0.5613888888888889","0.6780555555555555","0.47622750053089574","0.0025735119988356003","99.2","1.0"
"Synthetic","train","syn_n100_k20_low_corr_heavy_tail_high_vol_r03_s20260704","100","20","0.2","SPEA2","0.8660385724529621","0.055502879288250304","0.7319444444444444","0.10804125941253911","0.02874783060790537","5.963346830000002","0.661111111111111","0.7733333333333332","0.5322724770509093","0.0025688462578051284","100.0","1.0"
"Synthetic","train","syn_n100_k20_low_corr_heavy_tail_high_vol_r03_s20260704","100","20","0.2","MOEAD","0.9186288220039317","0.12581667575958747","0.31888888888888883","0.05288492169870953","0.02320224110121749","11.946017396666667","0.22472222222222218","0.385","0.23760695716939853","0.0019890906240504773","66.5","1.0"
"Synthetic","train","syn_n100_k20_low_corr_heavy_tail_high_vol_r03_s20260704","100","20","0.2","GDE3","0.8350954572199201","0.0636921993790977","0.5513888888888889","0.13118510133160888","0.037778044056713055","0.9048366899999999","0.3241666666666667","0.6580555555555556","0.6079736129082621","0.004045514609210577","96.23333333333333","1.0"
"Synthetic","train","syn_n100_k20_low_corr_heavy_tail_high_vol_r03_s20260704","100","20","0.2","A_MPMO","0.7702146930700615","0.08555220072638489","0.5183333333333333","0.10763279534608289","0.02700752671223057","1.5216291766666672","0.40888888888888897","0.5858333333333333","0.4741054957149263","0.002398661801518725","97.76666666666667","1.0"
"Synthetic","train","syn_n100_k20_low_corr_heavy_tail_high_vol_r03_s20260704","100","20","0.2","ECMADE_MOO","0.8638849701214204","0.06382441934109867","0.3783333333333333","0.26575653603133387","0.08675623514696847","1.9098141","0.2030555555555556","0.5341666666666666","0.72272235144038","0.007962639211951988","92.3","1.0"
"Synthetic","train","syn_n100_k20_cluster_corr_skewed_high_vol_r01_s20260705","100","20","0.2","NSGAII","0.8479013513031993","0.05562390701939753","0.7161111111111113","0.13053457807350047","0.05075092554750164","0.9311678733333333","0.5805555555555557","0.7619444444444444","0.6032669571171841","0.002959581403045553","99.46666666666667","1.0"
"Synthetic","train","syn_n100_k20_cluster_corr_skewed_high_vol_r01_s20260705","100","20","0.2","SPEA2","0.9018728980738794","0.03891371333040802","0.7780555555555555","0.131137587549001","0.04430221962843891","6.071450456666667","0.6969444444444444","0.8230555555555557","0.6839720502432299","0.0024753330707992347","100.0","1.0"
"Synthetic","train","syn_n100_k20_cluster_corr_skewed_high_vol_r01_s20260705","100","20","0.2","MOEAD","0.9111407675945666","0.15009950189576757","0.15666666666666668","0.0590401110511482","0.03137758449527191","11.872144743333331","0.05527777777777777","0.27638888888888885","0.3985501126363806","0.0030032969156118406","67.9","1.0"
"Synthetic","train","syn_n100_k20_cluster_corr_skewed_high_vol_r01_s20260705","100","20","0.2","GDE3","0.8308607290039842","0.05859223925618609","0.4330555555555555","0.10534981981932273","0.03252380709589466","0.9023526366666667","0.10222222222222223","0.6680555555555557","0.6678596411593074","0.004453793713680422","99.36666666666666","1.0"
"Synthetic","train","syn_n100_k20_cluster_corr_skewed_high_vol_r01_s20260705","100","20","0.2","A_MPMO","0.7901622825112483","0.07458926804114374","0.5947222222222223","0.14773414598077125","0.03809269775774165","1.4378539199999998","0.39611111111111114","0.6811111111111111","0.5136181789226625","0.0022543158038795326","99.5","1.0"
"Synthetic","train","syn_n100_k20_cluster_corr_skewed_high_vol_r01_s20260705","100","20","0.2","ECMADE_MOO","0.9524070529723828","0.03226337452592455","0.2747222222222222","0.12203885673477799","0.07461712182557169","3.8769586166666667","0.09222222222222222","0.5113888888888889","1.0207911383450448","0.008578027016219455","97.66666666666667","1.0"
"Synthetic","validation","syn_n100_k20_cluster_corr_mixed_extreme_events_r03_s20260706","100","20","0.2","NSGAII","0.8342336762565588","0.08406335890695042","0.6175","0.1324885860433513","0.040328033710632406","1.0425839133333334","0.47777777777777775","0.6549999999999998","0.5768928616433571","0.0026009290728256263","99.4","1.0"
"Synthetic","validation","syn_n100_k20_cluster_corr_mixed_extreme_events_r03_s20260706","100","20","0.2","SPEA2","0.8608354845911036","0.07112580890063089","0.6558333333333333","0.101297130169824","0.03234496091772283","6.165477303333333","0.5719444444444444","0.6983333333333331","0.6330857524246769","0.0021798226440381987","100.0","1.0"
"Synthetic","validation","syn_n100_k20_cluster_corr_mixed_extreme_events_r03_s20260706","100","20","0.2","MOEAD","0.8713145545449932","0.2125842176899426","0.14888888888888893","0.05601372310512093","0.04058132947262886","11.82205979","0.06972222222222223","0.22555555555555556","0.3398742949148834","0.0034820616432054098","57.6","1.0"
"Synthetic","validation","syn_n100_k20_cluster_corr_mixed_extreme_events_r03_s20260706","100","20","0.2","GDE3","0.8396766544616193","0.07586773862142476","0.36555555555555563","0.09348279851511052","0.03234340867265685","0.9060901633333333","0.07138888888888889","0.5547222222222222","0.6602144896590261","0.0038611842482621853","99.9","1.0"
"Synthetic","validation","syn_n100_k20_cluster_corr_mixed_extreme_events_r03_s20260706","100","20","0.2","A_MPMO","0.7569292539667117","0.11953209451137158","0.4511111111111112","0.109596442259559","0.03343454848237724","1.4281717933333336","0.2544444444444444","0.5391666666666666","0.47951687421342687","0.002531002469883697","98.53333333333333","1.0"
"Synthetic","validation","syn_n100_k20_cluster_corr_mixed_extreme_events_r03_s20260706","100","20","0.2","ECMADE_MOO","0.9663496282776833","0.03293525944033135","0.23027777777777775","0.1243272041563892","0.06453353988387152","3.60882829","0.05916666666666667","0.4780555555555555","1.0046042858308526","0.006452620937222079","99.06666666666666","1.0"
"Synthetic","validation","syn_n100_k20_pathological_cov_mixed_low_vol_r01_s20260707","100","20","0.2","NSGAII","1.1590865163216884","0.06113845179484567","0.624722222222222","0.023276397013908122","0.02973258365454092","1.0117454433333333","0.5191666666666667","0.6858333333333334","0.2355014794815057","0.0028228334900573344","73.9","1.0"
"Synthetic","validation","syn_n100_k20_pathological_cov_mixed_low_vol_r01_s20260707","100","20","0.2","SPEA2","1.1747424780247593","0.03464593288233062","0.8247222222222221","0.004105044982699412","0.03072168206030136","5.46865884","0.8019444444444445","0.8452777777777777","0.34574723261967755","0.0015730662392284586","99.13333333333334","1.0"
"Synthetic","validation","syn_n100_k20_pathological_cov_mixed_low_vol_r01_s20260707","100","20","0.2","MOEAD","1.0307390045141271","0.2458258568994895","0.0008333333333333334","0.024084676225363227","0.07619712036035223","11.817625670000002","0.0","0.005833333333333333","0.007823132179881091","0.0017457495174573296","1.9333333333333333","1.0"
"Synthetic","validation","syn_n100_k20_pathological_cov_mixed_low_vol_r01_s20260707","100","20","0.2","GDE3","0.9120843232444676","0.19941825356434856","0.0","0.08459642956409691","0.07485708474670567","0.8945302333333334","0.0","0.0","0.4268039155671234","0.016175286241920536","20.266666666666666","1.0"
"Synthetic","validation","syn_n100_k20_pathological_cov_mixed_low_vol_r01_s20260707","100","20","0.2","A_MPMO","1.1055647345372248","0.10407590774419843","0.15000000000000002","0.06985069586395153","0.04742807690149813","1.4675454933333334","0.06944444444444445","0.2866666666666667","0.15621827893010545","0.007307781474379393","21.1","1.0"
"Synthetic","validation","syn_n100_k20_pathological_cov_mixed_low_vol_r01_s20260707","100","20","0.2","ECMADE_MOO","1.1669754954393134","0.06774398783501069","0.4816666666666667","0.01295699174054308","0.1784900884815726","3.2777607399999997","0.23944444444444446","0.6408333333333334","0.5659361224113043","0.010083125810916131","48.53333333333333","1.0"
"Synthetic","validation","syn_n100_k20_high_corr_normal_low_vol_r03_s20260708","100","20","0.2","NSGAII","0.9312563821895251","0.02758928053871683","0.6747222222222221","0.044112253365459535","0.04671152396867531","0.9962938033333334","0.37361111111111106","0.7963888888888889","0.7324736143430267","0.0028974063228413122","99.66666666666667","1.0"
"Synthetic","validation","syn_n100_k20_high_corr_normal_low_vol_r03_s20260708","100","20","0.2","SPEA2","0.9602045037739617","0.017132487111876395","0.843611111111111","0.03924404556109688","0.04236502250987004","5.419740413333332","0.5908333333333334","0.8811111111111111","0.8520600195301442","0.004088780890589341","100.0","1.0"
"Synthetic","validation","syn_n100_k20_high_corr_normal_low_vol_r03_s20260708","100","20","0.2","MOEAD","0.4670925878978397","0.4684167488384779","0.013888888888888892","0.00879837181353856","0.03172862213552461","11.739073656666667","0.0022222222222222222","0.02722222222222222","0.04622296161675655","0.002278100784945441","14.266666666666667","1.0"
"Synthetic","validation","syn_n100_k20_high_corr_normal_low_vol_r03_s20260708","100","20","0.2","GDE3","0.7477754402892313","0.15771040093936062","0.0","0.11775390448069839","0.05738004399844619","0.8993855133333333","0.0","0.0","0.9012643021366865","0.009387805192676568","59.06666666666667","1.0"
"Synthetic","validation","syn_n100_k20_high_corr_normal_low_vol_r03_s20260708","100","20","0.2","A_MPMO","0.8457859155821961","0.06545901240666961","0.07722222222222225","0.08411867402411721","0.050905675933462326","1.3894398366666667","0.02083333333333333","0.3491666666666667","0.5809469276070004","0.0036499835273815203","90.13333333333334","1.0"
"Synthetic","validation","syn_n100_k20_high_corr_normal_low_vol_r03_s20260708","100","20","0.2","ECMADE_MOO","0.967333084918511","0.025806690909360018","0.20944444444444446","0.042216400641592634","0.04201203556486432","4.003387366666666","0.0225","0.6680555555555555","1.1522576014821917","0.0072565740383600825","99.5","1.0"
"Synthetic","test","syn_n100_k20_pathological_cov_skewed_high_vol_r03_s20260709","100","20","0.2","NSGAII","1.0427313218963694","0.031687403790065245","0.6552777777777776","0.09593068996488961","0.030282972354662808","0.9827543700000001","0.5880555555555557","0.708611111111111","0.3028863842497508","0.002084252635063766","98.2","1.0"
"Synthetic","test","syn_n100_k20_pathological_cov_skewed_high_vol_r03_s20260709","100","20","0.2","SPEA2","1.0924277546260086","0.018154338079993993","0.8172222222222222","0.09632598359564587","0.0361564053113911","4.553781760000001","0.7805555555555557","0.8483333333333332","0.4231128324184666","0.0025631845086717953","100.0","1.0"
"Synthetic","test","syn_n100_k20_pathological_cov_skewed_high_vol_r03_s20260709","100","20","0.2","MOEAD","1.0062575279985089","0.10471582105117593","0.030555555555555558","0.08874684480095267","0.03042066938827603","11.824805730000001","0.005000000000000001","0.18833333333333332","0.09603599015659985","0.0023920507786424627","27.6","1.0"
"Synthetic","test","syn_n100_k20_pathological_cov_skewed_high_vol_r03_s20260709","100","20","0.2","GDE3","0.9139564986142719","0.12732947984384774","0.0","0.12170709800433716","0.05056319313924857","0.9027970833333333","0.0","0.0","0.48551900844524687","0.008593997622240319","35.86666666666667","1.0"
"Synthetic","test","syn_n100_k20_pathological_cov_skewed_high_vol_r03_s20260709","100","20","0.2","A_MPMO","0.9936097481648556","0.05115077946782322","0.3363888888888889","0.1302258465513644","0.04960457436582893","1.47358739","0.19972222222222222","0.4686111111111112","0.2956220163844611","0.0034118882965081553","73.66666666666667","1.0"
"Synthetic","test","syn_n100_k20_pathological_cov_skewed_high_vol_r03_s20260709","100","20","0.2","ECMADE_MOO","1.1620119911427624","0.017021024948673493","0.4533333333333334","0.017429051291616194","0.026517919094461006","3.68734395","0.11055555555555557","0.9080555555555558","0.6237084374387906","0.0069682176720426816","89.06666666666666","1.0"
"Synthetic","test","syn_n100_k20_high_corr_heavy_tail_extreme_events_r01_s20260710","100","20","0.2","NSGAII","0.8629562092144242","0.02812265044781487","0.7966666666666669","0.1014412931365516","0.06231603538473061","0.9365466100000001","0.41805555555555557","0.8494444444444444","0.934521959616165","0.003454378929178436","99.53333333333333","1.0"
"Synthetic","test","syn_n100_k20_high_corr_heavy_tail_extreme_events_r01_s20260710","100","20","0.2","SPEA2","0.8991129598436509","0.012894133996739353","0.9077777777777777","0.06922806684535755","0.04388194809495311","5.20912445","0.6425","0.9275","1.0528000881288075","0.0024109215335623574","100.0","1.0"
"Synthetic","test","syn_n100_k20_high_corr_heavy_tail_extreme_events_r01_s20260710","100","20","0.2","MOEAD","0.6824460483161058","0.15033214506516737","0.0","0.11978970876096294","0.05279868453813075","12.01155966","0.0","0.004722222222222222","0.45733335802999026","0.0061390837996193005","45.266666666666666","1.0"
"Synthetic","test","syn_n100_k20_high_corr_heavy_tail_extreme_events_r01_s20260710","100","20","0.2","GDE3","0.7398170347046678","0.09877968155461943","0.0","0.10461750840285158","0.05341362655132941","0.9057055266666666","0.0","0.0002777777777777778","0.9520755777001999","0.005990076147583415","92.2","1.0"
"Synthetic","test","syn_n100_k20_high_corr_heavy_tail_extreme_events_r01_s20260710","100","20","0.2","A_MPMO","0.7487453973352619","0.08963732635096665","0.23666666666666666","0.14004715720268734","0.05956812225562602","1.5160074466666666","0.03888888888888889","0.4533333333333333","0.6658046866114273","0.0031590140233734433","98.46666666666667","1.0"
"Synthetic","test","syn_n100_k20_high_corr_heavy_tail_extreme_events_r01_s20260710","100","20","0.2","ECMADE_MOO","0.9105671080967211","0.014591234131660467","0.3641666666666667","0.026607801968942066","0.027159216166615766","1.9451244233333331","0.05055555555555556","0.778611111111111","1.1819987559218441","0.004261031094611013","99.93333333333334","1.0"
"Synthetic","train","syn_n100_k30_cluster_corr_heavy_tail_low_vol_r02_s20260711","100","30","0.3","NSGAII","0.9008218833869238","0.06967421564194473","0.6308333333333335","0.11682392462288785","0.03143175399776953","0.9881053066666666","0.5472222222222223","0.6583333333333333","0.5503558685229155","0.0024359803847631848","99.63333333333334","1.0"
"Synthetic","train","syn_n100_k30_cluster_corr_heavy_tail_low_vol_r02_s20260711","100","30","0.3","SPEA2","0.9389945188844678","0.057035901856986766","0.6802777777777778","0.09574106536045525","0.024448694037988095","4.15950812","0.6433333333333333","0.7000000000000001","0.5921106060607919","0.0017671688968046264","100.0","1.0"
"Synthetic","train","syn_n100_k30_cluster_corr_heavy_tail_low_vol_r02_s20260711","100","30","0.3","MOEAD","0.9895278225611233","0.26954014176390995","0.12166666666666666","0.05269181531216015","0.030827138664864594","12.911457689999999","0.052777777777777785","0.1713888888888889","0.19192664320901393","0.0024659310812289886","47.266666666666666","1.0"
"Synthetic","train","syn_n100_k30_cluster_corr_heavy_tail_low_vol_r02_s20260711","100","30","0.3","GDE3","0.9100423828094854","0.06531982039352674","0.4097222222222222","0.0886349345797603","0.0278810229265129","0.9280898033333332","0.02972222222222222","0.6636111111111112","0.7003383352107642","0.0040229664798147255","98.7","1.0"
"Synthetic","train","syn_n100_k30_cluster_corr_heavy_tail_low_vol_r02_s20260711","100","30","0.3","A_MPMO","0.8548466709039144","0.08641000954521717","0.48555555555555546","0.0967250618627346","0.027766596507876464","1.4800750999999999","0.28888888888888886","0.5772222222222222","0.5067040353622011","0.002300971957336131","98.73333333333333","1.0"
"Synthetic","train","syn_n100_k30_cluster_corr_heavy_tail_low_vol_r02_s20260711","100","30","0.3","ECMADE_MOO","0.9976112432053046","0.04475317745456172","0.24194444444444443","0.12602897446995226","0.041201271674384164","2.135047323333333","0.0475","0.5347222222222222","0.8578634082431434","0.007322620344122857","97.03333333333333","1.0"
"Synthetic","train","syn_n100_k30_pathological_cov_skewed_high_vol_r03_s20260712","100","30","0.3","NSGAII","0.9778821629088876","0.06488859525635841","0.0638888888888889","0.1775936581299977","0.04169706631548067","1.0040876799999998","0.001388888888888889","0.2719444444444444","0.3024647503381889","0.0065976452565640374","42.733333333333334","1.0"
"Synthetic","train","syn_n100_k30_pathological_cov_skewed_high_vol_r03_s20260712","100","30","0.3","SPEA2","1.074637502212851","0.02576619878106189","0.5288888888888889","0.10498172977904842","0.04731874623327033","3.5116311500000004","0.3100000000000001","0.7152777777777779","0.42061733742565155","0.0027779339863269847","89.06666666666666","1.0"
"Synthetic","train","syn_n100_k30_pathological_cov_skewed_high_vol_r03_s20260712","100","30","0.3","MOEAD","0.9582941175964166","0.21819012686625192","0.0011111111111111111","0.06362319568832453","0.03587653970434063","13.290465006666665","0.0","0.018055555555555557","0.006553455705947948","0.0013707488933306085","2.7666666666666666","1.0"
"Synthetic","train","syn_n100_k30_pathological_cov_skewed_high_vol_r03_s20260712","100","30","0.3","GDE3","0.4639544550842921","0.5443324954734984","0.0","0.2459885826596132","0.09797941887072946","0.8986456033333334","0.0","0.0","0.6641535150269182","0.021255686002344405","20.633333333333333","1.0"
"Synthetic","train","syn_n100_k30_pathological_cov_skewed_high_vol_r03_s20260712","100","30","0.3","A_MPMO","0.8530112400495011","0.1385400076640474","0.0","0.1516065624308317","0.07425147195346464","1.4461265300000004","0.0","0.01388888888888889","0.19955495264575152","0.007776661193637291","18.233333333333334","1.0"
"Synthetic","train","syn_n100_k30_pathological_cov_skewed_high_vol_r03_s20260712","100","30","0.3","ECMADE_MOO","1.1419693546449647","0.019477807812886504","0.4275","0.018051804233637052","0.03910641682379613","2.6849683066666667","0.1597222222222222","0.7408333333333333","0.5338771238051069","0.004841012863149533","84.8","1.0"
"Synthetic","train","syn_n100_k30_high_corr_mixed_high_vol_r02_s20260713","100","30","0.3","NSGAII","0.8373111246205212","0.06999853656995166","0.37527777777777777","0.09944448002622112","0.049959390014337676","0.9985376333333332","0.10916666666666666","0.6497222222222221","0.6055074941436179","0.003107884769071156","99.5","1.0"
"Synthetic","train","syn_n100_k30_high_corr_mixed_high_vol_r02_s20260713","100","30","0.3","SPEA2","0.8827204490142818","0.0480149949656622","0.7244444444444444","0.08631313928947373","0.04633814620852717","4.472757443333333","0.4694444444444446","0.7716666666666666","0.7245123201407235","0.0023238357525040164","100.0","1.0"
"Synthetic","train","syn_n100_k30_high_corr_mixed_high_vol_r02_s20260713","100","30","0.3","MOEAD","0.667850325859788","0.20609358833982247","0.0002777777777777778","0.07823315238645874","0.048968849416197634","13.240198993333332","0.0","0.008888888888888889","0.3642053337635421","0.004019823702882025","46.2","1.0"
"Synthetic","train","syn_n100_k30_high_corr_mixed_high_vol_r02_s20260713","100","30","0.3","GDE3","0.714646771155278","0.15110109111547368","0.0","0.10286463709633913","0.049665279441229365","0.9245160566666668","0.0","0.0","0.8667335709739785","0.007526412316261356","64.36666666666666","1.0"
"Synthetic","train","syn_n100_k30_high_corr_mixed_high_vol_r02_s20260713","100","30","0.3","A_MPMO","0.7692375569152197","0.1073836226816549","0.03333333333333333","0.12800702133317896","0.05626470136344176","1.4215944400000002","0.005555555555555555","0.2052777777777778","0.5258621677808686","0.004416353003749355","86.23333333333333","1.0"
"Synthetic","train","syn_n100_k30_high_corr_mixed_high_vol_r02_s20260713","100","30","0.3","ECMADE_MOO","0.9263768501318305","0.03667849505489365","0.05527777777777777","0.046032050067880685","0.03293630949506185","1.95089825","0.019166666666666665","0.16972222222222222","1.1562004140695321","0.0051461513402104595","97.1","1.0"
"Synthetic","train","syn_n100_k30_cluster_corr_skewed_high_vol_r01_s20260714","100","30","0.3","NSGAII","0.8996713591387835","0.056737172050329056","0.5855555555555554","0.1234873712449259","0.030611395818232343","0.9994218133333334","0.47000000000000003","0.6372222222222221","0.5396749773704236","0.0025900969434129793","99.56666666666666","1.0"
"Synthetic","train","syn_n100_k30_cluster_corr_skewed_high_vol_r01_s20260714","100","30","0.3","SPEA2","0.9390904919397308","0.04321732738187493","0.6666666666666666","0.13663352778878776","0.028000110843498693","4.884696486666667","0.5783333333333334","0.7136111111111111","0.609913743645057","0.002065046469052675","100.0","1.0"
"Synthetic","train","syn_n100_k30_cluster_corr_skewed_high_vol_r01_s20260714","100","30","0.3","MOEAD","1.0043941215379475","0.1883704484122696","0.265","0.0363736669301348","0.015589941970868668","14.814518193333335","0.1519444444444444","0.3219444444444445","0.23508169802162718","0.0018408909494693438","64.63333333333334","1.0"
"Synthetic","train","syn_n100_k30_cluster_corr_skewed_high_vol_r01_s20260714","100","30","0.3","GDE3","0.9251742494466448","0.04630777587866987","0.42611111111111094","0.07309392788534663","0.025888696849817355","0.9270747133333332","0.09194444444444444","0.6197222222222222","0.7032471318209271","0.003624942961724447","99.53333333333333","1.0"
"Synthetic","train","syn_n100_k30_cluster_corr_skewed_high_vol_r01_s20260714","100","30","0.3","A_MPMO","0.8443571534379821","0.0771208738781303","0.4752777777777778","0.10684875612879585","0.0316291979129465","1.5190169766666668","0.22944444444444448","0.5583333333333333","0.5028846025035335","0.0023058418020322023","97.96666666666667","1.0"
"Synthetic","train","syn_n100_k30_cluster_corr_skewed_high_vol_r01_s20260714","100","30","0.3","ECMADE_MOO","0.9943059198354994","0.04040233347729882","0.2325","0.15447170235332408","0.06324059784375913","1.6652639933333335","0.06027777777777778","0.4886111111111111","0.8885007312077394","0.007095193745834893","96.03333333333333","1.0"
"Synthetic","train","syn_n100_k30_low_corr_skewed_extreme_events_r02_s20260715","100","30","0.3","NSGAII","0.9262041315469921","0.08562939210898683","0.4858333333333333","0.09292735643623797","0.030026835705979478","0.9797476500000001","0.4322222222222222","0.5180555555555556","0.46371002760607466","0.0026643858995372377","98.56666666666666","1.0"
"Synthetic","train","syn_n100_k30_low_corr_skewed_extreme_events_r02_s20260715","100","30","0.3","SPEA2","0.9742304938565495","0.06308029050821737","0.5544444444444443","0.09433363935053553","0.023427610436933408","4.683287456666665","0.5102777777777777","0.5761111111111111","0.5509482903644237","0.0023398144392354297","100.0","1.0"
"Synthetic","train","syn_n100_k30_low_corr_skewed_extreme_events_r02_s20260715","100","30","0.3","MOEAD","1.0492953047564335","0.2270553828031976","0.2775","0.028517924447165062","0.01323890582300542","15.588530369999999","0.2047222222222222","0.31250000000000006","0.13293480266357938","0.0014479649083891986","49.5","1.0"
"Synthetic","train","syn_n100_k30_low_corr_skewed_extreme_events_r02_s20260715","100","30","0.3","GDE3","0.9627754939848997","0.06549704919554306","0.33138888888888884","0.07305440134386332","0.030817395440223962","0.9526000099999999","0.01722222222222222","0.5533333333333333","0.677429011586907","0.006414914987507325","74.43333333333334","1.0"
"Synthetic","train","syn_n100_k30_low_corr_skewed_extreme_events_r02_s20260715","100","30","0.3","A_MPMO","0.8835583103004093","0.10420247291951107","0.4194444444444444","0.09723935855033411","0.03427947433268504","1.4981677833333331","0.3144444444444444","0.4702777777777778","0.4270429804574708","0.0024955212419156907","94.53333333333333","1.0"
"Synthetic","train","syn_n100_k30_low_corr_skewed_extreme_events_r02_s20260715","100","30","0.3","ECMADE_MOO","1.0078311212885864","0.05614033264569858","0.3411111111111111","0.1517370791640304","0.055981201384284016","1.7489100866666663","0.14","0.5077777777777778","0.770784596245862","0.007929747202768919","85.96666666666667","1.0"
"Synthetic","train","syn_n100_k30_cluster_corr_mixed_extreme_events_r03_s20260716","100","30","0.3","NSGAII","0.8384580359471445","0.07550805455638723","0.5925","0.12642069722298466","0.029302624374166017","0.95315322","0.5027777777777778","0.6377777777777778","0.4575514332628531","0.0025281841804477853","99.4","1.0"
"Synthetic","train","syn_n100_k30_cluster_corr_mixed_extreme_events_r03_s20260716","100","30","0.3","SPEA2","0.909986084389327","0.053809686574057075","0.6891666666666668","0.12936581817449067","0.029927382893768627","4.868062713333333","0.6183333333333333","0.7313888888888889","0.5338748977028883","0.0018308701715777302","100.0","1.0"
"Synthetic","train","syn_n100_k30_cluster_corr_mixed_extreme_events_r03_s20260716","100","30","0.3","MOEAD","0.9896412180922989","0.18447638661435414","0.17277777777777775","0.04471513123318077","0.013057873401200822","14.73942366","0.06833333333333333","0.2697222222222223","0.25850509415698153","0.002296911443597179","60.4","1.0"
"Synthetic","train","syn_n100_k30_cluster_corr_mixed_extreme_events_r03_s20260716","100","30","0.3","GDE3","0.876431306988476","0.06753329278883684","0.055555555555555566","0.13113522887257378","0.03780912665987884","1.0803849499999998","0.005","0.39638888888888885","0.6530862564216852","0.003924682984901383","93.2","1.0"
"Synthetic","train","syn_n100_k30_cluster_corr_mixed_extreme_events_r03_s20260716","100","30","0.3","A_MPMO","0.7937969987207685","0.09153737403935178","0.4216666666666667","0.11034844720029625","0.02782108271304053","1.519663906666667","0.15777777777777777","0.5608333333333333","0.4495245906895542","0.002499520551387094","97.46666666666667","1.0"
"Synthetic","train","syn_n100_k30_cluster_corr_mixed_extreme_events_r03_s20260716","100","30","0.3","ECMADE_MOO","0.9944819389010209","0.04573229087127203","0.1208333333333333","0.11586130487012461","0.047041669499794346","1.6571789700000001","0.02388888888888889","0.37527777777777777","0.8637032958754698","0.00760645427297699","91.7","1.0"
"Synthetic","train","syn_n100_k30_pathological_cov_mixed_low_vol_r01_s20260717","100","30","0.3","NSGAII","0.9882619310851463","0.05032089654915724","0.3891666666666666","0.08469555837902454","0.04373052688486831","0.90838554","0.1175","0.5875","0.5295043715373086","0.004249706657630473","93.0","1.0"
"Synthetic","train","syn_n100_k30_pathological_cov_mixed_low_vol_r01_s20260717","100","30","0.3","SPEA2","1.0374843933175697","0.023815434216724756","0.7497222222222221","0.06525299125139544","0.04022789805475099","4.586294123333333","0.5205555555555555","0.8255555555555555","0.6581695710739524","0.003115403102296824","100.0","1.0"
"Synthetic","train","syn_n100_k30_pathological_cov_mixed_low_vol_r01_s20260717","100","30","0.3","MOEAD","0.8099943447941007","0.12161967771477739","0.0","0.061021537510716206","0.03589435365766478","13.922357773333337","0.0","0.0","0.4250060787026662","0.004179884488640374","52.266666666666666","1.0"
"Synthetic","train","syn_n100_k30_pathological_cov_mixed_low_vol_r01_s20260717","100","30","0.3","GDE3","0.874913019169647","0.12073702709025523","0.0","0.06198023281812995","0.04247715426827817","1.010347876666667","0.0","0.0","0.7021024159427791","0.006880014833245898","65.8","1.0"
"Synthetic","train","syn_n100_k30_pathological_cov_mixed_low_vol_r01_s20260717","100","30","0.3","A_MPMO","0.9024626896150653","0.10041719432875397","0.01722222222222222","0.10538653827011299","0.05153479523943342","1.4748457699999997","0.0","0.14583333333333334","0.44030050241647606","0.0049767679201235815","72.96666666666667","1.0"
"Synthetic","train","syn_n100_k30_pathological_cov_mixed_low_vol_r01_s20260717","100","30","0.3","ECMADE_MOO","1.007185234714491","0.05076948307252917","0.105","0.11964443859183294","0.07398110322722769","1.7041434700000002","0.020000000000000004","0.27972222222222226","0.863634444173069","0.007646211388188998","73.6","1.0"
"Synthetic","validation","syn_n100_k30_high_corr_normal_low_vol_r03_s20260718","100","30","0.3","NSGAII","0.8459537415233503","0.10532761173323775","0.39611111111111114","0.10987801569212573","0.0516859611948348","0.9163001866666666","0.15305555555555553","0.5891666666666667","0.5351609380301069","0.0034342080797274744","97.2","1.0"
"Synthetic","validation","syn_n100_k30_high_corr_normal_low_vol_r03_s20260718","100","30","0.3","SPEA2","0.9013901063953143","0.06427289928551919","0.6008333333333336","0.09367364436368186","0.040950266913317594","4.518431326666668","0.3608333333333334","0.7419444444444444","0.7237051954117598","0.0036814727684749567","100.0","1.0"
"Synthetic","validation","syn_n100_k30_high_corr_normal_low_vol_r03_s20260718","100","30","0.3","MOEAD","0.7454940823748463","0.1960470657726451","0.0","0.040344529655634086","0.0403305574112085","14.472325386666665","0.0","0.0022222222222222222","0.418612480276586","0.003631988972368506","60.166666666666664","1.0"
"Synthetic","validation","syn_n100_k30_high_corr_normal_low_vol_r03_s20260718","100","30","0.3","GDE3","0.7627551268726116","0.13606207175862545","0.0","0.10566730022455674","0.06508126716301758","0.9778226499999998","0.0","0.0","0.7032175754717197","0.005878687136367314","76.4","1.0"
"Synthetic","validation","syn_n100_k30_high_corr_normal_low_vol_r03_s20260718","100","30","0.3","A_MPMO","0.7720403378225303","0.150668073580383","0.04527777777777777","0.09018763916673692","0.042718095904745776","1.4742590033333332","0.0030555555555555557","0.17722222222222223","0.42030095849028715","0.0035653881377687596","80.66666666666667","1.0"
"Synthetic","validation","syn_n100_k30_high_corr_normal_low_vol_r03_s20260718","100","30","0.3","ECMADE_MOO","0.9252728070863263","0.0412754965772384","0.07250000000000001","0.08881823572229681","0.06993469218497705","3.3432724499999997","0.020000000000000004","0.22805555555555557","1.1936465552889055","0.007663362400297286","87.2","1.0"
"Synthetic","validation","syn_n100_k30_pathological_cov_normal_extreme_events_r02_s20260719","100","30","0.3","NSGAII","1.0367931273774504","0.19285769462217361","0.215","0.05235428398332314","0.03563199217442159","0.9112508066666666","0.13972222222222222","0.28500000000000003","0.1922321535449262","0.005043793268639835","34.46666666666667","1.0"
"Synthetic","validation","syn_n100_k30_pathological_cov_normal_extreme_events_r02_s20260719","100","30","0.3","SPEA2","1.070973714073639","0.15502392047935296","0.39999999999999986","0.044702701004547894","0.05866200121294426","3.73101772","0.33277777777777773","0.4625","0.32565282774123844","0.002996739324073947","84.5","1.0"
"Synthetic","validation","syn_n100_k30_pathological_cov_normal_extreme_events_r02_s20260719","100","30","0.3","MOEAD","0.9758713526338084","0.2452938392978874","0.0002777777777777778","0.03659065474502403","0.034769472934071684","15.556915343333337","0.0","0.005833333333333334","0.08772678522834886","0.006661476099427447","13.3","1.0"
"Synthetic","validation","syn_n100_k30_pathological_cov_normal_extreme_events_r02_s20260719","100","30","0.3","GDE3","0.834178971163065","0.20390963952285718","0.0","0.08498362166622335","0.07651768861707167","1.1108228500000001","0.0","0.0","0.44824933559242436","0.011652166115544206","31.733333333333334","1.0"
"Synthetic","validation","syn_n100_k30_pathological_cov_normal_extreme_events_r02_s20260719","100","30","0.3","A_MPMO","0.9746321513044798","0.2004978769125144","0.024999999999999998","0.12632625535707984","0.0569686467600079","1.4686795666666663","0.006944444444444444","0.10083333333333333","0.1896317503750416","0.011349086529691545","17.266666666666666","1.0"
"Synthetic","validation","syn_n100_k30_pathological_cov_normal_extreme_events_r02_s20260719","100","30","0.3","ECMADE_MOO","1.0873538680359336","0.09856673431173277","0.23805555555555558","0.07549447801383967","0.2161787648660618","3.3600836833333334","0.12638888888888888","0.4052777777777778","0.9490003415018514","0.014624858546827013","58.46666666666667","1.0"
"Synthetic","validation","syn_n100_k30_low_corr_heavy_tail_high_vol_r03_s20260720","100","30","0.3","NSGAII","0.7522736859003872","0.10028214684194396","0.48944444444444446","0.11513371668468957","0.02306826612443821","0.8251311733333334","0.40055555555555566","0.5480555555555555","0.37685336660313595","0.003059875943235021","98.63333333333334","1.0"
"Synthetic","validation","syn_n100_k30_low_corr_heavy_tail_high_vol_r03_s20260720","100","30","0.3","SPEA2","0.805487633521294","0.0772608465893909","0.6063888888888888","0.09985698515805666","0.02626543784278608","3.8041843333333327","0.5175","0.6447222222222221","0.43515508764146243","0.002325387248660538","100.0","1.0"
"Synthetic","validation","syn_n100_k30_low_corr_heavy_tail_high_vol_r03_s20260720","100","30","0.3","MOEAD","0.9199596884910407","0.09617726601035187","0.3708333333333333","0.06239547022955508","0.027847871580524635","14.59378350666667","0.23888888888888887","0.4474999999999999","0.3279003625006332","0.002186591068803278","68.0","1.0"
"Synthetic","validation","syn_n100_k30_low_corr_heavy_tail_high_vol_r03_s20260720","100","30","0.3","GDE3","0.7771085901864616","0.08544935871233945","0.3344444444444445","0.08230456074896417","0.023196668389905507","1.5854084033333333","0.12138888888888891","0.4833333333333334","0.5266484413593284","0.0054264177635299764","83.33333333333333","1.0"
"Synthetic","validation","syn_n100_k30_low_corr_heavy_tail_high_vol_r03_s20260720","100","30","0.3","A_MPMO","0.7061273942238032","0.12303932156233793","0.3658333333333334","0.11091675591280892","0.028873416703112397","1.5500941033333333","0.2569444444444445","0.44083333333333335","0.3720560679052249","0.0025115779917594828","95.03333333333333","1.0"
"Synthetic","validation","syn_n100_k30_low_corr_heavy_tail_high_vol_r03_s20260720","100","30","0.3","ECMADE_MOO","0.8254918740296012","0.07893943601943042","0.27972222222222226","0.27865698663191873","0.08076147222346745","3.691283016666667","0.15249999999999997","0.4083333333333333","0.6168043445520406","0.006338354020780189","87.83333333333333","1.0"
"Synthetic","test","syn_n100_k30_low_corr_normal_low_vol_r01_s20260721","100","30","0.3","NSGAII","0.7916583026380961","0.1670876866171459","0.45638888888888896","0.12390058327656771","0.029114203467590118","0.8410178833333332","0.39555555555555555","0.4877777777777778","0.4433971154714095","0.002669625072826466","98.4","1.0"
"Synthetic","test","syn_n100_k30_low_corr_normal_low_vol_r01_s20260721","100","30","0.3","SPEA2","0.8204637007226495","0.15314264116729495","0.5033333333333333","0.10309325441502164","0.029116622886208598","3.69516732","0.4563888888888889","0.5263888888888889","0.4886005932994209","0.0028548882285107055","99.93333333333334","1.0"
"Synthetic","test","syn_n100_k30_low_corr_normal_low_vol_r01_s20260721","100","30","0.3","MOEAD","0.951512839033905","0.22734050104138387","0.21638888888888888","0.051623443806314895","0.05596268192558883","13.590766533333332","0.12499999999999999","0.2766666666666666","0.35033801431378553","0.002914770878260308","60.6","1.0"
"Synthetic","test","syn_n100_k30_low_corr_normal_low_vol_r01_s20260721","100","30","0.3","GDE3","0.8206580406601041","0.14760725716039247","0.41083333333333344","0.09701623703538086","0.02814683191835647","1.50365397","0.14138888888888887","0.5144444444444445","0.5657971749432271","0.00446075789331314","82.76666666666667","1.0"
"Synthetic","test","syn_n100_k30_low_corr_normal_low_vol_r01_s20260721","100","30","0.3","A_MPMO","0.7635020261254634","0.1779221093584852","0.4013888888888889","0.09640083198302428","0.027438808864396272","1.7254045866666667","0.2986111111111111","0.45777777777777773","0.46225842695388303","0.002709378067419044","94.93333333333334","1.0"
"Synthetic","test","syn_n100_k30_low_corr_normal_low_vol_r01_s20260721","100","30","0.3","ECMADE_MOO","0.8334591338877614","0.13873028874765547","0.29527777777777775","0.21928023478897837","0.055832293625212914","3.738652440000001","0.15916666666666665","0.41527777777777775","0.6119387970671084","0.008141771775994571","78.03333333333333","1.0"
"Synthetic","test","syn_n100_k30_high_corr_heavy_tail_extreme_events_r01_s20260722","100","30","0.3","NSGAII","0.7921298864509506","0.18316058216246292","0.21916666666666662","0.11697145733582824","0.038686840488677106","0.8347154199999999","0.04638888888888889","0.3588888888888889","0.3694271401851738","0.003710219917168875","77.93333333333334","1.0"
"Synthetic","test","syn_n100_k30_high_corr_heavy_tail_extreme_events_r01_s20260722","100","30","0.3","SPEA2","0.9182923364088098","0.08819280610251304","0.5477777777777778","0.1579438095499097","0.095623825970395","3.3256751833333333","0.3783333333333333","0.65","0.7018264646809893","0.005167094048377959","100.0","1.0"
"Synthetic","test","syn_n100_k30_high_corr_heavy_tail_extreme_events_r01_s20260722","100","30","0.3","MOEAD","0.7224485994339885","0.2237253196283336","0.0","0.06931167603396515","0.03239204039609087","14.932607316666665","0.0","0.0","0.19675413251042662","0.0037241643180936567","34.233333333333334","1.0"
"Synthetic","test","syn_n100_k30_high_corr_heavy_tail_extreme_events_r01_s20260722","100","30","0.3","GDE3","0.6565133134764111","0.24253910092429268","0.0","0.11541918520652937","0.06256604627586859","1.504398873333333","0.0","0.0","0.62549905598603","0.009832589738981103","46.46666666666667","1.0"
"Synthetic","test","syn_n100_k30_high_corr_heavy_tail_extreme_events_r01_s20260722","100","30","0.3","A_MPMO","0.7179152345073887","0.22362301980742752","0.011666666666666667","0.1498817214482253","0.046477466138506986","1.9533661166666667","0.0","0.07305555555555555","0.3412162658215","0.0046356318123087475","52.93333333333333","1.0"
"Synthetic","test","syn_n100_k30_high_corr_heavy_tail_extreme_events_r01_s20260722","100","30","0.3","ECMADE_MOO","0.9261288873993749","0.07719228404232116","0.2211111111111111","0.1828066756722751","0.16050944784162685","3.5813033499999993","0.08944444444444444","0.4797222222222222","0.9942063498357818","0.00838683213161895","86.4","1.0"
"Synthetic","train","syn_n200_k05_low_corr_heavy_tail_high_vol_r03_s20260723","200","10","0.05","NSGAII","1.060993822392087","0.08385838312722357","0.48305555555555546","0.13533552661863602","0.07707975389301584","1.0408241200000001","0.2588888888888889","0.6355555555555555","0.7424703520396851","0.003838859040906989","99.03333333333333","1.0"
"Synthetic","train","syn_n200_k05_low_corr_heavy_tail_high_vol_r03_s20260723","200","10","0.05","SPEA2","1.0926877780002735","0.05784288398165798","0.6027777777777777","0.08983747510486655","0.07427732712809168","3.8873791533333333","0.3802777777777777","0.7022222222222221","0.8422353772492588","0.006118202442480572","100.0","1.0"
"Synthetic","train","syn_n200_k05_low_corr_heavy_tail_high_vol_r03_s20260723","200","10","0.05","MOEAD","0.9831945070440936","0.18604851422786134","0.1338888888888889","0.06815193171747681","0.02563486697498131","17.954248530000005","0.05388888888888888","0.25527777777777777","0.17428087606416826","0.0014934016703699602","60.166666666666664","1.0"
"Synthetic","train","syn_n200_k05_low_corr_heavy_tail_high_vol_r03_s20260723","200","10","0.05","GDE3","1.0061083226211083","0.12231139959181488","0.28361111111111115","0.12502805164835165","0.050211757691802146","1.8903305133333332","0.10333333333333332","0.4258333333333334","0.6795372900506196","0.0042502200051245664","96.5","1.0"
"Synthetic","train","syn_n200_k05_low_corr_heavy_tail_high_vol_r03_s20260723","200","10","0.05","A_MPMO","0.989509424231947","0.1361647035666019","0.2972222222222222","0.17270048447053252","0.05946744646508547","2.3020649166666667","0.12694444444444444","0.44305555555555554","0.6119306665007381","0.0033602403730696724","98.4","1.0"
"Synthetic","train","syn_n200_k05_low_corr_heavy_tail_high_vol_r03_s20260723","200","10","0.05","ECMADE_MOO","1.0220396537857248","0.10152591047211086","0.15222222222222223","0.14301501186657556","0.08248796148545548","4.210819219999999","0.06000000000000001","0.29666666666666663","0.7893462317595555","0.005569965476913267","96.7","1.0"
"Synthetic","train","syn_n200_k05_pathological_cov_mixed_low_vol_r01_s20260724","200","10","0.05","NSGAII","0.9960764482964141","0.018458751883049702","0.8205555555555555","0.012452409176806255","0.04533824594518374","1.0409094966666665","0.5194444444444445","0.9100000000000003","1.2204965024167687","0.005916108124184093","99.7","1.0"
"Synthetic","train","syn_n200_k05_pathological_cov_mixed_low_vol_r01_s20260724","200","10","0.05","SPEA2","0.9990429647285414","0.013110907075405954","0.8594444444444445","0.010190585239931464","0.0915012774244576","4.941721196666666","0.5399999999999999","0.9450000000000001","1.2704004689745862","0.005770500645492052","100.0","1.0"
"Synthetic","train","syn_n200_k05_pathological_cov_mixed_low_vol_r01_s20260724","200","10","0.05","MOEAD","0.804629311877949","0.1493535863501902","0.0","0.04683860499031446","0.04436906407142154","17.382862206666665","0.0","0.04583333333333333","0.5278401293537534","0.003647735282022617","72.93333333333334","1.0"
"Synthetic","train","syn_n200_k05_pathological_cov_mixed_low_vol_r01_s20260724","200","10","0.05","GDE3","0.9134443479566292","0.08450904640253808","0.015833333333333335","0.07941960348762274","0.06984539680574034","1.9156067000000003","0.0011111111111111111","0.22111111111111112","0.8141743435983066","0.0027272407994993445","100.0","1.0"
"Synthetic","train","syn_n200_k05_pathological_cov_mixed_low_vol_r01_s20260724","200","10","0.05","A_MPMO","0.9787851974133265","0.031404044325771305","0.6383333333333334","0.04224896185866525","0.04838697556301425","1.8761031666666665","0.33416666666666667","0.7758333333333333","1.1056362085330274","0.004530949134279447","99.43333333333334","1.0"
"Synthetic","train","syn_n200_k05_pathological_cov_mixed_low_vol_r01_s20260724","200","10","0.05","ECMADE_MOO","0.9706443866552613","0.030310086765613385","0.44972222222222213","0.06954911278746376","0.0443473122363026","4.987678533333333","0.17916666666666667","0.6597222222222221","1.2019344478075509","0.004760364643281729","99.63333333333334","1.0"
"Synthetic","train","syn_n200_k05_low_corr_skewed_extreme_events_r02_s20260725","200","10","0.05","NSGAII","1.0230681380444149","0.07369579923926582","0.5555555555555556","0.09761515812245047","0.089457280212467","1.0397783866666666","0.2791666666666667","0.6866666666666668","0.8987334039408889","0.004677925550297779","99.53333333333333","1.0"
"Synthetic","train","syn_n200_k05_low_corr_skewed_extreme_events_r02_s20260725","200","10","0.05","SPEA2","1.050755342462049","0.0373659730298643","0.6252777777777776","0.04295000335006721","0.056880778142504765","4.000844986666666","0.32250000000000006","0.7941666666666667","1.0610903858745628","0.007243651707547163","100.0","1.0"
"Synthetic","train","syn_n200_k05_low_corr_skewed_extreme_events_r02_s20260725","200","10","0.05","MOEAD","0.8883741658983505","0.23746998713513073","0.08861111111111111","0.08484231828255863","0.047819580066229626","18.02224289333333","0.04","0.16777777777777778","0.2078858669500381","0.002136457152152819","54.63333333333333","1.0"
"Synthetic","train","syn_n200_k05_low_corr_skewed_extreme_events_r02_s20260725","200","10","0.05","GDE3","0.9296571848978943","0.18041053518577768","0.22888888888888886","0.1109466794030903","0.056343372948042834","1.8737666933333332","0.07027777777777779","0.38527777777777783","0.6765111102244846","0.004094877533667452","97.76666666666667","1.0"
"Synthetic","train","syn_n200_k05_low_corr_skewed_extreme_events_r02_s20260725","200","10","0.05","A_MPMO","0.970952654994533","0.12625044232027","0.2494444444444444","0.1853480803687046","0.08737054577127815","1.9847153666666668","0.0802777777777778","0.4541666666666666","0.7494471913345839","0.004220522470786198","98.5","1.0"
"Synthetic","train","syn_n200_k05_low_corr_skewed_extreme_events_r02_s20260725","200","10","0.05","ECMADE_MOO","0.981029363286705","0.08810865438896448","0.14694444444444443","0.23538955882742252","0.13258255726882281","3.4625649999999997","0.041666666666666664","0.34500000000000003","1.036098696827854","0.007241795969179541","98.6","1.0"
"Synthetic","train","syn_n200_k05_high_corr_mixed_high_vol_r02_s20260726","200","10","0.05","NSGAII","1.09792126943463","0.015123917917203106","0.8236111111111111","0.07940168238679238","0.04150087778370848","1.0583441533333333","0.7266666666666665","0.8672222222222221","0.6243340234682554","0.0029074980877836234","99.53333333333333","1.0"
"Synthetic","train","syn_n200_k05_high_corr_mixed_high_vol_r02_s20260726","200","10","0.05","SPEA2","1.1172766888500574","0.008419841342441978","0.9019444444444444","0.04476944411042877","0.028020590423192715","4.30704569","0.8486111111111112","0.9297222222222222","0.6522654191633195","0.00251095996176859","98.93333333333334","1.0"
"Synthetic","train","syn_n200_k05_high_corr_mixed_high_vol_r02_s20260726","200","10","0.05","MOEAD","0.8750637384546205","0.14428561677005503","0.0061111111111111106","0.10622020897319799","0.06017300413159828","18.063552589999997","0.0027777777777777775","0.023611111111111107","0.1496830780944209","0.0028443232557993246","32.0","1.0"
"Synthetic","train","syn_n200_k05_high_corr_mixed_high_vol_r02_s20260726","200","10","0.05","GDE3","1.056366638334644","0.03852083388479252","0.09416666666666668","0.14111325663258978","0.05450227268468841","1.8866714533333337","0.013611111111111112","0.4030555555555555","0.7205238693908166","0.00442670974403512","90.96666666666667","1.0"
"Synthetic","train","syn_n200_k05_high_corr_mixed_high_vol_r02_s20260726","200","10","0.05","A_MPMO","1.0360336961547785","0.047622975348407995","0.43972222222222224","0.19357665732385382","0.09277279541064307","2.04494421","0.30277777777777776","0.5769444444444445","0.5501303694505657","0.003366069671243656","94.8","1.0"
"Synthetic","train","syn_n200_k05_high_corr_mixed_high_vol_r02_s20260726","200","10","0.05","ECMADE_MOO","1.0845794766081884","0.04007277281821003","0.3694444444444444","0.14325775933108256","0.0716959810095827","2.5822881866666667","0.1591666666666667","0.508888888888889","0.9100830403767602","0.003580875206283212","99.7","1.0"
"Synthetic","train","syn_n200_k05_high_corr_normal_low_vol_r03_s20260727","200","10","0.05","NSGAII","1.0091560617014574","0.025940667383699427","0.7569444444444443","0.10098496749779658","0.07471643372496593","1.1266695566666667","0.4997222222222222","0.8561111111111112","0.9793326095095103","0.0044731772648722","99.7","1.0"
"Synthetic","train","syn_n200_k05_high_corr_normal_low_vol_r03_s20260727","200","10","0.05","SPEA2","1.0163039385902108","0.022289925689758183","0.803611111111111","0.09004415277990231","0.06572302534091375","4.48421","0.593888888888889","0.8891666666666667","1.0231645236111577","0.005190354504138976","100.0","1.0"
"Synthetic","train","syn_n200_k05_high_corr_normal_low_vol_r03_s20260727","200","10","0.05","MOEAD","0.7282453356102239","0.21120011030132835","0.0030555555555555553","0.09285666237640587","0.06523726995791752","17.71589124333333","0.0","0.015555555555555555","0.2707334679997524","0.0039032389233038234","41.833333333333336","1.0"
"Synthetic","train","syn_n200_k05_high_corr_normal_low_vol_r03_s20260727","200","10","0.05","GDE3","0.9006423609035499","0.09258532032391904","0.03833333333333334","0.17196281816108466","0.11754034801757288","1.887311816666667","0.0016666666666666668","0.18777777777777777","0.760644184625719","0.004333694070618849","95.73333333333333","1.0"
"Synthetic","train","syn_n200_k05_high_corr_normal_low_vol_r03_s20260727","200","10","0.05","A_MPMO","0.9420681722749742","0.08115172597386283","0.41611111111111126","0.1630570254917686","0.10197409437486854","1.9890207499999997","0.2733333333333333","0.538888888888889","0.6756069411253699","0.004383598353242371","98.26666666666667","1.0"
"Synthetic","train","syn_n200_k05_high_corr_normal_low_vol_r03_s20260727","200","10","0.05","ECMADE_MOO","0.9552109755996345","0.05973718489483567","0.3816666666666667","0.18459214870465634","0.1081883569175756","4.85401122","0.15916666666666668","0.5811111111111111","1.0016341669796511","0.004377158718187371","99.66666666666667","1.0"
"Synthetic","train","syn_n200_k05_low_corr_normal_low_vol_r01_s20260728","200","10","0.05","NSGAII","1.040353311042074","0.09358656463777312","0.5911111111111111","0.1266262398832289","0.07345964757162145","1.3217271600000002","0.34694444444444444","0.6802777777777779","0.7975189771623975","0.004617886766761351","99.63333333333334","1.0"
"Synthetic","train","syn_n200_k05_low_corr_normal_low_vol_r01_s20260728","200","10","0.05","SPEA2","1.0804094124454704","0.04796191984080652","0.6397222222222222","0.060955460701232145","0.05109514127432803","3.901420816666666","0.3555555555555555","0.7933333333333333","0.9444391570128775","0.008040048077893172","100.0","1.0"
"Synthetic","train","syn_n200_k05_low_corr_normal_low_vol_r01_s20260728","200","10","0.05","MOEAD","0.9451888693862135","0.20588260404585038","0.08499999999999999","0.04960217649697003","0.042317492070187854","17.16706351","0.03277777777777778","0.16583333333333336","0.17423580826288562","0.0023455688213803332","47.1","1.0"
"Synthetic","train","syn_n200_k05_low_corr_normal_low_vol_r01_s20260728","200","10","0.05","GDE3","0.9701735710137664","0.1550013409794339","0.3191666666666667","0.0880825753399904","0.03537924450681245","1.8781051799999997","0.12805555555555553","0.4419444444444445","0.6479648522172454","0.0038981322787753248","97.76666666666667","1.0"
"Synthetic","train","syn_n200_k05_low_corr_normal_low_vol_r01_s20260728","200","10","0.05","A_MPMO","0.9626491311666336","0.15778562298428392","0.2944444444444444","0.18129492911376965","0.06637605083229887","2.07711817","0.08916666666666667","0.4388888888888889","0.6863824009481171","0.0035674685901438716","97.23333333333333","1.0"
"Synthetic","train","syn_n200_k05_low_corr_normal_low_vol_r01_s20260728","200","10","0.05","ECMADE_MOO","1.0236932054842875","0.09081820332181317","0.15916666666666665","0.14843709217760886","0.08794662456419088","4.453968786666667","0.036388888888888894","0.33","0.8859841741126024","0.0077109774384632465","96.06666666666666","1.0"
"Synthetic","train","syn_n200_k05_cluster_corr_mixed_extreme_events_r03_s20260729","200","10","0.05","NSGAII","1.012093975828509","0.045011734745583044","0.6325","0.17187753953880644","0.0582000572773678","1.3068776166666671","0.4188888888888888","0.738611111111111","0.6886076074777434","0.0033372472952772677","99.46666666666667","1.0"
"Synthetic","train","syn_n200_k05_cluster_corr_mixed_extreme_events_r03_s20260729","200","10","0.05","SPEA2","1.0467875213987565","0.029815159403957795","0.76","0.14423000358093696","0.052589912806133204","4.00752871","0.5794444444444444","0.8147222222222221","0.786537531001948","0.004251724813313664","100.0","1.0"
"Synthetic","train","syn_n200_k05_cluster_corr_mixed_extreme_events_r03_s20260729","200","10","0.05","MOEAD","0.929192539501503","0.15444957643449037","0.13305555555555557","0.08491140896557246","0.0319747529404855","17.95413712","0.06638888888888889","0.22805555555555557","0.19533763655838882","0.0017452944188429346","59.1","1.0"
"Synthetic","train","syn_n200_k05_cluster_corr_mixed_extreme_events_r03_s20260729","200","10","0.05","GDE3","0.9141460299647937","0.08562549551234082","0.46888888888888897","0.1380297216415738","0.0460155882461769","1.8705291033333336","0.21305555555555555","0.5747222222222222","0.6318078960868053","0.0035072034002175826","98.8","1.0"
"Synthetic","train","syn_n200_k05_cluster_corr_mixed_extreme_events_r03_s20260729","200","10","0.05","A_MPMO","0.9240338269381428","0.08516062645180054","0.4447222222222222","0.16466197984240916","0.06134915260821091","2.012932596666667","0.25055555555555553","0.5561111111111111","0.53572081128162","0.002641333466376689","99.06666666666666","1.0"
"Synthetic","train","syn_n200_k05_cluster_corr_mixed_extreme_events_r03_s20260729","200","10","0.05","ECMADE_MOO","1.0215513038888584","0.04311521765970262","0.2944444444444444","0.19163598845797034","0.08509757248094064","4.852950283333333","0.08333333333333331","0.5483333333333333","0.9597385178361488","0.005502772583875617","99.53333333333333","1.0"
"Synthetic","validation","syn_n200_k05_pathological_cov_skewed_high_vol_r03_s20260730","200","10","0.05","NSGAII","1.0338131863382398","0.015542962483153162","0.8836111111111112","0.016195967439943056","0.03413646627430152","1.4024461400000001","0.7005555555555555","0.9155555555555556","0.9200194270307629","0.003466595299360024","99.53333333333333","1.0"
"Synthetic","validation","syn_n200_k05_pathological_cov_skewed_high_vol_r03_s20260730","200","10","0.05","SPEA2","1.037487362329683","0.012952066786414768","0.9111111111111112","0.015821164220302598","0.04001990678055425","5.005748940000001","0.8202777777777777","0.9327777777777779","0.963638653175612","0.002910964704870943","100.0","1.0"
"Synthetic","validation","syn_n200_k05_pathological_cov_skewed_high_vol_r03_s20260730","200","10","0.05","MOEAD","0.8836833561993928","0.08425017843889772","0.017777777777777778","0.0516231930519559","0.030452174552023707","18.630466743333333","0.0016666666666666666","0.13","0.4788885681961383","0.002833522497312188","77.9","1.0"
"Synthetic","validation","syn_n200_k05_pathological_cov_skewed_high_vol_r03_s20260730","200","10","0.05","GDE3","0.9818464260090324","0.03652382817450413","0.17611111111111116","0.04054981957647884","0.023557292483495144","1.8514073000000002","0.041111111111111105","0.48277777777777786","0.7983238920818414","0.002902584247182296","100.0","1.0"
"Synthetic","validation","syn_n200_k05_pathological_cov_skewed_high_vol_r03_s20260730","200","10","0.05","A_MPMO","1.0139866441780396","0.023876730054163266","0.6805555555555555","0.045342742463327146","0.039906380083421476","1.9631695766666664","0.488611111111111","0.8097222222222222","0.8650738696783662","0.003756632125585263","98.8","1.0"
"Synthetic","validation","syn_n200_k05_pathological_cov_skewed_high_vol_r03_s20260730","200","10","0.05","ECMADE_MOO","1.0148446931066317","0.02556368471704262","0.4411111111111111","0.0470711410295232","0.05147556264784663","5.6708804866666656","0.2177777777777778","0.6491666666666667","0.9944109660894317","0.003984097558561284","99.56666666666666","1.0"
"Synthetic","validation","syn_n200_k05_cluster_corr_heavy_tail_low_vol_r02_s20260731","200","10","0.05","NSGAII","1.1024255559576912","0.02412024999317286","0.7169444444444445","0.07303789600425983","0.03503100803232749","1.49342403","0.38666666666666655","0.8313888888888888","0.7651415712124224","0.003770149351901181","99.36666666666666","1.0"
"Synthetic","validation","syn_n200_k05_cluster_corr_heavy_tail_low_vol_r02_s20260731","200","10","0.05","SPEA2","1.1201765587253294","0.018726967504255235","0.7522222222222221","0.04988689926169863","0.03056144777711659","3.977016836666667","0.4402777777777778","0.8813888888888889","0.8225581927738862","0.006999299342874816","100.0","1.0"
"Synthetic","validation","syn_n200_k05_cluster_corr_heavy_tail_low_vol_r02_s20260731","200","10","0.05","MOEAD","0.9877924379668542","0.15731060937575564","0.12055555555555555","0.07224788678344721","0.03009557946903534","17.4046002","0.06583333333333334","0.22250000000000006","0.14668302156833585","0.001963087188637169","48.86666666666667","1.0"
"Synthetic","validation","syn_n200_k05_cluster_corr_heavy_tail_low_vol_r02_s20260731","200","10","0.05","GDE3","1.0029702127373599","0.061822354107720495","0.3725","0.11321459266315259","0.038694368139750725","1.8065280633333332","0.11305555555555555","0.541111111111111","0.7256972550955552","0.004571160192346133","99.7","1.0"
"Synthetic","validation","syn_n200_k05_cluster_corr_heavy_tail_low_vol_r02_s20260731","200","10","0.05","A_MPMO","1.0155781560241568","0.05897683400507404","0.3827777777777778","0.14215257126490483","0.044815020777135874","1.9793512833333333","0.16277777777777774","0.5861111111111111","0.6565927808458076","0.0030423948267135196","97.03333333333333","1.0"
"Synthetic","validation","syn_n200_k05_cluster_corr_heavy_tail_low_vol_r02_s20260731","200","10","0.05","ECMADE_MOO","1.0634708450177235","0.047443215032962956","0.15722222222222224","0.11279974960303531","0.067248974516568","2.726719879999999","0.035","0.4505555555555556","0.8556964284397417","0.005747249498173444","98.26666666666667","1.0"
"Synthetic","validation","syn_n200_k05_high_corr_heavy_tail_extreme_events_r01_s20260732","200","10","0.05","NSGAII","1.0456943541625237","0.02547800971872183","0.7424999999999999","0.09518824524727307","0.04786935675815242","1.5620878433333336","0.5802777777777778","0.8019444444444445","0.6667907033768015","0.0029142570167092962","99.53333333333333","1.0"
"Synthetic","validation","syn_n200_k05_high_corr_heavy_tail_extreme_events_r01_s20260732","200","10","0.05","SPEA2","1.0707920494532697","0.014317238923540442","0.8466666666666668","0.03965544291372737","0.04505926931420108","4.229629426666667","0.6866666666666668","0.8908333333333334","0.77408746521164","0.003514701777556374","100.0","1.0"
"Synthetic","validation","syn_n200_k05_high_corr_heavy_tail_extreme_events_r01_s20260732","200","10","0.05","MOEAD","0.8009690087307247","0.20659815598062567","0.0013888888888888887","0.11165479432931229","0.05433623471662737","16.03776164","0.0","0.016666666666666666","0.08881792786596142","0.003623075610165452","22.2","1.0"
"Synthetic","validation","syn_n200_k05_high_corr_heavy_tail_extreme_events_r01_s20260732","200","10","0.05","GDE3","0.951212991612963","0.06603867340508991","0.060555555555555564","0.17550303199538686","0.06839907213531857","1.784915446666667","0.0027777777777777775","0.2722222222222222","0.65829268404365","0.006744382721009636","84.1","1.0"
"Synthetic","validation","syn_n200_k05_high_corr_heavy_tail_extreme_events_r01_s20260732","200","10","0.05","A_MPMO","0.9676688932378757","0.06430284323649825","0.3186111111111111","0.16286942728235784","0.06640892272744824","2.0046424433333336","0.19305555555555556","0.46555555555555556","0.5301256648087737","0.002590396367028311","96.83333333333333","1.0"
"Synthetic","validation","syn_n200_k05_high_corr_heavy_tail_extreme_events_r01_s20260732","200","10","0.05","ECMADE_MOO","1.0107241878559567","0.047267337680619734","0.2822222222222222","0.15620431878584046","0.06821670001310033","2.0866323833333333","0.11555555555555558","0.46361111111111103","0.9181962348513061","0.005142329064958745","99.46666666666667","1.0"
"Synthetic","test","syn_n200_k05_pathological_cov_normal_extreme_events_r02_s20260733","200","10","0.05","NSGAII","1.1491372000907991","0.02839496658310562","0.4438888888888889","0.03664838411218329","0.03473842216157144","1.3364030199999999","0.39638888888888896","0.5305555555555556","0.04275074476667029","0.00023203707242646997","92.33333333333333","1.0"
"Synthetic","test","syn_n200_k05_pathological_cov_normal_extreme_events_r02_s20260733","200","10","0.05","SPEA2","1.164907207735428","0.017840686291948578","0.5677777777777778","0.020328394558005454","0.023907988795541655","4.591219633333332","0.5177777777777778","0.6683333333333333","0.060200235313542176","0.00018628978151075112","96.13333333333334","1.0"
"Synthetic","test","syn_n200_k05_pathological_cov_normal_extreme_events_r02_s20260733","200","10","0.05","MOEAD","0.8165863906154767","0.2662953049207435","0.0","0.051096970396148314","0.14960730967253863","15.946994066666663","0.0","0.005555555555555555","0.008813054965627409","0.0016481803144841798","1.9","1.0"
"Synthetic","test","syn_n200_k05_pathological_cov_normal_extreme_events_r02_s20260733","200","10","0.05","GDE3","0.9426376185459503","0.18338015479743033","0.0","0.10289057499154194","0.10705176042440172","1.7510735733333331","0.0","0.0","0.2774287459772612","0.01665294202285447","13.4","1.0"
"Synthetic","test","syn_n200_k05_pathological_cov_normal_extreme_events_r02_s20260733","200","10","0.05","A_MPMO","1.1087081747647287","0.055814464584822865","0.16083333333333333","0.04984699707312765","0.05607651016681473","1.9800547133333335","0.12305555555555554","0.22777777777777777","0.01639453660152733","0.0011601533824253847","47.43333333333333","1.0"
"Synthetic","test","syn_n200_k05_pathological_cov_normal_extreme_events_r02_s20260733","200","10","0.05","ECMADE_MOO","1.1395434424929252","0.05926777136402712","0.6355555555555555","0.04545577622423037","0.0923553620587286","2.04854839","0.6186111111111111","0.6619444444444444","0.1609809021517733","0.0005856718379095696","76.1","1.0"
"Synthetic","test","syn_n200_k05_cluster_corr_skewed_high_vol_r01_s20260734","200","10","0.05","NSGAII","1.0243536372893405","0.08843908034291381","0.5600000000000002","0.1346416300348761","0.09385194707511232","1.1293154833333332","0.285","0.6952777777777776","0.7267896522941258","0.003958695238258669","99.33333333333333","1.0"
"Synthetic","test","syn_n200_k05_cluster_corr_skewed_high_vol_r01_s20260734","200","10","0.05","SPEA2","1.0466773419098294","0.06663617818736085","0.6111111111111112","0.12233851267913545","0.07928438610662687","3.8754364800000003","0.3908333333333334","0.7252777777777778","0.7597825323777754","0.004936420447509314","100.0","1.0"
"Synthetic","test","syn_n200_k05_cluster_corr_skewed_high_vol_r01_s20260734","200","10","0.05","MOEAD","0.9638832479427976","0.16237288083042245","0.18638888888888885","0.04640770919218659","0.017878783552279256","16.018935479999996","0.0902777777777778","0.3258333333333333","0.20887655613700967","0.0017136604388895043","69.66666666666667","1.0"
"Synthetic","test","syn_n200_k05_cluster_corr_skewed_high_vol_r01_s20260734","200","10","0.05","GDE3","0.9955314357312823","0.11411031802309564","0.3172222222222222","0.09421682515361858","0.05142768043559276","1.8258805499999997","0.07944444444444444","0.5413888888888888","0.6252175146984643","0.0035388745199580905","97.5","1.0"
"Synthetic","test","syn_n200_k05_cluster_corr_skewed_high_vol_r01_s20260734","200","10","0.05","A_MPMO","0.9818383161286282","0.12317865641056348","0.33722222222222215","0.16263891100775818","0.07743077579251303","1.8363380099999997","0.13722222222222222","0.5427777777777778","0.6222104295844966","0.0034741920924783497","97.13333333333334","1.0"
"Synthetic","test","syn_n200_k05_cluster_corr_skewed_high_vol_r01_s20260734","200","10","0.05","ECMADE_MOO","1.0128537429316895","0.08613920731678114","0.1238888888888889","0.1465685798001038","0.10511038657065477","1.8628016366666666","0.027500000000000004","0.32499999999999996","0.875919823219265","0.006477035398291077","95.53333333333333","1.0"
"Synthetic","train","syn_n200_k10_low_corr_normal_low_vol_r01_s20260735","200","20","0.1","NSGAII","0.8940929846072591","0.09025497286815747","0.5075000000000001","0.15705439438830396","0.047937621584436485","1.1400649733333335","0.34111111111111103","0.5708333333333334","0.554768604835248","0.0036176497168102003","97.9","1.0"
"Synthetic","train","syn_n200_k10_low_corr_normal_low_vol_r01_s20260735","200","20","0.1","SPEA2","0.9672768284772431","0.05942602630869767","0.5933333333333332","0.13415125481305396","0.03830053805826788","3.6014916800000005","0.44000000000000006","0.6541666666666668","0.6349576638739362","0.0030300975776024553","99.93333333333334","1.0"
"Synthetic","train","syn_n200_k10_low_corr_normal_low_vol_r01_s20260735","200","20","0.1","MOEAD","1.007148383561857","0.24781209178146513","0.1488888888888889","0.04128182340036728","0.02374816765247416","16.092409560000004","0.07222222222222222","0.2252777777777778","0.16361681167874026","0.0022319588660576666","48.3","1.0"
"Synthetic","train","syn_n200_k10_low_corr_normal_low_vol_r01_s20260735","200","20","0.1","GDE3","0.9264155908173859","0.07488175200478943","0.3558333333333334","0.13196527562536628","0.04854293548733226","1.8268996566666664","0.09249999999999997","0.5669444444444445","0.6715152792130723","0.004802086728162182","92.03333333333333","1.0"
"Synthetic","train","syn_n200_k10_low_corr_normal_low_vol_r01_s20260735","200","20","0.1","A_MPMO","0.8094500201933684","0.1294280677788682","0.37","0.19006594722750933","0.04710140917924618","1.7945744700000001","0.20416666666666664","0.4486111111111111","0.4868603395473702","0.003029797944714797","94.56666666666666","1.0"
"Synthetic","train","syn_n200_k10_low_corr_normal_low_vol_r01_s20260735","200","20","0.1","ECMADE_MOO","0.9937386952777978","0.06419252913096683","0.20805555555555558","0.18139197033380328","0.06961865062461821","2.09493012","0.06444444444444444","0.39111111111111113","0.8631005460668111","0.008921568554108283","86.13333333333334","1.0"
"Synthetic","train","syn_n200_k10_low_corr_skewed_extreme_events_r02_s20260736","200","20","0.1","NSGAII","0.8553828145684305","0.05778798407887966","0.6202777777777778","0.1422925276580206","0.04004576214528106","1.1467360600000005","0.5008333333333332","0.676111111111111","0.46915610868002083","0.002472711829347186","99.4","1.0"
"Synthetic","train","syn_n200_k10_low_corr_skewed_extreme_events_r02_s20260736","200","20","0.1","SPEA2","0.9255770150462276","0.03833537459341401","0.736388888888889","0.13358083667034581","0.037732654272885205","3.674838839999999","0.6352777777777778","0.7777777777777776","0.5619286247013984","0.002325177393828309","100.0","1.0"
"Synthetic","train","syn_n200_k10_low_corr_skewed_extreme_events_r02_s20260736","200","20","0.1","MOEAD","0.954904205657954","0.2238425885721623","0.10694444444444445","0.04585279809225685","0.02108338677197894","16.087839916666667","0.0425","0.16750000000000004","0.18290363267128373","0.001800884767776692","54.56666666666667","1.0"
"Synthetic","train","syn_n200_k10_low_corr_skewed_extreme_events_r02_s20260736","200","20","0.1","GDE3","0.9071687001196448","0.04392416698985936","0.3858333333333334","0.11447585546095244","0.03794905166187828","1.8245115133333334","0.03666666666666667","0.7158333333333332","0.6449244489047793","0.004530481744629312","89.83333333333333","1.0"
"Synthetic","train","syn_n200_k10_low_corr_skewed_extreme_events_r02_s20260736","200","20","0.1","A_MPMO","0.8107578115719039","0.07484937740043492","0.44250000000000006","0.15884608851215576","0.03985327653724221","1.770358363333333","0.24472222222222217","0.5886111111111111","0.457570856553456","0.0026801609406527068","94.63333333333334","1.0"
"Synthetic","train","syn_n200_k10_low_corr_skewed_extreme_events_r02_s20260736","200","20","0.1","ECMADE_MOO","1.0074379360500239","0.04174743021061256","0.12638888888888888","0.11181576169300986","0.05763078360859057","2.4883411266666666","0.019444444444444445","0.3352777777777778","0.9952854249583996","0.010261283757664259","88.93333333333334","1.0"
"Synthetic","train","syn_n200_k10_high_corr_mixed_high_vol_r02_s20260737","200","20","0.1","NSGAII","0.9652382979860897","0.06460634833431458","0.6352777777777778","0.14079817479842963","0.040216700210101416","1.1846412000000004","0.5475","0.6816666666666668","0.3654588528885476","0.002066253678736715","98.36666666666666","1.0"
"Synthetic","train","syn_n200_k10_high_corr_mixed_high_vol_r02_s20260737","200","20","0.1","SPEA2","1.0164794076682109","0.04835565485956931","0.7875","0.1260743783282022","0.047123165637856936","3.8964079233333333","0.7441666666666666","0.8105555555555555","0.49461486169632946","0.002273369206688326","100.0","1.0"
"Synthetic","train","syn_n200_k10_high_corr_mixed_high_vol_r02_s20260737","200","20","0.1","MOEAD","0.8869643945985176","0.1378048120667001","0.0","0.10802488506869498","0.03951182564413454","16.16173644666667","0.0","0.0036111111111111114","0.10663026592183004","0.0025387438715206347","28.533333333333335","1.0"
"Synthetic","train","syn_n200_k10_high_corr_mixed_high_vol_r02_s20260737","200","20","0.1","GDE3","0.8810742858566626","0.11303743080378781","0.0016666666666666666","0.13084742241097883","0.05566543402649404","1.8144798733333336","0.0","0.048055555555555546","0.48259760219660197","0.006063580856027087","57.166666666666664","1.0"
"Synthetic","train","syn_n200_k10_high_corr_mixed_high_vol_r02_s20260737","200","20","0.1","A_MPMO","0.8805377876452912","0.0990876181869984","0.2002777777777778","0.19090427149245898","0.05876932635516439","1.8228092166666665","0.1247222222222222","0.3513888888888889","0.32752778354845763","0.003996163248581476","70.1","1.0"
"Synthetic","train","syn_n200_k10_high_corr_mixed_high_vol_r02_s20260737","200","20","0.1","ECMADE_MOO","1.0499816962986115","0.052738579643093066","0.20555555555555557","0.14374966992932287","0.09916592700718758","2.4130017833333333","0.029444444444444443","0.5641666666666668","0.7807381114931011","0.007093560284814157","80.66666666666667","1.0"
"Synthetic","train","syn_n200_k10_cluster_corr_heavy_tail_low_vol_r02_s20260738","200","20","0.1","NSGAII","0.9040928884285196","0.04499896596312722","0.6847222222222221","0.1734847720105196","0.06148978840246729","1.2519794333333332","0.3405555555555556","0.7955555555555555","0.7085957121310282","0.003035586243046194","99.4","1.0"
"Synthetic","train","syn_n200_k10_cluster_corr_heavy_tail_low_vol_r02_s20260738","200","20","0.1","SPEA2","0.9297081145257787","0.03632652511049837","0.7794444444444443","0.12080527848468618","0.03685937851863355","3.8486897833333336","0.5230555555555556","0.8455555555555555","0.7510515261269143","0.002964086068651026","100.0","1.0"
"Synthetic","train","syn_n200_k10_cluster_corr_heavy_tail_low_vol_r02_s20260738","200","20","0.1","MOEAD","0.8228634227371247","0.242857582374377","0.01361111111111111","0.04098351245945613","0.035876753192368","16.17164100333333","0.0016666666666666668","0.06999999999999999","0.3002781341800367","0.0038318470744732086","42.3","1.0"
"Synthetic","train","syn_n200_k10_cluster_corr_heavy_tail_low_vol_r02_s20260738","200","20","0.1","GDE3","0.8533695533723176","0.05925754683787545","0.22194444444444444","0.09987756600413412","0.033114070793873934","1.8373840233333332","0.021944444444444444","0.618611111111111","0.6869640682070958","0.003955837430351417","99.2","1.0"
"Synthetic","train","syn_n200_k10_cluster_corr_heavy_tail_low_vol_r02_s20260738","200","20","0.1","A_MPMO","0.8185327004468211","0.07469850024690074","0.3447222222222223","0.18974755351393013","0.04612756791629195","1.8297909733333333","0.07666666666666666","0.6119444444444446","0.5912647685226777","0.003372495942373946","98.33333333333333","1.0"
"Synthetic","train","syn_n200_k10_cluster_corr_heavy_tail_low_vol_r02_s20260738","200","20","0.1","ECMADE_MOO","0.9374410110915647","0.048067079196653754","0.07194444444444445","0.11149750372215556","0.06717294972866376","2.5494699266666667","0.009166666666666667","0.27166666666666667","1.0147455555101572","0.006873391019715095","99.1","1.0"
"Synthetic","train","syn_n200_k10_pathological_cov_normal_extreme_events_r02_s20260739","200","20","0.1","NSGAII","0.9488252618786518","0.08028308965094098","0.2641666666666667","0.13257013081058014","0.056534230989073724","1.2930283566666665","0.18805555555555553","0.38611111111111107","0.313044744808909","0.002176381448808931","79.63333333333334","1.0"
"Synthetic","train","syn_n200_k10_pathological_cov_normal_extreme_events_r02_s20260739","200","20","0.1","SPEA2","0.9901703158370064","0.05576713124227747","0.45972222222222225","0.11391453223184132","0.05927028966093976","3.6053240300000007","0.3366666666666668","0.5911111111111111","0.41123416771292814","0.0019404287691318332","96.3","1.0"
"Synthetic","train","syn_n200_k10_pathological_cov_normal_extreme_events_r02_s20260739","200","20","0.1","MOEAD","0.6254065881951604","0.384257385987185","0.0","0.10697821564626676","0.07461749458473867","16.188511913333336","0.0","0.0","0.008869608025624589","0.0011627577869379466","2.6","1.0"
"Synthetic","train","syn_n200_k10_pathological_cov_normal_extreme_events_r02_s20260739","200","20","0.1","GDE3","0.6169412447611679","0.32014849490606173","0.0","0.26270378530102895","0.08346539615681564","1.7871489266666667","0.0","0.0","0.6723837661649136","0.01585333892913524","26.266666666666666","1.0"
"Synthetic","train","syn_n200_k10_pathological_cov_normal_extreme_events_r02_s20260739","200","20","0.1","A_MPMO","0.7409752016971318","0.18015197288187998","0.0","0.24430984397775282","0.09076424104009313","1.7670903100000002","0.0","0.0022222222222222222","0.19317488973654273","0.006156232281397564","21.266666666666666","1.0"
"Synthetic","train","syn_n200_k10_pathological_cov_normal_extreme_events_r02_s20260739","200","20","0.1","ECMADE_MOO","1.0657171760000324","0.02832455255195285","0.5413888888888888","0.15096933368044715","0.050529111104251664","2.4927634166666666","0.2555555555555556","0.6900000000000001","0.7336403952700887","0.003711183191754571","96.36666666666666","1.0"
"Synthetic","train","syn_n200_k10_low_corr_heavy_tail_high_vol_r03_s20260740","200","20","0.1","NSGAII","0.933889809873463","0.07763319735548495","0.48138888888888887","0.14310017658196617","0.041244123987246716","1.290857496666667","0.24416666666666667","0.586111111111111","0.49551919621734275","0.004576027991344063","93.76666666666667","1.0"
"Synthetic","train","syn_n200_k10_low_corr_heavy_tail_high_vol_r03_s20260740","200","20","0.1","SPEA2","0.9901214162393921","0.05341113776086313","0.5805555555555555","0.11070960873278718","0.03635735385205321","3.5429000133333326","0.3638888888888889","0.6963888888888888","0.5653740781696587","0.0037379342516413523","100.0","1.0"
"Synthetic","train","syn_n200_k10_low_corr_heavy_tail_high_vol_r03_s20260740","200","20","0.1","MOEAD","0.9812290555737466","0.136437437993216","0.13472222222222222","0.05054855853905987","0.02412446098824472","16.215969783333332","0.052500000000000005","0.27055555555555555","0.21334344132693034","0.0020434682735318457","56.766666666666666","1.0"
"Synthetic","train","syn_n200_k10_low_corr_heavy_tail_high_vol_r03_s20260740","200","20","0.1","GDE3","0.9231230443359654","0.07926585466958368","0.07638888888888888","0.11801904268761082","0.050963774619711605","1.8083233333333335","0.004444444444444445","0.35250000000000004","0.6383166283748943","0.005758933389910473","76.6","1.0"
"Synthetic","train","syn_n200_k10_low_corr_heavy_tail_high_vol_r03_s20260740","200","20","0.1","A_MPMO","0.8897597611039643","0.09645397710894822","0.19416666666666668","0.14591225679710265","0.0555064761603074","1.8141051333333336","0.03916666666666666","0.4105555555555555","0.4999186892975821","0.003907088338874923","92.96666666666667","1.0"
"Synthetic","train","syn_n200_k10_low_corr_heavy_tail_high_vol_r03_s20260740","200","20","0.1","ECMADE_MOO","0.9413860659110369","0.07955519696987769","0.07833333333333334","0.1794765609946545","0.05546069244025346","2.412460606666666","0.018055555555555554","0.22027777777777782","0.7083833327590436","0.00931712519925432","78.7","1.0"
"Synthetic","train","syn_n200_k10_cluster_corr_skewed_high_vol_r01_s20260741","200","20","0.1","NSGAII","0.9198991756336444","0.052295697338312935","0.6455555555555557","0.1319677033642513","0.05317793471995456","1.3701672699999998","0.4377777777777778","0.7086111111111111","0.5761861346387891","0.003266209092624883","99.5","1.0"
"Synthetic","train","syn_n200_k10_cluster_corr_skewed_high_vol_r01_s20260741","200","20","0.1","SPEA2","0.956803342989422","0.039983371818388326","0.701388888888889","0.13019289649670124","0.04182169116372749","3.7595088899999998","0.5102777777777778","0.7627777777777778","0.6501950837989543","0.002563026327397716","100.0","1.0"
"Synthetic","train","syn_n200_k10_cluster_corr_skewed_high_vol_r01_s20260741","200","20","0.1","MOEAD","0.9099898916875212","0.16602263901415032","0.04527777777777778","0.07001929688529035","0.034248417804231907","16.960135703333332","0.007500000000000001","0.14833333333333332","0.25108236201153467","0.00323000320336764","47.43333333333333","1.0"
"Synthetic","train","syn_n200_k10_cluster_corr_skewed_high_vol_r01_s20260741","200","20","0.1","GDE3","0.9000872306601967","0.05319155281505904","0.2797222222222222","0.12809888880569306","0.04432670606958574","1.82844622","0.0225","0.59","0.6600521743235943","0.0042074799872693965","95.56666666666666","1.0"
"Synthetic","train","syn_n200_k10_cluster_corr_skewed_high_vol_r01_s20260741","200","20","0.1","A_MPMO","0.8450790676089943","0.07414736505377671","0.35694444444444445","0.16888502093543536","0.043723184685820246","1.8143102833333333","0.08583333333333334","0.5672222222222223","0.5377672272930902","0.0030041416405759617","96.63333333333334","1.0"
"Synthetic","train","syn_n200_k10_cluster_corr_skewed_high_vol_r01_s20260741","200","20","0.1","ECMADE_MOO","0.9681003325285894","0.05290271280530267","0.10277777777777777","0.20515693219584163","0.07212882630506641","2.5337015599999995","0.01666666666666667","0.27027777777777773","0.9063566141957552","0.006975996366644591","95.3","1.0"
"Synthetic","validation","syn_n200_k10_cluster_corr_mixed_extreme_events_r03_s20260742","200","20","0.1","NSGAII","0.9057394595558226","0.06813016281883706","0.6858333333333333","0.11487598137857773","0.03070894320587075","1.3848513833333331","0.5180555555555555","0.7274999999999999","0.5032028805554131","0.0023504541323303087","99.43333333333334","1.0"
"Synthetic","validation","syn_n200_k10_cluster_corr_mixed_extreme_events_r03_s20260742","200","20","0.1","SPEA2","0.9251164400567792","0.06124741590925249","0.7313888888888889","0.08643217993378886","0.029643805185409156","3.7662207766666667","0.6441666666666667","0.7636111111111111","0.552829351429274","0.0019099039099144761","100.0","1.0"
"Synthetic","validation","syn_n200_k10_cluster_corr_mixed_extreme_events_r03_s20260742","200","20","0.1","MOEAD","0.906385433635856","0.2150472836721465","0.05416666666666666","0.05260817451261119","0.01861150922153982","16.96697212333333","0.009444444444444445","0.13083333333333333","0.12794010799005393","0.001784458166845263","43.166666666666664","1.0"
"Synthetic","validation","syn_n200_k10_cluster_corr_mixed_extreme_events_r03_s20260742","200","20","0.1","GDE3","0.8960049038955268","0.07050573429633293","0.3247222222222222","0.11648470362842066","0.031313254716526885","1.828486826666667","0.03194444444444444","0.6469444444444445","0.5976494957883994","0.003314473447380533","96.23333333333333","1.0"
"Synthetic","validation","syn_n200_k10_cluster_corr_mixed_extreme_events_r03_s20260742","200","20","0.1","A_MPMO","0.8187519834759199","0.09577503669813382","0.41777777777777786","0.14008639244983687","0.03905307162512277","1.82234442","0.13055555555555554","0.5727777777777778","0.44295152240931357","0.002191638684536158","96.3","1.0"
"Synthetic","validation","syn_n200_k10_cluster_corr_mixed_extreme_events_r03_s20260742","200","20","0.1","ECMADE_MOO","0.9878479040636658","0.04947424760584254","0.17444444444444446","0.12304206952995195","0.07181139884870982","2.587448406666667","0.019166666666666665","0.4238888888888888","0.8718050325505066","0.007639664047872101","95.13333333333334","1.0"
"Synthetic","validation","syn_n200_k10_pathological_cov_mixed_low_vol_r01_s20260743","200","20","0.1","NSGAII","1.0276280102272417","0.04664972614636279","0.4961111111111112","0.072420221628916","0.05316019054283494","1.3816506500000003","0.3258333333333334","0.6283333333333334","0.4275615438522064","0.0040237070750452075","90.83333333333333","1.0"
"Synthetic","validation","syn_n200_k10_pathological_cov_mixed_low_vol_r01_s20260743","200","20","0.1","SPEA2","1.0664194321701506","0.022832230393088567","0.7533333333333334","0.04724305558317308","0.043468061382493345","3.884226426666667","0.5966666666666666","0.808888888888889","0.5031581482447641","0.0023116169541785594","99.06666666666666","1.0"
"Synthetic","validation","syn_n200_k10_pathological_cov_mixed_low_vol_r01_s20260743","200","20","0.1","MOEAD","0.5755626546234417","0.2712447682741032","0.0","0.04268025534718211","0.04202666549733753","17.149515556666664","0.0","0.0","0.07230237690733439","0.004107018806517277","12.066666666666666","1.0"
"Synthetic","validation","syn_n200_k10_pathological_cov_mixed_low_vol_r01_s20260743","200","20","0.1","GDE3","0.7750110022495343","0.21216910370974107","0.0","0.15743454129357703","0.09089960834108994","1.7920392533333334","0.0","0.0","0.6865718368927329","0.011351670573025021","34.46666666666667","1.0"
"Synthetic","validation","syn_n200_k10_pathological_cov_mixed_low_vol_r01_s20260743","200","20","0.1","A_MPMO","0.8930950053053707","0.11939316196537832","0.0713888888888889","0.09551769035694656","0.07687045584559024","1.7189354266666668","0.020833333333333332","0.14055555555555557","0.26603636669861924","0.007126539832006909","41.86666666666667","1.0"
"Synthetic","validation","syn_n200_k10_pathological_cov_mixed_low_vol_r01_s20260743","200","20","0.1","ECMADE_MOO","1.0896870588473655","0.024574014945576317","0.5577777777777777","0.06449345796760103","0.07666821783979287","2.531885833333334","0.36555555555555563","0.7611111111111112","0.6814088085921135","0.003652040900427735","94.7","1.0"
"Synthetic","validation","syn_n200_k10_high_corr_normal_low_vol_r03_s20260744","200","20","0.1","NSGAII","0.9008547131681277","0.03046590463246075","0.7405555555555555","0.12511110783040882","0.05278876150438557","1.3034562066666668","0.4777777777777778","0.8241666666666667","0.7552068832032314","0.0028142091070902818","99.7","1.0"
"Synthetic","validation","syn_n200_k10_high_corr_normal_low_vol_r03_s20260744","200","20","0.1","SPEA2","0.9481923756787365","0.015937061903305388","0.88","0.1178537416191925","0.034839798805437056","4.417462646666666","0.7605555555555555","0.8972222222222221","0.8527137959362902","0.002521211903282314","100.0","1.0"
"Synthetic","validation","syn_n200_k10_high_corr_normal_low_vol_r03_s20260744","200","20","0.1","MOEAD","0.7060217885221399","0.23312144574657692","0.0","0.11646167666835291","0.04964780399093459","17.540077126666667","0.0","0.0013888888888888887","0.2193496011667844","0.005039723814077615","33.7","1.0"
"Synthetic","validation","syn_n200_k10_high_corr_normal_low_vol_r03_s20260744","200","20","0.1","GDE3","0.7965233131014137","0.08010319402657351","0.0","0.15620805387471856","0.051775400224988825","1.8513802366666665","0.0","0.02638888888888889","0.6815628194598591","0.0033994772924299675","93.73333333333333","1.0"
"Synthetic","validation","syn_n200_k10_high_corr_normal_low_vol_r03_s20260744","200","20","0.1","A_MPMO","0.8134374136678406","0.06661717439693839","0.28944444444444445","0.2066655063204969","0.06547029357027392","1.7318226366666665","0.12277777777777779","0.5086111111111111","0.58508031339677","0.0023992749390915227","98.26666666666667","1.0"
"Synthetic","validation","syn_n200_k10_high_corr_normal_low_vol_r03_s20260744","200","20","0.1","ECMADE_MOO","0.9406904351013469","0.03948240473592855","0.08","0.10248410403714615","0.05442069092658454","3.4292497966666664","0.007777777777777777","0.3933333333333333","1.0485836017195989","0.004159754236896507","98.0","1.0"
"Synthetic","test","syn_n200_k10_pathological_cov_skewed_high_vol_r03_s20260745","200","20","0.1","NSGAII","1.1533008454868052","0.04865550078584658","0.5505555555555554","0.034587426926510706","0.02156472555208855","1.31176595","0.40416666666666673","0.686388888888889","0.25539298956275036","0.002523491909076899","71.93333333333334","1.0"
"Synthetic","test","syn_n200_k10_pathological_cov_skewed_high_vol_r03_s20260745","200","20","0.1","SPEA2","1.1771237343414966","0.024127824720720215","0.823611111111111","0.010610735190396419","0.029942321379831417","3.6525992933333336","0.7869444444444442","0.8525000000000001","0.37439205962202315","0.0020970238985728315","99.66666666666667","1.0"
"Synthetic","test","syn_n200_k10_pathological_cov_skewed_high_vol_r03_s20260745","200","20","0.1","MOEAD","0.9594727501460921","0.2245561149704828","0.0","0.08277314667558276","0.05638908713792179","17.234589649999997","0.0","0.0","0.014561255596655269","0.0028949773619949153","2.3333333333333335","1.0"
"Synthetic","test","syn_n200_k10_pathological_cov_skewed_high_vol_r03_s20260745","200","20","0.1","GDE3","0.8569482269414556","0.2083373225933872","0.0","0.12217416620146354","0.08909724547727867","1.7874786833333336","0.0","0.0","0.5328381328316723","0.019603568860070687","21.366666666666667","1.0"
"Synthetic","test","syn_n200_k10_pathological_cov_skewed_high_vol_r03_s20260745","200","20","0.1","A_MPMO","1.0381802519606518","0.10286002257054186","0.04027777777777778","0.15541098720996407","0.06380614254567579","1.7859392466666664","0.008611111111111113","0.1436111111111111","0.1757639509133574","0.011356702949093649","18.266666666666666","1.0"
"Synthetic","test","syn_n200_k10_pathological_cov_skewed_high_vol_r03_s20260745","200","20","0.1","ECMADE_MOO","1.160880076747249","0.03741179621623193","0.2961111111111111","0.030875828974653397","0.07787211401852262","2.34910585","0.06194444444444445","0.5377777777777778","0.5374079071114731","0.010691154191735627","44.7","1.0"
"Synthetic","test","syn_n200_k10_high_corr_heavy_tail_extreme_events_r01_s20260746","200","20","0.1","NSGAII","0.9853209678471455","0.04394058850663201","0.5552777777777779","0.08671539813835491","0.05811499285896182","1.2607985733333336","0.3255555555555556","0.7013888888888888","0.6489489268634352","0.0035119724548219786","99.36666666666666","1.0"
"Synthetic","test","syn_n200_k10_high_corr_heavy_tail_extreme_events_r01_s20260746","200","20","0.1","SPEA2","1.027130175458784","0.020630345001013344","0.8244444444444444","0.04723493484324837","0.056512541337267706","4.005492136666667","0.6374999999999998","0.8824999999999998","0.7872696163582799","0.002964537216072868","100.0","1.0"
"Synthetic","test","syn_n200_k10_high_corr_heavy_tail_extreme_events_r01_s20260746","200","20","0.1","MOEAD","0.812210557888797","0.1406234011235933","0.0","0.08952409173181282","0.03865449395132906","24.675498963333332","0.0","0.0","0.26836711649596545","0.0030064027118731065","51.733333333333334","1.0"
"Synthetic","test","syn_n200_k10_high_corr_heavy_tail_extreme_events_r01_s20260746","200","20","0.1","GDE3","0.8978224466367768","0.09579392194060167","0.0","0.11395131674028362","0.06735507444070175","1.8446971499999998","0.0","0.004166666666666667","0.7327209732994245","0.005339462658604916","82.3","1.0"
"Synthetic","test","syn_n200_k10_high_corr_heavy_tail_extreme_events_r01_s20260746","200","20","0.1","A_MPMO","0.8742171293057236","0.11336979036258263","0.15222222222222223","0.11341570401875123","0.04607606257478617","1.782395703333333","0.07111111111111111","0.295","0.40884305543670335","0.003176488391942108","91.33333333333333","1.0"
"Synthetic","test","syn_n200_k10_high_corr_heavy_tail_extreme_events_r01_s20260746","200","20","0.1","ECMADE_MOO","1.0050300025253656","0.03905609983614967","0.14861111111111108","0.0894254051178902","0.07363373924791265","2.4915968800000003","0.018611111111111116","0.4597222222222222","1.025760531534632","0.006224638230054341","89.26666666666667","1.0"
"Synthetic","train","syn_n200_k20_cluster_corr_heavy_tail_low_vol_r02_s20260747","200","40","0.2","NSGAII","0.9016510973549194","0.07713181761671094","0.49972222222222223","0.08845089123143163","0.02246400453813256","1.2838518966666663","0.3244444444444445","0.5541666666666666","0.4929886427385025","0.003017091677779344","98.36666666666666","1.0"
"Synthetic","train","syn_n200_k20_cluster_corr_heavy_tail_low_vol_r02_s20260747","200","40","0.2","SPEA2","0.9650414192331157","0.05407418227554784","0.6030555555555555","0.09579811434579234","0.02938941751822253","3.61104792","0.5122222222222222","0.6377777777777777","0.578175605591995","0.002479804218289841","100.0","1.0"
"Synthetic","train","syn_n200_k20_cluster_corr_heavy_tail_low_vol_r02_s20260747","200","40","0.2","MOEAD","1.0429150933458142","0.2866754827385555","0.09055555555555554","0.03665810333117505","0.017860680409646706","27.494810069999996","0.04000000000000001","0.1802777777777778","0.1649650410799542","0.0023703000524759833","41.46666666666667","1.0"
"Synthetic","train","syn_n200_k20_cluster_corr_heavy_tail_low_vol_r02_s20260747","200","40","0.2","GDE3","0.8885496875492614","0.07690226417082571","0.30250000000000005","0.09568302844599164","0.03624942017331758","1.9257499233333328","0.028055555555555552","0.5266666666666667","0.6032764357020046","0.00372358025447061","90.26666666666667","1.0"
"Synthetic","train","syn_n200_k20_cluster_corr_heavy_tail_low_vol_r02_s20260747","200","40","0.2","A_MPMO","0.8385397472925554","0.10189981533645832","0.30611111111111106","0.11364057026751775","0.028034680133641764","2.2104064833333337","0.07333333333333333","0.4519444444444444","0.4604165521100602","0.002637380109586953","95.63333333333334","1.0"
"Synthetic","train","syn_n200_k20_cluster_corr_heavy_tail_low_vol_r02_s20260747","200","40","0.2","ECMADE_MOO","0.9839270253366693","0.054532793780151204","0.2102777777777778","0.1614536928343322","0.04806346890605348","2.5715934866666665","0.03416666666666667","0.4475","0.7851975503702232","0.006902605138616125","91.66666666666667","1.0"
"Synthetic","train","syn_n200_k20_pathological_cov_skewed_high_vol_r03_s20260748","200","40","0.2","NSGAII","0.8718559447098639","0.20613208299390978","0.0","0.12285484643391407","0.07330711770866742","1.2554544966666663","0.0","0.0","0.21294330861564298","0.00892670490280683","17.666666666666668","1.0"
"Synthetic","train","syn_n200_k20_pathological_cov_skewed_high_vol_r03_s20260748","200","40","0.2","SPEA2","1.011108511589716","0.1685112096097886","0.006944444444444445","0.07252135169677014","0.05513551760449943","3.4427697799999994","0.0","0.027777777777777776","0.23800951015218322","0.007877568167443645","24.5","1.0"
"Synthetic","train","syn_n200_k20_pathological_cov_skewed_high_vol_r03_s20260748","200","40","0.2","MOEAD","0.7020538350310129","0.3048878400678174","0.0","0.038179998296560505","0.0600293695904499","25.035352670000005","0.0","0.0","0.021401949468709918","0.004257062438093191","4.9","1.0"
"Synthetic","train","syn_n200_k20_pathological_cov_skewed_high_vol_r03_s20260748","200","40","0.2","GDE3","0.4294701585556656","0.5397176709782183","0.0","0.1294198732390627","0.05375107310113082","1.8253277833333332","0.0","0.0","0.5999042481799433","0.016815590364927132","23.333333333333332","1.0"
"Synthetic","train","syn_n200_k20_pathological_cov_skewed_high_vol_r03_s20260748","200","40","0.2","A_MPMO","0.7002650075891598","0.28771843563506133","0.0","0.17244685150984668","0.0852315002362323","2.26425676","0.0","0.0","0.19820836489758534","0.008106069089656201","17.0","1.0"
"Synthetic","train","syn_n200_k20_pathological_cov_skewed_high_vol_r03_s20260748","200","40","0.2","ECMADE_MOO","1.0428897728500204","0.14988092619632487","0.11638888888888888","0.23166547891384037","0.16731448936523624","2.06087565","0.06666666666666667","0.22527777777777777","0.7104458333854633","0.01051596555849536","55.5","1.0"
"Synthetic","train","syn_n200_k20_high_corr_mixed_high_vol_r02_s20260749","200","40","0.2","NSGAII","0.8830383825152238","0.09859356834584819","0.006666666666666667","0.08655307176551402","0.04657078097986053","1.31654296","0.0","0.16166666666666665","0.4628408205748299","0.004701883081687263","72.73333333333333","1.0"
"Synthetic","train","syn_n200_k20_high_corr_mixed_high_vol_r02_s20260749","200","40","0.2","SPEA2","0.9630769018090809","0.05578156517976803","0.39694444444444443","0.1156132815143639","0.06584299785024109","3.535504713333333","0.16694444444444445","0.6486111111111111","0.6103800201092596","0.002938339122905589","100.0","1.0"
"Synthetic","train","syn_n200_k20_high_corr_mixed_high_vol_r02_s20260749","200","40","0.2","MOEAD","0.7761327965469398","0.16201152668805385","0.0","0.08926737947223401","0.04402252117725738","31.23445733333333","0.0","0.0","0.317307843602371","0.003992947917354995","46.6","1.0"
"Synthetic","train","syn_n200_k20_high_corr_mixed_high_vol_r02_s20260749","200","40","0.2","GDE3","0.7994822665686993","0.16034347108085287","0.0","0.10481692127846383","0.05471898706619384","1.8955787066666667","0.0","0.0","0.7038572266264762","0.005651514608487471","74.96666666666667","1.0"
"Synthetic","train","syn_n200_k20_high_corr_mixed_high_vol_r02_s20260749","200","40","0.2","A_MPMO","0.8079036055175867","0.1399177465851106","0.0","0.1039888422640715","0.0505009059677417","2.158574753333333","0.0","0.0","0.42854487083105375","0.005336236895918608","54.43333333333333","1.0"
"Synthetic","train","syn_n200_k20_high_corr_mixed_high_vol_r02_s20260749","200","40","0.2","ECMADE_MOO","0.9383222324425856","0.09000319136402836","0.0","0.1289185919874584","0.08053226638154534","1.9885819033333334","0.0","0.01611111111111111","1.0091470409924281","0.009611105745483173","64.16666666666667","1.0"
"Synthetic","train","syn_n200_k20_cluster_corr_skewed_high_vol_r01_s20260750","200","40","0.2","NSGAII","0.9013427857560751","0.09257252657765329","0.4547222222222222","0.08882398027816849","0.024974951217022447","1.2932692966666666","0.21027777777777776","0.5241666666666667","0.39038111819312143","0.002965524311758836","85.56666666666666","1.0"
"Synthetic","train","syn_n200_k20_cluster_corr_skewed_high_vol_r01_s20260750","200","40","0.2","SPEA2","0.9565311063710398","0.07128871884142397","0.5580555555555555","0.08074333620606194","0.027444911241893872","3.535695103333333","0.48416666666666663","0.5966666666666665","0.45901089286506935","0.002045303976263003","100.0","1.0"
"Synthetic","train","syn_n200_k20_cluster_corr_skewed_high_vol_r01_s20260750","200","40","0.2","MOEAD","1.006881186741612","0.21927030441310427","0.08750000000000001","0.04306021587425784","0.02058659669380885","24.092157693333338","0.028333333333333335","0.17944444444444446","0.14238702512677343","0.0017501859774468104","43.666666666666664","1.0"
"Synthetic","train","syn_n200_k20_cluster_corr_skewed_high_vol_r01_s20260750","200","40","0.2","GDE3","0.9110760613121696","0.08384359624156033","0.034999999999999996","0.08091421513687413","0.03793896494693527","1.860267726666667","0.004166666666666667","0.29472222222222216","0.5824929728292162","0.004964016698712153","71.46666666666667","1.0"
"Synthetic","train","syn_n200_k20_cluster_corr_skewed_high_vol_r01_s20260750","200","40","0.2","A_MPMO","0.8530426943651556","0.11263423826741373","0.17388888888888887","0.0809245536182073","0.026335466862639104","1.93424634","0.026666666666666665","0.3963888888888889","0.3544235788252299","0.0037459183265073294","74.8","1.0"
"Synthetic","train","syn_n200_k20_cluster_corr_skewed_high_vol_r01_s20260750","200","40","0.2","ECMADE_MOO","0.9821063419714188","0.07021667713656371","0.07722222222222223","0.15334185633760145","0.05208164406429002","2.018159906666667","0.011111111111111112","0.2541666666666666","0.7801391855678792","0.008166361139835354","74.96666666666667","1.0"
"Synthetic","train","syn_n200_k20_low_corr_skewed_extreme_events_r02_s20260751","200","40","0.2","NSGAII","0.861170311126502","0.10079661744157474","0.4922222222222222","0.11480368525514777","0.03623240889805414","1.2473324633333331","0.38638888888888884","0.5411111111111111","0.36303169124747176","0.0031801965890459567","84.93333333333334","1.0"
"Synthetic","train","syn_n200_k20_low_corr_skewed_extreme_events_r02_s20260751","200","40","0.2","SPEA2","0.9339254448332955","0.07328690844477101","0.6069444444444445","0.10090474387699835","0.028691699446688215","3.524736629999999","0.5508333333333333","0.6355555555555555","0.4272134510612178","0.001984340377199691","100.0","1.0"
"Synthetic","train","syn_n200_k20_low_corr_skewed_extreme_events_r02_s20260751","200","40","0.2","MOEAD","1.0516621075846786","0.22801511965654167","0.08944444444444442","0.04444308219717793","0.016000313644364588","23.792228023333333","0.0325","0.17777777777777776","0.12418497601796244","0.0016856185439980977","41.233333333333334","1.0"
"Synthetic","train","syn_n200_k20_low_corr_skewed_extreme_events_r02_s20260751","200","40","0.2","GDE3","0.8512653900386701","0.10701772333316449","0.08","0.11973216555576545","0.03552240808475247","1.8455944800000001","0.0","0.3591666666666667","0.5269379450616174","0.009117024100652285","48.06666666666667","1.0"
"Synthetic","train","syn_n200_k20_low_corr_skewed_extreme_events_r02_s20260751","200","40","0.2","A_MPMO","0.7842293646520562","0.1349207040570014","0.2838888888888889","0.07945823875053558","0.030082880189308093","1.9886193466666666","0.09888888888888889","0.4072222222222222","0.3258764974205421","0.004424069219481786","60.1","1.0"
"Synthetic","train","syn_n200_k20_low_corr_skewed_extreme_events_r02_s20260751","200","40","0.2","ECMADE_MOO","0.9713943935851923","0.07779905516409107","0.17750000000000002","0.2138211218601802","0.08052943567281742","2.0040798499999997","0.03166666666666666","0.3805555555555554","0.726936510209237","0.00881085680371105","69.43333333333334","1.0"
"Synthetic","train","syn_n200_k20_cluster_corr_mixed_extreme_events_r03_s20260752","200","40","0.2","NSGAII","0.8154803255839691","0.10102059343601845","0.41805555555555557","0.08906182125230383","0.03146230881139346","1.2950903866666665","0.15111111111111108","0.5422222222222222","0.4073765297693478","0.003153781292764704","93.9","1.0"
"Synthetic","train","syn_n200_k20_cluster_corr_mixed_extreme_events_r03_s20260752","200","40","0.2","SPEA2","0.8779400447624438","0.07578082218064773","0.5855555555555555","0.12707545681892857","0.03464446009488268","3.5320813500000003","0.41916666666666663","0.6625","0.49709031391641134","0.002520390312518121","99.93333333333334","1.0"
"Synthetic","train","syn_n200_k20_cluster_corr_mixed_extreme_events_r03_s20260752","200","40","0.2","MOEAD","0.9095971333885712","0.2161004314562243","0.0836111111111111","0.047176898178543966","0.01773493805443438","23.748296980000003","0.022222222222222223","0.18666666666666665","0.2019783826816049","0.0021316005638175096","49.43333333333333","1.0"
"Synthetic","train","syn_n200_k20_cluster_corr_mixed_extreme_events_r03_s20260752","200","40","0.2","GDE3","0.8013412297614859","0.10609024606168564","0.0077777777777777776","0.10174076936897114","0.03580515793762158","1.8589349566666666","0.0002777777777777778","0.1911111111111111","0.5752233154742655","0.0057425382788488955","71.96666666666667","1.0"
"Synthetic","train","syn_n200_k20_cluster_corr_mixed_extreme_events_r03_s20260752","200","40","0.2","A_MPMO","0.7431560306469097","0.13117968130635052","0.1338888888888889","0.11105587855861468","0.03566000648716842","2.0196085799999994","0.0005555555555555556","0.3902777777777777","0.3594392686703414","0.003243305635608758","73.13333333333334","1.0"
"Synthetic","train","syn_n200_k20_cluster_corr_mixed_extreme_events_r03_s20260752","200","40","0.2","ECMADE_MOO","0.9287430097384202","0.07320391828951736","0.023333333333333327","0.16251766420397643","0.06946328588689367","2.0247006833333336","0.0036111111111111114","0.13416666666666668","0.9098922950201239","0.009584335423279246","82.03333333333333","1.0"
"Synthetic","train","syn_n200_k20_pathological_cov_mixed_low_vol_r01_s20260753","200","40","0.2","NSGAII","1.0492047042223867","0.07883074169378101","0.0","0.07498153802788543","0.03613364715805335","1.37684029","0.0","0.014166666666666668","0.13830016272037943","0.008802085892041647","16.966666666666665","1.0"
"Synthetic","train","syn_n200_k20_pathological_cov_mixed_low_vol_r01_s20260753","200","40","0.2","SPEA2","1.1290836575532164","0.046673528983880996","0.25472222222222224","0.05038140324388132","0.02728932706356518","3.4370442466666664","0.14555555555555558","0.40722222222222215","0.1309116195835405","0.0047674598468122106","27.3","1.0"
"Synthetic","train","syn_n200_k20_pathological_cov_mixed_low_vol_r01_s20260753","200","40","0.2","MOEAD","0.9599691583001776","0.14636795987255993","0.0","0.04593387058043425","0.028426383223647367","25.183942289999997","0.0","0.0","0.029666885364008456","0.003808999254898763","6.2","1.0"
"Synthetic","train","syn_n200_k20_pathological_cov_mixed_low_vol_r01_s20260753","200","40","0.2","GDE3","0.7891412002824482","0.32077746204611507","0.0","0.13297595812735036","0.06422589024117689","1.8355608266666665","0.0","0.0","0.5275439234166471","0.011700324396331048","29.733333333333334","1.0"
"Synthetic","train","syn_n200_k20_pathological_cov_mixed_low_vol_r01_s20260753","200","40","0.2","A_MPMO","0.9293004031004041","0.1568718077668568","0.0","0.1112616294642052","0.06457782607891986","2.044499946666667","0.0","0.0","0.228425914681175","0.01187258750372041","16.0","1.0"
"Synthetic","train","syn_n200_k20_pathological_cov_mixed_low_vol_r01_s20260753","200","40","0.2","ECMADE_MOO","1.1432754028996839","0.0624266740861404","0.16999999999999998","0.10990687136765512","0.09129535295644917","1.8371819999999999","0.06666666666666667","0.2786111111111111","0.40582519686553936","0.010072871193277773","38.53333333333333","1.0"
"Synthetic","validation","syn_n200_k20_high_corr_normal_low_vol_r03_s20260754","200","40","0.2","NSGAII","0.8011027740066005","0.15513636421698557","0.0038888888888888888","0.12090070707702988","0.0464757970063179","1.3893061499999997","0.0","0.04777777777777777","0.3671820402586075","0.004543911110686421","54.4","1.0"
"Synthetic","validation","syn_n200_k20_high_corr_normal_low_vol_r03_s20260754","200","40","0.2","SPEA2","0.8782149557365152","0.1196393756559915","0.36916666666666664","0.13349572181816097","0.055078669422445346","3.4808934200000006","0.16972222222222225","0.5433333333333332","0.4662442036076241","0.003121097180890163","94.8","1.0"
"Synthetic","validation","syn_n200_k20_high_corr_normal_low_vol_r03_s20260754","200","40","0.2","MOEAD","0.577005259312569","0.3735895577067029","0.0","0.0759699791028761","0.06993029742013009","23.84039653666667","0.0","0.0","0.11030630884505549","0.006344301860851348","16.3","1.0"
"Synthetic","validation","syn_n200_k20_high_corr_normal_low_vol_r03_s20260754","200","40","0.2","GDE3","0.5748604271113604","0.2881570702277648","0.0","0.10459260800735719","0.042104373967257816","1.838493553333333","0.0","0.0","0.5525753196332038","0.009094575539501387","40.166666666666664","1.0"
"Synthetic","validation","syn_n200_k20_high_corr_normal_low_vol_r03_s20260754","200","40","0.2","A_MPMO","0.6737738108011084","0.2203616900655997","0.0","0.12903737389068437","0.0544537118392784","2.017577913333333","0.0","0.0","0.307206917953137","0.0058680990781899275","34.96666666666667","1.0"
"Synthetic","validation","syn_n200_k20_high_corr_normal_low_vol_r03_s20260754","200","40","0.2","ECMADE_MOO","0.9302739024985596","0.07170085186605672","0.03111111111111111","0.1726909164985794","0.10032136952992964","2.015867236666667","0.008611111111111113","0.11472222222222221","1.1489291198280058","0.009937555580981416","70.26666666666667","1.0"
"Synthetic","validation","syn_n200_k20_pathological_cov_normal_extreme_events_r02_s20260755","200","40","0.2","NSGAII","0.9427959856792147","0.16165337798245988","0.09777777777777777","0.06786403139404214","0.04277358923282992","1.36784173","0.010833333333333335","0.2138888888888889","0.3267768549712939","0.00522069695957015","62.06666666666667","1.0"
"Synthetic","validation","syn_n200_k20_pathological_cov_normal_extreme_events_r02_s20260755","200","40","0.2","SPEA2","1.0100980677667306","0.09337371266563488","0.5025000000000001","0.06624803487485141","0.06863614408224868","3.5026194333333334","0.23472222222222222","0.6241666666666668","0.556893917350956","0.003559814949784532","92.83333333333333","1.0"
"Synthetic","validation","syn_n200_k20_pathological_cov_normal_extreme_events_r02_s20260755","200","40","0.2","MOEAD","0.7974855954400012","0.18603662130366022","0.0","0.04189818845729272","0.0390952293382501","17.54811053666667","0.0","0.0","0.2281200827229061","0.0032201500839998194","37.96666666666667","1.0"
"Synthetic","validation","syn_n200_k20_pathological_cov_normal_extreme_events_r02_s20260755","200","40","0.2","GDE3","0.8251356028507956","0.17401617931841964","0.0","0.08159317107341896","0.0783075686700931","1.86479274","0.0","0.0","0.5722709258670785","0.009414991581189198","47.9","1.0"
"Synthetic","validation","syn_n200_k20_pathological_cov_normal_extreme_events_r02_s20260755","200","40","0.2","A_MPMO","0.8680499046792287","0.19908697695581906","0.0036111111111111114","0.09024693174530121","0.060723226967961945","2.0731838566666667","0.0","0.008055555555555555","0.30574665224695313","0.006422731881190429","43.833333333333336","1.0"
"Synthetic","validation","syn_n200_k20_pathological_cov_normal_extreme_events_r02_s20260755","200","40","0.2","ECMADE_MOO","0.9846327404344387","0.08227166630403526","0.07416666666666667","0.1264797602128287","0.12303245882252462","1.9050146266666668","0.03083333333333333","0.18638888888888888","0.9111920782054962","0.009895137520980722","62.96666666666667","1.0"
"Synthetic","validation","syn_n200_k20_low_corr_heavy_tail_high_vol_r03_s20260756","200","40","0.2","NSGAII","0.8096507892946421","0.11597932334161175","0.3658333333333333","0.07937843793302875","0.019779407463167965","1.34271794","0.27694444444444444","0.4097222222222223","0.36699194913796945","0.004443191722340953","76.46666666666667","1.0"
"Synthetic","validation","syn_n200_k20_low_corr_heavy_tail_high_vol_r03_s20260756","200","40","0.2","SPEA2","0.8783772243214061","0.08327108205086596","0.46527777777777773","0.10904570963325576","0.024199865240843003","3.4765565666666665","0.4002777777777778","0.5138888888888888","0.42288883611572753","0.0033308699928001916","97.93333333333334","1.0"
"Synthetic","validation","syn_n200_k20_low_corr_heavy_tail_high_vol_r03_s20260756","200","40","0.2","MOEAD","0.9909439820489131","0.12426798347152748","0.2883333333333333","0.05120496510906133","0.016665165266806146","17.517560176666667","0.1633333333333333","0.35333333333333333","0.1660941339079306","0.0014881790317259067","57.13333333333333","1.0"
"Synthetic","validation","syn_n200_k20_low_corr_heavy_tail_high_vol_r03_s20260756","200","40","0.2","GDE3","0.8263751436855233","0.1060490502341023","0.27166666666666667","0.08136966522984133","0.026339871526462996","1.84573696","0.07277777777777777","0.4066666666666666","0.4958378154931484","0.005591165189388061","65.86666666666666","1.0"
"Synthetic","validation","syn_n200_k20_low_corr_heavy_tail_high_vol_r03_s20260756","200","40","0.2","A_MPMO","0.7556605032788494","0.14540379412378127","0.2955555555555556","0.10475743657006266","0.031716382021424086","2.1356849399999995","0.15444444444444444","0.35333333333333344","0.3709882006288948","0.0027521859386988932","82.7","1.0"
"Synthetic","validation","syn_n200_k20_low_corr_heavy_tail_high_vol_r03_s20260756","200","40","0.2","ECMADE_MOO","0.8233727389635915","0.11771208921492213","0.21333333333333337","0.20701071837184826","0.0453217575723013","1.9540400700000002","0.09249999999999999","0.31777777777777777","0.4942555245749504","0.005765607465783749","67.86666666666666","1.0"
"Synthetic","test","syn_n200_k20_low_corr_normal_low_vol_r01_s20260757","200","40","0.2","NSGAII","0.6824684449192052","0.16002755824262133","0.40277777777777773","0.1321596152312547","0.027113504377444288","1.2742185966666668","0.30166666666666664","0.46694444444444444","0.37691067177819415","0.0030536948238528067","87.8","1.0"
"Synthetic","test","syn_n200_k20_low_corr_normal_low_vol_r01_s20260757","200","40","0.2","SPEA2","0.7510098558159267","0.12802942933231423","0.5125","0.10590403870967734","0.024288437853253166","3.5237776666666667","0.4327777777777777","0.5502777777777778","0.4469629864437387","0.0024776551712979112","99.93333333333334","1.0"
"Synthetic","test","syn_n200_k20_low_corr_normal_low_vol_r01_s20260757","200","40","0.2","MOEAD","0.9131958912746271","0.24232028444753392","0.11333333333333334","0.058792054700817165","0.04220079434050133","17.43060191","0.046666666666666655","0.2075","0.21363386608984095","0.0027687495097302338","46.766666666666666","1.0"
"Synthetic","test","syn_n200_k20_low_corr_normal_low_vol_r01_s20260757","200","40","0.2","GDE3","0.7097316262727075","0.1450935177712779","0.3158333333333333","0.11005043696724909","0.027168043605919123","1.8481660799999997","0.10416666666666667","0.47861111111111115","0.47064862161224214","0.004249399290857618","73.26666666666667","1.0"
"Synthetic","test","syn_n200_k20_low_corr_normal_low_vol_r01_s20260757","200","40","0.2","A_MPMO","0.6203715985644092","0.19181411899378784","0.31166666666666665","0.14368618713149858","0.029310560288036056","2.0862548800000003","0.17944444444444443","0.3819444444444445","0.3456776015743186","0.0026626282836782118","87.36666666666666","1.0"
"Synthetic","test","syn_n200_k20_low_corr_normal_low_vol_r01_s20260757","200","40","0.2","ECMADE_MOO","0.7615479816944076","0.13083522016672583","0.2211111111111111","0.35330442561408987","0.07607784427920031","2.1414590866666665","0.11666666666666667","0.3347222222222223","0.5767997303075654","0.006119580776683674","79.9","1.0"
"Synthetic","test","syn_n200_k20_high_corr_heavy_tail_extreme_events_r01_s20260758","200","40","0.2","NSGAII","0.9104493977047241","0.1997175572533711","0.0008333333333333334","0.08057525771934451","0.04217937720243289","1.3392307533333334","0.0","0.04861111111111112","0.21254335062180787","0.008249278592081207","26.166666666666668","1.0"
"Synthetic","test","syn_n200_k20_high_corr_heavy_tail_extreme_events_r01_s20260758","200","40","0.2","SPEA2","0.9913865558476297","0.16120221879429686","0.28805555555555556","0.07330473428021751","0.04118905555945408","3.426716136666667","0.1597222222222222","0.40055555555555566","0.267846530005413","0.0037912271772031327","60.5","1.0"
"Synthetic","test","syn_n200_k20_high_corr_heavy_tail_extreme_events_r01_s20260758","200","40","0.2","MOEAD","0.8213115918465346","0.22642913051559077","0.0","0.04721445486303772","0.031438702405022216","17.131713199999997","0.0","0.0","0.11888231405512517","0.004392666367536136","20.933333333333334","1.0"
"Synthetic","test","syn_n200_k20_high_corr_heavy_tail_extreme_events_r01_s20260758","200","40","0.2","GDE3","0.741549802160905","0.2666085421294513","0.0","0.10013519524578872","0.07490964805615537","1.8410519133333334","0.0","0.0","0.5720131350721013","0.012496102874043362","35.1","1.0"
"Synthetic","test","syn_n200_k20_high_corr_heavy_tail_extreme_events_r01_s20260758","200","40","0.2","A_MPMO","0.8259079820185662","0.24396948753966916","0.0","0.1062051495819217","0.048038066571356904","2.3568817566666667","0.0","0.0022222222222222222","0.19048758545933459","0.005975620181112582","22.0","1.0"
"Synthetic","test","syn_n200_k20_high_corr_heavy_tail_extreme_events_r01_s20260758","200","40","0.2","ECMADE_MOO","1.0157170000628801","0.08821376230175955","0.07361111111111111","0.13545178485226864","0.15971591835908563","1.8660592433333334","0.02722222222222222","0.24666666666666662","0.7915041941480865","0.013365741048860973","44.166666666666664","1.0"
"Synthetic","train","syn_n200_k30_pathological_cov_mixed_low_vol_r01_s20260759","200","60","0.3","NSGAII","0.958696331868045","0.20311232795454426","0.0","0.05955654025175279","0.043208733710450455","1.3215318833333332","0.0","0.02222222222222222","0.27848575131956654","0.0072954648189795124","34.1","1.0"
"Synthetic","train","syn_n200_k30_pathological_cov_mixed_low_vol_r01_s20260759","200","60","0.3","SPEA2","1.0272034519961315","0.16744252011904406","0.22638888888888883","0.05466836450815765","0.036635856294063754","3.4589828700000003","0.11083333333333333","0.3961111111111111","0.36154983454307404","0.005661588437068535","61.8","1.0"
"Synthetic","train","syn_n200_k30_pathological_cov_mixed_low_vol_r01_s20260759","200","60","0.3","MOEAD","0.8967013458184927","0.20287680382547874","0.0","0.031168361767202057","0.029379002637203062","16.647659639999997","0.0","0.001388888888888889","0.22419829483095166","0.004120761398831263","33.06666666666667","1.0"
"Synthetic","train","syn_n200_k30_pathological_cov_mixed_low_vol_r01_s20260759","200","60","0.3","GDE3","0.8497255772955804","0.24269630007601714","0.0","0.04946127568091932","0.03792088400688243","1.9069227199999998","0.0","0.0","0.46185296280314847","0.007860538684508582","41.766666666666666","1.0"
"Synthetic","train","syn_n200_k30_pathological_cov_mixed_low_vol_r01_s20260759","200","60","0.3","A_MPMO","0.9027113287508597","0.22948032087010123","0.0","0.05825851566223992","0.042698008454860555","3.91257111","0.0","0.0","0.30908015408264405","0.007392250672473012","36.3","1.0"
"Synthetic","train","syn_n200_k30_pathological_cov_mixed_low_vol_r01_s20260759","200","60","0.3","ECMADE_MOO","0.962277719675489","0.19005209610061394","0.03305555555555555","0.18245934610788056","0.13864808169144943","1.9368538266666666","0.018055555555555554","0.06444444444444444","0.6514210005044989","0.010596854417862837","48.333333333333336","1.0"
"Synthetic","train","syn_n200_k30_high_corr_mixed_high_vol_r02_s20260760","200","60","0.3","NSGAII","0.809467957289877","0.12467712578373602","0.013333333333333334","0.11236478654089302","0.038018410181218786","1.2988426600000003","0.0016666666666666668","0.05472222222222223","0.3578313761759115","0.005328837873857625","50.86666666666667","1.0"
"Synthetic","train","syn_n200_k30_high_corr_mixed_high_vol_r02_s20260760","200","60","0.3","SPEA2","0.9385416472646695","0.06366296041344743","0.3113888888888889","0.13800780762157033","0.03863584759473033","3.483050306666667","0.1263888888888889","0.5308333333333334","0.4728145675712618","0.0039792654576352665","92.13333333333334","1.0"
"Synthetic","train","syn_n200_k30_high_corr_mixed_high_vol_r02_s20260760","200","60","0.3","MOEAD","0.7970813642481919","0.1425185888635214","0.0","0.08925090962621385","0.03325035578628384","16.537928863333335","0.0","0.0","0.24360619399259942","0.0028513154274677917","48.233333333333334","1.0"
"Synthetic","train","syn_n200_k30_high_corr_mixed_high_vol_r02_s20260760","200","60","0.3","GDE3","0.7102119319240303","0.20249992222891824","0.0","0.10344281559901443","0.042944043638816","1.8874506966666664","0.0","0.0","0.5336739167195337","0.0073375380347735645","48.7","1.0"
"Synthetic","train","syn_n200_k30_high_corr_mixed_high_vol_r02_s20260760","200","60","0.3","A_MPMO","0.7462875716377415","0.1592605613286711","0.0","0.11774725704602619","0.040194269365769836","3.8200498199999995","0.0","0.0","0.37617107277976275","0.005695464380290629","49.56666666666667","1.0"
"Synthetic","train","syn_n200_k30_high_corr_mixed_high_vol_r02_s20260760","200","60","0.3","ECMADE_MOO","0.9615416353225125","0.08997263267216729","0.028888888888888888","0.2333682708361303","0.09818141227760928","1.9389486866666665","0.014166666666666668","0.075","0.8347486268610417","0.008920976121528281","59.8","1.0"
"Synthetic","train","syn_n200_k30_high_corr_heavy_tail_extreme_events_r01_s20260761","200","60","0.3","NSGAII","0.7663311424152873","0.11149078113420072","0.012222222222222223","0.1211247741603125","0.049323542360551025","1.28544582","0.0002777777777777778","0.25333333333333335","0.5223532587198104","0.0030703650521242197","93.23333333333333","1.0"
"Synthetic","train","syn_n200_k30_high_corr_heavy_tail_extreme_events_r01_s20260761","200","60","0.3","SPEA2","0.8646564424884363","0.049401333476158986","0.6172222222222222","0.09290443372254344","0.07349203261033241","3.8525574266666665","0.2924999999999999","0.7727777777777779","0.7561386498836172","0.0024979343119644034","100.0","1.0"
"Synthetic","train","syn_n200_k30_high_corr_heavy_tail_extreme_events_r01_s20260761","200","60","0.3","MOEAD","0.6710325338101373","0.15225555006756578","0.0","0.06282811170743935","0.027588385116051793","19.513088633333332","0.0","0.0","0.36349006115776894","0.0030815121835176262","62.53333333333333","1.0"
"Synthetic","train","syn_n200_k30_high_corr_heavy_tail_extreme_events_r01_s20260761","200","60","0.3","GDE3","0.6657667335801901","0.16662716878105316","0.0","0.0988821393435773","0.034659579482195994","1.9010324933333334","0.0","0.0","0.5570855605315046","0.004453135484822979","82.1","1.0"
"Synthetic","train","syn_n200_k30_high_corr_heavy_tail_extreme_events_r01_s20260761","200","60","0.3","A_MPMO","0.6658996860820922","0.1763376022516595","0.0","0.1026872056878562","0.04123667723635597","3.819724416666667","0.0","0.0","0.4132295160628278","0.0036234138219024873","71.33333333333333","1.0"
"Synthetic","train","syn_n200_k30_high_corr_heavy_tail_extreme_events_r01_s20260761","200","60","0.3","ECMADE_MOO","0.8510190971219368","0.0575385885367266","0.04833333333333334","0.13922295134257318","0.09215894939250348","2.0180269166666664","0.008611111111111113","0.245","1.0157179873742608","0.0056684225114527614","88.0","1.0"
"Synthetic","train","syn_n200_k30_low_corr_normal_low_vol_r01_s20260762","200","60","0.3","NSGAII","0.8044496606109148","0.1723967936951043","0.3347222222222222","0.07157266368214152","0.02210795351509497","1.3812091233333335","0.10083333333333332","0.43888888888888883","0.3862896214110361","0.005213774559004429","65.53333333333333","1.0"
"Synthetic","train","syn_n200_k30_low_corr_normal_low_vol_r01_s20260762","200","60","0.3","SPEA2","0.869562291249533","0.14357434436422895","0.47972222222222227","0.0910363964762313","0.023221917328252847","3.4494538700000006","0.3961111111111112","0.5177777777777778","0.4179001126383751","0.002806557548293709","95.4","1.0"
"Synthetic","train","syn_n200_k30_low_corr_normal_low_vol_r01_s20260762","200","60","0.3","MOEAD","0.9102279073793418","0.2812181595229513","0.07194444444444444","0.05010565747131796","0.04739150777584984","22.036449096666665","0.024722222222222222","0.16","0.24125567374419796","0.003717498198987596","38.63333333333333","1.0"
"Synthetic","train","syn_n200_k30_low_corr_normal_low_vol_r01_s20260762","200","60","0.3","GDE3","0.766338911942249","0.1873083829177679","0.025555555555555557","0.07863288877288231","0.026465673089971924","1.8724548399999998","0.0","0.2102777777777778","0.4926765877269991","0.00837122352687905","45.266666666666666","1.0"
"Synthetic","train","syn_n200_k30_low_corr_normal_low_vol_r01_s20260762","200","60","0.3","A_MPMO","0.7518082637682278","0.19992612297627074","0.1361111111111111","0.09142497565293276","0.02908933260925385","3.4885320200000005","0.018611111111111113","0.3088888888888889","0.3616039774329637","0.003542165842205102","74.76666666666667","1.0"
"Synthetic","train","syn_n200_k30_low_corr_normal_low_vol_r01_s20260762","200","60","0.3","ECMADE_MOO","0.7520714229670488","0.2012412628036234","0.14333333333333334","0.12628724524069493","0.0419716573068913","1.951212506666667","0.04277777777777778","0.2822222222222222","0.4205295383352592","0.006103546638005346","56.766666666666666","1.0"
"Synthetic","train","syn_n200_k30_cluster_corr_heavy_tail_low_vol_r02_s20260763","200","60","0.3","NSGAII","0.7224570552056178","0.12463080170825597","0.35305555555555557","0.1235325378984013","0.034662104554030244","1.48104526","0.11583333333333332","0.5002777777777777","0.4182256074126725","0.0028921265627887293","90.43333333333334","1.0"
"Synthetic","train","syn_n200_k30_cluster_corr_heavy_tail_low_vol_r02_s20260763","200","60","0.3","SPEA2","0.7991481092792658","0.09209640341081911","0.5461111111111111","0.16677386942620326","0.038333547443679686","3.596236183333333","0.4188888888888889","0.6263888888888888","0.500585335161048","0.002250027097740283","99.23333333333333","1.0"
"Synthetic","train","syn_n200_k30_cluster_corr_heavy_tail_low_vol_r02_s20260763","200","60","0.3","MOEAD","0.8344761398451084","0.22442825842694006","0.060277777777777784","0.07356877449521038","0.03923958105596332","21.98886367333333","0.02666666666666667","0.12472222222222222","0.31741288551696367","0.0035798835614057594","49.5","1.0"
"Synthetic","train","syn_n200_k30_cluster_corr_heavy_tail_low_vol_r02_s20260763","200","60","0.3","GDE3","0.6998395092873931","0.13207461616380725","0.0225","0.10286077394806663","0.02831918695715487","1.8994345166666666","0.0002777777777777778","0.17833333333333334","0.5029636530861883","0.0036492333874424267","82.23333333333333","1.0"
"Synthetic","train","syn_n200_k30_cluster_corr_heavy_tail_low_vol_r02_s20260763","200","60","0.3","A_MPMO","0.6525460943762939","0.15799681472658708","0.09277777777777778","0.1365540684049248","0.031656002032626224","3.9451293833333336","0.0030555555555555553","0.3216666666666666","0.36051136113788473","0.0028303646716713988","82.83333333333333","1.0"
"Synthetic","train","syn_n200_k30_cluster_corr_heavy_tail_low_vol_r02_s20260763","200","60","0.3","ECMADE_MOO","0.8436814523235737","0.08533711638542323","0.026666666666666672","0.23854567293057816","0.10562247479043538","2.1172665999999998","0.006944444444444445","0.1113888888888889","0.8516441446964627","0.007869552821632913","91.33333333333333","1.0"
"Synthetic","train","syn_n200_k30_pathological_cov_skewed_high_vol_r03_s20260764","200","60","0.3","NSGAII","0.9571408165023471","0.15531983242795455","0.0","0.06156139566494116","0.03561971731874732","1.4687847933333333","0.0","0.0030555555555555553","0.2347674145423128","0.009386490302575528","23.8","1.0"
"Synthetic","train","syn_n200_k30_pathological_cov_skewed_high_vol_r03_s20260764","200","60","0.3","SPEA2","1.0385006878388332","0.1253391353192291","0.16055555555555553","0.04410534774058412","0.024502442244476893","3.45543968","0.060833333333333336","0.3647222222222222","0.23012377679303994","0.004654380284779611","44.13333333333333","1.0"
"Synthetic","train","syn_n200_k30_pathological_cov_skewed_high_vol_r03_s20260764","200","60","0.3","MOEAD","0.9131433787154604","0.18384244156999233","0.0","0.039861752475163714","0.02785428931764329","26.44171317","0.0","0.0","0.08824401455098975","0.0033835218238347188","18.833333333333332","1.0"
"Synthetic","train","syn_n200_k30_pathological_cov_skewed_high_vol_r03_s20260764","200","60","0.3","GDE3","0.7823433471330274","0.26430517422141153","0.0","0.07579041643071589","0.04938444182943232","1.87822603","0.0","0.0","0.48590117305830655","0.011212122807862539","31.033333333333335","1.0"
"Synthetic","train","syn_n200_k30_pathological_cov_skewed_high_vol_r03_s20260764","200","60","0.3","A_MPMO","0.8726004092886616","0.2004033224668588","0.0","0.09119599612140761","0.056707546594117524","3.8063785133333328","0.0","0.0","0.30591368769797395","0.010504424843769384","23.633333333333333","1.0"
"Synthetic","train","syn_n200_k30_pathological_cov_skewed_high_vol_r03_s20260764","200","60","0.3","ECMADE_MOO","0.9694473969683457","0.1548045827008481","0.035","0.22992282248919765","0.1487403963741113","1.8586461933333331","0.026944444444444444","0.058055555555555555","0.7329976252980974","0.016450825575806457","34.63333333333333","1.0"
"Synthetic","train","syn_n200_k30_cluster_corr_skewed_high_vol_r01_s20260765","200","60","0.3","NSGAII","0.7519946595143155","0.10165862883761254","0.43416666666666676","0.12726228331084666","0.02942060372974832","1.4427886099999998","0.18750000000000003","0.5183333333333333","0.407828572762233","0.002500336000547513","92.16666666666667","1.0"
"Synthetic","train","syn_n200_k30_cluster_corr_skewed_high_vol_r01_s20260765","200","60","0.3","SPEA2","0.8191030663323254","0.07204922715193472","0.5780555555555555","0.12408752308237704","0.024679395270296032","3.5962151566666662","0.4619444444444444","0.6269444444444444","0.4823628179759012","0.0019956459278480227","100.0","1.0"
"Synthetic","train","syn_n200_k30_cluster_corr_skewed_high_vol_r01_s20260765","200","60","0.3","MOEAD","0.9314299249668722","0.18595384955350916","0.08944444444444445","0.06846503190551675","0.02865984614587447","23.616980906666665","0.04416666666666666","0.17805555555555558","0.19883514684505313","0.0026247935465952272","46.2","1.0"
"Synthetic","train","syn_n200_k30_cluster_corr_skewed_high_vol_r01_s20260765","200","60","0.3","GDE3","0.7404958406385962","0.11088825972139388","0.01277777777777778","0.1281625855098417","0.030243991763272398","1.9001435033333332","0.0002777777777777778","0.17777777777777784","0.5311431982717492","0.003999309721731212","78.16666666666667","1.0"
"Synthetic","train","syn_n200_k30_cluster_corr_skewed_high_vol_r01_s20260765","200","60","0.3","A_MPMO","0.6936836769268729","0.13205082812995014","0.1413888888888889","0.12914651588412498","0.028892285380919543","3.785982093333333","0.0033333333333333335","0.34444444444444444","0.3923456520560606","0.0031723689606625973","81.66666666666667","1.0"
"Synthetic","train","syn_n200_k30_cluster_corr_skewed_high_vol_r01_s20260765","200","60","0.3","ECMADE_MOO","0.9443615485836382","0.06311577820871064","0.025833333333333337","0.21493449632728667","0.07019262868976393","2.02643292","0.0030555555555555553","0.18138888888888885","0.9063550018388706","0.009286145158142434","86.66666666666667","1.0"
"Synthetic","validation","syn_n200_k30_low_corr_heavy_tail_high_vol_r03_s20260766","200","60","0.3","NSGAII","0.7610133138746039","0.11456453763649048","0.47500000000000003","0.08375872974052019","0.019818325416619677","1.4041492233333333","0.37305555555555553","0.5230555555555556","0.36104947803579457","0.003950993945052485","72.96666666666667","1.0"
"Synthetic","validation","syn_n200_k30_low_corr_heavy_tail_high_vol_r03_s20260766","200","60","0.3","SPEA2","0.8262686749332213","0.08854334260985522","0.5677777777777778","0.12207424906655534","0.021351703214260793","3.4852621633333327","0.5263888888888889","0.5872222222222221","0.4063422066915942","0.0027243673902259897","99.03333333333333","1.0"
"Synthetic","validation","syn_n200_k30_low_corr_heavy_tail_high_vol_r03_s20260766","200","60","0.3","MOEAD","1.0076817347408054","0.1919666984366596","0.17499999999999993","0.05010928955042391","0.01891332540052328","23.806349356666665","0.0711111111111111","0.23500000000000001","0.15791152471189993","0.0015816150064452473","52.766666666666666","1.0"
"Synthetic","validation","syn_n200_k30_low_corr_heavy_tail_high_vol_r03_s20260766","200","60","0.3","GDE3","0.750089312568295","0.12016078887031298","0.33583333333333326","0.10259379023987618","0.026363353319649584","1.8720464166666664","0.07166666666666667","0.48833333333333334","0.4822401673142406","0.006467311901338024","54.13333333333333","1.0"
"Synthetic","validation","syn_n200_k30_low_corr_heavy_tail_high_vol_r03_s20260766","200","60","0.3","A_MPMO","0.7076620156662177","0.13902071192069018","0.3755555555555556","0.10086448853273336","0.025836412953386123","4.24037014","0.2175","0.4547222222222223","0.3686854380835029","0.002972605503843504","79.0","1.0"
"Synthetic","validation","syn_n200_k30_low_corr_heavy_tail_high_vol_r03_s20260766","200","60","0.3","ECMADE_MOO","0.7146681698080972","0.13939663771805383","0.3655555555555556","0.12272566225125317","0.02680597683686059","1.9014841066666663","0.21222222222222217","0.43138888888888893","0.3967411161718736","0.005023740627435938","61.3","1.0"
"Synthetic","validation","syn_n200_k30_pathological_cov_normal_extreme_events_r02_s20260767","200","60","0.3","NSGAII","0.7464608661262282","0.35677811219744565","0.0","0.16706941331266276","0.07498679909571768","1.4305927099999998","0.0","0.0","0.0864179609897325","0.00871603915202627","6.6","1.0"
"Synthetic","validation","syn_n200_k30_pathological_cov_normal_extreme_events_r02_s20260767","200","60","0.3","SPEA2","1.0098299058427906","0.14582242217777172","0.0","0.13746801717157334","0.059741613958361243","3.48640887","0.0","0.0","0.04632109827965513","0.006862728034779648","4.166666666666667","1.0"
"Synthetic","validation","syn_n200_k30_pathological_cov_normal_extreme_events_r02_s20260767","200","60","0.3","MOEAD","0.7078150280992461","0.38093261814923035","0.0","0.05913270102560395","0.0542997545569709","27.572286573333336","0.0","0.0","0.015799718516429015","0.0022284166685093017","3.033333333333333","1.0"
"Synthetic","validation","syn_n200_k30_pathological_cov_normal_extreme_events_r02_s20260767","200","60","0.3","GDE3","0.2629138430368799","0.9044706186077136","0.0","0.10686637213648335","0.0461307361688051","1.8608816133333332","0.0","0.0","0.33634475897834587","0.01740875973540831","11.766666666666667","1.0"
"Synthetic","validation","syn_n200_k30_pathological_cov_normal_extreme_events_r02_s20260767","200","60","0.3","A_MPMO","0.5837295157046364","0.5086236267715016","0.0","0.176986576706274","0.08852976799039668","3.6969246466666665","0.0","0.0","0.10831465965070629","0.007557530094733378","8.6","1.0"
"Synthetic","validation","syn_n200_k30_pathological_cov_normal_extreme_events_r02_s20260767","200","60","0.3","ECMADE_MOO","1.0569385828482376","0.12082541367376587","0.03333333333333333","0.22794733700075315","0.14070503263322579","1.8877787266666668","0.03333333333333333","0.03333333333333333","0.12741146048236698","0.0034636701580584195","10.433333333333334","1.0"
"Synthetic","validation","syn_n200_k30_cluster_corr_mixed_extreme_events_r03_s20260768","200","60","0.3","NSGAII","0.737160126931776","0.14063781991459595","0.15055555555555555","0.10895458153272872","0.030612655976810167","1.657760303333333","0.023611111111111107","0.3955555555555555","0.31660405021522997","0.002395560610094113","81.83333333333333","1.0"
"Synthetic","validation","syn_n200_k30_cluster_corr_mixed_extreme_events_r03_s20260768","200","60","0.3","SPEA2","0.8339472963995682","0.09026458597547331","0.5716666666666668","0.09982585337143483","0.024939257811580653","3.59976724","0.3502777777777777","0.6258333333333332","0.4250735998655359","0.0017593069375441352","100.0","1.0"
"Synthetic","validation","syn_n200_k30_cluster_corr_mixed_extreme_events_r03_s20260768","200","60","0.3","MOEAD","0.8326899993960192","0.15374331195029015","0.08333333333333333","0.059628560247010104","0.028662574285315788","26.909275543333333","0.022222222222222223","0.20444444444444446","0.21920573228690943","0.0028074770650480733","47.2","1.0"
"Synthetic","validation","syn_n200_k30_cluster_corr_mixed_extreme_events_r03_s20260768","200","60","0.3","GDE3","0.7045234650298909","0.1575881578756463","0.0","0.10864727593895411","0.0310451424235575","1.8849230033333333","0.0","0.006666666666666666","0.4245499081470853","0.003861894266151994","65.93333333333334","1.0"
"Synthetic","validation","syn_n200_k30_cluster_corr_mixed_extreme_events_r03_s20260768","200","60","0.3","A_MPMO","0.696864333185607","0.16094776794852272","0.0008333333333333334","0.1097368248136125","0.03411184398208199","3.5961172566666666","0.0","0.14750000000000002","0.30343658864767903","0.002959596734935467","70.36666666666666","1.0"
"Synthetic","validation","syn_n200_k30_cluster_corr_mixed_extreme_events_r03_s20260768","200","60","0.3","ECMADE_MOO","0.8735234124754016","0.08438459481832977","0.006388888888888888","0.18505205121086304","0.1005278250096506","2.626844953333333","0.0033333333333333335","0.03777777777777778","0.836517381957722","0.009057156511776085","75.76666666666667","1.0"
"Synthetic","test","syn_n200_k30_high_corr_normal_low_vol_r03_s20260769","200","60","0.3","NSGAII","0.8398311811785232","0.1378243629596493","0.0008333333333333334","0.06242130959070032","0.030739927508653998","1.50041839","0.0","0.041111111111111105","0.2704577004772673","0.0040632225073305986","48.233333333333334","1.0"
"Synthetic","test","syn_n200_k30_high_corr_normal_low_vol_r03_s20260769","200","60","0.3","SPEA2","0.9192086064094837","0.09585348411490487","0.2874999999999999","0.11396973892173863","0.0471530675582516","3.4580076799999997","0.12694444444444444","0.5088888888888888","0.3934010802488566","0.0034667696434545836","88.13333333333334","1.0"
"Synthetic","test","syn_n200_k30_high_corr_normal_low_vol_r03_s20260769","200","60","0.3","MOEAD","0.7571419686006464","0.21327404970602729","0.0","0.04318492026502084","0.034690196190584915","23.96970075","0.0","0.0005555555555555556","0.23781350622657138","0.003685680687276525","38.3","1.0"
"Synthetic","test","syn_n200_k30_high_corr_normal_low_vol_r03_s20260769","200","60","0.3","GDE3","0.7501725176480961","0.18676055874311226","0.0","0.08769867776701917","0.03651469998064206","1.8835815633333333","0.0","0.0","0.4628549527415949","0.005854720317721188","49.53333333333333","1.0"
"Synthetic","test","syn_n200_k30_high_corr_normal_low_vol_r03_s20260769","200","60","0.3","A_MPMO","0.7888011728852364","0.1628669860684758","0.0","0.08050246249453236","0.042405884832411526","3.5807030133333333","0.0","0.0","0.2976501064125664","0.004567770925663384","43.86666666666667","1.0"
"Synthetic","test","syn_n200_k30_high_corr_normal_low_vol_r03_s20260769","200","60","0.3","ECMADE_MOO","0.9080810503682258","0.10841533674860517","0.008055555555555555","0.1824090746032682","0.13946074113672355","2.649644756666667","0.0044444444444444444","0.04416666666666667","0.8731065642320005","0.010301676123904308","60.9","1.0"
"Synthetic","test","syn_n200_k30_low_corr_skewed_extreme_events_r02_s20260770","200","60","0.3","NSGAII","0.6710976016417852","0.15051228525306312","0.4216666666666667","0.15581614268767777","0.03495190356332077","1.4933632133333332","0.2461111111111111","0.49361111111111106","0.33464102792196315","0.0024438336821569514","86.5","1.0"
"Synthetic","test","syn_n200_k30_low_corr_skewed_extreme_events_r02_s20260770","200","60","0.3","SPEA2","0.7473237667611146","0.11722288183606651","0.551111111111111","0.11242720048683787","0.028317735577403098","3.6026013066666667","0.4913888888888888","0.5833333333333335","0.40892254490660096","0.0016534544169992315","99.83333333333333","1.0"
"Synthetic","test","syn_n200_k30_low_corr_skewed_extreme_events_r02_s20260770","200","60","0.3","MOEAD","0.8880230849380502","0.2502237849655032","0.05944444444444444","0.06963094074640223","0.031535741403210873","30.434647250000005","0.028333333333333335","0.13083333333333333","0.18609814862669544","0.0024753565475901513","43.43333333333333","1.0"
"Synthetic","test","syn_n200_k30_low_corr_skewed_extreme_events_r02_s20260770","200","60","0.3","GDE3","0.6463716489062037","0.16185831556715652","0.01583333333333333","0.10422283382056627","0.025362914118880923","1.8796237033333336","0.0","0.20055555555555557","0.441813123238645","0.004251340871388748","60.96666666666667","1.0"
"Synthetic","test","syn_n200_k30_low_corr_skewed_extreme_events_r02_s20260770","200","60","0.3","A_MPMO","0.6138848251967647","0.17874793564356725","0.20444444444444446","0.13450477028158833","0.030482674728746436","2.21899507","0.028333333333333335","0.3741666666666666","0.3078283099285024","0.0025632670517421997","70.2","1.0"
"Synthetic","test","syn_n200_k30_low_corr_skewed_extreme_events_r02_s20260770","200","60","0.3","ECMADE_MOO","0.9034502838952679","0.08031929274300915","0.041111111111111105","0.2248212796343727","0.09327170641167465","2.3775106133333335","0.0022222222222222222","0.20166666666666672","0.9695329152926268","0.009479934769184767","83.9","1.0"
"Synthetic","train","syn_n500_k05_low_corr_skewed_extreme_events_r02_s20260771","500","25","0.05","NSGAII","0.7884209990581603","0.11999096521865987","0.42111111111111116","0.16353869025050108","0.04647220231178854","2.3470235","0.22972222222222224","0.5147222222222222","0.3617286649374922","0.0037298446056894907","79.23333333333333","1.0"
"Synthetic","train","syn_n500_k05_low_corr_skewed_extreme_events_r02_s20260771","500","25","0.05","SPEA2","0.8614275332010277","0.09239704466955896","0.5872222222222222","0.11879965036896788","0.03373890397167707","4.873583963333334","0.4611111111111111","0.6424999999999998","0.41614649829959194","0.001996169372422093","98.9","1.0"
"Synthetic","train","syn_n500_k05_low_corr_skewed_extreme_events_r02_s20260771","500","25","0.05","MOEAD","0.8797314639640066","0.20494819161280092","0.006666666666666667","0.0837753683257395","0.030788578895932974","68.85878893333332","0.0016666666666666668","0.05638888888888889","0.08292598321498694","0.0015929725310735627","34.3","1.0"
"Synthetic","train","syn_n500_k05_low_corr_skewed_extreme_events_r02_s20260771","500","25","0.05","GDE3","0.7783842805956294","0.12519690511048","0.025277777777777777","0.14040551698351778","0.05349881994558251","3.064073173333333","0.0","0.31666666666666665","0.495897986635055","0.005831928342860626","57.86666666666667","1.0"
"Synthetic","train","syn_n500_k05_low_corr_skewed_extreme_events_r02_s20260771","500","25","0.05","A_MPMO","0.6998994774203136","0.16027836882397484","0.17722222222222223","0.09920826415578755","0.031176095279778736","3.1207393933333334","0.021388888888888888","0.3261111111111111","0.28876780724872064","0.0031535872337431258","68.6","1.0"
"Synthetic","train","syn_n500_k05_low_corr_skewed_extreme_events_r02_s20260771","500","25","0.05","ECMADE_MOO","0.9008123273995887","0.09138702293696038","0.050833333333333335","0.2659843088302132","0.09923873889279097","3.2817552433333335","0.009444444444444445","0.21111111111111114","0.7671035139766691","0.00786563247499795","85.2","1.0"
"Synthetic","train","syn_n500_k05_pathological_cov_skewed_high_vol_r03_s20260772","500","25","0.05","NSGAII","1.0502545191280055","0.062059563125584034","0.11194444444444444","0.10517946885359665","0.042662224369750125","2.2380634733333333","0.05027777777777778","0.31666666666666665","0.18248855831107927","0.0035755556408004346","47.43333333333333","1.0"
"Synthetic","train","syn_n500_k05_pathological_cov_skewed_high_vol_r03_s20260772","500","25","0.05","SPEA2","1.0988732541761514","0.03908741075285524","0.4516666666666667","0.07845716257111171","0.03163379549729176","4.796360973333334","0.2455555555555556","0.6341666666666665","0.24736566827652515","0.0021879869940124494","83.7","1.0"
"Synthetic","train","syn_n500_k05_pathological_cov_skewed_high_vol_r03_s20260772","500","25","0.05","MOEAD","0.871227836572461","0.16929540243276328","0.0","0.07235100563881783","0.03151909137639314","27.16026704","0.0","0.0","0.042459924281516875","0.006828201702887574","7.266666666666667","1.0"
"Synthetic","train","syn_n500_k05_pathological_cov_skewed_high_vol_r03_s20260772","500","25","0.05","GDE3","0.8373611183381477","0.22275327589716473","0.0","0.14798782299280547","0.07734269414140972","3.0209205333333333","0.0","0.0","0.46233536231922956","0.01265737555131991","27.6","1.0"
"Synthetic","train","syn_n500_k05_pathological_cov_skewed_high_vol_r03_s20260772","500","25","0.05","A_MPMO","0.9279961661538318","0.12862075450645322","0.0","0.13281855436453474","0.05598894299217617","3.4595789100000003","0.0","0.0","0.15991905109144017","0.006639103349182537","23.033333333333335","1.0"
"Synthetic","train","syn_n500_k05_pathological_cov_skewed_high_vol_r03_s20260772","500","25","0.05","ECMADE_MOO","1.1213202302268708","0.05147390143629522","0.07555555555555556","0.07296314868803196","0.0663417084071263","3.0821983200000007","0.01583333333333333","0.24444444444444444","0.5227275012727308","0.006472908244653614","61.333333333333336","1.0"
"Synthetic","train","syn_n500_k05_high_corr_mixed_high_vol_r02_s20260773","500","25","0.05","NSGAII","0.9144725024068195","0.0639863734996677","0.2477777777777778","0.12711551364447116","0.052562243655382104","2.190151466666667","0.12027777777777776","0.46722222222222226","0.5587087819236657","0.0034863390953393416","94.63333333333334","1.0"
"Synthetic","train","syn_n500_k05_high_corr_mixed_high_vol_r02_s20260773","500","25","0.05","SPEA2","0.9845763437715456","0.03380228139677991","0.4963888888888889","0.08956418073113342","0.057116192161244334","5.068854883333334","0.2980555555555556","0.6855555555555556","0.7728364669216815","0.0031841166940140596","100.0","1.0"
"Synthetic","train","syn_n500_k05_high_corr_mixed_high_vol_r02_s20260773","500","25","0.05","MOEAD","0.7653011925892371","0.16000186369075903","0.0","0.09478328658046369","0.04184459221352599","25.133335929999994","0.0","0.0","0.2604689383353255","0.0034101306030256033","48.266666666666666","1.0"
"Synthetic","train","syn_n500_k05_high_corr_mixed_high_vol_r02_s20260773","500","25","0.05","GDE3","0.7987389042341813","0.1275911931421613","0.0","0.13833932191528503","0.06012431274104146","3.055935043333334","0.0","0.003333333333333333","0.6499841011838047","0.0048761411343146615","83.8","1.0"
"Synthetic","train","syn_n500_k05_high_corr_mixed_high_vol_r02_s20260773","500","25","0.05","A_MPMO","0.8322630559763129","0.10722295388057819","0.04111111111111111","0.16790528542388716","0.06390130012003269","3.443885353333334","0.010833333333333334","0.0975","0.4884901595507319","0.00326546594460315","88.4","1.0"
"Synthetic","train","syn_n500_k05_high_corr_mixed_high_vol_r02_s20260773","500","25","0.05","ECMADE_MOO","0.9432556552437515","0.07745687479909222","0.0061111111111111106","0.13026325957801224","0.09518980847975318","3.29924691","0.0005555555555555556","0.051388888888888894","1.0209817048477337","0.007298913013848895","83.26666666666667","1.0"
"Synthetic","train","syn_n500_k05_low_corr_heavy_tail_high_vol_r03_s20260774","500","25","0.05","NSGAII","0.7828129185344112","0.11581340942171856","0.40722222222222226","0.11548740653707906","0.028215382955657214","2.2032475000000007","0.25277777777777777","0.49833333333333324","0.4100415825581205","0.0037085952171109003","80.06666666666666","1.0"
"Synthetic","train","syn_n500_k05_low_corr_heavy_tail_high_vol_r03_s20260774","500","25","0.05","SPEA2","0.861915067897556","0.08634979465602315","0.5469444444444443","0.15200279748574874","0.03297417640967066","4.80494131","0.36444444444444446","0.6283333333333334","0.4746958009828613","0.0030353103304015393","96.63333333333334","1.0"
"Synthetic","train","syn_n500_k05_low_corr_heavy_tail_high_vol_r03_s20260774","500","25","0.05","MOEAD","0.901032462063766","0.176627582684996","0.11611111111111111","0.06412198473167244","0.020011969916113516","26.204717886666668","0.04833333333333334","0.21444444444444447","0.10809636059467609","0.0015994833874869697","39.666666666666664","1.0"
"Synthetic","train","syn_n500_k05_low_corr_heavy_tail_high_vol_r03_s20260774","500","25","0.05","GDE3","0.7789410393594641","0.11713953056724874","0.20111111111111107","0.11718582950347488","0.02732677865537769","3.076541236666667","0.014722222222222222","0.3897222222222222","0.5019689891864922","0.005516378967936891","64.8","1.0"
"Synthetic","train","syn_n500_k05_low_corr_heavy_tail_high_vol_r03_s20260774","500","25","0.05","A_MPMO","0.6859639726356713","0.16282284288460028","0.2722222222222222","0.12747646545702904","0.034539991952229045","4.33510533","0.1111111111111111","0.35527777777777775","0.3482799056720128","0.0036039461200502504","77.0","1.0"
"Synthetic","train","syn_n500_k05_low_corr_heavy_tail_high_vol_r03_s20260774","500","25","0.05","ECMADE_MOO","0.8251248672894287","0.11176764707791757","0.15805555555555556","0.31119072272295717","0.08946073373665099","2.7318032766666667","0.042222222222222223","0.28638888888888886","0.6403183982555755","0.006743557107686394","76.63333333333334","1.0"
"Synthetic","train","syn_n500_k05_high_corr_normal_low_vol_r03_s20260775","500","25","0.05","NSGAII","0.8819706812031242","0.12608162205799628","0.36611111111111116","0.12231636274638982","0.03845255590468036","4.246932693333333","0.16555555555555557","0.47861111111111115","0.28979743152137455","0.002674280474404404","80.76666666666667","1.0"
"Synthetic","train","syn_n500_k05_high_corr_normal_low_vol_r03_s20260775","500","25","0.05","SPEA2","0.9448978041152977","0.10133953872986765","0.5588888888888889","0.10670976415974578","0.03544227948281595","4.939458459999999","0.4052777777777778","0.6086111111111111","0.3865782035611139","0.0027231505360569316","96.33333333333333","1.0"
"Synthetic","train","syn_n500_k05_high_corr_normal_low_vol_r03_s20260775","500","25","0.05","MOEAD","0.750470473205683","0.22884395607322833","0.0","0.07984540520219637","0.05036844243685171","30.853690200000003","0.0","0.0","0.12352922979813367","0.004527740835740927","22.133333333333333","1.0"
"Synthetic","train","syn_n500_k05_high_corr_normal_low_vol_r03_s20260775","500","25","0.05","GDE3","0.7183832229308122","0.2119231364870057","0.0","0.1475872973007997","0.0674248658757557","3.011114396666667","0.0","0.0002777777777777778","0.4184411715140224","0.008209252969774426","37.63333333333333","1.0"
"Synthetic","train","syn_n500_k05_high_corr_normal_low_vol_r03_s20260775","500","25","0.05","A_MPMO","0.7595289448374566","0.18249675739154242","0.0125","0.1545431801700661","0.05295231636942701","5.809776256666667","0.0","0.11972222222222223","0.2227857814144704","0.0050863524506084175","36.766666666666666","1.0"
"Synthetic","train","syn_n500_k05_high_corr_normal_low_vol_r03_s20260775","500","25","0.05","ECMADE_MOO","0.9522079955532489","0.10091312821266364","0.06722222222222222","0.2335718327349518","0.12899605473151624","2.7372766933333335","0.011666666666666665","0.32527777777777783","0.7038635327921839","0.007145547748207176","72.9","1.0"
"Synthetic","train","syn_n500_k05_high_corr_heavy_tail_extreme_events_r01_s20260776","500","25","0.05","NSGAII","0.8342301112983374","0.1488664042943137","0.1425","0.1309859131416587","0.05912195082371312","7.3268677566666645","0.06722222222222224","0.2902777777777778","0.35469271567171756","0.003261345778425851","80.13333333333334","1.0"
"Synthetic","train","syn_n500_k05_high_corr_heavy_tail_extreme_events_r01_s20260776","500","25","0.05","SPEA2","0.9221918536858879","0.0815378333243922","0.3597222222222223","0.1497388193607026","0.1034717658210927","5.0238981833333325","0.2025","0.5480555555555555","0.604017447455129","0.0028039213965088796","98.03333333333333","1.0"
"Synthetic","train","syn_n500_k05_high_corr_heavy_tail_extreme_events_r01_s20260776","500","25","0.05","MOEAD","0.6876538039993215","0.21864352433655163","0.0","0.07701017613437433","0.034674329459684385","22.80832491333334","0.0","0.0","0.21115534814712703","0.0029559961189926575","42.46666666666667","1.0"
"Synthetic","train","syn_n500_k05_high_corr_heavy_tail_extreme_events_r01_s20260776","500","25","0.05","GDE3","0.7116680231521655","0.21615766574446546","0.0","0.16348838056701487","0.07131848283277793","3.0371965400000005","0.0","0.0","0.5301984457133281","0.008003026082752543","63.5","1.0"
"Synthetic","train","syn_n500_k05_high_corr_heavy_tail_extreme_events_r01_s20260776","500","25","0.05","A_MPMO","0.6944151640390321","0.23941618651339855","0.0002777777777777778","0.1405613229623352","0.049088281477447177","7.002593003333334","0.0","0.007499999999999999","0.2596468057990188","0.003925652910012339","50.1","1.0"
"Synthetic","train","syn_n500_k05_high_corr_heavy_tail_extreme_events_r01_s20260776","500","25","0.05","ECMADE_MOO","0.9045695270435987","0.08753963778524285","0.06777777777777777","0.18686735846783828","0.13337975250392017","2.8029630766666664","0.021944444444444444","0.1608333333333333","0.8721937032798796","0.006704427726323247","79.4","1.0"
"Synthetic","train","syn_n500_k05_cluster_corr_skewed_high_vol_r01_s20260777","500","25","0.05","NSGAII","0.7646614997022195","0.09497971853346548","0.5272222222222223","0.1532768556314636","0.037462840153611655","6.18109255","0.2588888888888889","0.6180555555555555","0.40083798814268234","0.002665866752241484","95.03333333333333","1.0"
"Synthetic","train","syn_n500_k05_cluster_corr_skewed_high_vol_r01_s20260777","500","25","0.05","SPEA2","0.8369389036330646","0.07190001253796688","0.6811111111111111","0.21669563121618635","0.041262321210678715","4.9660328966666665","0.5044444444444445","0.7222222222222221","0.4663448809878291","0.0017774438637173271","99.93333333333334","1.0"
"Synthetic","train","syn_n500_k05_cluster_corr_skewed_high_vol_r01_s20260777","500","25","0.05","MOEAD","0.8235181692858072","0.18073577318120956","0.009444444444444445","0.08484464152251174","0.031760841237293475","20.127783006666668","0.0005555555555555556","0.05055555555555556","0.11717739146198494","0.0023274071423138505","39.233333333333334","1.0"
"Synthetic","train","syn_n500_k05_cluster_corr_skewed_high_vol_r01_s20260777","500","25","0.05","GDE3","0.7861700046425276","0.09182408744866284","0.08888888888888889","0.19708938988191488","0.03963889733682532","3.0778505366666664","0.0","0.43861111111111106","0.5193034595246292","0.004394864091227988","81.13333333333334","1.0"
"Synthetic","train","syn_n500_k05_cluster_corr_skewed_high_vol_r01_s20260777","500","25","0.05","A_MPMO","0.6795438995833829","0.1305122958902847","0.2338888888888889","0.14001175754370063","0.03314366602716175","6.9297999033333335","0.02027777777777778","0.45722222222222214","0.3420223558152298","0.0029451666910777466","87.33333333333333","1.0"
"Synthetic","train","syn_n500_k05_cluster_corr_skewed_high_vol_r01_s20260777","500","25","0.05","ECMADE_MOO","0.9132013732097056","0.06772855030118076","0.047499999999999994","0.24699471318929284","0.08642419328684234","2.8157807","0.004166666666666667","0.2625","0.836586053177955","0.0070245039445288","92.5","1.0"
"Synthetic","validation","syn_n500_k05_cluster_corr_heavy_tail_low_vol_r02_s20260778","500","25","0.05","NSGAII","0.7583601414909752","0.09552070381429317","0.47","0.15380439460697456","0.04743904018238722","6.132813763333332","0.1580555555555555","0.648888888888889","0.5163759526269256","0.002623927822584791","99.6","1.0"
"Synthetic","validation","syn_n500_k05_cluster_corr_heavy_tail_low_vol_r02_s20260778","500","25","0.05","SPEA2","0.8003391274346764","0.0778643949638985","0.6372222222222222","0.18846984097117989","0.052509545241955925","5.0830310800000005","0.4122222222222221","0.7180555555555557","0.5787605609377054","0.0023785186773680684","100.0","1.0"
"Synthetic","validation","syn_n500_k05_cluster_corr_heavy_tail_low_vol_r02_s20260778","500","25","0.05","MOEAD","0.7410668962159828","0.2262869907929273","0.0013888888888888887","0.07838955696683245","0.04013870680584935","20.145661750000002","0.0","0.035833333333333335","0.21836827643230303","0.003803829614076176","37.43333333333333","1.0"
"Synthetic","validation","syn_n500_k05_cluster_corr_heavy_tail_low_vol_r02_s20260778","500","25","0.05","GDE3","0.7372638059507121","0.10481764711154515","0.061388888888888896","0.2140762129289255","0.07485791373054512","3.088525583333334","0.0013888888888888887","0.3638888888888889","0.586281408985998","0.0038084790034020087","94.93333333333334","1.0"
"Synthetic","validation","syn_n500_k05_cluster_corr_heavy_tail_low_vol_r02_s20260778","500","25","0.05","A_MPMO","0.652612867347456","0.14724612241196347","0.19027777777777782","0.1911835861209654","0.04966279811088426","7.495440999999999","0.03388888888888889","0.4208333333333333","0.4078855990403541","0.0021334397708404314","96.16666666666667","1.0"
"Synthetic","validation","syn_n500_k05_cluster_corr_heavy_tail_low_vol_r02_s20260778","500","25","0.05","ECMADE_MOO","0.8249568405429633","0.07900608532121946","0.041944444444444444","0.28941733879101245","0.1297580014078007","3.1994733400000004","0.002777777777777778","0.18861111111111117","0.8828807684555781","0.006011103680951273","98.86666666666666","1.0"
"Synthetic","validation","syn_n500_k05_cluster_corr_mixed_extreme_events_r03_s20260779","500","25","0.05","NSGAII","0.922911389984827","0.07204084015344613","0.42750000000000005","0.12195440827201258","0.03349301217456749","6.2574028366666665","0.16305555555555556","0.580277777777778","0.4499190073216512","0.002984168664612798","93.3","1.0"
"Synthetic","validation","syn_n500_k05_cluster_corr_mixed_extreme_events_r03_s20260779","500","25","0.05","SPEA2","0.9989102289403049","0.05100327447712072","0.5980555555555556","0.11637239639014794","0.030441691704605003","4.899578726666666","0.3525000000000001","0.6744444444444444","0.5275537982633624","0.0026448030538382627","99.93333333333334","1.0"
"Synthetic","validation","syn_n500_k05_cluster_corr_mixed_extreme_events_r03_s20260779","500","25","0.05","MOEAD","0.988588898944461","0.2556324693935426","0.010277777777777778","0.06512893132679039","0.022488218473563228","20.11931765666667","0.0036111111111111114","0.047222222222222214","0.07992727296624527","0.0015701892060897588","35.86666666666667","1.0"
"Synthetic","validation","syn_n500_k05_cluster_corr_mixed_extreme_events_r03_s20260779","500","25","0.05","GDE3","0.8934907015924624","0.07643848224320962","0.056666666666666664","0.12162339480357393","0.044963178232655145","3.065096003333333","0.007777777777777777","0.33000000000000007","0.6008742108935168","0.0053093498134996","64.1","1.0"
"Synthetic","validation","syn_n500_k05_cluster_corr_mixed_extreme_events_r03_s20260779","500","25","0.05","A_MPMO","0.8364013705518906","0.10142841151215201","0.14333333333333334","0.1380414971190608","0.04706228723380649","6.359928780000001","0.004722222222222222","0.4011111111111111","0.4047653079398411","0.0029070104626385176","80.36666666666666","1.0"
"Synthetic","validation","syn_n500_k05_cluster_corr_mixed_extreme_events_r03_s20260779","500","25","0.05","ECMADE_MOO","1.016206996107332","0.05800027323330081","0.03333333333333333","0.18568326650432596","0.06359809147054267","2.854120650000001","0.005277777777777778","0.19555555555555548","0.8706784471368929","0.007781411728188731","88.73333333333333","1.0"
"Synthetic","validation","syn_n500_k05_pathological_cov_normal_extreme_events_r02_s20260780","500","25","0.05","NSGAII","0.9758219622376297","0.23010659508388706","0.07416666666666667","0.1336919666767499","0.07705008584699947","5.925331683333335","0.050555555555555555","0.13444444444444445","0.17358341285201984","0.0037488549293541143","32.4","1.0"
"Synthetic","validation","syn_n500_k05_pathological_cov_normal_extreme_events_r02_s20260780","500","25","0.05","SPEA2","1.0330415553528","0.18211996481812298","0.31666666666666665","0.08626715543517254","0.07805608151133685","4.825985366666668","0.21083333333333334","0.37916666666666665","0.2345618500365557","0.0032756491155048625","65.2","1.0"
"Synthetic","validation","syn_n500_k05_pathological_cov_normal_extreme_events_r02_s20260780","500","25","0.05","MOEAD","0.7277436995790598","0.2855540728860789","0.0","0.09607525382982712","0.04925329577737323","20.100850533333336","0.0","0.0","0.08769349793346709","0.0040890284777053846","15.833333333333334","1.0"
"Synthetic","validation","syn_n500_k05_pathological_cov_normal_extreme_events_r02_s20260780","500","25","0.05","GDE3","0.7319905629910911","0.3188983204940363","0.0","0.09152106907294005","0.08051238132310537","3.0612356099999998","0.0","0.0","0.4607363374816417","0.010656209769282507","31.533333333333335","1.0"
"Synthetic","validation","syn_n500_k05_pathological_cov_normal_extreme_events_r02_s20260780","500","25","0.05","A_MPMO","0.8091039292122615","0.30302827367544444","0.0","0.17649705651911926","0.09248964983674719","6.462801626666667","0.0","0.0","0.19727989193439247","0.007152264763536704","23.233333333333334","1.0"
"Synthetic","validation","syn_n500_k05_pathological_cov_normal_extreme_events_r02_s20260780","500","25","0.05","ECMADE_MOO","0.9789054858886712","0.1987208307897025","0.045","0.1656006986269539","0.20434348649361414","2.621910676666667","0.02777777777777778","0.0961111111111111","0.5497825676331873","0.009149504854585612","46.93333333333333","1.0"
"Synthetic","test","syn_n500_k05_pathological_cov_mixed_low_vol_r01_s20260781","500","25","0.05","NSGAII","0.9797747268855165","0.18131146504596038","0.07416666666666667","0.05198042276014403","0.021964366134891767","4.690915026666667","0.016666666666666666","0.24722222222222223","0.15946881869128807","0.002238755099621748","64.16666666666667","1.0"
"Synthetic","test","syn_n500_k05_pathological_cov_mixed_low_vol_r01_s20260781","500","25","0.05","SPEA2","1.0262921192682586","0.14642008071843235","0.3219444444444444","0.09461521860182824","0.04937992566679816","4.900119006666667","0.1611111111111111","0.48888888888888893","0.2524142951485729","0.0011797893946406978","94.8","1.0"
"Synthetic","test","syn_n500_k05_pathological_cov_mixed_low_vol_r01_s20260781","500","25","0.05","MOEAD","0.8643791709433163","0.1941356291242161","0.0","0.032163742143212076","0.02970965940401753","20.30326799666667","0.0","0.0","0.09316431926903818","0.002612684787930975","22.666666666666668","1.0"
"Synthetic","test","syn_n500_k05_pathological_cov_mixed_low_vol_r01_s20260781","500","25","0.05","GDE3","0.888475777587434","0.21295126202803585","0.0","0.0751777297571043","0.054578479374895544","3.040677783333332","0.0","0.0","0.34311003431146453","0.006927733463771074","35.9","1.0"
"Synthetic","test","syn_n500_k05_pathological_cov_mixed_low_vol_r01_s20260781","500","25","0.05","A_MPMO","0.9049201132135779","0.21986084002621292","0.0","0.05749801165632504","0.03790483546025128","5.651441426666666","0.0","0.0175","0.161980758737466","0.006314675931716551","32.4","1.0"
"Synthetic","test","syn_n500_k05_pathological_cov_mixed_low_vol_r01_s20260781","500","25","0.05","ECMADE_MOO","1.030905657124232","0.12370650197622896","0.09833333333333334","0.11032270240436706","0.09904134221789954","2.709179356666667","0.049166666666666664","0.2605555555555556","0.49846489679458467","0.00668581653578436","71.3","1.0"
"Synthetic","test","syn_n500_k05_low_corr_normal_low_vol_r01_s20260782","500","25","0.05","NSGAII","0.8580204750922371","0.140677828620428","0.3355555555555556","0.16192422706772014","0.042024915579569416","3.4860926833333328","0.17777777777777776","0.4005555555555556","0.474758030533663","0.004135967021762094","81.3","1.0"
"Synthetic","test","syn_n500_k05_low_corr_normal_low_vol_r01_s20260782","500","25","0.05","SPEA2","0.9061486754701249","0.1141737649116865","0.4072222222222222","0.1673223811083916","0.04118134699863918","4.826713503333333","0.27138888888888885","0.4516666666666666","0.5109353324904212","0.0034338308165569346","96.76666666666667","1.0"
"Synthetic","test","syn_n500_k05_low_corr_normal_low_vol_r01_s20260782","500","25","0.05","MOEAD","0.9699694383957455","0.19820566954902732","0.0575","0.0667288115007819","0.042154212564544574","20.126703583333335","0.027777777777777776","0.12555555555555556","0.08822835186370856","0.001897280670113851","30.7","1.0"
"Synthetic","test","syn_n500_k05_low_corr_normal_low_vol_r01_s20260782","500","25","0.05","GDE3","0.8685474745971147","0.1301464500709836","0.09805555555555556","0.10912227649529121","0.038181679055892016","3.0786200266666675","0.0027777777777777775","0.3086111111111111","0.5889687318221324","0.006766977787691876","62.43333333333333","1.0"
"Synthetic","test","syn_n500_k05_low_corr_normal_low_vol_r01_s20260782","500","25","0.05","A_MPMO","0.7661436208275115","0.1922517402792479","0.18638888888888885","0.15896466328471395","0.04413726475078564","5.496851923333332","0.060277777777777784","0.2797222222222222","0.4208925112247399","0.00370038161623691","82.33333333333333","1.0"
"Synthetic","test","syn_n500_k05_low_corr_normal_low_vol_r01_s20260782","500","25","0.05","ECMADE_MOO","0.9046434952056527","0.11859369036947104","0.06999999999999999","0.1991510366834751","0.04922964724485664","2.83382218","0.008888888888888889","0.1922222222222222","0.7011887128497126","0.009520352360640002","69.43333333333334","1.0"
"Synthetic","train","syn_n500_k10_cluster_corr_heavy_tail_low_vol_r02_s20260783","500","50","0.1","NSGAII","0.811082420590773","0.11735781896162835","0.20083333333333334","0.15871579527548685","0.03226262071144002","3.6168423666666665","0.020555555555555556","0.3788888888888888","0.3714291031313633","0.004731919044757491","58.833333333333336","1.0"
"Synthetic","train","syn_n500_k10_cluster_corr_heavy_tail_low_vol_r02_s20260783","500","50","0.1","SPEA2","0.9102357984887384","0.06921788925802698","0.4474999999999999","0.1117828789204988","0.031587170316643244","4.82168747","0.2641666666666667","0.5638888888888889","0.44149289697338767","0.0029651472914316345","91.7","1.0"
"Synthetic","train","syn_n500_k10_cluster_corr_heavy_tail_low_vol_r02_s20260783","500","50","0.1","MOEAD","0.9830398513349388","0.17787074523589688","0.03861111111111111","0.08983386250371038","0.030875782945497938","20.29897978","0.018055555555555554","0.0975","0.11387791655141831","0.002279480212213614","33.233333333333334","1.0"
"Synthetic","train","syn_n500_k10_cluster_corr_heavy_tail_low_vol_r02_s20260783","500","50","0.1","GDE3","0.7791600530966487","0.13870408650604552","0.0036111111111111114","0.1318170646560689","0.03593649120799447","3.102390066666667","0.0","0.10555555555555556","0.5080892384039258","0.006377206210522558","54.86666666666667","1.0"
"Synthetic","train","syn_n500_k10_cluster_corr_heavy_tail_low_vol_r02_s20260783","500","50","0.1","A_MPMO","0.7468813470727832","0.154283920428524","0.0575","0.14118873479780714","0.039404454202754145","5.217972329999999","0.0008333333333333334","0.2122222222222222","0.3729054729190428","0.004130646263039351","56.06666666666667","1.0"
"Synthetic","train","syn_n500_k10_cluster_corr_heavy_tail_low_vol_r02_s20260783","500","50","0.1","ECMADE_MOO","0.9444905706126138","0.09894685772218155","0.006666666666666667","0.20862086901289556","0.06560351048309412","2.6658075733333324","0.0002777777777777778","0.07694444444444445","0.8579287353825422","0.011375727292412022","67.56666666666666","1.0"
"Synthetic","train","syn_n500_k10_high_corr_normal_low_vol_r03_s20260784","500","50","0.1","NSGAII","0.6965482291340852","0.1312587951024467","0.02","0.1069366956024843","0.038709792180021886","3.6115312433333333","0.008333333333333333","0.08666666666666667","0.41120324751073284","0.004000196060310321","78.2","1.0"
"Synthetic","train","syn_n500_k10_high_corr_normal_low_vol_r03_s20260784","500","50","0.1","SPEA2","0.7891219376860782","0.08539647015084399","0.34166666666666673","0.12577939827115125","0.04740481339957999","4.955864336666666","0.14694444444444443","0.6025000000000001","0.5375483557623052","0.002552256433216676","99.86666666666666","1.0"
"Synthetic","train","syn_n500_k10_high_corr_normal_low_vol_r03_s20260784","500","50","0.1","MOEAD","0.5576976203269997","0.2674059277094875","0.0","0.11505841631389557","0.05738535992533477","20.317280059999998","0.0","0.0","0.22087723716210464","0.003680351946880901","34.7","1.0"
"Synthetic","train","syn_n500_k10_high_corr_normal_low_vol_r03_s20260784","500","50","0.1","GDE3","0.6330530543767405","0.1737065748943057","0.0","0.13442723006975563","0.05259195233490037","3.1220289766666665","0.0","0.0","0.5349014885885761","0.004288391557517787","72.9","1.0"
"Synthetic","train","syn_n500_k10_high_corr_normal_low_vol_r03_s20260784","500","50","0.1","A_MPMO","0.6222644260258172","0.17441309098083602","0.0","0.09438397426582058","0.03821999019400051","4.84247121","0.0","0.0030555555555555553","0.3667231965213749","0.003857171558450869","67.03333333333333","1.0"
"Synthetic","train","syn_n500_k10_high_corr_normal_low_vol_r03_s20260784","500","50","0.1","ECMADE_MOO","0.7831330122311722","0.10803311677664525","0.010833333333333335","0.24463114141054587","0.11693291720616532","2.897137723333333","0.005555555555555556","0.03194444444444445","0.9410966327689005","0.006525053816750954","84.23333333333333","1.0"
"Synthetic","train","syn_n500_k10_pathological_cov_normal_extreme_events_r02_s20260785","500","50","0.1","NSGAII","0.8322826528368434","0.25310138997091686","0.0","0.09851871429014204","0.049372820986581904","3.65158193","0.0","0.0","0.11854952565816713","0.007911927287426594","13.033333333333333","1.0"
"Synthetic","train","syn_n500_k10_pathological_cov_normal_extreme_events_r02_s20260785","500","50","0.1","SPEA2","0.9462524771551988","0.20841605347195422","0.0026217228464419473","0.08694896214092049","0.044567562008968706","4.578578996666666","0.0003745318352059925","0.003745318352059925","0.1268061320824473","0.00576356229533052","18.833333333333332","1.0"
"Synthetic","train","syn_n500_k10_pathological_cov_normal_extreme_events_r02_s20260785","500","50","0.1","MOEAD","0.6837431127244287","0.3563206040695815","0.0","0.06334587261399152","0.04484483048260204","20.219816423333334","0.0","0.0","0.01853075715429212","0.0025402622118062467","4.433333333333334","1.0"
"Synthetic","train","syn_n500_k10_pathological_cov_normal_extreme_events_r02_s20260785","500","50","0.1","GDE3","0.5058094063782363","0.4747073408159321","0.0","0.14261096302943568","0.06734412946444415","3.074963293333333","0.0","0.0","0.5226777112589365","0.014467115020627475","24.833333333333332","1.0"
"Synthetic","train","syn_n500_k10_pathological_cov_normal_extreme_events_r02_s20260785","500","50","0.1","A_MPMO","0.6860446280898274","0.3280036732902544","0.0","0.16717570407758314","0.07339812030186835","5.18963455","0.0","0.0","0.15066070528651265","0.01184628531276717","11.9","1.0"
"Synthetic","train","syn_n500_k10_pathological_cov_normal_extreme_events_r02_s20260785","500","50","0.1","ECMADE_MOO","0.9729493112007142","0.18773114925523768","0.07153558052434457","0.26641879383849426","0.1368074645861232","2.717306469999999","0.0558052434456929","0.10674157303370786","0.44280163720627547","0.01071980908387548","39.6","1.0"
"Synthetic","train","syn_n500_k10_high_corr_mixed_high_vol_r02_s20260786","500","50","0.1","NSGAII","0.6792136297375566","0.13562217125455153","0.08805555555555554","0.1417741283023785","0.06309715923945185","3.5174795333333337","0.01972222222222222","0.33083333333333337","0.6360619713192457","0.0033367165230618386","97.03333333333333","1.0"
"Synthetic","train","syn_n500_k10_high_corr_mixed_high_vol_r02_s20260786","500","50","0.1","SPEA2","0.7694098923613812","0.05906963934000099","0.573888888888889","0.09764650234643646","0.05868805755249188","6.340963773333332","0.2480555555555556","0.7174999999999999","0.8576886226453893","0.0026135207957161824","100.0","1.0"
"Synthetic","train","syn_n500_k10_high_corr_mixed_high_vol_r02_s20260786","500","50","0.1","MOEAD","0.5527527235932568","0.1889561641254658","0.0","0.09132417991948645","0.04359719146288767","20.366908043333332","0.0","0.0","0.4311075990702118","0.003968656358985945","57.6","1.0"
"Synthetic","train","syn_n500_k10_high_corr_mixed_high_vol_r02_s20260786","500","50","0.1","GDE3","0.5649100342906234","0.19987350649272997","0.0","0.07373943785036098","0.047745772483419914","3.1206446666666667","0.0","0.0","0.6218943135513965","0.003946609302020477","89.13333333333334","1.0"
"Synthetic","train","syn_n500_k10_high_corr_mixed_high_vol_r02_s20260786","500","50","0.1","A_MPMO","0.5867657358241793","0.1966520419698363","0.0","0.1163405096026","0.04492965462203921","5.312323593333333","0.0","0.020833333333333332","0.5444764983606324","0.0045428659666431025","89.46666666666667","1.0"
"Synthetic","train","syn_n500_k10_high_corr_mixed_high_vol_r02_s20260786","500","50","0.1","ECMADE_MOO","0.7342653908125093","0.07769592936187562","0.043611111111111114","0.1866209222525538","0.12426941082542223","3.65979589","0.010833333333333334","0.19083333333333333","1.083941825732345","0.005123198287516464","93.76666666666667","1.0"
"Synthetic","train","syn_n500_k10_high_corr_heavy_tail_extreme_events_r01_s20260787","500","50","0.1","NSGAII","0.7675809696239941","0.2660556344841203","0.0011111111111111111","0.0893116662918325","0.03608518457103815","3.4003305999999998","0.0","0.042499999999999996","0.14542997906853","0.0026784094307516987","38.36666666666667","1.0"
"Synthetic","train","syn_n500_k10_high_corr_heavy_tail_extreme_events_r01_s20260787","500","50","0.1","SPEA2","0.8460207262431897","0.2044052215921917","0.22416666666666663","0.1637681275677575","0.07493074883187002","6.468800693333334","0.11888888888888888","0.3722222222222223","0.2567398937952287","0.00198452957344247","75.53333333333333","1.0"
"Synthetic","train","syn_n500_k10_high_corr_heavy_tail_extreme_events_r01_s20260787","500","50","0.1","MOEAD","0.7330021126597395","0.2516254496246196","0.0","0.04934498434168233","0.022484094871980154","20.24285162","0.0","0.0","0.08594040155500401","0.0027877597117301886","24.833333333333332","1.0"
"Synthetic","train","syn_n500_k10_high_corr_heavy_tail_extreme_events_r01_s20260787","500","50","0.1","GDE3","0.656824599007953","0.3047563518933225","0.0","0.09698181729557302","0.03063695143305637","3.114680476666666","0.0","0.0","0.25102757935159575","0.006038723916357953","30.9","1.0"
"Synthetic","train","syn_n500_k10_high_corr_heavy_tail_extreme_events_r01_s20260787","500","50","0.1","A_MPMO","0.6916798422169678","0.3112601925385365","0.0","0.08954509750746645","0.036064366654982846","5.336914083333332","0.0","0.0","0.12936740811183992","0.0037542319141454965","26.366666666666667","1.0"
"Synthetic","train","syn_n500_k10_high_corr_heavy_tail_extreme_events_r01_s20260787","500","50","0.1","ECMADE_MOO","0.9108042379317299","0.11560822401791764","0.18916666666666668","0.21303755575583405","0.19180069521491416","3.3711519833333337","0.08361111111111111","0.3333333333333333","0.7196881737461502","0.004394296190513579","80.8","1.0"
"Synthetic","train","syn_n500_k10_cluster_corr_skewed_high_vol_r01_s20260788","500","50","0.1","NSGAII","0.8393123478409863","0.11550435510668114","0.17111111111111116","0.16792319281192633","0.04243196490670425","3.3743338366666658","0.029166666666666667","0.4097222222222222","0.44850921145543843","0.004238656802592758","72.06666666666666","1.0"
"Synthetic","train","syn_n500_k10_cluster_corr_skewed_high_vol_r01_s20260788","500","50","0.1","SPEA2","0.9440676886486361","0.07128295749173659","0.47527777777777774","0.14824183015294184","0.047716002236064176","6.1409367233333345","0.24111111111111116","0.5777777777777776","0.5416742134740108","0.003336149364563422","98.03333333333333","1.0"
"Synthetic","train","syn_n500_k10_cluster_corr_skewed_high_vol_r01_s20260788","500","50","0.1","MOEAD","0.9772978738645368","0.2331139332689015","0.03444444444444445","0.05921696445866236","0.030462297542799836","20.473159586666668","0.016666666666666666","0.09222222222222222","0.17279605579468918","0.0029465887144297927","36.43333333333333","1.0"
"Synthetic","train","syn_n500_k10_cluster_corr_skewed_high_vol_r01_s20260788","500","50","0.1","GDE3","0.8205766115024201","0.12377408863507243","0.017777777777777778","0.1343699387076825","0.040433042088652386","3.0951963066666663","0.0002777777777777778","0.1861111111111111","0.5661940727160514","0.005062514319956106","68.16666666666667","1.0"
"Synthetic","train","syn_n500_k10_cluster_corr_skewed_high_vol_r01_s20260788","500","50","0.1","A_MPMO","0.7696782982033352","0.14844635520664412","0.03277777777777778","0.13899686596689576","0.04218786447493862","5.163712780000001","0.0002777777777777778","0.2072222222222222","0.4228992542399153","0.0037111597008453686","73.73333333333333","1.0"
"Synthetic","train","syn_n500_k10_cluster_corr_skewed_high_vol_r01_s20260788","500","50","0.1","ECMADE_MOO","0.9322981936562409","0.10178407818117005","0.02333333333333333","0.2151214234566125","0.06190093559716378","3.1849999","0.002777777777777778","0.11972222222222224","0.8956079149489143","0.011926288077849121","79.0","1.0"
"Synthetic","train","syn_n500_k10_cluster_corr_mixed_extreme_events_r03_s20260789","500","50","0.1","NSGAII","0.5753400006152519","0.2238529852016244","0.24111111111111116","0.17326929901062316","0.04318063126791091","3.3832371033333333","0.022777777777777782","0.3972222222222222","0.3063968391937169","0.002385407534843581","86.0","1.0"
"Synthetic","train","syn_n500_k10_cluster_corr_mixed_extreme_events_r03_s20260789","500","50","0.1","SPEA2","0.6552489787010358","0.18301673087004583","0.47222222222222227","0.27161397237046414","0.056371368942100784","6.014603643333333","0.2700000000000001","0.5216666666666667","0.39708373900204397","0.0017154012266448323","99.93333333333334","1.0"
"Synthetic","train","syn_n500_k10_cluster_corr_mixed_extreme_events_r03_s20260789","500","50","0.1","MOEAD","0.6481540528466966","0.24619240649791377","0.0","0.08468432029424623","0.04397838661890626","20.217860569999996","0.0","0.009166666666666667","0.138960759187681","0.002577480866985174","38.3","1.0"
"Synthetic","train","syn_n500_k10_cluster_corr_mixed_extreme_events_r03_s20260789","500","50","0.1","GDE3","0.5683669179545401","0.2216981886367268","0.005555555555555555","0.15790417825076603","0.03687439850237946","3.100076936666667","0.0","0.14583333333333334","0.37846383630151414","0.0027682750200501015","76.46666666666667","1.0"
"Synthetic","train","syn_n500_k10_cluster_corr_mixed_extreme_events_r03_s20260789","500","50","0.1","A_MPMO","0.498482524135864","0.2667109672777455","0.043055555555555555","0.11673704903414338","0.028886001361210042","5.937725583333335","0.0","0.2333333333333333","0.2512130978998616","0.002268416970095212","70.23333333333333","1.0"
"Synthetic","train","syn_n500_k10_cluster_corr_mixed_extreme_events_r03_s20260789","500","50","0.1","ECMADE_MOO","0.8621855477239724","0.06590836570771498","0.034999999999999996","0.2578807452987698","0.11233060403055273","3.523065466666667","0.012222222222222223","0.16222222222222224","1.1187780038633959","0.007135614548576248","95.33333333333333","1.0"
"Synthetic","validation","syn_n500_k10_pathological_cov_skewed_high_vol_r03_s20260790","500","50","0.1","NSGAII","0.8469453418043458","0.1752820324917204","0.0","0.16653289416525754","0.07001503619529911","3.4424149433333335","0.0","0.0","0.14459980902342126","0.007954896309150028","15.566666666666666","1.0"
"Synthetic","validation","syn_n500_k10_pathological_cov_skewed_high_vol_r03_s20260790","500","50","0.1","SPEA2","0.9800395506975729","0.08934526774500248","0.0570281124497992","0.18340696975971477","0.05818684125764793","5.902024823333333","0.027309236947791162","0.0963855421686747","0.1648026801972682","0.00399904607770978","25.866666666666667","1.0"
"Synthetic","validation","syn_n500_k10_pathological_cov_skewed_high_vol_r03_s20260790","500","50","0.1","MOEAD","0.665238012953036","0.32629422229740496","0.0","0.08488495606921966","0.056798040418208365","20.206208073333336","0.0","0.0","0.04003717198703708","0.004870282001110937","6.533333333333333","1.0"
"Synthetic","validation","syn_n500_k10_pathological_cov_skewed_high_vol_r03_s20260790","500","50","0.1","GDE3","0.5397551224516917","0.4876410857432745","0.0","0.12058027242264198","0.06328489891642589","3.091894236666667","0.0","0.0","0.4183398611428296","0.014350685983620434","21.233333333333334","1.0"
"Synthetic","validation","syn_n500_k10_pathological_cov_skewed_high_vol_r03_s20260790","500","50","0.1","A_MPMO","0.7297359985665648","0.25841538452653445","0.0","0.1413052455676999","0.06784041665139781","5.7363046","0.0","0.0","0.12199385473840478","0.008562015991762982","10.866666666666667","1.0"
"Synthetic","validation","syn_n500_k10_pathological_cov_skewed_high_vol_r03_s20260790","500","50","0.1","ECMADE_MOO","0.9671328400202656","0.16278003017621887","0.08634538152610442","0.3361162644750005","0.1426824117032231","3.168995923333334","0.04257028112449799","0.1321285140562249","0.4665849811378263","0.006841213231635149","54.833333333333336","1.0"
"Synthetic","validation","syn_n500_k10_low_corr_skewed_extreme_events_r02_s20260791","500","50","0.1","NSGAII","0.7264416060945182","0.14697800814137366","0.3327777777777778","0.12615432209114455","0.028882353131035623","3.3944694233333332","0.04805555555555556","0.4313888888888888","0.27473296010212156","0.003196621476251574","55.53333333333333","1.0"
"Synthetic","validation","syn_n500_k10_low_corr_skewed_extreme_events_r02_s20260791","500","50","0.1","SPEA2","0.8056422686822758","0.11262636712882965","0.5036111111111111","0.10304931523208928","0.029858068012054373","5.7952837766666665","0.4005555555555555","0.5461111111111111","0.32390418393154546","0.002203332945209086","93.46666666666667","1.0"
"Synthetic","validation","syn_n500_k10_low_corr_skewed_extreme_events_r02_s20260791","500","50","0.1","MOEAD","0.8968729205279485","0.22264903456632337","0.041111111111111105","0.08933353202167328","0.027820809835592375","20.183339129999997","0.02333333333333333","0.09611111111111109","0.058365346063175526","0.0015668302900442156","25.233333333333334","1.0"
"Synthetic","validation","syn_n500_k10_low_corr_skewed_extreme_events_r02_s20260791","500","50","0.1","GDE3","0.6704479960958447","0.17745033954444128","0.0","0.08940369647304373","0.02687965886822784","3.046275139999999","0.0","0.11027777777777777","0.39408912238895266","0.008031025744153531","37.6","1.0"
"Synthetic","validation","syn_n500_k10_low_corr_skewed_extreme_events_r02_s20260791","500","50","0.1","A_MPMO","0.6704857628303807","0.17602032057789999","0.08694444444444445","0.09257735646023235","0.028430475803711098","5.9079105133333325","0.0","0.2972222222222223","0.2558822750777836","0.004075420183659756","48.0","1.0"
"Synthetic","validation","syn_n500_k10_low_corr_skewed_extreme_events_r02_s20260791","500","50","0.1","ECMADE_MOO","0.9207350348864785","0.09347384771124241","0.015555555555555557","0.23376834743413163","0.1033662252320424","3.2241727466666665","0.0036111111111111114","0.13722222222222222","0.8245839106953617","0.008930462371813573","75.66666666666667","1.0"
"Synthetic","validation","syn_n500_k10_low_corr_normal_low_vol_r01_s20260792","500","50","0.1","NSGAII","0.7440160066602858","0.19921615906377393","0.2358333333333333","0.11937803711011835","0.03110827458744103","3.38536639","0.08166666666666669","0.3194444444444444","0.36539618990031836","0.004735089799905179","59.266666666666666","1.0"
"Synthetic","validation","syn_n500_k10_low_corr_normal_low_vol_r01_s20260792","500","50","0.1","SPEA2","0.8422051165350487","0.14519983078260004","0.3680555555555555","0.10775751309103093","0.033091459513601255","5.810983786666667","0.22999999999999995","0.4555555555555556","0.4432276278733778","0.003773672273584418","92.13333333333334","1.0"
"Synthetic","validation","syn_n500_k10_low_corr_normal_low_vol_r01_s20260792","500","50","0.1","MOEAD","0.9103053497630071","0.2582285992978176","0.04305555555555555","0.07697385485419986","0.052056325344834196","20.199654886666668","0.022500000000000003","0.09027777777777778","0.1441520319741704","0.003152618907318085","31.766666666666666","1.0"
"Synthetic","validation","syn_n500_k10_low_corr_normal_low_vol_r01_s20260792","500","50","0.1","GDE3","0.755445206567591","0.18697125390846794","0.03722222222222223","0.13719276594751706","0.030584232752573094","3.09073495","0.0002777777777777778","0.16611111111111107","0.5081826979334819","0.006864173462800448","55.666666666666664","1.0"
"Synthetic","validation","syn_n500_k10_low_corr_normal_low_vol_r01_s20260792","500","50","0.1","A_MPMO","0.6775236186871908","0.24019755951859736","0.10083333333333334","0.15590970866483564","0.03317077700627784","6.101717776666666","0.01972222222222222","0.1988888888888889","0.34664107635304026","0.004186818068970286","65.73333333333333","1.0"
"Synthetic","validation","syn_n500_k10_low_corr_normal_low_vol_r01_s20260792","500","50","0.1","ECMADE_MOO","0.7523164551258276","0.19592291870413314","0.08472222222222223","0.20000408373008705","0.05134862595800234","3.2024255233333334","0.018888888888888893","0.1569444444444445","0.48929839095061495","0.006687954640878676","64.73333333333333","1.0"
"Synthetic","test","syn_n500_k10_low_corr_heavy_tail_high_vol_r03_s20260793","500","50","0.1","NSGAII","0.6943916123711323","0.13445289525978993","0.3233333333333333","0.14180772590011745","0.03046104797612569","3.3784339099999996","0.09416666666666666","0.4280555555555555","0.3558355231786688","0.004497769793202951","73.6","1.0"
"Synthetic","test","syn_n500_k10_low_corr_heavy_tail_high_vol_r03_s20260793","500","50","0.1","SPEA2","0.7703418271092407","0.09754084215895854","0.45805555555555555","0.1178666758891024","0.025727544137970727","5.765616356666667","0.3113888888888889","0.5261111111111112","0.39577465935829254","0.0022688472989527988","98.13333333333334","1.0"
"Synthetic","test","syn_n500_k10_low_corr_heavy_tail_high_vol_r03_s20260793","500","50","0.1","MOEAD","0.8631100104994192","0.16743051094731737","0.061111111111111116","0.10758876831239433","0.04399616671819731","634.9365599833334","0.030000000000000002","0.14583333333333334","0.14906611828690453","0.0021293826170929197","42.766666666666666","1.0"
"Synthetic","test","syn_n500_k10_low_corr_heavy_tail_high_vol_r03_s20260793","500","50","0.1","GDE3","0.689268112426216","0.14008228882571866","0.0775","0.17656558074867618","0.048221181571524115","3.0947433","0.0002777777777777778","0.2802777777777778","0.44908365098834135","0.005021463639736861","60.4","1.0"
"Synthetic","test","syn_n500_k10_low_corr_heavy_tail_high_vol_r03_s20260793","500","50","0.1","A_MPMO","0.5928897995664635","0.19222365263002475","0.13694444444444445","0.1146793810474847","0.030327037926887936","6.150738813333334","0.028888888888888884","0.2602777777777778","0.28701168931841586","0.0024923783652550905","74.76666666666667","1.0"
"Synthetic","test","syn_n500_k10_low_corr_heavy_tail_high_vol_r03_s20260793","500","50","0.1","ECMADE_MOO","0.7046305437861801","0.140069658012037","0.07999999999999999","0.2500347468473263","0.05413387249015247","3.2383489233333336","0.01388888888888889","0.19749999999999998","0.4740617500319424","0.005570986635742508","68.93333333333334","1.0"
"Synthetic","test","syn_n500_k10_pathological_cov_mixed_low_vol_r01_s20260794","500","50","0.1","NSGAII","0.848050814819931","0.16534107251621333","0.0","0.09242757503008778","0.040913416030304586","3.376630506666667","0.0","0.021388888888888888","0.3560325613347256","0.005546787969614197","58.43333333333333","1.0"
"Synthetic","test","syn_n500_k10_pathological_cov_mixed_low_vol_r01_s20260794","500","50","0.1","SPEA2","0.9251680548287501","0.12041554425988384","0.1322222222222222","0.07454407729244533","0.049413542469223956","5.69902781","0.056666666666666664","0.28500000000000003","0.43483439698174675","0.004351737490027366","81.73333333333333","1.0"
"Synthetic","test","syn_n500_k10_pathological_cov_mixed_low_vol_r01_s20260794","500","50","0.1","MOEAD","0.7378204536629518","0.18984602620944896","0.0","0.05161850312345809","0.03263659143014905","21.113071223333332","0.0","0.0","0.28004562828610613","0.0034605595135665307","43.333333333333336","1.0"
"Synthetic","test","syn_n500_k10_pathological_cov_mixed_low_vol_r01_s20260794","500","50","0.1","GDE3","0.7565459777398357","0.20607198043518596","0.0","0.09548334772637102","0.0659195972365653","3.0695124566666663","0.0","0.0","0.5340754730682414","0.006598421294966386","55.833333333333336","1.0"
"Synthetic","test","syn_n500_k10_pathological_cov_mixed_low_vol_r01_s20260794","500","50","0.1","A_MPMO","0.7741071471972719","0.2043541680181855","0.0","0.08747618265557318","0.04857125755252772","5.932160413333333","0.0","0.0008333333333333334","0.33429376529096166","0.005420355228839759","48.36666666666667","1.0"
"Synthetic","test","syn_n500_k10_pathological_cov_mixed_low_vol_r01_s20260794","500","50","0.1","ECMADE_MOO","0.9051243844877632","0.11938836014501018","0.029444444444444447","0.15936450488425408","0.11763991707906986","3.142945983333333","0.017777777777777778","0.05305555555555555","0.7905944527565189","0.008666932540498046","61.0","1.0"
"Synthetic","train","syn_n500_k20_high_corr_heavy_tail_extreme_events_r01_s20260795","500","100","0.2","NSGAII","0.7415304375142054","0.22726210376090264","0.0","0.15005032125409323","0.057990105123507156","3.5502963200000006","0.0","0.0","0.13558472966585194","0.008709461409135142","10.166666666666666","1.0"
"Synthetic","train","syn_n500_k20_high_corr_heavy_tail_extreme_events_r01_s20260795","500","100","0.2","SPEA2","0.9608915661161294","0.08616735455815233","0.03529411764705882","0.11431632376263205","0.039371912427769266","6.018292770000001","0.022222222222222223","0.0849673202614379","0.1653079167159942","0.00405185026325983","24.533333333333335","1.0"
"Synthetic","train","syn_n500_k20_high_corr_heavy_tail_extreme_events_r01_s20260795","500","100","0.2","MOEAD","0.724773502687027","0.2357215595032799","0.0","0.06594187085109837","0.04853182437238246","21.61662140666667","0.0","0.0","0.02965246883642442","0.0037019338379111217","3.7","1.0"
"Synthetic","train","syn_n500_k20_high_corr_heavy_tail_extreme_events_r01_s20260795","500","100","0.2","GDE3","0.24233675663035956","0.7545726135440697","0.0","0.11798845169622972","0.06407623122988242","3.1746918566666675","0.0","0.0","0.3250668534611572","0.02193699164406843","10.266666666666667","1.0"
"Synthetic","train","syn_n500_k20_high_corr_heavy_tail_extreme_events_r01_s20260795","500","100","0.2","A_MPMO","0.5870150059344031","0.3572318026224289","0.0","0.1847499217413748","0.0994256617134432","6.181128996666667","0.0","0.0","0.14840732814329652","0.010882350129276885","9.3","1.0"
"Synthetic","train","syn_n500_k20_high_corr_heavy_tail_extreme_events_r01_s20260795","500","100","0.2","ECMADE_MOO","0.9462025733250026","0.13941773956451475","0.04183006535947712","0.23626305630816005","0.1034955794615065","3.22525543","0.026797385620915035","0.0673202614379085","0.4462450709929581","0.011736188086938945","29.8","1.0"
"Synthetic","train","syn_n500_k20_high_corr_normal_low_vol_r03_s20260796","500","100","0.2","NSGAII","0.6487776110125193","0.2561299052029262","0.0","0.08265983295981472","0.03673686473924058","3.4909322733333332","0.0","0.0011111111111111111","0.21399569348094935","0.00644088548579966","31.666666666666668","1.0"
"Synthetic","train","syn_n500_k20_high_corr_normal_low_vol_r03_s20260796","500","100","0.2","SPEA2","0.7480746150180008","0.2062387401417822","0.06777777777777777","0.08276221600487237","0.03561358975892553","6.148225296666666","0.04666666666666666","0.18555555555555556","0.29320538727090445","0.004310073537469747","53.3","1.0"
"Synthetic","train","syn_n500_k20_high_corr_normal_low_vol_r03_s20260796","500","100","0.2","MOEAD","0.6525893158399879","0.27461581242237637","0.0","0.06475211092130491","0.047638448180245145","22.16022702333333","0.0","0.0","0.1507702942026818","0.0032833878797092226","27.933333333333334","1.0"
"Synthetic","train","syn_n500_k20_high_corr_normal_low_vol_r03_s20260796","500","100","0.2","GDE3","0.541282716415944","0.3190906965780034","0.0","0.07485574562481026","0.04031318965075384","3.1913459966666675","0.0","0.0","0.35552928533416356","0.00664665235336211","37.0","1.0"
"Synthetic","train","syn_n500_k20_high_corr_normal_low_vol_r03_s20260796","500","100","0.2","A_MPMO","0.5920226649551257","0.28746467474597737","0.0","0.10740715938295498","0.03895609562225911","6.140274066666666","0.0","0.0","0.2190900357694555","0.005894679864023893","29.966666666666665","1.0"
"Synthetic","train","syn_n500_k20_high_corr_normal_low_vol_r03_s20260796","500","100","0.2","ECMADE_MOO","0.8099536127650945","0.15946368911516115","0.03777777777777778","0.3428901750740717","0.1760578802339511","2.8668925599999993","0.018611111111111113","0.07499999999999998","0.8342747183292161","0.009812496546971698","59.03333333333333","1.0"
"Synthetic","train","syn_n500_k20_cluster_corr_mixed_extreme_events_r03_s20260797","500","100","0.2","NSGAII","0.7490301762965969","0.16548418467270729","0.04444444444444444","0.08795639522945067","0.023047358475085513","3.4974920699999994","0.0013888888888888887","0.26583333333333337","0.33302999553017626","0.003953582350068384","56.4","1.0"
"Synthetic","train","syn_n500_k20_cluster_corr_mixed_extreme_events_r03_s20260797","500","100","0.2","SPEA2","0.8350684341704299","0.12075880201116423","0.3963888888888889","0.11031056083601215","0.027031738674990313","6.121787926666667","0.19194444444444442","0.48638888888888904","0.3868550290323229","0.0027573913285630493","89.06666666666666","1.0"
"Synthetic","train","syn_n500_k20_cluster_corr_mixed_extreme_events_r03_s20260797","500","100","0.2","MOEAD","0.9430418622333085","0.1773539719160883","0.07277777777777779","0.059369688173514165","0.02187392316544144","21.46471130333333","0.029166666666666664","0.17027777777777775","0.13020034447533385","0.0017673450318811549","41.8","1.0"
"Synthetic","train","syn_n500_k20_cluster_corr_mixed_extreme_events_r03_s20260797","500","100","0.2","GDE3","0.6805672152888712","0.21017323735819263","0.0","0.12020697883842846","0.03461001436937054","3.1764021899999992","0.0","0.009722222222222224","0.4105256439612656","0.0045885529334978225","54.233333333333334","1.0"
"Synthetic","train","syn_n500_k20_cluster_corr_mixed_extreme_events_r03_s20260797","500","100","0.2","A_MPMO","0.7044252915432114","0.19357831459234878","0.0016666666666666668","0.14736006541983637","0.032620452236566774","6.208527833333333","0.0","0.1311111111111111","0.3177179999980074","0.0036598636736028716","54.53333333333333","1.0"
"Synthetic","train","syn_n500_k20_cluster_corr_mixed_extreme_events_r03_s20260797","500","100","0.2","ECMADE_MOO","0.8277516653167738","0.15397840451752592","0.001388888888888889","0.2612832507410484","0.08204340425005986","2.8010379966666656","0.001388888888888889","0.0061111111111111106","0.7294126744086105","0.009349230507803152","63.2","1.0"
"Synthetic","train","syn_n500_k20_low_corr_normal_low_vol_r01_s20260798","500","100","0.2","NSGAII","0.6926278019104369","0.265534234121645","0.0822222222222222","0.09374456132738816","0.020598972784325986","3.4669388000000003","0.0036111111111111114","0.2230555555555556","0.35166170347239345","0.005898753240671478","46.6","1.0"
"Synthetic","train","syn_n500_k20_low_corr_normal_low_vol_r01_s20260798","500","100","0.2","SPEA2","0.7942274052069144","0.2117030799946239","0.38027777777777777","0.10573891734421358","0.024074969529777872","6.105514286666668","0.20222222222222228","0.4627777777777778","0.3947902361823432","0.0035547269069435158","78.63333333333334","1.0"
"Synthetic","train","syn_n500_k20_low_corr_normal_low_vol_r01_s20260798","500","100","0.2","MOEAD","0.7512819915107499","0.3400543199538194","0.028055555555555552","0.05640141906736599","0.09800308567490158","21.384989533333336","0.016666666666666666","0.05722222222222222","0.23983715218156407","0.0053990696939169155","28.4","1.0"
"Synthetic","train","syn_n500_k20_low_corr_normal_low_vol_r01_s20260798","500","100","0.2","GDE3","0.6498859969823465","0.28335328157487705","0.0","0.10458776806559093","0.02766445591762458","3.1884812633333324","0.0","0.05944444444444444","0.44361528628439123","0.007593780927680587","44.0","1.0"
"Synthetic","train","syn_n500_k20_low_corr_normal_low_vol_r01_s20260798","500","100","0.2","A_MPMO","0.6439273017045412","0.2912150713488192","0.006388888888888888","0.09140938220538102","0.02706366505296143","6.398613546666666","0.0","0.0825","0.3860040391217042","0.004318490327228073","64.53333333333333","1.0"
"Synthetic","train","syn_n500_k20_low_corr_normal_low_vol_r01_s20260798","500","100","0.2","ECMADE_MOO","0.590599132856404","0.33465681844271206","0.05333333333333334","0.09109535671437527","0.028623897282989738","2.7692500499999997","0.010555555555555558","0.11972222222222223","0.26482110450977675","0.004733635942227853","44.7","1.0"
"Synthetic","train","syn_n500_k20_high_corr_mixed_high_vol_r02_s20260799","500","100","0.2","NSGAII","0.7274797239343196","0.23350444499211157","0.0","0.09398630637788731","0.04259559988382408","3.4786082433333334","0.0","0.0","0.2819700008650622","0.007587426838516696","30.066666666666666","1.0"
"Synthetic","train","syn_n500_k20_high_corr_mixed_high_vol_r02_s20260799","500","100","0.2","SPEA2","0.8351027676536023","0.16538719371623842","0.05583333333333334","0.11070543570662186","0.0410196764678622","6.2400002400000005","0.03611111111111111","0.09416666666666668","0.3082451685902361","0.005888281068972414","48.0","1.0"
"Synthetic","train","syn_n500_k20_high_corr_mixed_high_vol_r02_s20260799","500","100","0.2","MOEAD","0.733329184687949","0.18650091962113688","0.0","0.06033516431757954","0.030810986049669028","21.61021673","0.0","0.0","0.1429409910335387","0.0029151607193570214","28.833333333333332","1.0"
"Synthetic","train","syn_n500_k20_high_corr_mixed_high_vol_r02_s20260799","500","100","0.2","GDE3","0.5762868134540452","0.3357995330572308","0.0","0.1017171961495226","0.047894073205760605","3.170528603333333","0.0","0.0","0.40720397832672695","0.008268670128794103","36.6","1.0"
"Synthetic","train","syn_n500_k20_high_corr_mixed_high_vol_r02_s20260799","500","100","0.2","A_MPMO","0.6823802958277169","0.2577137446138207","0.0","0.11026354787568729","0.05087845938762726","5.746952893333333","0.0","0.0","0.28709773492371427","0.007745431234447848","32.56666666666667","1.0"
"Synthetic","train","syn_n500_k20_high_corr_mixed_high_vol_r02_s20260799","500","100","0.2","ECMADE_MOO","0.8288699723124447","0.16940923857851242","0.023888888888888894","0.27373149239311695","0.15788940211191776","2.8146176099999995","0.016666666666666666","0.03833333333333334","0.6806035922153957","0.011063888841440609","43.833333333333336","1.0"
"Synthetic","train","syn_n500_k20_low_corr_heavy_tail_high_vol_r03_s20260800","500","100","0.2","NSGAII","0.7090357435826983","0.18034507793167992","0.28777777777777774","0.11656118310784262","0.021517184566445035","3.4784433766666667","0.17805555555555552","0.35222222222222216","0.36582407034638276","0.005474621201616318","58.43333333333333","1.0"
"Synthetic","train","syn_n500_k20_low_corr_heavy_tail_high_vol_r03_s20260800","500","100","0.2","SPEA2","0.8368442338380802","0.11305554089479522","0.4347222222222223","0.13735794031892762","0.024522147573264732","6.290605486666667","0.31249999999999994","0.48333333333333334","0.45748307307541936","0.003398899000486813","92.66666666666667","1.0"
"Synthetic","train","syn_n500_k20_low_corr_heavy_tail_high_vol_r03_s20260800","500","100","0.2","MOEAD","1.0250178021875593","0.1749037002822559","0.10638888888888888","0.07231919523338463","0.02662298393069237","21.213214363333336","0.042777777777777776","0.2177777777777778","0.1725169259064466","0.0023062233186658177","47.7","1.0"
"Synthetic","train","syn_n500_k20_low_corr_heavy_tail_high_vol_r03_s20260800","500","100","0.2","GDE3","0.7078984475136987","0.18094694902829747","0.17944444444444443","0.13252217697372884","0.02992643159537601","3.215231773333334","0.051111111111111114","0.2869444444444444","0.45157198979847774","0.005112847493326334","60.1","1.0"
"Synthetic","train","syn_n500_k20_low_corr_heavy_tail_high_vol_r03_s20260800","500","100","0.2","A_MPMO","0.6672340952658723","0.20680657484296777","0.1988888888888889","0.185332624702167","0.031379263505977625","6.278868233333335","0.09583333333333334","0.2758333333333333","0.36077038546625223","0.003352017831193133","78.13333333333334","1.0"
"Synthetic","train","syn_n500_k20_low_corr_heavy_tail_high_vol_r03_s20260800","500","100","0.2","ECMADE_MOO","0.6387992650761664","0.23776487671477461","0.13861111111111107","0.2881257800940892","0.05593935092293431","3.561775723333333","0.07722222222222222","0.19361111111111112","0.36960964811834673","0.0050457265517368476","48.4","1.0"
"Synthetic","train","syn_n500_k20_pathological_cov_skewed_high_vol_r03_s20260801","500","100","0.2","NSGAII","0.8041779129041978","0.18525386724248835","0.0","0.06644772723534662","0.040864819427801166","3.484712886666666","0.0","0.0","0.26922728792164374","0.006718147785085388","29.166666666666668","1.0"
"Synthetic","train","syn_n500_k20_pathological_cov_skewed_high_vol_r03_s20260801","500","100","0.2","SPEA2","0.9079143275499226","0.13562589021834778","0.08068535825545169","0.06860181734992782","0.03610762840444101","6.108989760000001","0.03457943925233645","0.22585669781931467","0.34879216201805097","0.004872729142805185","55.233333333333334","1.0"
"Synthetic","train","syn_n500_k20_pathological_cov_skewed_high_vol_r03_s20260801","500","100","0.2","MOEAD","0.7983810273040498","0.19723337591937048","0.0","0.06432430378282114","0.02614901389020387","21.799231729999995","0.0","0.0","0.12330144264673436","0.0034416676116298065","28.6","1.0"
"Synthetic","train","syn_n500_k20_pathological_cov_skewed_high_vol_r03_s20260801","500","100","0.2","GDE3","0.6359768146337951","0.2887012709512961","0.0","0.09475705528834903","0.040699537942561446","3.162550396666666","0.0","0.0","0.4392437793597704","0.010752682893166181","30.6","1.0"
"Synthetic","train","syn_n500_k20_pathological_cov_skewed_high_vol_r03_s20260801","500","100","0.2","A_MPMO","0.7396916805996573","0.22190137800712917","0.0","0.09281811186641037","0.04612487442109187","5.901170779999999","0.0","0.0","0.2989933137846768","0.00853961586270387","28.166666666666668","1.0"
"Synthetic","train","syn_n500_k20_pathological_cov_skewed_high_vol_r03_s20260801","500","100","0.2","ECMADE_MOO","0.8860675004252109","0.15752414639187295","0.043925233644859805","0.29061875597189274","0.15886073869842146","3.30448193","0.027102803738317756","0.08691588785046728","0.6979701256281033","0.010278338159885918","50.6","1.0"
"Synthetic","validation","syn_n500_k20_cluster_corr_heavy_tail_low_vol_r02_s20260802","500","100","0.2","NSGAII","0.6815511353924287","0.17652341884197817","0.17694444444444443","0.10249808995736316","0.023686244514682785","3.4760859466666663","0.008888888888888889","0.3522222222222222","0.32985089089513214","0.0033459041553758626","58.9","1.0"
"Synthetic","validation","syn_n500_k20_cluster_corr_heavy_tail_low_vol_r02_s20260802","500","100","0.2","SPEA2","0.7851002182476313","0.1205307325355422","0.44638888888888884","0.08725542082589978","0.02529253994009245","5.959422956666667","0.295","0.49583333333333324","0.41420558015634673","0.0025862833984811543","95.63333333333334","1.0"
"Synthetic","validation","syn_n500_k20_cluster_corr_heavy_tail_low_vol_r02_s20260802","500","100","0.2","MOEAD","0.9051536094364833","0.1976044886845649","0.06222222222222222","0.11520899313460145","0.04057311988138171","21.471069899999996","0.029166666666666667","0.13499999999999998","0.14144956637587522","0.002358044500988276","41.233333333333334","1.0"
"Synthetic","validation","syn_n500_k20_cluster_corr_heavy_tail_low_vol_r02_s20260802","500","100","0.2","GDE3","0.6348316747674477","0.20455200975626375","0.01055555555555556","0.12294543455233828","0.03180222551922723","3.1663006266666667","0.0","0.1186111111111111","0.39405337223654785","0.0044314637070268165","60.56666666666667","1.0"
"Synthetic","validation","syn_n500_k20_cluster_corr_heavy_tail_low_vol_r02_s20260802","500","100","0.2","A_MPMO","0.6397570518436886","0.20082599472348636","0.028055555555555556","0.10172427581713711","0.028722703992282807","6.2096466166666655","0.0","0.20194444444444445","0.35352534264036883","0.0036701017510427777","62.3","1.0"
"Synthetic","validation","syn_n500_k20_cluster_corr_heavy_tail_low_vol_r02_s20260802","500","100","0.2","ECMADE_MOO","0.8036569174704906","0.14164687744152518","0.0044444444444444444","0.352159522048991","0.10033782107800314","3.6359887","0.0013888888888888887","0.06055555555555555","0.720969752851643","0.007372690643357727","78.23333333333333","1.0"
"Synthetic","validation","syn_n500_k20_low_corr_skewed_extreme_events_r02_s20260803","500","100","0.2","NSGAII","0.682830407629238","0.16510700205380885","0.19111111111111112","0.11571451346212328","0.02923849520880396","3.4557791766666663","0.006388888888888888","0.3783333333333333","0.29505591205095844","0.0042639367391798765","46.93333333333333","1.0"
"Synthetic","validation","syn_n500_k20_low_corr_skewed_extreme_events_r02_s20260803","500","100","0.2","SPEA2","0.7657480775980741","0.12484669379280677","0.48944444444444446","0.1077905407830558","0.02538733408632147","6.193169583333333","0.35277777777777775","0.5277777777777778","0.33769682038945403","0.002641202745374767","84.43333333333334","1.0"
"Synthetic","validation","syn_n500_k20_low_corr_skewed_extreme_events_r02_s20260803","500","100","0.2","MOEAD","0.942310185834352","0.22766543114962304","0.041666666666666664","0.09747146648177772","0.03669651376995793","21.71434963333333","0.021388888888888888","0.1113888888888889","0.09090845643741939","0.0020731086942686154","28.4","1.0"
"Synthetic","validation","syn_n500_k20_low_corr_skewed_extreme_events_r02_s20260803","500","100","0.2","GDE3","0.5835104867461377","0.22493729846696528","0.0016666666666666666","0.08150301717756372","0.0323165000695111","3.1946763633333335","0.0","0.08638888888888889","0.3559217860833978","0.005299689300240816","41.63333333333333","1.0"
"Synthetic","validation","syn_n500_k20_low_corr_skewed_extreme_events_r02_s20260803","500","100","0.2","A_MPMO","0.6319665847185126","0.19447196923091595","0.05","0.1346188730634077","0.04562990720082708","6.272930193333335","0.0","0.2333333333333333","0.29196601550565165","0.0038083338715765103","47.733333333333334","1.0"
"Synthetic","validation","syn_n500_k20_low_corr_skewed_extreme_events_r02_s20260803","500","100","0.2","ECMADE_MOO","0.8071236624076312","0.1368608371084003","0.009166666666666665","0.3018170649965944","0.08834963170993114","3.9190911233333336","0.0013888888888888887","0.0875","0.705456634660049","0.008962224819904692","68.23333333333333","1.0"
"Synthetic","validation","syn_n500_k20_pathological_cov_normal_extreme_events_r02_s20260804","500","100","0.2","NSGAII","0.7165049940871967","0.3178969398185343","0.0","0.11540131603422171","0.056566849448690996","3.5463862866666664","0.0","0.0","0.12312343537486575","0.013018331331778963","9.066666666666666","1.0"
"Synthetic","validation","syn_n500_k20_pathological_cov_normal_extreme_events_r02_s20260804","500","100","0.2","SPEA2","0.9257988639698528","0.15403813389777807","0.0","0.08103556533851093","0.04081986403648536","6.512113833333334","0.0","0.0","0.11247370766959382","0.006931801143450778","12.6","1.0"
"Synthetic","validation","syn_n500_k20_pathological_cov_normal_extreme_events_r02_s20260804","500","100","0.2","MOEAD","0.6843667773787654","0.3309154295730286","0.0","0.05647231585830549","0.04764798604366368","34.67895651","0.0","0.0","0.02641940370773157","0.0035491247570980738","3.7333333333333334","1.0"
"Synthetic","validation","syn_n500_k20_pathological_cov_normal_extreme_events_r02_s20260804","500","100","0.2","GDE3","0.3133507954318307","0.7809531285678591","0.0","0.13878975733900625","0.06952460183079104","3.183248866666666","0.0","0.0","0.3813306182560829","0.016809639293038366","14.966666666666667","1.0"
"Synthetic","validation","syn_n500_k20_pathological_cov_normal_extreme_events_r02_s20260804","500","100","0.2","A_MPMO","0.5858850049487307","0.4409927943102148","0.0","0.11880439380545048","0.061488329636254814","5.138148423333333","0.0","0.0","0.1449684417670609","0.010152514752449425","10.733333333333333","1.0"
"Synthetic","validation","syn_n500_k20_pathological_cov_normal_extreme_events_r02_s20260804","500","100","0.2","ECMADE_MOO","0.9319182777068383","0.176698032186267","0.04000000000000001","0.2411700517196826","0.12606092243871794","3.19829309","0.03333333333333333","0.04333333333333334","0.18813183321043905","0.01047122807036968","10.4","1.0"
"Synthetic","test","syn_n500_k20_cluster_corr_skewed_high_vol_r01_s20260805","500","100","0.2","NSGAII","0.7567504568911069","0.11321924076789223","0.1675","0.10656031564467477","0.03167647865868085","3.489677763333334","0.0033333333333333335","0.4311111111111111","0.3806253308390074","0.004517190917216996","60.733333333333334","1.0"
"Synthetic","test","syn_n500_k20_cluster_corr_skewed_high_vol_r01_s20260805","500","100","0.2","SPEA2","0.8525487296899682","0.07401007096227617","0.5652777777777778","0.10056476979384947","0.02621558101896644","6.264579060000001","0.36388888888888893","0.6283333333333334","0.44983562730115556","0.0025938346177104693","94.83333333333333","1.0"
"Synthetic","test","syn_n500_k20_cluster_corr_skewed_high_vol_r01_s20260805","500","100","0.2","MOEAD","0.9958262499674366","0.2318866973732578","0.03444444444444444","0.07864958976511754","0.028868847122612305","23.85044836666667","0.01777777777777778","0.08638888888888889","0.1619225717313998","0.002882561064712915","35.63333333333333","1.0"
"Synthetic","test","syn_n500_k20_cluster_corr_skewed_high_vol_r01_s20260805","500","100","0.2","GDE3","0.7026495536520568","0.1412443297208551","0.029166666666666664","0.09318534791360751","0.023671963559608787","3.1908184966666666","0.0008333333333333334","0.1752777777777778","0.4533916969624826","0.004712193979669944","61.266666666666666","1.0"
"Synthetic","test","syn_n500_k20_cluster_corr_skewed_high_vol_r01_s20260805","500","100","0.2","A_MPMO","0.7173088217644168","0.13287815693127655","0.03805555555555556","0.11721765639826931","0.032441591334613794","3.141009976666666","0.0","0.26","0.39734948213832166","0.004002589269124935","67.4","1.0"
"Synthetic","test","syn_n500_k20_cluster_corr_skewed_high_vol_r01_s20260805","500","100","0.2","ECMADE_MOO","0.8184212484925396","0.11632555982327654","0.024999999999999998","0.27106511049054105","0.0606386607193922","3.387759393333333","0.0002777777777777778","0.11055555555555556","0.6721840073132157","0.007029090425164725","73.7","1.0"
"Synthetic","test","syn_n500_k20_pathological_cov_mixed_low_vol_r01_s20260806","500","100","0.2","NSGAII","0.8342008467145379","0.25367584516099523","0.0","0.17246927788440752","0.061756490793210446","3.5348752133333337","0.0","0.0","0.11073637117188263","0.010337128618483989","8.7","1.0"
"Synthetic","test","syn_n500_k20_pathological_cov_mixed_low_vol_r01_s20260806","500","100","0.2","SPEA2","1.0082423681891728","0.12239099686560483","0.0","0.11352018563629099","0.046514928269860936","6.186624196666666","0.0","0.0","0.12225397312130731","0.012071227211922593","9.966666666666667","1.0"
"Synthetic","test","syn_n500_k20_pathological_cov_mixed_low_vol_r01_s20260806","500","100","0.2","MOEAD","0.8391806540920594","0.22377888507615562","0.0","0.046729932466204056","0.03614065588265262","20.087489533333336","0.0","0.0","0.0069094737101930825","0.0016470994176604739","2.6333333333333333","1.0"
"Synthetic","test","syn_n500_k20_pathological_cov_mixed_low_vol_r01_s20260806","500","100","0.2","GDE3","0.43652764660034654","0.6267781484426699","0.0","0.08718272684047719","0.040317870742677765","3.1774681999999994","0.0","0.0","0.21680332564392898","0.015457188115361592","10.933333333333334","1.0"
"Synthetic","test","syn_n500_k20_pathological_cov_mixed_low_vol_r01_s20260806","500","100","0.2","A_MPMO","0.7120853183266995","0.3521246596108824","0.0","0.1332397644509147","0.059591047500245686","2.8029541033333336","0.0","0.0","0.10071086143762599","0.009165134720955691","7.766666666666667","1.0"
"Synthetic","test","syn_n500_k20_pathological_cov_mixed_low_vol_r01_s20260806","500","100","0.2","ECMADE_MOO","0.9866614843544289","0.1545062686163666","0.03666666666666667","0.28454219945723747","0.13989033838843148","3.2008086000000007","0.03333333333333333","0.09333333333333332","0.22349207731034884","0.011715414295216824","17.433333333333334","1.0"
"Synthetic","train","syn_n500_k30_high_corr_normal_low_vol_r03_s20260807","500","150","0.3","NSGAII","0.6967103504702551","0.23565001187196744","0.0","0.07463231260710478","0.03374167728657003","3.5859746400000003","0.0","0.0","0.3597262412734572","0.007743821952059509","39.93333333333333","1.0"
"Synthetic","train","syn_n500_k30_high_corr_normal_low_vol_r03_s20260807","500","150","0.3","SPEA2","0.8255817502247579","0.15960777885114696","0.07666666666666667","0.08185168560192878","0.036696787721586584","6.2958774633333325","0.03916666666666667","0.18111111111111108","0.40475228045727724","0.004527272233347604","66.76666666666667","1.0"
"Synthetic","train","syn_n500_k30_high_corr_normal_low_vol_r03_s20260807","500","150","0.3","MOEAD","0.6888565961380183","0.19524911787674776","0.007500000000000001","0.0663201706789261","0.038421792312705705","20.14843019","0.0044444444444444444","0.014166666666666664","0.24154509412693353","0.0037285688100133513","36.733333333333334","1.0"
"Synthetic","train","syn_n500_k30_high_corr_normal_low_vol_r03_s20260807","500","150","0.3","GDE3","0.57972420111753","0.2957305578074696","0.0","0.07702965424190847","0.03701005649771026","3.2956229600000007","0.0","0.0","0.4645788948105913","0.0073624437707119775","44.233333333333334","1.0"
"Synthetic","train","syn_n500_k30_high_corr_normal_low_vol_r03_s20260807","500","150","0.3","A_MPMO","0.6529753125731182","0.2584725292750176","0.0","0.10102307630799215","0.05264133537322904","3.0628828499999994","0.0","0.0","0.3651363403968561","0.00691696917803166","38.666666666666664","1.0"
"Synthetic","train","syn_n500_k30_high_corr_normal_low_vol_r03_s20260807","500","150","0.3","ECMADE_MOO","0.7266980010599152","0.20262310715040371","0.021388888888888888","0.3561423755977494","0.14611399033677927","3.3365900333333327","0.01361111111111111","0.042222222222222223","0.7458202929445197","0.008951242180807886","54.43333333333333","1.0"
"Synthetic","train","syn_n500_k30_high_corr_mixed_high_vol_r02_s20260808","500","150","0.3","NSGAII","0.7242218653202386","0.19878818225320147","0.0","0.09825154430309928","0.04052238958952575","3.5254247233333342","0.0","0.0","0.25824501944980593","0.0070678755161057765","28.633333333333333","1.0"
"Synthetic","train","syn_n500_k30_high_corr_mixed_high_vol_r02_s20260808","500","150","0.3","SPEA2","0.8770369041815544","0.10386323608330068","0.09625468164794009","0.08394814847464994","0.029549077897241916","6.239257920000002","0.04082397003745319","0.23295880149812737","0.3021775773127044","0.00458853477798287","48.06666666666667","1.0"
"Synthetic","train","syn_n500_k30_high_corr_mixed_high_vol_r02_s20260808","500","150","0.3","MOEAD","0.7619761404432784","0.16244843580658658","0.0","0.08044667262936496","0.0374396143507278","20.075893123333337","0.0","0.0","0.13443637537727657","0.0038864203865606245","26.2","1.0"
"Synthetic","train","syn_n500_k30_high_corr_mixed_high_vol_r02_s20260808","500","150","0.3","GDE3","0.5721800108224542","0.33455496514621635","0.0","0.0960295802504034","0.04084844783884541","3.307107006666666","0.0","0.0","0.39469049820772706","0.007621043412548537","36.2","1.0"
"Synthetic","train","syn_n500_k30_high_corr_mixed_high_vol_r02_s20260808","500","150","0.3","A_MPMO","0.6776340683624246","0.23315156686272695","0.0","0.11153604578056449","0.04342798553997147","3.3857747633333326","0.0","0.0","0.2656480291403936","0.007122372773282599","27.066666666666666","1.0"
"Synthetic","train","syn_n500_k30_high_corr_mixed_high_vol_r02_s20260808","500","150","0.3","ECMADE_MOO","0.8461155613652789","0.17704663453040628","0.023220973782771534","0.3855621277564798","0.15454070627469346","3.242300816666666","0.019101123595505618","0.04307116104868914","0.6897363441012373","0.012155703664609963","40.333333333333336","1.0"
"Synthetic","train","syn_n500_k30_low_corr_skewed_extreme_events_r02_s20260809","500","150","0.3","NSGAII","0.5512191203583429","0.2565802562926137","0.08611111111111108","0.11957972489905906","0.024530365143681114","4.581325643333334","0.0044444444444444444","0.1988888888888889","0.21167735634236948","0.004727604042958565","38.93333333333333","1.0"
"Synthetic","train","syn_n500_k30_low_corr_skewed_extreme_events_r02_s20260809","500","150","0.3","SPEA2","0.6745275747014353","0.1836884050146443","0.3530555555555556","0.13490769104589062","0.03557379560825711","6.249550023333333","0.25472222222222224","0.3861111111111111","0.26631448357133974","0.0022856110514365368","80.76666666666667","1.0"
"Synthetic","train","syn_n500_k30_low_corr_skewed_extreme_events_r02_s20260809","500","150","0.3","MOEAD","0.8069129912436102","0.20161163588631525","0.06361111111111112","0.10036015646555334","0.036522163882354096","21.604910086666663","0.03305555555555555","0.11777777777777779","0.08714576743279251","0.001866460127247478","33.6","1.0"
"Synthetic","train","syn_n500_k30_low_corr_skewed_extreme_events_r02_s20260809","500","150","0.3","GDE3","0.4985110763353892","0.2921827277557518","0.0011111111111111111","0.12248374345034017","0.03257983361063076","3.2670625466666667","0.0","0.036944444444444446","0.2801672773764008","0.0044832592675761035","40.06666666666667","1.0"
"Synthetic","train","syn_n500_k30_low_corr_skewed_extreme_events_r02_s20260809","500","150","0.3","A_MPMO","0.5163633912359388","0.27983664273579223","0.021666666666666664","0.09265662846751771","0.03239283252813036","3.443964556666667","0.0","0.11916666666666668","0.21841279169494104","0.004337950716998682","38.766666666666666","1.0"
"Synthetic","train","syn_n500_k30_low_corr_skewed_extreme_events_r02_s20260809","500","150","0.3","ECMADE_MOO","0.6546870862237566","0.21031715938765105","0.006388888888888888","0.3448030799207298","0.10980714996115001","3.380055383333334","0.0036111111111111114","0.029722222222222223","0.5732509049400238","0.006320231270064382","69.0","1.0"
"Synthetic","train","syn_n500_k30_high_corr_heavy_tail_extreme_events_r01_s20260810","500","150","0.3","NSGAII","0.8103454357537584","0.06654782188734362","0.0","0.06097867093777851","0.037756174792230555","4.327558996666667","0.0","0.010555555555555556","0.6394494661153657","0.004229220520255166","91.76666666666667","1.0"
"Synthetic","train","syn_n500_k30_high_corr_heavy_tail_extreme_events_r01_s20260810","500","150","0.3","SPEA2","0.9041965781115334","0.028031432903858407","0.2833333333333333","0.06677321186371735","0.0343965941595747","6.332411129999999","0.12944444444444442","0.6766666666666666","0.7771627613311928","0.002870660233690378","100.0","1.0"
"Synthetic","train","syn_n500_k30_high_corr_heavy_tail_extreme_events_r01_s20260810","500","150","0.3","MOEAD","0.7748065879066126","0.11430121316160262","0.0","0.056568128423210205","0.026399575063497174","21.868227333333333","0.0","0.0005555555555555556","0.5401600660521967","0.004187487089901865","65.0","1.0"
"Synthetic","train","syn_n500_k30_high_corr_heavy_tail_extreme_events_r01_s20260810","500","150","0.3","GDE3","0.7455778741345784","0.1096528247380172","0.0","0.08350258559637934","0.041040112213372296","3.336593186666668","0.0","0.0","0.6505415820877973","0.004317226222367378","88.9","1.0"
"Synthetic","train","syn_n500_k30_high_corr_heavy_tail_extreme_events_r01_s20260810","500","150","0.3","A_MPMO","0.7818273907692891","0.08409820992418365","0.0","0.08922544761168129","0.03797640159040447","3.424169636666667","0.0","0.0","0.640679975056235","0.005182138360520154","83.33333333333333","1.0"
"Synthetic","train","syn_n500_k30_high_corr_heavy_tail_extreme_events_r01_s20260810","500","150","0.3","ECMADE_MOO","0.7310627867854439","0.1337707088486779","0.0011111111111111111","0.15494428643922006","0.0676807944719872","3.0974763199999997","0.0011111111111111111","0.001388888888888889","0.7415699870070733","0.006203219278132883","73.83333333333333","1.0"
"Synthetic","train","syn_n500_k30_pathological_cov_mixed_low_vol_r01_s20260811","500","150","0.3","NSGAII","0.9090850297960257","0.24941101050189204","0.0","0.09257364289236013","0.05100859315252505","4.345837163333333","0.0","0.0","0.14502908080922075","0.008615118626424735","13.5","1.0"
"Synthetic","train","syn_n500_k30_pathological_cov_mixed_low_vol_r01_s20260811","500","150","0.3","SPEA2","1.0741026845664152","0.22303689351811531","0.008130081300813007","0.06154418089549856","0.036995179205335973","6.050443643333334","0.008130081300813007","0.01869918699186992","0.1581420037791662","0.00861018195865299","18.7","1.0"
"Synthetic","train","syn_n500_k30_pathological_cov_mixed_low_vol_r01_s20260811","500","150","0.3","MOEAD","0.9030416840649064","0.3557452410264145","0.0","0.02361203398263394","0.034347337880794616","21.98688996666667","0.0","0.0040650406504065045","0.02809251090306843","0.0034381670730480604","6.3","1.0"
"Synthetic","train","syn_n500_k30_pathological_cov_mixed_low_vol_r01_s20260811","500","150","0.3","GDE3","0.6379152927222541","0.36836274456160895","0.0","0.07298526288554655","0.047555691996143665","3.30149175","0.0","0.0","0.4053042881133479","0.01526843721264226","19.566666666666666","1.0"
"Synthetic","train","syn_n500_k30_pathological_cov_mixed_low_vol_r01_s20260811","500","150","0.3","A_MPMO","0.8521860385223534","0.2575274041080429","0.0","0.09363751964351769","0.05250317674381079","3.38719852","0.0","0.0","0.17977910066383848","0.009947709597762032","14.866666666666667","1.0"
"Synthetic","train","syn_n500_k30_pathological_cov_mixed_low_vol_r01_s20260811","500","150","0.3","ECMADE_MOO","0.8919299634962442","0.25104081149159796","0.02520325203252033","0.31345372921489617","0.1627773691396897","2.8166315300000004","0.02520325203252033","0.030081300813008135","0.4552360240237204","0.011928473717926385","27.8","1.0"
"Synthetic","train","syn_n500_k30_low_corr_normal_low_vol_r01_s20260812","500","150","0.3","NSGAII","0.7237983004431624","0.2467226717407489","0.09083333333333334","0.09948620332604424","0.01907311565131887","4.315339156666666","0.012777777777777779","0.2547222222222223","0.3515812502896398","0.0066500429695817535","46.166666666666664","1.0"
"Synthetic","train","syn_n500_k30_low_corr_normal_low_vol_r01_s20260812","500","150","0.3","SPEA2","0.8157399011770874","0.19901579658944032","0.3772222222222223","0.0665066969430879","0.019284910847423346","6.63960406","0.19694444444444448","0.4597222222222222","0.3973125866122504","0.0036919054804242695","75.93333333333334","1.0"
"Synthetic","train","syn_n500_k30_low_corr_normal_low_vol_r01_s20260812","500","150","0.3","MOEAD","0.833745075525978","0.32672589011932907","0.041666666666666664","0.04767396709998375","0.07677320398307931","21.684225239999996","0.020000000000000004","0.10305555555555555","0.27641607546851876","0.0062647239253732995","27.466666666666665","1.0"
"Synthetic","train","syn_n500_k30_low_corr_normal_low_vol_r01_s20260812","500","150","0.3","GDE3","0.6672965836546431","0.273926652226786","0.011944444444444445","0.12377042893130107","0.03580335303878441","3.3165860133333336","0.0","0.08638888888888889","0.43301657109084696","0.008304791179696944","45.0","1.0"
"Synthetic","train","syn_n500_k30_low_corr_normal_low_vol_r01_s20260812","500","150","0.3","A_MPMO","0.6797142915743554","0.2718522627555592","0.0325","0.10365053098715638","0.027078882954945586","3.5991352833333337","0.0044444444444444444","0.0975","0.35577683823486517","0.004536797156651988","64.7","1.0"
"Synthetic","train","syn_n500_k30_low_corr_normal_low_vol_r01_s20260812","500","150","0.3","ECMADE_MOO","0.5495664885114484","0.37005863452221266","0.06611111111111112","0.07913649984725894","0.021409647217366084","2.8084212366666668","0.030277777777777782","0.1125","0.17355448472831575","0.00359754882322615","33.43333333333333","1.0"
"Synthetic","train","syn_n500_k30_cluster_corr_heavy_tail_low_vol_r02_s20260813","500","150","0.3","NSGAII","0.730083025999661","0.15737511187351466","0.08833333333333335","0.08959006683098841","0.021119535747435157","4.305376686666666","0.0011111111111111111","0.30583333333333335","0.33686220197581546","0.004272227245388441","48.666666666666664","1.0"
"Synthetic","train","syn_n500_k30_cluster_corr_heavy_tail_low_vol_r02_s20260813","500","150","0.3","SPEA2","0.8359235422241617","0.10249518969567177","0.46138888888888885","0.08770591149030053","0.023008922469732702","6.526243663333333","0.25861111111111107","0.5338888888888889","0.42418141344363963","0.0031129787762678423","87.8","1.0"
"Synthetic","train","syn_n500_k30_cluster_corr_heavy_tail_low_vol_r02_s20260813","500","150","0.3","MOEAD","0.9848241577991043","0.21233296358075957","0.03972222222222222","0.07650283182703123","0.037472286670680685","21.731916430000002","0.020833333333333332","0.08166666666666665","0.12330483624766107","0.0028415613387786057","33.3","1.0"
"Synthetic","train","syn_n500_k30_cluster_corr_heavy_tail_low_vol_r02_s20260813","500","150","0.3","GDE3","0.646755245673327","0.21288326533563387","0.0008333333333333334","0.10738689677932399","0.027393913079905356","3.3144952600000006","0.0","0.03666666666666666","0.4002969311200324","0.004446005382667802","52.266666666666666","1.0"
"Synthetic","train","syn_n500_k30_cluster_corr_heavy_tail_low_vol_r02_s20260813","500","150","0.3","A_MPMO","0.6663864527726913","0.1973557801878202","0.0077777777777777776","0.10299826826600592","0.02798937638757504","3.4668178133333334","0.0","0.16333333333333336","0.32591875741301596","0.005217633572820565","46.46666666666667","1.0"
"Synthetic","train","syn_n500_k30_cluster_corr_heavy_tail_low_vol_r02_s20260813","500","150","0.3","ECMADE_MOO","0.6779114126286533","0.21278807915034825","0.0002777777777777778","0.22087125758815718","0.06279447537448593","2.796179766666667","0.0","0.018333333333333333","0.5207257453006905","0.006754345204857525","58.233333333333334","1.0"
"Synthetic","validation","syn_n500_k30_low_corr_heavy_tail_high_vol_r03_s20260814","500","150","0.3","NSGAII","0.7727276805175329","0.1855598284018554","0.19194444444444442","0.10483444551141703","0.02130444879285166","4.3166800599999995","0.04833333333333334","0.30722222222222223","0.4327489484889242","0.005571733996215464","53.36666666666667","1.0"
"Synthetic","validation","syn_n500_k30_low_corr_heavy_tail_high_vol_r03_s20260814","500","150","0.3","SPEA2","0.8877053620146703","0.12375805822765688","0.38194444444444436","0.10090932384483117","0.026491886925747492","6.533285329999999","0.2413888888888889","0.4494444444444444","0.4710052132348251","0.0034037901473630288","81.56666666666666","1.0"
"Synthetic","validation","syn_n500_k30_low_corr_heavy_tail_high_vol_r03_s20260814","500","150","0.3","MOEAD","1.0652815617743372","0.21683181936068494","0.11055555555555555","0.06107928661608827","0.02461398811707612","22.32222472","0.05166666666666666","0.2175","0.12745850660345737","0.00272291807607383","33.8","1.0"
"Synthetic","validation","syn_n500_k30_low_corr_heavy_tail_high_vol_r03_s20260814","500","150","0.3","GDE3","0.7117903024766818","0.22382490558603865","0.06249999999999999","0.09766529354319572","0.028471873828197488","3.2818864033333335","0.0019444444444444442","0.2086111111111111","0.48273344395577084","0.007166247506654003","49.333333333333336","1.0"
"Synthetic","validation","syn_n500_k30_low_corr_heavy_tail_high_vol_r03_s20260814","500","150","0.3","A_MPMO","0.7309678719673731","0.21115965617040539","0.09916666666666667","0.10377858411462255","0.029317900109170132","3.6462145533333343","0.02805555555555556","0.21305555555555555","0.40142824045580444","0.00465702678979266","67.16666666666667","1.0"
"Synthetic","validation","syn_n500_k30_low_corr_heavy_tail_high_vol_r03_s20260814","500","150","0.3","ECMADE_MOO","0.6061075619368269","0.3027784362734685","0.1247222222222222","0.1285964875716446","0.035291015616543804","2.7924087466666663","0.059166666666666666","0.1672222222222222","0.3069252379082161","0.006784835134902658","38.5","1.0"
"Synthetic","validation","syn_n500_k30_cluster_corr_mixed_extreme_events_r03_s20260815","500","150","0.3","NSGAII","0.6135821899545633","0.17720767126344242","0.014166666666666666","0.1093737502641837","0.027041257315381297","4.217062266666667","0.0","0.21722222222222218","0.24106847027443565","0.004082244290802856","40.766666666666666","1.0"
"Synthetic","validation","syn_n500_k30_cluster_corr_mixed_extreme_events_r03_s20260815","500","150","0.3","SPEA2","0.7377102191209257","0.1145751282460081","0.48500000000000004","0.11968534388081559","0.029770755769686384","6.3324244599999995","0.25999999999999995","0.5616666666666666","0.31711860458166163","0.002683782279532701","81.0","1.0"
"Synthetic","validation","syn_n500_k30_cluster_corr_mixed_extreme_events_r03_s20260815","500","150","0.3","MOEAD","0.8234984066924311","0.19102594942834916","0.06000000000000001","0.07225738288326684","0.02600867341903419","22.047683893333332","0.027777777777777783","0.12277777777777775","0.08277146980624285","0.0018245475303249306","32.13333333333333","1.0"
"Synthetic","validation","syn_n500_k30_cluster_corr_mixed_extreme_events_r03_s20260815","500","150","0.3","GDE3","0.5009050284908587","0.2547336955442517","0.0","0.11979246942960363","0.02585667050151225","3.2873456433333335","0.0","0.0","0.29420076637275056","0.004925400862479738","37.2","1.0"
"Synthetic","validation","syn_n500_k30_cluster_corr_mixed_extreme_events_r03_s20260815","500","150","0.3","A_MPMO","0.5727738152017735","0.2034654411449555","0.0","0.1090046049864264","0.026696879279980445","3.401580316666667","0.0","0.07138888888888889","0.24285193847649197","0.004336335051276333","39.1","1.0"
"Synthetic","validation","syn_n500_k30_cluster_corr_mixed_extreme_events_r03_s20260815","500","150","0.3","ECMADE_MOO","0.6874568912327361","0.18144436401988742","0.0030555555555555557","0.34768830456402383","0.14251917811896525","2.885518373333333","0.0030555555555555557","0.005000000000000001","0.6507304077484826","0.008132751007136533","55.733333333333334","1.0"
"Synthetic","validation","syn_n500_k30_pathological_cov_skewed_high_vol_r03_s20260816","500","150","0.3","NSGAII","0.9192549667893781","0.1532907231186353","0.0","0.0764585797717997","0.042213324745469905","4.14806959","0.0","0.0","0.3580345985428733","0.00791896787673339","35.333333333333336","1.0"
"Synthetic","validation","syn_n500_k30_pathological_cov_skewed_high_vol_r03_s20260816","500","150","0.3","SPEA2","1.0470618895779138","0.07437681034156256","0.039869281045751624","0.07065815715402968","0.03409191360084987","6.309161446666667","0.030718954248366015","0.08627450980392157","0.3452574183272176","0.006963985332537684","47.0","1.0"
"Synthetic","validation","syn_n500_k30_pathological_cov_skewed_high_vol_r03_s20260816","500","150","0.3","MOEAD","0.9333461159646713","0.12649329286447822","0.0","0.06397516960945522","0.03160306606865108","22.003211080000003","0.0","0.0","0.23164424991635302","0.0034800544833610146","40.4","1.0"
"Synthetic","validation","syn_n500_k30_pathological_cov_skewed_high_vol_r03_s20260816","500","150","0.3","GDE3","0.7815935669324666","0.27042863418497415","0.0","0.08803025835946517","0.045941823170227394","3.3014468100000003","0.0","0.0","0.5112136907259351","0.00839447104031413","42.86666666666667","1.0"
"Synthetic","validation","syn_n500_k30_pathological_cov_skewed_high_vol_r03_s20260816","500","150","0.3","A_MPMO","0.8749054983731277","0.18311865540971167","0.0","0.09650023573186278","0.04755827626140604","3.3371750000000002","0.0","0.0","0.38965285216695783","0.008856624816251537","36.333333333333336","1.0"
"Synthetic","validation","syn_n500_k30_pathological_cov_skewed_high_vol_r03_s20260816","500","150","0.3","ECMADE_MOO","0.8118016645031323","0.2809056520369642","0.0032679738562091504","0.2610337417241522","0.10807226162365728","2.778283683333334","0.0032679738562091504","0.0032679738562091504","0.6753158507232898","0.011738359645136923","40.233333333333334","1.0"
"Synthetic","test","syn_n500_k30_cluster_corr_skewed_high_vol_r01_s20260817","500","150","0.3","NSGAII","0.7439202507674856","0.1410501484992401","0.0536111111111111","0.13222211090184546","0.026736843089904743","5.028219169999999","0.0","0.3097222222222222","0.34452452166969927","0.005515389680649194","44.86666666666667","1.0"
"Synthetic","test","syn_n500_k30_cluster_corr_skewed_high_vol_r01_s20260817","500","150","0.3","SPEA2","0.8349108755914432","0.09916679575489347","0.47388888888888875","0.09419282944153232","0.03046209465764667","6.145995050000001","0.2752777777777778","0.548888888888889","0.39541706167623036","0.003141121071307772","79.13333333333334","1.0"
"Synthetic","test","syn_n500_k30_cluster_corr_skewed_high_vol_r01_s20260817","500","150","0.3","MOEAD","0.9929854617814683","0.22081530025898752","0.04138888888888889","0.10136520588048513","0.04584663287054081","24.17004327","0.02027777777777778","0.10416666666666667","0.16848891591446766","0.0026352058879483818","35.833333333333336","1.0"
"Synthetic","test","syn_n500_k30_cluster_corr_skewed_high_vol_r01_s20260817","500","150","0.3","GDE3","0.6436238945076381","0.2019637736952875","0.0002777777777777778","0.12110810226031997","0.03328693618082593","3.301905673333333","0.0","0.02972222222222223","0.4038061028423116","0.00544515515923567","46.43333333333333","1.0"
"Synthetic","test","syn_n500_k30_cluster_corr_skewed_high_vol_r01_s20260817","500","150","0.3","A_MPMO","0.6887729534381051","0.17199590737834003","0.0044444444444444444","0.12979987596384043","0.036853836842451276","3.3876065299999993","0.0","0.1213888888888889","0.35326181911100274","0.004219677622362046","50.833333333333336","1.0"
"Synthetic","test","syn_n500_k30_cluster_corr_skewed_high_vol_r01_s20260817","500","150","0.3","ECMADE_MOO","0.7025563287394694","0.19089797564688088","0.0005555555555555556","0.2571041177089432","0.06250259108340156","3.0413053166666666","0.0","0.022222222222222223","0.5652021299709936","0.007636258893713177","63.8","1.0"
"Synthetic","test","syn_n500_k30_pathological_cov_normal_extreme_events_r02_s20260818","500","150","0.3","NSGAII","0.7100014944696507","0.2993353725565694","0.0","0.09475972127171477","0.05467032712010699","5.819520206666667","0.0","0.0","0.13897535868356622","0.012114345026831086","9.033333333333333","1.0"
"Synthetic","test","syn_n500_k30_pathological_cov_normal_extreme_events_r02_s20260818","500","150","0.3","SPEA2","0.9389678092434592","0.12826721645536984","0.0","0.09781740785936692","0.04876239779696157","5.914848580000001","0.0","0.004347826086956522","0.10065008945233371","0.007318088466140109","12.1","1.0"
"Synthetic","test","syn_n500_k30_pathological_cov_normal_extreme_events_r02_s20260818","500","150","0.3","MOEAD","0.7431864573615429","0.29062126064573207","0.0","0.08201101568166787","0.05535042197685306","35.92974618666667","0.0","0.0","0.036477648957790106","0.004207028688027891","6.333333333333333","1.0"
"Synthetic","test","syn_n500_k30_pathological_cov_normal_extreme_events_r02_s20260818","500","150","0.3","GDE3","0.36183831114816395","0.69493503993042","0.0","0.10712771433563456","0.06273163130668984","3.302529076666667","0.0","0.0","0.43993080528336953","0.01942330429804995","18.633333333333333","1.0"
"Synthetic","test","syn_n500_k30_pathological_cov_normal_extreme_events_r02_s20260818","500","150","0.3","A_MPMO","0.6207440333193616","0.37859500827285125","0.0","0.10169485872630149","0.05228434561553331","3.1242028466666656","0.0","0.0","0.1442179210077695","0.009396643839552457","9.9","1.0"
"Synthetic","test","syn_n500_k30_pathological_cov_normal_extreme_events_r02_s20260818","500","150","0.3","ECMADE_MOO","0.7198823742367374","0.35274834405998257","0.036231884057971016","0.4219966986395256","0.1946898327532524","2.9326677766666664","0.034782608695652174","0.03913043478260869","0.3584867842068967","0.01984340214334614","16.166666666666668","1.0"
"OR-Library","test","orlib_port1_K05","31","5","0.1612903225806451","NSGAII","0.9841941587060572","0.006159507754228182","0.8963888888888889","0.009442295594427174","0.015880085538013552","0.8619547799999999","0.5330555555555556","0.9869444444444446","1.3328566793983687","0.005241462471297484","100.0","1.0"
"OR-Library","test","orlib_port1_K05","31","5","0.1612903225806451","SPEA2","0.9858594525932282","0.00515846255227037","0.9655555555555554","0.006938622881652048","0.012623578619140579","3.3983761800000005","0.6216666666666666","0.991388888888889","1.3370444915951232","0.003837299470891222","100.0","1.0"
"OR-Library","test","orlib_port1_K05","31","5","0.1612903225806451","MOEAD","0.9421982312250919","0.05781712864533799","0.5825","0.03712073041029366","0.05549685213603664","4.157542423333334","0.3713888888888889","0.6780555555555556","0.8857085967129731","0.004110220160239762","94.66666666666667","1.0"
"OR-Library","test","orlib_port1_K05","31","5","0.1612903225806451","GDE3","0.9826178698077929","0.008032564647591837","0.9338888888888889","0.00871258628908718","0.021574428634904573","1.2367841499999999","0.5822222222222223","0.9575","1.2946456551488648","0.002857331897442719","100.0","1.0"
"OR-Library","test","orlib_port1_K05","31","5","0.1612903225806451","A_MPMO","0.9836172064208238","0.006663602491888816","0.8922222222222224","0.00979652989930339","0.017321208113997528","1.2332089000000002","0.5272222222222223","0.9780555555555556","1.3172077446926147","0.005375652743032559","100.0","1.0"
"OR-Library","test","orlib_port1_K05","31","5","0.1612903225806451","ECMADE_MOO","0.9842853370643815","0.005930239741196775","0.9113888888888889","0.00902496679165826","0.015869963730244456","3.9378967966666667","0.5283333333333334","0.9894444444444446","1.343707032251465","0.005061743018106064","100.0","1.0"
"OR-Library","test","orlib_port1_K10","31","10","0.3225806451612903","NSGAII","0.9595422596029041","0.021097409967806756","0.8452777777777778","0.049762727902166376","0.07075963063884894","0.8208570766666666","0.5277777777777778","0.9025","1.1558286309915748","0.004538286278674115","100.0","1.0"
"OR-Library","test","orlib_port1_K10","31","10","0.3225806451612903","SPEA2","0.9729450800012404","0.009947415235175115","0.913888888888889","0.01564876182832786","0.04691167995238082","2.82970373","0.6144444444444445","0.9505555555555555","1.2515181702747846","0.003666836696983734","100.0","1.0"
"OR-Library","test","orlib_port1_K10","31","10","0.3225806451612903","MOEAD","0.9287922230217126","0.054330591524767005","0.5866666666666667","0.0361921387035797","0.036626586744537254","4.012628686666667","0.2947222222222223","0.7002777777777776","0.827149240980818","0.004107289401661573","94.53333333333333","1.0"
"OR-Library","test","orlib_port1_K10","31","10","0.3225806451612903","GDE3","0.9478330302780356","0.025807406696255628","0.6597222222222222","0.02584520231007819","0.03473789502758872","1.0304642166666667","0.16305555555555556","0.8691666666666668","1.1195499560882716","0.0033015999068631854","100.0","1.0"
"OR-Library","test","orlib_port1_K10","31","10","0.3225806451612903","A_MPMO","0.9405393470533585","0.03833585332175905","0.7902777777777776","0.0854902415682076","0.07852669718630124","1.1255121599999998","0.5355555555555556","0.8388888888888889","1.0470857557155928","0.004144866758395606","100.0","1.0"
"OR-Library","test","orlib_port1_K10","31","10","0.3225806451612903","ECMADE_MOO","0.9682495224967727","0.011290858774172062","0.51","0.017938949433346146","0.028403663859149688","2.464458703333334","0.14916666666666661","0.9422222222222221","1.3270012316835518","0.004547777008406115","100.0","1.0"
"OR-Library","test","orlib_port1_K20","31","20","0.6451612903225806","NSGAII","0.884359686878863","0.057501479083774974","0.7544444444444444","0.11106811769555965","0.05965018899234902","0.9217126233333335","0.5680555555555554","0.788888888888889","0.7848278412011668","0.0036378748554459195","100.0","1.0"
"OR-Library","test","orlib_port1_K20","31","20","0.6451612903225806","SPEA2","0.943335159648912","0.02211423641676483","0.8488888888888889","0.03999054298843496","0.055084378183956804","2.4443288866666664","0.6333333333333333","0.8894444444444444","1.025087048227155","0.003604073104307537","100.0","1.0"
"OR-Library","test","orlib_port1_K20","31","20","0.6451612903225806","MOEAD","0.9218819523648517","0.07355721187224275","0.44166666666666665","0.0337940584395174","0.035975302610374925","3.8871552600000006","0.1622222222222222","0.5769444444444444","0.8151391867577191","0.00467609852524512","93.83333333333333","1.0"
"OR-Library","test","orlib_port1_K20","31","20","0.6451612903225806","GDE3","0.8491961064190667","0.06803121892429959","0.09111111111111111","0.07050993502417782","0.039447050289979566","1.120885216666667","0.014722222222222225","0.33527777777777773","0.8558787541353184","0.0038092155058723725","99.86666666666666","1.0"
"OR-Library","test","orlib_port1_K20","31","20","0.6451612903225806","A_MPMO","0.8269069515426792","0.0904080264761228","0.6102777777777778","0.102027192548077","0.04161200309584761","1.13142615","0.44416666666666677","0.6866666666666668","0.6389133830342141","0.0029347961505369305","100.0","1.0"
"OR-Library","test","orlib_port1_K20","31","20","0.6451612903225806","ECMADE_MOO","0.9597478930070841","0.014844828568558321","0.3266666666666666","0.024542387670429374","0.038333031147953826","2.379182903333333","0.06999999999999999","0.7769444444444443","1.3178777754296556","0.0049693970619472585","99.86666666666666","1.0"
"OR-Library","test","orlib_port1_K30","31","30","0.967741935483871","NSGAII","0.8339181968637263","0.09020280306371667","0.61","0.11587034841019751","0.058699199219552564","0.9482499533333334","0.37805555555555553","0.6905555555555556","0.6518666995634086","0.002721088979500905","100.0","1.0"
"OR-Library","test","orlib_port1_K30","31","30","0.967741935483871","SPEA2","0.91791771339105","0.038339131442918895","0.7752777777777777","0.07599811685337002","0.0631494473524385","2.3805753600000004","0.5183333333333333","0.8380555555555558","0.9091197879422153","0.003510946754168402","100.0","1.0"
"OR-Library","test","orlib_port1_K30","31","30","0.967741935483871","MOEAD","0.9168860906042622","0.07483553337449184","0.4552777777777778","0.04022016471936412","0.04233582276650493","3.753534393333333","0.2191666666666667","0.5777777777777777","0.7744989448634924","0.003876167395896598","92.0","1.0"
"OR-Library","test","orlib_port1_K30","31","30","0.967741935483871","GDE3","0.8311758523006886","0.08136536531529988","0.04972222222222222","0.10888476143964627","0.064262978903536","1.1427637866666667","0.006666666666666667","0.22583333333333336","0.8310578590805295","0.004280369504712055","97.73333333333333","1.0"
"OR-Library","test","orlib_port1_K30","31","30","0.967741935483871","A_MPMO","0.801447226486094","0.10888981137294025","0.47611111111111104","0.1167646747607098","0.0382988283080491","1.08225114","0.2586111111111111","0.6088888888888891","0.5916645966066448","0.002739374469439228","100.0","1.0"
"OR-Library","test","orlib_port1_K30","31","30","0.967741935483871","ECMADE_MOO","0.9620609385979882","0.014303010742184014","0.33777777777777784","0.023136495130676348","0.03631907718935102","2.2706747133333334","0.0811111111111111","0.8072222222222223","1.3173390776786362","0.00510587421499909","100.0","1.0"
"OR-Library","test","orlib_port2_K05","85","5","0.0588235294117647","NSGAII","1.1101368689000315","0.015458440518696518","0.8133333333333334","0.008515344925232739","0.04137206750104325","1.0759132266666667","0.48611111111111105","0.9191666666666668","1.2018705006323598","0.00575941822743851","100.0","1.0"
"OR-Library","test","orlib_port2_K05","85","5","0.0588235294117647","SPEA2","1.1103409347785664","0.014618697475427161","0.7650000000000001","0.00735914249207547","0.035618746478748804","3.1004986566666672","0.47499999999999987","0.9183333333333334","1.1967508847844737","0.00788138878504655","100.0","1.0"
"OR-Library","test","orlib_port2_K05","85","5","0.0588235294117647","MOEAD","1.002714536176208","0.25085679564323127","0.1638888888888889","0.04443334415293873","0.03235579060047628","5.37560549","0.11388888888888889","0.2191666666666667","0.29048231709197986","0.002290233945346609","82.76666666666667","1.0"
"OR-Library","test","orlib_port2_K05","85","5","0.0588235294117647","GDE3","1.072554421213183","0.17524601248210755","0.42305555555555563","0.06633459980564782","0.046399573167219856","1.2819711999999999","0.3319444444444446","0.46361111111111103","0.8736677382414653","0.004042328622763302","100.0","1.0"
"OR-Library","test","orlib_port2_K05","85","5","0.0588235294117647","A_MPMO","1.1009790562307513","0.046901105621200596","0.69","0.023210709386154528","0.06763208630324742","1.6345614433333335","0.4169444444444445","0.7969444444444446","1.0971998812318948","0.0051153456138106615","100.0","1.0"
"OR-Library","test","orlib_port2_K05","85","5","0.0588235294117647","ECMADE_MOO","1.1051615867208928","0.015515700555983614","0.75","0.014453025924031089","0.04645224587333623","3.2451594699999995","0.43","0.9069444444444446","1.2817964427466628","0.006646545205552287","100.0","1.0"
"OR-Library","test","orlib_port2_K10","85","10","0.1176470588235294","NSGAII","1.037893874165039","0.031047631860863328","0.8077777777777777","0.09513151466791095","0.05285917871267416","1.0977860099999999","0.6555555555555556","0.8475","0.8068182898542943","0.004078062582614571","100.0","1.0"
"OR-Library","test","orlib_port2_K10","85","10","0.1176470588235294","SPEA2","1.0484170785328641","0.02741477544695174","0.8330555555555557","0.07112295734118963","0.04025681388452486","2.6740683633333333","0.7441666666666666","0.8719444444444444","0.8293122115345404","0.004445684942392205","100.0","1.0"
"OR-Library","test","orlib_port2_K10","85","10","0.1176470588235294","MOEAD","0.9833077503505055","0.14038374641500898","0.3533333333333333","0.04977338007961821","0.02327272088758632","7.050186003333333","0.2516666666666667","0.4241666666666666","0.2853841824584855","0.0022433124588465527","86.13333333333334","1.0"
"OR-Library","test","orlib_port2_K10","85","10","0.1176470588235294","GDE3","0.9916086450144092","0.047154032547424236","0.7486111111111112","0.04448895669808911","0.018678349445962823","1.2942165199999998","0.6130555555555554","0.7913888888888888","0.7581008935026261","0.0036404392328953433","100.0","1.0"
"OR-Library","test","orlib_port2_K10","85","10","0.1176470588235294","A_MPMO","0.9817760321438628","0.053079190243048316","0.6927777777777777","0.1554128171687047","0.0567343651974899","1.6120925366666665","0.5463888888888889","0.7447222222222223","0.6835573608676896","0.0028597930104552905","100.0","1.0"
"OR-Library","test","orlib_port2_K10","85","10","0.1176470588235294","ECMADE_MOO","1.0543304814062722","0.025807936672981684","0.6002777777777777","0.07221585810218359","0.0504085199888186","2.8647192099999996","0.30166666666666664","0.77","1.0340179740177287","0.009514879790766458","99.96666666666667","1.0"
"OR-Library","test","orlib_port2_K20","85","20","0.2352941176470588","NSGAII","0.8610483354556853","0.0553359874220334","0.6997222222222221","0.11733469244534014","0.030887248596700723","1.1560133966666666","0.6458333333333335","0.7252777777777778","0.5577739929390406","0.002479203619310888","100.0","1.0"
"OR-Library","test","orlib_port2_K20","85","20","0.2352941176470588","SPEA2","0.9247516870537179","0.03991757114355632","0.7863888888888889","0.14048304329687475","0.031823043681180906","2.5364353733333336","0.7494444444444445","0.8083333333333335","0.641904112776971","0.0015835997980633905","100.0","1.0"
"OR-Library","test","orlib_port2_K20","85","20","0.2352941176470588","MOEAD","0.9743226017231071","0.17894220602267838","0.23861111111111108","0.05497053699285452","0.021334978380306627","6.815952573333334","0.16722222222222224","0.28833333333333333","0.2781176712612333","0.0025532400389596957","81.03333333333333","1.0"
"OR-Library","test","orlib_port2_K20","85","20","0.2352941176470588","GDE3","0.8653630211689833","0.05262662620385837","0.6341666666666667","0.07429088527964871","0.020494755945725356","1.2628345933333331","0.33388888888888885","0.7366666666666666","0.659331545229919","0.003634591039207164","99.93333333333334","1.0"
"OR-Library","test","orlib_port2_K20","85","20","0.2352941176470588","A_MPMO","0.800154256187925","0.07607321370894139","0.6072222222222223","0.09535972446626007","0.03129160511357257","1.5848618666666665","0.5219444444444445","0.6383333333333333","0.49309041514344953","0.002036555687496806","100.0","1.0"
"OR-Library","test","orlib_port2_K20","85","20","0.2352941176470588","ECMADE_MOO","1.0036339163075434","0.02796883631256459","0.5247222222222222","0.11315825004274345","0.05296747040926893","2.894240493333333","0.27416666666666667","0.7091666666666666","1.0185172680369143","0.01209486571653684","99.4","1.0"
"OR-Library","test","orlib_port2_K30","85","30","0.3529411764705882","NSGAII","0.7847295395954968","0.07574937121818467","0.6080555555555556","0.1303905920573466","0.02865912268620539","1.1575696333333334","0.5591666666666666","0.6297222222222222","0.4731668865940557","0.0022840892445757715","100.0","1.0"
"OR-Library","test","orlib_port2_K30","85","30","0.3529411764705882","SPEA2","0.845120489957571","0.054748056206673015","0.6877777777777776","0.10409361782768776","0.026155066298165396","2.5874949766666666","0.6527777777777779","0.7066666666666667","0.5435412866132396","0.0014703110749478623","100.0","1.0"
"OR-Library","test","orlib_port2_K30","85","30","0.3529411764705882","MOEAD","0.9649831465628719","0.1956685793749139","0.2258333333333333","0.04419563673492393","0.017911240955281616","7.322871763333333","0.15805555555555553","0.2816666666666667","0.2591062428573088","0.0024972312447905536","80.73333333333333","1.0"
"OR-Library","test","orlib_port2_K30","85","30","0.3529411764705882","GDE3","0.7858869224901464","0.07517597401175422","0.3394444444444444","0.11930147846567334","0.023498168214845683","0.9290085166666666","0.02277777777777778","0.5955555555555556","0.5938573598133858","0.004069518269597348","91.13333333333334","1.0"
"OR-Library","test","orlib_port2_K30","85","30","0.3529411764705882","A_MPMO","0.7261012940113968","0.09840485608610791","0.5316666666666666","0.11005544815074825","0.023320088505235707","1.6275031300000002","0.43694444444444436","0.5611111111111111","0.41494253137246406","0.0019374158080265906","100.0","1.0"
"OR-Library","test","orlib_port2_K30","85","30","0.3529411764705882","ECMADE_MOO","0.9767183396610969","0.034750351883608886","0.38749999999999996","0.10599795996007191","0.051353148176226736","2.62513449","0.15055555555555555","0.5983333333333334","0.9681881043827331","0.010751411126025201","96.1","1.0"
"OR-Library","test","orlib_port3_K05","89","5","0.0561797752808988","NSGAII","1.0022367943814292","0.007485204191653759","0.8397222222222223","0.014106304655560287","0.02251878068827971","1.04261933","0.44499999999999995","0.968888888888889","1.3027759118612385","0.00542877438258906","100.0","1.0"
"OR-Library","test","orlib_port3_K05","89","5","0.0561797752808988","SPEA2","1.0042146244845418","0.007408009092008031","0.8236111111111111","0.011685646324883827","0.021794411959138702","3.787910666666667","0.4636111111111111","0.9730555555555556","1.3133198726505664","0.0061865493063398645","100.0","1.0"
"OR-Library","test","orlib_port3_K05","89","5","0.0561797752808988","MOEAD","0.8811581102363065","0.13462649080618766","0.2383333333333333","0.05747957164859052","0.06067550741584789","5.831138280000002","0.11388888888888887","0.36777777777777776","0.5588650796262881","0.0037399819660323946","85.63333333333334","1.0"
"OR-Library","test","orlib_port3_K05","89","5","0.0561797752808988","GDE3","0.9884138557637161","0.046967690363562735","0.6977777777777778","0.029594409021115313","0.038099672414916956","1.17997485","0.43805555555555553","0.7449999999999999","1.0667645779405401","0.002992745143833263","100.0","1.0"
"OR-Library","test","orlib_port3_K05","89","5","0.0561797752808988","A_MPMO","0.993243962523038","0.018185682637498517","0.7083333333333335","0.025368780276450332","0.04745089042183036","1.6023579933333332","0.3586111111111111","0.8811111111111111","1.228198448373002","0.00552736311699367","100.0","1.0"
"OR-Library","test","orlib_port3_K05","89","5","0.0561797752808988","ECMADE_MOO","0.9999637766899325","0.009486718979805566","0.7150000000000001","0.013860548526874683","0.02859369489071691","3.5837787633333327","0.3286111111111112","0.9480555555555554","1.3054521447363274","0.004801892953447696","100.0","1.0"
"OR-Library","test","orlib_port3_K10","89","10","0.1123595505617977","NSGAII","0.9763288028204217","0.030837165601805588","0.7738888888888888","0.06991325750677238","0.0745954666790599","1.0841932266666667","0.44194444444444436","0.8566666666666668","1.0321789050020884","0.004237788656355403","100.0","1.0"
"OR-Library","test","orlib_port3_K10","89","10","0.1123595505617977","SPEA2","0.9888057319917791","0.020335170320659877","0.8299999999999998","0.03335494851398718","0.04827369215957209","2.6332083833333333","0.5372222222222223","0.8963888888888889","1.0838161653140221","0.005107712832211692","100.0","1.0"
"OR-Library","test","orlib_port3_K10","89","10","0.1123595505617977","MOEAD","0.8772817070361139","0.1095621270670608","0.35000000000000003","0.06256022182412257","0.04435343696387745","5.304843726666666","0.20611111111111108","0.4702777777777778","0.46047442825490814","0.0031228405317453582","86.06666666666666","1.0"
"OR-Library","test","orlib_port3_K10","89","10","0.1123595505617977","GDE3","0.9510023348829032","0.05421119148321323","0.7133333333333333","0.06211172657561765","0.04918015504677207","1.16590613","0.46055555555555555","0.7897222222222221","0.8760588823275038","0.002949060613931908","100.0","1.0"
"OR-Library","test","orlib_port3_K10","89","10","0.1123595505617977","A_MPMO","0.8929215854526724","0.1018001239108526","0.5605555555555556","0.13949686383187154","0.06927649231605003","1.6214793033333335","0.30083333333333334","0.6405555555555557","0.7341575274594251","0.002887679276124845","100.0","1.0"
"OR-Library","test","orlib_port3_K10","89","10","0.1123595505617977","ECMADE_MOO","0.9783823066342106","0.02792850851778021","0.4727777777777778","0.058292387053497395","0.09626096078516462","2.933770123333333","0.1275","0.803611111111111","1.0988768658850343","0.006268005611002578","100.0","1.0"
"OR-Library","test","orlib_port3_K20","89","20","0.2247191011235955","NSGAII","0.7887264774471368","0.08027658446367149","0.6655555555555555","0.11834043136084017","0.039157810541130836","1.0981329899999999","0.5461111111111111","0.7086111111111112","0.5702083708621205","0.0024312599371505987","100.0","1.0"
"OR-Library","test","orlib_port3_K20","89","20","0.2247191011235955","SPEA2","0.8328623625746997","0.06357067967304061","0.7444444444444444","0.14143822441695494","0.0379041393961439","2.2909557466666666","0.6674999999999999","0.7680555555555556","0.6387775775006144","0.002128467942028853","100.0","1.0"
"OR-Library","test","orlib_port3_K20","89","20","0.2247191011235955","MOEAD","0.874985632716871","0.153605883240738","0.24916666666666665","0.05729602890766988","0.04097795575824499","5.215489486666667","0.11583333333333336","0.31916666666666665","0.4823346644036602","0.0036024016167851905","86.16666666666667","1.0"
"OR-Library","test","orlib_port3_K20","89","20","0.2247191011235955","GDE3","0.8463036591661285","0.057500642898240376","0.5544444444444444","0.09806326072075212","0.03265847485002109","1.166680236666667","0.13361111111111112","0.7680555555555556","0.7169064972818874","0.00298145098619107","100.0","1.0"
"OR-Library","test","orlib_port3_K20","89","20","0.2247191011235955","A_MPMO","0.7404633278925271","0.1011554917703201","0.5497222222222222","0.1216394545086845","0.03736259907611349","1.643379366666667","0.3494444444444444","0.6202777777777777","0.5183715965543931","0.002441230577456826","99.96666666666667","1.0"
"OR-Library","test","orlib_port3_K20","89","20","0.2247191011235955","ECMADE_MOO","0.9363319526352146","0.030448264164147858","0.29027777777777775","0.08912285173777336","0.08002052261747598","2.5871906200000003","0.07277777777777777","0.6066666666666667","1.0570814131559112","0.007292773445007185","99.9","1.0"
"OR-Library","test","orlib_port3_K30","89","30","0.3370786516853932","NSGAII","0.7180349053491206","0.12161341286109609","0.5652777777777778","0.09432193329359452","0.025072160281879072","1.12667087","0.44416666666666665","0.5972222222222224","0.4492407712774066","0.0019301861063212424","100.0","1.0"
"OR-Library","test","orlib_port3_K30","89","30","0.3370786516853932","SPEA2","0.7852960406252324","0.08947450429842875","0.6586111111111109","0.12546783937270412","0.03624677849075708","2.69381628","0.5891666666666668","0.6855555555555556","0.5589317560710411","0.001996623781000458","100.0","1.0"
"OR-Library","test","orlib_port3_K30","89","30","0.3370786516853932","MOEAD","0.8611527627095598","0.16495568012660006","0.20972222222222225","0.053118332012057026","0.05075459749481004","6.4084039299999995","0.1061111111111111","0.28194444444444444","0.47447349260605753","0.0036774116020073704","85.76666666666667","1.0"
"OR-Library","test","orlib_port3_K30","89","30","0.3370786516853932","GDE3","0.7696662167942229","0.09147885696826691","0.20805555555555558","0.1061740459936944","0.037850831562357676","1.1855116166666666","0.014166666666666668","0.4697222222222222","0.6278971950367125","0.0036790755008272104","98.16666666666667","1.0"
"OR-Library","test","orlib_port3_K30","89","30","0.3370786516853932","A_MPMO","0.686346914679651","0.13620217064611415","0.46166666666666667","0.10647162051644232","0.030446673888356823","1.6819425766666665","0.24416666666666664","0.5394444444444443","0.4284405659177615","0.0018285996329692785","100.0","1.0"
"OR-Library","test","orlib_port3_K30","89","30","0.3370786516853932","ECMADE_MOO","0.8956584164670648","0.043691671112115284","0.23055555555555557","0.1307821344302947","0.08203197256245578","2.865226993333333","0.06722222222222222","0.4408333333333333","0.9474201659980176","0.007081575232197869","99.93333333333334","1.0"
"OR-Library","test","orlib_port4_K05","98","5","0.0510204081632653","NSGAII","1.0741173687247274","0.006289019246037813","0.8466666666666666","0.010153787560436474","0.016935438653228076","1.1458836966666666","0.44972222222222225","0.9872222222222223","1.2808758981789896","0.005869671779334614","100.0","1.0"
"OR-Library","test","orlib_port4_K05","98","5","0.0510204081632653","SPEA2","1.0755389910457447","0.006445878380902195","0.8547222222222222","0.009118302342009874","0.02292286757488034","3.71889707","0.46694444444444444","0.9758333333333333","1.2826033503643697","0.006043327221418333","100.0","1.0"
"OR-Library","test","orlib_port4_K05","98","5","0.0510204081632653","MOEAD","0.9626536729934235","0.18813191405625723","0.06166666666666666","0.08704684527129998","0.0436725295356436","5.792215136666668","0.01888888888888889","0.19805555555555557","0.4701908356623979","0.0032820251034717265","83.63333333333334","1.0"
"OR-Library","test","orlib_port4_K05","98","5","0.0510204081632653","GDE3","1.0513954952477824","0.08626327610676852","0.4422222222222222","0.051369574570408416","0.037984940488612194","1.1828460533333331","0.24472222222222223","0.5705555555555556","1.0167872865589895","0.003183347569244501","100.0","1.0"
"OR-Library","test","orlib_port4_K05","98","5","0.0510204081632653","A_MPMO","1.067823820132975","0.022503968243352806","0.6361111111111112","0.024766756185597084","0.04204180433449671","1.6822496799999997","0.3194444444444445","0.8338888888888888","1.2211245589944406","0.005848078445744515","100.0","1.0"
"OR-Library","test","orlib_port4_K05","98","5","0.0510204081632653","ECMADE_MOO","1.060713658645881","0.017327455240352736","0.48555555555555563","0.040241385074176676","0.0341869318575464","3.5978037400000002","0.2336111111111111","0.7391666666666669","1.2812195050230886","0.005291621155787143","100.0","1.0"
"OR-Library","test","orlib_port4_K10","98","10","0.1020408163265306","NSGAII","1.0087591953997166","0.044196349187182245","0.7477777777777777","0.10303677627594648","0.059911655827122996","1.1563734233333334","0.4933333333333334","0.8013888888888888","0.9012468600873582","0.0042240674901723955","100.0","1.0"
"OR-Library","test","orlib_port4_K10","98","10","0.1020408163265306","SPEA2","1.0471604273297042","0.0200699925944805","0.8686111111111111","0.04788504343774688","0.046425771743428754","3.39599678","0.5633333333333332","0.9069444444444446","1.0724948651728847","0.005310844575115553","100.0","1.0"
"OR-Library","test","orlib_port4_K10","98","10","0.1020408163265306","MOEAD","0.9562852229006589","0.09385379253654587","0.3933333333333334","0.05456129758890862","0.02875226432193397","5.68496403","0.23777777777777778","0.5166666666666667","0.4343368421454377","0.002816310676384133","87.5","1.0"
"OR-Library","test","orlib_port4_K10","98","10","0.1020408163265306","GDE3","0.9952454804151513","0.05349926532457805","0.6919444444444445","0.0693710329996386","0.03717614600584726","1.171643673333333","0.40750000000000003","0.7652777777777778","0.8591286116969067","0.003049466829982983","100.0","1.0"
"OR-Library","test","orlib_port4_K10","98","10","0.1020408163265306","A_MPMO","0.9736838278223302","0.06629777177870635","0.6255555555555556","0.13294684711330862","0.07181413592718741","1.7459290233333336","0.33666666666666667","0.7077777777777777","0.8365656420342058","0.003424655654278869","100.0","1.0"
"OR-Library","test","orlib_port4_K10","98","10","0.1020408163265306","ECMADE_MOO","1.0132883581226042","0.039362359204162124","0.3308333333333333","0.0814556651666287","0.05615878390461472","2.7646183933333335","0.08388888888888887","0.5877777777777777","1.033226173735658","0.005839059500578326","99.93333333333334","1.0"
"OR-Library","test","orlib_port4_K20","98","20","0.2040816326530612","NSGAII","0.8778057734323342","0.03839088706933372","0.7983333333333333","0.10362531910143265","0.03802435301868149","1.2164281499999996","0.643888888888889","0.8386111111111112","0.6735745596025743","0.0029714164706608004","100.0","1.0"
"OR-Library","test","orlib_port4_K20","98","20","0.2040816326530612","SPEA2","0.9067319265284881","0.032233895139518104","0.8483333333333333","0.12156061877651922","0.03823710709508984","3.0745180566666668","0.7366666666666667","0.8705555555555553","0.7296761809402945","0.002318100127738011","100.0","1.0"
"OR-Library","test","orlib_port4_K20","98","20","0.2040816326530612","MOEAD","0.9162128765698658","0.11268479861882151","0.36277777777777775","0.0383480615546255","0.0192754243418297","6.4111356866666664","0.21000000000000002","0.4533333333333333","0.40312545959208906","0.0026606471427656746","86.43333333333334","1.0"
"OR-Library","test","orlib_port4_K20","98","20","0.2040816326530612","GDE3","0.8575441704110668","0.04260722006111069","0.6950000000000001","0.08033431483554423","0.02683519500271635","1.1930980566666665","0.4202777777777778","0.8025000000000001","0.698442119782164","0.0026644741420924502","100.0","1.0"
"OR-Library","test","orlib_port4_K20","98","20","0.2040816326530612","A_MPMO","0.8242473773128185","0.05326560663736528","0.6777777777777776","0.1365447444647813","0.0341746343506194","1.7005002999999996","0.44638888888888884","0.7516666666666666","0.6144025548593463","0.0025784722072994958","100.0","1.0"
"OR-Library","test","orlib_port4_K20","98","20","0.2040816326530612","ECMADE_MOO","0.9340623024751783","0.031569492650267865","0.42000000000000004","0.1812525961618112","0.06873163655574802","2.5059225933333336","0.16166666666666668","0.6816666666666666","0.9483463047155245","0.007024933984053938","99.56666666666666","1.0"
"OR-Library","test","orlib_port4_K30","98","30","0.3061224489795918","NSGAII","0.7989233681677543","0.06030676460585672","0.6783333333333333","0.11902310122569425","0.03426516736273572","1.2356550433333333","0.5638888888888889","0.7152777777777779","0.5515912740444076","0.002723323000265788","100.0","1.0"
"OR-Library","test","orlib_port4_K30","98","30","0.3061224489795918","SPEA2","0.8532770473392065","0.043560259508424744","0.7461111111111112","0.11682142064387932","0.027384571912714813","2.916493936666667","0.6752777777777778","0.7791666666666665","0.6328671794027715","0.0018080453373152555","100.0","1.0"
"OR-Library","test","orlib_port4_K30","98","30","0.3061224489795918","MOEAD","0.9291060839410087","0.145414815032884","0.2766666666666666","0.04320627272343516","0.023236751581057966","5.842689933333334","0.15388888888888888","0.35694444444444445","0.39876644032692443","0.0028343747996516294","86.1","1.0"
"OR-Library","test","orlib_port4_K30","98","30","0.3061224489795918","GDE3","0.8197234468519693","0.05181979628549111","0.6194444444444446","0.09822507884373291","0.028317554882735536","1.1672788766666664","0.26","0.7469444444444445","0.663847440032191","0.0028374263588047005","100.0","1.0"
"OR-Library","test","orlib_port4_K30","98","30","0.3061224489795918","A_MPMO","0.7793906176834678","0.06647421202999448","0.601111111111111","0.10895844598802738","0.02879059859146682","1.757024156666667","0.35138888888888886","0.6858333333333334","0.5310253724082041","0.0021517031867440517","100.0","1.0"
"OR-Library","test","orlib_port4_K30","98","30","0.3061224489795918","ECMADE_MOO","0.8980177534640834","0.04029950349793707","0.39583333333333326","0.22461940330203178","0.06875878601318129","2.4995257533333333","0.1747222222222222","0.5875","0.8988364263651245","0.006926224656951098","99.83333333333333","1.0"
"OR-Library","test","orlib_port5_K05","225","5","0.0222222222222222","NSGAII","1.0780336617016708","0.051371593819581965","0.6255555555555555","0.04602684646161339","0.09396384817821832","1.6001518566666668","0.35","0.7669444444444445","1.0346429411176166","0.0053755511444942596","100.0","1.0"
"OR-Library","test","orlib_port5_K05","225","5","0.0222222222222222","SPEA2","1.0752999047280243","0.06499275054580397","0.5749999999999998","0.04824868464275731","0.08474325588403225","4.253654513333333","0.3619444444444444","0.7005555555555554","0.9814499166905487","0.006554904469434664","100.0","1.0"
"OR-Library","test","orlib_port5_K05","225","5","0.0222222222222222","MOEAD","0.902483169587538","0.2622587087700701","0.04972222222222221","0.061453322859847025","0.03899929246742276","7.350274296666666","0.02138888888888889","0.07583333333333334","0.18571046491366455","0.0018062557119389692","76.9","1.0"
"OR-Library","test","orlib_port5_K05","225","5","0.0222222222222222","GDE3","1.0386292023183266","0.107596260801794","0.28805555555555556","0.10199134901222814","0.08427081528816018","1.3912420033333333","0.1363888888888889","0.4447222222222222","0.8488600676598238","0.004429291196727043","97.96666666666667","1.0"
"OR-Library","test","orlib_port5_K05","225","5","0.0222222222222222","A_MPMO","1.0488591679474426","0.09783231504952906","0.33972222222222215","0.07569547506286549","0.08375935044985831","2.03839658","0.16777777777777778","0.47416666666666674","0.845264101608262","0.0041887928961916905","100.0","1.0"
"OR-Library","test","orlib_port5_K05","225","5","0.0222222222222222","ECMADE_MOO","1.0383248887207208","0.05071047496488","0.18","0.10174724467723614","0.06828442708616426","4.234648073333334","0.07694444444444444","0.3405555555555556","1.1034512331469888","0.005216412685965345","100.0","1.0"
"OR-Library","test","orlib_port5_K10","225","10","0.0444444444444444","NSGAII","1.0227778672662555","0.05422803782877937","0.6963888888888887","0.10537376135663856","0.06845006598405215","1.5257292433333336","0.451388888888889","0.7641666666666668","0.7398154547312613","0.0036893459284946984","100.0","1.0"
"OR-Library","test","orlib_port5_K10","225","10","0.0444444444444444","SPEA2","1.0468537683554486","0.03908487388265766","0.7836111111111109","0.06295907016933662","0.054075230764543784","3.2556729766666663","0.5983333333333334","0.8302777777777778","0.8104811103689719","0.003736298888186774","100.0","1.0"
"OR-Library","test","orlib_port5_K10","225","10","0.0444444444444444","MOEAD","0.904898922071021","0.20351700427678202","0.04333333333333334","0.05026213986080632","0.03433395741260219","6.105488939999999","0.006944444444444444","0.1166666666666667","0.17662751052495004","0.0018883869837356087","71.93333333333334","1.0"
"OR-Library","test","orlib_port5_K10","225","10","0.0444444444444444","GDE3","1.0043476714878943","0.06027461247523506","0.4363888888888889","0.06685516952474363","0.041086612908298174","1.3518832366666667","0.2066666666666667","0.6349999999999999","0.7964230887267175","0.005603352061058014","98.26666666666667","1.0"
"OR-Library","test","orlib_port5_K10","225","10","0.0444444444444444","A_MPMO","0.991607307496647","0.07155799446091096","0.4641666666666666","0.0787923253578979","0.03532081637062381","2.087862856666667","0.25972222222222224","0.6458333333333333","0.5970445026170229","0.0028060841153852278","100.0","1.0"
"OR-Library","test","orlib_port5_K10","225","10","0.0444444444444444","ECMADE_MOO","1.038523648800554","0.037634271086392945","0.21583333333333338","0.08881956254510377","0.06928958975362107","3.4952925200000005","0.06972222222222223","0.43861111111111123","1.1016073716807877","0.00729529524459141","100.0","1.0"
"OR-Library","test","orlib_port5_K20","225","20","0.0888888888888888","NSGAII","0.9842669280481393","0.038415743002763895","0.7491666666666666","0.09806219942167249","0.03609803510517522","1.62033863","0.5219444444444445","0.8161111111111115","0.5433314915734763","0.0022307849609177815","100.0","1.0"
"OR-Library","test","orlib_port5_K20","225","20","0.0888888888888888","SPEA2","1.002794244183228","0.032456878818823295","0.8352777777777778","0.06285338935247273","0.03281431936789265","3.4111051599999995","0.7022222222222221","0.8605555555555555","0.6028102747691898","0.001968827981850297","100.0","1.0"
"OR-Library","test","orlib_port5_K20","225","20","0.0888888888888888","MOEAD","0.8780255664022077","0.19537455694489173","0.0","0.054243399338488124","0.02671198104133233","6.140637659999999","0.0","0.026388888888888885","0.14036223015308294","0.0021210208015416255","64.73333333333333","1.0"
"OR-Library","test","orlib_port5_K20","225","20","0.0888888888888888","GDE3","0.9274838229430676","0.06168177195637211","0.0011111111111111111","0.0623188783336693","0.03369403728425192","1.3906792766666667","0.0","0.1025","0.7085567141473259","0.006294305733252792","79.0","1.0"
"OR-Library","test","orlib_port5_K20","225","20","0.0888888888888888","A_MPMO","0.9102238225926568","0.06273487648234138","0.2188888888888889","0.11381719625462337","0.03714771905296377","2.0079534133333334","0.020833333333333332","0.4877777777777777","0.44824424375890826","0.0025497896387818367","95.36666666666666","1.0"
"OR-Library","test","orlib_port5_K20","225","20","0.0888888888888888","ECMADE_MOO","1.0154555274150545","0.043729218453541746","0.018055555555555554","0.10026514041464289","0.058018604837756706","3.006230279999999","0.0027777777777777775","0.18583333333333335","1.00023313638564","0.009347638449312464","96.8","1.0"
"OR-Library","test","orlib_port5_K30","225","30","0.1333333333333333","NSGAII","0.9348590922107858","0.05569027657263811","0.5794444444444444","0.07193655235238118","0.029823795417258447","1.66024648","0.24194444444444443","0.7336111111111112","0.48597117723642824","0.0025202351023052667","99.03333333333333","1.0"
"OR-Library","test","orlib_port5_K30","225","30","0.1333333333333333","SPEA2","0.9795437603900641","0.04292973469038275","0.7975","0.06975141990464574","0.030375295034635954","3.296615273333333","0.5808333333333332","0.8372222222222221","0.5785066332334398","0.0023575924236076237","100.0","1.0"
"OR-Library","test","orlib_port5_K30","225","30","0.1333333333333333","MOEAD","0.8639302453843448","0.21625444217428266","0.0002777777777777778","0.05963593014848003","0.027387272061737307","6.059990933333334","0.0","0.0125","0.13270822333544743","0.00221059114406135","63.7","1.0"
"OR-Library","test","orlib_port5_K30","225","30","0.1333333333333333","GDE3","0.8278141602038678","0.10844208771807069","0.0","0.1158624377309518","0.03338829365961146","1.4101416466666665","0.0","0.0","0.6419878348818268","0.008016836672678775","56.5","1.0"
"OR-Library","test","orlib_port5_K30","225","30","0.1333333333333333","A_MPMO","0.8354951818568502","0.09253977638638967","0.010277777777777778","0.10266472739439168","0.031571728809184796","2.0323305866666668","0.0","0.2325","0.3718548122041269","0.0033762173366806325","80.2","1.0"
"OR-Library","test","orlib_port5_K30","225","30","0.1333333333333333","ECMADE_MOO","0.9941988958267985","0.05436232448408064","0.0033333333333333335","0.10041428908321304","0.05739738494405115","2.81909491","0.0027777777777777775","0.06861111111111111","0.9548448526223408","0.010809173055045695","84.0","1.0"
