split,instance,K,method,HV,IGD,PF_Overlap,PF_Drift,Diversity,Runtime
train,syn_n100_k05_cluster_corr_mixed_extreme_events_r03_s20260676,5,theta_011,1.099300243870112,0.010600242622462104,0.8738888888888888,0.020832662022811047,1.0369796677914942,2.392307006666667
train,syn_n100_k05_cluster_corr_mixed_extreme_events_r03_s20260676,5,theta_034,1.0816920430723493,0.02581135959095608,0.7011111111111111,0.025298707405514712,1.0163703622235574,2.8663499333333333
train,syn_n100_k05_cluster_corr_mixed_extreme_events_r03_s20260676,5,theta_037,1.0816920430723493,0.02581135959095608,0.7011111111111111,0.025298707405514712,1.0163703622235574,2.8399373100000003
train,syn_n100_k05_cluster_corr_mixed_extreme_events_r03_s20260676,5,theta_045,1.0816920430723493,0.02581135959095608,0.7011111111111111,0.025298707405514712,1.0163703622235574,3.495641300000001
train,syn_n100_k05_cluster_corr_mixed_extreme_events_r03_s20260676,5,theta_047,1.0816920430723493,0.02581135959095608,0.7011111111111111,0.025298707405514712,1.0163703622235574,4.495599823333334
train,syn_n100_k05_cluster_corr_mixed_extreme_events_r03_s20260676,5,theta_067,1.0994797469378699,0.009935125182742867,0.8922222222222221,0.018604516555538648,1.031534598178239,6.035130230000001
train,syn_n100_k05_cluster_corr_mixed_extreme_events_r03_s20260676,5,theta_076,1.0994797469378699,0.009935125182742867,0.8922222222222221,0.018604516555538648,1.031534598178239,3.6928911266666673
train,syn_n100_k05_cluster_corr_mixed_extreme_events_r03_s20260676,5,theta_078,1.0994797469378699,0.009935125182742867,0.8922222222222221,0.018604516555538648,1.031534598178239,3.648743616666666
train,syn_n100_k05_cluster_corr_mixed_extreme_events_r03_s20260676,5,theta_084,1.092163537021846,0.015698639954658266,0.7897222222222222,0.024799570669232898,1.0210427319198867,3.1211321733333337
train,syn_n100_k05_cluster_corr_mixed_extreme_events_r03_s20260676,5,theta_086,1.092163537021846,0.015698639954658266,0.7897222222222222,0.024799570669232898,1.0210427319198867,3.061009746666666
train,syn_n100_k05_cluster_corr_mixed_extreme_events_r03_s20260676,5,theta_089,1.092163537021846,0.015698639954658266,0.7897222222222222,0.024799570669232898,1.0210427319198867,4.1493317733333335
train,syn_n100_k05_cluster_corr_mixed_extreme_events_r03_s20260676,5,theta_118,1.0853219050240184,0.021832980052717076,0.8136111111111112,0.02557510084057831,1.0601286981106317,3.9324471066666664
train,syn_n100_k05_cluster_corr_mixed_extreme_events_r03_s20260676,5,theta_131,1.0853219050240184,0.021832980052717076,0.8136111111111112,0.02557510084057831,1.0601286981106317,3.8209299533333327
train,syn_n100_k05_cluster_corr_mixed_extreme_events_r03_s20260676,5,theta_132,1.0853219050240184,0.021832980052717076,0.8136111111111112,0.02557510084057831,1.0601286981106317,3.908895463333334
train,syn_n100_k05_cluster_corr_mixed_extreme_events_r03_s20260676,5,theta_144,1.095546920451116,0.014042423935877428,0.8261111111111111,0.020968794491205766,1.0275587894646985,5.595559123333334
train,syn_n100_k05_cluster_corr_mixed_extreme_events_r03_s20260676,5,theta_159,1.095546920451116,0.014042423935877428,0.8261111111111111,0.020968794491205766,1.0275587894646985,4.483186186666667
train,syn_n100_k05_cluster_corr_mixed_extreme_events_r03_s20260676,5,theta_164,1.0898230432784544,0.01645381906568747,0.7266666666666667,0.025069570736791693,1.0278106242852203,3.861625306666667
train,syn_n100_k05_cluster_corr_mixed_extreme_events_r03_s20260676,5,theta_170,1.0898230432784544,0.01645381906568747,0.7266666666666667,0.025069570736791693,1.0278106242852203,4.3001401066666665
train,syn_n100_k05_cluster_corr_mixed_extreme_events_r03_s20260676,5,theta_175,1.0898230432784544,0.01645381906568747,0.7266666666666667,0.025069570736791693,1.0278106242852203,4.097053466666668
train,syn_n100_k05_cluster_corr_mixed_extreme_events_r03_s20260676,5,theta_189,1.0898230432784544,0.01645381906568747,0.7266666666666667,0.025069570736791693,1.0278106242852203,4.564226363333333
train,syn_n100_k05_cluster_corr_mixed_extreme_events_r03_s20260676,5,theta_200,1.0899341886935794,0.017872382648654712,0.7963888888888889,0.026101798103020945,1.0468675045550166,9.206473373333331
train,syn_n100_k05_cluster_corr_mixed_extreme_events_r03_s20260676,5,theta_223,1.0869291198477238,0.021090236905218423,0.7666666666666667,0.027451950691004676,1.0196512161814024,9.095117163333333
train,syn_n100_k05_cluster_corr_mixed_extreme_events_r03_s20260676,5,theta_234,1.0869291198477238,0.021090236905218423,0.7666666666666667,0.027451950691004676,1.0196512161814024,9.032930653333333
train,syn_n100_k05_cluster_corr_mixed_extreme_events_r03_s20260676,5,theta_237,1.0869291198477238,0.021090236905218423,0.7666666666666667,0.027451950691004676,1.0196512161814024,3.9462207433333334
train,syn_n100_k05_high_corr_heavy_tail_extreme_events_r01_s20260681,5,theta_011,1.1288754211339922,0.005457933514203926,0.9469444444444445,0.02227975542272065,0.8574722835886256,4.927841926666667
train,syn_n100_k05_high_corr_heavy_tail_extreme_events_r01_s20260681,5,theta_034,1.127680738996523,0.00685637232932154,0.923888888888889,0.030695480316975388,0.8481457758192515,3.451182363333333
train,syn_n100_k05_high_corr_heavy_tail_extreme_events_r01_s20260681,5,theta_037,1.127680738996523,0.00685637232932154,0.923888888888889,0.030695480316975388,0.8481457758192515,3.4533198266666663
train,syn_n100_k05_high_corr_heavy_tail_extreme_events_r01_s20260681,5,theta_045,1.127680738996523,0.00685637232932154,0.923888888888889,0.030695480316975388,0.8481457758192515,4.020853136666667
train,syn_n100_k05_high_corr_heavy_tail_extreme_events_r01_s20260681,5,theta_047,1.127680738996523,0.00685637232932154,0.923888888888889,0.030695480316975388,0.8481457758192515,4.727189856666667
train,syn_n100_k05_high_corr_heavy_tail_extreme_events_r01_s20260681,5,theta_067,1.1271596112567488,0.006246805738598483,0.9230555555555557,0.026541413475731832,0.8592552292138337,6.841722326666666
train,syn_n100_k05_high_corr_heavy_tail_extreme_events_r01_s20260681,5,theta_076,1.1271596112567488,0.006246805738598483,0.9230555555555557,0.026541413475731832,0.8592552292138337,4.137276263333335
train,syn_n100_k05_high_corr_heavy_tail_extreme_events_r01_s20260681,5,theta_078,1.1271596112567488,0.006246805738598483,0.9230555555555557,0.026541413475731832,0.8592552292138337,4.263707660000001
train,syn_n100_k05_high_corr_heavy_tail_extreme_events_r01_s20260681,5,theta_084,1.1262664311900195,0.008758980529152909,0.8763888888888889,0.033188308354572565,0.8776148049781299,3.5652471166666664
train,syn_n100_k05_high_corr_heavy_tail_extreme_events_r01_s20260681,5,theta_086,1.1262664311900195,0.008758980529152909,0.8763888888888889,0.033188308354572565,0.8776148049781299,3.543548
train,syn_n100_k05_high_corr_heavy_tail_extreme_events_r01_s20260681,5,theta_089,1.1262664311900195,0.008758980529152909,0.8763888888888889,0.033188308354572565,0.8776148049781299,4.48553742
train,syn_n100_k05_high_corr_heavy_tail_extreme_events_r01_s20260681,5,theta_118,1.1281298666477422,0.006919237820665986,0.9224999999999999,0.031637646171991246,0.8416784558879106,4.46716171
train,syn_n100_k05_high_corr_heavy_tail_extreme_events_r01_s20260681,5,theta_131,1.1281298666477422,0.006919237820665986,0.9224999999999999,0.031637646171991246,0.8416784558879106,4.58401906
train,syn_n100_k05_high_corr_heavy_tail_extreme_events_r01_s20260681,5,theta_132,1.1281298666477422,0.006919237820665986,0.9224999999999999,0.031637646171991246,0.8416784558879106,4.4656634933333335
train,syn_n100_k05_high_corr_heavy_tail_extreme_events_r01_s20260681,5,theta_144,1.1236219165968027,0.0094147972774068,0.881388888888889,0.03906804672664172,0.8643570271595179,6.0080731133333325
train,syn_n100_k05_high_corr_heavy_tail_extreme_events_r01_s20260681,5,theta_159,1.1236219165968027,0.0094147972774068,0.881388888888889,0.03906804672664172,0.8643570271595179,4.351739153333332
train,syn_n100_k05_high_corr_heavy_tail_extreme_events_r01_s20260681,5,theta_164,1.1224883671649846,0.013609748012528958,0.7630555555555556,0.036239083903385844,0.8646806604428332,4.23542803
train,syn_n100_k05_high_corr_heavy_tail_extreme_events_r01_s20260681,5,theta_170,1.1224883671649846,0.013609748012528958,0.7630555555555556,0.036239083903385844,0.8646806604428332,4.853950036666666
train,syn_n100_k05_high_corr_heavy_tail_extreme_events_r01_s20260681,5,theta_175,1.1224883671649846,0.013609748012528958,0.7630555555555556,0.036239083903385844,0.8646806604428332,4.627204036666667
train,syn_n100_k05_high_corr_heavy_tail_extreme_events_r01_s20260681,5,theta_189,1.1224883671649846,0.013609748012528958,0.7630555555555556,0.036239083903385844,0.8646806604428332,4.687041296666667
train,syn_n100_k05_high_corr_heavy_tail_extreme_events_r01_s20260681,5,theta_200,1.1255275325059209,0.008117368259931817,0.8922222222222225,0.03590145788617522,0.8818845520352948,10.579661233333331
train,syn_n100_k05_high_corr_heavy_tail_extreme_events_r01_s20260681,5,theta_223,1.1220379941348952,0.01178420584283018,0.8213888888888888,0.03263410102262855,0.867054202985404,10.69397628
train,syn_n100_k05_high_corr_heavy_tail_extreme_events_r01_s20260681,5,theta_234,1.1220379941348952,0.01178420584283018,0.8213888888888888,0.03263410102262855,0.867054202985404,10.608867446666665
train,syn_n100_k05_high_corr_heavy_tail_extreme_events_r01_s20260681,5,theta_237,1.1220379941348952,0.01178420584283018,0.8213888888888888,0.03263410102262855,0.867054202985404,4.638041996666667
train,syn_n100_k05_high_corr_mixed_high_vol_r02_s20260675,5,theta_011,1.0527060513860607,0.01884951244119386,0.7958333333333333,0.04390367309500427,1.0794327768654692,4.187218803333334
train,syn_n100_k05_high_corr_mixed_high_vol_r02_s20260675,5,theta_034,1.0437357634963844,0.023491709126525668,0.7988888888888889,0.05213954527611062,1.095612297671728,3.3904950933333335
train,syn_n100_k05_high_corr_mixed_high_vol_r02_s20260675,5,theta_037,1.0437357634963844,0.023491709126525668,0.7988888888888889,0.05213954527611062,1.095612297671728,3.3896592800000005
train,syn_n100_k05_high_corr_mixed_high_vol_r02_s20260675,5,theta_045,1.0437357634963844,0.023491709126525668,0.7988888888888889,0.05213954527611062,1.095612297671728,3.9365454566666664
train,syn_n100_k05_high_corr_mixed_high_vol_r02_s20260675,5,theta_047,1.0437357634963844,0.023491709126525668,0.7988888888888889,0.05213954527611062,1.095612297671728,4.659726289999999
train,syn_n100_k05_high_corr_mixed_high_vol_r02_s20260675,5,theta_067,1.0531121732572093,0.018914982379084906,0.8074999999999999,0.04122306317011926,1.1118255053275703,5.84584368
train,syn_n100_k05_high_corr_mixed_high_vol_r02_s20260675,5,theta_076,1.0531121732572093,0.018914982379084906,0.8074999999999999,0.04122306317011926,1.1118255053275703,4.103988996666667
train,syn_n100_k05_high_corr_mixed_high_vol_r02_s20260675,5,theta_078,1.0531121732572093,0.018914982379084906,0.8074999999999999,0.04122306317011926,1.1118255053275703,4.137069253333333
train,syn_n100_k05_high_corr_mixed_high_vol_r02_s20260675,5,theta_084,1.0436313689684538,0.025208899801873005,0.7358333333333335,0.04795883453877965,1.0863341602885863,3.5844556933333327
train,syn_n100_k05_high_corr_mixed_high_vol_r02_s20260675,5,theta_086,1.0436313689684538,0.025208899801873005,0.7358333333333335,0.04795883453877965,1.0863341602885863,3.694488363333333
train,syn_n100_k05_high_corr_mixed_high_vol_r02_s20260675,5,theta_089,1.0436313689684538,0.025208899801873005,0.7358333333333335,0.04795883453877965,1.0863341602885863,4.467565100000001
train,syn_n100_k05_high_corr_mixed_high_vol_r02_s20260675,5,theta_118,1.0450792558130566,0.026522815810315736,0.7625,0.06511289808984588,1.0852381249835665,4.346004766666668
train,syn_n100_k05_high_corr_mixed_high_vol_r02_s20260675,5,theta_131,1.0450792558130566,0.026522815810315736,0.7625,0.06511289808984588,1.0852381249835665,4.293058796666667
train,syn_n100_k05_high_corr_mixed_high_vol_r02_s20260675,5,theta_132,1.0450792558130566,0.026522815810315736,0.7625,0.06511289808984588,1.0852381249835665,4.456667536666667
train,syn_n100_k05_high_corr_mixed_high_vol_r02_s20260675,5,theta_144,1.0375042006989899,0.025174444623182603,0.7508333333333334,0.04617581340276995,1.140755130812848,5.9441162200000015
train,syn_n100_k05_high_corr_mixed_high_vol_r02_s20260675,5,theta_159,1.0375042006989899,0.025174444623182603,0.7508333333333334,0.04617581340276995,1.140755130812848,4.344486493333333
train,syn_n100_k05_high_corr_mixed_high_vol_r02_s20260675,5,theta_164,1.0417760971551155,0.025542064299992187,0.6994444444444444,0.05601578765432505,1.1091769126276596,4.1585944066666665
train,syn_n100_k05_high_corr_mixed_high_vol_r02_s20260675,5,theta_170,1.0417760971551155,0.025542064299992187,0.6994444444444444,0.05601578765432505,1.1091769126276596,4.733204553333334
train,syn_n100_k05_high_corr_mixed_high_vol_r02_s20260675,5,theta_175,1.0417760971551155,0.025542064299992187,0.6994444444444444,0.05601578765432505,1.1091769126276596,4.9892311933333335
train,syn_n100_k05_high_corr_mixed_high_vol_r02_s20260675,5,theta_189,1.0417760971551155,0.025542064299992187,0.6994444444444444,0.05601578765432505,1.1091769126276596,4.547135246666667
train,syn_n100_k05_high_corr_mixed_high_vol_r02_s20260675,5,theta_200,1.0418398318849247,0.028918764122507667,0.6988888888888887,0.05411768380125382,1.0632029837508652,10.804086966666665
train,syn_n100_k05_high_corr_mixed_high_vol_r02_s20260675,5,theta_223,1.0419120285163208,0.027483620861786785,0.7613888888888891,0.06374771536773614,1.1046743363009404,10.278849726666667
train,syn_n100_k05_high_corr_mixed_high_vol_r02_s20260675,5,theta_234,1.0419120285163208,0.027483620861786785,0.7613888888888891,0.06374771536773614,1.1046743363009404,10.260780376666665
train,syn_n100_k05_high_corr_mixed_high_vol_r02_s20260675,5,theta_237,1.0419120285163208,0.027483620861786785,0.7613888888888891,0.06374771536773614,1.1046743363009404,4.3753796566666665
train,syn_n100_k05_high_corr_normal_low_vol_r03_s20260679,5,theta_011,1.1313312547015015,0.00957293983267764,0.8841666666666667,0.020504158097137945,0.7302989258565679,3.5642364699999995
train,syn_n100_k05_high_corr_normal_low_vol_r03_s20260679,5,theta_034,1.1202060940088254,0.018898861689000256,0.8466666666666668,0.055701853216488205,0.7774847451659915,3.4071841766666666
train,syn_n100_k05_high_corr_normal_low_vol_r03_s20260679,5,theta_037,1.1202060940088254,0.018898861689000256,0.8466666666666668,0.055701853216488205,0.7774847451659915,3.390231823333333
train,syn_n100_k05_high_corr_normal_low_vol_r03_s20260679,5,theta_045,1.1202060940088254,0.018898861689000256,0.8466666666666668,0.055701853216488205,0.7774847451659915,4.1963749833333335
train,syn_n100_k05_high_corr_normal_low_vol_r03_s20260679,5,theta_047,1.1202060940088254,0.018898861689000256,0.8466666666666668,0.055701853216488205,0.7774847451659915,4.897900933333333
train,syn_n100_k05_high_corr_normal_low_vol_r03_s20260679,5,theta_067,1.1288687818977665,0.011057343960571491,0.9055555555555554,0.03809461847351928,0.7729582133097473,5.557655886666666
train,syn_n100_k05_high_corr_normal_low_vol_r03_s20260679,5,theta_076,1.1288687818977665,0.011057343960571491,0.9055555555555554,0.03809461847351928,0.7729582133097473,4.247037803333333
train,syn_n100_k05_high_corr_normal_low_vol_r03_s20260679,5,theta_078,1.1288687818977665,0.011057343960571491,0.9055555555555554,0.03809461847351928,0.7729582133097473,4.179556316666667
train,syn_n100_k05_high_corr_normal_low_vol_r03_s20260679,5,theta_084,1.128636661199224,0.011472308361966409,0.907222222222222,0.021529584830286465,0.7443689561226388,3.4989841300000006
train,syn_n100_k05_high_corr_normal_low_vol_r03_s20260679,5,theta_086,1.128636661199224,0.011472308361966409,0.907222222222222,0.021529584830286465,0.7443689561226388,3.5235978633333334
train,syn_n100_k05_high_corr_normal_low_vol_r03_s20260679,5,theta_089,1.128636661199224,0.011472308361966409,0.907222222222222,0.021529584830286465,0.7443689561226388,4.40742127
train,syn_n100_k05_high_corr_normal_low_vol_r03_s20260679,5,theta_118,1.1263512961084527,0.01286337887009372,0.8924999999999997,0.02987085649797629,0.7859074975163105,4.296577839999999
train,syn_n100_k05_high_corr_normal_low_vol_r03_s20260679,5,theta_131,1.1263512961084527,0.01286337887009372,0.8924999999999997,0.02987085649797629,0.7859074975163105,4.289126483333333
train,syn_n100_k05_high_corr_normal_low_vol_r03_s20260679,5,theta_132,1.1263512961084527,0.01286337887009372,0.8924999999999997,0.02987085649797629,0.7859074975163105,4.284825406666667
train,syn_n100_k05_high_corr_normal_low_vol_r03_s20260679,5,theta_144,1.118184120512005,0.020580602193066875,0.8486111111111111,0.05249281900860752,0.7888326937161309,6.936900623333335
train,syn_n100_k05_high_corr_normal_low_vol_r03_s20260679,5,theta_159,1.118184120512005,0.020580602193066875,0.8486111111111111,0.05249281900860752,0.7888326937161309,5.850874016666666
train,syn_n100_k05_high_corr_normal_low_vol_r03_s20260679,5,theta_164,1.1268371568222963,0.012453568514087495,0.8191666666666666,0.036551135926919366,0.7955196135425185,4.195585883333333
train,syn_n100_k05_high_corr_normal_low_vol_r03_s20260679,5,theta_170,1.1268371568222963,0.012453568514087495,0.8191666666666666,0.036551135926919366,0.7955196135425185,4.627644703333334
train,syn_n100_k05_high_corr_normal_low_vol_r03_s20260679,5,theta_175,1.1268371568222963,0.012453568514087495,0.8191666666666666,0.036551135926919366,0.7955196135425185,4.645759506666667
train,syn_n100_k05_high_corr_normal_low_vol_r03_s20260679,5,theta_189,1.1268371568222963,0.012453568514087495,0.8191666666666666,0.036551135926919366,0.7955196135425185,4.212914690000001
train,syn_n100_k05_high_corr_normal_low_vol_r03_s20260679,5,theta_200,1.1168010141320157,0.020824600815437685,0.8352777777777778,0.059701442264370005,0.8122764429887438,10.412061106666666
train,syn_n100_k05_high_corr_normal_low_vol_r03_s20260679,5,theta_223,1.119281107934331,0.017105754669828117,0.8627777777777778,0.041583168294616835,0.7818028129316338,10.437777166666669
train,syn_n100_k05_high_corr_normal_low_vol_r03_s20260679,5,theta_234,1.119281107934331,0.017105754669828117,0.8627777777777778,0.041583168294616835,0.7818028129316338,10.323797613333337
train,syn_n100_k05_high_corr_normal_low_vol_r03_s20260679,5,theta_237,1.119281107934331,0.017105754669828117,0.8627777777777778,0.041583168294616835,0.7818028129316338,4.397997863333334
train,syn_n100_k05_low_corr_heavy_tail_high_vol_r03_s20260677,5,theta_011,1.1646611531525262,0.017115291163116338,0.8572222222222223,0.039606777563844765,0.803678704054088,2.7780475200000003
train,syn_n100_k05_low_corr_heavy_tail_high_vol_r03_s20260677,5,theta_034,1.1550711907299775,0.02310561677429517,0.8433333333333333,0.037929307059384826,0.7776683628974986,2.854428226666667
train,syn_n100_k05_low_corr_heavy_tail_high_vol_r03_s20260677,5,theta_037,1.1550711907299775,0.02310561677429517,0.8433333333333333,0.037929307059384826,0.7776683628974986,2.732298203333334
train,syn_n100_k05_low_corr_heavy_tail_high_vol_r03_s20260677,5,theta_045,1.1550711907299775,0.02310561677429517,0.8433333333333333,0.037929307059384826,0.7776683628974986,3.2809884566666656
train,syn_n100_k05_low_corr_heavy_tail_high_vol_r03_s20260677,5,theta_047,1.1550711907299775,0.02310561677429517,0.8433333333333333,0.037929307059384826,0.7776683628974986,3.684133016666666
train,syn_n100_k05_low_corr_heavy_tail_high_vol_r03_s20260677,5,theta_067,1.1624892426008158,0.01863108390477499,0.8494444444444446,0.05381008868551817,0.8050045252732649,4.486310153333333
train,syn_n100_k05_low_corr_heavy_tail_high_vol_r03_s20260677,5,theta_076,1.1624892426008158,0.01863108390477499,0.8494444444444446,0.05381008868551817,0.8050045252732649,3.533495736666666
train,syn_n100_k05_low_corr_heavy_tail_high_vol_r03_s20260677,5,theta_078,1.1624892426008158,0.01863108390477499,0.8494444444444446,0.05381008868551817,0.8050045252732649,3.5819388833333337
train,syn_n100_k05_low_corr_heavy_tail_high_vol_r03_s20260677,5,theta_084,1.1580329229370512,0.020028980469163047,0.8702777777777778,0.03175192604229508,0.7548100977687852,2.8603481533333333
train,syn_n100_k05_low_corr_heavy_tail_high_vol_r03_s20260677,5,theta_086,1.1580329229370512,0.020028980469163047,0.8702777777777778,0.03175192604229508,0.7548100977687852,2.8766389
train,syn_n100_k05_low_corr_heavy_tail_high_vol_r03_s20260677,5,theta_089,1.1580329229370512,0.020028980469163047,0.8702777777777778,0.03175192604229508,0.7548100977687852,3.7457108033333335
train,syn_n100_k05_low_corr_heavy_tail_high_vol_r03_s20260677,5,theta_118,1.154430505654038,0.024300590059353807,0.8194444444444446,0.052582741027823766,0.8222358603514575,3.8388637699999992
train,syn_n100_k05_low_corr_heavy_tail_high_vol_r03_s20260677,5,theta_131,1.154430505654038,0.024300590059353807,0.8194444444444446,0.052582741027823766,0.8222358603514575,3.8824199833333335
train,syn_n100_k05_low_corr_heavy_tail_high_vol_r03_s20260677,5,theta_132,1.154430505654038,0.024300590059353807,0.8194444444444446,0.052582741027823766,0.8222358603514575,3.90142858
train,syn_n100_k05_low_corr_heavy_tail_high_vol_r03_s20260677,5,theta_144,1.1584980855824907,0.020602950838657024,0.8436111111111112,0.033583115080610085,0.7876954755192872,6.347480676666665
train,syn_n100_k05_low_corr_heavy_tail_high_vol_r03_s20260677,5,theta_159,1.1584980855824907,0.020602950838657024,0.8436111111111112,0.033583115080610085,0.7876954755192872,3.4166782566666662
train,syn_n100_k05_low_corr_heavy_tail_high_vol_r03_s20260677,5,theta_164,1.1566184129504173,0.020465634629310038,0.8291666666666665,0.031544869672737626,0.7979057137760085,3.6860462266666665
train,syn_n100_k05_low_corr_heavy_tail_high_vol_r03_s20260677,5,theta_170,1.1566184129504173,0.020465634629310038,0.8291666666666665,0.031544869672737626,0.7979057137760085,3.7781013966666666
train,syn_n100_k05_low_corr_heavy_tail_high_vol_r03_s20260677,5,theta_175,1.1566184129504173,0.020465634629310038,0.8291666666666665,0.031544869672737626,0.7979057137760085,3.7288639433333333
train,syn_n100_k05_low_corr_heavy_tail_high_vol_r03_s20260677,5,theta_189,1.1566184129504173,0.020465634629310038,0.8291666666666665,0.031544869672737626,0.7979057137760085,3.601169443333333
train,syn_n100_k05_low_corr_heavy_tail_high_vol_r03_s20260677,5,theta_200,1.1610450495613773,0.01786791262847537,0.8480555555555556,0.049013519590968675,0.8471402088681563,9.519290359999998
train,syn_n100_k05_low_corr_heavy_tail_high_vol_r03_s20260677,5,theta_223,1.162515535901082,0.01745988218513003,0.8747222222222223,0.03991970648313463,0.7748421977508838,9.089964596666666
train,syn_n100_k05_low_corr_heavy_tail_high_vol_r03_s20260677,5,theta_234,1.162515535901082,0.01745988218513003,0.8747222222222223,0.03991970648313463,0.7748421977508838,8.711655603333334
train,syn_n100_k05_low_corr_heavy_tail_high_vol_r03_s20260677,5,theta_237,1.162515535901082,0.01745988218513003,0.8747222222222223,0.03991970648313463,0.7748421977508838,3.81536841
train,syn_n100_k05_low_corr_normal_low_vol_r01_s20260678,5,theta_011,1.1149540955051724,0.029525226571614504,0.7283333333333334,0.0462318454716819,1.1793651888741579,2.2069303066666666
train,syn_n100_k05_low_corr_normal_low_vol_r01_s20260678,5,theta_034,1.111884111397029,0.013872346117127081,0.8152777777777779,0.035745235898392735,1.2172294160337611,2.776050553333334
train,syn_n100_k05_low_corr_normal_low_vol_r01_s20260678,5,theta_037,1.111884111397029,0.013872346117127081,0.8152777777777779,0.035745235898392735,1.2172294160337611,2.788788063333333
train,syn_n100_k05_low_corr_normal_low_vol_r01_s20260678,5,theta_045,1.111884111397029,0.013872346117127081,0.8152777777777779,0.035745235898392735,1.2172294160337611,3.35423987
train,syn_n100_k05_low_corr_normal_low_vol_r01_s20260678,5,theta_047,1.111884111397029,0.013872346117127081,0.8152777777777779,0.035745235898392735,1.2172294160337611,3.7868333766666664
train,syn_n100_k05_low_corr_normal_low_vol_r01_s20260678,5,theta_067,1.1174795434600162,0.0103614875148434,0.8744444444444445,0.029721256489956487,1.2200035269293794,4.355954999999999
train,syn_n100_k05_low_corr_normal_low_vol_r01_s20260678,5,theta_076,1.1174795434600162,0.0103614875148434,0.8744444444444445,0.029721256489956487,1.2200035269293794,3.4620558400000006
train,syn_n100_k05_low_corr_normal_low_vol_r01_s20260678,5,theta_078,1.1174795434600162,0.0103614875148434,0.8744444444444445,0.029721256489956487,1.2200035269293794,3.7039151700000006
train,syn_n100_k05_low_corr_normal_low_vol_r01_s20260678,5,theta_084,1.1094688434102595,0.01798720865176087,0.7375000000000002,0.03604094166006982,1.207068095672014,2.91311159
train,syn_n100_k05_low_corr_normal_low_vol_r01_s20260678,5,theta_086,1.1094688434102595,0.01798720865176087,0.7375000000000002,0.03604094166006982,1.207068095672014,2.849436616666666
train,syn_n100_k05_low_corr_normal_low_vol_r01_s20260678,5,theta_089,1.1094688434102595,0.01798720865176087,0.7375000000000002,0.03604094166006982,1.207068095672014,3.6915201100000004
train,syn_n100_k05_low_corr_normal_low_vol_r01_s20260678,5,theta_118,1.1147873487263098,0.010018116762921506,0.8922222222222224,0.02071651906582285,1.2227210037426894,3.8004336133333334
train,syn_n100_k05_low_corr_normal_low_vol_r01_s20260678,5,theta_131,1.1147873487263098,0.010018116762921506,0.8922222222222224,0.02071651906582285,1.2227210037426894,3.756084120000001
train,syn_n100_k05_low_corr_normal_low_vol_r01_s20260678,5,theta_132,1.1147873487263098,0.010018116762921506,0.8922222222222224,0.02071651906582285,1.2227210037426894,3.6673327966666673
train,syn_n100_k05_low_corr_normal_low_vol_r01_s20260678,5,theta_144,1.1115961781339765,0.027362360957322425,0.7405555555555555,0.05085702658789805,1.1964717260885003,6.03466468
train,syn_n100_k05_low_corr_normal_low_vol_r01_s20260678,5,theta_159,1.1115961781339765,0.027362360957322425,0.7405555555555555,0.05085702658789805,1.1964717260885003,3.836317309999999
train,syn_n100_k05_low_corr_normal_low_vol_r01_s20260678,5,theta_164,1.1004847245388398,0.023125587075244432,0.6969444444444445,0.035853226897294435,1.212809137166755,3.6147667266666663
train,syn_n100_k05_low_corr_normal_low_vol_r01_s20260678,5,theta_170,1.1004847245388398,0.023125587075244432,0.6969444444444445,0.035853226897294435,1.212809137166755,3.942439096666667
train,syn_n100_k05_low_corr_normal_low_vol_r01_s20260678,5,theta_175,1.1004847245388398,0.023125587075244432,0.6969444444444445,0.035853226897294435,1.212809137166755,3.86837201
train,syn_n100_k05_low_corr_normal_low_vol_r01_s20260678,5,theta_189,1.1004847245388398,0.023125587075244432,0.6969444444444445,0.035853226897294435,1.212809137166755,3.7794855699999994
train,syn_n100_k05_low_corr_normal_low_vol_r01_s20260678,5,theta_200,1.1075712687509587,0.013067920374932767,0.8197222222222224,0.02301129278826032,1.2183164006172544,9.671001506666668
train,syn_n100_k05_low_corr_normal_low_vol_r01_s20260678,5,theta_223,1.1155942041311582,0.017203844584320352,0.8363888888888888,0.03802541352940549,1.2092612846586752,8.638063413333333
train,syn_n100_k05_low_corr_normal_low_vol_r01_s20260678,5,theta_234,1.1155942041311582,0.017203844584320352,0.8363888888888888,0.03802541352940549,1.2092612846586752,8.562058903333332
train,syn_n100_k05_low_corr_normal_low_vol_r01_s20260678,5,theta_237,1.1155942041311582,0.017203844584320352,0.8363888888888888,0.03802541352940549,1.2092612846586752,3.7969275100000006
train,syn_n100_k05_pathological_cov_skewed_high_vol_r03_s20260680,5,theta_011,1.0702844590730947,0.03218205337686527,0.78,0.055443570485667185,0.8773567544003169,2.68176787
train,syn_n100_k05_pathological_cov_skewed_high_vol_r03_s20260680,5,theta_034,1.0890455176738418,0.018015694276522134,0.8602777777777778,0.038650582636884985,0.8460491620806925,3.7009846100000003
train,syn_n100_k05_pathological_cov_skewed_high_vol_r03_s20260680,5,theta_037,1.0890455176738418,0.018015694276522134,0.8602777777777778,0.038650582636884985,0.8460491620806925,3.635991306666667
train,syn_n100_k05_pathological_cov_skewed_high_vol_r03_s20260680,5,theta_045,1.0890455176738418,0.018015694276522134,0.8602777777777778,0.038650582636884985,0.8460491620806925,4.211032416666666
train,syn_n100_k05_pathological_cov_skewed_high_vol_r03_s20260680,5,theta_047,1.0890455176738418,0.018015694276522134,0.8602777777777778,0.038650582636884985,0.8460491620806925,4.493662336666666
train,syn_n100_k05_pathological_cov_skewed_high_vol_r03_s20260680,5,theta_067,1.0666482825964911,0.03997290719242116,0.7716666666666667,0.05718730542954249,0.8844570053839254,4.899041826666667
train,syn_n100_k05_pathological_cov_skewed_high_vol_r03_s20260680,5,theta_076,1.0666482825964911,0.03997290719242116,0.7716666666666667,0.05718730542954249,0.8844570053839254,4.50762986
train,syn_n100_k05_pathological_cov_skewed_high_vol_r03_s20260680,5,theta_078,1.0666482825964911,0.03997290719242116,0.7716666666666667,0.05718730542954249,0.8844570053839254,4.533785853333332
train,syn_n100_k05_pathological_cov_skewed_high_vol_r03_s20260680,5,theta_084,1.0751806104046033,0.029793077917171378,0.7583333333333334,0.05103418286432745,0.8888847634830654,3.630410303333334
train,syn_n100_k05_pathological_cov_skewed_high_vol_r03_s20260680,5,theta_086,1.0751806104046033,0.029793077917171378,0.7583333333333334,0.05103418286432745,0.8888847634830654,3.662436533333334
train,syn_n100_k05_pathological_cov_skewed_high_vol_r03_s20260680,5,theta_089,1.0751806104046033,0.029793077917171378,0.7583333333333334,0.05103418286432745,0.8888847634830654,4.452338123333334
train,syn_n100_k05_pathological_cov_skewed_high_vol_r03_s20260680,5,theta_118,1.0491901648440185,0.05137082731324199,0.7136111111111112,0.08261868375503739,0.8704286786933958,4.587057516666667
train,syn_n100_k05_pathological_cov_skewed_high_vol_r03_s20260680,5,theta_131,1.0491901648440185,0.05137082731324199,0.7136111111111112,0.08261868375503739,0.8704286786933958,4.61102577
train,syn_n100_k05_pathological_cov_skewed_high_vol_r03_s20260680,5,theta_132,1.0491901648440185,0.05137082731324199,0.7136111111111112,0.08261868375503739,0.8704286786933958,4.6051323
train,syn_n100_k05_pathological_cov_skewed_high_vol_r03_s20260680,5,theta_144,1.0659866978693044,0.03604347435569359,0.7766666666666666,0.06020234074952735,0.8836545707028997,5.08471322
train,syn_n100_k05_pathological_cov_skewed_high_vol_r03_s20260680,5,theta_159,1.0659866978693044,0.03604347435569359,0.7766666666666666,0.06020234074952735,0.8836545707028997,4.847452563333333
train,syn_n100_k05_pathological_cov_skewed_high_vol_r03_s20260680,5,theta_164,1.0637110475297795,0.03635308351058646,0.6697222222222222,0.055944795303382575,0.8718039134790849,4.14426099
train,syn_n100_k05_pathological_cov_skewed_high_vol_r03_s20260680,5,theta_170,1.0637110475297795,0.03635308351058646,0.6697222222222222,0.055944795303382575,0.8718039134790849,4.515114273333334
train,syn_n100_k05_pathological_cov_skewed_high_vol_r03_s20260680,5,theta_175,1.0637110475297795,0.03635308351058646,0.6697222222222222,0.055944795303382575,0.8718039134790849,4.788971326666667
train,syn_n100_k05_pathological_cov_skewed_high_vol_r03_s20260680,5,theta_189,1.0637110475297795,0.03635308351058646,0.6697222222222222,0.055944795303382575,0.8718039134790849,4.588110193333333
train,syn_n100_k05_pathological_cov_skewed_high_vol_r03_s20260680,5,theta_200,1.074643219091551,0.027428442971132814,0.7741666666666668,0.0519241801666832,0.8774369904381316,11.1691676
train,syn_n100_k05_pathological_cov_skewed_high_vol_r03_s20260680,5,theta_223,1.0552843000398886,0.0416562900999996,0.7144444444444443,0.07270777209371061,0.8818521630287175,11.172002003333334
train,syn_n100_k05_pathological_cov_skewed_high_vol_r03_s20260680,5,theta_234,1.0552843000398886,0.0416562900999996,0.7144444444444443,0.07270777209371061,0.8818521630287175,11.223924079999998
train,syn_n100_k05_pathological_cov_skewed_high_vol_r03_s20260680,5,theta_237,1.0552843000398886,0.0416562900999996,0.7144444444444443,0.07270777209371061,0.8818521630287175,4.858452663333332
train,syn_n100_k10_cluster_corr_heavy_tail_low_vol_r02_s20260689,10,theta_011,0.9779726322141465,0.030805644830092557,0.7000000000000001,0.039026952004441805,1.1901863233109988,1.8519713400000002
train,syn_n100_k10_cluster_corr_heavy_tail_low_vol_r02_s20260689,10,theta_034,0.9732856944247981,0.024237777142126143,0.6497222222222223,0.0521956405764037,1.295963089841846,2.525826536666666
train,syn_n100_k10_cluster_corr_heavy_tail_low_vol_r02_s20260689,10,theta_037,0.9732856944247981,0.024237777142126143,0.6497222222222223,0.0521956405764037,1.295963089841846,2.547692046666667
train,syn_n100_k10_cluster_corr_heavy_tail_low_vol_r02_s20260689,10,theta_045,0.9732856944247981,0.024237777142126143,0.6497222222222223,0.0521956405764037,1.295963089841846,3.0603482366666666
train,syn_n100_k10_cluster_corr_heavy_tail_low_vol_r02_s20260689,10,theta_047,0.9732856944247981,0.024237777142126143,0.6497222222222223,0.0521956405764037,1.295963089841846,3.236497193333333
train,syn_n100_k10_cluster_corr_heavy_tail_low_vol_r02_s20260689,10,theta_067,0.9705995394848929,0.03165299271527376,0.5894444444444444,0.0661143206913915,1.214317269427824,3.6607226999999996
train,syn_n100_k10_cluster_corr_heavy_tail_low_vol_r02_s20260689,10,theta_076,0.9705995394848929,0.03165299271527376,0.5894444444444444,0.0661143206913915,1.214317269427824,3.3499970533333325
train,syn_n100_k10_cluster_corr_heavy_tail_low_vol_r02_s20260689,10,theta_078,0.9705995394848929,0.03165299271527376,0.5894444444444444,0.0661143206913915,1.214317269427824,3.384479923333333
train,syn_n100_k10_cluster_corr_heavy_tail_low_vol_r02_s20260689,10,theta_084,0.9829628022116054,0.02291595253851362,0.7841666666666668,0.03917044547287961,1.217228717150221,2.7092942633333337
train,syn_n100_k10_cluster_corr_heavy_tail_low_vol_r02_s20260689,10,theta_086,0.9829628022116054,0.02291595253851362,0.7841666666666668,0.03917044547287961,1.217228717150221,2.7030840033333337
train,syn_n100_k10_cluster_corr_heavy_tail_low_vol_r02_s20260689,10,theta_089,0.9829628022116054,0.02291595253851362,0.7841666666666668,0.03917044547287961,1.217228717150221,3.96356508
train,syn_n100_k10_cluster_corr_heavy_tail_low_vol_r02_s20260689,10,theta_118,0.9784659024660417,0.017992063793909305,0.7533333333333333,0.04410772190207149,1.3369243244062483,3.4124114499999996
train,syn_n100_k10_cluster_corr_heavy_tail_low_vol_r02_s20260689,10,theta_131,0.9784659024660417,0.017992063793909305,0.7533333333333333,0.04410772190207149,1.3369243244062483,3.35445075
train,syn_n100_k10_cluster_corr_heavy_tail_low_vol_r02_s20260689,10,theta_132,0.9784659024660417,0.017992063793909305,0.7533333333333333,0.04410772190207149,1.3369243244062483,3.4340921266666657
train,syn_n100_k10_cluster_corr_heavy_tail_low_vol_r02_s20260689,10,theta_144,0.9665848269058132,0.04180415138252716,0.6119444444444445,0.06846633855936722,1.1825561668337594,3.3800433266666663
train,syn_n100_k10_cluster_corr_heavy_tail_low_vol_r02_s20260689,10,theta_159,0.9665848269058132,0.04180415138252716,0.6119444444444445,0.06846633855936722,1.1825561668337594,3.554886
train,syn_n100_k10_cluster_corr_heavy_tail_low_vol_r02_s20260689,10,theta_164,0.9811908314982423,0.017592140673704227,0.7233333333333333,0.033580119712464246,1.2959886876409592,3.48915983
train,syn_n100_k10_cluster_corr_heavy_tail_low_vol_r02_s20260689,10,theta_170,0.9811908314982423,0.017592140673704227,0.7233333333333333,0.033580119712464246,1.2959886876409592,3.3013472299999997
train,syn_n100_k10_cluster_corr_heavy_tail_low_vol_r02_s20260689,10,theta_175,0.9811908314982423,0.017592140673704227,0.7233333333333333,0.033580119712464246,1.2959886876409592,3.7177572299999997
train,syn_n100_k10_cluster_corr_heavy_tail_low_vol_r02_s20260689,10,theta_189,0.9811908314982423,0.017592140673704227,0.7233333333333333,0.033580119712464246,1.2959886876409592,3.397217853333333
train,syn_n100_k10_cluster_corr_heavy_tail_low_vol_r02_s20260689,10,theta_200,0.9753882313127618,0.0194278008201889,0.7450000000000002,0.043400206806442694,1.3390948596911225,8.090615883333333
train,syn_n100_k10_cluster_corr_heavy_tail_low_vol_r02_s20260689,10,theta_223,0.9683004568618414,0.03797265941421271,0.6308333333333334,0.07050874528679067,1.2174513348889975,7.838632039999999
train,syn_n100_k10_cluster_corr_heavy_tail_low_vol_r02_s20260689,10,theta_234,0.9683004568618414,0.03797265941421271,0.6308333333333334,0.07050874528679067,1.2174513348889975,7.905953899999999
train,syn_n100_k10_cluster_corr_heavy_tail_low_vol_r02_s20260689,10,theta_237,0.9683004568618414,0.03797265941421271,0.6308333333333334,0.07050874528679067,1.2174513348889975,3.3477949400000004
train,syn_n100_k10_cluster_corr_mixed_extreme_events_r03_s20260693,10,theta_011,0.9831415234435724,0.017157618886812977,0.9016666666666666,0.034832568597862365,1.2462282416929158,1.8727526533333334
train,syn_n100_k10_cluster_corr_mixed_extreme_events_r03_s20260693,10,theta_034,0.9630425346795397,0.031119452216475607,0.701111111111111,0.07058122864517209,1.241256859854405,2.414397066666667
train,syn_n100_k10_cluster_corr_mixed_extreme_events_r03_s20260693,10,theta_037,0.9630425346795397,0.031119452216475607,0.701111111111111,0.07058122864517209,1.241256859854405,2.4360566233333336
train,syn_n100_k10_cluster_corr_mixed_extreme_events_r03_s20260693,10,theta_045,0.9630425346795397,0.031119452216475607,0.701111111111111,0.07058122864517209,1.241256859854405,2.983349933333332
train,syn_n100_k10_cluster_corr_mixed_extreme_events_r03_s20260693,10,theta_047,0.9630425346795397,0.031119452216475607,0.701111111111111,0.07058122864517209,1.241256859854405,3.512157296666666
train,syn_n100_k10_cluster_corr_mixed_extreme_events_r03_s20260693,10,theta_067,0.981858545426117,0.01868054027636405,0.8313888888888888,0.05619271904603443,1.231900655371434,3.95204485
train,syn_n100_k10_cluster_corr_mixed_extreme_events_r03_s20260693,10,theta_076,0.981858545426117,0.01868054027636405,0.8313888888888888,0.05619271904603443,1.231900655371434,3.362134446666667
train,syn_n100_k10_cluster_corr_mixed_extreme_events_r03_s20260693,10,theta_078,0.981858545426117,0.01868054027636405,0.8313888888888888,0.05619271904603443,1.231900655371434,3.347514863333333
train,syn_n100_k10_cluster_corr_mixed_extreme_events_r03_s20260693,10,theta_084,0.9890112962794354,0.011337284916798895,0.8947222222222223,0.026158657771550763,1.2919396501378761,2.6579084400000004
train,syn_n100_k10_cluster_corr_mixed_extreme_events_r03_s20260693,10,theta_086,0.9890112962794354,0.011337284916798895,0.8947222222222223,0.026158657771550763,1.2919396501378761,2.67591254
train,syn_n100_k10_cluster_corr_mixed_extreme_events_r03_s20260693,10,theta_089,0.9890112962794354,0.011337284916798895,0.8947222222222223,0.026158657771550763,1.2919396501378761,3.889210246666667
train,syn_n100_k10_cluster_corr_mixed_extreme_events_r03_s20260693,10,theta_118,0.9667783182705602,0.02591581271652659,0.7644444444444446,0.061365825456408035,1.2798643775266443,3.3101566599999996
train,syn_n100_k10_cluster_corr_mixed_extreme_events_r03_s20260693,10,theta_131,0.9667783182705602,0.02591581271652659,0.7644444444444446,0.061365825456408035,1.2798643775266443,3.2492858733333327
train,syn_n100_k10_cluster_corr_mixed_extreme_events_r03_s20260693,10,theta_132,0.9667783182705602,0.02591581271652659,0.7644444444444446,0.061365825456408035,1.2798643775266443,3.393109116666667
train,syn_n100_k10_cluster_corr_mixed_extreme_events_r03_s20260693,10,theta_144,0.9679528708183722,0.028685900545679825,0.8722222222222222,0.0710630614590458,1.2392950193318677,3.8743691099999995
train,syn_n100_k10_cluster_corr_mixed_extreme_events_r03_s20260693,10,theta_159,0.9679528708183722,0.028685900545679825,0.8722222222222222,0.0710630614590458,1.2392950193318677,3.372782143333333
train,syn_n100_k10_cluster_corr_mixed_extreme_events_r03_s20260693,10,theta_164,0.9883122729071743,0.011201433698054911,0.9077777777777778,0.022297540370748863,1.3124646211212414,3.4359660499999998
train,syn_n100_k10_cluster_corr_mixed_extreme_events_r03_s20260693,10,theta_170,0.9883122729071743,0.011201433698054911,0.9077777777777778,0.022297540370748863,1.3124646211212414,3.731652153333334
train,syn_n100_k10_cluster_corr_mixed_extreme_events_r03_s20260693,10,theta_175,0.9883122729071743,0.011201433698054911,0.9077777777777778,0.022297540370748863,1.3124646211212414,3.479891196666666
train,syn_n100_k10_cluster_corr_mixed_extreme_events_r03_s20260693,10,theta_189,0.9883122729071743,0.011201433698054911,0.9077777777777778,0.022297540370748863,1.3124646211212414,3.291408136666667
train,syn_n100_k10_cluster_corr_mixed_extreme_events_r03_s20260693,10,theta_200,0.9647752647977731,0.027321490749152202,0.8433333333333335,0.05699112614325406,1.2817108930951078,7.769885256666666
train,syn_n100_k10_cluster_corr_mixed_extreme_events_r03_s20260693,10,theta_223,0.9714055187425922,0.025025285236578366,0.8425000000000001,0.057745035244534705,1.254365199421776,7.71401426
train,syn_n100_k10_cluster_corr_mixed_extreme_events_r03_s20260693,10,theta_234,0.9714055187425922,0.025025285236578366,0.8425000000000001,0.057745035244534705,1.254365199421776,7.518608390000001
train,syn_n100_k10_cluster_corr_mixed_extreme_events_r03_s20260693,10,theta_237,0.9714055187425922,0.025025285236578366,0.8425000000000001,0.057745035244534705,1.254365199421776,3.36211678
train,syn_n100_k10_high_corr_heavy_tail_extreme_events_r01_s20260688,10,theta_011,1.1617309587576456,0.011698952018633975,0.8136111111111112,0.02657945710089572,0.395540809153667,1.43060492
train,syn_n100_k10_high_corr_heavy_tail_extreme_events_r01_s20260688,10,theta_034,1.1336927748850956,0.03905393782187912,0.8222222222222224,0.07666534358298377,0.4633763043419173,2.4858362966666667
train,syn_n100_k10_high_corr_heavy_tail_extreme_events_r01_s20260688,10,theta_037,1.1336927748850956,0.03905393782187912,0.8222222222222224,0.07666534358298377,0.4633763043419173,2.3817436666666665
train,syn_n100_k10_high_corr_heavy_tail_extreme_events_r01_s20260688,10,theta_045,1.1336927748850956,0.03905393782187912,0.8222222222222224,0.07666534358298377,0.4633763043419173,2.8694440933333336
train,syn_n100_k10_high_corr_heavy_tail_extreme_events_r01_s20260688,10,theta_047,1.1336927748850956,0.03905393782187912,0.8222222222222224,0.07666534358298377,0.4633763043419173,3.615120923333334
train,syn_n100_k10_high_corr_heavy_tail_extreme_events_r01_s20260688,10,theta_067,1.1732195398782923,0.005300325494773279,0.9236111111111112,0.019538832284190486,0.43019701112564596,3.3470683866666673
train,syn_n100_k10_high_corr_heavy_tail_extreme_events_r01_s20260688,10,theta_076,1.1732195398782923,0.005300325494773279,0.9236111111111112,0.019538832284190486,0.43019701112564596,3.1024819666666668
train,syn_n100_k10_high_corr_heavy_tail_extreme_events_r01_s20260688,10,theta_078,1.1732195398782923,0.005300325494773279,0.9236111111111112,0.019538832284190486,0.43019701112564596,3.190744986666667
train,syn_n100_k10_high_corr_heavy_tail_extreme_events_r01_s20260688,10,theta_084,1.1628149565755037,0.010832866576514558,0.8172222222222222,0.023371634893398816,0.4056877084955157,2.298195146666666
train,syn_n100_k10_high_corr_heavy_tail_extreme_events_r01_s20260688,10,theta_086,1.1628149565755037,0.010832866576514558,0.8172222222222222,0.023371634893398816,0.4056877084955157,2.329779006666667
train,syn_n100_k10_high_corr_heavy_tail_extreme_events_r01_s20260688,10,theta_089,1.1628149565755037,0.010832866576514558,0.8172222222222222,0.023371634893398816,0.4056877084955157,3.263996133333333
train,syn_n100_k10_high_corr_heavy_tail_extreme_events_r01_s20260688,10,theta_118,1.1349884873737848,0.03779297420521861,0.8527777777777779,0.07751345772046546,0.4587184287556455,3.21908779
train,syn_n100_k10_high_corr_heavy_tail_extreme_events_r01_s20260688,10,theta_131,1.1349884873737848,0.03779297420521861,0.8527777777777779,0.07751345772046546,0.4587184287556455,3.282889993333333
train,syn_n100_k10_high_corr_heavy_tail_extreme_events_r01_s20260688,10,theta_132,1.1349884873737848,0.03779297420521861,0.8527777777777779,0.07751345772046546,0.4587184287556455,3.711824613333334
train,syn_n100_k10_high_corr_heavy_tail_extreme_events_r01_s20260688,10,theta_144,1.1742849504003265,0.005856442712050699,0.908888888888889,0.020037734191246086,0.4385403692278795,4.068514703333333
train,syn_n100_k10_high_corr_heavy_tail_extreme_events_r01_s20260688,10,theta_159,1.1742849504003265,0.005856442712050699,0.908888888888889,0.020037734191246086,0.4385403692278795,3.0369249233333337
train,syn_n100_k10_high_corr_heavy_tail_extreme_events_r01_s20260688,10,theta_164,1.1459546213872722,0.026723384909224778,0.7780555555555556,0.04840881394135838,0.4250445346987349,3.084795463333333
train,syn_n100_k10_high_corr_heavy_tail_extreme_events_r01_s20260688,10,theta_170,1.1459546213872722,0.026723384909224778,0.7780555555555556,0.04840881394135838,0.4250445346987349,3.186465896666666
train,syn_n100_k10_high_corr_heavy_tail_extreme_events_r01_s20260688,10,theta_175,1.1459546213872722,0.026723384909224778,0.7780555555555556,0.04840881394135838,0.4250445346987349,3.095135756666667
train,syn_n100_k10_high_corr_heavy_tail_extreme_events_r01_s20260688,10,theta_189,1.1459546213872722,0.026723384909224778,0.7780555555555556,0.04840881394135838,0.4250445346987349,2.93854064
train,syn_n100_k10_high_corr_heavy_tail_extreme_events_r01_s20260688,10,theta_200,1.1489118081666958,0.022794077106217326,0.8522222222222223,0.050848431322666726,0.443631026372479,8.061748196666667
train,syn_n100_k10_high_corr_heavy_tail_extreme_events_r01_s20260688,10,theta_223,1.1518516555295066,0.024667571370376836,0.8219444444444445,0.04643926190320049,0.4545174739838681,7.324319813333334
train,syn_n100_k10_high_corr_heavy_tail_extreme_events_r01_s20260688,10,theta_234,1.1518516555295066,0.024667571370376836,0.8219444444444445,0.04643926190320049,0.4545174739838681,7.299044543333333
train,syn_n100_k10_high_corr_heavy_tail_extreme_events_r01_s20260688,10,theta_237,1.1518516555295066,0.024667571370376836,0.8219444444444445,0.04643926190320049,0.4545174739838681,3.342599259999999
train,syn_n100_k10_high_corr_mixed_high_vol_r02_s20260692,10,theta_011,1.1339721760164119,0.0476135181574924,0.7588888888888888,0.09688263504270991,0.8087116662749505,1.5942293200000004
train,syn_n100_k10_high_corr_mixed_high_vol_r02_s20260692,10,theta_034,1.1399739550480323,0.03392507967972626,0.7716666666666667,0.06974862506851762,0.8493983539304936,2.3172745566666664
train,syn_n100_k10_high_corr_mixed_high_vol_r02_s20260692,10,theta_037,1.1399739550480323,0.03392507967972626,0.7716666666666667,0.06974862506851762,0.8493983539304936,2.2433345633333337
train,syn_n100_k10_high_corr_mixed_high_vol_r02_s20260692,10,theta_045,1.1399739550480323,0.03392507967972626,0.7716666666666667,0.06974862506851762,0.8493983539304936,2.7074640066666666
train,syn_n100_k10_high_corr_mixed_high_vol_r02_s20260692,10,theta_047,1.1399739550480323,0.03392507967972626,0.7716666666666667,0.06974862506851762,0.8493983539304936,3.4815221133333334
train,syn_n100_k10_high_corr_mixed_high_vol_r02_s20260692,10,theta_067,1.145413594073212,0.03518007236805177,0.8275000000000001,0.07340319959897369,0.7834927129165192,2.8589938933333334
train,syn_n100_k10_high_corr_mixed_high_vol_r02_s20260692,10,theta_076,1.145413594073212,0.03518007236805177,0.8275000000000001,0.07340319959897369,0.7834927129165192,3.0999357533333334
train,syn_n100_k10_high_corr_mixed_high_vol_r02_s20260692,10,theta_078,1.145413594073212,0.03518007236805177,0.8275000000000001,0.07340319959897369,0.7834927129165192,3.0917974700000004
train,syn_n100_k10_high_corr_mixed_high_vol_r02_s20260692,10,theta_084,1.1445109564978195,0.029492977654557127,0.7550000000000001,0.0641471321825208,0.8364514121617636,2.6260467466666664
train,syn_n100_k10_high_corr_mixed_high_vol_r02_s20260692,10,theta_086,1.1445109564978195,0.029492977654557127,0.7550000000000001,0.0641471321825208,0.8364514121617636,2.5174835133333335
train,syn_n100_k10_high_corr_mixed_high_vol_r02_s20260692,10,theta_089,1.1445109564978195,0.029492977654557127,0.7550000000000001,0.0641471321825208,0.8364514121617636,3.755621446666667
train,syn_n100_k10_high_corr_mixed_high_vol_r02_s20260692,10,theta_118,1.139048489424353,0.03295302056582603,0.7761111111111112,0.08778461895364288,0.8911535227305968,3.188970420000001
train,syn_n100_k10_high_corr_mixed_high_vol_r02_s20260692,10,theta_131,1.139048489424353,0.03295302056582603,0.7761111111111112,0.08778461895364288,0.8911535227305968,3.0525302433333326
train,syn_n100_k10_high_corr_mixed_high_vol_r02_s20260692,10,theta_132,1.139048489424353,0.03295302056582603,0.7761111111111112,0.08778461895364288,0.8911535227305968,3.3724126766666656
train,syn_n100_k10_high_corr_mixed_high_vol_r02_s20260692,10,theta_144,1.1421683835656289,0.03174938066466094,0.7622222222222221,0.08415198976419633,0.8444038412006847,3.4661619399999997
train,syn_n100_k10_high_corr_mixed_high_vol_r02_s20260692,10,theta_159,1.1421683835656289,0.03174938066466094,0.7622222222222221,0.08415198976419633,0.8444038412006847,3.4162172699999998
train,syn_n100_k10_high_corr_mixed_high_vol_r02_s20260692,10,theta_164,1.1337526384200607,0.04532101036804866,0.6622222222222223,0.09029434512500231,0.8094889510151885,3.315077903333333
train,syn_n100_k10_high_corr_mixed_high_vol_r02_s20260692,10,theta_170,1.1337526384200607,0.04532101036804866,0.6622222222222223,0.09029434512500231,0.8094889510151885,3.3482730400000005
train,syn_n100_k10_high_corr_mixed_high_vol_r02_s20260692,10,theta_175,1.1337526384200607,0.04532101036804866,0.6622222222222223,0.09029434512500231,0.8094889510151885,3.2584768499999996
train,syn_n100_k10_high_corr_mixed_high_vol_r02_s20260692,10,theta_189,1.1337526384200607,0.04532101036804866,0.6622222222222223,0.09029434512500231,0.8094889510151885,3.232683316666667
train,syn_n100_k10_high_corr_mixed_high_vol_r02_s20260692,10,theta_200,1.1376772376832518,0.04355285891719549,0.7691666666666667,0.08327796466250238,0.8139120081841568,7.367264003333332
train,syn_n100_k10_high_corr_mixed_high_vol_r02_s20260692,10,theta_223,1.1399513466532496,0.03638494364060228,0.7875,0.08099689301102277,0.8436746969721263,7.044872233333334
train,syn_n100_k10_high_corr_mixed_high_vol_r02_s20260692,10,theta_234,1.1399513466532496,0.03638494364060228,0.7875,0.08099689301102277,0.8436746969721263,7.039157373333334
train,syn_n100_k10_high_corr_mixed_high_vol_r02_s20260692,10,theta_237,1.1399513466532496,0.03638494364060228,0.7875,0.08099689301102277,0.8436746969721263,3.2360751933333334
train,syn_n100_k10_low_corr_normal_low_vol_r01_s20260690,10,theta_011,1.1091831090658935,0.037918069763299846,0.6377777777777777,0.03629050686775406,0.785225647787274,1.6281466633333337
train,syn_n100_k10_low_corr_normal_low_vol_r01_s20260690,10,theta_034,1.1144818765664395,0.03009324617886897,0.6083333333333333,0.060734004598930164,0.8765236948272885,2.3468415966666663
train,syn_n100_k10_low_corr_normal_low_vol_r01_s20260690,10,theta_037,1.1144818765664395,0.03009324617886897,0.6083333333333333,0.060734004598930164,0.8765236948272885,2.255412036666667
train,syn_n100_k10_low_corr_normal_low_vol_r01_s20260690,10,theta_045,1.1144818765664395,0.03009324617886897,0.6083333333333333,0.060734004598930164,0.8765236948272885,2.675977223333333
train,syn_n100_k10_low_corr_normal_low_vol_r01_s20260690,10,theta_047,1.1144818765664395,0.03009324617886897,0.6083333333333333,0.060734004598930164,0.8765236948272885,3.3572787633333334
train,syn_n100_k10_low_corr_normal_low_vol_r01_s20260690,10,theta_067,1.0993872027147735,0.04232509910833625,0.5461111111111111,0.07118857458614047,0.8246560424943057,4.5160116766666665
train,syn_n100_k10_low_corr_normal_low_vol_r01_s20260690,10,theta_076,1.0993872027147735,0.04232509910833625,0.5461111111111111,0.07118857458614047,0.8246560424943057,3.1407878933333335
train,syn_n100_k10_low_corr_normal_low_vol_r01_s20260690,10,theta_078,1.0993872027147735,0.04232509910833625,0.5461111111111111,0.07118857458614047,0.8246560424943057,3.1498693200000005
train,syn_n100_k10_low_corr_normal_low_vol_r01_s20260690,10,theta_084,1.1182543320135603,0.02856566188974184,0.6994444444444442,0.05325159912131734,0.8360101371248077,2.4616005866666666
train,syn_n100_k10_low_corr_normal_low_vol_r01_s20260690,10,theta_086,1.1182543320135603,0.02856566188974184,0.6994444444444442,0.05325159912131734,0.8360101371248077,2.4059724600000005
train,syn_n100_k10_low_corr_normal_low_vol_r01_s20260690,10,theta_089,1.1182543320135603,0.02856566188974184,0.6994444444444442,0.05325159912131734,0.8360101371248077,3.497152666666666
train,syn_n100_k10_low_corr_normal_low_vol_r01_s20260690,10,theta_118,1.1157449138927094,0.028269900253471116,0.63,0.06118420167577005,0.8933234733954235,3.2980983366666665
train,syn_n100_k10_low_corr_normal_low_vol_r01_s20260690,10,theta_131,1.1157449138927094,0.028269900253471116,0.63,0.06118420167577005,0.8933234733954235,3.1546651566666672
train,syn_n100_k10_low_corr_normal_low_vol_r01_s20260690,10,theta_132,1.1157449138927094,0.028269900253471116,0.63,0.06118420167577005,0.8933234733954235,3.1209915499999994
train,syn_n100_k10_low_corr_normal_low_vol_r01_s20260690,10,theta_144,1.0909534832514365,0.051251865730383386,0.5633333333333334,0.05656714278846295,0.8031164198150709,2.616288340000001
train,syn_n100_k10_low_corr_normal_low_vol_r01_s20260690,10,theta_159,1.0909534832514365,0.051251865730383386,0.5633333333333334,0.05656714278846295,0.8031164198150709,3.05667979
train,syn_n100_k10_low_corr_normal_low_vol_r01_s20260690,10,theta_164,1.1080891370144612,0.034417688566945576,0.6805555555555556,0.05476956577216177,0.8540444028913572,3.153231056666667
train,syn_n100_k10_low_corr_normal_low_vol_r01_s20260690,10,theta_170,1.1080891370144612,0.034417688566945576,0.6805555555555556,0.05476956577216177,0.8540444028913572,3.2367593233333327
train,syn_n100_k10_low_corr_normal_low_vol_r01_s20260690,10,theta_175,1.1080891370144612,0.034417688566945576,0.6805555555555556,0.05476956577216177,0.8540444028913572,3.2098082966666666
train,syn_n100_k10_low_corr_normal_low_vol_r01_s20260690,10,theta_189,1.1080891370144612,0.034417688566945576,0.6805555555555556,0.05476956577216177,0.8540444028913572,3.090622413333334
train,syn_n100_k10_low_corr_normal_low_vol_r01_s20260690,10,theta_200,1.1308158515992097,0.01884780138844374,0.7647222222222222,0.05893869825853994,0.9072980138135508,7.434418556666666
train,syn_n100_k10_low_corr_normal_low_vol_r01_s20260690,10,theta_223,1.0901999312515267,0.05161792732173978,0.5847222222222223,0.07091454290058616,0.7942839196086057,7.1058285466666655
train,syn_n100_k10_low_corr_normal_low_vol_r01_s20260690,10,theta_234,1.0901999312515267,0.05161792732173978,0.5847222222222223,0.07091454290058616,0.7942839196086057,6.741746969999999
train,syn_n100_k10_low_corr_normal_low_vol_r01_s20260690,10,theta_237,1.0901999312515267,0.05161792732173978,0.5847222222222223,0.07091454290058616,0.7942839196086057,3.2264292533333334
train,syn_n100_k10_pathological_cov_mixed_low_vol_r01_s20260691,10,theta_011,1.009913789479343,0.01263116475698685,0.8447222222222222,0.0325966730163348,1.1620018801179992,1.8465947299999999
train,syn_n100_k10_pathological_cov_mixed_low_vol_r01_s20260691,10,theta_034,1.0069442944002174,0.013814618341822484,0.8158333333333333,0.04308050055034123,1.194785148700345,2.468140593333333
train,syn_n100_k10_pathological_cov_mixed_low_vol_r01_s20260691,10,theta_037,1.0069442944002174,0.013814618341822484,0.8158333333333333,0.04308050055034123,1.194785148700345,2.6449966466666663
train,syn_n100_k10_pathological_cov_mixed_low_vol_r01_s20260691,10,theta_045,1.0069442944002174,0.013814618341822484,0.8158333333333333,0.04308050055034123,1.194785148700345,2.935614516666667
train,syn_n100_k10_pathological_cov_mixed_low_vol_r01_s20260691,10,theta_047,1.0069442944002174,0.013814618341822484,0.8158333333333333,0.04308050055034123,1.194785148700345,3.1868621266666657
train,syn_n100_k10_pathological_cov_mixed_low_vol_r01_s20260691,10,theta_067,1.0048172546805028,0.017832283180239227,0.8311111111111111,0.05112559763598326,1.1498771999319657,4.680545526666667
train,syn_n100_k10_pathological_cov_mixed_low_vol_r01_s20260691,10,theta_076,1.0048172546805028,0.017832283180239227,0.8311111111111111,0.05112559763598326,1.1498771999319657,3.3999147433333334
train,syn_n100_k10_pathological_cov_mixed_low_vol_r01_s20260691,10,theta_078,1.0048172546805028,0.017832283180239227,0.8311111111111111,0.05112559763598326,1.1498771999319657,3.2620342100000004
train,syn_n100_k10_pathological_cov_mixed_low_vol_r01_s20260691,10,theta_084,1.0066904942537502,0.017974774647654086,0.8394444444444445,0.03164373924929886,1.1541431836209168,2.73039658
train,syn_n100_k10_pathological_cov_mixed_low_vol_r01_s20260691,10,theta_086,1.0066904942537502,0.017974774647654086,0.8394444444444445,0.03164373924929886,1.1541431836209168,2.7240267699999996
train,syn_n100_k10_pathological_cov_mixed_low_vol_r01_s20260691,10,theta_089,1.0066904942537502,0.017974774647654086,0.8394444444444445,0.03164373924929886,1.1541431836209168,3.9598747500000004
train,syn_n100_k10_pathological_cov_mixed_low_vol_r01_s20260691,10,theta_118,1.0118559639015168,0.011003317005752893,0.8686111111111112,0.02937670009174504,1.1899070305224095,3.0125210566666665
train,syn_n100_k10_pathological_cov_mixed_low_vol_r01_s20260691,10,theta_131,1.0118559639015168,0.011003317005752893,0.8686111111111112,0.02937670009174504,1.1899070305224095,3.7533262266666667
train,syn_n100_k10_pathological_cov_mixed_low_vol_r01_s20260691,10,theta_132,1.0118559639015168,0.011003317005752893,0.8686111111111112,0.02937670009174504,1.1899070305224095,3.172402936666667
train,syn_n100_k10_pathological_cov_mixed_low_vol_r01_s20260691,10,theta_144,1.0132516483730059,0.009879519483299739,0.9027777777777778,0.018741392062561958,1.1883596413499846,3.9216829800000004
train,syn_n100_k10_pathological_cov_mixed_low_vol_r01_s20260691,10,theta_159,1.0132516483730059,0.009879519483299739,0.9027777777777778,0.018741392062561958,1.1883596413499846,3.6749517833333343
train,syn_n100_k10_pathological_cov_mixed_low_vol_r01_s20260691,10,theta_164,1.0070855343679819,0.020855572209003085,0.8419444444444445,0.04858919756049088,1.1325361978817403,3.60819017
train,syn_n100_k10_pathological_cov_mixed_low_vol_r01_s20260691,10,theta_170,1.0070855343679819,0.020855572209003085,0.8419444444444445,0.04858919756049088,1.1325361978817403,3.56958762
train,syn_n100_k10_pathological_cov_mixed_low_vol_r01_s20260691,10,theta_175,1.0070855343679819,0.020855572209003085,0.8419444444444445,0.04858919756049088,1.1325361978817403,3.7404981000000004
train,syn_n100_k10_pathological_cov_mixed_low_vol_r01_s20260691,10,theta_189,1.0070855343679819,0.020855572209003085,0.8419444444444445,0.04858919756049088,1.1325361978817403,5.96976929
train,syn_n100_k10_pathological_cov_mixed_low_vol_r01_s20260691,10,theta_200,1.0075600224221601,0.013223170039383452,0.825,0.030173879537088295,1.188455855671102,7.8220659233333345
train,syn_n100_k10_pathological_cov_mixed_low_vol_r01_s20260691,10,theta_223,1.005351956670023,0.015365399014290449,0.8086111111111112,0.04026786961571226,1.1766722515558397,7.681972876666666
train,syn_n100_k10_pathological_cov_mixed_low_vol_r01_s20260691,10,theta_234,1.005351956670023,0.015365399014290449,0.8086111111111112,0.04026786961571226,1.1766722515558397,8.32471048
train,syn_n100_k10_pathological_cov_mixed_low_vol_r01_s20260691,10,theta_237,1.005351956670023,0.015365399014290449,0.8086111111111112,0.04026786961571226,1.1766722515558397,3.50864157
train,syn_n100_k10_pathological_cov_normal_extreme_events_r02_s20260687,10,theta_011,1.0191633262432753,0.033410565787109534,0.745,0.04931241555522199,1.0448967267695146,1.9216053566666667
train,syn_n100_k10_pathological_cov_normal_extreme_events_r02_s20260687,10,theta_034,1.0170294973048315,0.025136953031249454,0.7383333333333334,0.03881451347225896,1.1200646639033993,2.4596512366666663
train,syn_n100_k10_pathological_cov_normal_extreme_events_r02_s20260687,10,theta_037,1.0170294973048315,0.025136953031249454,0.7383333333333334,0.03881451347225896,1.1200646639033993,2.452453556666667
train,syn_n100_k10_pathological_cov_normal_extreme_events_r02_s20260687,10,theta_045,1.0170294973048315,0.025136953031249454,0.7383333333333334,0.03881451347225896,1.1200646639033993,2.9994412166666664
train,syn_n100_k10_pathological_cov_normal_extreme_events_r02_s20260687,10,theta_047,1.0170294973048315,0.025136953031249454,0.7383333333333334,0.03881451347225896,1.1200646639033993,3.1381433700000003
train,syn_n100_k10_pathological_cov_normal_extreme_events_r02_s20260687,10,theta_067,1.027430751700984,0.025712381099934453,0.8319444444444445,0.0408898834817563,1.0817014642244351,2.69619287
train,syn_n100_k10_pathological_cov_normal_extreme_events_r02_s20260687,10,theta_076,1.027430751700984,0.025712381099934453,0.8319444444444445,0.0408898834817563,1.0817014642244351,3.351134446666667
train,syn_n100_k10_pathological_cov_normal_extreme_events_r02_s20260687,10,theta_078,1.027430751700984,0.025712381099934453,0.8319444444444445,0.0408898834817563,1.0817014642244351,3.422474306666667
train,syn_n100_k10_pathological_cov_normal_extreme_events_r02_s20260687,10,theta_084,1.021484414296256,0.03142838010871245,0.7583333333333334,0.05454952283178568,1.0674148287304088,2.8087384566666667
train,syn_n100_k10_pathological_cov_normal_extreme_events_r02_s20260687,10,theta_086,1.021484414296256,0.03142838010871245,0.7583333333333334,0.05454952283178568,1.0674148287304088,2.7706319266666672
train,syn_n100_k10_pathological_cov_normal_extreme_events_r02_s20260687,10,theta_089,1.021484414296256,0.03142838010871245,0.7583333333333334,0.05454952283178568,1.0674148287304088,3.910363523333333
train,syn_n100_k10_pathological_cov_normal_extreme_events_r02_s20260687,10,theta_118,1.0260144648394667,0.01878446990326209,0.8236111111111111,0.05192721534155141,1.175494271774845,3.640221939999999
train,syn_n100_k10_pathological_cov_normal_extreme_events_r02_s20260687,10,theta_131,1.0260144648394667,0.01878446990326209,0.8236111111111111,0.05192721534155141,1.175494271774845,3.626939956666667
train,syn_n100_k10_pathological_cov_normal_extreme_events_r02_s20260687,10,theta_132,1.0260144648394667,0.01878446990326209,0.8236111111111111,0.05192721534155141,1.175494271774845,3.437329773333333
train,syn_n100_k10_pathological_cov_normal_extreme_events_r02_s20260687,10,theta_144,1.027533177152228,0.023619509625131988,0.8297222222222224,0.038707650770710825,1.1094227196406918,5.45593704
train,syn_n100_k10_pathological_cov_normal_extreme_events_r02_s20260687,10,theta_159,1.027533177152228,0.023619509625131988,0.8297222222222224,0.038707650770710825,1.1094227196406918,3.627830583333333
train,syn_n100_k10_pathological_cov_normal_extreme_events_r02_s20260687,10,theta_164,1.0199223544076148,0.028575803948634862,0.7338888888888889,0.054020217156232744,1.0943677261821536,3.5418726500000006
train,syn_n100_k10_pathological_cov_normal_extreme_events_r02_s20260687,10,theta_170,1.0199223544076148,0.028575803948634862,0.7338888888888889,0.054020217156232744,1.0943677261821536,3.589647326666667
train,syn_n100_k10_pathological_cov_normal_extreme_events_r02_s20260687,10,theta_175,1.0199223544076148,0.028575803948634862,0.7338888888888889,0.054020217156232744,1.0943677261821536,3.5748502366666677
train,syn_n100_k10_pathological_cov_normal_extreme_events_r02_s20260687,10,theta_189,1.0199223544076148,0.028575803948634862,0.7338888888888889,0.054020217156232744,1.0943677261821536,6.039068716666666
train,syn_n100_k10_pathological_cov_normal_extreme_events_r02_s20260687,10,theta_200,1.02248507465667,0.02642345156130856,0.7663888888888889,0.05298898013699227,1.1068786250997487,8.22305307
train,syn_n100_k10_pathological_cov_normal_extreme_events_r02_s20260687,10,theta_223,1.0246016656817205,0.021134605970317084,0.798888888888889,0.04706773063218283,1.1490962155006674,7.687852250000001
train,syn_n100_k10_pathological_cov_normal_extreme_events_r02_s20260687,10,theta_234,1.0246016656817205,0.021134605970317084,0.798888888888889,0.04706773063218283,1.1490962155006674,8.360611623333334
train,syn_n100_k10_pathological_cov_normal_extreme_events_r02_s20260687,10,theta_237,1.0246016656817205,0.021134605970317084,0.798888888888889,0.04706773063218283,1.1490962155006674,3.414184196666667
train,syn_n100_k20_cluster_corr_heavy_tail_low_vol_r02_s20260702,20,theta_011,0.9798268703180206,0.0241059023007364,0.8536111111111111,0.033206666174207804,0.9155483816983699,1.735286423333333
train,syn_n100_k20_cluster_corr_heavy_tail_low_vol_r02_s20260702,20,theta_034,0.9641160701243405,0.03581741564311763,0.3561111111111111,0.05088654130656334,1.038844722058861,2.39147476
train,syn_n100_k20_cluster_corr_heavy_tail_low_vol_r02_s20260702,20,theta_037,0.9641160701243405,0.03581741564311763,0.3561111111111111,0.05088654130656334,1.038844722058861,2.3798542100000004
train,syn_n100_k20_cluster_corr_heavy_tail_low_vol_r02_s20260702,20,theta_045,0.9641160701243405,0.03581741564311763,0.3561111111111111,0.05088654130656334,1.038844722058861,2.9064007866666666
train,syn_n100_k20_cluster_corr_heavy_tail_low_vol_r02_s20260702,20,theta_047,0.9641160701243405,0.03581741564311763,0.3561111111111111,0.05088654130656334,1.038844722058861,3.1108177799999996
train,syn_n100_k20_cluster_corr_heavy_tail_low_vol_r02_s20260702,20,theta_067,0.9606412721776502,0.034629664785622946,0.47111111111111115,0.05593001546648055,0.9476452286250223,4.804130463333334
train,syn_n100_k20_cluster_corr_heavy_tail_low_vol_r02_s20260702,20,theta_076,0.9606412721776502,0.034629664785622946,0.47111111111111115,0.05593001546648055,0.9476452286250223,3.2444894866666663
train,syn_n100_k20_cluster_corr_heavy_tail_low_vol_r02_s20260702,20,theta_078,0.9606412721776502,0.034629664785622946,0.47111111111111115,0.05593001546648055,0.9476452286250223,3.501112193333333
train,syn_n100_k20_cluster_corr_heavy_tail_low_vol_r02_s20260702,20,theta_084,0.9894190957529083,0.021470843526956374,0.8744444444444446,0.03486716313960163,0.938046827493049,2.4503967366666672
train,syn_n100_k20_cluster_corr_heavy_tail_low_vol_r02_s20260702,20,theta_086,0.9894190957529083,0.021470843526956374,0.8744444444444446,0.03486716313960163,0.938046827493049,2.503355193333334
train,syn_n100_k20_cluster_corr_heavy_tail_low_vol_r02_s20260702,20,theta_089,0.9894190957529083,0.021470843526956374,0.8744444444444446,0.03486716313960163,0.938046827493049,3.45613532
train,syn_n100_k20_cluster_corr_heavy_tail_low_vol_r02_s20260702,20,theta_118,0.9705182271994703,0.034927911143081754,0.35722222222222216,0.05278588994599709,1.0939249745018025,3.3759561133333333
train,syn_n100_k20_cluster_corr_heavy_tail_low_vol_r02_s20260702,20,theta_131,0.9705182271994703,0.034927911143081754,0.35722222222222216,0.05278588994599709,1.0939249745018025,3.31216214
train,syn_n100_k20_cluster_corr_heavy_tail_low_vol_r02_s20260702,20,theta_132,0.9705182271994703,0.034927911143081754,0.35722222222222216,0.05278588994599709,1.0939249745018025,3.3585123300000004
train,syn_n100_k20_cluster_corr_heavy_tail_low_vol_r02_s20260702,20,theta_144,0.9285633651486804,0.043541402692550586,0.5947222222222223,0.06477337586040319,0.8486033514217954,5.274000646666667
train,syn_n100_k20_cluster_corr_heavy_tail_low_vol_r02_s20260702,20,theta_159,0.9285633651486804,0.043541402692550586,0.5947222222222223,0.06477337586040319,0.8486033514217954,3.5558960366666663
train,syn_n100_k20_cluster_corr_heavy_tail_low_vol_r02_s20260702,20,theta_164,0.9920622504513495,0.0213633675900239,0.8602777777777777,0.03676057265120436,0.9875866580469829,3.1233422666666666
train,syn_n100_k20_cluster_corr_heavy_tail_low_vol_r02_s20260702,20,theta_170,0.9920622504513495,0.0213633675900239,0.8602777777777777,0.03676057265120436,0.9875866580469829,3.441264533333333
train,syn_n100_k20_cluster_corr_heavy_tail_low_vol_r02_s20260702,20,theta_175,0.9920622504513495,0.0213633675900239,0.8602777777777777,0.03676057265120436,0.9875866580469829,3.3254306833333334
train,syn_n100_k20_cluster_corr_heavy_tail_low_vol_r02_s20260702,20,theta_189,0.9920622504513495,0.0213633675900239,0.8602777777777777,0.03676057265120436,0.9875866580469829,5.684728006666668
train,syn_n100_k20_cluster_corr_heavy_tail_low_vol_r02_s20260702,20,theta_200,0.9751371038860495,0.03506651137034151,0.34805555555555556,0.0521296503278882,1.096944769687563,7.14752027
train,syn_n100_k20_cluster_corr_heavy_tail_low_vol_r02_s20260702,20,theta_223,0.9583544767151173,0.03538593935798348,0.5022222222222222,0.05069398257071356,0.9351993881904689,7.424685376666668
train,syn_n100_k20_cluster_corr_heavy_tail_low_vol_r02_s20260702,20,theta_234,0.9583544767151173,0.03538593935798348,0.5022222222222222,0.05069398257071356,0.9351993881904689,8.088688143333332
train,syn_n100_k20_cluster_corr_heavy_tail_low_vol_r02_s20260702,20,theta_237,0.9583544767151173,0.03538593935798348,0.5022222222222222,0.05069398257071356,0.9351993881904689,3.333907356666666
train,syn_n100_k20_cluster_corr_skewed_high_vol_r01_s20260705,20,theta_011,0.9621882357706032,0.05840310216058699,0.7700000000000001,0.03656641762015003,0.8589848666159657,1.5358261999999998
train,syn_n100_k20_cluster_corr_skewed_high_vol_r01_s20260705,20,theta_034,0.941521792748577,0.058659749932603734,0.3233333333333333,0.06839869437093292,1.0173102290099871,2.297690356666666
train,syn_n100_k20_cluster_corr_skewed_high_vol_r01_s20260705,20,theta_037,0.941521792748577,0.058659749932603734,0.3233333333333333,0.06839869437093292,1.0173102290099871,2.2675646866666663
train,syn_n100_k20_cluster_corr_skewed_high_vol_r01_s20260705,20,theta_045,0.941521792748577,0.058659749932603734,0.3233333333333333,0.06839869437093292,1.0173102290099871,2.7275582566666663
train,syn_n100_k20_cluster_corr_skewed_high_vol_r01_s20260705,20,theta_047,0.941521792748577,0.058659749932603734,0.3233333333333333,0.06839869437093292,1.0173102290099871,2.9787980533333336
train,syn_n100_k20_cluster_corr_skewed_high_vol_r01_s20260705,20,theta_067,0.9362809433025664,0.06581248186952626,0.42416666666666664,0.054801921795647766,0.9246986279188676,4.09334521
train,syn_n100_k20_cluster_corr_skewed_high_vol_r01_s20260705,20,theta_076,0.9362809433025664,0.06581248186952626,0.42416666666666664,0.054801921795647766,0.9246986279188676,3.1316059566666667
train,syn_n100_k20_cluster_corr_skewed_high_vol_r01_s20260705,20,theta_078,0.9362809433025664,0.06581248186952626,0.42416666666666664,0.054801921795647766,0.9246986279188676,3.0479964166666664
train,syn_n100_k20_cluster_corr_skewed_high_vol_r01_s20260705,20,theta_084,0.9788715270460207,0.045805348450132864,0.7494444444444446,0.05101551140313281,0.9577290634158016,2.588703546666667
train,syn_n100_k20_cluster_corr_skewed_high_vol_r01_s20260705,20,theta_086,0.9788715270460207,0.045805348450132864,0.7494444444444446,0.05101551140313281,0.9577290634158016,2.3699732399999998
train,syn_n100_k20_cluster_corr_skewed_high_vol_r01_s20260705,20,theta_089,0.9788715270460207,0.045805348450132864,0.7494444444444446,0.05101551140313281,0.9577290634158016,3.2108722333333333
train,syn_n100_k20_cluster_corr_skewed_high_vol_r01_s20260705,20,theta_118,0.9359902047670636,0.05948333265769896,0.32055555555555554,0.07600112881197589,1.0364360046177779,3.014367636666667
train,syn_n100_k20_cluster_corr_skewed_high_vol_r01_s20260705,20,theta_131,0.9359902047670636,0.05948333265769896,0.32055555555555554,0.07600112881197589,1.0364360046177779,2.9161185566666665
train,syn_n100_k20_cluster_corr_skewed_high_vol_r01_s20260705,20,theta_132,0.9359902047670636,0.05948333265769896,0.32055555555555554,0.07600112881197589,1.0364360046177779,3.0529984199999998
train,syn_n100_k20_cluster_corr_skewed_high_vol_r01_s20260705,20,theta_144,0.9416656504612796,0.060734281056804985,0.4727777777777778,0.06730183387186081,0.923173682262287,3.7215303299999998
train,syn_n100_k20_cluster_corr_skewed_high_vol_r01_s20260705,20,theta_159,0.9416656504612796,0.060734281056804985,0.4727777777777778,0.06730183387186081,0.923173682262287,3.5983750533333336
train,syn_n100_k20_cluster_corr_skewed_high_vol_r01_s20260705,20,theta_164,0.9805814119743345,0.046287215181604884,0.7838888888888887,0.05456752952587766,0.9454711617794719,3.0175188233333334
train,syn_n100_k20_cluster_corr_skewed_high_vol_r01_s20260705,20,theta_170,0.9805814119743345,0.046287215181604884,0.7838888888888887,0.05456752952587766,0.9454711617794719,3.160001373333334
train,syn_n100_k20_cluster_corr_skewed_high_vol_r01_s20260705,20,theta_175,0.9805814119743345,0.046287215181604884,0.7838888888888887,0.05456752952587766,0.9454711617794719,3.1667604
train,syn_n100_k20_cluster_corr_skewed_high_vol_r01_s20260705,20,theta_189,0.9805814119743345,0.046287215181604884,0.7838888888888887,0.05456752952587766,0.9454711617794719,5.05262946
train,syn_n100_k20_cluster_corr_skewed_high_vol_r01_s20260705,20,theta_200,0.9585010087168935,0.05080949286419973,0.3394444444444444,0.09806174227280255,1.1106068514646554,7.419211356666667
train,syn_n100_k20_cluster_corr_skewed_high_vol_r01_s20260705,20,theta_223,0.9476149603300404,0.05824528294654037,0.5030555555555555,0.07543918591592466,0.965315446196977,7.071576500000001
train,syn_n100_k20_cluster_corr_skewed_high_vol_r01_s20260705,20,theta_234,0.9476149603300404,0.05824528294654037,0.5030555555555555,0.07543918591592466,0.965315446196977,7.769869446666665
train,syn_n100_k20_cluster_corr_skewed_high_vol_r01_s20260705,20,theta_237,0.9476149603300404,0.05824528294654037,0.5030555555555555,0.07543918591592466,0.965315446196977,3.120222853333333
train,syn_n100_k20_high_corr_mixed_high_vol_r02_s20260701,20,theta_011,0.9724309336999621,0.0244122030680815,0.6997222222222221,0.031097368546682515,0.9660526747033905,1.4749956466666667
train,syn_n100_k20_high_corr_mixed_high_vol_r02_s20260701,20,theta_034,0.9738896259970423,0.03136558111360157,0.4597222222222222,0.060228688128030436,1.075108241457524,2.25351527
train,syn_n100_k20_high_corr_mixed_high_vol_r02_s20260701,20,theta_037,0.9738896259970423,0.03136558111360157,0.4597222222222222,0.060228688128030436,1.075108241457524,3.0774135
train,syn_n100_k20_high_corr_mixed_high_vol_r02_s20260701,20,theta_045,0.9738896259970423,0.03136558111360157,0.4597222222222222,0.060228688128030436,1.075108241457524,2.767820043333333
train,syn_n100_k20_high_corr_mixed_high_vol_r02_s20260701,20,theta_047,0.9738896259970423,0.03136558111360157,0.4597222222222222,0.060228688128030436,1.075108241457524,3.0034036233333343
train,syn_n100_k20_high_corr_mixed_high_vol_r02_s20260701,20,theta_067,0.9858879509072297,0.023039031132382766,0.6186111111111111,0.03819647584256599,1.0581283423287968,3.788257273333334
train,syn_n100_k20_high_corr_mixed_high_vol_r02_s20260701,20,theta_076,0.9858879509072297,0.023039031132382766,0.6186111111111111,0.03819647584256599,1.0581283423287968,2.925571273333333
train,syn_n100_k20_high_corr_mixed_high_vol_r02_s20260701,20,theta_078,0.9858879509072297,0.023039031132382766,0.6186111111111111,0.03819647584256599,1.0581283423287968,3.0044499966666667
train,syn_n100_k20_high_corr_mixed_high_vol_r02_s20260701,20,theta_084,0.9785814463599741,0.021184391089448126,0.7488888888888887,0.027635896691362658,0.974762568560568,2.2939874866666665
train,syn_n100_k20_high_corr_mixed_high_vol_r02_s20260701,20,theta_086,0.9785814463599741,0.021184391089448126,0.7488888888888887,0.027635896691362658,0.974762568560568,2.3269890333333336
train,syn_n100_k20_high_corr_mixed_high_vol_r02_s20260701,20,theta_089,0.9785814463599741,0.021184391089448126,0.7488888888888887,0.027635896691362658,0.974762568560568,3.3196675766666663
train,syn_n100_k20_high_corr_mixed_high_vol_r02_s20260701,20,theta_118,0.9827811854408315,0.02470664879938763,0.6002777777777777,0.0446053942969616,1.0837822094192664,3.03554853
train,syn_n100_k20_high_corr_mixed_high_vol_r02_s20260701,20,theta_131,0.9827811854408315,0.02470664879938763,0.6002777777777777,0.0446053942969616,1.0837822094192664,3.0136109233333337
train,syn_n100_k20_high_corr_mixed_high_vol_r02_s20260701,20,theta_132,0.9827811854408315,0.02470664879938763,0.6002777777777777,0.0446053942969616,1.0837822094192664,3.081261103333333
train,syn_n100_k20_high_corr_mixed_high_vol_r02_s20260701,20,theta_144,0.9845608114459915,0.02465772395277372,0.5855555555555555,0.04802483344498591,1.0542842875579888,3.79111745
train,syn_n100_k20_high_corr_mixed_high_vol_r02_s20260701,20,theta_159,0.9845608114459915,0.02465772395277372,0.5855555555555555,0.04802483344498591,1.0542842875579888,2.7460546833333335
train,syn_n100_k20_high_corr_mixed_high_vol_r02_s20260701,20,theta_164,0.975000149346505,0.02537138211695122,0.6380555555555555,0.042700358731146325,1.00542610778187,2.8760779600000004
train,syn_n100_k20_high_corr_mixed_high_vol_r02_s20260701,20,theta_170,0.975000149346505,0.02537138211695122,0.6380555555555555,0.042700358731146325,1.00542610778187,2.9701103000000004
train,syn_n100_k20_high_corr_mixed_high_vol_r02_s20260701,20,theta_175,0.975000149346505,0.02537138211695122,0.6380555555555555,0.042700358731146325,1.00542610778187,3.1221190500000002
train,syn_n100_k20_high_corr_mixed_high_vol_r02_s20260701,20,theta_189,0.975000149346505,0.02537138211695122,0.6380555555555555,0.042700358731146325,1.00542610778187,5.16330781
train,syn_n100_k20_high_corr_mixed_high_vol_r02_s20260701,20,theta_200,0.9721559297079047,0.03174283982751952,0.5447222222222223,0.04557399503765326,1.0959222715740373,7.414466616666666
train,syn_n100_k20_high_corr_mixed_high_vol_r02_s20260701,20,theta_223,0.9850250433581735,0.023448736240111092,0.6699999999999999,0.04857532548516975,1.0625970410942283,6.865535220000001
train,syn_n100_k20_high_corr_mixed_high_vol_r02_s20260701,20,theta_234,0.9850250433581735,0.023448736240111092,0.6699999999999999,0.04857532548516975,1.0625970410942283,7.46344221
train,syn_n100_k20_high_corr_mixed_high_vol_r02_s20260701,20,theta_237,0.9850250433581735,0.023448736240111092,0.6699999999999999,0.04857532548516975,1.0625970410942283,3.1766845699999995
train,syn_n100_k20_low_corr_heavy_tail_high_vol_r03_s20260704,20,theta_011,0.9637834180204088,0.08573294593331436,0.625,0.06846756918806955,0.8504957926561337,1.4820719866666667
train,syn_n100_k20_low_corr_heavy_tail_high_vol_r03_s20260704,20,theta_034,0.8914955747753093,0.11770684399021218,0.3777777777777778,0.06487726369073489,0.7873806469317937,2.199946253333333
train,syn_n100_k20_low_corr_heavy_tail_high_vol_r03_s20260704,20,theta_037,0.8914955747753093,0.11770684399021218,0.3777777777777778,0.06487726369073489,0.7873806469317937,2.2140713333333335
train,syn_n100_k20_low_corr_heavy_tail_high_vol_r03_s20260704,20,theta_045,0.8914955747753093,0.11770684399021218,0.3777777777777778,0.06487726369073489,0.7873806469317937,2.6992995100000003
train,syn_n100_k20_low_corr_heavy_tail_high_vol_r03_s20260704,20,theta_047,0.8914955747753093,0.11770684399021218,0.3777777777777778,0.06487726369073489,0.7873806469317937,2.8708639066666657
train,syn_n100_k20_low_corr_heavy_tail_high_vol_r03_s20260704,20,theta_067,0.9343324199991557,0.09659811413217932,0.5080555555555555,0.07085727879752632,0.8410594596976056,2.800615806666666
train,syn_n100_k20_low_corr_heavy_tail_high_vol_r03_s20260704,20,theta_076,0.9343324199991557,0.09659811413217932,0.5080555555555555,0.07085727879752632,0.8410594596976056,3.0770718500000003
train,syn_n100_k20_low_corr_heavy_tail_high_vol_r03_s20260704,20,theta_078,0.9343324199991557,0.09659811413217932,0.5080555555555555,0.07085727879752632,0.8410594596976056,2.7714466399999997
train,syn_n100_k20_low_corr_heavy_tail_high_vol_r03_s20260704,20,theta_084,0.9930341273091222,0.06739468453080158,0.6569444444444444,0.06394424523109161,0.9254493059693227,2.2895243733333333
train,syn_n100_k20_low_corr_heavy_tail_high_vol_r03_s20260704,20,theta_086,0.9930341273091222,0.06739468453080158,0.6569444444444444,0.06394424523109161,0.9254493059693227,2.753708963333333
train,syn_n100_k20_low_corr_heavy_tail_high_vol_r03_s20260704,20,theta_089,0.9930341273091222,0.06739468453080158,0.6569444444444444,0.06394424523109161,0.9254493059693227,3.3217734066666673
train,syn_n100_k20_low_corr_heavy_tail_high_vol_r03_s20260704,20,theta_118,0.9285958639377709,0.09499575129600986,0.38833333333333336,0.07838521722968685,0.8894956667236877,3.03294542
train,syn_n100_k20_low_corr_heavy_tail_high_vol_r03_s20260704,20,theta_131,0.9285958639377709,0.09499575129600986,0.38833333333333336,0.07838521722968685,0.8894956667236877,2.6973809099999992
train,syn_n100_k20_low_corr_heavy_tail_high_vol_r03_s20260704,20,theta_132,0.9285958639377709,0.09499575129600986,0.38833333333333336,0.07838521722968685,0.8894956667236877,3.2111031800000003
train,syn_n100_k20_low_corr_heavy_tail_high_vol_r03_s20260704,20,theta_144,0.86923122696783,0.13851975104624872,0.49861111111111106,0.08252568655908694,0.6863982816804571,3.49926868
train,syn_n100_k20_low_corr_heavy_tail_high_vol_r03_s20260704,20,theta_159,0.86923122696783,0.13851975104624872,0.49861111111111106,0.08252568655908694,0.6863982816804571,3.5205675333333337
train,syn_n100_k20_low_corr_heavy_tail_high_vol_r03_s20260704,20,theta_164,0.9800369881038021,0.07907500216176758,0.6655555555555556,0.08870753761344259,0.8976332080928725,2.870736433333333
train,syn_n100_k20_low_corr_heavy_tail_high_vol_r03_s20260704,20,theta_170,0.9800369881038021,0.07907500216176758,0.6655555555555556,0.08870753761344259,0.8976332080928725,3.21865788
train,syn_n100_k20_low_corr_heavy_tail_high_vol_r03_s20260704,20,theta_175,0.9800369881038021,0.07907500216176758,0.6655555555555556,0.08870753761344259,0.8976332080928725,3.2232952600000004
train,syn_n100_k20_low_corr_heavy_tail_high_vol_r03_s20260704,20,theta_189,0.9800369881038021,0.07907500216176758,0.6655555555555556,0.08870753761344259,0.8976332080928725,5.0151240800000005
train,syn_n100_k20_low_corr_heavy_tail_high_vol_r03_s20260704,20,theta_200,0.9355627379078,0.09376189266765587,0.3980555555555555,0.09336195489046688,0.9026326722649985,8.305531153333334
train,syn_n100_k20_low_corr_heavy_tail_high_vol_r03_s20260704,20,theta_223,0.9075161670552,0.11594405466102846,0.4844444444444444,0.07148754374084092,0.7573386547411942,6.962821493333333
train,syn_n100_k20_low_corr_heavy_tail_high_vol_r03_s20260704,20,theta_234,0.9075161670552,0.11594405466102846,0.4844444444444444,0.07148754374084092,0.7573386547411942,7.386960500000001
train,syn_n100_k20_low_corr_heavy_tail_high_vol_r03_s20260704,20,theta_237,0.9075161670552,0.11594405466102846,0.4844444444444444,0.07148754374084092,0.7573386547411942,3.143507323333333
train,syn_n100_k20_low_corr_normal_low_vol_r01_s20260699,20,theta_011,1.0262907144848368,0.053382194748404346,0.6933333333333335,0.03502063654428319,0.6623799472724428,1.4499378833333334
train,syn_n100_k20_low_corr_normal_low_vol_r01_s20260699,20,theta_034,0.9526695988570305,0.07478223583804339,0.4613888888888888,0.04191237194874468,0.6367126303214029,2.1563978333333336
train,syn_n100_k20_low_corr_normal_low_vol_r01_s20260699,20,theta_037,0.9526695988570305,0.07478223583804339,0.4613888888888888,0.04191237194874468,0.6367126303214029,2.1644556966666664
train,syn_n100_k20_low_corr_normal_low_vol_r01_s20260699,20,theta_045,0.9526695988570305,0.07478223583804339,0.4613888888888888,0.04191237194874468,0.6367126303214029,2.642265070000001
train,syn_n100_k20_low_corr_normal_low_vol_r01_s20260699,20,theta_047,0.9526695988570305,0.07478223583804339,0.4613888888888888,0.04191237194874468,0.6367126303214029,2.8233401800000006
train,syn_n100_k20_low_corr_normal_low_vol_r01_s20260699,20,theta_067,0.9727034724452582,0.07216818750553342,0.568611111111111,0.050044957833682215,0.596708243019337,2.4394094433333335
train,syn_n100_k20_low_corr_normal_low_vol_r01_s20260699,20,theta_076,0.9727034724452582,0.07216818750553342,0.568611111111111,0.050044957833682215,0.596708243019337,3.0255679199999994
train,syn_n100_k20_low_corr_normal_low_vol_r01_s20260699,20,theta_078,0.9727034724452582,0.07216818750553342,0.568611111111111,0.050044957833682215,0.596708243019337,3.0260760900000006
train,syn_n100_k20_low_corr_normal_low_vol_r01_s20260699,20,theta_084,1.0495280018074316,0.0426168810757518,0.7316666666666667,0.038433935584348274,0.7103766924674896,2.244428603333333
train,syn_n100_k20_low_corr_normal_low_vol_r01_s20260699,20,theta_086,1.0495280018074316,0.0426168810757518,0.7316666666666667,0.038433935584348274,0.7103766924674896,2.4067551533333336
train,syn_n100_k20_low_corr_normal_low_vol_r01_s20260699,20,theta_089,1.0495280018074316,0.0426168810757518,0.7316666666666667,0.038433935584348274,0.7103766924674896,3.295793726666667
train,syn_n100_k20_low_corr_normal_low_vol_r01_s20260699,20,theta_118,0.9529503244812365,0.07720407172802081,0.4880555555555556,0.05660795273190282,0.6260722938040852,3.211756323333333
train,syn_n100_k20_low_corr_normal_low_vol_r01_s20260699,20,theta_131,0.9529503244812365,0.07720407172802081,0.4880555555555556,0.05660795273190282,0.6260722938040852,2.9131539099999997
train,syn_n100_k20_low_corr_normal_low_vol_r01_s20260699,20,theta_132,0.9529503244812365,0.07720407172802081,0.4880555555555556,0.05660795273190282,0.6260722938040852,2.9524923333333333
train,syn_n100_k20_low_corr_normal_low_vol_r01_s20260699,20,theta_144,0.9384105046904295,0.08505859011865373,0.6063888888888889,0.03700378640387266,0.5174471091271158,3.4823576833333334
train,syn_n100_k20_low_corr_normal_low_vol_r01_s20260699,20,theta_159,0.9384105046904295,0.08505859011865373,0.6063888888888889,0.03700378640387266,0.5174471091271158,3.26018109
train,syn_n100_k20_low_corr_normal_low_vol_r01_s20260699,20,theta_164,1.0588803891515546,0.039626097247014394,0.7319444444444445,0.04446559955694739,0.7266287606405288,2.8748917566666656
train,syn_n100_k20_low_corr_normal_low_vol_r01_s20260699,20,theta_170,1.0588803891515546,0.039626097247014394,0.7319444444444445,0.04446559955694739,0.7266287606405288,3.0625836966666666
train,syn_n100_k20_low_corr_normal_low_vol_r01_s20260699,20,theta_175,1.0588803891515546,0.039626097247014394,0.7319444444444445,0.04446559955694739,0.7266287606405288,2.9919972966666672
train,syn_n100_k20_low_corr_normal_low_vol_r01_s20260699,20,theta_189,1.0588803891515546,0.039626097247014394,0.7319444444444445,0.04446559955694739,0.7266287606405288,5.439416903333334
train,syn_n100_k20_low_corr_normal_low_vol_r01_s20260699,20,theta_200,0.978156549387801,0.06657800710622307,0.4716666666666667,0.06155277638257198,0.7016555141639885,8.134545356666667
train,syn_n100_k20_low_corr_normal_low_vol_r01_s20260699,20,theta_223,0.9642838167452938,0.07526925244707033,0.55,0.04097861860743573,0.5837018147812336,6.698946103333332
train,syn_n100_k20_low_corr_normal_low_vol_r01_s20260699,20,theta_234,0.9642838167452938,0.07526925244707033,0.55,0.04097861860743573,0.5837018147812336,7.01462853
train,syn_n100_k20_low_corr_normal_low_vol_r01_s20260699,20,theta_237,0.9642838167452938,0.07526925244707033,0.55,0.04097861860743573,0.5837018147812336,3.0621689300000003
train,syn_n100_k20_low_corr_skewed_extreme_events_r02_s20260700,20,theta_011,1.0647531880471655,0.037851633803625696,0.6986111111111111,0.03040591844417362,0.66325295918109,1.40187002
train,syn_n100_k20_low_corr_skewed_extreme_events_r02_s20260700,20,theta_034,1.048825572030747,0.04376731923046481,0.4752777777777778,0.05147659390001833,0.7626328942739669,2.2117297366666673
train,syn_n100_k20_low_corr_skewed_extreme_events_r02_s20260700,20,theta_037,1.048825572030747,0.04376731923046481,0.4752777777777778,0.05147659390001833,0.7626328942739669,2.1992268666666672
train,syn_n100_k20_low_corr_skewed_extreme_events_r02_s20260700,20,theta_045,1.048825572030747,0.04376731923046481,0.4752777777777778,0.05147659390001833,0.7626328942739669,2.6233224766666665
train,syn_n100_k20_low_corr_skewed_extreme_events_r02_s20260700,20,theta_047,1.048825572030747,0.04376731923046481,0.4752777777777778,0.05147659390001833,0.7626328942739669,2.8359374099999997
train,syn_n100_k20_low_corr_skewed_extreme_events_r02_s20260700,20,theta_067,1.0504573031553546,0.041490322897692986,0.5933333333333334,0.03689282646455247,0.722232622227924,3.09471341
train,syn_n100_k20_low_corr_skewed_extreme_events_r02_s20260700,20,theta_076,1.0504573031553546,0.041490322897692986,0.5933333333333334,0.03689282646455247,0.722232622227924,2.9873991933333333
train,syn_n100_k20_low_corr_skewed_extreme_events_r02_s20260700,20,theta_078,1.0504573031553546,0.041490322897692986,0.5933333333333334,0.03689282646455247,0.722232622227924,3.00235133
train,syn_n100_k20_low_corr_skewed_extreme_events_r02_s20260700,20,theta_084,1.077880585948829,0.03491838599787341,0.7124999999999998,0.05063866205358377,0.6851734208409483,2.2484470833333328
train,syn_n100_k20_low_corr_skewed_extreme_events_r02_s20260700,20,theta_086,1.077880585948829,0.03491838599787341,0.7124999999999998,0.05063866205358377,0.6851734208409483,2.391658336666667
train,syn_n100_k20_low_corr_skewed_extreme_events_r02_s20260700,20,theta_089,1.077880585948829,0.03491838599787341,0.7124999999999998,0.05063866205358377,0.6851734208409483,3.1221179733333337
train,syn_n100_k20_low_corr_skewed_extreme_events_r02_s20260700,20,theta_118,1.070119462741451,0.03807639209448668,0.5308333333333333,0.0436422242100137,0.8101988210000698,3.0620444966666667
train,syn_n100_k20_low_corr_skewed_extreme_events_r02_s20260700,20,theta_131,1.070119462741451,0.03807639209448668,0.5308333333333333,0.0436422242100137,0.8101988210000698,2.970398653333333
train,syn_n100_k20_low_corr_skewed_extreme_events_r02_s20260700,20,theta_132,1.070119462741451,0.03807639209448668,0.5308333333333333,0.0436422242100137,0.8101988210000698,2.994595986666667
train,syn_n100_k20_low_corr_skewed_extreme_events_r02_s20260700,20,theta_144,1.057360853314254,0.038951215577677396,0.6847222222222222,0.033943354964728036,0.663267830646226,3.569478196666666
train,syn_n100_k20_low_corr_skewed_extreme_events_r02_s20260700,20,theta_159,1.057360853314254,0.038951215577677396,0.6847222222222222,0.033943354964728036,0.663267830646226,3.58747958
train,syn_n100_k20_low_corr_skewed_extreme_events_r02_s20260700,20,theta_164,1.0830331342818365,0.03419914619339432,0.7008333333333333,0.05828017772530982,0.7018304090008165,2.839678646666667
train,syn_n100_k20_low_corr_skewed_extreme_events_r02_s20260700,20,theta_170,1.0830331342818365,0.03419914619339432,0.7008333333333333,0.05828017772530982,0.7018304090008165,3.047601086666667
train,syn_n100_k20_low_corr_skewed_extreme_events_r02_s20260700,20,theta_175,1.0830331342818365,0.03419914619339432,0.7008333333333333,0.05828017772530982,0.7018304090008165,2.971231349999999
train,syn_n100_k20_low_corr_skewed_extreme_events_r02_s20260700,20,theta_189,1.0830331342818365,0.03419914619339432,0.7008333333333333,0.05828017772530982,0.7018304090008165,5.672885683333333
train,syn_n100_k20_low_corr_skewed_extreme_events_r02_s20260700,20,theta_200,1.0809724630146365,0.03797977914210872,0.45805555555555555,0.05332771606637341,0.8433947900018978,7.567580043333334
train,syn_n100_k20_low_corr_skewed_extreme_events_r02_s20260700,20,theta_223,1.0788484203050355,0.033293758355639975,0.6402777777777778,0.036529675089215924,0.7067581107339856,6.811937823333333
train,syn_n100_k20_low_corr_skewed_extreme_events_r02_s20260700,20,theta_234,1.0788484203050355,0.033293758355639975,0.6402777777777778,0.036529675089215924,0.7067581107339856,7.119741416666668
train,syn_n100_k20_low_corr_skewed_extreme_events_r02_s20260700,20,theta_237,1.0788484203050355,0.033293758355639975,0.6402777777777778,0.036529675089215924,0.7067581107339856,3.2180486033333335
train,syn_n100_k20_pathological_cov_normal_extreme_events_r02_s20260703,20,theta_011,0.9327734699049098,0.043444684007051704,0.46861111111111114,0.04445073924884348,1.0467243689831294,1.3967691000000002
train,syn_n100_k20_pathological_cov_normal_extreme_events_r02_s20260703,20,theta_034,0.9437434095391097,0.06253209291298506,0.8586111111111112,0.09886571587314283,0.9736825822705405,2.299523216666666
train,syn_n100_k20_pathological_cov_normal_extreme_events_r02_s20260703,20,theta_037,0.9437434095391097,0.06253209291298506,0.8586111111111112,0.09886571587314283,0.9736825822705405,2.282725923333333
train,syn_n100_k20_pathological_cov_normal_extreme_events_r02_s20260703,20,theta_045,0.9437434095391097,0.06253209291298506,0.8586111111111112,0.09886571587314283,0.9736825822705405,2.9125151633333335
train,syn_n100_k20_pathological_cov_normal_extreme_events_r02_s20260703,20,theta_047,0.9437434095391097,0.06253209291298506,0.8586111111111112,0.09886571587314283,0.9736825822705405,2.9032797300000004
train,syn_n100_k20_pathological_cov_normal_extreme_events_r02_s20260703,20,theta_067,0.9817049361528867,0.007652179490181936,0.9769444444444446,0.015939866170970925,1.0873499090867769,3.4193383933333337
train,syn_n100_k20_pathological_cov_normal_extreme_events_r02_s20260703,20,theta_076,0.9817049361528867,0.007652179490181936,0.9769444444444446,0.015939866170970925,1.0873499090867769,3.067700603333334
train,syn_n100_k20_pathological_cov_normal_extreme_events_r02_s20260703,20,theta_078,0.9817049361528867,0.007652179490181936,0.9769444444444446,0.015939866170970925,1.0873499090867769,3.1755778233333336
train,syn_n100_k20_pathological_cov_normal_extreme_events_r02_s20260703,20,theta_084,0.9426161706774503,0.02986624885969161,0.42277777777777764,0.038248253405683545,1.0766092853669087,2.180360443333334
train,syn_n100_k20_pathological_cov_normal_extreme_events_r02_s20260703,20,theta_086,0.9426161706774503,0.02986624885969161,0.42277777777777764,0.038248253405683545,1.0766092853669087,2.7560238300000006
train,syn_n100_k20_pathological_cov_normal_extreme_events_r02_s20260703,20,theta_089,0.9426161706774503,0.02986624885969161,0.42277777777777764,0.038248253405683545,1.0766092853669087,3.1086060499999997
train,syn_n100_k20_pathological_cov_normal_extreme_events_r02_s20260703,20,theta_118,0.9651986162130829,0.016073985468929776,0.9347222222222221,0.026954961869424907,1.0943336561943164,3.262829003333334
train,syn_n100_k20_pathological_cov_normal_extreme_events_r02_s20260703,20,theta_131,0.9651986162130829,0.016073985468929776,0.9347222222222221,0.026954961869424907,1.0943336561943164,3.130714046666667
train,syn_n100_k20_pathological_cov_normal_extreme_events_r02_s20260703,20,theta_132,0.9651986162130829,0.016073985468929776,0.9347222222222221,0.026954961869424907,1.0943336561943164,3.0753886233333336
train,syn_n100_k20_pathological_cov_normal_extreme_events_r02_s20260703,20,theta_144,0.9866186497354918,0.004906548248868598,0.9991666666666668,0.009957549870920452,1.0878620687457259,3.4156452133333337
train,syn_n100_k20_pathological_cov_normal_extreme_events_r02_s20260703,20,theta_159,0.9866186497354918,0.004906548248868598,0.9991666666666668,0.009957549870920452,1.0878620687457259,3.4521594666666666
train,syn_n100_k20_pathological_cov_normal_extreme_events_r02_s20260703,20,theta_164,0.9351563427781642,0.04224983401758143,0.49888888888888894,0.04648841816990609,1.0444473743315918,2.788474556666667
train,syn_n100_k20_pathological_cov_normal_extreme_events_r02_s20260703,20,theta_170,0.9351563427781642,0.04224983401758143,0.49888888888888894,0.04648841816990609,1.0444473743315918,2.893503463333333
train,syn_n100_k20_pathological_cov_normal_extreme_events_r02_s20260703,20,theta_175,0.9361575219937895,0.042601180998486615,0.49888888888888894,0.04679329348308485,1.0439922857013917,3.252115706666667
train,syn_n100_k20_pathological_cov_normal_extreme_events_r02_s20260703,20,theta_189,0.9351563427781642,0.04224983401758143,0.49888888888888894,0.04648841816990609,1.0444473743315918,4.905752090000001
train,syn_n100_k20_pathological_cov_normal_extreme_events_r02_s20260703,20,theta_200,0.9858939353851692,0.005920018861400001,0.9725,0.01899950470451024,1.089033513836181,7.812253716666665
train,syn_n100_k20_pathological_cov_normal_extreme_events_r02_s20260703,20,theta_223,0.967413750713151,0.02649449930667403,0.9344444444444444,0.04024099839908297,1.0461374206399545,7.082032216666667
train,syn_n100_k20_pathological_cov_normal_extreme_events_r02_s20260703,20,theta_234,0.967413750713151,0.02649449930667403,0.9344444444444444,0.04024099839908297,1.0461374206399545,7.589328806666667
train,syn_n100_k20_pathological_cov_normal_extreme_events_r02_s20260703,20,theta_237,0.967413750713151,0.02649449930667403,0.9344444444444444,0.04024099839908297,1.0461374206399545,3.2018271166666668
train,syn_n100_k30_cluster_corr_heavy_tail_low_vol_r02_s20260711,30,theta_011,0.9326306511351616,0.09776222034342126,0.7091666666666668,0.01974609731550546,0.640030321903229,1.5100030233333335
train,syn_n100_k30_cluster_corr_heavy_tail_low_vol_r02_s20260711,30,theta_034,0.951674383788455,0.08480648127306997,0.3822222222222222,0.039781487598641946,0.8043616477981695,2.319111373333333
train,syn_n100_k30_cluster_corr_heavy_tail_low_vol_r02_s20260711,30,theta_037,0.951674383788455,0.08480648127306997,0.3822222222222222,0.039781487598641946,0.8043616477981695,2.282724536666667
train,syn_n100_k30_cluster_corr_heavy_tail_low_vol_r02_s20260711,30,theta_045,0.951674383788455,0.08480648127306997,0.3822222222222222,0.039781487598641946,0.8043616477981695,2.793280726666667
train,syn_n100_k30_cluster_corr_heavy_tail_low_vol_r02_s20260711,30,theta_047,0.951674383788455,0.08480648127306997,0.3822222222222222,0.039781487598641946,0.8043616477981695,3.090473403333334
train,syn_n100_k30_cluster_corr_heavy_tail_low_vol_r02_s20260711,30,theta_067,0.9277569209124952,0.09314654178154678,0.5408333333333335,0.03705101947519197,0.7103704523234329,3.773843896666667
train,syn_n100_k30_cluster_corr_heavy_tail_low_vol_r02_s20260711,30,theta_076,0.9277569209124952,0.09314654178154678,0.5408333333333335,0.03705101947519197,0.7103704523234329,2.9529624933333327
train,syn_n100_k30_cluster_corr_heavy_tail_low_vol_r02_s20260711,30,theta_078,0.9277569209124952,0.09314654178154678,0.5408333333333335,0.03705101947519197,0.7103704523234329,3.0688411933333337
train,syn_n100_k30_cluster_corr_heavy_tail_low_vol_r02_s20260711,30,theta_084,0.9566847605122896,0.08482965939625892,0.7402777777777778,0.03712991041765748,0.7147151366029375,2.3038742199999995
train,syn_n100_k30_cluster_corr_heavy_tail_low_vol_r02_s20260711,30,theta_086,0.9566847605122896,0.08482965939625892,0.7402777777777778,0.03712991041765748,0.7147151366029375,2.738315533333333
train,syn_n100_k30_cluster_corr_heavy_tail_low_vol_r02_s20260711,30,theta_089,0.9566847605122896,0.08482965939625892,0.7402777777777778,0.03712991041765748,0.7147151366029375,3.3875376499999996
train,syn_n100_k30_cluster_corr_heavy_tail_low_vol_r02_s20260711,30,theta_118,0.9631534886607869,0.07152835842760544,0.38361111111111107,0.04365215681248805,0.8817946670370935,3.286124833333333
train,syn_n100_k30_cluster_corr_heavy_tail_low_vol_r02_s20260711,30,theta_131,0.9631534886607869,0.07152835842760544,0.38361111111111107,0.04365215681248805,0.8817946670370935,2.959916916666667
train,syn_n100_k30_cluster_corr_heavy_tail_low_vol_r02_s20260711,30,theta_132,0.9631534886607869,0.07152835842760544,0.38361111111111107,0.04365215681248805,0.8817946670370935,3.159658163333333
train,syn_n100_k30_cluster_corr_heavy_tail_low_vol_r02_s20260711,30,theta_144,0.9576684515756017,0.08107743064043198,0.6327777777777778,0.03659610206821698,0.7542822607086613,5.233643003333333
train,syn_n100_k30_cluster_corr_heavy_tail_low_vol_r02_s20260711,30,theta_159,0.9576684515756017,0.08107743064043198,0.6327777777777778,0.03659610206821698,0.7542822607086613,5.632770556666667
train,syn_n100_k30_cluster_corr_heavy_tail_low_vol_r02_s20260711,30,theta_164,0.9636856305667563,0.07973807209742449,0.7247222222222223,0.03785787785462037,0.738720806276496,2.9786960366666673
train,syn_n100_k30_cluster_corr_heavy_tail_low_vol_r02_s20260711,30,theta_170,0.9636856305667563,0.07973807209742449,0.7247222222222223,0.03785787785462037,0.738720806276496,3.1100979200000003
train,syn_n100_k30_cluster_corr_heavy_tail_low_vol_r02_s20260711,30,theta_175,0.9636856305667563,0.07973807209742449,0.7247222222222223,0.03785787785462037,0.738720806276496,3.1521634400000003
train,syn_n100_k30_cluster_corr_heavy_tail_low_vol_r02_s20260711,30,theta_189,0.9636856305667563,0.07973807209742449,0.7247222222222223,0.03785787785462037,0.738720806276496,4.801402649999999
train,syn_n100_k30_cluster_corr_heavy_tail_low_vol_r02_s20260711,30,theta_200,0.9887052201939386,0.0642418765898366,0.36999999999999994,0.07595531874537342,0.9477079657773817,8.85495648
train,syn_n100_k30_cluster_corr_heavy_tail_low_vol_r02_s20260711,30,theta_223,0.9663290255932048,0.07336021683412695,0.5705555555555556,0.034406597716810525,0.8169558981060719,7.023214079999999
train,syn_n100_k30_cluster_corr_heavy_tail_low_vol_r02_s20260711,30,theta_234,0.9663290255932048,0.07336021683412695,0.5705555555555556,0.034406597716810525,0.8169558981060719,7.26767599
train,syn_n100_k30_cluster_corr_heavy_tail_low_vol_r02_s20260711,30,theta_237,0.9663290255932048,0.07336021683412695,0.5705555555555556,0.034406597716810525,0.8169558981060719,3.3006648566666668
train,syn_n100_k30_cluster_corr_mixed_extreme_events_r03_s20260716,30,theta_011,1.0025094438184368,0.05500698476867177,0.7352777777777778,0.022675276726694234,0.6551035260932248,1.4843766266666665
train,syn_n100_k30_cluster_corr_mixed_extreme_events_r03_s20260716,30,theta_034,1.003702063910583,0.06208464698995831,0.21388888888888893,0.04689218522555743,0.890571977176439,2.3286698399999994
train,syn_n100_k30_cluster_corr_mixed_extreme_events_r03_s20260716,30,theta_037,1.003702063910583,0.06208464698995831,0.21388888888888893,0.04689218522555743,0.890571977176439,2.2740770833333332
train,syn_n100_k30_cluster_corr_mixed_extreme_events_r03_s20260716,30,theta_045,1.003702063910583,0.06208464698995831,0.21388888888888893,0.04689218522555743,0.890571977176439,2.743194303333334
train,syn_n100_k30_cluster_corr_mixed_extreme_events_r03_s20260716,30,theta_047,1.003702063910583,0.06208464698995831,0.21388888888888893,0.04689218522555743,0.890571977176439,3.0672060533333325
train,syn_n100_k30_cluster_corr_mixed_extreme_events_r03_s20260716,30,theta_067,1.0032850572907281,0.05661201127131722,0.4091666666666667,0.03755911109393688,0.774342259693216,3.9259680733333338
train,syn_n100_k30_cluster_corr_mixed_extreme_events_r03_s20260716,30,theta_076,1.0032850572907281,0.05661201127131722,0.4091666666666667,0.03755911109393688,0.774342259693216,3.0767440266666664
train,syn_n100_k30_cluster_corr_mixed_extreme_events_r03_s20260716,30,theta_078,1.0032850572907281,0.05661201127131722,0.4091666666666667,0.03755911109393688,0.774342259693216,3.185585623333333
train,syn_n100_k30_cluster_corr_mixed_extreme_events_r03_s20260716,30,theta_084,1.0220227863283726,0.048355730014117526,0.7616666666666668,0.03460312423765661,0.7206317820924893,2.3210960066666666
train,syn_n100_k30_cluster_corr_mixed_extreme_events_r03_s20260716,30,theta_086,1.0220227863283726,0.048355730014117526,0.7616666666666668,0.03460312423765661,0.7206317820924893,2.8213146033333336
train,syn_n100_k30_cluster_corr_mixed_extreme_events_r03_s20260716,30,theta_089,1.0220227863283726,0.048355730014117526,0.7616666666666668,0.03460312423765661,0.7206317820924893,3.1637252500000006
train,syn_n100_k30_cluster_corr_mixed_extreme_events_r03_s20260716,30,theta_118,1.016979464645646,0.052962192673097395,0.2527777777777778,0.0555418804339558,0.9444661551133382,3.063687513333333
train,syn_n100_k30_cluster_corr_mixed_extreme_events_r03_s20260716,30,theta_131,1.016979464645646,0.052962192673097395,0.2527777777777778,0.0555418804339558,0.9444661551133382,3.024089826666667
train,syn_n100_k30_cluster_corr_mixed_extreme_events_r03_s20260716,30,theta_132,1.016979464645646,0.052962192673097395,0.2527777777777778,0.0555418804339558,0.9444661551133382,3.1252960099999996
train,syn_n100_k30_cluster_corr_mixed_extreme_events_r03_s20260716,30,theta_144,0.9968390043347408,0.05537300466199915,0.48138888888888887,0.04229492321821591,0.7625140361775055,5.059657096666667
train,syn_n100_k30_cluster_corr_mixed_extreme_events_r03_s20260716,30,theta_159,0.9968390043347408,0.05537300466199915,0.48138888888888887,0.04229492321821591,0.7625140361775055,5.057855246666667
train,syn_n100_k30_cluster_corr_mixed_extreme_events_r03_s20260716,30,theta_164,1.0263827642629937,0.045752995853464255,0.7397222222222221,0.03481631982801533,0.7616549881527671,2.9088838633333336
train,syn_n100_k30_cluster_corr_mixed_extreme_events_r03_s20260716,30,theta_170,1.0263827642629937,0.045752995853464255,0.7397222222222221,0.03481631982801533,0.7616549881527671,3.0049647800000003
train,syn_n100_k30_cluster_corr_mixed_extreme_events_r03_s20260716,30,theta_175,1.0263827642629937,0.045752995853464255,0.7397222222222221,0.03481631982801533,0.7616549881527671,3.138735586666667
train,syn_n100_k30_cluster_corr_mixed_extreme_events_r03_s20260716,30,theta_189,1.0263827642629937,0.045752995853464255,0.7397222222222221,0.03481631982801533,0.7616549881527671,4.437411013333333
train,syn_n100_k30_cluster_corr_mixed_extreme_events_r03_s20260716,30,theta_200,1.011079234382536,0.05776158633207951,0.2416666666666667,0.06338583343828867,0.929194147382672,9.39768634
train,syn_n100_k30_cluster_corr_mixed_extreme_events_r03_s20260716,30,theta_223,0.9941924877200013,0.05709266561515194,0.40527777777777785,0.046342091526135026,0.804153233693198,6.896820756666668
train,syn_n100_k30_cluster_corr_mixed_extreme_events_r03_s20260716,30,theta_234,0.9941924877200013,0.05709266561515194,0.40527777777777785,0.046342091526135026,0.804153233693198,7.1452310899999985
train,syn_n100_k30_cluster_corr_mixed_extreme_events_r03_s20260716,30,theta_237,0.9941924877200013,0.05709266561515194,0.40527777777777785,0.046342091526135026,0.804153233693198,3.278300263333334
train,syn_n100_k30_cluster_corr_skewed_high_vol_r01_s20260714,30,theta_011,0.9928276919174776,0.0625174960109021,0.6733333333333332,0.042730990749875984,0.7480504034875467,1.5235188166666669
train,syn_n100_k30_cluster_corr_skewed_high_vol_r01_s20260714,30,theta_034,0.995262200764823,0.05834237521234192,0.33333333333333326,0.05132285160698671,0.9284531915533157,2.3251778033333332
train,syn_n100_k30_cluster_corr_skewed_high_vol_r01_s20260714,30,theta_037,0.995262200764823,0.05834237521234192,0.33333333333333326,0.05132285160698671,0.9284531915533157,2.3566877833333333
train,syn_n100_k30_cluster_corr_skewed_high_vol_r01_s20260714,30,theta_045,0.995262200764823,0.05834237521234192,0.33333333333333326,0.05132285160698671,0.9284531915533157,2.7653668699999994
train,syn_n100_k30_cluster_corr_skewed_high_vol_r01_s20260714,30,theta_047,0.995262200764823,0.05834237521234192,0.33333333333333326,0.05132285160698671,0.9284531915533157,3.0444251633333335
train,syn_n100_k30_cluster_corr_skewed_high_vol_r01_s20260714,30,theta_067,0.9856234050074534,0.06401333573481047,0.47277777777777785,0.044481252127637975,0.7717139194207809,3.8740966666666674
train,syn_n100_k30_cluster_corr_skewed_high_vol_r01_s20260714,30,theta_076,0.9856234050074534,0.06401333573481047,0.47277777777777785,0.044481252127637975,0.7717139194207809,3.0204877866666666
train,syn_n100_k30_cluster_corr_skewed_high_vol_r01_s20260714,30,theta_078,0.9856234050074534,0.06401333573481047,0.47277777777777785,0.044481252127637975,0.7717139194207809,3.01670266
train,syn_n100_k30_cluster_corr_skewed_high_vol_r01_s20260714,30,theta_084,1.0105841688730697,0.05281448325604986,0.6980555555555557,0.04443776810114561,0.7962779423895967,2.392533523333333
train,syn_n100_k30_cluster_corr_skewed_high_vol_r01_s20260714,30,theta_086,1.0105841688730697,0.05281448325604986,0.6980555555555557,0.04443776810114561,0.7962779423895967,2.929652833333333
train,syn_n100_k30_cluster_corr_skewed_high_vol_r01_s20260714,30,theta_089,1.0105841688730697,0.05281448325604986,0.6980555555555557,0.04443776810114561,0.7962779423895967,3.31043669
train,syn_n100_k30_cluster_corr_skewed_high_vol_r01_s20260714,30,theta_118,1.0058252360326851,0.056379281624150866,0.33833333333333326,0.049951440335058564,0.906129319828867,3.0739665600000006
train,syn_n100_k30_cluster_corr_skewed_high_vol_r01_s20260714,30,theta_131,1.0058252360326851,0.056379281624150866,0.33833333333333326,0.049951440335058564,0.906129319828867,3.031319063333333
train,syn_n100_k30_cluster_corr_skewed_high_vol_r01_s20260714,30,theta_132,1.0058252360326851,0.056379281624150866,0.33833333333333326,0.049951440335058564,0.906129319828867,3.2785604433333337
train,syn_n100_k30_cluster_corr_skewed_high_vol_r01_s20260714,30,theta_144,0.9810600730316618,0.0634681474614199,0.5369444444444444,0.05694411852569165,0.7922484914533384,4.912177606666668
train,syn_n100_k30_cluster_corr_skewed_high_vol_r01_s20260714,30,theta_159,0.9810600730316618,0.0634681474614199,0.5369444444444444,0.05694411852569165,0.7922484914533384,4.5958613633333325
train,syn_n100_k30_cluster_corr_skewed_high_vol_r01_s20260714,30,theta_164,1.018520719744744,0.051626721146828494,0.6919444444444444,0.036101365742705685,0.7948012077303948,2.9283608033333333
train,syn_n100_k30_cluster_corr_skewed_high_vol_r01_s20260714,30,theta_170,1.018520719744744,0.051626721146828494,0.6919444444444444,0.036101365742705685,0.7948012077303948,3.165336266666667
train,syn_n100_k30_cluster_corr_skewed_high_vol_r01_s20260714,30,theta_175,1.018520719744744,0.051626721146828494,0.6919444444444444,0.036101365742705685,0.7948012077303948,3.235485216666667
train,syn_n100_k30_cluster_corr_skewed_high_vol_r01_s20260714,30,theta_189,1.018520719744744,0.051626721146828494,0.6919444444444444,0.036101365742705685,0.7948012077303948,4.316919436666667
train,syn_n100_k30_cluster_corr_skewed_high_vol_r01_s20260714,30,theta_200,1.0021066040888462,0.0573335940264994,0.30416666666666664,0.07466466244736422,0.9696619968722805,9.543115283333332
train,syn_n100_k30_cluster_corr_skewed_high_vol_r01_s20260714,30,theta_223,0.9877506493785179,0.06073536277054487,0.49777777777777776,0.03801903063160188,0.8093666991978715,7.017954129999999
train,syn_n100_k30_cluster_corr_skewed_high_vol_r01_s20260714,30,theta_234,0.9877506493785179,0.06073536277054487,0.49777777777777776,0.03801903063160188,0.8093666991978715,6.82393887
train,syn_n100_k30_cluster_corr_skewed_high_vol_r01_s20260714,30,theta_237,0.9877506493785179,0.06073536277054487,0.49777777777777776,0.03801903063160188,0.8093666991978715,3.1796400033333336
train,syn_n100_k30_high_corr_mixed_high_vol_r02_s20260713,30,theta_011,1.0574045287621905,0.016213940649316697,0.885,0.013563192212799776,0.7215392442507588,1.561568613333333
train,syn_n100_k30_high_corr_mixed_high_vol_r02_s20260713,30,theta_034,1.0295153425909052,0.03716906061792876,0.3483333333333333,0.051471470712248564,0.8884261154882578,2.26626
train,syn_n100_k30_high_corr_mixed_high_vol_r02_s20260713,30,theta_037,1.0295153425909052,0.03716906061792876,0.3483333333333333,0.051471470712248564,0.8884261154882578,2.3759004533333337
train,syn_n100_k30_high_corr_mixed_high_vol_r02_s20260713,30,theta_045,1.0295153425909052,0.03716906061792876,0.3483333333333333,0.051471470712248564,0.8884261154882578,3.010219293333334
train,syn_n100_k30_high_corr_mixed_high_vol_r02_s20260713,30,theta_047,1.0295153425909052,0.03716906061792876,0.3483333333333333,0.051471470712248564,0.8884261154882578,3.0856859799999996
train,syn_n100_k30_high_corr_mixed_high_vol_r02_s20260713,30,theta_067,1.050692109166499,0.023013156980332072,0.5705555555555557,0.03196401870097422,0.8293783357218423,3.5059826566666663
train,syn_n100_k30_high_corr_mixed_high_vol_r02_s20260713,30,theta_076,1.050692109166499,0.023013156980332072,0.5705555555555557,0.03196401870097422,0.8293783357218423,3.1488382400000003
train,syn_n100_k30_high_corr_mixed_high_vol_r02_s20260713,30,theta_078,1.050692109166499,0.023013156980332072,0.5705555555555557,0.03196401870097422,0.8293783357218423,3.24081072
train,syn_n100_k30_high_corr_mixed_high_vol_r02_s20260713,30,theta_084,1.0623926096832947,0.014482405618665052,0.8986111111111111,0.019082929083797048,0.7631565711145842,2.3563361266666667
train,syn_n100_k30_high_corr_mixed_high_vol_r02_s20260713,30,theta_086,1.0623926096832947,0.014482405618665052,0.8986111111111111,0.019082929083797048,0.7631565711145842,2.7625235066666667
train,syn_n100_k30_high_corr_mixed_high_vol_r02_s20260713,30,theta_089,1.0623926096832947,0.014482405618665052,0.8986111111111111,0.019082929083797048,0.7631565711145842,3.261613449999999
train,syn_n100_k30_high_corr_mixed_high_vol_r02_s20260713,30,theta_118,1.0318148214559464,0.03358645981973132,0.40222222222222226,0.061083221407402126,0.8951990031905332,3.3303174999999996
train,syn_n100_k30_high_corr_mixed_high_vol_r02_s20260713,30,theta_131,1.0318148214559464,0.03358645981973132,0.40222222222222226,0.061083221407402126,0.8951990031905332,3.03639013
train,syn_n100_k30_high_corr_mixed_high_vol_r02_s20260713,30,theta_132,1.0318148214559464,0.03358645981973132,0.40222222222222226,0.061083221407402126,0.8951990031905332,3.1143323499999997
train,syn_n100_k30_high_corr_mixed_high_vol_r02_s20260713,30,theta_144,1.0549591366317717,0.021473634669917075,0.5538888888888888,0.024290853498357343,0.8074321869951092,5.038909356666666
train,syn_n100_k30_high_corr_mixed_high_vol_r02_s20260713,30,theta_159,1.0549591366317717,0.021473634669917075,0.5538888888888888,0.024290853498357343,0.8074321869951092,4.465689016666667
train,syn_n100_k30_high_corr_mixed_high_vol_r02_s20260713,30,theta_164,1.0583798058651002,0.015456464031603927,0.8572222222222223,0.025084673362479236,0.756827952373746,3.0136930866666662
train,syn_n100_k30_high_corr_mixed_high_vol_r02_s20260713,30,theta_170,1.0583798058651002,0.015456464031603927,0.8572222222222223,0.025084673362479236,0.756827952373746,3.1443381600000007
train,syn_n100_k30_high_corr_mixed_high_vol_r02_s20260713,30,theta_175,1.0583798058651002,0.015456464031603927,0.8572222222222223,0.025084673362479236,0.756827952373746,3.0938175833333337
train,syn_n100_k30_high_corr_mixed_high_vol_r02_s20260713,30,theta_189,1.0583798058651002,0.015456464031603927,0.8572222222222223,0.025084673362479236,0.756827952373746,2.692809316666667
train,syn_n100_k30_high_corr_mixed_high_vol_r02_s20260713,30,theta_200,1.0445687259498755,0.030846601271542633,0.49666666666666676,0.05386651023649309,0.914831372558237,8.027819776666668
train,syn_n100_k30_high_corr_mixed_high_vol_r02_s20260713,30,theta_223,1.0557452678558163,0.022211841307353587,0.4844444444444445,0.026472844147700698,0.854632945927751,7.2435362633333344
train,syn_n100_k30_high_corr_mixed_high_vol_r02_s20260713,30,theta_234,1.0557452678558163,0.022211841307353587,0.4844444444444445,0.026472844147700698,0.854632945927751,7.290438923333332
train,syn_n100_k30_high_corr_mixed_high_vol_r02_s20260713,30,theta_237,1.0557452678558163,0.022211841307353587,0.4844444444444445,0.026472844147700698,0.854632945927751,3.210342043333333
train,syn_n100_k30_low_corr_skewed_extreme_events_r02_s20260715,30,theta_011,0.984686190077894,0.05904239095304521,0.6863888888888889,0.03594136903841165,0.6747153909032456,1.4048865533333337
train,syn_n100_k30_low_corr_skewed_extreme_events_r02_s20260715,30,theta_034,1.0040291639058667,0.054073180830568314,0.4769444444444444,0.060477731621825806,0.8317169474206202,2.2225449333333334
train,syn_n100_k30_low_corr_skewed_extreme_events_r02_s20260715,30,theta_037,1.0040291639058667,0.054073180830568314,0.4769444444444444,0.060477731621825806,0.8317169474206202,2.2130531700000002
train,syn_n100_k30_low_corr_skewed_extreme_events_r02_s20260715,30,theta_045,1.0040291639058667,0.054073180830568314,0.4769444444444444,0.060477731621825806,0.8317169474206202,2.684689736666667
train,syn_n100_k30_low_corr_skewed_extreme_events_r02_s20260715,30,theta_047,1.0040291639058667,0.054073180830568314,0.4769444444444444,0.060477731621825806,0.8317169474206202,3.0020043533333336
train,syn_n100_k30_low_corr_skewed_extreme_events_r02_s20260715,30,theta_067,0.9763182841431894,0.06063968982603345,0.5602777777777778,0.04900960216934986,0.7054635922801337,2.4950940966666666
train,syn_n100_k30_low_corr_skewed_extreme_events_r02_s20260715,30,theta_076,0.9763182841431894,0.06063968982603345,0.5602777777777778,0.04900960216934986,0.7054635922801337,3.023817506666667
train,syn_n100_k30_low_corr_skewed_extreme_events_r02_s20260715,30,theta_078,0.9763182841431894,0.06063968982603345,0.5602777777777778,0.04900960216934986,0.7054635922801337,3.030494423333333
train,syn_n100_k30_low_corr_skewed_extreme_events_r02_s20260715,30,theta_084,1.0158843921171905,0.05004963779525509,0.7222222222222224,0.04356988565125493,0.6842798258852327,2.2996629
train,syn_n100_k30_low_corr_skewed_extreme_events_r02_s20260715,30,theta_086,1.0158843921171905,0.05004963779525509,0.7222222222222224,0.04356988565125493,0.6842798258852327,2.8964419833333324
train,syn_n100_k30_low_corr_skewed_extreme_events_r02_s20260715,30,theta_089,1.0158843921171905,0.05004963779525509,0.7222222222222224,0.04356988565125493,0.6842798258852327,3.18084501
train,syn_n100_k30_low_corr_skewed_extreme_events_r02_s20260715,30,theta_118,1.0176153846221634,0.05149125130363618,0.48138888888888887,0.05582446844321804,0.7997029089665554,2.9577371833333332
train,syn_n100_k30_low_corr_skewed_extreme_events_r02_s20260715,30,theta_131,1.0176153846221634,0.05149125130363618,0.48138888888888887,0.05582446844321804,0.7997029089665554,2.91573971
train,syn_n100_k30_low_corr_skewed_extreme_events_r02_s20260715,30,theta_132,1.0176153846221634,0.05149125130363618,0.48138888888888887,0.05582446844321804,0.7997029089665554,3.0975857066666674
train,syn_n100_k30_low_corr_skewed_extreme_events_r02_s20260715,30,theta_144,0.9980414098403547,0.05315162967033062,0.6769444444444445,0.048549999005669635,0.6816248873689159,4.934149443333334
train,syn_n100_k30_low_corr_skewed_extreme_events_r02_s20260715,30,theta_159,0.9980414098403547,0.05315162967033062,0.6769444444444445,0.048549999005669635,0.6816248873689159,4.025567233333333
train,syn_n100_k30_low_corr_skewed_extreme_events_r02_s20260715,30,theta_164,1.0207890898432554,0.049130994015276624,0.7088888888888889,0.04001696922912546,0.7067960691513591,2.9043400466666673
train,syn_n100_k30_low_corr_skewed_extreme_events_r02_s20260715,30,theta_170,1.0207890898432554,0.049130994015276624,0.7088888888888889,0.04001696922912546,0.7067960691513591,3.179871853333333
train,syn_n100_k30_low_corr_skewed_extreme_events_r02_s20260715,30,theta_175,1.0207890898432554,0.049130994015276624,0.7088888888888889,0.04001696922912546,0.7067960691513591,3.1251964200000004
train,syn_n100_k30_low_corr_skewed_extreme_events_r02_s20260715,30,theta_189,1.0207890898432554,0.049130994015276624,0.7088888888888889,0.04001696922912546,0.7067960691513591,2.5319969533333335
train,syn_n100_k30_low_corr_skewed_extreme_events_r02_s20260715,30,theta_200,1.0290667414388077,0.04911753690898605,0.47222222222222227,0.06738052570895789,0.8786830869425643,6.654135503333335
train,syn_n100_k30_low_corr_skewed_extreme_events_r02_s20260715,30,theta_223,1.0377015682319592,0.04192121949774462,0.6394444444444445,0.04705036385566246,0.8229386323858628,6.740334796666667
train,syn_n100_k30_low_corr_skewed_extreme_events_r02_s20260715,30,theta_234,1.0377015682319592,0.04192121949774462,0.6394444444444445,0.04705036385566246,0.8229386323858628,6.793662423333334
train,syn_n100_k30_low_corr_skewed_extreme_events_r02_s20260715,30,theta_237,1.0377015682319592,0.04192121949774462,0.6394444444444445,0.04705036385566246,0.8229386323858628,3.0917668766666675
train,syn_n100_k30_pathological_cov_mixed_low_vol_r01_s20260717,30,theta_011,1.0813595937633107,0.022996142209692618,0.7397222222222221,0.026194678778168827,0.7153947790261945,1.5349683833333334
train,syn_n100_k30_pathological_cov_mixed_low_vol_r01_s20260717,30,theta_034,1.0504194716243391,0.04851920136380007,0.2691666666666667,0.092141689425066,0.878566854814439,2.2618063366666665
train,syn_n100_k30_pathological_cov_mixed_low_vol_r01_s20260717,30,theta_037,1.0504194716243391,0.04851920136380007,0.2691666666666667,0.092141689425066,0.878566854814439,2.2403875500000003
train,syn_n100_k30_pathological_cov_mixed_low_vol_r01_s20260717,30,theta_045,1.0504194716243391,0.04851920136380007,0.2691666666666667,0.092141689425066,0.878566854814439,2.73236328
train,syn_n100_k30_pathological_cov_mixed_low_vol_r01_s20260717,30,theta_047,1.0504194716243391,0.04851920136380007,0.2691666666666667,0.092141689425066,0.878566854814439,3.0272905266666665
train,syn_n100_k30_pathological_cov_mixed_low_vol_r01_s20260717,30,theta_067,1.0690237235200337,0.031108831661323357,0.44694444444444437,0.05889659698291374,0.8071312065545576,2.5037368766666668
train,syn_n100_k30_pathological_cov_mixed_low_vol_r01_s20260717,30,theta_076,1.0690237235200337,0.031108831661323357,0.44694444444444437,0.05889659698291374,0.8071312065545576,3.02564923
train,syn_n100_k30_pathological_cov_mixed_low_vol_r01_s20260717,30,theta_078,1.0690237235200337,0.031108831661323357,0.44694444444444437,0.05889659698291374,0.8071312065545576,2.9409346700000003
train,syn_n100_k30_pathological_cov_mixed_low_vol_r01_s20260717,30,theta_084,1.0921699563562521,0.01497187068075733,0.8524999999999999,0.049194594959005654,0.7849016458359807,2.2716062
train,syn_n100_k30_pathological_cov_mixed_low_vol_r01_s20260717,30,theta_086,1.0921699563562521,0.01497187068075733,0.8524999999999999,0.049194594959005654,0.7849016458359807,2.5425351533333336
train,syn_n100_k30_pathological_cov_mixed_low_vol_r01_s20260717,30,theta_089,1.0921699563562521,0.01497187068075733,0.8524999999999999,0.049194594959005654,0.7849016458359807,3.1749645499999994
train,syn_n100_k30_pathological_cov_mixed_low_vol_r01_s20260717,30,theta_118,1.0503202572612251,0.046236266029298784,0.24416666666666673,0.08064021385275892,0.9057160961890528,2.864921716666667
train,syn_n100_k30_pathological_cov_mixed_low_vol_r01_s20260717,30,theta_131,1.0503202572612251,0.046236266029298784,0.24416666666666673,0.08064021385275892,0.9057160961890528,3.0071897033333337
train,syn_n100_k30_pathological_cov_mixed_low_vol_r01_s20260717,30,theta_132,1.0503202572612251,0.046236266029298784,0.24416666666666673,0.08064021385275892,0.9057160961890528,3.0232325733333334
train,syn_n100_k30_pathological_cov_mixed_low_vol_r01_s20260717,30,theta_144,1.0541100979086013,0.039972686703106525,0.34305555555555556,0.0636076160164694,0.7742534867737977,3.9104331233333336
train,syn_n100_k30_pathological_cov_mixed_low_vol_r01_s20260717,30,theta_159,1.0541100979086013,0.039972686703106525,0.34305555555555556,0.0636076160164694,0.7742534867737977,4.44040053
train,syn_n100_k30_pathological_cov_mixed_low_vol_r01_s20260717,30,theta_164,1.0913179825480723,0.016180045886195656,0.8105555555555555,0.05460779042662277,0.7676241965081504,2.9586294633333337
train,syn_n100_k30_pathological_cov_mixed_low_vol_r01_s20260717,30,theta_170,1.0913179825480723,0.016180045886195656,0.8105555555555555,0.05460779042662277,0.7676241965081504,2.4881715566666665
train,syn_n100_k30_pathological_cov_mixed_low_vol_r01_s20260717,30,theta_175,1.0913179825480723,0.016180045886195656,0.8105555555555555,0.05460779042662277,0.7676241965081504,3.132708083333333
train,syn_n100_k30_pathological_cov_mixed_low_vol_r01_s20260717,30,theta_189,1.0913179825480723,0.016180045886195656,0.8105555555555555,0.05460779042662277,0.7676241965081504,2.7743171666666666
train,syn_n100_k30_pathological_cov_mixed_low_vol_r01_s20260717,30,theta_200,1.0479556425194287,0.0491101716560627,0.2530555555555555,0.07907415185329411,0.8620521150852001,6.656358046666667
train,syn_n100_k30_pathological_cov_mixed_low_vol_r01_s20260717,30,theta_223,1.0563159841630811,0.0408987411896327,0.3177777777777777,0.07029390633698616,0.7974894552549846,6.677294533333333
train,syn_n100_k30_pathological_cov_mixed_low_vol_r01_s20260717,30,theta_234,1.0563159841630811,0.0408987411896327,0.3177777777777777,0.07029390633698616,0.7974894552549846,6.781074996666669
train,syn_n100_k30_pathological_cov_mixed_low_vol_r01_s20260717,30,theta_237,1.0563159841630811,0.0408987411896327,0.3177777777777777,0.07029390633698616,0.7974894552549846,3.1252807133333333
train,syn_n100_k30_pathological_cov_skewed_high_vol_r03_s20260712,30,theta_011,0.9482349457589407,0.11163527822429872,0.0,0.05110387828686204,0.5175928779699022,1.3382325733333331
train,syn_n100_k30_pathological_cov_skewed_high_vol_r03_s20260712,30,theta_034,1.0581813185696634,0.0514736090811082,0.2602777777777778,0.05901069968949183,0.6506988761583962,2.1443211866666667
train,syn_n100_k30_pathological_cov_skewed_high_vol_r03_s20260712,30,theta_037,1.0581813185696634,0.0514736090811082,0.2602777777777778,0.05901069968949183,0.6506988761583962,2.134185056666667
train,syn_n100_k30_pathological_cov_skewed_high_vol_r03_s20260712,30,theta_045,1.0581813185696634,0.0514736090811082,0.2602777777777778,0.05901069968949183,0.6506988761583962,2.69509645
train,syn_n100_k30_pathological_cov_skewed_high_vol_r03_s20260712,30,theta_047,1.0581813185696634,0.0514736090811082,0.2602777777777778,0.05901069968949183,0.6506988761583962,2.7429979566666662
train,syn_n100_k30_pathological_cov_skewed_high_vol_r03_s20260712,30,theta_067,1.0698799956266585,0.043072841576449264,0.31472222222222224,0.046936316797306234,0.6259866036738128,5.645370596666669
train,syn_n100_k30_pathological_cov_skewed_high_vol_r03_s20260712,30,theta_076,1.0698799956266585,0.043072841576449264,0.31472222222222224,0.046936316797306234,0.6259866036738128,3.0208154933333335
train,syn_n100_k30_pathological_cov_skewed_high_vol_r03_s20260712,30,theta_078,1.0698799956266585,0.043072841576449264,0.31472222222222224,0.046936316797306234,0.6259866036738128,2.9988400166666676
train,syn_n100_k30_pathological_cov_skewed_high_vol_r03_s20260712,30,theta_084,0.9844301630265141,0.09128956315632737,0.0033333333333333335,0.057710314855196995,0.5986649516067594,2.1518469600000003
train,syn_n100_k30_pathological_cov_skewed_high_vol_r03_s20260712,30,theta_086,0.9844301630265141,0.09128956315632737,0.0033333333333333335,0.057710314855196995,0.5986649516067594,2.30028902
train,syn_n100_k30_pathological_cov_skewed_high_vol_r03_s20260712,30,theta_089,0.9844301630265141,0.09128956315632737,0.0033333333333333335,0.057710314855196995,0.5986649516067594,3.2364403
train,syn_n100_k30_pathological_cov_skewed_high_vol_r03_s20260712,30,theta_118,1.0791937738547557,0.03799824730850852,0.41250000000000003,0.04588503378171264,0.6084384095293821,3.1603468166666664
train,syn_n100_k30_pathological_cov_skewed_high_vol_r03_s20260712,30,theta_131,1.0791937738547557,0.03799824730850852,0.41250000000000003,0.04588503378171264,0.6084384095293821,2.832097163333333
train,syn_n100_k30_pathological_cov_skewed_high_vol_r03_s20260712,30,theta_132,1.0791937738547557,0.03799824730850852,0.41250000000000003,0.04588503378171264,0.6084384095293821,2.904487733333333
train,syn_n100_k30_pathological_cov_skewed_high_vol_r03_s20260712,30,theta_144,1.088134899202646,0.03144499725275099,0.5519444444444445,0.0492948529916565,0.6489152319513573,2.9605534466666668
train,syn_n100_k30_pathological_cov_skewed_high_vol_r03_s20260712,30,theta_159,1.088134899202646,0.03144499725275099,0.5519444444444445,0.0492948529916565,0.6489152319513573,3.74882803
train,syn_n100_k30_pathological_cov_skewed_high_vol_r03_s20260712,30,theta_164,1.002333995246745,0.08263538475346725,0.015277777777777777,0.06909127807203594,0.5952867873302446,2.6994167499999997
train,syn_n100_k30_pathological_cov_skewed_high_vol_r03_s20260712,30,theta_170,1.002333995246745,0.08263538475346725,0.015277777777777777,0.06909127807203594,0.5952867873302446,3.025992203333333
train,syn_n100_k30_pathological_cov_skewed_high_vol_r03_s20260712,30,theta_175,1.002333995246745,0.08263538475346725,0.015277777777777777,0.06909127807203594,0.5952867873302446,3.0038000733333337
train,syn_n100_k30_pathological_cov_skewed_high_vol_r03_s20260712,30,theta_189,1.002333995246745,0.08263538475346725,0.015277777777777777,0.06909127807203594,0.5952867873302446,2.2995080766666667
train,syn_n100_k30_pathological_cov_skewed_high_vol_r03_s20260712,30,theta_200,1.084364142321062,0.03626585622060076,0.6127777777777778,0.06025064466233209,0.6954871830290954,6.4309831766666665
train,syn_n100_k30_pathological_cov_skewed_high_vol_r03_s20260712,30,theta_223,1.096331868281223,0.026591601453263957,0.5886111111111112,0.049538203433189376,0.6677124251022288,6.56545532
train,syn_n100_k30_pathological_cov_skewed_high_vol_r03_s20260712,30,theta_234,1.096331868281223,0.026591601453263957,0.5886111111111112,0.049538203433189376,0.6677124251022288,6.639678196666665
train,syn_n100_k30_pathological_cov_skewed_high_vol_r03_s20260712,30,theta_237,1.096331868281223,0.026591601453263957,0.5886111111111112,0.049538203433189376,0.6677124251022288,3.0337470200000003
train,syn_n200_k05_cluster_corr_mixed_extreme_events_r03_s20260729,10,theta_011,1.0294906993533355,0.07316377186820566,0.3852777777777778,0.08867664644065011,0.9146757817034316,1.8700612266666667
train,syn_n200_k05_cluster_corr_mixed_extreme_events_r03_s20260729,10,theta_034,1.0402939583176487,0.05888683746926131,0.3688888888888889,0.09159802753304451,1.0291777857115363,2.5599181133333335
train,syn_n200_k05_cluster_corr_mixed_extreme_events_r03_s20260729,10,theta_037,1.0402939583176487,0.05888683746926131,0.3688888888888889,0.09159802753304451,1.0291777857115363,2.536605306666667
train,syn_n200_k05_cluster_corr_mixed_extreme_events_r03_s20260729,10,theta_045,1.0402939583176487,0.05888683746926131,0.3688888888888889,0.09159802753304451,1.0291777857115363,3.06346726
train,syn_n200_k05_cluster_corr_mixed_extreme_events_r03_s20260729,10,theta_047,1.0402939583176487,0.05888683746926131,0.3688888888888889,0.09159802753304451,1.0291777857115363,3.18078664
train,syn_n200_k05_cluster_corr_mixed_extreme_events_r03_s20260729,10,theta_067,1.0355101311517372,0.06676577712216696,0.4197222222222223,0.08564308155038552,0.933789501166936,6.726183963333332
train,syn_n200_k05_cluster_corr_mixed_extreme_events_r03_s20260729,10,theta_076,1.0355101311517372,0.06676577712216696,0.4197222222222223,0.08564308155038552,0.933789501166936,3.4156793266666665
train,syn_n200_k05_cluster_corr_mixed_extreme_events_r03_s20260729,10,theta_078,1.0355101311517372,0.06676577712216696,0.4197222222222223,0.08564308155038552,0.933789501166936,3.4150234733333327
train,syn_n200_k05_cluster_corr_mixed_extreme_events_r03_s20260729,10,theta_084,1.0335305483222603,0.06939454933513733,0.41555555555555557,0.09273425560158206,0.9372705148003235,2.750848916666666
train,syn_n200_k05_cluster_corr_mixed_extreme_events_r03_s20260729,10,theta_086,1.0335305483222603,0.06939454933513733,0.41555555555555557,0.09273425560158206,0.9372705148003235,3.1946923666666667
train,syn_n200_k05_cluster_corr_mixed_extreme_events_r03_s20260729,10,theta_089,1.0335305483222603,0.06939454933513733,0.41555555555555557,0.09273425560158206,0.9372705148003235,3.8782266866666664
train,syn_n200_k05_cluster_corr_mixed_extreme_events_r03_s20260729,10,theta_118,1.0369757394250827,0.05918828199914736,0.3938888888888889,0.08851510328068418,1.060423066553229,3.744714786666667
train,syn_n200_k05_cluster_corr_mixed_extreme_events_r03_s20260729,10,theta_131,1.0369757394250827,0.05918828199914736,0.3938888888888889,0.08851510328068418,1.060423066553229,3.3106432666666668
train,syn_n200_k05_cluster_corr_mixed_extreme_events_r03_s20260729,10,theta_132,1.0369757394250827,0.05918828199914736,0.3938888888888889,0.08851510328068418,1.060423066553229,3.5059839899999994
train,syn_n200_k05_cluster_corr_mixed_extreme_events_r03_s20260729,10,theta_144,1.033020271159058,0.07176798058625189,0.47472222222222216,0.0817139314233415,0.9160342281921777,3.3010602333333336
train,syn_n200_k05_cluster_corr_mixed_extreme_events_r03_s20260729,10,theta_159,1.033020271159058,0.07176798058625189,0.47472222222222216,0.0817139314233415,0.9160342281921777,5.254929713333334
train,syn_n200_k05_cluster_corr_mixed_extreme_events_r03_s20260729,10,theta_164,1.0245963243118823,0.07371171751969142,0.3661111111111111,0.09260178925946971,0.9933523466351201,3.4825992866666673
train,syn_n200_k05_cluster_corr_mixed_extreme_events_r03_s20260729,10,theta_170,1.0245963243118823,0.07371171751969142,0.3661111111111111,0.09260178925946971,0.9933523466351201,3.6608737700000007
train,syn_n200_k05_cluster_corr_mixed_extreme_events_r03_s20260729,10,theta_175,1.0245963243118823,0.07371171751969142,0.3661111111111111,0.09260178925946971,0.9933523466351201,3.53594985
train,syn_n200_k05_cluster_corr_mixed_extreme_events_r03_s20260729,10,theta_189,1.0245963243118823,0.07371171751969142,0.3661111111111111,0.09260178925946971,0.9933523466351201,3.4940129700000004
train,syn_n200_k05_cluster_corr_mixed_extreme_events_r03_s20260729,10,theta_200,1.0439629640412937,0.05356667671595827,0.39638888888888885,0.08364856039010932,1.0907793392245786,7.704389006666667
train,syn_n200_k05_cluster_corr_mixed_extreme_events_r03_s20260729,10,theta_223,1.0233099052862238,0.07465843126920998,0.4394444444444445,0.10627141983369143,0.9453568043182206,8.192056043333332
train,syn_n200_k05_cluster_corr_mixed_extreme_events_r03_s20260729,10,theta_234,1.0233099052862238,0.07465843126920998,0.4394444444444445,0.10627141983369143,0.9453568043182206,7.8351110733333345
train,syn_n200_k05_cluster_corr_mixed_extreme_events_r03_s20260729,10,theta_237,1.0233099052862238,0.07465843126920998,0.4394444444444445,0.10627141983369143,0.9453568043182206,3.4994136666666678
train,syn_n200_k05_high_corr_mixed_high_vol_r02_s20260726,10,theta_011,1.092831520801185,0.033305485341983264,0.7025000000000002,0.06578482458593174,0.827336636804848,1.8923224766666669
train,syn_n200_k05_high_corr_mixed_high_vol_r02_s20260726,10,theta_034,1.0759928467520732,0.04961451147222428,0.5675,0.08806359964833367,0.9077307412123806,2.606740226666666
train,syn_n200_k05_high_corr_mixed_high_vol_r02_s20260726,10,theta_037,1.0759928467520732,0.04961451147222428,0.5675,0.08806359964833367,0.9077307412123806,2.6133033933333336
train,syn_n200_k05_high_corr_mixed_high_vol_r02_s20260726,10,theta_045,1.0759928467520732,0.04961451147222428,0.5675,0.08806359964833367,0.9077307412123806,3.0875810666666665
train,syn_n200_k05_high_corr_mixed_high_vol_r02_s20260726,10,theta_047,1.0759928467520732,0.04961451147222428,0.5675,0.08806359964833367,0.9077307412123806,3.381318993333333
train,syn_n200_k05_high_corr_mixed_high_vol_r02_s20260726,10,theta_067,1.0748895061600587,0.051144095078376944,0.6269444444444444,0.09030450881132432,0.8623090448701508,5.938962366666667
train,syn_n200_k05_high_corr_mixed_high_vol_r02_s20260726,10,theta_076,1.0748895061600587,0.051144095078376944,0.6269444444444444,0.09030450881132432,0.8623090448701508,3.444576486666667
train,syn_n200_k05_high_corr_mixed_high_vol_r02_s20260726,10,theta_078,1.0748895061600587,0.051144095078376944,0.6269444444444444,0.09030450881132432,0.8623090448701508,3.433189893333333
train,syn_n200_k05_high_corr_mixed_high_vol_r02_s20260726,10,theta_084,1.1110677477964839,0.01863686522967228,0.7266666666666668,0.03685963772874052,0.8291626915645531,2.714973646666667
train,syn_n200_k05_high_corr_mixed_high_vol_r02_s20260726,10,theta_086,1.1110677477964839,0.01863686522967228,0.7266666666666668,0.03685963772874052,0.8291626915645531,2.9762259600000003
train,syn_n200_k05_high_corr_mixed_high_vol_r02_s20260726,10,theta_089,1.1110677477964839,0.01863686522967228,0.7266666666666668,0.03685963772874052,0.8291626915645531,3.7108083633333333
train,syn_n200_k05_high_corr_mixed_high_vol_r02_s20260726,10,theta_118,1.1071920011252445,0.023162117134165376,0.6902777777777779,0.05223368002084032,0.8747873194308065,3.52944502
train,syn_n200_k05_high_corr_mixed_high_vol_r02_s20260726,10,theta_131,1.1071920011252445,0.023162117134165376,0.6902777777777779,0.05223368002084032,0.8747873194308065,3.554627773333334
train,syn_n200_k05_high_corr_mixed_high_vol_r02_s20260726,10,theta_132,1.1071920011252445,0.023162117134165376,0.6902777777777779,0.05223368002084032,0.8747873194308065,3.6537909599999994
train,syn_n200_k05_high_corr_mixed_high_vol_r02_s20260726,10,theta_144,1.0849920079313937,0.040199785916398834,0.5969444444444445,0.07156805668278834,0.9073269065166483,3.6497952866666665
train,syn_n200_k05_high_corr_mixed_high_vol_r02_s20260726,10,theta_159,1.0849920079313937,0.040199785916398834,0.5969444444444445,0.07156805668278834,0.9073269065166483,4.05706483
train,syn_n200_k05_high_corr_mixed_high_vol_r02_s20260726,10,theta_164,1.1033952873899229,0.023609167060903432,0.6563888888888889,0.044799440209464955,0.8684535967579623,3.5273067033333327
train,syn_n200_k05_high_corr_mixed_high_vol_r02_s20260726,10,theta_170,1.1033952873899229,0.023609167060903432,0.6563888888888889,0.044799440209464955,0.8684535967579623,3.5552036266666662
train,syn_n200_k05_high_corr_mixed_high_vol_r02_s20260726,10,theta_175,1.1033952873899229,0.023609167060903432,0.6563888888888889,0.044799440209464955,0.8684535967579623,3.772778913333333
train,syn_n200_k05_high_corr_mixed_high_vol_r02_s20260726,10,theta_189,1.1033952873899229,0.023609167060903432,0.6563888888888889,0.044799440209464955,0.8684535967579623,4.067419616666666
train,syn_n200_k05_high_corr_mixed_high_vol_r02_s20260726,10,theta_200,1.1093294053794729,0.018057975430293007,0.7811111111111111,0.03715086821135801,0.8289594169061199,8.246776026666668
train,syn_n200_k05_high_corr_mixed_high_vol_r02_s20260726,10,theta_223,1.1057873462947252,0.025331462288589388,0.7394444444444446,0.04359162205940648,0.8717956476391895,7.999609199999999
train,syn_n200_k05_high_corr_mixed_high_vol_r02_s20260726,10,theta_234,1.1057873462947252,0.025331462288589388,0.7394444444444446,0.04359162205940648,0.8717956476391895,7.990573966666667
train,syn_n200_k05_high_corr_mixed_high_vol_r02_s20260726,10,theta_237,1.1057873462947252,0.025331462288589388,0.7394444444444446,0.04359162205940648,0.8717956476391895,3.6258310133333334
train,syn_n200_k05_high_corr_normal_low_vol_r03_s20260727,10,theta_011,1.0406885382716375,0.04284543214524202,0.5913888888888889,0.07250138934998893,0.7438405463243611,1.9596406266666662
train,syn_n200_k05_high_corr_normal_low_vol_r03_s20260727,10,theta_034,1.0470929522223074,0.04501064223164376,0.5502777777777778,0.05499424697887778,0.8374764249515005,2.7119689766666673
train,syn_n200_k05_high_corr_normal_low_vol_r03_s20260727,10,theta_037,1.0470929522223074,0.04501064223164376,0.5502777777777778,0.05499424697887778,0.8374764249515005,2.604390813333333
train,syn_n200_k05_high_corr_normal_low_vol_r03_s20260727,10,theta_045,1.0470929522223074,0.04501064223164376,0.5502777777777778,0.05499424697887778,0.8374764249515005,3.1622203766666668
train,syn_n200_k05_high_corr_normal_low_vol_r03_s20260727,10,theta_047,1.0470929522223074,0.04501064223164376,0.5502777777777778,0.05499424697887778,0.8374764249515005,3.4724175166666673
train,syn_n200_k05_high_corr_normal_low_vol_r03_s20260727,10,theta_067,1.0503753447824344,0.03707234224248958,0.6819444444444446,0.06359656910191706,0.7634744746561768,4.858903183333333
train,syn_n200_k05_high_corr_normal_low_vol_r03_s20260727,10,theta_076,1.0503753447824344,0.03707234224248958,0.6819444444444446,0.06359656910191706,0.7634744746561768,3.48456885
train,syn_n200_k05_high_corr_normal_low_vol_r03_s20260727,10,theta_078,1.0503753447824344,0.03707234224248958,0.6819444444444446,0.06359656910191706,0.7634744746561768,3.5271813666666665
train,syn_n200_k05_high_corr_normal_low_vol_r03_s20260727,10,theta_084,1.0316042244873738,0.04804903878682708,0.5327777777777778,0.07388983183453822,0.7649177520413036,2.8167845233333337
train,syn_n200_k05_high_corr_normal_low_vol_r03_s20260727,10,theta_086,1.0316042244873738,0.04804903878682708,0.5327777777777778,0.07388983183453822,0.7649177520413036,3.0427500900000006
train,syn_n200_k05_high_corr_normal_low_vol_r03_s20260727,10,theta_089,1.0316042244873738,0.04804903878682708,0.5327777777777778,0.07388983183453822,0.7649177520413036,3.7107279
train,syn_n200_k05_high_corr_normal_low_vol_r03_s20260727,10,theta_118,1.028688284557485,0.05653312942064352,0.48055555555555546,0.0819618334618287,0.7723419694175786,3.9539055899999997
train,syn_n200_k05_high_corr_normal_low_vol_r03_s20260727,10,theta_131,1.028688284557485,0.05653312942064352,0.48055555555555546,0.0819618334618287,0.7723419694175786,3.5346469966666665
train,syn_n200_k05_high_corr_normal_low_vol_r03_s20260727,10,theta_132,1.028688284557485,0.05653312942064352,0.48055555555555546,0.0819618334618287,0.7723419694175786,3.5241813733333327
train,syn_n200_k05_high_corr_normal_low_vol_r03_s20260727,10,theta_144,1.0284081596180197,0.05280613851199425,0.6280555555555556,0.07885869471894948,0.7428497176379663,3.313631009999999
train,syn_n200_k05_high_corr_normal_low_vol_r03_s20260727,10,theta_159,1.0284081596180197,0.05280613851199425,0.6280555555555556,0.07885869471894948,0.7428497176379663,3.998068603333333
train,syn_n200_k05_high_corr_normal_low_vol_r03_s20260727,10,theta_164,1.0288211712027862,0.05188382303025381,0.4983333333333333,0.07679109925288861,0.7548786071553386,3.7148954933333327
train,syn_n200_k05_high_corr_normal_low_vol_r03_s20260727,10,theta_170,1.0288211712027862,0.05188382303025381,0.4983333333333333,0.07679109925288861,0.7548786071553386,3.71453366
train,syn_n200_k05_high_corr_normal_low_vol_r03_s20260727,10,theta_175,1.0288211712027862,0.05188382303025381,0.4983333333333333,0.07679109925288861,0.7548786071553386,3.618026056666667
train,syn_n200_k05_high_corr_normal_low_vol_r03_s20260727,10,theta_189,1.0288211712027862,0.05188382303025381,0.4983333333333333,0.07679109925288861,0.7548786071553386,6.15739137
train,syn_n200_k05_high_corr_normal_low_vol_r03_s20260727,10,theta_200,1.0317413544624734,0.0495527711385454,0.5072222222222222,0.06658700390350462,0.8155865458680889,8.044388410000002
train,syn_n200_k05_high_corr_normal_low_vol_r03_s20260727,10,theta_223,1.0303051735319475,0.05220980045262425,0.4749999999999999,0.06265559379345766,0.7866700613439304,7.92388709
train,syn_n200_k05_high_corr_normal_low_vol_r03_s20260727,10,theta_234,1.0303051735319475,0.05220980045262425,0.4749999999999999,0.06265559379345766,0.7866700613439304,7.971171629999999
train,syn_n200_k05_high_corr_normal_low_vol_r03_s20260727,10,theta_237,1.0303051735319475,0.05220980045262425,0.4749999999999999,0.06265559379345766,0.7866700613439304,3.557446726666667
train,syn_n200_k05_low_corr_heavy_tail_high_vol_r03_s20260723,10,theta_011,1.0715862742428328,0.15399927521834306,0.3158333333333333,0.052947269570747905,0.8153387192065545,1.7653658166666666
train,syn_n200_k05_low_corr_heavy_tail_high_vol_r03_s20260723,10,theta_034,1.05379992060786,0.09434247605337064,0.25166666666666665,0.10827459616074751,1.092039554572969,2.48224549
train,syn_n200_k05_low_corr_heavy_tail_high_vol_r03_s20260723,10,theta_037,1.05379992060786,0.09434247605337064,0.25166666666666665,0.10827459616074751,1.092039554572969,2.6714750166666668
train,syn_n200_k05_low_corr_heavy_tail_high_vol_r03_s20260723,10,theta_045,1.05379992060786,0.09434247605337064,0.25166666666666665,0.10827459616074751,1.092039554572969,3.037103853333334
train,syn_n200_k05_low_corr_heavy_tail_high_vol_r03_s20260723,10,theta_047,1.05379992060786,0.09434247605337064,0.25166666666666665,0.10827459616074751,1.092039554572969,2.9433907066666665
train,syn_n200_k05_low_corr_heavy_tail_high_vol_r03_s20260723,10,theta_067,1.046839054314985,0.14692062013302062,0.23944444444444446,0.07366246397363635,0.8667861184920462,3.8280657699999994
train,syn_n200_k05_low_corr_heavy_tail_high_vol_r03_s20260723,10,theta_076,1.046839054314985,0.14692062013302062,0.23944444444444446,0.07366246397363635,0.8667861184920462,3.7690479766666667
train,syn_n200_k05_low_corr_heavy_tail_high_vol_r03_s20260723,10,theta_078,1.046839054314985,0.14692062013302062,0.23944444444444446,0.07366246397363635,0.8667861184920462,3.39014877
train,syn_n200_k05_low_corr_heavy_tail_high_vol_r03_s20260723,10,theta_084,1.0779061906179177,0.14127624913320883,0.32472222222222225,0.06696191248177978,0.8440663512884324,2.6483352966666662
train,syn_n200_k05_low_corr_heavy_tail_high_vol_r03_s20260723,10,theta_086,1.0779061906179177,0.14127624913320883,0.32472222222222225,0.06696191248177978,0.8440663512884324,2.983875196666667
train,syn_n200_k05_low_corr_heavy_tail_high_vol_r03_s20260723,10,theta_089,1.0779061906179177,0.14127624913320883,0.32472222222222225,0.06696191248177978,0.8440663512884324,3.3386028566666672
train,syn_n200_k05_low_corr_heavy_tail_high_vol_r03_s20260723,10,theta_118,1.0912827340456561,0.07244572927434377,0.3688888888888888,0.09386548510262926,1.0659703931301607,3.036281103333334
train,syn_n200_k05_low_corr_heavy_tail_high_vol_r03_s20260723,10,theta_131,1.0912827340456561,0.07244572927434377,0.3688888888888888,0.09386548510262926,1.0659703931301607,3.3055368366666666
train,syn_n200_k05_low_corr_heavy_tail_high_vol_r03_s20260723,10,theta_132,1.0912827340456561,0.07244572927434377,0.3688888888888888,0.09386548510262926,1.0659703931301607,3.4306216733333335
train,syn_n200_k05_low_corr_heavy_tail_high_vol_r03_s20260723,10,theta_144,1.0322718487110836,0.19323631602431973,0.21638888888888888,0.08054391426782802,0.7571450528368138,2.57572104
train,syn_n200_k05_low_corr_heavy_tail_high_vol_r03_s20260723,10,theta_159,1.0322718487110836,0.19323631602431973,0.21638888888888888,0.08054391426782802,0.7571450528368138,3.9018555200000007
train,syn_n200_k05_low_corr_heavy_tail_high_vol_r03_s20260723,10,theta_164,1.0640932077405636,0.11961239991147253,0.2761111111111111,0.115946812644982,0.9775179848911117,3.4642751299999994
train,syn_n200_k05_low_corr_heavy_tail_high_vol_r03_s20260723,10,theta_170,1.0640932077405636,0.11961239991147253,0.2761111111111111,0.115946812644982,0.9775179848911117,3.9916446700000003
train,syn_n200_k05_low_corr_heavy_tail_high_vol_r03_s20260723,10,theta_175,1.0640932077405636,0.11961239991147253,0.2761111111111111,0.115946812644982,0.9775179848911117,3.4113880066666673
train,syn_n200_k05_low_corr_heavy_tail_high_vol_r03_s20260723,10,theta_189,1.0640932077405636,0.11961239991147253,0.2761111111111111,0.115946812644982,0.9775179848911117,4.943910503333334
train,syn_n200_k05_low_corr_heavy_tail_high_vol_r03_s20260723,10,theta_200,1.0841171811271246,0.0687456399330188,0.3775,0.09304127089006113,1.1148345800984438,7.397712153333334
train,syn_n200_k05_low_corr_heavy_tail_high_vol_r03_s20260723,10,theta_223,1.0693870227587783,0.10819019092609806,0.28555555555555556,0.09039947630520467,0.9783265355748338,7.4192966799999995
train,syn_n200_k05_low_corr_heavy_tail_high_vol_r03_s20260723,10,theta_234,1.0693870227587783,0.10819019092609806,0.28555555555555556,0.09039947630520467,0.9783265355748338,6.924028186666669
train,syn_n200_k05_low_corr_heavy_tail_high_vol_r03_s20260723,10,theta_237,1.0693870227587783,0.10819019092609806,0.28555555555555556,0.09039947630520467,0.9783265355748338,3.4576451599999998
train,syn_n200_k05_low_corr_normal_low_vol_r01_s20260728,10,theta_011,1.0327432809529606,0.1836498021353246,0.29972222222222217,0.055353520291156255,0.84263819096298,2.2848283900000004
train,syn_n200_k05_low_corr_normal_low_vol_r01_s20260728,10,theta_034,1.0350311561604877,0.08679063748493523,0.34194444444444433,0.09813180086213172,1.1017152199739875,2.4939700300000003
train,syn_n200_k05_low_corr_normal_low_vol_r01_s20260728,10,theta_037,1.0350311561604877,0.08679063748493523,0.34194444444444433,0.09813180086213172,1.1017152199739875,2.542100396666667
train,syn_n200_k05_low_corr_normal_low_vol_r01_s20260728,10,theta_045,1.0350311561604877,0.08679063748493523,0.34194444444444433,0.09813180086213172,1.1017152199739875,3.007752943333334
train,syn_n200_k05_low_corr_normal_low_vol_r01_s20260728,10,theta_047,1.0350311561604877,0.08679063748493523,0.34194444444444433,0.09813180086213172,1.1017152199739875,3.7936954799999993
train,syn_n200_k05_low_corr_normal_low_vol_r01_s20260728,10,theta_067,1.0246985536557822,0.1498474553202844,0.3055555555555555,0.10734458225342866,0.9411608635369204,4.086644016666667
train,syn_n200_k05_low_corr_normal_low_vol_r01_s20260728,10,theta_076,1.0246985536557822,0.1498474553202844,0.3055555555555555,0.10734458225342866,0.9411608635369204,3.732577313333333
train,syn_n200_k05_low_corr_normal_low_vol_r01_s20260728,10,theta_078,1.0246985536557822,0.1498474553202844,0.3055555555555555,0.10734458225342866,0.9411608635369204,3.331312733333334
train,syn_n200_k05_low_corr_normal_low_vol_r01_s20260728,10,theta_084,1.0396166908912265,0.1326159490162447,0.3269444444444444,0.08385910762572717,0.9635544730431479,2.68441457
train,syn_n200_k05_low_corr_normal_low_vol_r01_s20260728,10,theta_086,1.0396166908912265,0.1326159490162447,0.3269444444444444,0.08385910762572717,0.9635544730431479,3.0611131033333328
train,syn_n200_k05_low_corr_normal_low_vol_r01_s20260728,10,theta_089,1.0396166908912265,0.1326159490162447,0.3269444444444444,0.08385910762572717,0.9635544730431479,3.6225919166666665
train,syn_n200_k05_low_corr_normal_low_vol_r01_s20260728,10,theta_118,1.05180069106823,0.05221785302928196,0.43333333333333335,0.08733082975113955,1.202357886002819,3.7831258866666664
train,syn_n200_k05_low_corr_normal_low_vol_r01_s20260728,10,theta_131,1.05180069106823,0.05221785302928196,0.43333333333333335,0.08733082975113955,1.202357886002819,3.5842220700000005
train,syn_n200_k05_low_corr_normal_low_vol_r01_s20260728,10,theta_132,1.05180069106823,0.05221785302928196,0.43333333333333335,0.08733082975113955,1.202357886002819,3.29269421
train,syn_n200_k05_low_corr_normal_low_vol_r01_s20260728,10,theta_144,1.0274938306415946,0.17559507506537414,0.3027777777777778,0.08625839848291662,0.8725559156865147,2.6201597
train,syn_n200_k05_low_corr_normal_low_vol_r01_s20260728,10,theta_159,1.0274938306415946,0.17559507506537414,0.3027777777777778,0.08625839848291662,0.8725559156865147,3.7083608433333337
train,syn_n200_k05_low_corr_normal_low_vol_r01_s20260728,10,theta_164,1.033366306240944,0.1580840189159315,0.2975,0.07999516301200198,0.9310075393881497,3.452972196666667
train,syn_n200_k05_low_corr_normal_low_vol_r01_s20260728,10,theta_170,1.033366306240944,0.1580840189159315,0.2975,0.07999516301200198,0.9310075393881497,3.7043653400000003
train,syn_n200_k05_low_corr_normal_low_vol_r01_s20260728,10,theta_175,1.033366306240944,0.1580840189159315,0.2975,0.07999516301200198,0.9310075393881497,3.49383874
train,syn_n200_k05_low_corr_normal_low_vol_r01_s20260728,10,theta_189,1.033366306240944,0.1580840189159315,0.2975,0.07999516301200198,0.9310075393881497,4.846240036666667
train,syn_n200_k05_low_corr_normal_low_vol_r01_s20260728,10,theta_200,1.0612860209420751,0.04130477086245467,0.5333333333333333,0.07519891769545596,1.2277230098834806,7.635113839999999
train,syn_n200_k05_low_corr_normal_low_vol_r01_s20260728,10,theta_223,1.0412449184321355,0.1320728351764719,0.2913888888888889,0.080585586770375,0.9685382146893811,7.571014259999999
train,syn_n200_k05_low_corr_normal_low_vol_r01_s20260728,10,theta_234,1.0412449184321355,0.1320728351764719,0.2913888888888889,0.080585586770375,0.9685382146893811,7.49017044
train,syn_n200_k05_low_corr_normal_low_vol_r01_s20260728,10,theta_237,1.0412449184321355,0.1320728351764719,0.2913888888888889,0.080585586770375,0.9685382146893811,3.397493063333333
train,syn_n200_k05_low_corr_skewed_extreme_events_r02_s20260725,10,theta_011,1.0223660247000588,0.08199820475853244,0.5027777777777778,0.06364226935995473,1.023443409439245,2.3025245
train,syn_n200_k05_low_corr_skewed_extreme_events_r02_s20260725,10,theta_034,0.9997747772229035,0.08266738423005858,0.4036111111111111,0.11469667374091876,1.102488882697105,2.523953903333334
train,syn_n200_k05_low_corr_skewed_extreme_events_r02_s20260725,10,theta_037,0.9997747772229035,0.08266738423005858,0.4036111111111111,0.11469667374091876,1.102488882697105,2.5525405133333336
train,syn_n200_k05_low_corr_skewed_extreme_events_r02_s20260725,10,theta_045,0.9997747772229035,0.08266738423005858,0.4036111111111111,0.11469667374091876,1.102488882697105,3.0426296766666665
train,syn_n200_k05_low_corr_skewed_extreme_events_r02_s20260725,10,theta_047,0.9997747772229035,0.08266738423005858,0.4036111111111111,0.11469667374091876,1.102488882697105,4.001247506666668
train,syn_n200_k05_low_corr_skewed_extreme_events_r02_s20260725,10,theta_067,0.9984931813920142,0.09218123530997532,0.3063888888888889,0.09710168137953437,1.051125982913256,3.842137453333334
train,syn_n200_k05_low_corr_skewed_extreme_events_r02_s20260725,10,theta_076,0.9984931813920142,0.09218123530997532,0.3063888888888889,0.09710168137953437,1.051125982913256,3.369394733333334
train,syn_n200_k05_low_corr_skewed_extreme_events_r02_s20260725,10,theta_078,0.9984931813920142,0.09218123530997532,0.3063888888888889,0.09710168137953437,1.051125982913256,3.4617796433333337
train,syn_n200_k05_low_corr_skewed_extreme_events_r02_s20260725,10,theta_084,1.0117531122124783,0.07703010916376281,0.46388888888888885,0.0874791513910932,1.088990172076937,2.7384902300000005
train,syn_n200_k05_low_corr_skewed_extreme_events_r02_s20260725,10,theta_086,1.0117531122124783,0.07703010916376281,0.46388888888888885,0.0874791513910932,1.088990172076937,2.797893096666667
train,syn_n200_k05_low_corr_skewed_extreme_events_r02_s20260725,10,theta_089,1.0117531122124783,0.07703010916376281,0.46388888888888885,0.0874791513910932,1.088990172076937,3.721299016666667
train,syn_n200_k05_low_corr_skewed_extreme_events_r02_s20260725,10,theta_118,1.010963606046332,0.07512707027221172,0.4283333333333333,0.10665740935034858,1.146793359876505,4.256228886666666
train,syn_n200_k05_low_corr_skewed_extreme_events_r02_s20260725,10,theta_131,1.010963606046332,0.07512707027221172,0.4283333333333333,0.10665740935034858,1.146793359876505,3.4816528766666663
train,syn_n200_k05_low_corr_skewed_extreme_events_r02_s20260725,10,theta_132,1.010963606046332,0.07512707027221172,0.4283333333333333,0.10665740935034858,1.146793359876505,3.601983236666667
train,syn_n200_k05_low_corr_skewed_extreme_events_r02_s20260725,10,theta_144,0.9854899451823792,0.11692883082491087,0.37138888888888894,0.1313454358845454,1.0252484348748958,2.7016481
train,syn_n200_k05_low_corr_skewed_extreme_events_r02_s20260725,10,theta_159,0.9854899451823792,0.11692883082491087,0.37138888888888894,0.1313454358845454,1.0252484348748958,3.6749354199999997
train,syn_n200_k05_low_corr_skewed_extreme_events_r02_s20260725,10,theta_164,0.9984568004315724,0.07996209528810073,0.29444444444444445,0.10617838235156157,1.1182331876808056,3.531042913333333
train,syn_n200_k05_low_corr_skewed_extreme_events_r02_s20260725,10,theta_170,0.9984568004315724,0.07996209528810073,0.29444444444444445,0.10617838235156157,1.1182331876808056,3.599261096666667
train,syn_n200_k05_low_corr_skewed_extreme_events_r02_s20260725,10,theta_175,0.9984568004315724,0.07996209528810073,0.29444444444444445,0.10617838235156157,1.1182331876808056,3.633641773333333
train,syn_n200_k05_low_corr_skewed_extreme_events_r02_s20260725,10,theta_189,0.9984568004315724,0.07996209528810073,0.29444444444444445,0.10617838235156157,1.1182331876808056,9.792965350000003
train,syn_n200_k05_low_corr_skewed_extreme_events_r02_s20260725,10,theta_200,1.017597220410344,0.06137208813201928,0.5372222222222223,0.09130212885099172,1.1673732961879644,7.6597379
train,syn_n200_k05_low_corr_skewed_extreme_events_r02_s20260725,10,theta_223,1.0130270370467183,0.0751835344740337,0.3730555555555556,0.08916733539294032,1.1079969158259801,7.664009616666666
train,syn_n200_k05_low_corr_skewed_extreme_events_r02_s20260725,10,theta_234,1.0130270370467183,0.0751835344740337,0.3730555555555556,0.08916733539294032,1.1079969158259801,8.016279686666667
train,syn_n200_k05_low_corr_skewed_extreme_events_r02_s20260725,10,theta_237,1.0130270370467183,0.0751835344740337,0.3730555555555556,0.08916733539294032,1.1079969158259801,3.523447673333334
train,syn_n200_k05_pathological_cov_mixed_low_vol_r01_s20260724,10,theta_011,0.9831870442844747,0.039797810798948854,0.7263888888888889,0.05760973704493226,1.094578433706163,2.294412856666667
train,syn_n200_k05_pathological_cov_mixed_low_vol_r01_s20260724,10,theta_034,0.964924944023734,0.036969567881260365,0.4877777777777778,0.05021620804045265,1.188462833953009,2.769217113333333
train,syn_n200_k05_pathological_cov_mixed_low_vol_r01_s20260724,10,theta_037,0.964924944023734,0.036969567881260365,0.4877777777777778,0.05021620804045265,1.188462833953009,2.7041743000000005
train,syn_n200_k05_pathological_cov_mixed_low_vol_r01_s20260724,10,theta_045,0.964924944023734,0.036969567881260365,0.4877777777777778,0.05021620804045265,1.188462833953009,3.283755873333334
train,syn_n200_k05_pathological_cov_mixed_low_vol_r01_s20260724,10,theta_047,0.964924944023734,0.036969567881260365,0.4877777777777778,0.05021620804045265,1.188462833953009,4.1646580166666665
train,syn_n200_k05_pathological_cov_mixed_low_vol_r01_s20260724,10,theta_067,0.9706599029591977,0.041276380802824045,0.6155555555555556,0.06185983776646704,1.1097362769236898,4.139979686666667
train,syn_n200_k05_pathological_cov_mixed_low_vol_r01_s20260724,10,theta_076,0.9706599029591977,0.041276380802824045,0.6155555555555556,0.06185983776646704,1.1097362769236898,3.7643703533333333
train,syn_n200_k05_pathological_cov_mixed_low_vol_r01_s20260724,10,theta_078,0.9706599029591977,0.041276380802824045,0.6155555555555556,0.06185983776646704,1.1097362769236898,3.605830586666667
train,syn_n200_k05_pathological_cov_mixed_low_vol_r01_s20260724,10,theta_084,0.9886387289994136,0.028119167319324415,0.7408333333333332,0.05881757385379301,1.1868810532060088,3.180159656666667
train,syn_n200_k05_pathological_cov_mixed_low_vol_r01_s20260724,10,theta_086,0.9886387289994136,0.028119167319324415,0.7408333333333332,0.05881757385379301,1.1868810532060088,3.1923804900000006
train,syn_n200_k05_pathological_cov_mixed_low_vol_r01_s20260724,10,theta_089,0.9886387289994136,0.028119167319324415,0.7408333333333332,0.05881757385379301,1.1868810532060088,4.085102696666667
train,syn_n200_k05_pathological_cov_mixed_low_vol_r01_s20260724,10,theta_118,0.9850556221658294,0.024445179823874397,0.7127777777777776,0.05728448564731613,1.2364107968344227,4.583101183333334
train,syn_n200_k05_pathological_cov_mixed_low_vol_r01_s20260724,10,theta_131,0.9850556221658294,0.024445179823874397,0.7127777777777776,0.05728448564731613,1.2364107968344227,3.6505672700000003
train,syn_n200_k05_pathological_cov_mixed_low_vol_r01_s20260724,10,theta_132,0.9850556221658294,0.024445179823874397,0.7127777777777776,0.05728448564731613,1.2364107968344227,3.83024708
train,syn_n200_k05_pathological_cov_mixed_low_vol_r01_s20260724,10,theta_144,0.9781510240777465,0.032027878257594615,0.6538888888888889,0.043610774600798353,1.1750443864771134,2.900218913333333
train,syn_n200_k05_pathological_cov_mixed_low_vol_r01_s20260724,10,theta_159,0.9781510240777465,0.032027878257594615,0.6538888888888889,0.043610774600798353,1.1750443864771134,4.120781793333333
train,syn_n200_k05_pathological_cov_mixed_low_vol_r01_s20260724,10,theta_164,0.9784111875990118,0.031208931718909975,0.6319444444444444,0.055821512920786305,1.2048510593362747,3.913282316666667
train,syn_n200_k05_pathological_cov_mixed_low_vol_r01_s20260724,10,theta_170,0.9784111875990118,0.031208931718909975,0.6319444444444444,0.055821512920786305,1.2048510593362747,4.176901413333334
train,syn_n200_k05_pathological_cov_mixed_low_vol_r01_s20260724,10,theta_175,0.9784111875990118,0.031208931718909975,0.6319444444444444,0.055821512920786305,1.2048510593362747,3.7634734133333336
train,syn_n200_k05_pathological_cov_mixed_low_vol_r01_s20260724,10,theta_189,0.9784111875990118,0.031208931718909975,0.6319444444444444,0.055821512920786305,1.2048510593362747,11.596881740000002
train,syn_n200_k05_pathological_cov_mixed_low_vol_r01_s20260724,10,theta_200,0.9715151574436869,0.03605567756231268,0.5669444444444445,0.05610092091781634,1.1903656069479078,8.44157116
train,syn_n200_k05_pathological_cov_mixed_low_vol_r01_s20260724,10,theta_223,0.9765018635035283,0.034734478993002076,0.6575000000000001,0.06542069116985431,1.174873861330546,8.524000926666666
train,syn_n200_k05_pathological_cov_mixed_low_vol_r01_s20260724,10,theta_234,0.9765018635035283,0.034734478993002076,0.6575000000000001,0.06542069116985431,1.174873861330546,6.104866773333334
train,syn_n200_k05_pathological_cov_mixed_low_vol_r01_s20260724,10,theta_237,0.9765018635035283,0.034734478993002076,0.6575000000000001,0.06542069116985431,1.174873861330546,3.9043978433333333
train,syn_n200_k10_cluster_corr_heavy_tail_low_vol_r02_s20260738,20,theta_011,0.9409644126813222,0.05920323841981196,0.6244444444444445,0.047179943845438985,0.842116012476516,1.78643686
train,syn_n200_k10_cluster_corr_heavy_tail_low_vol_r02_s20260738,20,theta_034,0.900984963344606,0.0717471839346871,0.2261111111111111,0.0890212044237062,0.980676279859517,2.5547424833333334
train,syn_n200_k10_cluster_corr_heavy_tail_low_vol_r02_s20260738,20,theta_037,0.900984963344606,0.0717471839346871,0.2261111111111111,0.0890212044237062,0.980676279859517,2.523139346666667
train,syn_n200_k10_cluster_corr_heavy_tail_low_vol_r02_s20260738,20,theta_045,0.900984963344606,0.0717471839346871,0.2261111111111111,0.0890212044237062,0.980676279859517,3.12287477
train,syn_n200_k10_cluster_corr_heavy_tail_low_vol_r02_s20260738,20,theta_047,0.900984963344606,0.0717471839346871,0.2261111111111111,0.0890212044237062,0.980676279859517,4.10088882
train,syn_n200_k10_cluster_corr_heavy_tail_low_vol_r02_s20260738,20,theta_067,0.9265264726550273,0.06373467251217532,0.38722222222222225,0.06389904544506886,0.9056456292579401,4.111343856666666
train,syn_n200_k10_cluster_corr_heavy_tail_low_vol_r02_s20260738,20,theta_076,0.9265264726550273,0.06373467251217532,0.38722222222222225,0.06389904544506886,0.9056456292579401,3.50579524
train,syn_n200_k10_cluster_corr_heavy_tail_low_vol_r02_s20260738,20,theta_078,0.9265264726550273,0.06373467251217532,0.38722222222222225,0.06389904544506886,0.9056456292579401,3.4226544500000005
train,syn_n200_k10_cluster_corr_heavy_tail_low_vol_r02_s20260738,20,theta_084,0.9702152736268416,0.04426743531377506,0.6783333333333333,0.059457998314185516,0.9366619055770128,2.6478449133333326
train,syn_n200_k10_cluster_corr_heavy_tail_low_vol_r02_s20260738,20,theta_086,0.9702152736268416,0.04426743531377506,0.6783333333333333,0.059457998314185516,0.9366619055770128,2.70025992
train,syn_n200_k10_cluster_corr_heavy_tail_low_vol_r02_s20260738,20,theta_089,0.9702152736268416,0.04426743531377506,0.6783333333333333,0.059457998314185516,0.9366619055770128,3.5452414966666663
train,syn_n200_k10_cluster_corr_heavy_tail_low_vol_r02_s20260738,20,theta_118,0.9432320858064857,0.05630019753800922,0.24944444444444444,0.0687837586805175,1.0622705607426526,4.235716423333334
train,syn_n200_k10_cluster_corr_heavy_tail_low_vol_r02_s20260738,20,theta_131,0.9432320858064857,0.05630019753800922,0.24944444444444444,0.0687837586805175,1.0622705607426526,3.4465838933333326
train,syn_n200_k10_cluster_corr_heavy_tail_low_vol_r02_s20260738,20,theta_132,0.9432320858064857,0.05630019753800922,0.24944444444444444,0.0687837586805175,1.0622705607426526,3.449225393333334
train,syn_n200_k10_cluster_corr_heavy_tail_low_vol_r02_s20260738,20,theta_144,0.9222537914743782,0.06458792346022531,0.4247222222222222,0.05763717891469692,0.8794678403642361,2.647184416666667
train,syn_n200_k10_cluster_corr_heavy_tail_low_vol_r02_s20260738,20,theta_159,0.9222537914743782,0.06458792346022531,0.4247222222222222,0.05763717891469692,0.8794678403642361,3.364673873333333
train,syn_n200_k10_cluster_corr_heavy_tail_low_vol_r02_s20260738,20,theta_164,0.9446217423187904,0.05476230948891863,0.4938888888888889,0.07097375526299654,0.9270325645954907,3.3580947166666664
train,syn_n200_k10_cluster_corr_heavy_tail_low_vol_r02_s20260738,20,theta_170,0.9446217423187904,0.05476230948891863,0.4938888888888889,0.07097375526299654,0.9270325645954907,3.5102991133333328
train,syn_n200_k10_cluster_corr_heavy_tail_low_vol_r02_s20260738,20,theta_175,0.9446217423187904,0.05476230948891863,0.4938888888888889,0.07097375526299654,0.9270325645954907,3.5504658
train,syn_n200_k10_cluster_corr_heavy_tail_low_vol_r02_s20260738,20,theta_189,0.9446217423187904,0.05476230948891863,0.4938888888888889,0.07097375526299654,0.9270325645954907,7.767558233333332
train,syn_n200_k10_cluster_corr_heavy_tail_low_vol_r02_s20260738,20,theta_200,0.9524023798741023,0.052159386060407736,0.26749999999999996,0.07724045664189541,1.1154627967079414,7.599047193333334
train,syn_n200_k10_cluster_corr_heavy_tail_low_vol_r02_s20260738,20,theta_223,0.9218709311957008,0.06796305335333194,0.39055555555555554,0.06914903047522203,0.8725947296587341,7.6605053366666676
train,syn_n200_k10_cluster_corr_heavy_tail_low_vol_r02_s20260738,20,theta_234,0.9218709311957008,0.06796305335333194,0.39055555555555554,0.06914903047522203,0.8725947296587341,3.4231153833333328
train,syn_n200_k10_cluster_corr_heavy_tail_low_vol_r02_s20260738,20,theta_237,0.9218709311957008,0.06796305335333194,0.39055555555555554,0.06914903047522203,0.8725947296587341,3.55811536
train,syn_n200_k10_cluster_corr_skewed_high_vol_r01_s20260741,20,theta_011,1.0130806932331404,0.04648215215602256,0.5802777777777778,0.043202092613324444,0.7587269410707492,1.7830251333333336
train,syn_n200_k10_cluster_corr_skewed_high_vol_r01_s20260741,20,theta_034,0.9444339600817033,0.07672375981152978,0.25305555555555553,0.06767646081816556,0.7996822704757068,2.471820393333333
train,syn_n200_k10_cluster_corr_skewed_high_vol_r01_s20260741,20,theta_037,0.9444339600817033,0.07672375981152978,0.25305555555555553,0.06767646081816556,0.7996822704757068,2.494185373333333
train,syn_n200_k10_cluster_corr_skewed_high_vol_r01_s20260741,20,theta_045,0.9444339600817033,0.07672375981152978,0.25305555555555553,0.06767646081816556,0.7996822704757068,3.021123853333333
train,syn_n200_k10_cluster_corr_skewed_high_vol_r01_s20260741,20,theta_047,0.9444339600817033,0.07672375981152978,0.25305555555555553,0.06767646081816556,0.7996822704757068,3.91212488
train,syn_n200_k10_cluster_corr_skewed_high_vol_r01_s20260741,20,theta_067,0.9690988545863853,0.06405722430763586,0.3491666666666667,0.05223958751282717,0.7353927572541437,3.8316410366666673
train,syn_n200_k10_cluster_corr_skewed_high_vol_r01_s20260741,20,theta_076,0.9690988545863853,0.06405722430763586,0.3491666666666667,0.05223958751282717,0.7353927572541437,2.9534089000000003
train,syn_n200_k10_cluster_corr_skewed_high_vol_r01_s20260741,20,theta_078,0.9690988545863853,0.06405722430763586,0.3491666666666667,0.05223958751282717,0.7353927572541437,3.41436959
train,syn_n200_k10_cluster_corr_skewed_high_vol_r01_s20260741,20,theta_084,1.0094091075364922,0.0461075061001055,0.6427777777777777,0.054259968734344306,0.8027053592514839,2.5692484666666666
train,syn_n200_k10_cluster_corr_skewed_high_vol_r01_s20260741,20,theta_086,1.0094091075364922,0.0461075061001055,0.6427777777777777,0.054259968734344306,0.8027053592514839,2.6284480866666664
train,syn_n200_k10_cluster_corr_skewed_high_vol_r01_s20260741,20,theta_089,1.0094091075364922,0.0461075061001055,0.6427777777777777,0.054259968734344306,0.8027053592514839,3.547835736666667
train,syn_n200_k10_cluster_corr_skewed_high_vol_r01_s20260741,20,theta_118,1.0002043800049099,0.054170391812126246,0.2677777777777778,0.05608623480905875,0.8829752719987777,3.52306033
train,syn_n200_k10_cluster_corr_skewed_high_vol_r01_s20260741,20,theta_131,1.0002043800049099,0.054170391812126246,0.2677777777777778,0.05608623480905875,0.8829752719987777,3.372591776666667
train,syn_n200_k10_cluster_corr_skewed_high_vol_r01_s20260741,20,theta_132,1.0002043800049099,0.054170391812126246,0.2677777777777778,0.05608623480905875,0.8829752719987777,3.3858974833333333
train,syn_n200_k10_cluster_corr_skewed_high_vol_r01_s20260741,20,theta_144,0.9607751010659918,0.0681630679327734,0.36583333333333334,0.0586010325713159,0.741827459782904,2.644104456666667
train,syn_n200_k10_cluster_corr_skewed_high_vol_r01_s20260741,20,theta_159,0.9607751010659918,0.0681630679327734,0.36583333333333334,0.0586010325713159,0.741827459782904,3.3533858899999998
train,syn_n200_k10_cluster_corr_skewed_high_vol_r01_s20260741,20,theta_164,1.0110637527531667,0.048791457275700605,0.551111111111111,0.08399780061740693,0.8393751426658252,3.3300472233333327
train,syn_n200_k10_cluster_corr_skewed_high_vol_r01_s20260741,20,theta_170,1.0110637527531667,0.048791457275700605,0.551111111111111,0.08399780061740693,0.8393751426658252,3.4640868466666666
train,syn_n200_k10_cluster_corr_skewed_high_vol_r01_s20260741,20,theta_175,1.0110637527531667,0.048791457275700605,0.551111111111111,0.08399780061740693,0.8393751426658252,3.3680685533333334
train,syn_n200_k10_cluster_corr_skewed_high_vol_r01_s20260741,20,theta_189,1.0110637527531667,0.048791457275700605,0.551111111111111,0.08399780061740693,0.8393751426658252,7.71313112
train,syn_n200_k10_cluster_corr_skewed_high_vol_r01_s20260741,20,theta_200,0.998296584153008,0.05737229218741992,0.2477777777777778,0.08529983011269504,0.9189838714269575,7.361986986666667
train,syn_n200_k10_cluster_corr_skewed_high_vol_r01_s20260741,20,theta_223,0.9856925086819565,0.05888760969234298,0.33111111111111113,0.06743662171526298,0.8010830897358462,7.4026901600000015
train,syn_n200_k10_cluster_corr_skewed_high_vol_r01_s20260741,20,theta_234,0.9856925086819565,0.05888760969234298,0.33111111111111113,0.06743662171526298,0.8010830897358462,2.93670389
train,syn_n200_k10_cluster_corr_skewed_high_vol_r01_s20260741,20,theta_237,0.9856925086819565,0.05888760969234298,0.33111111111111113,0.06743662171526298,0.8010830897358462,3.3500053200000006
train,syn_n200_k10_high_corr_mixed_high_vol_r02_s20260737,20,theta_011,1.0709107268882414,0.11603187604135257,0.5427777777777777,0.08004890131750726,0.5799452961146606,1.7151263000000003
train,syn_n200_k10_high_corr_mixed_high_vol_r02_s20260737,20,theta_034,1.0612497160427024,0.11157515552991258,0.36138888888888887,0.09289636698994151,0.8016776628507363,2.443843826666667
train,syn_n200_k10_high_corr_mixed_high_vol_r02_s20260737,20,theta_037,1.0612497160427024,0.11157515552991258,0.36138888888888887,0.09289636698994151,0.8016776628507363,2.3623701400000003
train,syn_n200_k10_high_corr_mixed_high_vol_r02_s20260737,20,theta_045,1.0612497160427024,0.11157515552991258,0.36138888888888887,0.09289636698994151,0.8016776628507363,2.860030553333333
train,syn_n200_k10_high_corr_mixed_high_vol_r02_s20260737,20,theta_047,1.0612497160427024,0.11157515552991258,0.36138888888888887,0.09289636698994151,0.8016776628507363,3.488477853333333
train,syn_n200_k10_high_corr_mixed_high_vol_r02_s20260737,20,theta_067,1.0557307739837767,0.12377805228213644,0.4608333333333334,0.09139061672829421,0.6675672012798206,3.35837274
train,syn_n200_k10_high_corr_mixed_high_vol_r02_s20260737,20,theta_076,1.0557307739837767,0.12377805228213644,0.4608333333333334,0.09139061672829421,0.6675672012798206,3.2401842366666664
train,syn_n200_k10_high_corr_mixed_high_vol_r02_s20260737,20,theta_078,1.0557307739837767,0.12377805228213644,0.4608333333333334,0.09139061672829421,0.6675672012798206,3.291813856666667
train,syn_n200_k10_high_corr_mixed_high_vol_r02_s20260737,20,theta_084,1.0737505422350089,0.1141933107468772,0.5399999999999999,0.06698919846108671,0.6223610274235531,2.4660310233333336
train,syn_n200_k10_high_corr_mixed_high_vol_r02_s20260737,20,theta_086,1.0737505422350089,0.1141933107468772,0.5399999999999999,0.06698919846108671,0.6223610274235531,2.5420443066666665
train,syn_n200_k10_high_corr_mixed_high_vol_r02_s20260737,20,theta_089,1.0737505422350089,0.1141933107468772,0.5399999999999999,0.06698919846108671,0.6223610274235531,3.390829773333334
train,syn_n200_k10_high_corr_mixed_high_vol_r02_s20260737,20,theta_118,1.0658600442468096,0.09735891048972883,0.42250000000000004,0.12871677444071297,0.8387587204540939,3.3496838966666664
train,syn_n200_k10_high_corr_mixed_high_vol_r02_s20260737,20,theta_131,1.0658600442468096,0.09735891048972883,0.42250000000000004,0.12871677444071297,0.8387587204540939,3.25660939
train,syn_n200_k10_high_corr_mixed_high_vol_r02_s20260737,20,theta_132,1.0658600442468096,0.09735891048972883,0.42250000000000004,0.12871677444071297,0.8387587204540939,3.3514929299999996
train,syn_n200_k10_high_corr_mixed_high_vol_r02_s20260737,20,theta_144,1.0705545073608476,0.10948781811657578,0.49638888888888894,0.09478247263646077,0.7048117861669425,2.501898676666667
train,syn_n200_k10_high_corr_mixed_high_vol_r02_s20260737,20,theta_159,1.0705545073608476,0.10948781811657578,0.49638888888888894,0.09478247263646077,0.7048117861669425,3.3364426666666662
train,syn_n200_k10_high_corr_mixed_high_vol_r02_s20260737,20,theta_164,1.0909580698402264,0.09295418626145219,0.6269444444444444,0.11132444952162368,0.7666315474719506,3.0992096733333336
train,syn_n200_k10_high_corr_mixed_high_vol_r02_s20260737,20,theta_170,1.0909580698402264,0.09295418626145219,0.6269444444444444,0.11132444952162368,0.7666315474719506,3.2257398166666666
train,syn_n200_k10_high_corr_mixed_high_vol_r02_s20260737,20,theta_175,1.0909580698402264,0.09295418626145219,0.6269444444444444,0.11132444952162368,0.7666315474719506,3.417826706666667
train,syn_n200_k10_high_corr_mixed_high_vol_r02_s20260737,20,theta_189,1.0909580698402264,0.09295418626145219,0.6269444444444444,0.11132444952162368,0.7666315474719506,7.4452297833333345
train,syn_n200_k10_high_corr_mixed_high_vol_r02_s20260737,20,theta_200,1.0679876263785237,0.10289219443437524,0.42138888888888887,0.15025711335176117,0.8210611775682782,7.136438619999999
train,syn_n200_k10_high_corr_mixed_high_vol_r02_s20260737,20,theta_223,1.0719006706124736,0.10140376556011742,0.49916666666666665,0.09959174234154487,0.746030686146256,7.141725123333335
train,syn_n200_k10_high_corr_mixed_high_vol_r02_s20260737,20,theta_234,1.0719006706124736,0.10140376556011742,0.49916666666666665,0.09959174234154487,0.746030686146256,2.8994828933333334
train,syn_n200_k10_high_corr_mixed_high_vol_r02_s20260737,20,theta_237,1.0719006706124736,0.10140376556011742,0.49916666666666665,0.09959174234154487,0.746030686146256,3.2737927000000004
train,syn_n200_k10_low_corr_heavy_tail_high_vol_r03_s20260740,20,theta_011,1.0183441085936855,0.04922181969344385,0.6416666666666667,0.03156492068063461,0.6795441533265619,1.6613532733333334
train,syn_n200_k10_low_corr_heavy_tail_high_vol_r03_s20260740,20,theta_034,1.006662281878048,0.054335815130505796,0.4861111111111112,0.04600693393344973,0.7774595682908705,2.4006197133333336
train,syn_n200_k10_low_corr_heavy_tail_high_vol_r03_s20260740,20,theta_037,1.006662281878048,0.054335815130505796,0.4861111111111112,0.04600693393344973,0.7774595682908705,2.4146070299999995
train,syn_n200_k10_low_corr_heavy_tail_high_vol_r03_s20260740,20,theta_045,1.006662281878048,0.054335815130505796,0.4861111111111112,0.04600693393344973,0.7774595682908705,2.918968253333334
train,syn_n200_k10_low_corr_heavy_tail_high_vol_r03_s20260740,20,theta_047,1.006662281878048,0.054335815130505796,0.4861111111111112,0.04600693393344973,0.7774595682908705,3.73440609
train,syn_n200_k10_low_corr_heavy_tail_high_vol_r03_s20260740,20,theta_067,0.9911608939828079,0.05677374324649515,0.5625000000000001,0.05064965722635388,0.6951396582551891,3.4912208866666665
train,syn_n200_k10_low_corr_heavy_tail_high_vol_r03_s20260740,20,theta_076,0.9911608939828079,0.05677374324649515,0.5625000000000001,0.05064965722635388,0.6951396582551891,3.163830463333333
train,syn_n200_k10_low_corr_heavy_tail_high_vol_r03_s20260740,20,theta_078,0.9911608939828079,0.05677374324649515,0.5625000000000001,0.05064965722635388,0.6951396582551891,3.285393036666667
train,syn_n200_k10_low_corr_heavy_tail_high_vol_r03_s20260740,20,theta_084,1.0435185621865537,0.04410600730562627,0.6616666666666666,0.052367403831961985,0.731793068073898,2.227646213333334
train,syn_n200_k10_low_corr_heavy_tail_high_vol_r03_s20260740,20,theta_086,1.0435185621865537,0.04410600730562627,0.6616666666666666,0.052367403831961985,0.731793068073898,2.5862607499999997
train,syn_n200_k10_low_corr_heavy_tail_high_vol_r03_s20260740,20,theta_089,1.0435185621865537,0.04410600730562627,0.6616666666666666,0.052367403831961985,0.731793068073898,3.421194406666667
train,syn_n200_k10_low_corr_heavy_tail_high_vol_r03_s20260740,20,theta_118,0.9970627106902551,0.05846042220171388,0.4716666666666667,0.0626574948790277,0.7759957521766071,3.319968983333333
train,syn_n200_k10_low_corr_heavy_tail_high_vol_r03_s20260740,20,theta_131,0.9970627106902551,0.05846042220171388,0.4716666666666667,0.0626574948790277,0.7759957521766071,3.2652693
train,syn_n200_k10_low_corr_heavy_tail_high_vol_r03_s20260740,20,theta_132,0.9970627106902551,0.05846042220171388,0.4716666666666667,0.0626574948790277,0.7759957521766071,3.4037881133333343
train,syn_n200_k10_low_corr_heavy_tail_high_vol_r03_s20260740,20,theta_144,0.9533870590543468,0.06573085225945259,0.6030555555555556,0.042638009645731535,0.5818897145059269,2.5046505333333333
train,syn_n200_k10_low_corr_heavy_tail_high_vol_r03_s20260740,20,theta_159,0.9533870590543468,0.06573085225945259,0.6030555555555556,0.042638009645731535,0.5818897145059269,3.251661466666667
train,syn_n200_k10_low_corr_heavy_tail_high_vol_r03_s20260740,20,theta_164,1.029085566533642,0.047643736489079644,0.6008333333333334,0.04522784594782898,0.754663247108132,3.1105321833333335
train,syn_n200_k10_low_corr_heavy_tail_high_vol_r03_s20260740,20,theta_170,1.029085566533642,0.047643736489079644,0.6008333333333334,0.04522784594782898,0.754663247108132,3.3386508333333333
train,syn_n200_k10_low_corr_heavy_tail_high_vol_r03_s20260740,20,theta_175,1.029085566533642,0.047643736489079644,0.6008333333333334,0.04522784594782898,0.754663247108132,3.5661874166666667
train,syn_n200_k10_low_corr_heavy_tail_high_vol_r03_s20260740,20,theta_189,1.029085566533642,0.047643736489079644,0.6008333333333334,0.04522784594782898,0.754663247108132,7.317645283333333
train,syn_n200_k10_low_corr_heavy_tail_high_vol_r03_s20260740,20,theta_200,1.013313528119537,0.055262393628306525,0.43388888888888894,0.0717759963696759,0.8442389345947431,7.071545613333331
train,syn_n200_k10_low_corr_heavy_tail_high_vol_r03_s20260740,20,theta_223,0.9989204317620839,0.05443406808056977,0.5597222222222221,0.06698608808414733,0.7446144576698193,7.103640536666665
train,syn_n200_k10_low_corr_heavy_tail_high_vol_r03_s20260740,20,theta_234,0.9989204317620839,0.05443406808056977,0.5597222222222221,0.06698608808414733,0.7446144576698193,3.2547062833333333
train,syn_n200_k10_low_corr_heavy_tail_high_vol_r03_s20260740,20,theta_237,0.9989204317620839,0.05443406808056977,0.5597222222222221,0.06698608808414733,0.7446144576698193,3.3014088500000005
train,syn_n200_k10_low_corr_normal_low_vol_r01_s20260735,20,theta_011,1.032599536720302,0.03814101330984316,0.6475000000000001,0.04257952125704532,0.7794274530951208,1.70811047
train,syn_n200_k10_low_corr_normal_low_vol_r01_s20260735,20,theta_034,1.0039441805880611,0.05058970853392775,0.4169444444444445,0.06503183043342223,0.8840687908294559,2.4079762166666665
train,syn_n200_k10_low_corr_normal_low_vol_r01_s20260735,20,theta_037,1.0039441805880611,0.05058970853392775,0.4169444444444445,0.06503183043342223,0.8840687908294559,2.4222022233333336
train,syn_n200_k10_low_corr_normal_low_vol_r01_s20260735,20,theta_045,1.0039441805880611,0.05058970853392775,0.4169444444444445,0.06503183043342223,0.8840687908294559,3.04249898
train,syn_n200_k10_low_corr_normal_low_vol_r01_s20260735,20,theta_047,1.0039441805880611,0.05058970853392775,0.4169444444444445,0.06503183043342223,0.8840687908294559,5.8921116966666665
train,syn_n200_k10_low_corr_normal_low_vol_r01_s20260735,20,theta_067,0.9590268838423713,0.060446229922382196,0.4472222222222222,0.07416775579766116,0.7302018458497168,3.4998827133333337
train,syn_n200_k10_low_corr_normal_low_vol_r01_s20260735,20,theta_076,0.9590268838423713,0.060446229922382196,0.4472222222222222,0.07416775579766116,0.7302018458497168,3.27363247
train,syn_n200_k10_low_corr_normal_low_vol_r01_s20260735,20,theta_078,0.9590268838423713,0.060446229922382196,0.4472222222222222,0.07416775579766116,0.7302018458497168,3.3388343533333336
train,syn_n200_k10_low_corr_normal_low_vol_r01_s20260735,20,theta_084,1.0553372668463672,0.03287677902837325,0.6944444444444446,0.03494101907498922,0.7986122634346429,3.0988972033333337
train,syn_n200_k10_low_corr_normal_low_vol_r01_s20260735,20,theta_086,1.0553372668463672,0.03287677902837325,0.6944444444444446,0.03494101907498922,0.7986122634346429,2.6691239799999997
train,syn_n200_k10_low_corr_normal_low_vol_r01_s20260735,20,theta_089,1.0553372668463672,0.03287677902837325,0.6944444444444446,0.03494101907498922,0.7986122634346429,3.30066198
train,syn_n200_k10_low_corr_normal_low_vol_r01_s20260735,20,theta_118,1.00542008872586,0.05212817921272877,0.39861111111111114,0.06824994247433433,0.8945907730312734,3.4726615200000004
train,syn_n200_k10_low_corr_normal_low_vol_r01_s20260735,20,theta_131,1.00542008872586,0.05212817921272877,0.39861111111111114,0.06824994247433433,0.8945907730312734,3.49325056
train,syn_n200_k10_low_corr_normal_low_vol_r01_s20260735,20,theta_132,1.00542008872586,0.05212817921272877,0.39861111111111114,0.06824994247433433,0.8945907730312734,3.218112526666667
train,syn_n200_k10_low_corr_normal_low_vol_r01_s20260735,20,theta_144,0.993294433184679,0.048670304492936335,0.5483333333333333,0.06371617752606662,0.7831531120068753,2.514314403333334
train,syn_n200_k10_low_corr_normal_low_vol_r01_s20260735,20,theta_159,0.993294433184679,0.048670304492936335,0.5483333333333333,0.06371617752606662,0.7831531120068753,3.258374796666666
train,syn_n200_k10_low_corr_normal_low_vol_r01_s20260735,20,theta_164,1.034702822432075,0.04134884413753017,0.5361111111111111,0.06393459216670541,0.8182723451668045,3.3305027800000007
train,syn_n200_k10_low_corr_normal_low_vol_r01_s20260735,20,theta_170,1.034702822432075,0.04134884413753017,0.5361111111111111,0.06393459216670541,0.8182723451668045,3.3543532933333324
train,syn_n200_k10_low_corr_normal_low_vol_r01_s20260735,20,theta_175,1.034702822432075,0.04134884413753017,0.5361111111111111,0.06393459216670541,0.8182723451668045,3.3940650333333333
train,syn_n200_k10_low_corr_normal_low_vol_r01_s20260735,20,theta_189,1.034702822432075,0.04134884413753017,0.5361111111111111,0.06393459216670541,0.8182723451668045,7.532358543333333
train,syn_n200_k10_low_corr_normal_low_vol_r01_s20260735,20,theta_200,1.0215219420494166,0.050493308268947955,0.3955555555555555,0.07721764876516314,0.9428353787202862,7.21571265
train,syn_n200_k10_low_corr_normal_low_vol_r01_s20260735,20,theta_223,0.9662923635674358,0.0569140269293227,0.4686111111111112,0.04409304624930894,0.7209879253295579,7.194311889999999
train,syn_n200_k10_low_corr_normal_low_vol_r01_s20260735,20,theta_234,0.9662923635674358,0.0569140269293227,0.4686111111111112,0.04409304624930894,0.7209879253295579,3.8261683033333336
train,syn_n200_k10_low_corr_normal_low_vol_r01_s20260735,20,theta_237,0.9662923635674358,0.0569140269293227,0.4686111111111112,0.04409304624930894,0.7209879253295579,3.252066166666666
train,syn_n200_k10_low_corr_skewed_extreme_events_r02_s20260736,20,theta_011,1.005054329934136,0.059250597022825015,0.5363888888888889,0.03707418127005542,0.7338358118763366,1.7323806166666664
train,syn_n200_k10_low_corr_skewed_extreme_events_r02_s20260736,20,theta_034,1.0160378487510056,0.056520716163952836,0.2936111111111111,0.0606167137290436,0.9372017545828093,2.5914536999999997
train,syn_n200_k10_low_corr_skewed_extreme_events_r02_s20260736,20,theta_037,1.0160378487510056,0.056520716163952836,0.2936111111111111,0.0606167137290436,0.9372017545828093,2.44380543
train,syn_n200_k10_low_corr_skewed_extreme_events_r02_s20260736,20,theta_045,1.0160378487510056,0.056520716163952836,0.2936111111111111,0.0606167137290436,0.9372017545828093,3.674691623333333
train,syn_n200_k10_low_corr_skewed_extreme_events_r02_s20260736,20,theta_047,1.0160378487510056,0.056520716163952836,0.2936111111111111,0.0606167137290436,0.9372017545828093,5.007181910000001
train,syn_n200_k10_low_corr_skewed_extreme_events_r02_s20260736,20,theta_067,1.011957110459616,0.05574953081257185,0.3694444444444445,0.052969907292382254,0.849008363719181,3.540731030000001
train,syn_n200_k10_low_corr_skewed_extreme_events_r02_s20260736,20,theta_076,1.011957110459616,0.05574953081257185,0.3694444444444445,0.052969907292382254,0.849008363719181,3.4315221066666663
train,syn_n200_k10_low_corr_skewed_extreme_events_r02_s20260736,20,theta_078,1.011957110459616,0.05574953081257185,0.3694444444444445,0.052969907292382254,0.849008363719181,3.320198483333334
train,syn_n200_k10_low_corr_skewed_extreme_events_r02_s20260736,20,theta_084,1.0165486786461737,0.055769115310364055,0.5438888888888889,0.030707214232964346,0.7151732630175728,3.251387306666667
train,syn_n200_k10_low_corr_skewed_extreme_events_r02_s20260736,20,theta_086,1.0165486786461737,0.055769115310364055,0.5438888888888889,0.030707214232964346,0.7151732630175728,2.61539617
train,syn_n200_k10_low_corr_skewed_extreme_events_r02_s20260736,20,theta_089,1.0165486786461737,0.055769115310364055,0.5438888888888889,0.030707214232964346,0.7151732630175728,3.47980006
train,syn_n200_k10_low_corr_skewed_extreme_events_r02_s20260736,20,theta_118,1.0148669622251145,0.056469115036737356,0.2858333333333334,0.06355345132346435,0.9840038784133038,3.2469397666666664
train,syn_n200_k10_low_corr_skewed_extreme_events_r02_s20260736,20,theta_131,1.0148669622251145,0.056469115036737356,0.2858333333333334,0.06355345132346435,0.9840038784133038,3.4097364633333327
train,syn_n200_k10_low_corr_skewed_extreme_events_r02_s20260736,20,theta_132,1.0148669622251145,0.056469115036737356,0.2858333333333334,0.06355345132346435,0.9840038784133038,3.3220818766666667
train,syn_n200_k10_low_corr_skewed_extreme_events_r02_s20260736,20,theta_144,1.0170639557364254,0.05316907209601794,0.4088888888888889,0.04829059463206458,0.8473579537076384,2.5724843466666667
train,syn_n200_k10_low_corr_skewed_extreme_events_r02_s20260736,20,theta_159,1.0170639557364254,0.05316907209601794,0.4088888888888889,0.04829059463206458,0.8473579537076384,3.3389716099999998
train,syn_n200_k10_low_corr_skewed_extreme_events_r02_s20260736,20,theta_164,1.0148720620426426,0.055387840255752684,0.4397222222222223,0.06533325543217756,0.8382418038362048,3.2336187599999997
train,syn_n200_k10_low_corr_skewed_extreme_events_r02_s20260736,20,theta_170,1.0148720620426426,0.055387840255752684,0.4397222222222223,0.06533325543217756,0.8382418038362048,3.453068916666666
train,syn_n200_k10_low_corr_skewed_extreme_events_r02_s20260736,20,theta_175,1.0148720620426426,0.055387840255752684,0.4397222222222223,0.06533325543217756,0.8382418038362048,3.3412524700000006
train,syn_n200_k10_low_corr_skewed_extreme_events_r02_s20260736,20,theta_189,1.0148720620426426,0.055387840255752684,0.4397222222222223,0.06533325543217756,0.8382418038362048,7.702418710000001
train,syn_n200_k10_low_corr_skewed_extreme_events_r02_s20260736,20,theta_200,1.031449322597004,0.05329613995069501,0.30694444444444446,0.0736698454040656,1.015260564442026,7.2713558266666665
train,syn_n200_k10_low_corr_skewed_extreme_events_r02_s20260736,20,theta_223,1.025136950580324,0.05190806384167952,0.34500000000000003,0.05860172027283709,0.9148679899006823,7.380529346666666
train,syn_n200_k10_low_corr_skewed_extreme_events_r02_s20260736,20,theta_234,1.025136950580324,0.05190806384167952,0.34500000000000003,0.05860172027283709,0.9148679899006823,3.4956740833333337
train,syn_n200_k10_low_corr_skewed_extreme_events_r02_s20260736,20,theta_237,1.025136950580324,0.05190806384167952,0.34500000000000003,0.05860172027283709,0.9148679899006823,3.434357993333334
train,syn_n200_k10_pathological_cov_normal_extreme_events_r02_s20260739,20,theta_011,1.0704913605716253,0.04146813869790301,0.5177777777777778,0.0718524976676889,0.4957839947248735,1.6129921999999999
train,syn_n200_k10_pathological_cov_normal_extreme_events_r02_s20260739,20,theta_034,1.0832981441100882,0.04300178690594684,0.5763888888888887,0.09029896622441405,0.6063427337602663,2.4290822700000003
train,syn_n200_k10_pathological_cov_normal_extreme_events_r02_s20260739,20,theta_037,1.0832981441100882,0.04300178690594684,0.5763888888888887,0.09029896622441405,0.6063427337602663,2.4848055466666668
train,syn_n200_k10_pathological_cov_normal_extreme_events_r02_s20260739,20,theta_045,1.0832981441100882,0.04300178690594684,0.5763888888888887,0.09029896622441405,0.6063427337602663,3.0073203499999996
train,syn_n200_k10_pathological_cov_normal_extreme_events_r02_s20260739,20,theta_047,1.0832981441100882,0.04300178690594684,0.5763888888888887,0.09029896622441405,0.6063427337602663,5.980640066666666
train,syn_n200_k10_pathological_cov_normal_extreme_events_r02_s20260739,20,theta_067,1.1157041476111025,0.02651334023629896,0.6880555555555555,0.05942817674919245,0.5584744428854683,3.4245546533333333
train,syn_n200_k10_pathological_cov_normal_extreme_events_r02_s20260739,20,theta_076,1.1157041476111025,0.02651334023629896,0.6880555555555555,0.05942817674919245,0.5584744428854683,3.2930437166666664
train,syn_n200_k10_pathological_cov_normal_extreme_events_r02_s20260739,20,theta_078,1.1157041476111025,0.02651334023629896,0.6880555555555555,0.05942817674919245,0.5584744428854683,3.29017201
train,syn_n200_k10_pathological_cov_normal_extreme_events_r02_s20260739,20,theta_084,1.100467463136021,0.03215818275690504,0.7536111111111111,0.05622479922360228,0.6093428404187277,2.7955077499999996
train,syn_n200_k10_pathological_cov_normal_extreme_events_r02_s20260739,20,theta_086,1.100467463136021,0.03215818275690504,0.7536111111111111,0.05622479922360228,0.6093428404187277,2.48158023
train,syn_n200_k10_pathological_cov_normal_extreme_events_r02_s20260739,20,theta_089,1.100467463136021,0.03215818275690504,0.7536111111111111,0.05622479922360228,0.6093428404187277,3.5235573399999995
train,syn_n200_k10_pathological_cov_normal_extreme_events_r02_s20260739,20,theta_118,1.11035542037833,0.031165885397928524,0.5736111111111111,0.0593515375938,0.58740487994918,3.3034123899999996
train,syn_n200_k10_pathological_cov_normal_extreme_events_r02_s20260739,20,theta_131,1.11035542037833,0.031165885397928524,0.5736111111111111,0.0593515375938,0.58740487994918,3.3297271200000003
train,syn_n200_k10_pathological_cov_normal_extreme_events_r02_s20260739,20,theta_132,1.11035542037833,0.031165885397928524,0.5736111111111111,0.0593515375938,0.58740487994918,3.557777906666667
train,syn_n200_k10_pathological_cov_normal_extreme_events_r02_s20260739,20,theta_144,1.1176840220070077,0.021271266044591574,0.7202777777777778,0.03819937143210217,0.5770902872942403,2.5496382166666667
train,syn_n200_k10_pathological_cov_normal_extreme_events_r02_s20260739,20,theta_159,1.1176840220070077,0.021271266044591574,0.7202777777777778,0.03819937143210217,0.5770902872942403,3.299946133333333
train,syn_n200_k10_pathological_cov_normal_extreme_events_r02_s20260739,20,theta_164,1.0835404287161814,0.041770051770382496,0.5641666666666666,0.06474316143419122,0.5899292425740844,3.048527663333333
train,syn_n200_k10_pathological_cov_normal_extreme_events_r02_s20260739,20,theta_170,1.0835404287161814,0.041770051770382496,0.5641666666666666,0.06474316143419122,0.5899292425740844,3.2582104200000006
train,syn_n200_k10_pathological_cov_normal_extreme_events_r02_s20260739,20,theta_175,1.0835404287161814,0.041770051770382496,0.5641666666666666,0.06474316143419122,0.5899292425740844,3.280433626666668
train,syn_n200_k10_pathological_cov_normal_extreme_events_r02_s20260739,20,theta_189,1.0835404287161814,0.041770051770382496,0.5641666666666666,0.06474316143419122,0.5899292425740844,7.887600876666667
train,syn_n200_k10_pathological_cov_normal_extreme_events_r02_s20260739,20,theta_200,1.1079753126159002,0.038193033338908146,0.6102777777777778,0.07032783612004806,0.5777849499462265,7.261400476666666
train,syn_n200_k10_pathological_cov_normal_extreme_events_r02_s20260739,20,theta_223,1.127376609013152,0.029563203423180515,0.6252777777777777,0.05649475222629976,0.5713745224374664,7.361590453333334
train,syn_n200_k10_pathological_cov_normal_extreme_events_r02_s20260739,20,theta_234,1.127376609013152,0.029563203423180515,0.6252777777777777,0.05649475222629976,0.5713745224374664,3.0160228866666667
train,syn_n200_k10_pathological_cov_normal_extreme_events_r02_s20260739,20,theta_237,1.127376609013152,0.029563203423180515,0.6252777777777777,0.05649475222629976,0.5713745224374664,3.3937435866666665
train,syn_n200_k20_cluster_corr_heavy_tail_low_vol_r02_s20260747,40,theta_011,0.9766475050085922,0.038239527614262706,0.725833333333333,0.028348847285693642,0.6879341136309943,1.7040353100000003
train,syn_n200_k20_cluster_corr_heavy_tail_low_vol_r02_s20260747,40,theta_034,0.982615721906612,0.04141112498296115,0.46361111111111103,0.047026039320268276,0.8104114153719385,2.49321551
train,syn_n200_k20_cluster_corr_heavy_tail_low_vol_r02_s20260747,40,theta_037,0.982615721906612,0.04141112498296115,0.46361111111111103,0.047026039320268276,0.8104114153719385,2.546818416666666
train,syn_n200_k20_cluster_corr_heavy_tail_low_vol_r02_s20260747,40,theta_045,0.982615721906612,0.04141112498296115,0.46361111111111103,0.047026039320268276,0.8104114153719385,2.9855855066666663
train,syn_n200_k20_cluster_corr_heavy_tail_low_vol_r02_s20260747,40,theta_047,0.982615721906612,0.04141112498296115,0.46361111111111103,0.047026039320268276,0.8104114153719385,4.41936925
train,syn_n200_k20_cluster_corr_heavy_tail_low_vol_r02_s20260747,40,theta_067,0.9618707400452735,0.04209040021059032,0.6222222222222221,0.0417650684105914,0.7177110612002772,3.362606336666666
train,syn_n200_k20_cluster_corr_heavy_tail_low_vol_r02_s20260747,40,theta_076,0.9618707400452735,0.04209040021059032,0.6222222222222221,0.0417650684105914,0.7177110612002772,3.3530103866666665
train,syn_n200_k20_cluster_corr_heavy_tail_low_vol_r02_s20260747,40,theta_078,0.9618707400452735,0.04209040021059032,0.6222222222222221,0.0417650684105914,0.7177110612002772,3.45013057
train,syn_n200_k20_cluster_corr_heavy_tail_low_vol_r02_s20260747,40,theta_084,0.9869078245796779,0.03502734879809372,0.7380555555555556,0.03246566993850628,0.7067089900613662,3.11169827
train,syn_n200_k20_cluster_corr_heavy_tail_low_vol_r02_s20260747,40,theta_086,0.9869078245796779,0.03502734879809372,0.7380555555555556,0.03246566993850628,0.7067089900613662,2.5281967466666666
train,syn_n200_k20_cluster_corr_heavy_tail_low_vol_r02_s20260747,40,theta_089,0.9869078245796779,0.03502734879809372,0.7380555555555556,0.03246566993850628,0.7067089900613662,3.7146607333333335
train,syn_n200_k20_cluster_corr_heavy_tail_low_vol_r02_s20260747,40,theta_118,1.0051313433737623,0.03987004096762761,0.458611111111111,0.07151947699685222,0.8855997176203572,3.3275936066666674
train,syn_n200_k20_cluster_corr_heavy_tail_low_vol_r02_s20260747,40,theta_131,1.0051313433737623,0.03987004096762761,0.458611111111111,0.07151947699685222,0.8855997176203572,3.554356543333333
train,syn_n200_k20_cluster_corr_heavy_tail_low_vol_r02_s20260747,40,theta_132,1.0051313433737623,0.03987004096762761,0.458611111111111,0.07151947699685222,0.8855997176203572,3.359027226666667
train,syn_n200_k20_cluster_corr_heavy_tail_low_vol_r02_s20260747,40,theta_144,0.9512498134370396,0.04378922447455975,0.6572222222222223,0.04260210575855888,0.7022522600672959,2.6482584499999997
train,syn_n200_k20_cluster_corr_heavy_tail_low_vol_r02_s20260747,40,theta_159,0.9512498134370396,0.04378922447455975,0.6572222222222223,0.04260210575855888,0.7022522600672959,3.430560436666667
train,syn_n200_k20_cluster_corr_heavy_tail_low_vol_r02_s20260747,40,theta_164,1.0017039826744307,0.03327873560820856,0.7174999999999999,0.03859504060595214,0.74937759464479,3.219520156666667
train,syn_n200_k20_cluster_corr_heavy_tail_low_vol_r02_s20260747,40,theta_170,1.0017039826744307,0.03327873560820856,0.7174999999999999,0.03859504060595214,0.74937759464479,3.365464170000001
train,syn_n200_k20_cluster_corr_heavy_tail_low_vol_r02_s20260747,40,theta_175,1.0017039826744307,0.03327873560820856,0.7174999999999999,0.03859504060595214,0.74937759464479,3.5142756100000003
train,syn_n200_k20_cluster_corr_heavy_tail_low_vol_r02_s20260747,40,theta_189,1.0017039826744307,0.03327873560820856,0.7174999999999999,0.03859504060595214,0.74937759464479,7.70095002
train,syn_n200_k20_cluster_corr_heavy_tail_low_vol_r02_s20260747,40,theta_200,1.0083424990105327,0.04203422426112181,0.4669444444444444,0.0671725030028831,0.9115253955202327,7.3652363633333335
train,syn_n200_k20_cluster_corr_heavy_tail_low_vol_r02_s20260747,40,theta_223,0.9654640408782719,0.042222290502633666,0.5950000000000001,0.04000878485685005,0.7387346340434419,7.346940460000001
train,syn_n200_k20_cluster_corr_heavy_tail_low_vol_r02_s20260747,40,theta_234,0.9654640408782719,0.042222290502633666,0.5950000000000001,0.04000878485685005,0.7387346340434419,3.2420504433333335
train,syn_n200_k20_cluster_corr_heavy_tail_low_vol_r02_s20260747,40,theta_237,0.9654640408782719,0.042222290502633666,0.5950000000000001,0.04000878485685005,0.7387346340434419,3.41968076
train,syn_n200_k20_cluster_corr_mixed_extreme_events_r03_s20260752,40,theta_011,0.9704735860837592,0.06929343628668942,0.5661111111111111,0.049153180870049565,0.6459446404871307,1.7005597433333328
train,syn_n200_k20_cluster_corr_mixed_extreme_events_r03_s20260752,40,theta_034,0.9756802192719245,0.0701501139668983,0.18250000000000002,0.055586308156661685,0.8603150167635701,2.507341116666667
train,syn_n200_k20_cluster_corr_mixed_extreme_events_r03_s20260752,40,theta_037,0.9756802192719245,0.0701501139668983,0.18250000000000002,0.055586308156661685,0.8603150167635701,2.484416953333333
train,syn_n200_k20_cluster_corr_mixed_extreme_events_r03_s20260752,40,theta_045,0.9756802192719245,0.0701501139668983,0.18250000000000002,0.055586308156661685,0.8603150167635701,2.96113219
train,syn_n200_k20_cluster_corr_mixed_extreme_events_r03_s20260752,40,theta_047,0.9756802192719245,0.0701501139668983,0.18250000000000002,0.055586308156661685,0.8603150167635701,4.5278173666666675
train,syn_n200_k20_cluster_corr_mixed_extreme_events_r03_s20260752,40,theta_067,0.9618556466636003,0.07235375510468807,0.3002777777777778,0.0510034541777591,0.727881374592586,3.0692367633333335
train,syn_n200_k20_cluster_corr_mixed_extreme_events_r03_s20260752,40,theta_076,0.9618556466636003,0.07235375510468807,0.3002777777777778,0.0510034541777591,0.727881374592586,3.279064513333333
train,syn_n200_k20_cluster_corr_mixed_extreme_events_r03_s20260752,40,theta_078,0.9618556466636003,0.07235375510468807,0.3002777777777778,0.0510034541777591,0.727881374592586,3.3816753766666663
train,syn_n200_k20_cluster_corr_mixed_extreme_events_r03_s20260752,40,theta_084,1.0047424228032145,0.055969810651455926,0.6063888888888888,0.06016851586357002,0.7541705046326288,2.6432503500000006
train,syn_n200_k20_cluster_corr_mixed_extreme_events_r03_s20260752,40,theta_086,1.0047424228032145,0.055969810651455926,0.6063888888888888,0.06016851586357002,0.7541705046326288,2.4950512633333335
train,syn_n200_k20_cluster_corr_mixed_extreme_events_r03_s20260752,40,theta_089,1.0047424228032145,0.055969810651455926,0.6063888888888888,0.06016851586357002,0.7541705046326288,3.425396243333333
train,syn_n200_k20_cluster_corr_mixed_extreme_events_r03_s20260752,40,theta_118,0.9642058559556675,0.07179576831830006,0.1930555555555556,0.08168051776671256,0.8689767598316648,3.29979908
train,syn_n200_k20_cluster_corr_mixed_extreme_events_r03_s20260752,40,theta_131,0.9642058559556675,0.07179576831830006,0.1930555555555556,0.08168051776671256,0.8689767598316648,3.4818004899999995
train,syn_n200_k20_cluster_corr_mixed_extreme_events_r03_s20260752,40,theta_132,0.9642058559556675,0.07179576831830006,0.1930555555555556,0.08168051776671256,0.8689767598316648,3.3404559833333334
train,syn_n200_k20_cluster_corr_mixed_extreme_events_r03_s20260752,40,theta_144,0.9623429228100346,0.07165980338132354,0.36555555555555563,0.05294422943116749,0.7134781248024105,2.52929432
train,syn_n200_k20_cluster_corr_mixed_extreme_events_r03_s20260752,40,theta_159,0.9623429228100346,0.07165980338132354,0.36555555555555563,0.05294422943116749,0.7134781248024105,3.2159528833333337
train,syn_n200_k20_cluster_corr_mixed_extreme_events_r03_s20260752,40,theta_164,0.9977584800787621,0.06027638078182107,0.5538888888888888,0.05570551607194165,0.6975845041847194,3.15224516
train,syn_n200_k20_cluster_corr_mixed_extreme_events_r03_s20260752,40,theta_170,0.9977584800787621,0.06027638078182107,0.5538888888888888,0.05570551607194165,0.6975845041847194,3.41304161
train,syn_n200_k20_cluster_corr_mixed_extreme_events_r03_s20260752,40,theta_175,0.9977584800787621,0.06027638078182107,0.5538888888888888,0.05570551607194165,0.6975845041847194,3.3885399266666667
train,syn_n200_k20_cluster_corr_mixed_extreme_events_r03_s20260752,40,theta_189,0.9977584800787621,0.06027638078182107,0.5538888888888888,0.05570551607194165,0.6975845041847194,7.1567736433333335
train,syn_n200_k20_cluster_corr_mixed_extreme_events_r03_s20260752,40,theta_200,0.9839588643510714,0.06544926992001424,0.1788888888888889,0.06435253072062865,0.9579682133717607,7.1875277566666655
train,syn_n200_k20_cluster_corr_mixed_extreme_events_r03_s20260752,40,theta_223,0.9702558333313361,0.06838426505870573,0.33416666666666667,0.056610382322830534,0.7462917808863208,7.1774965633333325
train,syn_n200_k20_cluster_corr_mixed_extreme_events_r03_s20260752,40,theta_234,0.9702558333313361,0.06838426505870573,0.33416666666666667,0.056610382322830534,0.7462917808863208,3.0120681166666663
train,syn_n200_k20_cluster_corr_mixed_extreme_events_r03_s20260752,40,theta_237,0.9702558333313361,0.06838426505870573,0.33416666666666667,0.056610382322830534,0.7462917808863208,3.317767896666667
train,syn_n200_k20_cluster_corr_skewed_high_vol_r01_s20260750,40,theta_011,0.9873943343245044,0.054070865095660295,0.6352777777777778,0.03782618855458704,0.5933329608492972,1.6656952633333333
train,syn_n200_k20_cluster_corr_skewed_high_vol_r01_s20260750,40,theta_034,1.0027143862850467,0.05420402997346432,0.3019444444444444,0.04684746577914681,0.7450487200895461,2.56196859
train,syn_n200_k20_cluster_corr_skewed_high_vol_r01_s20260750,40,theta_037,1.0027143862850467,0.05420402997346432,0.3019444444444444,0.04684746577914681,0.7450487200895461,2.4762303266666668
train,syn_n200_k20_cluster_corr_skewed_high_vol_r01_s20260750,40,theta_045,1.0027143862850467,0.05420402997346432,0.3019444444444444,0.04684746577914681,0.7450487200895461,3.1361322266666662
train,syn_n200_k20_cluster_corr_skewed_high_vol_r01_s20260750,40,theta_047,1.0027143862850467,0.05420402997346432,0.3019444444444444,0.04684746577914681,0.7450487200895461,4.592806133333334
train,syn_n200_k20_cluster_corr_skewed_high_vol_r01_s20260750,40,theta_067,0.996929902953083,0.052884366077859804,0.4,0.04867658131505572,0.6756528435667445,2.6695953133333328
train,syn_n200_k20_cluster_corr_skewed_high_vol_r01_s20260750,40,theta_076,0.996929902953083,0.052884366077859804,0.4,0.04867658131505572,0.6756528435667445,3.299537623333334
train,syn_n200_k20_cluster_corr_skewed_high_vol_r01_s20260750,40,theta_078,0.996929902953083,0.052884366077859804,0.4,0.04867658131505572,0.6756528435667445,3.7308960866666667
train,syn_n200_k20_cluster_corr_skewed_high_vol_r01_s20260750,40,theta_084,0.9947279410579806,0.05109989714826975,0.6527777777777779,0.03525238440319452,0.6065011231718584,2.8550463233333327
train,syn_n200_k20_cluster_corr_skewed_high_vol_r01_s20260750,40,theta_086,0.9947279410579806,0.05109989714826975,0.6527777777777779,0.03525238440319452,0.6065011231718584,2.434791836666667
train,syn_n200_k20_cluster_corr_skewed_high_vol_r01_s20260750,40,theta_089,0.9947279410579806,0.05109989714826975,0.6527777777777779,0.03525238440319452,0.6065011231718584,3.197052796666667
train,syn_n200_k20_cluster_corr_skewed_high_vol_r01_s20260750,40,theta_118,1.0091368193738197,0.05520224442215081,0.29277777777777775,0.06968082363599871,0.8230988180081147,3.3966632433333337
train,syn_n200_k20_cluster_corr_skewed_high_vol_r01_s20260750,40,theta_131,1.0091368193738197,0.05520224442215081,0.29277777777777775,0.06968082363599871,0.8230988180081147,3.2204939733333338
train,syn_n200_k20_cluster_corr_skewed_high_vol_r01_s20260750,40,theta_132,1.0091368193738197,0.05520224442215081,0.29277777777777775,0.06968082363599871,0.8230988180081147,3.4291513966666667
train,syn_n200_k20_cluster_corr_skewed_high_vol_r01_s20260750,40,theta_144,1.0037911725574804,0.04837078883557819,0.5313888888888889,0.0394855133838461,0.6569055253681404,2.55676651
train,syn_n200_k20_cluster_corr_skewed_high_vol_r01_s20260750,40,theta_159,1.0037911725574804,0.04837078883557819,0.5313888888888889,0.0394855133838461,0.6569055253681404,3.1925543199999997
train,syn_n200_k20_cluster_corr_skewed_high_vol_r01_s20260750,40,theta_164,1.0095656083580606,0.04704114627093665,0.6525000000000001,0.05037039728393451,0.632659548308734,3.0586902466666666
train,syn_n200_k20_cluster_corr_skewed_high_vol_r01_s20260750,40,theta_170,1.0095656083580606,0.04704114627093665,0.6525000000000001,0.05037039728393451,0.632659548308734,3.2876913033333333
train,syn_n200_k20_cluster_corr_skewed_high_vol_r01_s20260750,40,theta_175,1.0095656083580606,0.04704114627093665,0.6525000000000001,0.05037039728393451,0.632659548308734,3.347993086666667
train,syn_n200_k20_cluster_corr_skewed_high_vol_r01_s20260750,40,theta_189,1.0095656083580606,0.04704114627093665,0.6525000000000001,0.05037039728393451,0.632659548308734,7.074630290000001
train,syn_n200_k20_cluster_corr_skewed_high_vol_r01_s20260750,40,theta_200,1.0355204787951702,0.04836389231482527,0.3002777777777777,0.05509122992069249,0.8323633471746444,7.148003293333334
train,syn_n200_k20_cluster_corr_skewed_high_vol_r01_s20260750,40,theta_223,0.9970824769992434,0.051921362764222975,0.5016666666666666,0.041597796852314455,0.6654776234946844,7.110421463333334
train,syn_n200_k20_cluster_corr_skewed_high_vol_r01_s20260750,40,theta_234,0.9970824769992434,0.051921362764222975,0.5016666666666666,0.041597796852314455,0.6654776234946844,2.9496053966666675
train,syn_n200_k20_cluster_corr_skewed_high_vol_r01_s20260750,40,theta_237,0.9970824769992434,0.051921362764222975,0.5016666666666666,0.041597796852314455,0.6654776234946844,3.297922353333333
train,syn_n200_k20_high_corr_mixed_high_vol_r02_s20260749,40,theta_011,1.0181432072892955,0.035721252752169835,0.5225000000000001,0.04967081701005764,0.7588907966876945,1.672778403333333
train,syn_n200_k20_high_corr_mixed_high_vol_r02_s20260749,40,theta_034,0.9696914845723057,0.07956657709922438,0.0711111111111111,0.08078556435554339,0.946336622870612,2.4667054666666663
train,syn_n200_k20_high_corr_mixed_high_vol_r02_s20260749,40,theta_037,0.9696914845723057,0.07956657709922438,0.0711111111111111,0.08078556435554339,0.946336622870612,2.488362986666667
train,syn_n200_k20_high_corr_mixed_high_vol_r02_s20260749,40,theta_045,0.9696914845723057,0.07956657709922438,0.0711111111111111,0.08078556435554339,0.946336622870612,3.0397869566666667
train,syn_n200_k20_high_corr_mixed_high_vol_r02_s20260749,40,theta_047,0.9696914845723057,0.07956657709922438,0.0711111111111111,0.08078556435554339,0.946336622870612,4.6444811233333345
train,syn_n200_k20_high_corr_mixed_high_vol_r02_s20260749,40,theta_067,0.9897869673014242,0.058390118611334786,0.1238888888888889,0.05982949323574824,0.832510215609928,3.356873379999999
train,syn_n200_k20_high_corr_mixed_high_vol_r02_s20260749,40,theta_076,0.9897869673014242,0.058390118611334786,0.1238888888888889,0.05982949323574824,0.832510215609928,3.379920773333333
train,syn_n200_k20_high_corr_mixed_high_vol_r02_s20260749,40,theta_078,0.9897869673014242,0.058390118611334786,0.1238888888888889,0.05982949323574824,0.832510215609928,3.4396899700000003
train,syn_n200_k20_high_corr_mixed_high_vol_r02_s20260749,40,theta_084,1.0356833349725387,0.027872108393044905,0.6144444444444443,0.051433437742901524,0.8567618676589495,3.141473463333333
train,syn_n200_k20_high_corr_mixed_high_vol_r02_s20260749,40,theta_086,1.0356833349725387,0.027872108393044905,0.6144444444444443,0.051433437742901524,0.8567618676589495,2.4748652133333335
train,syn_n200_k20_high_corr_mixed_high_vol_r02_s20260749,40,theta_089,1.0356833349725387,0.027872108393044905,0.6144444444444443,0.051433437742901524,0.8567618676589495,3.2231487566666663
train,syn_n200_k20_high_corr_mixed_high_vol_r02_s20260749,40,theta_118,0.9800558659924523,0.07181234211144773,0.06888888888888887,0.06562183636251558,0.9578405360161668,3.3671595066666664
train,syn_n200_k20_high_corr_mixed_high_vol_r02_s20260749,40,theta_131,0.9800558659924523,0.07181234211144773,0.06888888888888887,0.06562183636251558,0.9578405360161668,3.2914656233333335
train,syn_n200_k20_high_corr_mixed_high_vol_r02_s20260749,40,theta_132,0.9800558659924523,0.07181234211144773,0.06888888888888887,0.06562183636251558,0.9578405360161668,3.554178503333333
train,syn_n200_k20_high_corr_mixed_high_vol_r02_s20260749,40,theta_144,0.9722260807932237,0.07331815687377001,0.04861111111111112,0.06661761209042491,0.8277170568547813,2.5319435500000003
train,syn_n200_k20_high_corr_mixed_high_vol_r02_s20260749,40,theta_159,0.9722260807932237,0.07331815687377001,0.04861111111111112,0.06661761209042491,0.8277170568547813,3.27523998
train,syn_n200_k20_high_corr_mixed_high_vol_r02_s20260749,40,theta_164,1.0325476763771906,0.029406607195944366,0.5275000000000001,0.04003909950910329,0.9017953077226272,3.162143103333334
train,syn_n200_k20_high_corr_mixed_high_vol_r02_s20260749,40,theta_170,1.0325476763771906,0.029406607195944366,0.5275000000000001,0.04003909950910329,0.9017953077226272,3.23284588
train,syn_n200_k20_high_corr_mixed_high_vol_r02_s20260749,40,theta_175,1.0325476763771906,0.029406607195944366,0.5275000000000001,0.04003909950910329,0.9017953077226272,3.3424151333333336
train,syn_n200_k20_high_corr_mixed_high_vol_r02_s20260749,40,theta_189,1.0325476763771906,0.029406607195944366,0.5275000000000001,0.04003909950910329,0.9017953077226272,7.359384713333332
train,syn_n200_k20_high_corr_mixed_high_vol_r02_s20260749,40,theta_200,0.9817876649378021,0.07540447875446454,0.052777777777777785,0.0849536348242357,0.9830388786064749,7.18149915
train,syn_n200_k20_high_corr_mixed_high_vol_r02_s20260749,40,theta_223,0.9621919788497395,0.07965325382103038,0.06833333333333333,0.08209353646211895,0.8694851503408055,7.134587856666667
train,syn_n200_k20_high_corr_mixed_high_vol_r02_s20260749,40,theta_234,0.9621919788497395,0.07965325382103038,0.06833333333333333,0.08209353646211895,0.8694851503408055,3.5472714233333336
train,syn_n200_k20_high_corr_mixed_high_vol_r02_s20260749,40,theta_237,0.9621919788497395,0.07965325382103038,0.06833333333333333,0.08209353646211895,0.8694851503408055,3.3266687200000007
train,syn_n200_k20_low_corr_skewed_extreme_events_r02_s20260751,40,theta_011,0.9598729601912148,0.07167406323363855,0.6338888888888888,0.04745632456672091,0.6017514721114909,1.6178290166666665
train,syn_n200_k20_low_corr_skewed_extreme_events_r02_s20260751,40,theta_034,0.9615682275291828,0.0733225382518857,0.2547222222222222,0.06589736470971365,0.794384596377071,2.4311502999999997
train,syn_n200_k20_low_corr_skewed_extreme_events_r02_s20260751,40,theta_037,0.9615682275291828,0.0733225382518857,0.2547222222222222,0.06589736470971365,0.794384596377071,2.456234453333333
train,syn_n200_k20_low_corr_skewed_extreme_events_r02_s20260751,40,theta_045,0.9615682275291828,0.0733225382518857,0.2547222222222222,0.06589736470971365,0.794384596377071,2.8815296000000004
train,syn_n200_k20_low_corr_skewed_extreme_events_r02_s20260751,40,theta_047,0.9615682275291828,0.0733225382518857,0.2547222222222222,0.06589736470971365,0.794384596377071,3.546909153333333
train,syn_n200_k20_low_corr_skewed_extreme_events_r02_s20260751,40,theta_067,0.9495904253535717,0.0729724252140724,0.36138888888888904,0.054484372472844864,0.7106356813884784,3.2265211366666664
train,syn_n200_k20_low_corr_skewed_extreme_events_r02_s20260751,40,theta_076,0.9495904253535717,0.0729724252140724,0.36138888888888904,0.054484372472844864,0.7106356813884784,3.3722740866666667
train,syn_n200_k20_low_corr_skewed_extreme_events_r02_s20260751,40,theta_078,0.9495904253535717,0.0729724252140724,0.36138888888888904,0.054484372472844864,0.7106356813884784,3.110623916666667
train,syn_n200_k20_low_corr_skewed_extreme_events_r02_s20260751,40,theta_084,0.975588332520786,0.06593088956800883,0.6558333333333334,0.04881038756367858,0.6443609020037753,2.634643336666667
train,syn_n200_k20_low_corr_skewed_extreme_events_r02_s20260751,40,theta_086,0.975588332520786,0.06593088956800883,0.6558333333333334,0.04881038756367858,0.6443609020037753,2.43470517
train,syn_n200_k20_low_corr_skewed_extreme_events_r02_s20260751,40,theta_089,0.975588332520786,0.06593088956800883,0.6558333333333334,0.04881038756367858,0.6443609020037753,3.1986326066666675
train,syn_n200_k20_low_corr_skewed_extreme_events_r02_s20260751,40,theta_118,0.9557441839141606,0.07345533984414342,0.31500000000000006,0.07608146249897296,0.7828763809877928,3.2766969366666663
train,syn_n200_k20_low_corr_skewed_extreme_events_r02_s20260751,40,theta_131,0.9557441839141606,0.07345533984414342,0.31500000000000006,0.07608146249897296,0.7828763809877928,3.1790264166666664
train,syn_n200_k20_low_corr_skewed_extreme_events_r02_s20260751,40,theta_132,0.9557441839141606,0.07345533984414342,0.31500000000000006,0.07608146249897296,0.7828763809877928,3.32070297
train,syn_n200_k20_low_corr_skewed_extreme_events_r02_s20260751,40,theta_144,0.9500361336360643,0.07310994431991902,0.5597222222222221,0.07020575835148302,0.6392009439578433,2.5502212699999998
train,syn_n200_k20_low_corr_skewed_extreme_events_r02_s20260751,40,theta_159,0.9500361336360643,0.07310994431991902,0.5597222222222221,0.07020575835148302,0.6392009439578433,3.148528883333333
train,syn_n200_k20_low_corr_skewed_extreme_events_r02_s20260751,40,theta_164,0.9687769295790115,0.06837168064916124,0.6280555555555555,0.044311101697242554,0.6469134171259959,3.09944196
train,syn_n200_k20_low_corr_skewed_extreme_events_r02_s20260751,40,theta_170,0.9687769295790115,0.06837168064916124,0.6280555555555555,0.044311101697242554,0.6469134171259959,3.3287165
train,syn_n200_k20_low_corr_skewed_extreme_events_r02_s20260751,40,theta_175,0.9687769295790115,0.06837168064916124,0.6280555555555555,0.044311101697242554,0.6469134171259959,3.1983747533333333
train,syn_n200_k20_low_corr_skewed_extreme_events_r02_s20260751,40,theta_189,0.9687769295790115,0.06837168064916124,0.6280555555555555,0.044311101697242554,0.6469134171259959,7.0179690966666675
train,syn_n200_k20_low_corr_skewed_extreme_events_r02_s20260751,40,theta_200,0.9670867175292007,0.07401471668587112,0.24138888888888888,0.07729608831824171,0.8490179701695071,6.83732885
train,syn_n200_k20_low_corr_skewed_extreme_events_r02_s20260751,40,theta_223,0.9621741461819636,0.06928798242581949,0.5213888888888889,0.05314287097277923,0.6689646981044647,7.033216743333332
train,syn_n200_k20_low_corr_skewed_extreme_events_r02_s20260751,40,theta_234,0.9621741461819636,0.06928798242581949,0.5213888888888889,0.05314287097277923,0.6689646981044647,2.9261559933333334
train,syn_n200_k20_low_corr_skewed_extreme_events_r02_s20260751,40,theta_237,0.9621741461819636,0.06928798242581949,0.5213888888888889,0.05314287097277923,0.6689646981044647,3.305271326666667
train,syn_n200_k20_pathological_cov_mixed_low_vol_r01_s20260753,40,theta_011,1.1250277280100087,0.07963540873709882,0.22470238095238093,0.040950231949389446,0.17763111001927356,1.5829751366666664
train,syn_n200_k20_pathological_cov_mixed_low_vol_r01_s20260753,40,theta_034,1.1266458161482873,0.08091605787769003,0.1351190476190476,0.09909903103140265,0.4228033376908125,2.3629540200000005
train,syn_n200_k20_pathological_cov_mixed_low_vol_r01_s20260753,40,theta_037,1.1266458161482873,0.08091605787769003,0.1351190476190476,0.09909903103140265,0.4228033376908125,2.3713923533333334
train,syn_n200_k20_pathological_cov_mixed_low_vol_r01_s20260753,40,theta_045,1.1266458161482873,0.08091605787769003,0.1351190476190476,0.09909903103140265,0.4228033376908125,2.822236156666667
train,syn_n200_k20_pathological_cov_mixed_low_vol_r01_s20260753,40,theta_047,1.1266458161482873,0.08091605787769003,0.1351190476190476,0.09909903103140265,0.4228033376908125,3.2739299133333333
train,syn_n200_k20_pathological_cov_mixed_low_vol_r01_s20260753,40,theta_067,1.1522022640214247,0.06562246234251282,0.28005952380952387,0.06866277556634914,0.4038109741931013,3.17823401
train,syn_n200_k20_pathological_cov_mixed_low_vol_r01_s20260753,40,theta_076,1.1522022640214247,0.06562246234251282,0.28005952380952387,0.06866277556634914,0.4038109741931013,3.3610462633333333
train,syn_n200_k20_pathological_cov_mixed_low_vol_r01_s20260753,40,theta_078,1.1522022640214247,0.06562246234251282,0.28005952380952387,0.06866277556634914,0.4038109741931013,3.345049433333334
train,syn_n200_k20_pathological_cov_mixed_low_vol_r01_s20260753,40,theta_084,1.139806156834313,0.07692029151413984,0.20327380952380952,0.05459171184749252,0.242319288329701,2.5179563566666667
train,syn_n200_k20_pathological_cov_mixed_low_vol_r01_s20260753,40,theta_086,1.139806156834313,0.07692029151413984,0.20327380952380952,0.05459171184749252,0.242319288329701,2.4101133500000005
train,syn_n200_k20_pathological_cov_mixed_low_vol_r01_s20260753,40,theta_089,1.139806156834313,0.07692029151413984,0.20327380952380952,0.05459171184749252,0.242319288329701,3.186991426666667
train,syn_n200_k20_pathological_cov_mixed_low_vol_r01_s20260753,40,theta_118,1.1079193192920036,0.10628345076444319,0.13511904761904764,0.143562058452595,0.6009724194858852,3.267550303333334
train,syn_n200_k20_pathological_cov_mixed_low_vol_r01_s20260753,40,theta_131,1.1079193192920036,0.10628345076444319,0.13511904761904764,0.143562058452595,0.6009724194858852,3.0205608766666665
train,syn_n200_k20_pathological_cov_mixed_low_vol_r01_s20260753,40,theta_132,1.1079193192920036,0.10628345076444319,0.13511904761904764,0.143562058452595,0.6009724194858852,3.47668825
train,syn_n200_k20_pathological_cov_mixed_low_vol_r01_s20260753,40,theta_144,1.1530941294051176,0.07211722863246522,0.28809523809523807,0.0722563434438436,0.3244830533944387,2.3918128500000004
train,syn_n200_k20_pathological_cov_mixed_low_vol_r01_s20260753,40,theta_159,1.1530941294051176,0.07211722863246522,0.28809523809523807,0.0722563434438436,0.3244830533944387,3.0914802033333326
train,syn_n200_k20_pathological_cov_mixed_low_vol_r01_s20260753,40,theta_164,1.1401330595888832,0.06855331709943599,0.31279761904761905,0.06072131191173577,0.2938128334370079,2.955033656666666
train,syn_n200_k20_pathological_cov_mixed_low_vol_r01_s20260753,40,theta_170,1.1401330595888832,0.06855331709943599,0.31279761904761905,0.06072131191173577,0.2938128334370079,3.3375280300000005
train,syn_n200_k20_pathological_cov_mixed_low_vol_r01_s20260753,40,theta_175,1.1401330595888832,0.06855331709943599,0.31279761904761905,0.06072131191173577,0.2938128334370079,3.1062184966666666
train,syn_n200_k20_pathological_cov_mixed_low_vol_r01_s20260753,40,theta_189,1.1401330595888832,0.06855331709943599,0.31279761904761905,0.06072131191173577,0.2938128334370079,6.824710386666666
train,syn_n200_k20_pathological_cov_mixed_low_vol_r01_s20260753,40,theta_200,1.1437844771605539,0.0778609324846056,0.3020833333333333,0.13219231436551435,0.45784702224854856,6.673540110000001
train,syn_n200_k20_pathological_cov_mixed_low_vol_r01_s20260753,40,theta_223,1.1611947768527158,0.060737496875272315,0.406845238095238,0.08236944322392298,0.3760035679953225,6.807791916666665
train,syn_n200_k20_pathological_cov_mixed_low_vol_r01_s20260753,40,theta_234,1.1611947768527158,0.060737496875272315,0.406845238095238,0.08236944322392298,0.3760035679953225,2.9745614466666668
train,syn_n200_k20_pathological_cov_mixed_low_vol_r01_s20260753,40,theta_237,1.1611947768527158,0.060737496875272315,0.406845238095238,0.08236944322392298,0.3760035679953225,3.1918070200000006
train,syn_n200_k20_pathological_cov_skewed_high_vol_r03_s20260748,40,theta_011,0.89006047091313,0.207402401583714,0.0,0.1363874414797871,0.5982677012174442,1.6488565333333332
train,syn_n200_k20_pathological_cov_skewed_high_vol_r03_s20260748,40,theta_034,0.9667722250530714,0.20422620082944415,0.13333333333333336,0.22082256195301614,0.7990375934620387,2.3679850966666662
train,syn_n200_k20_pathological_cov_skewed_high_vol_r03_s20260748,40,theta_037,0.9667722250530714,0.20422620082944415,0.13333333333333336,0.22082256195301614,0.7990375934620387,2.338188303333333
train,syn_n200_k20_pathological_cov_skewed_high_vol_r03_s20260748,40,theta_045,0.9667722250530714,0.20422620082944415,0.13333333333333336,0.22082256195301614,0.7990375934620387,2.855943546666666
train,syn_n200_k20_pathological_cov_skewed_high_vol_r03_s20260748,40,theta_047,0.9667722250530714,0.20422620082944415,0.13333333333333336,0.22082256195301614,0.7990375934620387,3.0667606499999995
train,syn_n200_k20_pathological_cov_skewed_high_vol_r03_s20260748,40,theta_067,0.9788817377564406,0.1751428158671597,0.11305555555555555,0.20265539618087966,0.78163451567156,3.2968901699999997
train,syn_n200_k20_pathological_cov_skewed_high_vol_r03_s20260748,40,theta_076,0.9788817377564406,0.1751428158671597,0.11305555555555555,0.20265539618087966,0.78163451567156,3.25538197
train,syn_n200_k20_pathological_cov_skewed_high_vol_r03_s20260748,40,theta_078,0.9788817377564406,0.1751428158671597,0.11305555555555555,0.20265539618087966,0.78163451567156,3.3059945799999997
train,syn_n200_k20_pathological_cov_skewed_high_vol_r03_s20260748,40,theta_084,0.939234822620827,0.17952428401618506,0.0,0.11667644074361473,0.5351414411075108,2.4083698233333335
train,syn_n200_k20_pathological_cov_skewed_high_vol_r03_s20260748,40,theta_086,0.939234822620827,0.17952428401618506,0.0,0.11667644074361473,0.5351414411075108,2.3817347699999996
train,syn_n200_k20_pathological_cov_skewed_high_vol_r03_s20260748,40,theta_089,0.939234822620827,0.17952428401618506,0.0,0.11667644074361473,0.5351414411075108,3.24936209
train,syn_n200_k20_pathological_cov_skewed_high_vol_r03_s20260748,40,theta_118,0.9710945616371637,0.21045592579826516,0.09361111111111109,0.1993570005690025,0.7253412121806021,2.702859673333333
train,syn_n200_k20_pathological_cov_skewed_high_vol_r03_s20260748,40,theta_131,0.9710945616371637,0.21045592579826516,0.09361111111111109,0.1993570005690025,0.7253412121806021,3.1885397333333336
train,syn_n200_k20_pathological_cov_skewed_high_vol_r03_s20260748,40,theta_132,0.9710945616371637,0.21045592579826516,0.09361111111111109,0.1993570005690025,0.7253412121806021,3.3597029000000003
train,syn_n200_k20_pathological_cov_skewed_high_vol_r03_s20260748,40,theta_144,0.9913630704487069,0.18907268421096057,0.19194444444444445,0.2036242787102664,0.8165806685653033,2.4675641066666665
train,syn_n200_k20_pathological_cov_skewed_high_vol_r03_s20260748,40,theta_159,0.9913630704487069,0.18907268421096057,0.19194444444444445,0.2036242787102664,0.8165806685653033,3.0402320666666665
train,syn_n200_k20_pathological_cov_skewed_high_vol_r03_s20260748,40,theta_164,0.8958815513189538,0.21336292365690118,0.0,0.17068029559483025,0.611398833695068,3.0143041833333326
train,syn_n200_k20_pathological_cov_skewed_high_vol_r03_s20260748,40,theta_170,0.8958815513189538,0.21336292365690118,0.0,0.17068029559483025,0.611398833695068,3.1934192799999996
train,syn_n200_k20_pathological_cov_skewed_high_vol_r03_s20260748,40,theta_175,0.897308659804708,0.21218813632738792,0.0,0.17058596201326426,0.6130567008817522,3.1934237899999998
train,syn_n200_k20_pathological_cov_skewed_high_vol_r03_s20260748,40,theta_189,0.8958815513189538,0.21336292365690118,0.0,0.17068029559483025,0.611398833695068,6.8110619733333335
train,syn_n200_k20_pathological_cov_skewed_high_vol_r03_s20260748,40,theta_200,0.9940255166715322,0.1729139205340636,0.2872222222222222,0.19179327952038844,0.8963272345329969,6.872743533333333
train,syn_n200_k20_pathological_cov_skewed_high_vol_r03_s20260748,40,theta_223,0.9799327093696134,0.19381555131636968,0.15305555555555556,0.19568505797573635,0.7417142742159922,6.985128869999999
train,syn_n200_k20_pathological_cov_skewed_high_vol_r03_s20260748,40,theta_234,0.9799327093696134,0.19381555131636968,0.15305555555555556,0.19568505797573635,0.7417142742159922,3.25888061
train,syn_n200_k20_pathological_cov_skewed_high_vol_r03_s20260748,40,theta_237,0.9799327093696134,0.19381555131636968,0.15305555555555556,0.19568505797573635,0.7417142742159922,3.240216573333333
train,syn_n200_k30_cluster_corr_heavy_tail_low_vol_r02_s20260763,60,theta_011,0.910418708617574,0.05692405734963251,0.5597222222222222,0.03792839005165947,0.7948823480650717,1.8177478133333334
train,syn_n200_k30_cluster_corr_heavy_tail_low_vol_r02_s20260763,60,theta_034,0.8673942113931218,0.08047416537089921,0.17,0.06364417317353506,0.9207478671226816,2.5701600466666665
train,syn_n200_k30_cluster_corr_heavy_tail_low_vol_r02_s20260763,60,theta_037,0.8673942113931218,0.08047416537089921,0.17,0.06364417317353506,0.9207478671226816,2.7484092933333333
train,syn_n200_k30_cluster_corr_heavy_tail_low_vol_r02_s20260763,60,theta_045,0.8673942113931218,0.08047416537089921,0.17,0.06364417317353506,0.9207478671226816,3.135000816666667
train,syn_n200_k30_cluster_corr_heavy_tail_low_vol_r02_s20260763,60,theta_047,0.8673942113931218,0.08047416537089921,0.17,0.06364417317353506,0.9207478671226816,3.4713447766666667
train,syn_n200_k30_cluster_corr_heavy_tail_low_vol_r02_s20260763,60,theta_067,0.8657027233075704,0.07896085651179478,0.2252777777777778,0.05994256297912127,0.8458472145180245,3.4813214833333332
train,syn_n200_k30_cluster_corr_heavy_tail_low_vol_r02_s20260763,60,theta_076,0.8657027233075704,0.07896085651179478,0.2252777777777778,0.05994256297912127,0.8458472145180245,3.3632689300000007
train,syn_n200_k30_cluster_corr_heavy_tail_low_vol_r02_s20260763,60,theta_078,0.8657027233075704,0.07896085651179478,0.2252777777777778,0.05994256297912127,0.8458472145180245,3.545434866666666
train,syn_n200_k30_cluster_corr_heavy_tail_low_vol_r02_s20260763,60,theta_084,0.8979110878213181,0.06252307211919846,0.5566666666666666,0.05315445333445893,0.7957016691212954,2.5359997
train,syn_n200_k30_cluster_corr_heavy_tail_low_vol_r02_s20260763,60,theta_086,0.8979110878213181,0.06252307211919846,0.5566666666666666,0.05315445333445893,0.7957016691212954,2.5685537866666666
train,syn_n200_k30_cluster_corr_heavy_tail_low_vol_r02_s20260763,60,theta_089,0.8979110878213181,0.06252307211919846,0.5566666666666666,0.05315445333445893,0.7957016691212954,3.4894101366666663
train,syn_n200_k30_cluster_corr_heavy_tail_low_vol_r02_s20260763,60,theta_118,0.8758855343283446,0.07774186214671383,0.17472222222222225,0.07708208592146912,0.9376384803968028,2.7964642800000004
train,syn_n200_k30_cluster_corr_heavy_tail_low_vol_r02_s20260763,60,theta_131,0.8758855343283446,0.07774186214671383,0.17472222222222225,0.07708208592146912,0.9376384803968028,3.4184456033333332
train,syn_n200_k30_cluster_corr_heavy_tail_low_vol_r02_s20260763,60,theta_132,0.8758855343283446,0.07774186214671383,0.17472222222222225,0.07708208592146912,0.9376384803968028,3.606454059999999
train,syn_n200_k30_cluster_corr_heavy_tail_low_vol_r02_s20260763,60,theta_144,0.8210210970614022,0.1059196996827625,0.24666666666666667,0.08899585708994187,0.7214664546768927,2.6045391533333335
train,syn_n200_k30_cluster_corr_heavy_tail_low_vol_r02_s20260763,60,theta_159,0.8210210970614022,0.1059196996827625,0.24666666666666667,0.08899585708994187,0.7214664546768927,3.390629846666666
train,syn_n200_k30_cluster_corr_heavy_tail_low_vol_r02_s20260763,60,theta_164,0.9280995325219497,0.04645278507849814,0.5494444444444445,0.05201006126853188,0.9014115346920847,3.22089332
train,syn_n200_k30_cluster_corr_heavy_tail_low_vol_r02_s20260763,60,theta_170,0.9280995325219497,0.04645278507849814,0.5494444444444445,0.05201006126853188,0.9014115346920847,3.3594168200000003
train,syn_n200_k30_cluster_corr_heavy_tail_low_vol_r02_s20260763,60,theta_175,0.9280995325219497,0.04645278507849814,0.5494444444444445,0.05201006126853188,0.9014115346920847,3.3769280566666655
train,syn_n200_k30_cluster_corr_heavy_tail_low_vol_r02_s20260763,60,theta_189,0.9280995325219497,0.04645278507849814,0.5494444444444445,0.05201006126853188,0.9014115346920847,7.255168756666667
train,syn_n200_k30_cluster_corr_heavy_tail_low_vol_r02_s20260763,60,theta_200,0.8878639994963449,0.07083960280253866,0.16444444444444445,0.07457078314342701,0.9983770623265618,7.367285133333334
train,syn_n200_k30_cluster_corr_heavy_tail_low_vol_r02_s20260763,60,theta_223,0.8582105326825357,0.08447951473281894,0.23444444444444448,0.083799629255136,0.826714549517287,7.420305936666668
train,syn_n200_k30_cluster_corr_heavy_tail_low_vol_r02_s20260763,60,theta_234,0.8582105326825357,0.08447951473281894,0.23444444444444448,0.083799629255136,0.826714549517287,3.334550243333333
train,syn_n200_k30_cluster_corr_heavy_tail_low_vol_r02_s20260763,60,theta_237,0.8582105326825357,0.08447951473281894,0.23444444444444448,0.083799629255136,0.826714549517287,3.4487285533333334
train,syn_n200_k30_cluster_corr_skewed_high_vol_r01_s20260765,60,theta_011,0.9477539123890609,0.05220160460949716,0.6241666666666669,0.028146578060286878,0.6750150370448403,1.7233775166666665
train,syn_n200_k30_cluster_corr_skewed_high_vol_r01_s20260765,60,theta_034,0.9153187412796473,0.08257744657646011,0.22194444444444444,0.06878789916232973,0.868448690403252,2.5064217266666664
train,syn_n200_k30_cluster_corr_skewed_high_vol_r01_s20260765,60,theta_037,0.9153187412796473,0.08257744657646011,0.22194444444444444,0.06878789916232973,0.868448690403252,4.8185853100000005
train,syn_n200_k30_cluster_corr_skewed_high_vol_r01_s20260765,60,theta_045,0.9153187412796473,0.08257744657646011,0.22194444444444444,0.06878789916232973,0.868448690403252,2.9527777433333338
train,syn_n200_k30_cluster_corr_skewed_high_vol_r01_s20260765,60,theta_047,0.9153187412796473,0.08257744657646011,0.22194444444444444,0.06878789916232973,0.868448690403252,3.5311620000000006
train,syn_n200_k30_cluster_corr_skewed_high_vol_r01_s20260765,60,theta_067,0.9127429986415433,0.07467779547813397,0.32583333333333336,0.05508660618562525,0.7446593258414756,3.3539315366666664
train,syn_n200_k30_cluster_corr_skewed_high_vol_r01_s20260765,60,theta_076,0.9127429986415433,0.07467779547813397,0.32583333333333336,0.05508660618562525,0.7446593258414756,3.4472669033333334
train,syn_n200_k30_cluster_corr_skewed_high_vol_r01_s20260765,60,theta_078,0.9127429986415433,0.07467779547813397,0.32583333333333336,0.05508660618562525,0.7446593258414756,3.4064646666666665
train,syn_n200_k30_cluster_corr_skewed_high_vol_r01_s20260765,60,theta_084,0.9518745276690067,0.05022427988370872,0.6133333333333333,0.03727296852925344,0.7063639183736254,3.104583103333333
train,syn_n200_k30_cluster_corr_skewed_high_vol_r01_s20260765,60,theta_086,0.9518745276690067,0.05022427988370872,0.6133333333333333,0.03727296852925344,0.7063639183736254,2.5347852733333336
train,syn_n200_k30_cluster_corr_skewed_high_vol_r01_s20260765,60,theta_089,0.9518745276690067,0.05022427988370872,0.6133333333333333,0.03727296852925344,0.7063639183736254,3.3972066266666667
train,syn_n200_k30_cluster_corr_skewed_high_vol_r01_s20260765,60,theta_118,0.9218698330553942,0.07648784008772327,0.2366666666666667,0.06748880123810201,0.8261027653322398,3.539875456666668
train,syn_n200_k30_cluster_corr_skewed_high_vol_r01_s20260765,60,theta_131,0.9218698330553942,0.07648784008772327,0.2366666666666667,0.06748880123810201,0.8261027653322398,3.4763923266666668
train,syn_n200_k30_cluster_corr_skewed_high_vol_r01_s20260765,60,theta_132,0.9218698330553942,0.07648784008772327,0.2366666666666667,0.06748880123810201,0.8261027653322398,3.2931341166666663
train,syn_n200_k30_cluster_corr_skewed_high_vol_r01_s20260765,60,theta_144,0.9113781315035927,0.07611668526650199,0.3894444444444444,0.06045825254333828,0.7751288275278045,2.657671516666667
train,syn_n200_k30_cluster_corr_skewed_high_vol_r01_s20260765,60,theta_159,0.9113781315035927,0.07611668526650199,0.3894444444444444,0.06045825254333828,0.7751288275278045,3.218254336666667
train,syn_n200_k30_cluster_corr_skewed_high_vol_r01_s20260765,60,theta_164,0.9556381082927967,0.04928656817213652,0.6347222222222223,0.03547637385959208,0.7038964199207075,3.1717481200000006
train,syn_n200_k30_cluster_corr_skewed_high_vol_r01_s20260765,60,theta_170,0.9556381082927967,0.04928656817213652,0.6347222222222223,0.03547637385959208,0.7038964199207075,3.5484452300000004
train,syn_n200_k30_cluster_corr_skewed_high_vol_r01_s20260765,60,theta_175,0.9556381082927967,0.04928656817213652,0.6347222222222223,0.03547637385959208,0.7038964199207075,3.335091983333333
train,syn_n200_k30_cluster_corr_skewed_high_vol_r01_s20260765,60,theta_189,0.9556381082927967,0.04928656817213652,0.6347222222222223,0.03547637385959208,0.7038964199207075,7.134622770000001
train,syn_n200_k30_cluster_corr_skewed_high_vol_r01_s20260765,60,theta_200,0.9252909218305879,0.08335218957069435,0.22972222222222224,0.09027866035534787,0.9244816492267081,7.198289563333333
train,syn_n200_k30_cluster_corr_skewed_high_vol_r01_s20260765,60,theta_223,0.9258450656416976,0.06939370447461005,0.39777777777777784,0.06536961406638173,0.7765424215624883,7.928584523333333
train,syn_n200_k30_cluster_corr_skewed_high_vol_r01_s20260765,60,theta_234,0.9258450656416976,0.06939370447461005,0.39777777777777784,0.06536961406638173,0.7765424215624883,3.1090708400000007
train,syn_n200_k30_cluster_corr_skewed_high_vol_r01_s20260765,60,theta_237,0.9258450656416976,0.06939370447461005,0.39777777777777784,0.06536961406638173,0.7765424215624883,3.369613903333333
train,syn_n200_k30_high_corr_heavy_tail_extreme_events_r01_s20260761,60,theta_011,0.9000192524787507,0.051511002069598445,0.5383333333333333,0.07314127295950666,0.8981569012802616,1.76630493
train,syn_n200_k30_high_corr_heavy_tail_extreme_events_r01_s20260761,60,theta_034,0.8458397247522443,0.0852752535305541,0.13694444444444442,0.10873992266287896,1.0291605958326424,2.541891993333333
train,syn_n200_k30_high_corr_heavy_tail_extreme_events_r01_s20260761,60,theta_037,0.8458397247522443,0.0852752535305541,0.13694444444444442,0.10873992266287896,1.0291605958326424,4.249479140000001
train,syn_n200_k30_high_corr_heavy_tail_extreme_events_r01_s20260761,60,theta_045,0.8458397247522443,0.0852752535305541,0.13694444444444442,0.10873992266287896,1.0291605958326424,3.072401416666666
train,syn_n200_k30_high_corr_heavy_tail_extreme_events_r01_s20260761,60,theta_047,0.8458397247522443,0.0852752535305541,0.13694444444444442,0.10873992266287896,1.0291605958326424,3.69080933
train,syn_n200_k30_high_corr_heavy_tail_extreme_events_r01_s20260761,60,theta_067,0.8971189706681624,0.05413851713230204,0.41638888888888886,0.1055545514827677,1.0049324487081266,3.3796928766666667
train,syn_n200_k30_high_corr_heavy_tail_extreme_events_r01_s20260761,60,theta_076,0.8971189706681624,0.05413851713230204,0.41638888888888886,0.1055545514827677,1.0049324487081266,3.543966063333333
train,syn_n200_k30_high_corr_heavy_tail_extreme_events_r01_s20260761,60,theta_078,0.8971189706681624,0.05413851713230204,0.41638888888888886,0.1055545514827677,1.0049324487081266,3.5576157900000007
train,syn_n200_k30_high_corr_heavy_tail_extreme_events_r01_s20260761,60,theta_084,0.907609888803148,0.04506427822704036,0.6177777777777779,0.08461664291218574,0.9404334837263941,3.247479576666666
train,syn_n200_k30_high_corr_heavy_tail_extreme_events_r01_s20260761,60,theta_086,0.907609888803148,0.04506427822704036,0.6177777777777779,0.08461664291218574,0.9404334837263941,2.563127293333333
train,syn_n200_k30_high_corr_heavy_tail_extreme_events_r01_s20260761,60,theta_089,0.907609888803148,0.04506427822704036,0.6177777777777779,0.08461664291218574,0.9404334837263941,3.3414447533333336
train,syn_n200_k30_high_corr_heavy_tail_extreme_events_r01_s20260761,60,theta_118,0.8528621987836508,0.08333272162626537,0.07138888888888889,0.11195962152268443,1.039501725379655,3.6016224333333327
train,syn_n200_k30_high_corr_heavy_tail_extreme_events_r01_s20260761,60,theta_131,0.8528621987836508,0.08333272162626537,0.07138888888888889,0.11195962152268443,1.039501725379655,3.4813442866666664
train,syn_n200_k30_high_corr_heavy_tail_extreme_events_r01_s20260761,60,theta_132,0.8528621987836508,0.08333272162626537,0.07138888888888889,0.11195962152268443,1.039501725379655,3.4998992466666663
train,syn_n200_k30_high_corr_heavy_tail_extreme_events_r01_s20260761,60,theta_144,0.8826050221133578,0.0628808964407381,0.26166666666666666,0.08580859208803092,0.958420527472726,2.5317288733333334
train,syn_n200_k30_high_corr_heavy_tail_extreme_events_r01_s20260761,60,theta_159,0.8826050221133578,0.0628808964407381,0.26166666666666666,0.08580859208803092,0.958420527472726,3.3043025066666663
train,syn_n200_k30_high_corr_heavy_tail_extreme_events_r01_s20260761,60,theta_164,0.912480172242941,0.041116078327750515,0.6477777777777778,0.07115801942734111,0.9812574704981051,3.2796281599999992
train,syn_n200_k30_high_corr_heavy_tail_extreme_events_r01_s20260761,60,theta_170,0.912480172242941,0.041116078327750515,0.6477777777777778,0.07115801942734111,0.9812574704981051,3.3100969799999995
train,syn_n200_k30_high_corr_heavy_tail_extreme_events_r01_s20260761,60,theta_175,0.912480172242941,0.041116078327750515,0.6477777777777778,0.07115801942734111,0.9812574704981051,3.4101329866666665
train,syn_n200_k30_high_corr_heavy_tail_extreme_events_r01_s20260761,60,theta_189,0.912480172242941,0.041116078327750515,0.6477777777777778,0.07115801942734111,0.9812574704981051,7.430526043333332
train,syn_n200_k30_high_corr_heavy_tail_extreme_events_r01_s20260761,60,theta_200,0.8698919456029165,0.07049366879885009,0.2555555555555556,0.10661436801603992,1.0518848052061687,7.411088403333334
train,syn_n200_k30_high_corr_heavy_tail_extreme_events_r01_s20260761,60,theta_223,0.8761845285905171,0.07241107491150484,0.3686111111111111,0.10184052882744994,0.9230597635295471,7.993412940000001
train,syn_n200_k30_high_corr_heavy_tail_extreme_events_r01_s20260761,60,theta_234,0.8761845285905171,0.07241107491150484,0.3686111111111111,0.10184052882744994,0.9230597635295471,3.574587626666666
train,syn_n200_k30_high_corr_heavy_tail_extreme_events_r01_s20260761,60,theta_237,0.8761845285905171,0.07241107491150484,0.3686111111111111,0.10184052882744994,0.9230597635295471,3.3723594566666666
train,syn_n200_k30_high_corr_mixed_high_vol_r02_s20260760,60,theta_011,1.024342404127991,0.06541434996851399,0.205,0.05979144010836126,0.5591768473028044,1.6370112966666668
train,syn_n200_k30_high_corr_mixed_high_vol_r02_s20260760,60,theta_034,0.9912558028768785,0.09953492930193875,0.07888888888888887,0.08421138581193235,0.8142269858802903,2.4237722133333333
train,syn_n200_k30_high_corr_mixed_high_vol_r02_s20260760,60,theta_037,0.9912558028768785,0.09953492930193875,0.07888888888888887,0.08421138581193235,0.8142269858802903,4.3784051999999996
train,syn_n200_k30_high_corr_mixed_high_vol_r02_s20260760,60,theta_045,0.9912558028768785,0.09953492930193875,0.07888888888888887,0.08421138581193235,0.8142269858802903,2.9479373533333333
train,syn_n200_k30_high_corr_mixed_high_vol_r02_s20260760,60,theta_047,0.9912558028768785,0.09953492930193875,0.07888888888888887,0.08421138581193235,0.8142269858802903,3.5421504466666667
train,syn_n200_k30_high_corr_mixed_high_vol_r02_s20260760,60,theta_067,1.0284376149679453,0.06743229899943064,0.2211111111111111,0.08798767977973063,0.7455601417022957,3.3315919066666666
train,syn_n200_k30_high_corr_mixed_high_vol_r02_s20260760,60,theta_076,1.0284376149679453,0.06743229899943064,0.2211111111111111,0.08798767977973063,0.7455601417022957,3.2750025433333336
train,syn_n200_k30_high_corr_mixed_high_vol_r02_s20260760,60,theta_078,1.0284376149679453,0.06743229899943064,0.2211111111111111,0.08798767977973063,0.7455601417022957,3.4012582633333333
train,syn_n200_k30_high_corr_mixed_high_vol_r02_s20260760,60,theta_084,1.036874192518872,0.05334757849896479,0.38777777777777783,0.039563534795944544,0.5461261846187558,3.0651996033333333
train,syn_n200_k30_high_corr_mixed_high_vol_r02_s20260760,60,theta_086,1.036874192518872,0.05334757849896479,0.38777777777777783,0.039563534795944544,0.5461261846187558,2.4289482466666668
train,syn_n200_k30_high_corr_mixed_high_vol_r02_s20260760,60,theta_089,1.036874192518872,0.05334757849896479,0.38777777777777783,0.039563534795944544,0.5461261846187558,3.23800824
train,syn_n200_k30_high_corr_mixed_high_vol_r02_s20260760,60,theta_118,0.9800405606049011,0.10424098774699822,0.05638888888888889,0.08730680843714406,0.8235291797379105,3.3726918133333332
train,syn_n200_k30_high_corr_mixed_high_vol_r02_s20260760,60,theta_131,0.9800405606049011,0.10424098774699822,0.05638888888888889,0.08730680843714406,0.8235291797379105,3.230294733333333
train,syn_n200_k30_high_corr_mixed_high_vol_r02_s20260760,60,theta_132,0.9800405606049011,0.10424098774699822,0.05638888888888889,0.08730680843714406,0.8235291797379105,3.3752802799999992
train,syn_n200_k30_high_corr_mixed_high_vol_r02_s20260760,60,theta_144,0.9968401233303845,0.088962369386749,0.08916666666666666,0.08357812446108333,0.7070189174631349,2.63783918
train,syn_n200_k30_high_corr_mixed_high_vol_r02_s20260760,60,theta_159,0.9968401233303845,0.088962369386749,0.08916666666666666,0.08357812446108333,0.7070189174631349,3.1777192666666667
train,syn_n200_k30_high_corr_mixed_high_vol_r02_s20260760,60,theta_164,1.0315728408893718,0.05720028249007836,0.3227777777777778,0.05404479556158429,0.5935000852549664,3.1148432400000003
train,syn_n200_k30_high_corr_mixed_high_vol_r02_s20260760,60,theta_170,1.0315728408893718,0.05720028249007836,0.3227777777777778,0.05404479556158429,0.5935000852549664,3.285996703333333
train,syn_n200_k30_high_corr_mixed_high_vol_r02_s20260760,60,theta_175,1.0315728408893718,0.05720028249007836,0.3227777777777778,0.05404479556158429,0.5935000852549664,3.3231165733333325
train,syn_n200_k30_high_corr_mixed_high_vol_r02_s20260760,60,theta_189,1.0315728408893718,0.05720028249007836,0.3227777777777778,0.05404479556158429,0.5935000852549664,6.933298493333334
train,syn_n200_k30_high_corr_mixed_high_vol_r02_s20260760,60,theta_200,0.9951946834725611,0.1008687690748796,0.08555555555555555,0.0957847062808476,0.9105749242066015,7.037676436666667
train,syn_n200_k30_high_corr_mixed_high_vol_r02_s20260760,60,theta_223,1.010854460600001,0.08349888816245324,0.09277777777777779,0.08170199855693208,0.7771990693835296,7.794345513333332
train,syn_n200_k30_high_corr_mixed_high_vol_r02_s20260760,60,theta_234,1.010854460600001,0.08349888816245324,0.09277777777777779,0.08170199855693208,0.7771990693835296,7.515510676666667
train,syn_n200_k30_high_corr_mixed_high_vol_r02_s20260760,60,theta_237,1.010854460600001,0.08349888816245324,0.09277777777777779,0.08170199855693208,0.7771990693835296,3.314204556666667
train,syn_n200_k30_low_corr_normal_low_vol_r01_s20260762,60,theta_011,0.8725086432741858,0.11124720340160432,0.4429824561403509,0.03660597313996696,0.5142649559287598,1.6448229533333334
train,syn_n200_k30_low_corr_normal_low_vol_r01_s20260762,60,theta_034,0.7812457297220282,0.15359754780232268,0.12982456140350876,0.041765163941379815,0.5117265346089976,2.3562792166666666
train,syn_n200_k30_low_corr_normal_low_vol_r01_s20260762,60,theta_037,0.7763760616611853,0.1560269764226364,0.12953216374269008,0.041632434326793394,0.5005427201490684,3.04687724
train,syn_n200_k30_low_corr_normal_low_vol_r01_s20260762,60,theta_045,0.7812457297220282,0.15359754780232268,0.12982456140350876,0.041765163941379815,0.5117265346089976,2.8605396733333337
train,syn_n200_k30_low_corr_normal_low_vol_r01_s20260762,60,theta_047,0.7812457297220282,0.15359754780232268,0.12982456140350876,0.041765163941379815,0.5117265346089976,3.89752483
train,syn_n200_k30_low_corr_normal_low_vol_r01_s20260762,60,theta_067,0.8260004668111611,0.1346943660729954,0.18918128654970756,0.06628384976464906,0.5395261841739486,3.2134471566666667
train,syn_n200_k30_low_corr_normal_low_vol_r01_s20260762,60,theta_076,0.8260004668111611,0.1346943660729954,0.18918128654970756,0.06628384976464906,0.5395261841739486,3.2031552933333334
train,syn_n200_k30_low_corr_normal_low_vol_r01_s20260762,60,theta_078,0.8260004668111611,0.1346943660729954,0.18918128654970756,0.06628384976464906,0.5395261841739486,3.35919484
train,syn_n200_k30_low_corr_normal_low_vol_r01_s20260762,60,theta_084,0.909955819448934,0.09868392375258396,0.46023391812865505,0.05066058634884309,0.5673666062938156,2.93957434
train,syn_n200_k30_low_corr_normal_low_vol_r01_s20260762,60,theta_086,0.909955819448934,0.09868392375258396,0.46023391812865505,0.05066058634884309,0.5673666062938156,2.47645633
train,syn_n200_k30_low_corr_normal_low_vol_r01_s20260762,60,theta_089,0.909955819448934,0.09868392375258396,0.46023391812865505,0.05066058634884309,0.5673666062938156,3.2200375866666664
train,syn_n200_k30_low_corr_normal_low_vol_r01_s20260762,60,theta_118,0.7992497339386896,0.1470738618288761,0.13362573099415206,0.04226644322195815,0.5218403812282325,3.1767666466666666
train,syn_n200_k30_low_corr_normal_low_vol_r01_s20260762,60,theta_131,0.7992497339386896,0.1470738618288761,0.13362573099415206,0.04226644322195815,0.5218403812282325,3.12103831
train,syn_n200_k30_low_corr_normal_low_vol_r01_s20260762,60,theta_132,0.7992497339386896,0.1470738618288761,0.13362573099415206,0.04226644322195815,0.5218403812282325,3.207228026666667
train,syn_n200_k30_low_corr_normal_low_vol_r01_s20260762,60,theta_144,0.84458881014439,0.12486495690842059,0.4771929824561404,0.03957318521656871,0.4017782380295401,2.5450230233333335
train,syn_n200_k30_low_corr_normal_low_vol_r01_s20260762,60,theta_159,0.84458881014439,0.12486495690842059,0.4771929824561404,0.03957318521656871,0.4017782380295401,3.1191030299999993
train,syn_n200_k30_low_corr_normal_low_vol_r01_s20260762,60,theta_164,0.9007078337395671,0.10155488792252929,0.4052631578947368,0.058630426340105506,0.6103341679469293,3.089499653333333
train,syn_n200_k30_low_corr_normal_low_vol_r01_s20260762,60,theta_170,0.9007078337395671,0.10155488792252929,0.4052631578947368,0.058630426340105506,0.6103341679469293,3.1526637
train,syn_n200_k30_low_corr_normal_low_vol_r01_s20260762,60,theta_175,0.9007078337395671,0.10155488792252929,0.4052631578947368,0.058630426340105506,0.6103341679469293,3.149862216666667
train,syn_n200_k30_low_corr_normal_low_vol_r01_s20260762,60,theta_189,0.9007078337395671,0.10155488792252929,0.4052631578947368,0.058630426340105506,0.6103341679469293,6.857696486666668
train,syn_n200_k30_low_corr_normal_low_vol_r01_s20260762,60,theta_200,0.8206619860734776,0.13943581913187508,0.1134502923976608,0.05326384376620953,0.5932605318466533,6.791075136666666
train,syn_n200_k30_low_corr_normal_low_vol_r01_s20260762,60,theta_223,0.8515984443573532,0.12240174298304021,0.4330409356725146,0.028360123537898053,0.430962449914406,7.8278613266666675
train,syn_n200_k30_low_corr_normal_low_vol_r01_s20260762,60,theta_234,0.8515984443573532,0.12240174298304021,0.4330409356725146,0.028360123537898053,0.430962449914406,7.517605546666666
train,syn_n200_k30_low_corr_normal_low_vol_r01_s20260762,60,theta_237,0.8515984443573532,0.12240174298304021,0.4330409356725146,0.028360123537898053,0.430962449914406,3.26412588
train,syn_n200_k30_pathological_cov_mixed_low_vol_r01_s20260759,60,theta_011,1.0317199275462763,0.2185697687816181,0.21388888888888888,0.07059585642657372,0.3287355890853976,1.61321632
train,syn_n200_k30_pathological_cov_mixed_low_vol_r01_s20260759,60,theta_034,0.9992677672873911,0.16118433586736067,0.0375,0.15247502721580208,0.8393610689924726,2.4010825966666665
train,syn_n200_k30_pathological_cov_mixed_low_vol_r01_s20260759,60,theta_037,0.9992677672873911,0.16118433586736067,0.0375,0.15247502721580208,0.8393610689924726,3.00641567
train,syn_n200_k30_pathological_cov_mixed_low_vol_r01_s20260759,60,theta_045,0.9992677672873911,0.16118433586736067,0.0375,0.15247502721580208,0.8393610689924726,2.92834447
train,syn_n200_k30_pathological_cov_mixed_low_vol_r01_s20260759,60,theta_047,0.9992677672873911,0.16118433586736067,0.0375,0.15247502721580208,0.8393610689924726,4.068342736666667
train,syn_n200_k30_pathological_cov_mixed_low_vol_r01_s20260759,60,theta_067,1.0267164161790467,0.17590474285850935,0.09777777777777777,0.09932143230704961,0.5629446758703435,3.2749918633333324
train,syn_n200_k30_pathological_cov_mixed_low_vol_r01_s20260759,60,theta_076,1.0267164161790467,0.17590474285850935,0.09777777777777777,0.09932143230704961,0.5629446758703435,3.18964331
train,syn_n200_k30_pathological_cov_mixed_low_vol_r01_s20260759,60,theta_078,1.0267164161790467,0.17590474285850935,0.09777777777777777,0.09932143230704961,0.5629446758703435,3.3098921433333337
train,syn_n200_k30_pathological_cov_mixed_low_vol_r01_s20260759,60,theta_084,1.0445995769262784,0.197395005744176,0.20888888888888893,0.08925142010087413,0.43119452146799286,2.892634960000001
train,syn_n200_k30_pathological_cov_mixed_low_vol_r01_s20260759,60,theta_086,1.0445995769262784,0.197395005744176,0.20888888888888893,0.08925142010087413,0.43119452146799286,2.66586569
train,syn_n200_k30_pathological_cov_mixed_low_vol_r01_s20260759,60,theta_089,1.0445995769262784,0.197395005744176,0.20888888888888893,0.08925142010087413,0.43119452146799286,3.3290731000000005
train,syn_n200_k30_pathological_cov_mixed_low_vol_r01_s20260759,60,theta_118,1.0008726551438483,0.14212332950967135,0.050833333333333335,0.1501675455878907,0.8907817493180147,3.3883780333333324
train,syn_n200_k30_pathological_cov_mixed_low_vol_r01_s20260759,60,theta_131,1.0008726551438483,0.14212332950967135,0.050833333333333335,0.1501675455878907,0.8907817493180147,3.365878136666667
train,syn_n200_k30_pathological_cov_mixed_low_vol_r01_s20260759,60,theta_132,1.0008726551438483,0.14212332950967135,0.050833333333333335,0.1501675455878907,0.8907817493180147,3.265243936666666
train,syn_n200_k30_pathological_cov_mixed_low_vol_r01_s20260759,60,theta_144,0.9971080859463772,0.19699533954612086,0.07027777777777779,0.11719249746407022,0.5511739635743402,2.843291980000001
train,syn_n200_k30_pathological_cov_mixed_low_vol_r01_s20260759,60,theta_159,0.9971080859463772,0.19699533954612086,0.07027777777777779,0.11719249746407022,0.5511739635743402,3.08333647
train,syn_n200_k30_pathological_cov_mixed_low_vol_r01_s20260759,60,theta_164,1.049022207854764,0.1843148217336105,0.2533333333333333,0.09663812844412503,0.4718584851841825,3.0267701033333334
train,syn_n200_k30_pathological_cov_mixed_low_vol_r01_s20260759,60,theta_170,1.049022207854764,0.1843148217336105,0.2533333333333333,0.09663812844412503,0.4718584851841825,3.1276377066666665
train,syn_n200_k30_pathological_cov_mixed_low_vol_r01_s20260759,60,theta_175,1.049022207854764,0.1843148217336105,0.2533333333333333,0.09663812844412503,0.4718584851841825,3.237063446666667
train,syn_n200_k30_pathological_cov_mixed_low_vol_r01_s20260759,60,theta_189,1.049022207854764,0.1843148217336105,0.2533333333333333,0.09663812844412503,0.4718584851841825,6.803338456666667
train,syn_n200_k30_pathological_cov_mixed_low_vol_r01_s20260759,60,theta_200,1.0007797643863567,0.1468080958656028,0.03222222222222222,0.14222531562429175,0.8866004273594292,6.983809103333334
train,syn_n200_k30_pathological_cov_mixed_low_vol_r01_s20260759,60,theta_223,1.0170849311300816,0.16643536102838127,0.08111111111111112,0.1637191389826916,0.7006337869478944,7.421148166666667
train,syn_n200_k30_pathological_cov_mixed_low_vol_r01_s20260759,60,theta_234,1.0170849311300816,0.16643536102838127,0.08111111111111112,0.1637191389826916,0.7006337869478944,6.906921833333334
train,syn_n200_k30_pathological_cov_mixed_low_vol_r01_s20260759,60,theta_237,1.0170849311300816,0.16643536102838127,0.08111111111111112,0.1637191389826916,0.7006337869478944,3.2945399966666664
train,syn_n200_k30_pathological_cov_skewed_high_vol_r03_s20260764,60,theta_011,1.0797609846636325,0.11854959679751019,0.14694444444444443,0.03685601805252315,0.18473385124736225,1.6013806866666667
train,syn_n200_k30_pathological_cov_skewed_high_vol_r03_s20260764,60,theta_034,1.0521649512965499,0.11131860537753277,0.014722222222222222,0.09641264777374031,0.6303017787237623,2.3324167499999997
train,syn_n200_k30_pathological_cov_skewed_high_vol_r03_s20260764,60,theta_037,1.0521649512965499,0.11131860537753277,0.014722222222222222,0.09641264777374031,0.6303017787237623,2.9127057566666674
train,syn_n200_k30_pathological_cov_skewed_high_vol_r03_s20260764,60,theta_045,1.0521649512965499,0.11131860537753277,0.014722222222222222,0.09641264777374031,0.6303017787237623,2.8589781466666664
train,syn_n200_k30_pathological_cov_skewed_high_vol_r03_s20260764,60,theta_047,1.0521649512965499,0.11131860537753277,0.014722222222222222,0.09641264777374031,0.6303017787237623,4.561937336666667
train,syn_n200_k30_pathological_cov_skewed_high_vol_r03_s20260764,60,theta_067,1.0889399690308812,0.08847001031876005,0.09749999999999999,0.07805274948522806,0.48885872592331975,3.2018223600000004
train,syn_n200_k30_pathological_cov_skewed_high_vol_r03_s20260764,60,theta_076,1.0889399690308812,0.08847001031876005,0.09749999999999999,0.07805274948522806,0.48885872592331975,3.309573603333333
train,syn_n200_k30_pathological_cov_skewed_high_vol_r03_s20260764,60,theta_078,1.0889399690308812,0.08847001031876005,0.09749999999999999,0.07805274948522806,0.48885872592331975,3.462571476666666
train,syn_n200_k30_pathological_cov_skewed_high_vol_r03_s20260764,60,theta_084,1.0866136776128597,0.10557145767358825,0.14277777777777778,0.07679656100771677,0.3070999120690593,2.651098723333334
train,syn_n200_k30_pathological_cov_skewed_high_vol_r03_s20260764,60,theta_086,1.0866136776128597,0.10557145767358825,0.14277777777777778,0.07679656100771677,0.3070999120690593,2.5604348433333333
train,syn_n200_k30_pathological_cov_skewed_high_vol_r03_s20260764,60,theta_089,1.0866136776128597,0.10557145767358825,0.14277777777777778,0.07679656100771677,0.3070999120690593,3.299120626666666
train,syn_n200_k30_pathological_cov_skewed_high_vol_r03_s20260764,60,theta_118,1.069422685037452,0.10288580896568805,0.0325,0.11526912375557692,0.608513447453314,3.1816503566666667
train,syn_n200_k30_pathological_cov_skewed_high_vol_r03_s20260764,60,theta_131,1.069422685037452,0.10288580896568805,0.0325,0.11526912375557692,0.608513447453314,3.1688602266666672
train,syn_n200_k30_pathological_cov_skewed_high_vol_r03_s20260764,60,theta_132,1.069422685037452,0.10288580896568805,0.0325,0.11526912375557692,0.608513447453314,3.1807762266666675
train,syn_n200_k30_pathological_cov_skewed_high_vol_r03_s20260764,60,theta_144,1.063587412812033,0.10847915268746394,0.07027777777777779,0.08608287613282492,0.4199238770152861,2.42754299
train,syn_n200_k30_pathological_cov_skewed_high_vol_r03_s20260764,60,theta_159,1.063587412812033,0.10847915268746394,0.07027777777777779,0.08608287613282492,0.4199238770152861,3.0597794133333336
train,syn_n200_k30_pathological_cov_skewed_high_vol_r03_s20260764,60,theta_164,1.0932578708854501,0.09900115222519192,0.13416666666666668,0.06094000027415409,0.340615789159335,3.0542743999999997
train,syn_n200_k30_pathological_cov_skewed_high_vol_r03_s20260764,60,theta_170,1.0932578708854501,0.09900115222519192,0.13416666666666668,0.06094000027415409,0.340615789159335,3.157754686666666
train,syn_n200_k30_pathological_cov_skewed_high_vol_r03_s20260764,60,theta_175,1.0932578708854501,0.09900115222519192,0.13416666666666668,0.06094000027415409,0.340615789159335,3.2338640200000004
train,syn_n200_k30_pathological_cov_skewed_high_vol_r03_s20260764,60,theta_189,1.0932578708854501,0.09900115222519192,0.13416666666666668,0.06094000027415409,0.340615789159335,6.7356207433333335
train,syn_n200_k30_pathological_cov_skewed_high_vol_r03_s20260764,60,theta_200,1.0787865925179416,0.08920256206785195,0.06833333333333334,0.09774896241750473,0.577300014312129,6.883772383333334
train,syn_n200_k30_pathological_cov_skewed_high_vol_r03_s20260764,60,theta_223,1.067204832161842,0.10361726180501708,0.09277777777777778,0.09746448985866264,0.4349697035116512,7.05712109
train,syn_n200_k30_pathological_cov_skewed_high_vol_r03_s20260764,60,theta_234,1.067204832161842,0.10361726180501708,0.09277777777777778,0.09746448985866264,0.4349697035116512,6.636343633333332
train,syn_n200_k30_pathological_cov_skewed_high_vol_r03_s20260764,60,theta_237,1.067204832161842,0.10361726180501708,0.09277777777777778,0.09746448985866264,0.4349697035116512,3.268582546666667
train,syn_n50_k05_cluster_corr_skewed_high_vol_r01_s20260632,3,theta_011,1.0777196500016162,0.01734212009939428,0.8661111111111112,0.036643451507462864,1.2113204855970874,3.0047502633333343
train,syn_n50_k05_cluster_corr_skewed_high_vol_r01_s20260632,3,theta_034,1.0793705745851447,0.016516452335167443,0.8813888888888889,0.037074175105822484,1.2150008721882881,4.344819206666666
train,syn_n50_k05_cluster_corr_skewed_high_vol_r01_s20260632,3,theta_037,1.0793705745851447,0.016516452335167443,0.8813888888888889,0.037074175105822484,1.2150008721882881,4.26592343
train,syn_n50_k05_cluster_corr_skewed_high_vol_r01_s20260632,3,theta_045,1.0793705745851447,0.016516452335167443,0.8813888888888889,0.037074175105822484,1.2150008721882881,4.293086506666667
train,syn_n50_k05_cluster_corr_skewed_high_vol_r01_s20260632,3,theta_047,1.0793705745851447,0.016516452335167443,0.8813888888888889,0.037074175105822484,1.2150008721882881,4.88964284
train,syn_n50_k05_cluster_corr_skewed_high_vol_r01_s20260632,3,theta_067,1.077092382594021,0.01747149352097727,0.8608333333333332,0.032732037811716685,1.2095614998741704,4.623068646666667
train,syn_n50_k05_cluster_corr_skewed_high_vol_r01_s20260632,3,theta_076,1.077092382594021,0.01747149352097727,0.8608333333333332,0.032732037811716685,1.2095614998741704,4.5608544166666665
train,syn_n50_k05_cluster_corr_skewed_high_vol_r01_s20260632,3,theta_078,1.077092382594021,0.01747149352097727,0.8608333333333332,0.032732037811716685,1.2095614998741704,4.738444143333334
train,syn_n50_k05_cluster_corr_skewed_high_vol_r01_s20260632,3,theta_084,1.0759798344047364,0.01856389114771517,0.8483333333333334,0.0379117976877452,1.2103683146968798,4.998062656666665
train,syn_n50_k05_cluster_corr_skewed_high_vol_r01_s20260632,3,theta_086,1.0759798344047364,0.01856389114771517,0.8483333333333334,0.0379117976877452,1.2103683146968798,4.510721336666666
train,syn_n50_k05_cluster_corr_skewed_high_vol_r01_s20260632,3,theta_089,1.0759798344047364,0.01856389114771517,0.8483333333333334,0.0379117976877452,1.2103683146968798,4.6862865099999995
train,syn_n50_k05_cluster_corr_skewed_high_vol_r01_s20260632,3,theta_118,1.0791551967727977,0.01614140691694358,0.8922222222222224,0.032823861427045666,1.1985112646800988,4.839997319999999
train,syn_n50_k05_cluster_corr_skewed_high_vol_r01_s20260632,3,theta_131,1.0791551967727977,0.01614140691694358,0.8922222222222224,0.032823861427045666,1.1985112646800988,4.8394603
train,syn_n50_k05_cluster_corr_skewed_high_vol_r01_s20260632,3,theta_132,1.0791551967727977,0.01614140691694358,0.8922222222222224,0.032823861427045666,1.1985112646800988,4.871351286666667
train,syn_n50_k05_cluster_corr_skewed_high_vol_r01_s20260632,3,theta_144,1.07939152009559,0.01619007468880013,0.8941666666666668,0.0362827875247677,1.2170560370760828,3.936068886666667
train,syn_n50_k05_cluster_corr_skewed_high_vol_r01_s20260632,3,theta_159,1.07939152009559,0.01619007468880013,0.8941666666666668,0.0362827875247677,1.2170560370760828,4.4501066
train,syn_n50_k05_cluster_corr_skewed_high_vol_r01_s20260632,3,theta_164,1.076890039741594,0.017859942235092147,0.8599999999999999,0.03457788212183987,1.2084431233477289,4.425346443333334
train,syn_n50_k05_cluster_corr_skewed_high_vol_r01_s20260632,3,theta_170,1.076890039741594,0.017859942235092147,0.8599999999999999,0.03457788212183987,1.2084431233477289,5.077071506666666
train,syn_n50_k05_cluster_corr_skewed_high_vol_r01_s20260632,3,theta_175,1.076890039741594,0.017859942235092147,0.8599999999999999,0.03457788212183987,1.2084431233477289,5.191484346666667
train,syn_n50_k05_cluster_corr_skewed_high_vol_r01_s20260632,3,theta_189,1.076890039741594,0.017859942235092147,0.8599999999999999,0.03457788212183987,1.2084431233477289,11.466977750000002
train,syn_n50_k05_cluster_corr_skewed_high_vol_r01_s20260632,3,theta_200,1.0686606038593476,0.02538973974054489,0.8269444444444446,0.04468120707489162,1.2011189692168378,11.688774096666668
train,syn_n50_k05_cluster_corr_skewed_high_vol_r01_s20260632,3,theta_223,1.078025212700517,0.01751875902619578,0.8766666666666666,0.031894722026713826,1.2125889369831846,11.760429816666669
train,syn_n50_k05_cluster_corr_skewed_high_vol_r01_s20260632,3,theta_234,1.078025212700517,0.01751875902619578,0.8766666666666666,0.031894722026713826,1.2125889369831846,13.594611539999999
train,syn_n50_k05_cluster_corr_skewed_high_vol_r01_s20260632,3,theta_237,1.078025212700517,0.01751875902619578,0.8766666666666666,0.031894722026713826,1.2125889369831846,4.7771626766666655
train,syn_n50_k05_high_corr_heavy_tail_extreme_events_r01_s20260630,3,theta_011,1.1285833224395805,0.06685161688138055,0.8183333333333334,0.09722834475381141,1.2372600347789164,3.145766696666667
train,syn_n50_k05_high_corr_heavy_tail_extreme_events_r01_s20260630,3,theta_034,1.1313391402583541,0.05495941422846975,0.8600000000000001,0.08065390416634916,1.2595035257427443,3.9768745000000005
train,syn_n50_k05_high_corr_heavy_tail_extreme_events_r01_s20260630,3,theta_037,1.1313391402583541,0.05495941422846975,0.8600000000000001,0.08065390416634916,1.2595035257427443,4.454858063333334
train,syn_n50_k05_high_corr_heavy_tail_extreme_events_r01_s20260630,3,theta_045,1.1313391402583541,0.05495941422846975,0.8600000000000001,0.08065390416634916,1.2595035257427443,4.38066512
train,syn_n50_k05_high_corr_heavy_tail_extreme_events_r01_s20260630,3,theta_047,1.1313391402583541,0.05495941422846975,0.8600000000000001,0.08065390416634916,1.2595035257427443,5.986672923333332
train,syn_n50_k05_high_corr_heavy_tail_extreme_events_r01_s20260630,3,theta_067,1.1336033206175626,0.037106026726867684,0.8936111111111112,0.0518080176600536,1.2799062925212288,4.683934316666667
train,syn_n50_k05_high_corr_heavy_tail_extreme_events_r01_s20260630,3,theta_076,1.1336033206175626,0.037106026726867684,0.8936111111111112,0.0518080176600536,1.2799062925212288,4.799347569999998
train,syn_n50_k05_high_corr_heavy_tail_extreme_events_r01_s20260630,3,theta_078,1.1336033206175626,0.037106026726867684,0.8936111111111112,0.0518080176600536,1.2799062925212288,4.60188646
train,syn_n50_k05_high_corr_heavy_tail_extreme_events_r01_s20260630,3,theta_084,1.1298646445745482,0.07459930244614395,0.8125,0.11150641759532763,1.2087207637141633,5.326201433333333
train,syn_n50_k05_high_corr_heavy_tail_extreme_events_r01_s20260630,3,theta_086,1.1298646445745482,0.07459930244614395,0.8125,0.11150641759532763,1.2087207637141633,4.823798829999999
train,syn_n50_k05_high_corr_heavy_tail_extreme_events_r01_s20260630,3,theta_089,1.1298646445745482,0.07459930244614395,0.8125,0.11150641759532763,1.2087207637141633,4.932254816666668
train,syn_n50_k05_high_corr_heavy_tail_extreme_events_r01_s20260630,3,theta_118,1.1354931062327096,0.04316610143386603,0.9022222222222224,0.0667641093787985,1.266465775882093,4.895813323333333
train,syn_n50_k05_high_corr_heavy_tail_extreme_events_r01_s20260630,3,theta_131,1.1354931062327096,0.04316610143386603,0.9022222222222224,0.0667641093787985,1.266465775882093,4.96106456
train,syn_n50_k05_high_corr_heavy_tail_extreme_events_r01_s20260630,3,theta_132,1.1354931062327096,0.04316610143386603,0.9022222222222224,0.0667641093787985,1.266465775882093,4.918297793333334
train,syn_n50_k05_high_corr_heavy_tail_extreme_events_r01_s20260630,3,theta_144,1.1325728507082664,0.06300397871493373,0.8463888888888891,0.09738754986652372,1.2410353771305604,4.157095590000001
train,syn_n50_k05_high_corr_heavy_tail_extreme_events_r01_s20260630,3,theta_159,1.1325728507082664,0.06300397871493373,0.8463888888888891,0.09738754986652372,1.2410353771305604,4.48862346
train,syn_n50_k05_high_corr_heavy_tail_extreme_events_r01_s20260630,3,theta_164,1.126813374843362,0.05029525005137672,0.7947222222222224,0.08574878254157801,1.2863393552381877,4.5146242333333335
train,syn_n50_k05_high_corr_heavy_tail_extreme_events_r01_s20260630,3,theta_170,1.126813374843362,0.05029525005137672,0.7947222222222224,0.08574878254157801,1.2863393552381877,5.0522541866666675
train,syn_n50_k05_high_corr_heavy_tail_extreme_events_r01_s20260630,3,theta_175,1.126813374843362,0.05029525005137672,0.7947222222222224,0.08574878254157801,1.2863393552381877,5.110396456666667
train,syn_n50_k05_high_corr_heavy_tail_extreme_events_r01_s20260630,3,theta_189,1.126813374843362,0.05029525005137672,0.7947222222222224,0.08574878254157801,1.2863393552381877,12.052612606666665
train,syn_n50_k05_high_corr_heavy_tail_extreme_events_r01_s20260630,3,theta_200,1.1337486173811064,0.05281921199884338,0.8825000000000001,0.07980214319015502,1.2341020279788957,11.714379106666664
train,syn_n50_k05_high_corr_heavy_tail_extreme_events_r01_s20260630,3,theta_223,1.1337822470710741,0.052507509420791694,0.8825000000000001,0.07930522296849117,1.2498363649692763,12.39633256
train,syn_n50_k05_high_corr_heavy_tail_extreme_events_r01_s20260630,3,theta_234,1.1337822470710741,0.052507509420791694,0.8825000000000001,0.07930522296849117,1.2498363649692763,17.607993976666666
train,syn_n50_k05_high_corr_heavy_tail_extreme_events_r01_s20260630,3,theta_237,1.1337822470710741,0.052507509420791694,0.8825000000000001,0.07930522296849117,1.2498363649692763,4.791867523333335
train,syn_n50_k05_low_corr_heavy_tail_high_vol_r03_s20260631,3,theta_011,1.015029286201208,0.008065370606583607,0.9175,0.01818638072398929,1.2994081652559035,2.786983223333334
train,syn_n50_k05_low_corr_heavy_tail_high_vol_r03_s20260631,3,theta_034,1.0128060230570184,0.008918193681120732,0.9044444444444445,0.017887733064147742,1.3134352403036473,3.4710487466666664
train,syn_n50_k05_low_corr_heavy_tail_high_vol_r03_s20260631,3,theta_037,1.0128060230570184,0.008918193681120732,0.9044444444444445,0.017887733064147742,1.3134352403036473,3.964740986666667
train,syn_n50_k05_low_corr_heavy_tail_high_vol_r03_s20260631,3,theta_045,1.0128060230570184,0.008918193681120732,0.9044444444444445,0.017887733064147742,1.3134352403036473,4.021006123333333
train,syn_n50_k05_low_corr_heavy_tail_high_vol_r03_s20260631,3,theta_047,1.0128060230570184,0.008918193681120732,0.9044444444444445,0.017887733064147742,1.3134352403036473,7.2821755900000005
train,syn_n50_k05_low_corr_heavy_tail_high_vol_r03_s20260631,3,theta_067,1.011210576332275,0.009712091235456004,0.8805555555555558,0.01939740621112814,1.3052037565164483,4.357455673333334
train,syn_n50_k05_low_corr_heavy_tail_high_vol_r03_s20260631,3,theta_076,1.011210576332275,0.009712091235456004,0.8805555555555558,0.01939740621112814,1.3052037565164483,4.4899021633333325
train,syn_n50_k05_low_corr_heavy_tail_high_vol_r03_s20260631,3,theta_078,1.011210576332275,0.009712091235456004,0.8805555555555558,0.01939740621112814,1.3052037565164483,4.3039457400000005
train,syn_n50_k05_low_corr_heavy_tail_high_vol_r03_s20260631,3,theta_084,1.0090483326579625,0.011075967953113563,0.8477777777777777,0.01752485882687271,1.3081994652455615,4.168405506666667
train,syn_n50_k05_low_corr_heavy_tail_high_vol_r03_s20260631,3,theta_086,1.0090483326579625,0.011075967953113563,0.8477777777777777,0.01752485882687271,1.3081994652455615,4.5453387733333335
train,syn_n50_k05_low_corr_heavy_tail_high_vol_r03_s20260631,3,theta_089,1.0090483326579625,0.011075967953113563,0.8477777777777777,0.01752485882687271,1.3081994652455615,4.579604326666666
train,syn_n50_k05_low_corr_heavy_tail_high_vol_r03_s20260631,3,theta_118,1.0109032311332933,0.009961750162440663,0.8819444444444445,0.017430748616682687,1.3112798135598858,4.467706793333333
train,syn_n50_k05_low_corr_heavy_tail_high_vol_r03_s20260631,3,theta_131,1.0109032311332933,0.009961750162440663,0.8819444444444445,0.017430748616682687,1.3112798135598858,4.582200369999999
train,syn_n50_k05_low_corr_heavy_tail_high_vol_r03_s20260631,3,theta_132,1.0109032311332933,0.009961750162440663,0.8819444444444445,0.017430748616682687,1.3112798135598858,4.673607763333334
train,syn_n50_k05_low_corr_heavy_tail_high_vol_r03_s20260631,3,theta_144,1.0128136509151726,0.008963521563775449,0.8991666666666667,0.02093293167006464,1.2960536400799816,3.71864259
train,syn_n50_k05_low_corr_heavy_tail_high_vol_r03_s20260631,3,theta_159,1.0128136509151726,0.008963521563775449,0.8991666666666667,0.02093293167006464,1.2960536400799816,4.30824237
train,syn_n50_k05_low_corr_heavy_tail_high_vol_r03_s20260631,3,theta_164,1.0071955870422509,0.011973926489342928,0.8211111111111112,0.02138169908999846,1.2995998015711372,4.158469133333333
train,syn_n50_k05_low_corr_heavy_tail_high_vol_r03_s20260631,3,theta_170,1.0071955870422509,0.011973926489342928,0.8211111111111112,0.02138169908999846,1.2995998015711372,4.704277763333334
train,syn_n50_k05_low_corr_heavy_tail_high_vol_r03_s20260631,3,theta_175,1.0071955870422509,0.011973926489342928,0.8211111111111112,0.02138169908999846,1.2995998015711372,4.743282386666667
train,syn_n50_k05_low_corr_heavy_tail_high_vol_r03_s20260631,3,theta_189,1.0071955870422509,0.011973926489342928,0.8211111111111112,0.02138169908999846,1.2995998015711372,11.028892130000001
train,syn_n50_k05_low_corr_heavy_tail_high_vol_r03_s20260631,3,theta_200,1.0097260911463832,0.010435328900493927,0.8572222222222223,0.020453064302792968,1.310646832110688,10.716186456666666
train,syn_n50_k05_low_corr_heavy_tail_high_vol_r03_s20260631,3,theta_223,1.0057521268798815,0.012363995265620226,0.8222222222222223,0.017478436622191774,1.307976587270058,11.791621899999999
train,syn_n50_k05_low_corr_heavy_tail_high_vol_r03_s20260631,3,theta_234,1.0057521268798815,0.012363995265620226,0.8222222222222223,0.017478436622191774,1.307976587270058,13.710255743333331
train,syn_n50_k05_low_corr_heavy_tail_high_vol_r03_s20260631,3,theta_237,1.0057521268798815,0.012363995265620226,0.8222222222222223,0.017478436622191774,1.307976587270058,4.53001421
train,syn_n50_k05_low_corr_normal_low_vol_r01_s20260629,3,theta_011,1.1567443185168285,0.015907917059606074,0.8633333333333335,0.03340617484387585,1.239650290276006,2.881385039999999
train,syn_n50_k05_low_corr_normal_low_vol_r01_s20260629,3,theta_034,1.1558304142315672,0.019748630464784447,0.8286111111111112,0.03714607645582091,1.209058397245382,3.6430737700000004
train,syn_n50_k05_low_corr_normal_low_vol_r01_s20260629,3,theta_037,1.1558304142315672,0.019748630464784447,0.8286111111111112,0.03714607645582091,1.209058397245382,4.119923233333333
train,syn_n50_k05_low_corr_normal_low_vol_r01_s20260629,3,theta_045,1.1558304142315672,0.019748630464784447,0.8286111111111112,0.03714607645582091,1.209058397245382,4.0896551400000005
train,syn_n50_k05_low_corr_normal_low_vol_r01_s20260629,3,theta_047,1.1558304142315672,0.019748630464784447,0.8286111111111112,0.03714607645582091,1.209058397245382,9.1403673
train,syn_n50_k05_low_corr_normal_low_vol_r01_s20260629,3,theta_067,1.1558668342455551,0.01770955588131987,0.8469444444444444,0.033747771342720494,1.206641784689724,4.20450116
train,syn_n50_k05_low_corr_normal_low_vol_r01_s20260629,3,theta_076,1.1558668342455551,0.01770955588131987,0.8469444444444444,0.033747771342720494,1.206641784689724,4.48711626
train,syn_n50_k05_low_corr_normal_low_vol_r01_s20260629,3,theta_078,1.1558668342455551,0.01770955588131987,0.8469444444444444,0.033747771342720494,1.206641784689724,4.581162393333333
train,syn_n50_k05_low_corr_normal_low_vol_r01_s20260629,3,theta_084,1.1550221947230037,0.01930965063280066,0.8291666666666667,0.030556556907115125,1.2379291920396254,4.3508441866666665
train,syn_n50_k05_low_corr_normal_low_vol_r01_s20260629,3,theta_086,1.1550221947230037,0.01930965063280066,0.8291666666666667,0.030556556907115125,1.2379291920396254,4.645767983333333
train,syn_n50_k05_low_corr_normal_low_vol_r01_s20260629,3,theta_089,1.1550221947230037,0.01930965063280066,0.8291666666666667,0.030556556907115125,1.2379291920396254,4.684731506666666
train,syn_n50_k05_low_corr_normal_low_vol_r01_s20260629,3,theta_118,1.1541142059756169,0.02074187207933329,0.8041666666666667,0.037804238563656584,1.236856262691572,4.537534766666666
train,syn_n50_k05_low_corr_normal_low_vol_r01_s20260629,3,theta_131,1.1541142059756169,0.02074187207933329,0.8041666666666667,0.037804238563656584,1.236856262691572,4.590505583333334
train,syn_n50_k05_low_corr_normal_low_vol_r01_s20260629,3,theta_132,1.1541142059756169,0.02074187207933329,0.8041666666666667,0.037804238563656584,1.236856262691572,4.679887730000001
train,syn_n50_k05_low_corr_normal_low_vol_r01_s20260629,3,theta_144,1.1564397803875999,0.01829326816762195,0.8447222222222223,0.032551693870289944,1.2173137299434984,3.768417510000001
train,syn_n50_k05_low_corr_normal_low_vol_r01_s20260629,3,theta_159,1.1564397803875999,0.01829326816762195,0.8447222222222223,0.032551693870289944,1.2173137299434984,4.307670996666667
train,syn_n50_k05_low_corr_normal_low_vol_r01_s20260629,3,theta_164,1.1456580525876248,0.0267027995024955,0.7077777777777778,0.03844774572208098,1.2222307383710096,4.316260086666667
train,syn_n50_k05_low_corr_normal_low_vol_r01_s20260629,3,theta_170,1.1456580525876248,0.0267027995024955,0.7077777777777778,0.03844774572208098,1.2222307383710096,4.812763296666668
train,syn_n50_k05_low_corr_normal_low_vol_r01_s20260629,3,theta_175,1.1456580525876248,0.0267027995024955,0.7077777777777778,0.03844774572208098,1.2222307383710096,4.698130269999999
train,syn_n50_k05_low_corr_normal_low_vol_r01_s20260629,3,theta_189,1.1456580525876248,0.0267027995024955,0.7077777777777778,0.03844774572208098,1.2222307383710096,11.451967376666666
train,syn_n50_k05_low_corr_normal_low_vol_r01_s20260629,3,theta_200,1.1568385704289605,0.01690440081086517,0.8580555555555556,0.038694192540283584,1.2074851152328352,11.200651473333334
train,syn_n50_k05_low_corr_normal_low_vol_r01_s20260629,3,theta_223,1.1556951203628216,0.017144174508385342,0.8555555555555557,0.03208024526865961,1.222384057617536,11.941999363333334
train,syn_n50_k05_low_corr_normal_low_vol_r01_s20260629,3,theta_234,1.1556951203628216,0.017144174508385342,0.8555555555555557,0.03208024526865961,1.222384057617536,13.943784200000003
train,syn_n50_k05_low_corr_normal_low_vol_r01_s20260629,3,theta_237,1.1556951203628216,0.017144174508385342,0.8555555555555557,0.03208024526865961,1.222384057617536,4.6489409833333335
train,syn_n50_k05_low_corr_skewed_extreme_events_r02_s20260627,3,theta_011,1.06066944734934,0.011237772970202873,0.9361111111111112,0.021883842121000897,1.2589013648627592,3.058540256666667
train,syn_n50_k05_low_corr_skewed_extreme_events_r02_s20260627,3,theta_034,1.0595683423911866,0.011723599184684864,0.9197222222222222,0.02156083465254164,1.2678481803775912,3.8183703999999996
train,syn_n50_k05_low_corr_skewed_extreme_events_r02_s20260627,3,theta_037,1.0595683423911866,0.011723599184684864,0.9197222222222222,0.02156083465254164,1.2678481803775912,4.208126056666667
train,syn_n50_k05_low_corr_skewed_extreme_events_r02_s20260627,3,theta_045,1.0595683423911866,0.011723599184684864,0.9197222222222222,0.02156083465254164,1.2678481803775912,4.278624186666667
train,syn_n50_k05_low_corr_skewed_extreme_events_r02_s20260627,3,theta_047,1.0595683423911866,0.011723599184684864,0.9197222222222222,0.02156083465254164,1.2678481803775912,6.478544683333334
train,syn_n50_k05_low_corr_skewed_extreme_events_r02_s20260627,3,theta_067,1.0611031744664297,0.010678903095249213,0.9511111111111112,0.0206905558011018,1.2670682013063426,4.6823660233333335
train,syn_n50_k05_low_corr_skewed_extreme_events_r02_s20260627,3,theta_076,1.0611031744664297,0.010678903095249213,0.9511111111111112,0.0206905558011018,1.2670682013063426,4.61110894
train,syn_n50_k05_low_corr_skewed_extreme_events_r02_s20260627,3,theta_078,1.0611031744664297,0.010678903095249213,0.9511111111111112,0.0206905558011018,1.2670682013063426,4.5803739199999995
train,syn_n50_k05_low_corr_skewed_extreme_events_r02_s20260627,3,theta_084,1.0618504231406132,0.00819350700078895,0.9224999999999999,0.01868631263621286,1.2594198344799976,4.050309376666666
train,syn_n50_k05_low_corr_skewed_extreme_events_r02_s20260627,3,theta_086,1.0618504231406132,0.00819350700078895,0.9224999999999999,0.01868631263621286,1.2594198344799976,4.106991066666668
train,syn_n50_k05_low_corr_skewed_extreme_events_r02_s20260627,3,theta_089,1.0618504231406132,0.00819350700078895,0.9224999999999999,0.01868631263621286,1.2594198344799976,4.690563643333334
train,syn_n50_k05_low_corr_skewed_extreme_events_r02_s20260627,3,theta_118,1.064435843385137,0.006361859338143916,0.9608333333333333,0.01689201270632231,1.2657357448063407,4.778342946666666
train,syn_n50_k05_low_corr_skewed_extreme_events_r02_s20260627,3,theta_131,1.064435843385137,0.006361859338143916,0.9608333333333333,0.01689201270632231,1.2657357448063407,4.795190160000001
train,syn_n50_k05_low_corr_skewed_extreme_events_r02_s20260627,3,theta_132,1.064435843385137,0.006361859338143916,0.9608333333333333,0.01689201270632231,1.2657357448063407,5.00259327
train,syn_n50_k05_low_corr_skewed_extreme_events_r02_s20260627,3,theta_144,1.0562872261691592,0.013073404722541883,0.9008333333333334,0.024783215021344476,1.2596513912246583,3.880881956666667
train,syn_n50_k05_low_corr_skewed_extreme_events_r02_s20260627,3,theta_159,1.0562872261691592,0.013073404722541883,0.9008333333333334,0.024783215021344476,1.2596513912246583,4.38323126
train,syn_n50_k05_low_corr_skewed_extreme_events_r02_s20260627,3,theta_164,1.056472949911906,0.01175548830300573,0.8377777777777777,0.023344728284370727,1.258445023999575,4.407595630000001
train,syn_n50_k05_low_corr_skewed_extreme_events_r02_s20260627,3,theta_170,1.056472949911906,0.01175548830300573,0.8377777777777777,0.023344728284370727,1.258445023999575,5.03202719
train,syn_n50_k05_low_corr_skewed_extreme_events_r02_s20260627,3,theta_175,1.056472949911906,0.01175548830300573,0.8377777777777777,0.023344728284370727,1.258445023999575,4.710151846666665
train,syn_n50_k05_low_corr_skewed_extreme_events_r02_s20260627,3,theta_189,1.056472949911906,0.01175548830300573,0.8377777777777777,0.023344728284370727,1.258445023999575,11.642884196666667
train,syn_n50_k05_low_corr_skewed_extreme_events_r02_s20260627,3,theta_200,1.0663410962013766,0.005716760558437704,0.982777777777778,0.02063897032388373,1.260548587090306,11.912464026666669
train,syn_n50_k05_low_corr_skewed_extreme_events_r02_s20260627,3,theta_223,1.0565819553950893,0.013387336974577774,0.88,0.02315269455315875,1.2621928423837407,12.454714079999999
train,syn_n50_k05_low_corr_skewed_extreme_events_r02_s20260627,3,theta_234,1.0565819553950893,0.013387336974577774,0.88,0.02315269455315875,1.2621928423837407,13.639825796666665
train,syn_n50_k05_low_corr_skewed_extreme_events_r02_s20260627,3,theta_237,1.0565819553950893,0.013387336974577774,0.88,0.02315269455315875,1.2621928423837407,4.890744003333334
train,syn_n50_k05_pathological_cov_normal_extreme_events_r02_s20260628,3,theta_011,1.0671557060545054,0.022857038921975815,0.9016666666666666,0.06662845922835656,1.324834435288589,3.307404796666667
train,syn_n50_k05_pathological_cov_normal_extreme_events_r02_s20260628,3,theta_034,1.067991730626315,0.022843030104929822,0.9150000000000001,0.0689043589227631,1.3149034211680886,4.02088816
train,syn_n50_k05_pathological_cov_normal_extreme_events_r02_s20260628,3,theta_037,1.067991730626315,0.022843030104929822,0.9150000000000001,0.0689043589227631,1.3149034211680886,4.324962656666667
train,syn_n50_k05_pathological_cov_normal_extreme_events_r02_s20260628,3,theta_045,1.067991730626315,0.022843030104929822,0.9150000000000001,0.0689043589227631,1.3149034211680886,4.38340463
train,syn_n50_k05_pathological_cov_normal_extreme_events_r02_s20260628,3,theta_047,1.067991730626315,0.022843030104929822,0.9150000000000001,0.0689043589227631,1.3149034211680886,11.533607656666668
train,syn_n50_k05_pathological_cov_normal_extreme_events_r02_s20260628,3,theta_067,1.0671569158512446,0.015301952001621403,0.9272222222222223,0.047954308330742816,1.3645584917705913,4.707426393333333
train,syn_n50_k05_pathological_cov_normal_extreme_events_r02_s20260628,3,theta_076,1.0671569158512446,0.015301952001621403,0.9272222222222223,0.047954308330742816,1.3645584917705913,4.802413763333334
train,syn_n50_k05_pathological_cov_normal_extreme_events_r02_s20260628,3,theta_078,1.0671569158512446,0.015301952001621403,0.9272222222222223,0.047954308330742816,1.3645584917705913,4.93874364
train,syn_n50_k05_pathological_cov_normal_extreme_events_r02_s20260628,3,theta_084,1.0677239500889293,0.01960035070697348,0.9175000000000001,0.06519048387012301,1.3446964635295902,4.09252287
train,syn_n50_k05_pathological_cov_normal_extreme_events_r02_s20260628,3,theta_086,1.0677239500889293,0.01960035070697348,0.9175000000000001,0.06519048387012301,1.3446964635295902,5.143165716666666
train,syn_n50_k05_pathological_cov_normal_extreme_events_r02_s20260628,3,theta_089,1.0677239500889293,0.01960035070697348,0.9175000000000001,0.06519048387012301,1.3446964635295902,4.832567516666667
train,syn_n50_k05_pathological_cov_normal_extreme_events_r02_s20260628,3,theta_118,1.064188851456078,0.019249680853736406,0.9211111111111112,0.042964548211082386,1.3558985246251707,4.712870260000001
train,syn_n50_k05_pathological_cov_normal_extreme_events_r02_s20260628,3,theta_131,1.064188851456078,0.019249680853736406,0.9211111111111112,0.042964548211082386,1.3558985246251707,4.822486586666667
train,syn_n50_k05_pathological_cov_normal_extreme_events_r02_s20260628,3,theta_132,1.064188851456078,0.019249680853736406,0.9211111111111112,0.042964548211082386,1.3558985246251707,4.944833056666666
train,syn_n50_k05_pathological_cov_normal_extreme_events_r02_s20260628,3,theta_144,1.066749945471508,0.018434429034821058,0.9113888888888888,0.05244713151749188,1.3446964635295902,4.048463363333334
train,syn_n50_k05_pathological_cov_normal_extreme_events_r02_s20260628,3,theta_159,1.066749945471508,0.018434429034821058,0.9113888888888888,0.05244713151749188,1.3446964635295902,4.662518333333334
train,syn_n50_k05_pathological_cov_normal_extreme_events_r02_s20260628,3,theta_164,1.0646174759137206,0.021695781938658624,0.8577777777777779,0.06426702439186859,1.340458361451995,5.1597965566666675
train,syn_n50_k05_pathological_cov_normal_extreme_events_r02_s20260628,3,theta_170,1.0646174759137206,0.021695781938658624,0.8577777777777779,0.06426702439186859,1.340458361451995,5.416818700000002
train,syn_n50_k05_pathological_cov_normal_extreme_events_r02_s20260628,3,theta_175,1.0646174759137206,0.021695781938658624,0.8577777777777779,0.06426702439186859,1.340458361451995,5.177205243333333
train,syn_n50_k05_pathological_cov_normal_extreme_events_r02_s20260628,3,theta_189,1.0646174759137206,0.021695781938658624,0.8577777777777779,0.06426702439186859,1.340458361451995,12.111053326666669
train,syn_n50_k05_pathological_cov_normal_extreme_events_r02_s20260628,3,theta_200,1.0646798696987845,0.02591087590129274,0.9005555555555557,0.06744976221340306,1.3161744681431682,11.595168696666665
train,syn_n50_k05_pathological_cov_normal_extreme_events_r02_s20260628,3,theta_223,1.066483377092091,0.01952473720715368,0.911388888888889,0.06263745482180394,1.3378455133316822,12.322717073333333
train,syn_n50_k05_pathological_cov_normal_extreme_events_r02_s20260628,3,theta_234,1.066483377092091,0.01952473720715368,0.911388888888889,0.06263745482180394,1.3378455133316822,5.894078046666667
train,syn_n50_k05_pathological_cov_normal_extreme_events_r02_s20260628,3,theta_237,1.066483377092091,0.01952473720715368,0.911388888888889,0.06263745482180394,1.3378455133316822,4.9752986366666665
train,syn_n50_k05_pathological_cov_skewed_high_vol_r03_s20260633,3,theta_011,0.897665175492002,0.006160730604018688,0.9708333333333331,0.019175251386410196,1.2751258834491532,3.2768412499999995
train,syn_n50_k05_pathological_cov_skewed_high_vol_r03_s20260633,3,theta_034,0.8974170390569375,0.005901991409843575,0.9833333333333333,0.014051645054928653,1.3005627542561224,3.815450773333333
train,syn_n50_k05_pathological_cov_skewed_high_vol_r03_s20260633,3,theta_037,0.8974170390569375,0.005901991409843575,0.9833333333333333,0.014051645054928653,1.3005627542561224,4.260929756666666
train,syn_n50_k05_pathological_cov_skewed_high_vol_r03_s20260633,3,theta_045,0.8974170390569375,0.005901991409843575,0.9833333333333333,0.014051645054928653,1.3005627542561224,4.299002003333333
train,syn_n50_k05_pathological_cov_skewed_high_vol_r03_s20260633,3,theta_047,0.8974170390569375,0.005901991409843575,0.9833333333333333,0.014051645054928653,1.3005627542561224,8.739108006666667
train,syn_n50_k05_pathological_cov_skewed_high_vol_r03_s20260633,3,theta_067,0.8963078493208259,0.007374129178129857,0.9636111111111111,0.02120889766061165,1.283788571862591,4.524875926666667
train,syn_n50_k05_pathological_cov_skewed_high_vol_r03_s20260633,3,theta_076,0.8963078493208259,0.007374129178129857,0.9636111111111111,0.02120889766061165,1.283788571862591,4.703114673333333
train,syn_n50_k05_pathological_cov_skewed_high_vol_r03_s20260633,3,theta_078,0.8963078493208259,0.007374129178129857,0.9636111111111111,0.02120889766061165,1.283788571862591,4.731658236666666
train,syn_n50_k05_pathological_cov_skewed_high_vol_r03_s20260633,3,theta_084,0.8958992693882853,0.007714967297775584,0.9583333333333333,0.02436250733926322,1.2701629434176884,5.28893056
train,syn_n50_k05_pathological_cov_skewed_high_vol_r03_s20260633,3,theta_086,0.8958992693882853,0.007714967297775584,0.9583333333333333,0.02436250733926322,1.2701629434176884,5.183324693333333
train,syn_n50_k05_pathological_cov_skewed_high_vol_r03_s20260633,3,theta_089,0.8958992693882853,0.007714967297775584,0.9583333333333333,0.02436250733926322,1.2701629434176884,4.906361556666668
train,syn_n50_k05_pathological_cov_skewed_high_vol_r03_s20260633,3,theta_118,0.8968173487844237,0.00729122829666628,0.9666666666666666,0.01728863506191988,1.2863369942914011,4.645121123333333
train,syn_n50_k05_pathological_cov_skewed_high_vol_r03_s20260633,3,theta_131,0.8968173487844237,0.00729122829666628,0.9666666666666666,0.01728863506191988,1.2863369942914011,4.814283886666668
train,syn_n50_k05_pathological_cov_skewed_high_vol_r03_s20260633,3,theta_132,0.8968173487844237,0.00729122829666628,0.9666666666666666,0.01728863506191988,1.2863369942914011,4.853920336666667
train,syn_n50_k05_pathological_cov_skewed_high_vol_r03_s20260633,3,theta_144,0.8969783185011256,0.006427424205534992,0.9766666666666666,0.022364510714117842,1.2863421309681418,4.062105679999999
train,syn_n50_k05_pathological_cov_skewed_high_vol_r03_s20260633,3,theta_159,0.8969783185011256,0.006427424205534992,0.9766666666666666,0.022364510714117842,1.2863421309681418,4.535278883333333
train,syn_n50_k05_pathological_cov_skewed_high_vol_r03_s20260633,3,theta_164,0.8948225681441413,0.009132360457985603,0.9472222222222222,0.025385689104183897,1.2756421512643648,5.172024333333334
train,syn_n50_k05_pathological_cov_skewed_high_vol_r03_s20260633,3,theta_170,0.8948225681441413,0.009132360457985603,0.9472222222222222,0.025385689104183897,1.2756421512643648,5.652659476666666
train,syn_n50_k05_pathological_cov_skewed_high_vol_r03_s20260633,3,theta_175,0.8948225681441413,0.009132360457985603,0.9472222222222222,0.025385689104183897,1.2756421512643648,5.145328186666666
train,syn_n50_k05_pathological_cov_skewed_high_vol_r03_s20260633,3,theta_189,0.8948225681441413,0.009132360457985603,0.9472222222222222,0.025385689104183897,1.2756421512643648,12.301757833333333
train,syn_n50_k05_pathological_cov_skewed_high_vol_r03_s20260633,3,theta_200,0.8962491546729814,0.007532451094383866,0.9638888888888888,0.026281503221156702,1.2794000676271915,11.532742273333334
train,syn_n50_k05_pathological_cov_skewed_high_vol_r03_s20260633,3,theta_223,0.8960292217386758,0.007564020070058375,0.9624999999999999,0.02757932819540822,1.2778985687516955,12.123998870000001
train,syn_n50_k05_pathological_cov_skewed_high_vol_r03_s20260633,3,theta_234,0.8960292217386758,0.007564020070058375,0.9624999999999999,0.02757932819540822,1.2778985687516955,5.139952916666666
train,syn_n50_k05_pathological_cov_skewed_high_vol_r03_s20260633,3,theta_237,0.8960292217386758,0.007564020070058375,0.9624999999999999,0.02757932819540822,1.2778985687516955,4.91259024
train,syn_n50_k10_cluster_corr_mixed_extreme_events_r03_s20260640,5,theta_011,1.0094417557691446,0.006249732183565737,0.9838888888888891,0.01570837026157505,1.3231955760041352,2.2497891100000005
train,syn_n50_k10_cluster_corr_mixed_extreme_events_r03_s20260640,5,theta_034,1.0077775497221417,0.0066536028840494576,0.976388888888889,0.020174010750996573,1.3266911534924022,2.9095430500000004
train,syn_n50_k10_cluster_corr_mixed_extreme_events_r03_s20260640,5,theta_037,1.0077775497221417,0.0066536028840494576,0.976388888888889,0.020174010750996573,1.3266911534924022,3.4656173533333337
train,syn_n50_k10_cluster_corr_mixed_extreme_events_r03_s20260640,5,theta_045,1.0077775497221417,0.0066536028840494576,0.976388888888889,0.020174010750996573,1.3266911534924022,3.3939483666666663
train,syn_n50_k10_cluster_corr_mixed_extreme_events_r03_s20260640,5,theta_047,1.0077775497221417,0.0066536028840494576,0.976388888888889,0.020174010750996573,1.3266911534924022,4.660741333333334
train,syn_n50_k10_cluster_corr_mixed_extreme_events_r03_s20260640,5,theta_067,1.0091271906796122,0.006171131623269867,0.986388888888889,0.014264442194874551,1.3397805873169193,3.6646824
train,syn_n50_k10_cluster_corr_mixed_extreme_events_r03_s20260640,5,theta_076,1.0091271906796122,0.006171131623269867,0.986388888888889,0.014264442194874551,1.3397805873169193,3.7994470933333337
train,syn_n50_k10_cluster_corr_mixed_extreme_events_r03_s20260640,5,theta_078,1.0091271906796122,0.006171131623269867,0.986388888888889,0.014264442194874551,1.3397805873169193,3.7912935466666666
train,syn_n50_k10_cluster_corr_mixed_extreme_events_r03_s20260640,5,theta_084,1.0083873816939957,0.006659118810860319,0.9733333333333333,0.017581953738561227,1.3341346175213955,3.238544183333333
train,syn_n50_k10_cluster_corr_mixed_extreme_events_r03_s20260640,5,theta_086,1.0083873816939957,0.006659118810860319,0.9733333333333333,0.017581953738561227,1.3341346175213955,5.761751876666667
train,syn_n50_k10_cluster_corr_mixed_extreme_events_r03_s20260640,5,theta_089,1.0083873816939957,0.006659118810860319,0.9733333333333333,0.017581953738561227,1.3341346175213955,4.170299300000001
train,syn_n50_k10_cluster_corr_mixed_extreme_events_r03_s20260640,5,theta_118,1.0075752522525554,0.006716473977900273,0.9761111111111113,0.018861121180019376,1.3354172127925525,3.883750016666667
train,syn_n50_k10_cluster_corr_mixed_extreme_events_r03_s20260640,5,theta_131,1.0075752522525554,0.006716473977900273,0.9761111111111113,0.018861121180019376,1.3354172127925525,3.876163226666667
train,syn_n50_k10_cluster_corr_mixed_extreme_events_r03_s20260640,5,theta_132,1.0075752522525554,0.006716473977900273,0.9761111111111113,0.018861121180019376,1.3354172127925525,3.925539286666667
train,syn_n50_k10_cluster_corr_mixed_extreme_events_r03_s20260640,5,theta_144,1.0073463228496602,0.007205195620141487,0.9638888888888889,0.019208039026594407,1.3344636010548745,2.5370150033333334
train,syn_n50_k10_cluster_corr_mixed_extreme_events_r03_s20260640,5,theta_159,1.0073463228496602,0.007205195620141487,0.9638888888888889,0.019208039026594407,1.3344636010548745,3.6664443533333335
train,syn_n50_k10_cluster_corr_mixed_extreme_events_r03_s20260640,5,theta_164,1.0059991555348788,0.007591244411334994,0.9597222222222223,0.016098763007907867,1.3232239127933343,3.8498238033333334
train,syn_n50_k10_cluster_corr_mixed_extreme_events_r03_s20260640,5,theta_170,1.0059991555348788,0.007591244411334994,0.9597222222222223,0.016098763007907867,1.3232239127933343,4.292343493333333
train,syn_n50_k10_cluster_corr_mixed_extreme_events_r03_s20260640,5,theta_175,1.0059991555348788,0.007591244411334994,0.9597222222222223,0.016098763007907867,1.3232239127933343,4.0725747766666665
train,syn_n50_k10_cluster_corr_mixed_extreme_events_r03_s20260640,5,theta_189,1.0059991555348788,0.007591244411334994,0.9597222222222223,0.016098763007907867,1.3232239127933343,9.860335100000002
train,syn_n50_k10_cluster_corr_mixed_extreme_events_r03_s20260640,5,theta_200,1.0073624289949012,0.006665913936922603,0.9791666666666667,0.014175888251702308,1.3344542522155007,9.382050130000001
train,syn_n50_k10_cluster_corr_mixed_extreme_events_r03_s20260640,5,theta_223,1.0074522305731646,0.0068194960542493676,0.9761111111111112,0.01824274263632023,1.3349535998195816,9.42838448
train,syn_n50_k10_cluster_corr_mixed_extreme_events_r03_s20260640,5,theta_234,1.0074522305731646,0.0068194960542493676,0.9761111111111112,0.01824274263632023,1.3349535998195816,3.9497486066666663
train,syn_n50_k10_cluster_corr_mixed_extreme_events_r03_s20260640,5,theta_237,1.0074522305731646,0.0068194960542493676,0.9761111111111112,0.01824274263632023,1.3349535998195816,3.8980427600000005
train,syn_n50_k10_high_corr_heavy_tail_extreme_events_r01_s20260645,5,theta_011,0.9875859521748741,0.004499535555685472,0.9983333333333334,0.01535122437849125,1.226382857967063,2.7142619233333334
train,syn_n50_k10_high_corr_heavy_tail_extreme_events_r01_s20260645,5,theta_034,0.9868176294865179,0.005209816931496945,0.9788888888888889,0.015057223741928968,1.22683985904892,3.358641926666666
train,syn_n50_k10_high_corr_heavy_tail_extreme_events_r01_s20260645,5,theta_037,0.9868176294865179,0.005209816931496945,0.9788888888888889,0.015057223741928968,1.22683985904892,3.8231139433333334
train,syn_n50_k10_high_corr_heavy_tail_extreme_events_r01_s20260645,5,theta_045,0.9868176294865179,0.005209816931496945,0.9788888888888889,0.015057223741928968,1.22683985904892,3.8605846033333333
train,syn_n50_k10_high_corr_heavy_tail_extreme_events_r01_s20260645,5,theta_047,0.9868176294865179,0.005209816931496945,0.9788888888888889,0.015057223741928968,1.22683985904892,3.9898220666666666
train,syn_n50_k10_high_corr_heavy_tail_extreme_events_r01_s20260645,5,theta_067,0.9865162855586166,0.00528010009806541,0.9777777777777779,0.012668567435447503,1.2266572562067595,4.248022633333333
train,syn_n50_k10_high_corr_heavy_tail_extreme_events_r01_s20260645,5,theta_076,0.9865162855586166,0.00528010009806541,0.9777777777777779,0.012668567435447503,1.2266572562067595,4.221346530000001
train,syn_n50_k10_high_corr_heavy_tail_extreme_events_r01_s20260645,5,theta_078,0.9865162855586166,0.00528010009806541,0.9777777777777779,0.012668567435447503,1.2266572562067595,3.90103506
train,syn_n50_k10_high_corr_heavy_tail_extreme_events_r01_s20260645,5,theta_084,0.9876461378070279,0.00455786867269197,0.9986111111111111,0.016195541780006834,1.226572539767374,3.6909875066666666
train,syn_n50_k10_high_corr_heavy_tail_extreme_events_r01_s20260645,5,theta_086,0.9876461378070279,0.00455786867269197,0.9986111111111111,0.016195541780006834,1.226572539767374,6.358112076666668
train,syn_n50_k10_high_corr_heavy_tail_extreme_events_r01_s20260645,5,theta_089,0.9876461378070279,0.00455786867269197,0.9986111111111111,0.016195541780006834,1.226572539767374,4.551998380000001
train,syn_n50_k10_high_corr_heavy_tail_extreme_events_r01_s20260645,5,theta_118,0.9828046698183374,0.008323507298667533,0.9575,0.017785065761896715,1.217304060334913,4.36657157
train,syn_n50_k10_high_corr_heavy_tail_extreme_events_r01_s20260645,5,theta_131,0.9828046698183374,0.008323507298667533,0.9575,0.017785065761896715,1.217304060334913,4.639862186666666
train,syn_n50_k10_high_corr_heavy_tail_extreme_events_r01_s20260645,5,theta_132,0.9828046698183374,0.008323507298667533,0.9575,0.017785065761896715,1.217304060334913,4.52833431
train,syn_n50_k10_high_corr_heavy_tail_extreme_events_r01_s20260645,5,theta_144,0.98743127829538,0.004627291117134081,0.9975,0.01282638967900948,1.226779705513708,3.5438812333333334
train,syn_n50_k10_high_corr_heavy_tail_extreme_events_r01_s20260645,5,theta_159,0.98743127829538,0.004627291117134081,0.9975,0.01282638967900948,1.226779705513708,4.039694296666666
train,syn_n50_k10_high_corr_heavy_tail_extreme_events_r01_s20260645,5,theta_164,0.9855696039202722,0.005855023903518436,0.9833333333333333,0.015047393443242992,1.225231879473316,4.368208163333334
train,syn_n50_k10_high_corr_heavy_tail_extreme_events_r01_s20260645,5,theta_170,0.9855696039202722,0.005855023903518436,0.9833333333333333,0.015047393443242992,1.225231879473316,5.320914639999999
train,syn_n50_k10_high_corr_heavy_tail_extreme_events_r01_s20260645,5,theta_175,0.9855696039202722,0.005855023903518436,0.9833333333333333,0.015047393443242992,1.225231879473316,4.705930066666666
train,syn_n50_k10_high_corr_heavy_tail_extreme_events_r01_s20260645,5,theta_189,0.9855696039202722,0.005855023903518436,0.9833333333333333,0.015047393443242992,1.225231879473316,10.776484329999999
train,syn_n50_k10_high_corr_heavy_tail_extreme_events_r01_s20260645,5,theta_200,0.9845963407702677,0.00724343729508799,0.9708333333333333,0.01763872895859099,1.2216072816462051,10.411778133333335
train,syn_n50_k10_high_corr_heavy_tail_extreme_events_r01_s20260645,5,theta_223,0.9865041559204268,0.005916646044052347,0.9875000000000002,0.015290855774755505,1.2172984318213849,11.062943533333335
train,syn_n50_k10_high_corr_heavy_tail_extreme_events_r01_s20260645,5,theta_234,0.9865041559204268,0.005916646044052347,0.9875000000000002,0.015290855774755505,1.2172984318213849,4.240914953333334
train,syn_n50_k10_high_corr_heavy_tail_extreme_events_r01_s20260645,5,theta_237,0.9865041559204268,0.005916646044052347,0.9875000000000002,0.015290855774755505,1.2172984318213849,4.515205723333334
train,syn_n50_k10_high_corr_mixed_high_vol_r02_s20260639,5,theta_011,1.0369007446500553,0.01104929676351599,0.9580555555555555,0.026264960166602697,1.1873405363609695,2.5325225766666666
train,syn_n50_k10_high_corr_mixed_high_vol_r02_s20260639,5,theta_034,1.035532854315026,0.011475204515601023,0.9480555555555557,0.03222359862566158,1.2091036593526487,3.1908345033333334
train,syn_n50_k10_high_corr_mixed_high_vol_r02_s20260639,5,theta_037,1.035532854315026,0.011475204515601023,0.9480555555555557,0.03222359862566158,1.2091036593526487,3.5542959566666665
train,syn_n50_k10_high_corr_mixed_high_vol_r02_s20260639,5,theta_045,1.035532854315026,0.011475204515601023,0.9480555555555557,0.03222359862566158,1.2091036593526487,3.5919836999999997
train,syn_n50_k10_high_corr_mixed_high_vol_r02_s20260639,5,theta_047,1.035532854315026,0.011475204515601023,0.9480555555555557,0.03222359862566158,1.2091036593526487,3.6953151699999998
train,syn_n50_k10_high_corr_mixed_high_vol_r02_s20260639,5,theta_067,1.0399570559341407,0.005965700712782359,0.9844444444444446,0.017155197752516647,1.22853624420817,3.9573881333333336
train,syn_n50_k10_high_corr_mixed_high_vol_r02_s20260639,5,theta_076,1.0399570559341407,0.005965700712782359,0.9844444444444446,0.017155197752516647,1.22853624420817,4.084431573333333
train,syn_n50_k10_high_corr_mixed_high_vol_r02_s20260639,5,theta_078,1.0399570559341407,0.005965700712782359,0.9844444444444446,0.017155197752516647,1.22853624420817,5.617815093333334
train,syn_n50_k10_high_corr_mixed_high_vol_r02_s20260639,5,theta_084,1.0350942404236954,0.011737650970524118,0.9458333333333333,0.02570627087102698,1.1895696053155627,3.4754347966666663
train,syn_n50_k10_high_corr_mixed_high_vol_r02_s20260639,5,theta_086,1.0350942404236954,0.011737650970524118,0.9458333333333333,0.02570627087102698,1.1895696053155627,6.723762393333334
train,syn_n50_k10_high_corr_mixed_high_vol_r02_s20260639,5,theta_089,1.0350942404236954,0.011737650970524118,0.9458333333333333,0.02570627087102698,1.1895696053155627,4.415895173333334
train,syn_n50_k10_high_corr_mixed_high_vol_r02_s20260639,5,theta_118,1.0372644682349828,0.014790722124860833,0.936388888888889,0.031682238199247134,1.208546577021714,4.182266683333333
train,syn_n50_k10_high_corr_mixed_high_vol_r02_s20260639,5,theta_131,1.0372644682349828,0.014790722124860833,0.936388888888889,0.031682238199247134,1.208546577021714,4.231269919999999
train,syn_n50_k10_high_corr_mixed_high_vol_r02_s20260639,5,theta_132,1.0372644682349828,0.014790722124860833,0.936388888888889,0.031682238199247134,1.208546577021714,4.280381623333333
train,syn_n50_k10_high_corr_mixed_high_vol_r02_s20260639,5,theta_144,1.0338408787894693,0.011933970055497881,0.9388888888888889,0.023475204526921308,1.204873754537406,2.7588595666666667
train,syn_n50_k10_high_corr_mixed_high_vol_r02_s20260639,5,theta_159,1.0338408787894693,0.011933970055497881,0.9388888888888889,0.023475204526921308,1.204873754537406,3.82335433
train,syn_n50_k10_high_corr_mixed_high_vol_r02_s20260639,5,theta_164,1.0338532553239197,0.0074082062749797764,0.9675,0.028033365826680277,1.2250697885956527,6.065252856666667
train,syn_n50_k10_high_corr_mixed_high_vol_r02_s20260639,5,theta_170,1.0338532553239197,0.0074082062749797764,0.9675,0.028033365826680277,1.2250697885956527,4.806911840000001
train,syn_n50_k10_high_corr_mixed_high_vol_r02_s20260639,5,theta_175,1.0338532553239197,0.0074082062749797764,0.9675,0.028033365826680277,1.2250697885956527,4.325263109999999
train,syn_n50_k10_high_corr_mixed_high_vol_r02_s20260639,5,theta_189,1.0338532553239197,0.0074082062749797764,0.9675,0.028033365826680277,1.2250697885956527,10.379482983333336
train,syn_n50_k10_high_corr_mixed_high_vol_r02_s20260639,5,theta_200,1.0353068055995214,0.007498325490394833,0.9666666666666669,0.024985007850084638,1.217656861145933,9.996427426666665
train,syn_n50_k10_high_corr_mixed_high_vol_r02_s20260639,5,theta_223,1.0364678841305779,0.010920229640866275,0.9580555555555555,0.03070461167951614,1.207696312399547,11.45775892
train,syn_n50_k10_high_corr_mixed_high_vol_r02_s20260639,5,theta_234,1.0364678841305779,0.010920229640866275,0.9580555555555555,0.03070461167951614,1.207696312399547,4.2529639
train,syn_n50_k10_high_corr_mixed_high_vol_r02_s20260639,5,theta_237,1.0364678841305779,0.010920229640866275,0.9580555555555555,0.03070461167951614,1.207696312399547,4.285161886666667
train,syn_n50_k10_high_corr_normal_low_vol_r03_s20260643,5,theta_011,0.8907781206694202,0.007307250938824296,0.9430555555555554,0.016644396014469477,1.3505018581318065,2.6978747933333334
train,syn_n50_k10_high_corr_normal_low_vol_r03_s20260643,5,theta_034,0.8907110360631407,0.008621434639360496,0.9508333333333333,0.023786671874995707,1.355535555399293,3.462341863333333
train,syn_n50_k10_high_corr_normal_low_vol_r03_s20260643,5,theta_037,0.8907110360631407,0.008621434639360496,0.9508333333333333,0.023786671874995707,1.355535555399293,3.9111179533333336
train,syn_n50_k10_high_corr_normal_low_vol_r03_s20260643,5,theta_045,0.8907110360631407,0.008621434639360496,0.9508333333333333,0.023786671874995707,1.355535555399293,3.880457473333333
train,syn_n50_k10_high_corr_normal_low_vol_r03_s20260643,5,theta_047,0.8907110360631407,0.008621434639360496,0.9508333333333333,0.023786671874995707,1.355535555399293,4.051948333333333
train,syn_n50_k10_high_corr_normal_low_vol_r03_s20260643,5,theta_067,0.8893913647015881,0.007837522642544477,0.9380555555555555,0.01572799626617937,1.3680181838078904,4.282056796666666
train,syn_n50_k10_high_corr_normal_low_vol_r03_s20260643,5,theta_076,0.8893913647015881,0.007837522642544477,0.9380555555555555,0.01572799626617937,1.3680181838078904,4.315132973333333
train,syn_n50_k10_high_corr_normal_low_vol_r03_s20260643,5,theta_078,0.8893913647015881,0.007837522642544477,0.9380555555555555,0.01572799626617937,1.3680181838078904,6.394929753333333
train,syn_n50_k10_high_corr_normal_low_vol_r03_s20260643,5,theta_084,0.8895910115118144,0.009453238040824595,0.9283333333333331,0.02190603912274212,1.3426522978450028,3.56362299
train,syn_n50_k10_high_corr_normal_low_vol_r03_s20260643,5,theta_086,0.8895910115118144,0.009453238040824595,0.9283333333333331,0.02190603912274212,1.3426522978450028,5.972157316666666
train,syn_n50_k10_high_corr_normal_low_vol_r03_s20260643,5,theta_089,0.8895910115118144,0.009453238040824595,0.9283333333333331,0.02190603912274212,1.3426522978450028,4.3995427933333335
train,syn_n50_k10_high_corr_normal_low_vol_r03_s20260643,5,theta_118,0.8916868123680407,0.0073012604944081615,0.9663888888888887,0.019943110345392485,1.3671934522266829,4.363395420000001
train,syn_n50_k10_high_corr_normal_low_vol_r03_s20260643,5,theta_131,0.8916868123680407,0.0073012604944081615,0.9663888888888887,0.019943110345392485,1.3671934522266829,4.442358389999999
train,syn_n50_k10_high_corr_normal_low_vol_r03_s20260643,5,theta_132,0.8916868123680407,0.0073012604944081615,0.9663888888888887,0.019943110345392485,1.3671934522266829,4.540020336666666
train,syn_n50_k10_high_corr_normal_low_vol_r03_s20260643,5,theta_144,0.8899119557175833,0.009865621435082439,0.9433333333333334,0.02447100044347735,1.3460805343131854,3.3461558233333335
train,syn_n50_k10_high_corr_normal_low_vol_r03_s20260643,5,theta_159,0.8899119557175833,0.009865621435082439,0.9433333333333334,0.02447100044347735,1.3460805343131854,4.173386603333333
train,syn_n50_k10_high_corr_normal_low_vol_r03_s20260643,5,theta_164,0.8889200082406086,0.010490497946228606,0.9258333333333333,0.02261862200460816,1.3404495305295723,4.5805893766666665
train,syn_n50_k10_high_corr_normal_low_vol_r03_s20260643,5,theta_170,0.8889200082406086,0.010490497946228606,0.9258333333333333,0.02261862200460816,1.3404495305295723,4.845456966666666
train,syn_n50_k10_high_corr_normal_low_vol_r03_s20260643,5,theta_175,0.8889200082406086,0.010490497946228606,0.9258333333333333,0.02261862200460816,1.3404495305295723,4.3909255
train,syn_n50_k10_high_corr_normal_low_vol_r03_s20260643,5,theta_189,0.8889200082406086,0.010490497946228606,0.9258333333333333,0.02261862200460816,1.3404495305295723,10.285285743333333
train,syn_n50_k10_high_corr_normal_low_vol_r03_s20260643,5,theta_200,0.8885765130293498,0.00939687675470683,0.9172222222222222,0.020951235570496354,1.3597085238346007,10.515534136666666
train,syn_n50_k10_high_corr_normal_low_vol_r03_s20260643,5,theta_223,0.8919263892139078,0.007355552831103717,0.9658333333333332,0.01812201469590901,1.3577944637728383,11.989666803333334
train,syn_n50_k10_high_corr_normal_low_vol_r03_s20260643,5,theta_234,0.8919263892139078,0.007355552831103717,0.9658333333333332,0.01812201469590901,1.3577944637728383,4.29409315
train,syn_n50_k10_high_corr_normal_low_vol_r03_s20260643,5,theta_237,0.8919263892139078,0.007355552831103717,0.9658333333333332,0.01812201469590901,1.3577944637728383,4.29124629
train,syn_n50_k10_low_corr_heavy_tail_high_vol_r03_s20260641,5,theta_011,1.082992987135408,0.005335056013546209,0.9947222222222223,0.01662116696046757,1.2460166627273928,2.0950610899999997
train,syn_n50_k10_low_corr_heavy_tail_high_vol_r03_s20260641,5,theta_034,1.076617567749132,0.014992836061484946,0.9616666666666666,0.02318448208730646,1.229419225505328,2.9419782066666667
train,syn_n50_k10_low_corr_heavy_tail_high_vol_r03_s20260641,5,theta_037,1.076617567749132,0.014992836061484946,0.9616666666666666,0.02318448208730646,1.229419225505328,3.2752344
train,syn_n50_k10_low_corr_heavy_tail_high_vol_r03_s20260641,5,theta_045,1.076617567749132,0.014992836061484946,0.9616666666666666,0.02318448208730646,1.229419225505328,3.2682875699999996
train,syn_n50_k10_low_corr_heavy_tail_high_vol_r03_s20260641,5,theta_047,1.076617567749132,0.014992836061484946,0.9616666666666666,0.02318448208730646,1.229419225505328,3.3742825599999997
train,syn_n50_k10_low_corr_heavy_tail_high_vol_r03_s20260641,5,theta_067,1.082371670681996,0.0055809381138253065,0.993888888888889,0.020877348440968977,1.2494875699395047,3.6444384066666666
train,syn_n50_k10_low_corr_heavy_tail_high_vol_r03_s20260641,5,theta_076,1.082371670681996,0.0055809381138253065,0.993888888888889,0.020877348440968977,1.2494875699395047,3.8124757833333334
train,syn_n50_k10_low_corr_heavy_tail_high_vol_r03_s20260641,5,theta_078,1.082371670681996,0.0055809381138253065,0.993888888888889,0.020877348440968977,1.2494875699395047,4.421699143333332
train,syn_n50_k10_low_corr_heavy_tail_high_vol_r03_s20260641,5,theta_084,1.0662516072787738,0.03408812915364203,0.8936111111111112,0.05042007869235091,1.193954693563756,3.10614041
train,syn_n50_k10_low_corr_heavy_tail_high_vol_r03_s20260641,5,theta_086,1.0662516072787738,0.03408812915364203,0.8936111111111112,0.05042007869235091,1.193954693563756,5.119630300000001
train,syn_n50_k10_low_corr_heavy_tail_high_vol_r03_s20260641,5,theta_089,1.0662516072787738,0.03408812915364203,0.8936111111111112,0.05042007869235091,1.193954693563756,4.01768476
train,syn_n50_k10_low_corr_heavy_tail_high_vol_r03_s20260641,5,theta_118,1.0822458090293468,0.0056751346716529755,0.9872222222222222,0.02127075719976469,1.2488793611352038,3.929933373333333
train,syn_n50_k10_low_corr_heavy_tail_high_vol_r03_s20260641,5,theta_131,1.0822458090293468,0.0056751346716529755,0.9872222222222222,0.02127075719976469,1.2488793611352038,3.877457436666666
train,syn_n50_k10_low_corr_heavy_tail_high_vol_r03_s20260641,5,theta_132,1.0822458090293468,0.0056751346716529755,0.9872222222222222,0.02127075719976469,1.2488793611352038,3.9488375799999997
train,syn_n50_k10_low_corr_heavy_tail_high_vol_r03_s20260641,5,theta_144,1.0824727762118782,0.007363294975750728,0.9558333333333333,0.035337997912735834,1.2418687917840288,3.5890439033333337
train,syn_n50_k10_low_corr_heavy_tail_high_vol_r03_s20260641,5,theta_159,1.0824727762118782,0.007363294975750728,0.9558333333333333,0.035337997912735834,1.2418687917840288,3.5603503999999995
train,syn_n50_k10_low_corr_heavy_tail_high_vol_r03_s20260641,5,theta_164,1.0814151958388307,0.005578033786526301,0.9933333333333335,0.014271563160077895,1.2493961864630336,4.7076673399999995
train,syn_n50_k10_low_corr_heavy_tail_high_vol_r03_s20260641,5,theta_170,1.0814151958388307,0.005578033786526301,0.9933333333333335,0.014271563160077895,1.2493961864630336,4.196928056666667
train,syn_n50_k10_low_corr_heavy_tail_high_vol_r03_s20260641,5,theta_175,1.0814151958388307,0.005578033786526301,0.9933333333333335,0.014271563160077895,1.2493961864630336,3.7143698499999993
train,syn_n50_k10_low_corr_heavy_tail_high_vol_r03_s20260641,5,theta_189,1.0814151958388307,0.005578033786526301,0.9933333333333335,0.014271563160077895,1.2493961864630336,9.220942313333332
train,syn_n50_k10_low_corr_heavy_tail_high_vol_r03_s20260641,5,theta_200,1.0819139980398624,0.005503150386825196,0.9925,0.014081469114806868,1.248055523552847,9.231030520000001
train,syn_n50_k10_low_corr_heavy_tail_high_vol_r03_s20260641,5,theta_223,1.0813948083782967,0.005719944666424779,0.9911111111111112,0.017410439174806395,1.2533939181873825,10.40655568
train,syn_n50_k10_low_corr_heavy_tail_high_vol_r03_s20260641,5,theta_234,1.0813948083782967,0.005719944666424779,0.9911111111111112,0.017410439174806395,1.2533939181873825,4.106814773333334
train,syn_n50_k10_low_corr_heavy_tail_high_vol_r03_s20260641,5,theta_237,1.0813948083782967,0.005719944666424779,0.9911111111111112,0.017410439174806395,1.2533939181873825,3.9510016133333337
train,syn_n50_k10_low_corr_normal_low_vol_r01_s20260642,5,theta_011,1.0108851890078503,0.006115838019186479,0.9891666666666669,0.013248137247346378,1.3323837874483573,2.1220319233333336
train,syn_n50_k10_low_corr_normal_low_vol_r01_s20260642,5,theta_034,1.0086845212620388,0.006691932115219115,0.9755555555555556,0.014609848662116719,1.3458734663493455,2.8154754333333343
train,syn_n50_k10_low_corr_normal_low_vol_r01_s20260642,5,theta_037,1.0086845212620388,0.006691932115219115,0.9755555555555556,0.014609848662116719,1.3458734663493455,3.2436332400000003
train,syn_n50_k10_low_corr_normal_low_vol_r01_s20260642,5,theta_045,1.0086845212620388,0.006691932115219115,0.9755555555555556,0.014609848662116719,1.3458734663493455,3.1675889033333333
train,syn_n50_k10_low_corr_normal_low_vol_r01_s20260642,5,theta_047,1.0086845212620388,0.006691932115219115,0.9755555555555556,0.014609848662116719,1.3458734663493455,5.263308879999999
train,syn_n50_k10_low_corr_normal_low_vol_r01_s20260642,5,theta_067,1.0108799500381502,0.006102142756379541,0.9891666666666669,0.013645218732159285,1.3359389388111673,3.7509488099999997
train,syn_n50_k10_low_corr_normal_low_vol_r01_s20260642,5,theta_076,1.0108799500381502,0.006102142756379541,0.9891666666666669,0.013645218732159285,1.3359389388111673,3.7707758433333334
train,syn_n50_k10_low_corr_normal_low_vol_r01_s20260642,5,theta_078,1.0108799500381502,0.006102142756379541,0.9891666666666669,0.013645218732159285,1.3359389388111673,3.4122667466666665
train,syn_n50_k10_low_corr_normal_low_vol_r01_s20260642,5,theta_084,1.0100712440875605,0.006196902825684911,0.9886111111111113,0.01462794824409107,1.341327971813333,3.17356525
train,syn_n50_k10_low_corr_normal_low_vol_r01_s20260642,5,theta_086,1.0100712440875605,0.006196902825684911,0.9886111111111113,0.01462794824409107,1.341327971813333,4.4720126333333345
train,syn_n50_k10_low_corr_normal_low_vol_r01_s20260642,5,theta_089,1.0100712440875605,0.006196902825684911,0.9886111111111113,0.01462794824409107,1.341327971813333,3.8928937633333343
train,syn_n50_k10_low_corr_normal_low_vol_r01_s20260642,5,theta_118,1.010976069678775,0.0059981505759707,0.9883333333333334,0.014062198458378845,1.3435539043413567,4.007330816666667
train,syn_n50_k10_low_corr_normal_low_vol_r01_s20260642,5,theta_131,1.010976069678775,0.0059981505759707,0.9883333333333334,0.014062198458378845,1.3435539043413567,3.6098433266666663
train,syn_n50_k10_low_corr_normal_low_vol_r01_s20260642,5,theta_132,1.010976069678775,0.0059981505759707,0.9883333333333334,0.014062198458378845,1.3435539043413567,3.9624760766666673
train,syn_n50_k10_low_corr_normal_low_vol_r01_s20260642,5,theta_144,1.00828043628032,0.007105279731413767,0.9663888888888889,0.02067870478343745,1.3453554934823246,3.130530023333333
train,syn_n50_k10_low_corr_normal_low_vol_r01_s20260642,5,theta_159,1.00828043628032,0.007105279731413767,0.9663888888888889,0.02067870478343745,1.3453554934823246,3.5797310166666674
train,syn_n50_k10_low_corr_normal_low_vol_r01_s20260642,5,theta_164,1.0090100531156168,0.0065583149206805795,0.9775000000000001,0.01487525842908806,1.3320279311775212,4.7068602366666665
train,syn_n50_k10_low_corr_normal_low_vol_r01_s20260642,5,theta_170,1.0090100531156168,0.0065583149206805795,0.9775000000000001,0.01487525842908806,1.3320279311775212,4.225846346666667
train,syn_n50_k10_low_corr_normal_low_vol_r01_s20260642,5,theta_175,1.0090100531156168,0.0065583149206805795,0.9775000000000001,0.01487525842908806,1.3320279311775212,4.49947068
train,syn_n50_k10_low_corr_normal_low_vol_r01_s20260642,5,theta_189,1.0090100531156168,0.0065583149206805795,0.9775000000000001,0.01487525842908806,1.3320279311775212,9.480337100000002
train,syn_n50_k10_low_corr_normal_low_vol_r01_s20260642,5,theta_200,1.0100443262895114,0.006147335708236781,0.9863888888888891,0.01418345410750325,1.3382446490737008,9.264265173333333
train,syn_n50_k10_low_corr_normal_low_vol_r01_s20260642,5,theta_223,1.009815178107387,0.006281370431247257,0.9866666666666668,0.014823695673792332,1.3384550538193545,10.168703413333334
train,syn_n50_k10_low_corr_normal_low_vol_r01_s20260642,5,theta_234,1.009815178107387,0.006281370431247257,0.9866666666666668,0.014823695673792332,1.3384550538193545,4.1469077966666665
train,syn_n50_k10_low_corr_normal_low_vol_r01_s20260642,5,theta_237,1.009815178107387,0.006281370431247257,0.9866666666666668,0.014823695673792332,1.3384550538193545,3.680967016666666
train,syn_n50_k10_pathological_cov_skewed_high_vol_r03_s20260644,5,theta_011,0.8076094678010014,0.0068670525943252455,0.9591666666666668,0.016213091645516528,1.3443722722979403,2.8719004733333335
train,syn_n50_k10_pathological_cov_skewed_high_vol_r03_s20260644,5,theta_034,0.8088915999737519,0.006481769554007461,0.9600000000000001,0.0236461433363482,1.3466945054670136,3.7579300200000003
train,syn_n50_k10_pathological_cov_skewed_high_vol_r03_s20260644,5,theta_037,0.8088915999737519,0.006481769554007461,0.9600000000000001,0.0236461433363482,1.3466945054670136,4.1696494699999995
train,syn_n50_k10_pathological_cov_skewed_high_vol_r03_s20260644,5,theta_045,0.8088915999737519,0.006481769554007461,0.9600000000000001,0.0236461433363482,1.3466945054670136,4.190201953333333
train,syn_n50_k10_pathological_cov_skewed_high_vol_r03_s20260644,5,theta_047,0.8088915999737519,0.006481769554007461,0.9600000000000001,0.0236461433363482,1.3466945054670136,5.776025953333334
train,syn_n50_k10_pathological_cov_skewed_high_vol_r03_s20260644,5,theta_067,0.8114951610706315,0.004927411113616681,0.9861111111111112,0.022269040964691365,1.34475436032403,4.510565336666667
train,syn_n50_k10_pathological_cov_skewed_high_vol_r03_s20260644,5,theta_076,0.8114951610706315,0.004927411113616681,0.9861111111111112,0.022269040964691365,1.34475436032403,4.562603216666667
train,syn_n50_k10_pathological_cov_skewed_high_vol_r03_s20260644,5,theta_078,0.8114951610706315,0.004927411113616681,0.9861111111111112,0.022269040964691365,1.34475436032403,4.46053255
train,syn_n50_k10_pathological_cov_skewed_high_vol_r03_s20260644,5,theta_084,0.8097739178849677,0.005784474050072668,0.9683333333333335,0.017344905041860932,1.3445509509394804,3.7384056733333333
train,syn_n50_k10_pathological_cov_skewed_high_vol_r03_s20260644,5,theta_086,0.8097739178849677,0.005784474050072668,0.9683333333333335,0.017344905041860932,1.3445509509394804,4.988154833333334
train,syn_n50_k10_pathological_cov_skewed_high_vol_r03_s20260644,5,theta_089,0.8097739178849677,0.005784474050072668,0.9683333333333335,0.017344905041860932,1.3445509509394804,4.618792646666666
train,syn_n50_k10_pathological_cov_skewed_high_vol_r03_s20260644,5,theta_118,0.8118944989660025,0.004747277707968676,0.9894444444444446,0.018296278616553984,1.3452738367099595,4.76496548
train,syn_n50_k10_pathological_cov_skewed_high_vol_r03_s20260644,5,theta_131,0.8118944989660025,0.004747277707968676,0.9894444444444446,0.018296278616553984,1.3452738367099595,4.784311579999999
train,syn_n50_k10_pathological_cov_skewed_high_vol_r03_s20260644,5,theta_132,0.8118944989660025,0.004747277707968676,0.9894444444444446,0.018296278616553984,1.3452738367099595,4.874719533333335
train,syn_n50_k10_pathological_cov_skewed_high_vol_r03_s20260644,5,theta_144,0.8117889005904354,0.004862103375795778,0.9872222222222224,0.018935938484779265,1.3455792282638366,4.005757096666667
train,syn_n50_k10_pathological_cov_skewed_high_vol_r03_s20260644,5,theta_159,0.8117889005904354,0.004862103375795778,0.9872222222222224,0.018935938484779265,1.3455792282638366,4.34186484
train,syn_n50_k10_pathological_cov_skewed_high_vol_r03_s20260644,5,theta_164,0.8103323432655318,0.005387657523306706,0.9822222222222223,0.01617732844117526,1.3455380401958905,6.343739893333334
train,syn_n50_k10_pathological_cov_skewed_high_vol_r03_s20260644,5,theta_170,0.8103323432655318,0.005387657523306706,0.9822222222222223,0.01617732844117526,1.3455380401958905,4.464161936666667
train,syn_n50_k10_pathological_cov_skewed_high_vol_r03_s20260644,5,theta_175,0.8103323432655318,0.005387657523306706,0.9822222222222223,0.01617732844117526,1.3455380401958905,4.6335897133333335
train,syn_n50_k10_pathological_cov_skewed_high_vol_r03_s20260644,5,theta_189,0.8103323432655318,0.005387657523306706,0.9822222222222223,0.01617732844117526,1.3455380401958905,11.540008940000002
train,syn_n50_k10_pathological_cov_skewed_high_vol_r03_s20260644,5,theta_200,0.8118256962549351,0.004843508256512358,0.9891666666666669,0.015820962787132208,1.3470227055679849,11.288834579999998
train,syn_n50_k10_pathological_cov_skewed_high_vol_r03_s20260644,5,theta_223,0.8117424877907221,0.004827587552030067,0.9877777777777779,0.01992534180721521,1.345309234433304,12.846243320000001
train,syn_n50_k10_pathological_cov_skewed_high_vol_r03_s20260644,5,theta_234,0.8117424877907221,0.004827587552030067,0.9877777777777779,0.01992534180721521,1.345309234433304,4.696795183333333
train,syn_n50_k10_pathological_cov_skewed_high_vol_r03_s20260644,5,theta_237,0.8117424877907221,0.004827587552030067,0.9877777777777779,0.01992534180721521,1.345309234433304,4.688304006666667
train,syn_n50_k20_cluster_corr_mixed_extreme_events_r03_s20260657,10,theta_011,0.9438648675683523,0.0075917260065165,0.9552777777777778,0.01603674263595998,1.2893847902114213,1.909110083333333
train,syn_n50_k20_cluster_corr_mixed_extreme_events_r03_s20260657,10,theta_034,0.9399945734270402,0.009154060603991031,0.9674999999999999,0.021133673288203852,1.3227775583453512,2.51279468
train,syn_n50_k20_cluster_corr_mixed_extreme_events_r03_s20260657,10,theta_037,0.9399945734270402,0.009154060603991031,0.9674999999999999,0.021133673288203852,1.3227775583453512,2.912211013333333
train,syn_n50_k20_cluster_corr_mixed_extreme_events_r03_s20260657,10,theta_045,0.9399945734270402,0.009154060603991031,0.9674999999999999,0.021133673288203852,1.3227775583453512,2.96721836
train,syn_n50_k20_cluster_corr_mixed_extreme_events_r03_s20260657,10,theta_047,0.9399945734270402,0.009154060603991031,0.9674999999999999,0.021133673288203852,1.3227775583453512,4.072712163333334
train,syn_n50_k20_cluster_corr_mixed_extreme_events_r03_s20260657,10,theta_067,0.9402720219314048,0.010071621153031368,0.9497222222222222,0.02234263950835745,1.2904451031496054,3.4817344200000004
train,syn_n50_k20_cluster_corr_mixed_extreme_events_r03_s20260657,10,theta_076,0.9402720219314048,0.010071621153031368,0.9497222222222222,0.02234263950835745,1.2904451031496054,3.4972688766666664
train,syn_n50_k20_cluster_corr_mixed_extreme_events_r03_s20260657,10,theta_078,0.9402720219314048,0.010071621153031368,0.9497222222222222,0.02234263950835745,1.2904451031496054,2.794175623333335
train,syn_n50_k20_cluster_corr_mixed_extreme_events_r03_s20260657,10,theta_084,0.9444179439110606,0.007351776727375106,0.9658333333333332,0.02227343845979881,1.2958169547516634,2.7773985800000007
train,syn_n50_k20_cluster_corr_mixed_extreme_events_r03_s20260657,10,theta_086,0.9444179439110606,0.007351776727375106,0.9658333333333332,0.02227343845979881,1.2958169547516634,4.023903550000001
train,syn_n50_k20_cluster_corr_mixed_extreme_events_r03_s20260657,10,theta_089,0.9444179439110606,0.007351776727375106,0.9658333333333332,0.02227343845979881,1.2958169547516634,3.6764950900000004
train,syn_n50_k20_cluster_corr_mixed_extreme_events_r03_s20260657,10,theta_118,0.9404177148695433,0.009328396471244891,0.9636111111111111,0.023559208224092507,1.3178824942581557,3.4506182966666663
train,syn_n50_k20_cluster_corr_mixed_extreme_events_r03_s20260657,10,theta_131,0.9404177148695433,0.009328396471244891,0.9636111111111111,0.023559208224092507,1.3178824942581557,3.2013486199999996
train,syn_n50_k20_cluster_corr_mixed_extreme_events_r03_s20260657,10,theta_132,0.9404177148695433,0.009328396471244891,0.9636111111111111,0.023559208224092507,1.3178824942581557,3.5441470133333337
train,syn_n50_k20_cluster_corr_mixed_extreme_events_r03_s20260657,10,theta_144,0.9409823751860312,0.009824747398331474,0.9516666666666667,0.025990020841504438,1.2912238645997602,3.01616998
train,syn_n50_k20_cluster_corr_mixed_extreme_events_r03_s20260657,10,theta_159,0.9409823751860312,0.009824747398331474,0.9516666666666667,0.025990020841504438,1.2912238645997602,3.331716043333334
train,syn_n50_k20_cluster_corr_mixed_extreme_events_r03_s20260657,10,theta_164,0.9429104861225105,0.007488064091109853,0.9677777777777777,0.019322286850473252,1.311228667739327,4.358772196666666
train,syn_n50_k20_cluster_corr_mixed_extreme_events_r03_s20260657,10,theta_170,0.9429104861225105,0.007488064091109853,0.9677777777777777,0.019322286850473252,1.311228667739327,3.6273558166666664
train,syn_n50_k20_cluster_corr_mixed_extreme_events_r03_s20260657,10,theta_175,0.9429104861225105,0.007488064091109853,0.9677777777777777,0.019322286850473252,1.311228667739327,3.741093916666667
train,syn_n50_k20_cluster_corr_mixed_extreme_events_r03_s20260657,10,theta_189,0.9429104861225105,0.007488064091109853,0.9677777777777777,0.019322286850473252,1.311228667739327,8.419340266666667
train,syn_n50_k20_cluster_corr_mixed_extreme_events_r03_s20260657,10,theta_200,0.9419002845645955,0.008144446717812613,0.9797222222222224,0.014687540694728237,1.3304650903760218,7.856218326666668
train,syn_n50_k20_cluster_corr_mixed_extreme_events_r03_s20260657,10,theta_223,0.9416228291872615,0.008752314879641851,0.9661111111111111,0.022738594329217852,1.3080961964850295,9.007405653333334
train,syn_n50_k20_cluster_corr_mixed_extreme_events_r03_s20260657,10,theta_234,0.9416228291872615,0.008752314879641851,0.9661111111111111,0.022738594329217852,1.3080961964850295,3.6398128499999993
train,syn_n50_k20_cluster_corr_mixed_extreme_events_r03_s20260657,10,theta_237,0.9416228291872615,0.008752314879641851,0.9661111111111111,0.022738594329217852,1.3080961964850295,3.46889204
train,syn_n50_k20_high_corr_mixed_high_vol_r02_s20260654,10,theta_011,0.9319080248797972,0.01184935328692554,0.9333333333333335,0.018761228374991865,1.2276331960030509,1.9383229033333336
train,syn_n50_k20_high_corr_mixed_high_vol_r02_s20260654,10,theta_034,0.9352277813144927,0.008094557082259247,0.9716666666666668,0.024416802605596824,1.3149947044129793,2.6052704700000002
train,syn_n50_k20_high_corr_mixed_high_vol_r02_s20260654,10,theta_037,0.9352277813144927,0.008094557082259247,0.9716666666666668,0.024416802605596824,1.3149947044129793,2.9124399166666657
train,syn_n50_k20_high_corr_mixed_high_vol_r02_s20260654,10,theta_045,0.9352277813144927,0.008094557082259247,0.9716666666666668,0.024416802605596824,1.3149947044129793,2.88922169
train,syn_n50_k20_high_corr_mixed_high_vol_r02_s20260654,10,theta_047,0.9352277813144927,0.008094557082259247,0.9716666666666668,0.024416802605596824,1.3149947044129793,3.9950924466666664
train,syn_n50_k20_high_corr_mixed_high_vol_r02_s20260654,10,theta_067,0.933802321426251,0.009609555966794907,0.9622222222222222,0.02331295906499232,1.2708791735156415,3.448757163333333
train,syn_n50_k20_high_corr_mixed_high_vol_r02_s20260654,10,theta_076,0.933802321426251,0.009609555966794907,0.9622222222222222,0.02331295906499232,1.2708791735156415,3.5925757966666665
train,syn_n50_k20_high_corr_mixed_high_vol_r02_s20260654,10,theta_078,0.933802321426251,0.009609555966794907,0.9622222222222222,0.02331295906499232,1.2708791735156415,2.788090690000001
train,syn_n50_k20_high_corr_mixed_high_vol_r02_s20260654,10,theta_084,0.9341103538832601,0.010217790315730894,0.9508333333333334,0.027451044801140835,1.2516396556782388,2.82902387
train,syn_n50_k20_high_corr_mixed_high_vol_r02_s20260654,10,theta_086,0.9341103538832601,0.010217790315730894,0.9508333333333334,0.027451044801140835,1.2516396556782388,3.6267254833333333
train,syn_n50_k20_high_corr_mixed_high_vol_r02_s20260654,10,theta_089,0.9341103538832601,0.010217790315730894,0.9508333333333334,0.027451044801140835,1.2516396556782388,3.6436791600000005
train,syn_n50_k20_high_corr_mixed_high_vol_r02_s20260654,10,theta_118,0.9367241344918344,0.007629817599088978,0.9772222222222223,0.030620325705324452,1.3120409018386303,3.36686874
train,syn_n50_k20_high_corr_mixed_high_vol_r02_s20260654,10,theta_131,0.9367241344918344,0.007629817599088978,0.9772222222222223,0.030620325705324452,1.3120409018386303,3.4021963200000007
train,syn_n50_k20_high_corr_mixed_high_vol_r02_s20260654,10,theta_132,0.9367241344918344,0.007629817599088978,0.9772222222222223,0.030620325705324452,1.3120409018386303,3.392947433333333
train,syn_n50_k20_high_corr_mixed_high_vol_r02_s20260654,10,theta_144,0.9340711227334603,0.009771556863495479,0.9602777777777778,0.02937151162289669,1.2704872180192506,3.516636913333334
train,syn_n50_k20_high_corr_mixed_high_vol_r02_s20260654,10,theta_159,0.9340711227334603,0.009771556863495479,0.9602777777777778,0.02937151162289669,1.2704872180192506,3.25844741
train,syn_n50_k20_high_corr_mixed_high_vol_r02_s20260654,10,theta_164,0.9329212173876237,0.01060179258499105,0.9269444444444445,0.03066992899948577,1.2682162562755679,4.287476846666666
train,syn_n50_k20_high_corr_mixed_high_vol_r02_s20260654,10,theta_170,0.9329212173876237,0.01060179258499105,0.9269444444444445,0.03066992899948577,1.2682162562755679,3.578180853333333
train,syn_n50_k20_high_corr_mixed_high_vol_r02_s20260654,10,theta_175,0.9329212173876237,0.01060179258499105,0.9269444444444445,0.03066992899948577,1.2682162562755679,3.6832632333333337
train,syn_n50_k20_high_corr_mixed_high_vol_r02_s20260654,10,theta_189,0.9329212173876237,0.01060179258499105,0.9269444444444445,0.03066992899948577,1.2682162562755679,8.427475996666667
train,syn_n50_k20_high_corr_mixed_high_vol_r02_s20260654,10,theta_200,0.9384170225592446,0.006493501030280827,0.9836111111111112,0.024691659349332682,1.3301483227788051,7.847520423333334
train,syn_n50_k20_high_corr_mixed_high_vol_r02_s20260654,10,theta_223,0.9360684494609336,0.008251083438770549,0.9708333333333333,0.02513944340121715,1.2979818776993846,8.11555968
train,syn_n50_k20_high_corr_mixed_high_vol_r02_s20260654,10,theta_234,0.9360684494609336,0.008251083438770549,0.9708333333333333,0.02513944340121715,1.2979818776993846,3.5717947866666666
train,syn_n50_k20_high_corr_mixed_high_vol_r02_s20260654,10,theta_237,0.9360684494609336,0.008251083438770549,0.9708333333333333,0.02513944340121715,1.2979818776993846,3.4112788999999997
train,syn_n50_k20_high_corr_normal_low_vol_r03_s20260655,10,theta_011,0.9209848100066709,0.012499835727777788,0.896388888888889,0.021848229266501668,1.1920943511716924,2.00122921
train,syn_n50_k20_high_corr_normal_low_vol_r03_s20260655,10,theta_034,0.9174771748916876,0.012801259705860152,0.9069444444444444,0.03346190850362972,1.2831762250339125,2.523119049999999
train,syn_n50_k20_high_corr_normal_low_vol_r03_s20260655,10,theta_037,0.9174771748916876,0.012801259705860152,0.9069444444444444,0.03346190850362972,1.2831762250339125,2.9481478966666677
train,syn_n50_k20_high_corr_normal_low_vol_r03_s20260655,10,theta_045,0.9174771748916876,0.012801259705860152,0.9069444444444444,0.03346190850362972,1.2831762250339125,2.9996524999999994
train,syn_n50_k20_high_corr_normal_low_vol_r03_s20260655,10,theta_047,0.9174771748916876,0.012801259705860152,0.9069444444444444,0.03346190850362972,1.2831762250339125,4.0522788133333325
train,syn_n50_k20_high_corr_normal_low_vol_r03_s20260655,10,theta_067,0.9214366581018959,0.011481521657434268,0.9152777777777777,0.024323814151849067,1.2572396402644583,3.6262652766666674
train,syn_n50_k20_high_corr_normal_low_vol_r03_s20260655,10,theta_076,0.9214366581018959,0.011481521657434268,0.9152777777777777,0.024323814151849067,1.2572396402644583,3.5998289400000005
train,syn_n50_k20_high_corr_normal_low_vol_r03_s20260655,10,theta_078,0.9214366581018959,0.011481521657434268,0.9152777777777777,0.024323814151849067,1.2572396402644583,3.1557821200000005
train,syn_n50_k20_high_corr_normal_low_vol_r03_s20260655,10,theta_084,0.9234136069320669,0.01016920381705853,0.9152777777777779,0.02357338321470653,1.2477988464442975,2.8328215
train,syn_n50_k20_high_corr_normal_low_vol_r03_s20260655,10,theta_086,0.9234136069320669,0.01016920381705853,0.9152777777777779,0.02357338321470653,1.2477988464442975,4.07633197
train,syn_n50_k20_high_corr_normal_low_vol_r03_s20260655,10,theta_089,0.9234136069320669,0.01016920381705853,0.9152777777777779,0.02357338321470653,1.2477988464442975,3.890750666666667
train,syn_n50_k20_high_corr_normal_low_vol_r03_s20260655,10,theta_118,0.9189816853683861,0.011425376784694538,0.9325,0.021413445526798403,1.3062941106929649,3.3735689300000002
train,syn_n50_k20_high_corr_normal_low_vol_r03_s20260655,10,theta_131,0.9189816853683861,0.011425376784694538,0.9325,0.021413445526798403,1.3062941106929649,3.3443621099999996
train,syn_n50_k20_high_corr_normal_low_vol_r03_s20260655,10,theta_132,0.9189816853683861,0.011425376784694538,0.9325,0.021413445526798403,1.3062941106929649,3.4548119366666663
train,syn_n50_k20_high_corr_normal_low_vol_r03_s20260655,10,theta_144,0.9176825571847115,0.013854914609633128,0.8883333333333335,0.03265356978626695,1.2378263679449981,3.70663089
train,syn_n50_k20_high_corr_normal_low_vol_r03_s20260655,10,theta_159,0.9176825571847115,0.013854914609633128,0.8883333333333335,0.03265356978626695,1.2378263679449981,3.2939815133333337
train,syn_n50_k20_high_corr_normal_low_vol_r03_s20260655,10,theta_164,0.9224163787675729,0.010892611904867398,0.9172222222222224,0.03293588080587142,1.241023117363903,4.14819082
train,syn_n50_k20_high_corr_normal_low_vol_r03_s20260655,10,theta_170,0.9224163787675729,0.010892611904867398,0.9172222222222224,0.03293588080587142,1.241023117363903,3.678426
train,syn_n50_k20_high_corr_normal_low_vol_r03_s20260655,10,theta_175,0.9224163787675729,0.010892611904867398,0.9172222222222224,0.03293588080587142,1.241023117363903,3.799671743333333
train,syn_n50_k20_high_corr_normal_low_vol_r03_s20260655,10,theta_189,0.9224163787675729,0.010892611904867398,0.9172222222222224,0.03293588080587142,1.241023117363903,8.708980446666667
train,syn_n50_k20_high_corr_normal_low_vol_r03_s20260655,10,theta_200,0.9228144724833035,0.008805504011152824,0.961111111111111,0.023514694212299035,1.339521432661664,7.713232286666666
train,syn_n50_k20_high_corr_normal_low_vol_r03_s20260655,10,theta_223,0.9196274475791444,0.011912446649756037,0.9219444444444445,0.030814342572453145,1.2701783566423757,8.243713886666667
train,syn_n50_k20_high_corr_normal_low_vol_r03_s20260655,10,theta_234,0.9196274475791444,0.011912446649756037,0.9219444444444445,0.030814342572453145,1.2701783566423757,3.4392090333333343
train,syn_n50_k20_high_corr_normal_low_vol_r03_s20260655,10,theta_237,0.9196274475791444,0.011912446649756037,0.9219444444444445,0.030814342572453145,1.2701783566423757,3.4974343300000004
train,syn_n50_k20_low_corr_heavy_tail_high_vol_r03_s20260651,10,theta_011,1.0358078324894384,0.008213359653658476,0.9525000000000002,0.024718921951392015,1.2631374169670997,1.6873184233333332
train,syn_n50_k20_low_corr_heavy_tail_high_vol_r03_s20260651,10,theta_034,1.024875246502456,0.01880262964641829,0.81,0.060230280058668685,1.2351777867066998,2.3141605166666666
train,syn_n50_k20_low_corr_heavy_tail_high_vol_r03_s20260651,10,theta_037,1.024875246502456,0.01880262964641829,0.81,0.060230280058668685,1.2351777867066998,2.6405505166666665
train,syn_n50_k20_low_corr_heavy_tail_high_vol_r03_s20260651,10,theta_045,1.024875246502456,0.01880262964641829,0.81,0.060230280058668685,1.2351777867066998,2.6899566833333335
train,syn_n50_k20_low_corr_heavy_tail_high_vol_r03_s20260651,10,theta_047,1.024875246502456,0.01880262964641829,0.81,0.060230280058668685,1.2351777867066998,3.648152146666667
train,syn_n50_k20_low_corr_heavy_tail_high_vol_r03_s20260651,10,theta_067,1.0252082601331483,0.022925826884902252,0.8186111111111111,0.07725452285907038,1.1905265785360988,3.028161666666667
train,syn_n50_k20_low_corr_heavy_tail_high_vol_r03_s20260651,10,theta_076,1.0252082601331483,0.022925826884902252,0.8186111111111111,0.07725452285907038,1.1905265785360988,3.1091111933333333
train,syn_n50_k20_low_corr_heavy_tail_high_vol_r03_s20260651,10,theta_078,1.0252082601331483,0.022925826884902252,0.8186111111111111,0.07725452285907038,1.1905265785360988,2.6981304666666666
train,syn_n50_k20_low_corr_heavy_tail_high_vol_r03_s20260651,10,theta_084,1.0356616015594733,0.00792846014893606,0.9677777777777777,0.023903610798259735,1.2774823717806818,2.5405594733333334
train,syn_n50_k20_low_corr_heavy_tail_high_vol_r03_s20260651,10,theta_086,1.0356616015594733,0.00792846014893606,0.9677777777777777,0.023903610798259735,1.2774823717806818,3.2750903300000003
train,syn_n50_k20_low_corr_heavy_tail_high_vol_r03_s20260651,10,theta_089,1.0356616015594733,0.00792846014893606,0.9677777777777777,0.023903610798259735,1.2774823717806818,3.305881733333334
train,syn_n50_k20_low_corr_heavy_tail_high_vol_r03_s20260651,10,theta_118,1.0292193518277284,0.012148779680930592,0.913888888888889,0.032889043947458695,1.2612527330216825,2.8859805333333335
train,syn_n50_k20_low_corr_heavy_tail_high_vol_r03_s20260651,10,theta_131,1.0292193518277284,0.012148779680930592,0.913888888888889,0.032889043947458695,1.2612527330216825,3.1462044
train,syn_n50_k20_low_corr_heavy_tail_high_vol_r03_s20260651,10,theta_132,1.0292193518277284,0.012148779680930592,0.913888888888889,0.032889043947458695,1.2612527330216825,3.237515023333334
train,syn_n50_k20_low_corr_heavy_tail_high_vol_r03_s20260651,10,theta_144,1.0161869373899601,0.04815768059930577,0.7408333333333335,0.07395610091497386,1.1251775759890743,3.3856464866666665
train,syn_n50_k20_low_corr_heavy_tail_high_vol_r03_s20260651,10,theta_159,1.0161869373899601,0.04815768059930577,0.7408333333333335,0.07395610091497386,1.1251775759890743,2.9822578966666664
train,syn_n50_k20_low_corr_heavy_tail_high_vol_r03_s20260651,10,theta_164,1.0340467786177998,0.008420392779143226,0.9688888888888891,0.023741856587036626,1.2955612564071959,3.423701733333333
train,syn_n50_k20_low_corr_heavy_tail_high_vol_r03_s20260651,10,theta_170,1.0340467786177998,0.008420392779143226,0.9688888888888891,0.023741856587036626,1.2955612564071959,3.3972228033333334
train,syn_n50_k20_low_corr_heavy_tail_high_vol_r03_s20260651,10,theta_175,1.0340467786177998,0.008420392779143226,0.9688888888888891,0.023741856587036626,1.2955612564071959,3.343142763333334
train,syn_n50_k20_low_corr_heavy_tail_high_vol_r03_s20260651,10,theta_189,1.0340467786177998,0.008420392779143226,0.9688888888888891,0.023741856587036626,1.2955612564071959,7.82569789
train,syn_n50_k20_low_corr_heavy_tail_high_vol_r03_s20260651,10,theta_200,1.0282446073353675,0.011747765932766706,0.8783333333333333,0.032971876947216046,1.3041627149330104,7.1346587
train,syn_n50_k20_low_corr_heavy_tail_high_vol_r03_s20260651,10,theta_223,1.0245719408978105,0.027115457028083087,0.8480555555555558,0.06653635071928707,1.2106161031948033,7.2246827399999995
train,syn_n50_k20_low_corr_heavy_tail_high_vol_r03_s20260651,10,theta_234,1.0245719408978105,0.027115457028083087,0.8480555555555558,0.06653635071928707,1.2106161031948033,3.1921131266666665
train,syn_n50_k20_low_corr_heavy_tail_high_vol_r03_s20260651,10,theta_237,1.0245719408978105,0.027115457028083087,0.8480555555555558,0.06653635071928707,1.2106161031948033,3.091151023333333
train,syn_n50_k20_low_corr_normal_low_vol_r01_s20260656,10,theta_011,1.0761032639996073,0.039347383984061075,0.7002777777777777,0.03801057823625083,1.09644465852576,1.5992435200000001
train,syn_n50_k20_low_corr_normal_low_vol_r01_s20260656,10,theta_034,1.0680835910151505,0.031070238253146365,0.6133333333333333,0.07426270508280544,1.205473869497561,2.2201674300000005
train,syn_n50_k20_low_corr_normal_low_vol_r01_s20260656,10,theta_037,1.0680835910151505,0.031070238253146365,0.6133333333333333,0.07426270508280544,1.205473869497561,2.6046588266666664
train,syn_n50_k20_low_corr_normal_low_vol_r01_s20260656,10,theta_045,1.0680835910151505,0.031070238253146365,0.6133333333333333,0.07426270508280544,1.205473869497561,2.6595532566666673
train,syn_n50_k20_low_corr_normal_low_vol_r01_s20260656,10,theta_047,1.0680835910151505,0.031070238253146365,0.6133333333333333,0.07426270508280544,1.205473869497561,3.5778111966666666
train,syn_n50_k20_low_corr_normal_low_vol_r01_s20260656,10,theta_067,1.0611112475824092,0.05263983999145181,0.5947222222222222,0.08374356476670754,1.1039701572656822,3.0733848333333333
train,syn_n50_k20_low_corr_normal_low_vol_r01_s20260656,10,theta_076,1.0611112475824092,0.05263983999145181,0.5947222222222222,0.08374356476670754,1.1039701572656822,2.773885683333333
train,syn_n50_k20_low_corr_normal_low_vol_r01_s20260656,10,theta_078,1.0611112475824092,0.05263983999145181,0.5947222222222222,0.08374356476670754,1.1039701572656822,2.3026480966666667
train,syn_n50_k20_low_corr_normal_low_vol_r01_s20260656,10,theta_084,1.0823486631985004,0.027776873495666855,0.7794444444444444,0.03894465925077915,1.1506077299087478,2.4355213700000005
train,syn_n50_k20_low_corr_normal_low_vol_r01_s20260656,10,theta_086,1.0823486631985004,0.027776873495666855,0.7794444444444444,0.03894465925077915,1.1506077299087478,3.2022086600000006
train,syn_n50_k20_low_corr_normal_low_vol_r01_s20260656,10,theta_089,1.0823486631985004,0.027776873495666855,0.7794444444444444,0.03894465925077915,1.1506077299087478,3.267171123333333
train,syn_n50_k20_low_corr_normal_low_vol_r01_s20260656,10,theta_118,1.0688213534468562,0.028480327611099417,0.6525,0.09701822545748318,1.2182794788684357,2.9183198433333333
train,syn_n50_k20_low_corr_normal_low_vol_r01_s20260656,10,theta_131,1.0688213534468562,0.028480327611099417,0.6525,0.09701822545748318,1.2182794788684357,2.92098076
train,syn_n50_k20_low_corr_normal_low_vol_r01_s20260656,10,theta_132,1.0688213534468562,0.028480327611099417,0.6525,0.09701822545748318,1.2182794788684357,3.0388327966666666
train,syn_n50_k20_low_corr_normal_low_vol_r01_s20260656,10,theta_144,1.0572532172415685,0.06807595740888737,0.6469444444444444,0.10920301518085718,1.0825757600246375,3.4234936199999995
train,syn_n50_k20_low_corr_normal_low_vol_r01_s20260656,10,theta_159,1.0572532172415685,0.06807595740888737,0.6469444444444444,0.10920301518085718,1.0825757600246375,3.0496062433333333
train,syn_n50_k20_low_corr_normal_low_vol_r01_s20260656,10,theta_164,1.0805381545981652,0.028497467228225857,0.7611111111111111,0.053357636369331614,1.1411827268137886,3.3035162500000004
train,syn_n50_k20_low_corr_normal_low_vol_r01_s20260656,10,theta_170,1.0805381545981652,0.028497467228225857,0.7611111111111111,0.053357636369331614,1.1411827268137886,3.3808149
train,syn_n50_k20_low_corr_normal_low_vol_r01_s20260656,10,theta_175,1.0805381545981652,0.028497467228225857,0.7611111111111111,0.053357636369331614,1.1411827268137886,3.114153283333333
train,syn_n50_k20_low_corr_normal_low_vol_r01_s20260656,10,theta_189,1.0805381545981652,0.028497467228225857,0.7611111111111111,0.053357636369331614,1.1411827268137886,7.347275050000001
train,syn_n50_k20_low_corr_normal_low_vol_r01_s20260656,10,theta_200,1.0749934286907317,0.019172359245613113,0.6900000000000002,0.08059232372544642,1.2607875156390902,7.074488060000001
train,syn_n50_k20_low_corr_normal_low_vol_r01_s20260656,10,theta_223,1.0591217429224373,0.06189532914491707,0.6016666666666666,0.09294216147047309,1.0726821919373697,7.559831426666666
train,syn_n50_k20_low_corr_normal_low_vol_r01_s20260656,10,theta_234,1.0591217429224373,0.06189532914491707,0.6016666666666666,0.09294216147047309,1.0726821919373697,3.1521331833333326
train,syn_n50_k20_low_corr_normal_low_vol_r01_s20260656,10,theta_237,1.0591217429224373,0.06189532914491707,0.6016666666666666,0.09294216147047309,1.0726821919373697,3.0734794500000007
train,syn_n50_k20_low_corr_skewed_extreme_events_r02_s20260653,10,theta_011,1.0788646953540193,0.09862731291303069,0.6558333333333335,0.02590930937689843,0.932219107761145,1.6234588166666666
train,syn_n50_k20_low_corr_skewed_extreme_events_r02_s20260653,10,theta_034,1.078741997326666,0.04984421694463322,0.6813888888888892,0.07796575716295456,1.1482377637677403,2.1981530433333334
train,syn_n50_k20_low_corr_skewed_extreme_events_r02_s20260653,10,theta_037,1.078741997326666,0.04984421694463322,0.6813888888888892,0.07796575716295456,1.1482377637677403,2.5860846166666662
train,syn_n50_k20_low_corr_skewed_extreme_events_r02_s20260653,10,theta_045,1.078741997326666,0.04984421694463322,0.6813888888888892,0.07796575716295456,1.1482377637677403,2.634986743333333
train,syn_n50_k20_low_corr_skewed_extreme_events_r02_s20260653,10,theta_047,1.078741997326666,0.04984421694463322,0.6813888888888892,0.07796575716295456,1.1482377637677403,3.516180266666667
train,syn_n50_k20_low_corr_skewed_extreme_events_r02_s20260653,10,theta_067,1.0705823805998513,0.07871520550054055,0.5894444444444443,0.050586679073917055,1.01879997127934,2.983608203333333
train,syn_n50_k20_low_corr_skewed_extreme_events_r02_s20260653,10,theta_076,1.0705823805998513,0.07871520550054055,0.5894444444444443,0.050586679073917055,1.01879997127934,3.0379699833333333
train,syn_n50_k20_low_corr_skewed_extreme_events_r02_s20260653,10,theta_078,1.0705823805998513,0.07871520550054055,0.5894444444444443,0.050586679073917055,1.01879997127934,2.2893992466666666
train,syn_n50_k20_low_corr_skewed_extreme_events_r02_s20260653,10,theta_084,1.0822960613460293,0.0771800823658435,0.7180555555555556,0.07228938954541841,1.0140127957512626,2.375633056666667
train,syn_n50_k20_low_corr_skewed_extreme_events_r02_s20260653,10,theta_086,1.0822960613460293,0.0771800823658435,0.7180555555555556,0.07228938954541841,1.0140127957512626,3.3597728066666663
train,syn_n50_k20_low_corr_skewed_extreme_events_r02_s20260653,10,theta_089,1.0822960613460293,0.0771800823658435,0.7180555555555556,0.07228938954541841,1.0140127957512626,3.2239975966666674
train,syn_n50_k20_low_corr_skewed_extreme_events_r02_s20260653,10,theta_118,1.0689190887639597,0.05938359511168143,0.6069444444444444,0.07306306274202834,1.106167256367677,2.967075799999999
train,syn_n50_k20_low_corr_skewed_extreme_events_r02_s20260653,10,theta_131,1.0689190887639597,0.05938359511168143,0.6069444444444444,0.07306306274202834,1.106167256367677,3.208953323333333
train,syn_n50_k20_low_corr_skewed_extreme_events_r02_s20260653,10,theta_132,1.0689190887639597,0.05938359511168143,0.6069444444444444,0.07306306274202834,1.106167256367677,2.973100286666667
train,syn_n50_k20_low_corr_skewed_extreme_events_r02_s20260653,10,theta_144,1.0699109260097008,0.08373733294702239,0.6208333333333333,0.08330030564450516,1.0209718338206146,3.283798983333333
train,syn_n50_k20_low_corr_skewed_extreme_events_r02_s20260653,10,theta_159,1.0699109260097008,0.08373733294702239,0.6208333333333333,0.08330030564450516,1.0209718338206146,2.9774956766666674
train,syn_n50_k20_low_corr_skewed_extreme_events_r02_s20260653,10,theta_164,1.0847682777693977,0.0629461847037614,0.735,0.07807487551554491,1.048353762328114,3.28490113
train,syn_n50_k20_low_corr_skewed_extreme_events_r02_s20260653,10,theta_170,1.0847682777693977,0.0629461847037614,0.735,0.07807487551554491,1.048353762328114,3.350742866666667
train,syn_n50_k20_low_corr_skewed_extreme_events_r02_s20260653,10,theta_175,1.0847682777693977,0.0629461847037614,0.735,0.07807487551554491,1.048353762328114,3.1687574799999996
train,syn_n50_k20_low_corr_skewed_extreme_events_r02_s20260653,10,theta_189,1.0847682777693977,0.0629461847037614,0.735,0.07807487551554491,1.048353762328114,7.487913853333334
train,syn_n50_k20_low_corr_skewed_extreme_events_r02_s20260653,10,theta_200,1.0826539586587007,0.02446992357325369,0.7794444444444445,0.09297782883225308,1.2634299250462784,6.955420213333334
train,syn_n50_k20_low_corr_skewed_extreme_events_r02_s20260653,10,theta_223,1.0834573579896534,0.041136827996816464,0.7516666666666667,0.08981274875022001,1.1574620676408125,7.6171687566666675
train,syn_n50_k20_low_corr_skewed_extreme_events_r02_s20260653,10,theta_234,1.0834573579896534,0.041136827996816464,0.7516666666666667,0.08981274875022001,1.1574620676408125,3.08441257
train,syn_n50_k20_low_corr_skewed_extreme_events_r02_s20260653,10,theta_237,1.0834573579896534,0.041136827996816464,0.7516666666666667,0.08981274875022001,1.1574620676408125,2.9866838099999997
train,syn_n50_k20_pathological_cov_mixed_low_vol_r01_s20260652,10,theta_011,0.965020781827762,0.009568100853078437,0.9575,0.023067013920634667,1.376070627971937,1.5819689133333332
train,syn_n50_k20_pathological_cov_mixed_low_vol_r01_s20260652,10,theta_034,0.9595222235172101,0.01659144934362561,0.9277777777777777,0.05711790357028574,1.3538823042564097,2.40280751
train,syn_n50_k20_pathological_cov_mixed_low_vol_r01_s20260652,10,theta_037,0.9595222235172101,0.01659144934362561,0.9277777777777777,0.05711790357028574,1.3538823042564097,2.8236998200000003
train,syn_n50_k20_pathological_cov_mixed_low_vol_r01_s20260652,10,theta_045,0.9595222235172101,0.01659144934362561,0.9277777777777777,0.05711790357028574,1.3538823042564097,2.7824905133333333
train,syn_n50_k20_pathological_cov_mixed_low_vol_r01_s20260652,10,theta_047,0.9595222235172101,0.01659144934362561,0.9277777777777777,0.05711790357028574,1.3538823042564097,3.8907862366666675
train,syn_n50_k20_pathological_cov_mixed_low_vol_r01_s20260652,10,theta_067,0.968623599338655,0.006465523453687532,0.9830555555555556,0.016198548735282935,1.3954390487146842,3.2742721233333336
train,syn_n50_k20_pathological_cov_mixed_low_vol_r01_s20260652,10,theta_076,0.968623599338655,0.006465523453687532,0.9830555555555556,0.016198548735282935,1.3954390487146842,3.439393183333333
train,syn_n50_k20_pathological_cov_mixed_low_vol_r01_s20260652,10,theta_078,0.968623599338655,0.006465523453687532,0.9830555555555556,0.016198548735282935,1.3954390487146842,2.5310086300000005
train,syn_n50_k20_pathological_cov_mixed_low_vol_r01_s20260652,10,theta_084,0.954166301041721,0.016808214255017266,0.8872222222222224,0.040111068963211476,1.3777865380892476,2.48548118
train,syn_n50_k20_pathological_cov_mixed_low_vol_r01_s20260652,10,theta_086,0.954166301041721,0.016808214255017266,0.8872222222222224,0.040111068963211476,1.3777865380892476,3.1905418266666667
train,syn_n50_k20_pathological_cov_mixed_low_vol_r01_s20260652,10,theta_089,0.954166301041721,0.016808214255017266,0.8872222222222224,0.040111068963211476,1.3777865380892476,3.2597254599999994
train,syn_n50_k20_pathological_cov_mixed_low_vol_r01_s20260652,10,theta_118,0.9708541441074345,0.005514891876367162,0.9883333333333334,0.01175990638607797,1.3958739322954254,3.3651607433333326
train,syn_n50_k20_pathological_cov_mixed_low_vol_r01_s20260652,10,theta_131,0.9708541441074345,0.005514891876367162,0.9883333333333334,0.01175990638607797,1.3958739322954254,3.7044433033333335
train,syn_n50_k20_pathological_cov_mixed_low_vol_r01_s20260652,10,theta_132,0.9708541441074345,0.005514891876367162,0.9883333333333334,0.01175990638607797,1.3958739322954254,3.341603736666667
train,syn_n50_k20_pathological_cov_mixed_low_vol_r01_s20260652,10,theta_144,0.9621883555925432,0.011862188015792396,0.9375,0.02855352051604724,1.3734960302887516,3.6102518666666668
train,syn_n50_k20_pathological_cov_mixed_low_vol_r01_s20260652,10,theta_159,0.9621883555925432,0.011862188015792396,0.9375,0.02855352051604724,1.3734960302887516,3.10244645
train,syn_n50_k20_pathological_cov_mixed_low_vol_r01_s20260652,10,theta_164,0.9636882714362783,0.011582787930945155,0.9400000000000001,0.033546276375140544,1.3650761902771835,3.39103843
train,syn_n50_k20_pathological_cov_mixed_low_vol_r01_s20260652,10,theta_170,0.9636882714362783,0.011582787930945155,0.9400000000000001,0.033546276375140544,1.3650761902771835,3.3792656733333337
train,syn_n50_k20_pathological_cov_mixed_low_vol_r01_s20260652,10,theta_175,0.9636882714362783,0.011582787930945155,0.9400000000000001,0.033546276375140544,1.3650761902771835,3.11209757
train,syn_n50_k20_pathological_cov_mixed_low_vol_r01_s20260652,10,theta_189,0.9636882714362783,0.011582787930945155,0.9400000000000001,0.033546276375140544,1.3650761902771835,7.534070920000001
train,syn_n50_k20_pathological_cov_mixed_low_vol_r01_s20260652,10,theta_200,0.9720491051713754,0.005113510416996438,0.9977777777777779,0.011429602019492396,1.395904452838247,7.844505859999999
train,syn_n50_k20_pathological_cov_mixed_low_vol_r01_s20260652,10,theta_223,0.9687335731766562,0.00820349780674382,0.9741666666666666,0.02276750110156405,1.3819526468857206,8.2195974
train,syn_n50_k20_pathological_cov_mixed_low_vol_r01_s20260652,10,theta_234,0.9687335731766562,0.00820349780674382,0.9741666666666666,0.02276750110156405,1.3819526468857206,3.2537932266666663
train,syn_n50_k20_pathological_cov_mixed_low_vol_r01_s20260652,10,theta_237,0.9687335731766562,0.00820349780674382,0.9741666666666666,0.02276750110156405,1.3819526468857206,3.330320026666667
train,syn_n50_k30_cluster_corr_mixed_extreme_events_r03_s20260664,15,theta_011,0.9451970545889622,0.0190484394846306,0.8538888888888889,0.02839630302074546,1.1829412306408575,1.6645736633333332
train,syn_n50_k30_cluster_corr_mixed_extreme_events_r03_s20260664,15,theta_034,0.9362120633051144,0.021872766586658206,0.5447222222222222,0.04280153850501418,1.2838380594333607,2.349373386666667
train,syn_n50_k30_cluster_corr_mixed_extreme_events_r03_s20260664,15,theta_037,0.9362120633051144,0.021872766586658206,0.5447222222222222,0.04280153850501418,1.2838380594333607,2.75991278
train,syn_n50_k30_cluster_corr_mixed_extreme_events_r03_s20260664,15,theta_045,0.9362120633051144,0.021872766586658206,0.5447222222222222,0.04280153850501418,1.2838380594333607,3.7057263900000006
train,syn_n50_k30_cluster_corr_mixed_extreme_events_r03_s20260664,15,theta_047,0.9362120633051144,0.021872766586658206,0.5447222222222222,0.04280153850501418,1.2838380594333607,4.542142966666666
train,syn_n50_k30_cluster_corr_mixed_extreme_events_r03_s20260664,15,theta_067,0.9346815627532988,0.023377600460136486,0.6619444444444444,0.05118716192490982,1.2198381675481105,3.16711821
train,syn_n50_k30_cluster_corr_mixed_extreme_events_r03_s20260664,15,theta_076,0.9346815627532988,0.023377600460136486,0.6619444444444444,0.05118716192490982,1.2198381675481105,3.09221498
train,syn_n50_k30_cluster_corr_mixed_extreme_events_r03_s20260664,15,theta_078,0.9346815627532988,0.023377600460136486,0.6619444444444444,0.05118716192490982,1.2198381675481105,2.539527423333334
train,syn_n50_k30_cluster_corr_mixed_extreme_events_r03_s20260664,15,theta_084,0.9531474754992257,0.013955144485428285,0.8911111111111113,0.04776181996748606,1.241481304595253,2.4809449866666666
train,syn_n50_k30_cluster_corr_mixed_extreme_events_r03_s20260664,15,theta_086,0.9531474754992257,0.013955144485428285,0.8911111111111113,0.04776181996748606,1.241481304595253,3.2612579033333327
train,syn_n50_k30_cluster_corr_mixed_extreme_events_r03_s20260664,15,theta_089,0.9531474754992257,0.013955144485428285,0.8911111111111113,0.04776181996748606,1.241481304595253,3.31021034
train,syn_n50_k30_cluster_corr_mixed_extreme_events_r03_s20260664,15,theta_118,0.934024594187502,0.023477117827462386,0.5113888888888888,0.050345603612042586,1.2770571383000258,3.16976124
train,syn_n50_k30_cluster_corr_mixed_extreme_events_r03_s20260664,15,theta_131,0.934024594187502,0.023477117827462386,0.5113888888888888,0.050345603612042586,1.2770571383000258,3.2175295233333334
train,syn_n50_k30_cluster_corr_mixed_extreme_events_r03_s20260664,15,theta_132,0.934024594187502,0.023477117827462386,0.5113888888888888,0.050345603612042586,1.2770571383000258,3.8674688399999995
train,syn_n50_k30_cluster_corr_mixed_extreme_events_r03_s20260664,15,theta_144,0.9340721555206446,0.024797876210453953,0.6277777777777778,0.0584299187957881,1.222030880714579,3.40844928
train,syn_n50_k30_cluster_corr_mixed_extreme_events_r03_s20260664,15,theta_159,0.9340721555206446,0.024797876210453953,0.6277777777777778,0.0584299187957881,1.222030880714579,3.1581652100000004
train,syn_n50_k30_cluster_corr_mixed_extreme_events_r03_s20260664,15,theta_164,0.9547114007784169,0.013358566292347258,0.9158333333333334,0.050515699392526224,1.2549465281125982,3.476809573333334
train,syn_n50_k30_cluster_corr_mixed_extreme_events_r03_s20260664,15,theta_170,0.9547114007784169,0.013358566292347258,0.9158333333333334,0.050515699392526224,1.2549465281125982,3.364083723333333
train,syn_n50_k30_cluster_corr_mixed_extreme_events_r03_s20260664,15,theta_175,0.9547114007784169,0.013358566292347258,0.9158333333333334,0.050515699392526224,1.2549465281125982,3.9547448833333334
train,syn_n50_k30_cluster_corr_mixed_extreme_events_r03_s20260664,15,theta_189,0.9547114007784169,0.013358566292347258,0.9158333333333334,0.050515699392526224,1.2549465281125982,7.495887983333333
train,syn_n50_k30_cluster_corr_mixed_extreme_events_r03_s20260664,15,theta_200,0.9445202472596573,0.018130172428602997,0.6125000000000002,0.03327745451075041,1.3399067745320348,7.247623823333333
train,syn_n50_k30_cluster_corr_mixed_extreme_events_r03_s20260664,15,theta_223,0.9438156121456288,0.018307439434174465,0.7188888888888888,0.04905174706254151,1.2833200075688866,7.458332956666665
train,syn_n50_k30_cluster_corr_mixed_extreme_events_r03_s20260664,15,theta_234,0.9438156121456288,0.018307439434174465,0.7188888888888888,0.04905174706254151,1.2833200075688866,3.1727354766666664
train,syn_n50_k30_cluster_corr_mixed_extreme_events_r03_s20260664,15,theta_237,0.9438156121456288,0.018307439434174465,0.7188888888888888,0.04905174706254151,1.2833200075688866,3.1751699066666665
train,syn_n500_k05_cluster_corr_skewed_high_vol_r01_s20260777,25,theta_011,0.90017362632854,0.07049891952326069,0.48250000000000004,0.05538085667232342,0.7133647491388203,5.166385336666666
train,syn_n500_k05_cluster_corr_skewed_high_vol_r01_s20260777,25,theta_034,0.8678128677112988,0.09156861489915988,0.2827777777777778,0.09155270822863763,0.8103139333298461,9.246965153333331
train,syn_n500_k05_cluster_corr_skewed_high_vol_r01_s20260777,25,theta_037,0.8678128677112988,0.09156861489915988,0.2827777777777778,0.09155270822863763,0.8103139333298461,8.677966383333334
train,syn_n500_k05_cluster_corr_skewed_high_vol_r01_s20260777,25,theta_045,0.8678128677112988,0.09156861489915988,0.2827777777777778,0.09155270822863763,0.8103139333298461,9.089901703333334
train,syn_n500_k05_cluster_corr_skewed_high_vol_r01_s20260777,25,theta_047,0.8678128677112988,0.09156861489915988,0.2827777777777778,0.09155270822863763,0.8103139333298461,9.173597110000001
train,syn_n500_k05_cluster_corr_skewed_high_vol_r01_s20260777,25,theta_067,0.8600031947324962,0.08779678319778551,0.3722222222222222,0.05802830250483331,0.6833593008235972,9.260931680000002
train,syn_n500_k05_cluster_corr_skewed_high_vol_r01_s20260777,25,theta_076,0.8600031947324962,0.08779678319778551,0.3722222222222222,0.05802830250483331,0.6833593008235972,4.173081116666666
train,syn_n500_k05_cluster_corr_skewed_high_vol_r01_s20260777,25,theta_078,0.8600031947324962,0.08779678319778551,0.3722222222222222,0.05802830250483331,0.6833593008235972,5.429870350000001
train,syn_n500_k05_cluster_corr_skewed_high_vol_r01_s20260777,25,theta_084,0.9042766532416466,0.06982680245490838,0.47472222222222216,0.05459947373511711,0.7442809610685236,9.695279336666664
train,syn_n500_k05_cluster_corr_skewed_high_vol_r01_s20260777,25,theta_086,0.9042766532416466,0.06982680245490838,0.47472222222222216,0.05459947373511711,0.7442809610685236,9.212568353333332
train,syn_n500_k05_cluster_corr_skewed_high_vol_r01_s20260777,25,theta_089,0.9042766532416466,0.06982680245490838,0.47472222222222216,0.05459947373511711,0.7442809610685236,3.456972546666667
train,syn_n500_k05_cluster_corr_skewed_high_vol_r01_s20260777,25,theta_118,0.8767780421696053,0.08744521001916335,0.2908333333333334,0.08199611089481008,0.8067551034304178,3.1162269
train,syn_n500_k05_cluster_corr_skewed_high_vol_r01_s20260777,25,theta_131,0.8767780421696053,0.08744521001916335,0.2908333333333334,0.08199611089481008,0.8067551034304178,2.852480576666666
train,syn_n500_k05_cluster_corr_skewed_high_vol_r01_s20260777,25,theta_132,0.8767780421696053,0.08744521001916335,0.2908333333333334,0.08199611089481008,0.8067551034304178,4.310591753333333
train,syn_n500_k05_cluster_corr_skewed_high_vol_r01_s20260777,25,theta_144,0.8935832196527164,0.07503730619771835,0.4313888888888888,0.07746095409835661,0.7530556082552772,8.570510496666666
train,syn_n500_k05_cluster_corr_skewed_high_vol_r01_s20260777,25,theta_159,0.8935832196527164,0.07503730619771835,0.4313888888888888,0.07746095409835661,0.7530556082552772,4.554289493333332
train,syn_n500_k05_cluster_corr_skewed_high_vol_r01_s20260777,25,theta_164,0.9008524037260291,0.0737433589771502,0.45055555555555565,0.0664302954879936,0.7229373463981152,4.01868787
train,syn_n500_k05_cluster_corr_skewed_high_vol_r01_s20260777,25,theta_170,0.9008524037260291,0.0737433589771502,0.45055555555555565,0.0664302954879936,0.7229373463981152,4.19621213
train,syn_n500_k05_cluster_corr_skewed_high_vol_r01_s20260777,25,theta_175,0.9008524037260291,0.0737433589771502,0.45055555555555565,0.0664302954879936,0.7229373463981152,4.22748753
train,syn_n500_k05_cluster_corr_skewed_high_vol_r01_s20260777,25,theta_189,0.9008524037260291,0.0737433589771502,0.45055555555555565,0.0664302954879936,0.7229373463981152,4.137705836666667
train,syn_n500_k05_cluster_corr_skewed_high_vol_r01_s20260777,25,theta_200,0.9271730915131351,0.06921727383910811,0.30944444444444447,0.09317724847443919,0.8827836981582085,4.046823816666666
train,syn_n500_k05_cluster_corr_skewed_high_vol_r01_s20260777,25,theta_223,0.8693424575913878,0.08442183406476213,0.36388888888888893,0.06062745395677051,0.7185601874634595,4.095602943333334
train,syn_n500_k05_cluster_corr_skewed_high_vol_r01_s20260777,25,theta_234,0.8693424575913878,0.08442183406476213,0.36388888888888893,0.06062745395677051,0.7185601874634595,4.17577294
train,syn_n500_k05_cluster_corr_skewed_high_vol_r01_s20260777,25,theta_237,0.8693424575913878,0.08442183406476213,0.36388888888888893,0.06062745395677051,0.7185601874634595,4.109018683333334
train,syn_n500_k05_high_corr_heavy_tail_extreme_events_r01_s20260776,25,theta_011,0.9658608468798897,0.09129538226053097,0.23833333333333334,0.12073498956669951,0.8009219785454355,4.867693326666668
train,syn_n500_k05_high_corr_heavy_tail_extreme_events_r01_s20260776,25,theta_034,0.9511519509662855,0.08553531469385299,0.1725,0.11091751644667519,0.998642954944203,9.360850923333334
train,syn_n500_k05_high_corr_heavy_tail_extreme_events_r01_s20260776,25,theta_037,0.9511519509662855,0.08553531469385299,0.1725,0.11091751644667519,0.998642954944203,8.963842153333333
train,syn_n500_k05_high_corr_heavy_tail_extreme_events_r01_s20260776,25,theta_045,0.9511519509662855,0.08553531469385299,0.1725,0.11091751644667519,0.998642954944203,9.001575610000002
train,syn_n500_k05_high_corr_heavy_tail_extreme_events_r01_s20260776,25,theta_047,0.9511519509662855,0.08553531469385299,0.1725,0.11091751644667519,0.998642954944203,8.713701486666666
train,syn_n500_k05_high_corr_heavy_tail_extreme_events_r01_s20260776,25,theta_067,0.9648206690730861,0.08235375323007016,0.2463888888888889,0.09337562885764446,0.8927639495875915,9.217923403333334
train,syn_n500_k05_high_corr_heavy_tail_extreme_events_r01_s20260776,25,theta_076,0.9648206690730861,0.08235375323007016,0.2463888888888889,0.09337562885764446,0.8927639495875915,4.130130446666667
train,syn_n500_k05_high_corr_heavy_tail_extreme_events_r01_s20260776,25,theta_078,0.9648206690730861,0.08235375323007016,0.2463888888888889,0.09337562885764446,0.8927639495875915,9.44908933
train,syn_n500_k05_high_corr_heavy_tail_extreme_events_r01_s20260776,25,theta_084,0.9645780994640926,0.08356043224208781,0.1875,0.091491458040464,0.8607207177305942,9.036702856666667
train,syn_n500_k05_high_corr_heavy_tail_extreme_events_r01_s20260776,25,theta_086,0.9645780994640926,0.08356043224208781,0.1875,0.091491458040464,0.8607207177305942,8.960124590000001
train,syn_n500_k05_high_corr_heavy_tail_extreme_events_r01_s20260776,25,theta_089,0.9645780994640926,0.08356043224208781,0.1875,0.091491458040464,0.8607207177305942,3.44321841
train,syn_n500_k05_high_corr_heavy_tail_extreme_events_r01_s20260776,25,theta_118,0.9345968576416525,0.10674884570312297,0.19666666666666668,0.11608629511606315,0.9030565066471324,3.0284658099999997
train,syn_n500_k05_high_corr_heavy_tail_extreme_events_r01_s20260776,25,theta_131,0.9345968576416525,0.10674884570312297,0.19666666666666668,0.11608629511606315,0.9030565066471324,2.7818205699999994
train,syn_n500_k05_high_corr_heavy_tail_extreme_events_r01_s20260776,25,theta_132,0.9345968576416525,0.10674884570312297,0.19666666666666668,0.11608629511606315,0.9030565066471324,4.530999526666665
train,syn_n500_k05_high_corr_heavy_tail_extreme_events_r01_s20260776,25,theta_144,0.9558340009695472,0.10030982690161627,0.1988888888888889,0.12317496551714122,0.8189983739639122,8.349800576666667
train,syn_n500_k05_high_corr_heavy_tail_extreme_events_r01_s20260776,25,theta_159,0.9558340009695472,0.10030982690161627,0.1988888888888889,0.12317496551714122,0.8189983739639122,4.14376229
train,syn_n500_k05_high_corr_heavy_tail_extreme_events_r01_s20260776,25,theta_164,0.9475803974437741,0.09395456476695485,0.19388888888888892,0.11546852504143718,0.8715857491753772,4.057009333333332
train,syn_n500_k05_high_corr_heavy_tail_extreme_events_r01_s20260776,25,theta_170,0.9475803974437741,0.09395456476695485,0.19388888888888892,0.11546852504143718,0.8715857491753772,3.994392196666667
train,syn_n500_k05_high_corr_heavy_tail_extreme_events_r01_s20260776,25,theta_175,0.9475803974437741,0.09395456476695485,0.19388888888888892,0.11546852504143718,0.8715857491753772,4.011117463333334
train,syn_n500_k05_high_corr_heavy_tail_extreme_events_r01_s20260776,25,theta_189,0.9475803974437741,0.09395456476695485,0.19388888888888892,0.11546852504143718,0.8715857491753772,3.9672030533333333
train,syn_n500_k05_high_corr_heavy_tail_extreme_events_r01_s20260776,25,theta_200,0.9501649145106091,0.09729028964176563,0.2033333333333333,0.12619729347405642,0.8861170664388555,4.061160203333333
train,syn_n500_k05_high_corr_heavy_tail_extreme_events_r01_s20260776,25,theta_223,0.9593460056120899,0.08718721438154425,0.20555555555555557,0.10722383086678443,0.8986756300242917,3.9633687133333337
train,syn_n500_k05_high_corr_heavy_tail_extreme_events_r01_s20260776,25,theta_234,0.9593460056120899,0.08718721438154425,0.20555555555555557,0.10722383086678443,0.8986756300242917,3.9716624933333335
train,syn_n500_k05_high_corr_heavy_tail_extreme_events_r01_s20260776,25,theta_237,0.9593460056120899,0.08718721438154425,0.20555555555555557,0.10722383086678443,0.8986756300242917,4.115905033333333
train,syn_n500_k05_high_corr_mixed_high_vol_r02_s20260773,25,theta_011,1.0072007046335,0.05247736147150557,0.3225,0.07973613351040607,0.8661592569158885,5.624270776666666
train,syn_n500_k05_high_corr_mixed_high_vol_r02_s20260773,25,theta_034,0.9713786700211453,0.08208657697430777,0.037222222222222226,0.08270692883463077,0.9986508200391684,9.03068498
train,syn_n500_k05_high_corr_mixed_high_vol_r02_s20260773,25,theta_037,0.9713786700211453,0.08208657697430777,0.037222222222222226,0.08270692883463077,0.9986508200391684,8.81261684
train,syn_n500_k05_high_corr_mixed_high_vol_r02_s20260773,25,theta_045,0.9713786700211453,0.08208657697430777,0.037222222222222226,0.08270692883463077,0.9986508200391684,8.96813038
train,syn_n500_k05_high_corr_mixed_high_vol_r02_s20260773,25,theta_047,0.9713786700211453,0.08208657697430777,0.037222222222222226,0.08270692883463077,0.9986508200391684,8.802723236666667
train,syn_n500_k05_high_corr_mixed_high_vol_r02_s20260773,25,theta_067,0.980708827562733,0.07025393378237237,0.10333333333333333,0.09428767622149013,0.9030825849760458,8.123456093333333
train,syn_n500_k05_high_corr_mixed_high_vol_r02_s20260773,25,theta_076,0.980708827562733,0.07025393378237237,0.10333333333333333,0.09428767622149013,0.9030825849760458,4.1362405099999995
train,syn_n500_k05_high_corr_mixed_high_vol_r02_s20260773,25,theta_078,0.980708827562733,0.07025393378237237,0.10333333333333333,0.09428767622149013,0.9030825849760458,9.658307696666666
train,syn_n500_k05_high_corr_mixed_high_vol_r02_s20260773,25,theta_084,1.0076640767928962,0.053874272193586974,0.27527777777777784,0.08101592110545029,0.8644182446461665,9.234670923333335
train,syn_n500_k05_high_corr_mixed_high_vol_r02_s20260773,25,theta_086,1.0076640767928962,0.053874272193586974,0.27527777777777784,0.08101592110545029,0.8644182446461665,9.575688163333332
train,syn_n500_k05_high_corr_mixed_high_vol_r02_s20260773,25,theta_089,1.0076640767928962,0.053874272193586974,0.27527777777777784,0.08101592110545029,0.8644182446461665,3.43222971
train,syn_n500_k05_high_corr_mixed_high_vol_r02_s20260773,25,theta_118,0.9728630136948406,0.07884153338520147,0.06388888888888887,0.08695151837542339,0.9915743162848809,3.094182316666667
train,syn_n500_k05_high_corr_mixed_high_vol_r02_s20260773,25,theta_131,0.9728630136948406,0.07884153338520147,0.06388888888888887,0.08695151837542339,0.9915743162848809,2.7888103866666665
train,syn_n500_k05_high_corr_mixed_high_vol_r02_s20260773,25,theta_132,0.9728630136948406,0.07884153338520147,0.06388888888888887,0.08695151837542339,0.9915743162848809,4.35562164
train,syn_n500_k05_high_corr_mixed_high_vol_r02_s20260773,25,theta_144,0.9829620580874024,0.07102458743298179,0.10277777777777776,0.08189396198371106,0.880522029732546,8.182980193333334
train,syn_n500_k05_high_corr_mixed_high_vol_r02_s20260773,25,theta_159,0.9829620580874024,0.07102458743298179,0.10277777777777776,0.08189396198371106,0.880522029732546,4.043022783333333
train,syn_n500_k05_high_corr_mixed_high_vol_r02_s20260773,25,theta_164,1.0022208231535645,0.05334984849189166,0.2797222222222222,0.0796687298859678,0.9553408653509728,4.1450247933333335
train,syn_n500_k05_high_corr_mixed_high_vol_r02_s20260773,25,theta_170,1.0022208231535645,0.05334984849189166,0.2797222222222222,0.0796687298859678,0.9553408653509728,4.178626566666666
train,syn_n500_k05_high_corr_mixed_high_vol_r02_s20260773,25,theta_175,1.0022208231535645,0.05334984849189166,0.2797222222222222,0.0796687298859678,0.9553408653509728,4.066176860000001
train,syn_n500_k05_high_corr_mixed_high_vol_r02_s20260773,25,theta_189,1.0022208231535645,0.05334984849189166,0.2797222222222222,0.0796687298859678,0.9553408653509728,4.14129382
train,syn_n500_k05_high_corr_mixed_high_vol_r02_s20260773,25,theta_200,0.9740324558723201,0.07936860746314589,0.06083333333333332,0.09417073634034706,1.0367871386466132,4.088905493333333
train,syn_n500_k05_high_corr_mixed_high_vol_r02_s20260773,25,theta_223,0.9802729178954656,0.06892670551162522,0.09166666666666665,0.09182054102078749,0.9608506312211798,4.2185798566666675
train,syn_n500_k05_high_corr_mixed_high_vol_r02_s20260773,25,theta_234,0.9802729178954656,0.06892670551162522,0.09166666666666665,0.09182054102078749,0.9608506312211798,4.130130970000001
train,syn_n500_k05_high_corr_mixed_high_vol_r02_s20260773,25,theta_237,0.9802729178954656,0.06892670551162522,0.09166666666666665,0.09182054102078749,0.9608506312211798,3.9734689633333335
train,syn_n500_k05_high_corr_normal_low_vol_r03_s20260775,25,theta_011,0.9345444982306296,0.19555537800479256,0.3005555555555555,0.1207835181942484,0.5256948988016015,5.120026106666668
train,syn_n500_k05_high_corr_normal_low_vol_r03_s20260775,25,theta_034,0.9569534195389863,0.17570754784899342,0.2872222222222222,0.16054134824211413,0.7244186132260838,8.968303373333333
train,syn_n500_k05_high_corr_normal_low_vol_r03_s20260775,25,theta_037,0.9569534195389863,0.17570754784899342,0.2872222222222222,0.16054134824211413,0.7244186132260838,9.29005247
train,syn_n500_k05_high_corr_normal_low_vol_r03_s20260775,25,theta_045,0.9569534195389863,0.17570754784899342,0.2872222222222222,0.16054134824211413,0.7244186132260838,8.86049938
train,syn_n500_k05_high_corr_normal_low_vol_r03_s20260775,25,theta_047,0.9569534195389863,0.17570754784899342,0.2872222222222222,0.16054134824211413,0.7244186132260838,8.563786613333333
train,syn_n500_k05_high_corr_normal_low_vol_r03_s20260775,25,theta_067,0.9951728428641876,0.1428216560423162,0.35250000000000004,0.11474014315155259,0.7610032745808917,3.1291387566666655
train,syn_n500_k05_high_corr_normal_low_vol_r03_s20260775,25,theta_076,0.9951728428641876,0.1428216560423162,0.35250000000000004,0.11474014315155259,0.7610032745808917,4.057731666666667
train,syn_n500_k05_high_corr_normal_low_vol_r03_s20260775,25,theta_078,0.9951728428641876,0.1428216560423162,0.35250000000000004,0.11474014315155259,0.7610032745808917,8.989456443333333
train,syn_n500_k05_high_corr_normal_low_vol_r03_s20260775,25,theta_084,0.9770771841535383,0.16508040080882225,0.33666666666666656,0.12054424085879765,0.6302316003039067,9.080576313333333
train,syn_n500_k05_high_corr_normal_low_vol_r03_s20260775,25,theta_086,0.9770771841535383,0.16508040080882225,0.33666666666666656,0.12054424085879765,0.6302316003039067,8.814290486666666
train,syn_n500_k05_high_corr_normal_low_vol_r03_s20260775,25,theta_089,0.9770771841535383,0.16508040080882225,0.33666666666666656,0.12054424085879765,0.6302316003039067,3.1961488833333336
train,syn_n500_k05_high_corr_normal_low_vol_r03_s20260775,25,theta_118,0.9772662250186624,0.14155759410644014,0.3152777777777777,0.1429877479140268,0.8143071576175303,2.810788546666666
train,syn_n500_k05_high_corr_normal_low_vol_r03_s20260775,25,theta_131,0.9772662250186624,0.14155759410644014,0.3152777777777777,0.1429877479140268,0.8143071576175303,2.6260603566666663
train,syn_n500_k05_high_corr_normal_low_vol_r03_s20260775,25,theta_132,0.9772662250186624,0.14155759410644014,0.3152777777777777,0.1429877479140268,0.8143071576175303,4.159210066666667
train,syn_n500_k05_high_corr_normal_low_vol_r03_s20260775,25,theta_144,0.9667412660237963,0.16450348703428994,0.3372222222222223,0.12459240146682343,0.6614385340056946,7.92341953
train,syn_n500_k05_high_corr_normal_low_vol_r03_s20260775,25,theta_159,0.9667412660237963,0.16450348703428994,0.3372222222222223,0.12459240146682343,0.6614385340056946,4.02874762
train,syn_n500_k05_high_corr_normal_low_vol_r03_s20260775,25,theta_164,0.9420864198270748,0.17898197282795802,0.3086111111111111,0.1190564093396307,0.5930821947370409,3.984791926666667
train,syn_n500_k05_high_corr_normal_low_vol_r03_s20260775,25,theta_170,0.9420864198270748,0.17898197282795802,0.3086111111111111,0.1190564093396307,0.5930821947370409,4.042686046666667
train,syn_n500_k05_high_corr_normal_low_vol_r03_s20260775,25,theta_175,0.9420864198270748,0.17898197282795802,0.3086111111111111,0.1190564093396307,0.5930821947370409,3.974320636666666
train,syn_n500_k05_high_corr_normal_low_vol_r03_s20260775,25,theta_189,0.9420864198270748,0.17898197282795802,0.3086111111111111,0.1190564093396307,0.5930821947370409,3.80464364
train,syn_n500_k05_high_corr_normal_low_vol_r03_s20260775,25,theta_200,0.9788435442258691,0.16326646912706563,0.3055555555555556,0.15157970525998407,0.7208551870991043,3.8204368300000002
train,syn_n500_k05_high_corr_normal_low_vol_r03_s20260775,25,theta_223,0.9901925896663183,0.1449968374816753,0.31666666666666665,0.1430772922718906,0.7796439073727242,3.89306378
train,syn_n500_k05_high_corr_normal_low_vol_r03_s20260775,25,theta_234,0.9901925896663183,0.1449968374816753,0.31666666666666665,0.1430772922718906,0.7796439073727242,3.9800597333333334
train,syn_n500_k05_high_corr_normal_low_vol_r03_s20260775,25,theta_237,0.9901925896663183,0.1449968374816753,0.31666666666666665,0.1430772922718906,0.7796439073727242,4.109843006666668
train,syn_n500_k05_low_corr_heavy_tail_high_vol_r03_s20260774,25,theta_011,0.916974236639994,0.07972598567162117,0.4708333333333333,0.04770918188143765,0.6815050393785318,5.340658876666668
train,syn_n500_k05_low_corr_heavy_tail_high_vol_r03_s20260774,25,theta_034,0.8272271015011513,0.1194604422363399,0.2761111111111111,0.07420846453896601,0.67485961180229,8.794862506666666
train,syn_n500_k05_low_corr_heavy_tail_high_vol_r03_s20260774,25,theta_037,0.8272271015011513,0.1194604422363399,0.2761111111111111,0.07420846453896601,0.67485961180229,8.8639785
train,syn_n500_k05_low_corr_heavy_tail_high_vol_r03_s20260774,25,theta_045,0.8272271015011513,0.1194604422363399,0.2761111111111111,0.07420846453896601,0.67485961180229,8.545913603333332
train,syn_n500_k05_low_corr_heavy_tail_high_vol_r03_s20260774,25,theta_047,0.8272271015011513,0.1194604422363399,0.2761111111111111,0.07420846453896601,0.67485961180229,8.450950466666667
train,syn_n500_k05_low_corr_heavy_tail_high_vol_r03_s20260774,25,theta_067,0.8247919914030644,0.12364878558061124,0.3341666666666666,0.08328782897835164,0.6203462888980645,3.1422939266666665
train,syn_n500_k05_low_corr_heavy_tail_high_vol_r03_s20260774,25,theta_076,0.8247919914030644,0.12364878558061124,0.3341666666666666,0.08328782897835164,0.6203462888980645,4.096677166666667
train,syn_n500_k05_low_corr_heavy_tail_high_vol_r03_s20260774,25,theta_078,0.8247919914030644,0.12364878558061124,0.3341666666666666,0.08328782897835164,0.6203462888980645,9.18589066
train,syn_n500_k05_low_corr_heavy_tail_high_vol_r03_s20260774,25,theta_084,0.9378027805234148,0.06888646937901023,0.46111111111111114,0.043143066014907056,0.7545374296673912,9.09042128
train,syn_n500_k05_low_corr_heavy_tail_high_vol_r03_s20260774,25,theta_086,0.9378027805234148,0.06888646937901023,0.46111111111111114,0.043143066014907056,0.7545374296673912,9.191914993333334
train,syn_n500_k05_low_corr_heavy_tail_high_vol_r03_s20260774,25,theta_089,0.9378027805234148,0.06888646937901023,0.46111111111111114,0.043143066014907056,0.7545374296673912,3.298431266666666
train,syn_n500_k05_low_corr_heavy_tail_high_vol_r03_s20260774,25,theta_118,0.8157348357956358,0.12382974997465625,0.2433333333333333,0.07178651511147265,0.6532270017106625,2.90431658
train,syn_n500_k05_low_corr_heavy_tail_high_vol_r03_s20260774,25,theta_131,0.8157348357956358,0.12382974997465625,0.2433333333333333,0.07178651511147265,0.6532270017106625,2.629960393333333
train,syn_n500_k05_low_corr_heavy_tail_high_vol_r03_s20260774,25,theta_132,0.8157348357956358,0.12382974997465625,0.2433333333333333,0.07178651511147265,0.6532270017106625,4.238533296666666
train,syn_n500_k05_low_corr_heavy_tail_high_vol_r03_s20260774,25,theta_144,0.819127702080727,0.13139453778197957,0.36638888888888893,0.08095945810728872,0.5767353932521223,7.699725546666667
train,syn_n500_k05_low_corr_heavy_tail_high_vol_r03_s20260774,25,theta_159,0.819127702080727,0.13139453778197957,0.36638888888888893,0.08095945810728872,0.5767353932521223,4.0219234733333336
train,syn_n500_k05_low_corr_heavy_tail_high_vol_r03_s20260774,25,theta_164,0.9070285932753593,0.08469806611093196,0.38749999999999996,0.06643633553898523,0.7273245405244629,4.015317876666667
train,syn_n500_k05_low_corr_heavy_tail_high_vol_r03_s20260774,25,theta_170,0.9070285932753593,0.08469806611093196,0.38749999999999996,0.06643633553898523,0.7273245405244629,4.044581246666667
train,syn_n500_k05_low_corr_heavy_tail_high_vol_r03_s20260774,25,theta_175,0.9070285932753593,0.08469806611093196,0.38749999999999996,0.06643633553898523,0.7273245405244629,4.09962999
train,syn_n500_k05_low_corr_heavy_tail_high_vol_r03_s20260774,25,theta_189,0.9070285932753593,0.08469806611093196,0.38749999999999996,0.06643633553898523,0.7273245405244629,4.18123335
train,syn_n500_k05_low_corr_heavy_tail_high_vol_r03_s20260774,25,theta_200,0.8497059842847805,0.10960078858427205,0.25722222222222224,0.09099006736497581,0.7582669946654139,4.010650963333333
train,syn_n500_k05_low_corr_heavy_tail_high_vol_r03_s20260774,25,theta_223,0.819371519064855,0.12732610015494414,0.35138888888888886,0.06424839785216736,0.5991978189056139,4.066372046666666
train,syn_n500_k05_low_corr_heavy_tail_high_vol_r03_s20260774,25,theta_234,0.819371519064855,0.12732610015494414,0.35138888888888886,0.06424839785216736,0.5991978189056139,4.00054259
train,syn_n500_k05_low_corr_heavy_tail_high_vol_r03_s20260774,25,theta_237,0.819371519064855,0.12732610015494414,0.35138888888888886,0.06424839785216736,0.5991978189056139,4.025380726666667
train,syn_n500_k05_low_corr_skewed_extreme_events_r02_s20260771,25,theta_011,0.9443296378388139,0.09153163899063223,0.3680555555555556,0.05993121079812038,0.695307541093896,5.434374696666666
train,syn_n500_k05_low_corr_skewed_extreme_events_r02_s20260771,25,theta_034,0.8860925473366797,0.11527326019762715,0.14638888888888893,0.07186632417583501,0.7191385212904323,8.894151293333334
train,syn_n500_k05_low_corr_skewed_extreme_events_r02_s20260771,25,theta_037,0.8860925473366797,0.11527326019762715,0.14638888888888893,0.07186632417583501,0.7191385212904323,8.94718748
train,syn_n500_k05_low_corr_skewed_extreme_events_r02_s20260771,25,theta_045,0.8860925473366797,0.11527326019762715,0.14638888888888893,0.07186632417583501,0.7191385212904323,8.628769256666665
train,syn_n500_k05_low_corr_skewed_extreme_events_r02_s20260771,25,theta_047,0.8860925473366797,0.11527326019762715,0.14638888888888893,0.07186632417583501,0.7191385212904323,8.639319083333334
train,syn_n500_k05_low_corr_skewed_extreme_events_r02_s20260771,25,theta_067,0.9482765964644018,0.08944903063981344,0.18861111111111112,0.07301256313766892,0.7954768672492152,4.3229213500000006
train,syn_n500_k05_low_corr_skewed_extreme_events_r02_s20260771,25,theta_076,0.9482765964644018,0.08944903063981344,0.18861111111111112,0.07301256313766892,0.7954768672492152,4.161957096666666
train,syn_n500_k05_low_corr_skewed_extreme_events_r02_s20260771,25,theta_078,0.9482765964644018,0.08944903063981344,0.18861111111111112,0.07301256313766892,0.7954768672492152,9.121756800000002
train,syn_n500_k05_low_corr_skewed_extreme_events_r02_s20260771,25,theta_084,0.9425567601689768,0.09080219653080403,0.3030555555555555,0.07912610504884318,0.7346040596903308,8.77742063
train,syn_n500_k05_low_corr_skewed_extreme_events_r02_s20260771,25,theta_086,0.9425567601689768,0.09080219653080403,0.3030555555555555,0.07912610504884318,0.7346040596903308,8.714341356666665
train,syn_n500_k05_low_corr_skewed_extreme_events_r02_s20260771,25,theta_089,0.9425567601689768,0.09080219653080403,0.3030555555555555,0.07912610504884318,0.7346040596903308,3.224552250000001
train,syn_n500_k05_low_corr_skewed_extreme_events_r02_s20260771,25,theta_118,0.9184737388459238,0.10046482914267663,0.16861111111111113,0.08673524339652534,0.8016027164529935,3.008776756666667
train,syn_n500_k05_low_corr_skewed_extreme_events_r02_s20260771,25,theta_131,0.9184737388459238,0.10046482914267663,0.16861111111111113,0.08673524339652534,0.8016027164529935,2.9968117633333335
train,syn_n500_k05_low_corr_skewed_extreme_events_r02_s20260771,25,theta_132,0.9184737388459238,0.10046482914267663,0.16861111111111113,0.08673524339652534,0.8016027164529935,3.94261498
train,syn_n500_k05_low_corr_skewed_extreme_events_r02_s20260771,25,theta_144,0.9241440961021599,0.09989367907635066,0.3305555555555555,0.09456767036325041,0.7277968781266171,7.942937506666666
train,syn_n500_k05_low_corr_skewed_extreme_events_r02_s20260771,25,theta_159,0.9241440961021599,0.09989367907635066,0.3305555555555555,0.09456767036325041,0.7277968781266171,3.981731833333334
train,syn_n500_k05_low_corr_skewed_extreme_events_r02_s20260771,25,theta_164,0.9656420176366686,0.08166669886746533,0.22416666666666665,0.07657112816841885,0.8134488910941475,4.1448280466666665
train,syn_n500_k05_low_corr_skewed_extreme_events_r02_s20260771,25,theta_170,0.9656420176366686,0.08166669886746533,0.22416666666666665,0.07657112816841885,0.8134488910941475,4.020846256666667
train,syn_n500_k05_low_corr_skewed_extreme_events_r02_s20260771,25,theta_175,0.9656420176366686,0.08166669886746533,0.22416666666666665,0.07657112816841885,0.8134488910941475,4.046459076666667
train,syn_n500_k05_low_corr_skewed_extreme_events_r02_s20260771,25,theta_189,0.9656420176366686,0.08166669886746533,0.22416666666666665,0.07657112816841885,0.8134488910941475,4.216966963333333
train,syn_n500_k05_low_corr_skewed_extreme_events_r02_s20260771,25,theta_200,0.9074136696878309,0.1061922490979704,0.11027777777777775,0.08520639090655975,0.8229979900137653,3.9791722366666664
train,syn_n500_k05_low_corr_skewed_extreme_events_r02_s20260771,25,theta_223,0.9218832961738718,0.09921192634011101,0.2513888888888889,0.08423905810091675,0.7657179521412675,4.260095466666667
train,syn_n500_k05_low_corr_skewed_extreme_events_r02_s20260771,25,theta_234,0.9218832961738718,0.09921192634011101,0.2513888888888889,0.08423905810091675,0.7657179521412675,3.945706856666667
train,syn_n500_k05_low_corr_skewed_extreme_events_r02_s20260771,25,theta_237,0.9218832961738718,0.09921192634011101,0.2513888888888889,0.08423905810091675,0.7657179521412675,4.335757993333333
train,syn_n500_k05_pathological_cov_skewed_high_vol_r03_s20260772,25,theta_011,1.1213575403600942,0.04451812732916866,0.3425000000000001,0.04340975616231142,0.2583693379821249,5.332181073333333
train,syn_n500_k05_pathological_cov_skewed_high_vol_r03_s20260772,25,theta_034,1.1118810900342462,0.060432370476631934,0.2780555555555556,0.10581059233093527,0.4254833619573593,8.36879501
train,syn_n500_k05_pathological_cov_skewed_high_vol_r03_s20260772,25,theta_037,1.1118810900342462,0.060432370476631934,0.2780555555555556,0.10581059233093527,0.4254833619573593,8.33278555
train,syn_n500_k05_pathological_cov_skewed_high_vol_r03_s20260772,25,theta_045,1.1118810900342462,0.060432370476631934,0.2780555555555556,0.10581059233093527,0.4254833619573593,8.90928557
train,syn_n500_k05_pathological_cov_skewed_high_vol_r03_s20260772,25,theta_047,1.1118810900342462,0.060432370476631934,0.2780555555555556,0.10581059233093527,0.4254833619573593,8.298256270000001
train,syn_n500_k05_pathological_cov_skewed_high_vol_r03_s20260772,25,theta_067,1.1346411889746686,0.046100801906819436,0.37916666666666665,0.055169925996155,0.3556200286659541,4.15793073
train,syn_n500_k05_pathological_cov_skewed_high_vol_r03_s20260772,25,theta_076,1.1346411889746686,0.046100801906819436,0.37916666666666665,0.055169925996155,0.3556200286659541,4.006477126666666
train,syn_n500_k05_pathological_cov_skewed_high_vol_r03_s20260772,25,theta_078,1.1346411889746686,0.046100801906819436,0.37916666666666665,0.055169925996155,0.3556200286659541,9.339482756666667
train,syn_n500_k05_pathological_cov_skewed_high_vol_r03_s20260772,25,theta_084,1.1195966064447107,0.04884509183177072,0.20833333333333337,0.05309601157814965,0.3449379669473553,8.572630896666668
train,syn_n500_k05_pathological_cov_skewed_high_vol_r03_s20260772,25,theta_086,1.1195966064447107,0.04884509183177072,0.20833333333333337,0.05309601157814965,0.3449379669473553,8.612672320000001
train,syn_n500_k05_pathological_cov_skewed_high_vol_r03_s20260772,25,theta_089,1.1195966064447107,0.04884509183177072,0.20833333333333337,0.05309601157814965,0.3449379669473553,3.085674553333333
train,syn_n500_k05_pathological_cov_skewed_high_vol_r03_s20260772,25,theta_118,1.1130758307963684,0.05811468636466924,0.2763888888888889,0.06944275900586276,0.3950173170346234,2.83596812
train,syn_n500_k05_pathological_cov_skewed_high_vol_r03_s20260772,25,theta_131,1.1130758307963684,0.05811468636466924,0.2763888888888889,0.06944275900586276,0.3950173170346234,2.3633466933333334
train,syn_n500_k05_pathological_cov_skewed_high_vol_r03_s20260772,25,theta_132,1.1130758307963684,0.05811468636466924,0.2763888888888889,0.06944275900586276,0.3950173170346234,8.095767273333333
train,syn_n500_k05_pathological_cov_skewed_high_vol_r03_s20260772,25,theta_144,1.1344788165562725,0.04229376121085071,0.32472222222222225,0.05118843061857391,0.354830470860562,2.9843949333333337
train,syn_n500_k05_pathological_cov_skewed_high_vol_r03_s20260772,25,theta_159,1.1344788165562725,0.04229376121085071,0.32472222222222225,0.05118843061857391,0.354830470860562,3.9181622600000003
train,syn_n500_k05_pathological_cov_skewed_high_vol_r03_s20260772,25,theta_164,1.1114557668659542,0.05052270276959306,0.16416666666666663,0.0452899417659509,0.2794127773042733,3.7324442066666665
train,syn_n500_k05_pathological_cov_skewed_high_vol_r03_s20260772,25,theta_170,1.1114557668659542,0.05052270276959306,0.16416666666666663,0.0452899417659509,0.2794127773042733,3.9119239400000003
train,syn_n500_k05_pathological_cov_skewed_high_vol_r03_s20260772,25,theta_175,1.1114557668659542,0.05052270276959306,0.16416666666666663,0.0452899417659509,0.2794127773042733,3.839907006666667
train,syn_n500_k05_pathological_cov_skewed_high_vol_r03_s20260772,25,theta_189,1.1114557668659542,0.05052270276959306,0.16416666666666663,0.0452899417659509,0.2794127773042733,3.9174926033333324
train,syn_n500_k05_pathological_cov_skewed_high_vol_r03_s20260772,25,theta_200,1.124760791815667,0.05678850922994874,0.2630555555555556,0.06834335390234879,0.4124328360291981,3.7768004066666663
train,syn_n500_k05_pathological_cov_skewed_high_vol_r03_s20260772,25,theta_223,1.1302773531284809,0.046569137805041474,0.32166666666666666,0.05915169425157819,0.3761968464156771,3.9569722033333337
train,syn_n500_k05_pathological_cov_skewed_high_vol_r03_s20260772,25,theta_234,1.1302773531284809,0.046569137805041474,0.32166666666666666,0.05915169425157819,0.3761968464156771,3.9101499400000006
train,syn_n500_k05_pathological_cov_skewed_high_vol_r03_s20260772,25,theta_237,1.1302773531284809,0.046569137805041474,0.32166666666666666,0.05915169425157819,0.3761968464156771,4.020440730000001
train,syn_n500_k10_cluster_corr_heavy_tail_low_vol_r02_s20260783,50,theta_011,0.9105299226650112,0.0650083169662913,0.49637681159420294,0.04684709288297569,0.6110858662579264,5.281285120000001
train,syn_n500_k10_cluster_corr_heavy_tail_low_vol_r02_s20260783,50,theta_034,0.9285974060712678,0.07454920004691652,0.26956521739130435,0.07279919653377367,0.7595333221854133,9.194788729999999
train,syn_n500_k10_cluster_corr_heavy_tail_low_vol_r02_s20260783,50,theta_037,0.9285974060712678,0.07454920004691652,0.26956521739130435,0.07279919653377367,0.7595333221854133,8.86913196
train,syn_n500_k10_cluster_corr_heavy_tail_low_vol_r02_s20260783,50,theta_045,0.9285974060712678,0.07454920004691652,0.26956521739130435,0.07279919653377367,0.7595333221854133,8.580224806666667
train,syn_n500_k10_cluster_corr_heavy_tail_low_vol_r02_s20260783,50,theta_047,0.9285974060712678,0.07454920004691652,0.26956521739130435,0.07279919653377367,0.7595333221854133,8.532029063333333
train,syn_n500_k10_cluster_corr_heavy_tail_low_vol_r02_s20260783,50,theta_067,0.8727673617700874,0.07956459941441053,0.36811594202898557,0.051793705864912803,0.5969448238076972,4.397847756666667
train,syn_n500_k10_cluster_corr_heavy_tail_low_vol_r02_s20260783,50,theta_076,0.8727673617700874,0.07956459941441053,0.36811594202898557,0.051793705864912803,0.5969448238076972,4.016162943333333
train,syn_n500_k10_cluster_corr_heavy_tail_low_vol_r02_s20260783,50,theta_078,0.8727673617700874,0.07956459941441053,0.36811594202898557,0.051793705864912803,0.5969448238076972,9.41683002
train,syn_n500_k10_cluster_corr_heavy_tail_low_vol_r02_s20260783,50,theta_084,0.9597944393927718,0.0501706868645577,0.5286231884057971,0.04241364127630972,0.6482747916209883,8.460458123333334
train,syn_n500_k10_cluster_corr_heavy_tail_low_vol_r02_s20260783,50,theta_086,0.9597944393927718,0.0501706868645577,0.5286231884057971,0.04241364127630972,0.6482747916209883,8.40086847
train,syn_n500_k10_cluster_corr_heavy_tail_low_vol_r02_s20260783,50,theta_089,0.9597944393927718,0.0501706868645577,0.5286231884057971,0.04241364127630972,0.6482747916209883,3.223793563333333
train,syn_n500_k10_cluster_corr_heavy_tail_low_vol_r02_s20260783,50,theta_118,0.9367325195284253,0.07048882221607625,0.2873188405797101,0.06565673407731344,0.818299684236726,2.9963462499999993
train,syn_n500_k10_cluster_corr_heavy_tail_low_vol_r02_s20260783,50,theta_131,0.9367325195284253,0.07048882221607625,0.2873188405797101,0.06565673407731344,0.818299684236726,3.1862798799999994
train,syn_n500_k10_cluster_corr_heavy_tail_low_vol_r02_s20260783,50,theta_132,0.9367325195284253,0.07048882221607625,0.2873188405797101,0.06565673407731344,0.818299684236726,8.509496223333333
train,syn_n500_k10_cluster_corr_heavy_tail_low_vol_r02_s20260783,50,theta_144,0.9466037239270586,0.05883186470560418,0.44021739130434784,0.05532081396524714,0.7341085740203318,3.557525503333333
train,syn_n500_k10_cluster_corr_heavy_tail_low_vol_r02_s20260783,50,theta_159,0.9466037239270586,0.05883186470560418,0.44021739130434784,0.05532081396524714,0.7341085740203318,4.012537776666666
train,syn_n500_k10_cluster_corr_heavy_tail_low_vol_r02_s20260783,50,theta_164,0.9681717769160693,0.050146870678020414,0.4902173913043478,0.045480682556964365,0.7075948654349229,4.037693576666666
train,syn_n500_k10_cluster_corr_heavy_tail_low_vol_r02_s20260783,50,theta_170,0.9681717769160693,0.050146870678020414,0.4902173913043478,0.045480682556964365,0.7075948654349229,4.106819516666667
train,syn_n500_k10_cluster_corr_heavy_tail_low_vol_r02_s20260783,50,theta_175,0.9681717769160693,0.050146870678020414,0.4902173913043478,0.045480682556964365,0.7075948654349229,4.05231298
train,syn_n500_k10_cluster_corr_heavy_tail_low_vol_r02_s20260783,50,theta_189,0.9681717769160693,0.050146870678020414,0.4902173913043478,0.045480682556964365,0.7075948654349229,4.003270163333333
train,syn_n500_k10_cluster_corr_heavy_tail_low_vol_r02_s20260783,50,theta_200,0.9401296029370589,0.075094346865763,0.25724637681159424,0.057471033545581286,0.872174338836673,4.022786336666666
train,syn_n500_k10_cluster_corr_heavy_tail_low_vol_r02_s20260783,50,theta_223,0.9321282354507547,0.06767259314286266,0.3735507246376812,0.07534837919771536,0.8067873485742789,4.071627670000001
train,syn_n500_k10_cluster_corr_heavy_tail_low_vol_r02_s20260783,50,theta_234,0.9321282354507547,0.06767259314286266,0.3735507246376812,0.07534837919771536,0.8067873485742789,4.155126863333333
train,syn_n500_k10_cluster_corr_heavy_tail_low_vol_r02_s20260783,50,theta_237,0.9321282354507547,0.06767259314286266,0.3735507246376812,0.07534837919771536,0.8067873485742789,4.12944685
train,syn_n500_k10_cluster_corr_mixed_extreme_events_r03_s20260789,50,theta_011,0.8415558551998805,0.10053241950633916,0.5000000000000001,0.06393020274569577,0.8230229261811108,6.046570529999999
train,syn_n500_k10_cluster_corr_mixed_extreme_events_r03_s20260789,50,theta_034,0.7833242988696936,0.11950335502986378,0.14444444444444446,0.11670016704249561,0.9230947962077242,9.127121890000002
train,syn_n500_k10_cluster_corr_mixed_extreme_events_r03_s20260789,50,theta_037,0.7833242988696936,0.11950335502986378,0.14444444444444446,0.11670016704249561,0.9230947962077242,9.275060956666666
train,syn_n500_k10_cluster_corr_mixed_extreme_events_r03_s20260789,50,theta_045,0.7833242988696936,0.11950335502986378,0.14444444444444446,0.11670016704249561,0.9230947962077242,9.509109529999998
train,syn_n500_k10_cluster_corr_mixed_extreme_events_r03_s20260789,50,theta_047,0.7833242988696936,0.11950335502986378,0.14444444444444446,0.11670016704249561,0.9230947962077242,9.043940963333334
train,syn_n500_k10_cluster_corr_mixed_extreme_events_r03_s20260789,50,theta_067,0.8260003451768089,0.09985299548617697,0.18,0.08978491041321483,0.9025386020153925,4.527269026666668
train,syn_n500_k10_cluster_corr_mixed_extreme_events_r03_s20260789,50,theta_076,0.8260003451768089,0.09985299548617697,0.18,0.08978491041321483,0.9025386020153925,4.2912263
train,syn_n500_k10_cluster_corr_mixed_extreme_events_r03_s20260789,50,theta_078,0.8260003451768089,0.09985299548617697,0.18,0.08978491041321483,0.9025386020153925,9.359328453333335
train,syn_n500_k10_cluster_corr_mixed_extreme_events_r03_s20260789,50,theta_084,0.8549685415274267,0.08608918966812769,0.4799999999999999,0.07072164151136037,0.8845845145811,9.541155676666667
train,syn_n500_k10_cluster_corr_mixed_extreme_events_r03_s20260789,50,theta_086,0.8549685415274267,0.08608918966812769,0.4799999999999999,0.07072164151136037,0.8845845145811,9.280079026666668
train,syn_n500_k10_cluster_corr_mixed_extreme_events_r03_s20260789,50,theta_089,0.8549685415274267,0.08608918966812769,0.4799999999999999,0.07072164151136037,0.8845845145811,3.4091422533333335
train,syn_n500_k10_cluster_corr_mixed_extreme_events_r03_s20260789,50,theta_118,0.8007035513243508,0.10700440767811031,0.15500000000000005,0.13587392840719095,0.9910628147894498,3.2139429966666664
train,syn_n500_k10_cluster_corr_mixed_extreme_events_r03_s20260789,50,theta_131,0.8007035513243508,0.10700440767811031,0.15500000000000005,0.13587392840719095,0.9910628147894498,2.9535235700000007
train,syn_n500_k10_cluster_corr_mixed_extreme_events_r03_s20260789,50,theta_132,0.8007035513243508,0.10700440767811031,0.15500000000000005,0.13587392840719095,0.9910628147894498,8.685587309999997
train,syn_n500_k10_cluster_corr_mixed_extreme_events_r03_s20260789,50,theta_144,0.8407178127462797,0.08771508926642971,0.23749999999999996,0.09541794495271813,0.9481908123295352,4.364667796666667
train,syn_n500_k10_cluster_corr_mixed_extreme_events_r03_s20260789,50,theta_159,0.8407178127462797,0.08771508926642971,0.23749999999999996,0.09541794495271813,0.9481908123295352,4.450313996666667
train,syn_n500_k10_cluster_corr_mixed_extreme_events_r03_s20260789,50,theta_164,0.85139695057923,0.08896845477222719,0.39749999999999996,0.06306636429412076,0.8760972429586417,4.082127376666667
train,syn_n500_k10_cluster_corr_mixed_extreme_events_r03_s20260789,50,theta_170,0.85139695057923,0.08896845477222719,0.39749999999999996,0.06306636429412076,0.8760972429586417,4.130173770000001
train,syn_n500_k10_cluster_corr_mixed_extreme_events_r03_s20260789,50,theta_175,0.85139695057923,0.08896845477222719,0.39749999999999996,0.06306636429412076,0.8760972429586417,4.16455526
train,syn_n500_k10_cluster_corr_mixed_extreme_events_r03_s20260789,50,theta_189,0.85139695057923,0.08896845477222719,0.39749999999999996,0.06306636429412076,0.8760972429586417,4.195544673333333
train,syn_n500_k10_cluster_corr_mixed_extreme_events_r03_s20260789,50,theta_200,0.7622760040719776,0.13228956855091487,0.13694444444444445,0.1569882334879518,0.9186966757393251,4.150708943333333
train,syn_n500_k10_cluster_corr_mixed_extreme_events_r03_s20260789,50,theta_223,0.8465487202333932,0.08685147192057782,0.21333333333333335,0.08949685367202401,0.9450302559774143,4.182888223333333
train,syn_n500_k10_cluster_corr_mixed_extreme_events_r03_s20260789,50,theta_234,0.8465487202333932,0.08685147192057782,0.21333333333333335,0.08949685367202401,0.9450302559774143,4.219196506666666
train,syn_n500_k10_cluster_corr_mixed_extreme_events_r03_s20260789,50,theta_237,0.8465487202333932,0.08685147192057782,0.21333333333333335,0.08949685367202401,0.9450302559774143,4.361685296666667
train,syn_n500_k10_cluster_corr_skewed_high_vol_r01_s20260788,50,theta_011,0.8853781683743678,0.08393865737972771,0.6225,0.04077037642353732,0.6066987771201867,5.1745692199999995
train,syn_n500_k10_cluster_corr_skewed_high_vol_r01_s20260788,50,theta_034,0.8759593460653146,0.09096434764519029,0.2711111111111111,0.05835038309385728,0.7448290160847635,9.125228313333333
train,syn_n500_k10_cluster_corr_skewed_high_vol_r01_s20260788,50,theta_037,0.8759593460653146,0.09096434764519029,0.2711111111111111,0.05835038309385728,0.7448290160847635,9.322997530000002
train,syn_n500_k10_cluster_corr_skewed_high_vol_r01_s20260788,50,theta_045,0.8759593460653146,0.09096434764519029,0.2711111111111111,0.05835038309385728,0.7448290160847635,8.436853090000001
train,syn_n500_k10_cluster_corr_skewed_high_vol_r01_s20260788,50,theta_047,0.8759593460653146,0.09096434764519029,0.2711111111111111,0.05835038309385728,0.7448290160847635,8.836451556666667
train,syn_n500_k10_cluster_corr_skewed_high_vol_r01_s20260788,50,theta_067,0.8397727342988284,0.09804364291202945,0.3797222222222223,0.0581485672322899,0.6422338752690241,4.3686431966666674
train,syn_n500_k10_cluster_corr_skewed_high_vol_r01_s20260788,50,theta_076,0.8397727342988284,0.09804364291202945,0.3797222222222223,0.0581485672322899,0.6422338752690241,4.117097583333334
train,syn_n500_k10_cluster_corr_skewed_high_vol_r01_s20260788,50,theta_078,0.8397727342988284,0.09804364291202945,0.3797222222222223,0.0581485672322899,0.6422338752690241,8.797220866666667
train,syn_n500_k10_cluster_corr_skewed_high_vol_r01_s20260788,50,theta_084,0.8910885627447684,0.07955982534624381,0.6319444444444445,0.04624754662346765,0.6533181156438285,8.836800270000001
train,syn_n500_k10_cluster_corr_skewed_high_vol_r01_s20260788,50,theta_086,0.8910885627447684,0.07955982534624381,0.6319444444444445,0.04624754662346765,0.6533181156438285,8.926608103333335
train,syn_n500_k10_cluster_corr_skewed_high_vol_r01_s20260788,50,theta_089,0.8910885627447684,0.07955982534624381,0.6319444444444445,0.04624754662346765,0.6533181156438285,3.284757096666667
train,syn_n500_k10_cluster_corr_skewed_high_vol_r01_s20260788,50,theta_118,0.852177895575921,0.09726522369305482,0.2736111111111111,0.07009387586656514,0.7296014238876779,3.0618606933333337
train,syn_n500_k10_cluster_corr_skewed_high_vol_r01_s20260788,50,theta_131,0.852177895575921,0.09726522369305482,0.2736111111111111,0.07009387586656514,0.7296014238876779,2.48520114
train,syn_n500_k10_cluster_corr_skewed_high_vol_r01_s20260788,50,theta_132,0.852177895575921,0.09726522369305482,0.2736111111111111,0.07009387586656514,0.7296014238876779,8.975844700000001
train,syn_n500_k10_cluster_corr_skewed_high_vol_r01_s20260788,50,theta_144,0.8513349896032808,0.09255731288313664,0.446388888888889,0.04273585961840657,0.6369885926482737,3.9980099566666665
train,syn_n500_k10_cluster_corr_skewed_high_vol_r01_s20260788,50,theta_159,0.8513349896032808,0.09255731288313664,0.446388888888889,0.04273585961840657,0.6369885926482737,4.192471873333333
train,syn_n500_k10_cluster_corr_skewed_high_vol_r01_s20260788,50,theta_164,0.8950872037511941,0.07817584666518058,0.5588888888888889,0.04406789120920337,0.6789518797429167,4.007938923333333
train,syn_n500_k10_cluster_corr_skewed_high_vol_r01_s20260788,50,theta_170,0.8950872037511941,0.07817584666518058,0.5588888888888889,0.04406789120920337,0.6789518797429167,4.150810076666667
train,syn_n500_k10_cluster_corr_skewed_high_vol_r01_s20260788,50,theta_175,0.8950872037511941,0.07817584666518058,0.5588888888888889,0.04406789120920337,0.6789518797429167,4.08855006
train,syn_n500_k10_cluster_corr_skewed_high_vol_r01_s20260788,50,theta_189,0.8950872037511941,0.07817584666518058,0.5588888888888889,0.04406789120920337,0.6789518797429167,4.034342376666667
train,syn_n500_k10_cluster_corr_skewed_high_vol_r01_s20260788,50,theta_200,0.9028385360577856,0.0818192157288886,0.23583333333333334,0.06286810203139383,0.8884709301078054,4.018571513333334
train,syn_n500_k10_cluster_corr_skewed_high_vol_r01_s20260788,50,theta_223,0.8652412446206937,0.08758997565766408,0.4166666666666667,0.04236813265126739,0.6706740232992708,4.097360293333334
train,syn_n500_k10_cluster_corr_skewed_high_vol_r01_s20260788,50,theta_234,0.8652412446206937,0.08758997565766408,0.4166666666666667,0.04236813265126739,0.6706740232992708,4.044569926666667
train,syn_n500_k10_cluster_corr_skewed_high_vol_r01_s20260788,50,theta_237,0.8652412446206937,0.08758997565766408,0.4166666666666667,0.04236813265126739,0.6706740232992708,4.0890336099999995
train,syn_n500_k10_high_corr_heavy_tail_extreme_events_r01_s20260787,50,theta_011,0.8823639202548773,0.17398922467099967,0.2061111111111111,0.15877251647521598,0.5544120124092952,4.97977389
train,syn_n500_k10_high_corr_heavy_tail_extreme_events_r01_s20260787,50,theta_034,0.8955661418988428,0.14741450146284044,0.14555555555555555,0.17172848866709686,0.7880655560926356,8.86371259
train,syn_n500_k10_high_corr_heavy_tail_extreme_events_r01_s20260787,50,theta_037,0.8955661418988428,0.14741450146284044,0.14555555555555555,0.17172848866709686,0.7880655560926356,8.659480563333334
train,syn_n500_k10_high_corr_heavy_tail_extreme_events_r01_s20260787,50,theta_045,0.8955661418988428,0.14741450146284044,0.14555555555555555,0.17172848866709686,0.7880655560926356,8.397211586666666
train,syn_n500_k10_high_corr_heavy_tail_extreme_events_r01_s20260787,50,theta_047,0.8955661418988428,0.14741450146284044,0.14555555555555555,0.17172848866709686,0.7880655560926356,8.67284413
train,syn_n500_k10_high_corr_heavy_tail_extreme_events_r01_s20260787,50,theta_067,0.90447811177561,0.15541746225025319,0.3005555555555555,0.17041499492932546,0.6425525239898915,4.2795730700000005
train,syn_n500_k10_high_corr_heavy_tail_extreme_events_r01_s20260787,50,theta_076,0.90447811177561,0.15541746225025319,0.3005555555555555,0.17041499492932546,0.6425525239898915,4.138697196666667
train,syn_n500_k10_high_corr_heavy_tail_extreme_events_r01_s20260787,50,theta_078,0.90447811177561,0.15541746225025319,0.3005555555555555,0.17041499492932546,0.6425525239898915,8.944660653333333
train,syn_n500_k10_high_corr_heavy_tail_extreme_events_r01_s20260787,50,theta_084,0.8783683682794129,0.18103071356180353,0.15972222222222224,0.14627888678904347,0.5450500277646413,9.169261513333336
train,syn_n500_k10_high_corr_heavy_tail_extreme_events_r01_s20260787,50,theta_086,0.8783683682794129,0.18103071356180353,0.15972222222222224,0.14627888678904347,0.5450500277646413,8.566561933333332
train,syn_n500_k10_high_corr_heavy_tail_extreme_events_r01_s20260787,50,theta_089,0.8783683682794129,0.18103071356180353,0.15972222222222224,0.14627888678904347,0.5450500277646413,3.3043648200000004
train,syn_n500_k10_high_corr_heavy_tail_extreme_events_r01_s20260787,50,theta_118,0.9076668456458028,0.1377159270013042,0.21305555555555555,0.15791425083288335,0.7552452256887805,2.998210283333333
train,syn_n500_k10_high_corr_heavy_tail_extreme_events_r01_s20260787,50,theta_131,0.9076668456458028,0.1377159270013042,0.21305555555555555,0.15791425083288335,0.7552452256887805,2.8983399666666676
train,syn_n500_k10_high_corr_heavy_tail_extreme_events_r01_s20260787,50,theta_132,0.9076668456458028,0.1377159270013042,0.21305555555555555,0.15791425083288335,0.7552452256887805,9.001407030000001
train,syn_n500_k10_high_corr_heavy_tail_extreme_events_r01_s20260787,50,theta_144,0.9139463083577226,0.14328269032771976,0.32000000000000006,0.18985705196052283,0.7121171025922034,4.1398812099999995
train,syn_n500_k10_high_corr_heavy_tail_extreme_events_r01_s20260787,50,theta_159,0.9139463083577226,0.14328269032771976,0.32000000000000006,0.18985705196052283,0.7121171025922034,3.9904439333333332
train,syn_n500_k10_high_corr_heavy_tail_extreme_events_r01_s20260787,50,theta_164,0.897106760089393,0.157158889045751,0.2794444444444445,0.14949682674625164,0.5969312293509426,4.019469596666666
train,syn_n500_k10_high_corr_heavy_tail_extreme_events_r01_s20260787,50,theta_170,0.897106760089393,0.157158889045751,0.2794444444444445,0.14949682674625164,0.5969312293509426,4.029218886666667
train,syn_n500_k10_high_corr_heavy_tail_extreme_events_r01_s20260787,50,theta_175,0.897106760089393,0.157158889045751,0.2794444444444445,0.14949682674625164,0.5969312293509426,4.0312343733333345
train,syn_n500_k10_high_corr_heavy_tail_extreme_events_r01_s20260787,50,theta_189,0.897106760089393,0.157158889045751,0.2794444444444445,0.14949682674625164,0.5969312293509426,4.002259053333334
train,syn_n500_k10_high_corr_heavy_tail_extreme_events_r01_s20260787,50,theta_200,0.9068927667255641,0.15034812703940317,0.2736111111111111,0.20143614520883865,0.7212268290031617,4.02578992
train,syn_n500_k10_high_corr_heavy_tail_extreme_events_r01_s20260787,50,theta_223,0.8915482054927828,0.1757647881235786,0.28944444444444445,0.17761253719223766,0.5987378126531735,4.073077813333333
train,syn_n500_k10_high_corr_heavy_tail_extreme_events_r01_s20260787,50,theta_234,0.8915482054927828,0.1757647881235786,0.28944444444444445,0.17761253719223766,0.5987378126531735,4.060352320000001
train,syn_n500_k10_high_corr_heavy_tail_extreme_events_r01_s20260787,50,theta_237,0.8915482054927828,0.1757647881235786,0.28944444444444445,0.17761253719223766,0.5987378126531735,4.0034693
train,syn_n500_k10_high_corr_mixed_high_vol_r02_s20260786,50,theta_011,0.8474826474320885,0.047292996345172394,0.6269444444444443,0.06547447166978368,0.8680784790139153,5.816505810000001
train,syn_n500_k10_high_corr_mixed_high_vol_r02_s20260786,50,theta_034,0.7596266451508262,0.10630611891797066,0.16361111111111112,0.10512762274258074,0.9324408757214009,9.202895153333333
train,syn_n500_k10_high_corr_mixed_high_vol_r02_s20260786,50,theta_037,0.7596266451508262,0.10630611891797066,0.16361111111111112,0.10512762274258074,0.9324408757214009,9.461561096666665
train,syn_n500_k10_high_corr_mixed_high_vol_r02_s20260786,50,theta_045,0.7596266451508262,0.10630611891797066,0.16361111111111112,0.10512762274258074,0.9324408757214009,8.703206103333335
train,syn_n500_k10_high_corr_mixed_high_vol_r02_s20260786,50,theta_047,0.7596266451508262,0.10630611891797066,0.16361111111111112,0.10512762274258074,0.9324408757214009,9.540039559999999
train,syn_n500_k10_high_corr_mixed_high_vol_r02_s20260786,50,theta_067,0.8104176696369004,0.07144337113422877,0.3191666666666667,0.092930910772805,0.8959984960466787,4.329075753333333
train,syn_n500_k10_high_corr_mixed_high_vol_r02_s20260786,50,theta_076,0.8104176696369004,0.07144337113422877,0.3191666666666667,0.092930910772805,0.8959984960466787,4.290544906666667
train,syn_n500_k10_high_corr_mixed_high_vol_r02_s20260786,50,theta_078,0.8104176696369004,0.07144337113422877,0.3191666666666667,0.092930910772805,0.8959984960466787,8.895798213333332
train,syn_n500_k10_high_corr_mixed_high_vol_r02_s20260786,50,theta_084,0.8519997073891618,0.04348146462516445,0.6494444444444446,0.0673786939736841,0.8818387245094511,9.971984836666667
train,syn_n500_k10_high_corr_mixed_high_vol_r02_s20260786,50,theta_086,0.8519997073891618,0.04348146462516445,0.6494444444444446,0.0673786939736841,0.8818387245094511,9.32894514
train,syn_n500_k10_high_corr_mixed_high_vol_r02_s20260786,50,theta_089,0.8519997073891618,0.04348146462516445,0.6494444444444446,0.0673786939736841,0.8818387245094511,3.5308015399999997
train,syn_n500_k10_high_corr_mixed_high_vol_r02_s20260786,50,theta_118,0.7685462952588367,0.1008632539140295,0.1527777777777778,0.10830427134846204,0.9235222964844187,3.339808456666667
train,syn_n500_k10_high_corr_mixed_high_vol_r02_s20260786,50,theta_131,0.7685462952588367,0.1008632539140295,0.1527777777777778,0.10830427134846204,0.9235222964844187,4.46219556
train,syn_n500_k10_high_corr_mixed_high_vol_r02_s20260786,50,theta_132,0.7685462952588367,0.1008632539140295,0.1527777777777778,0.10830427134846204,0.9235222964844187,9.576572663333335
train,syn_n500_k10_high_corr_mixed_high_vol_r02_s20260786,50,theta_144,0.8196983479231675,0.06838810320983134,0.35083333333333333,0.10167790710764586,0.8759553908886611,4.151788063333333
train,syn_n500_k10_high_corr_mixed_high_vol_r02_s20260786,50,theta_159,0.8196983479231675,0.06838810320983134,0.35083333333333333,0.10167790710764586,0.8759553908886611,4.292743616666667
train,syn_n500_k10_high_corr_mixed_high_vol_r02_s20260786,50,theta_164,0.8029873035715476,0.07383848036551408,0.38472222222222224,0.0786988808029691,0.8589623021537991,4.22584855
train,syn_n500_k10_high_corr_mixed_high_vol_r02_s20260786,50,theta_170,0.8029873035715476,0.07383848036551408,0.38472222222222224,0.0786988808029691,0.8589623021537991,4.252737833333333
train,syn_n500_k10_high_corr_mixed_high_vol_r02_s20260786,50,theta_175,0.8029873035715476,0.07383848036551408,0.38472222222222224,0.0786988808029691,0.8589623021537991,4.19373335
train,syn_n500_k10_high_corr_mixed_high_vol_r02_s20260786,50,theta_189,0.8029873035715476,0.07383848036551408,0.38472222222222224,0.0786988808029691,0.8589623021537991,4.146123916666667
train,syn_n500_k10_high_corr_mixed_high_vol_r02_s20260786,50,theta_200,0.7728757064245532,0.09933516321944307,0.2008333333333333,0.11238099533303608,1.0061159990778212,4.2728366866666665
train,syn_n500_k10_high_corr_mixed_high_vol_r02_s20260786,50,theta_223,0.8182285510457669,0.06761729960854729,0.27611111111111114,0.07218669318325646,0.9433747631324138,4.29398997
train,syn_n500_k10_high_corr_mixed_high_vol_r02_s20260786,50,theta_234,0.8182285510457669,0.06761729960854729,0.27611111111111114,0.07218669318325646,0.9433747631324138,4.276762876666666
train,syn_n500_k10_high_corr_mixed_high_vol_r02_s20260786,50,theta_237,0.8182285510457669,0.06761729960854729,0.27611111111111114,0.07218669318325646,0.9433747631324138,4.314054436666667
train,syn_n500_k10_high_corr_normal_low_vol_r03_s20260784,50,theta_011,0.90020126450062,0.0632508118393384,0.35833333333333334,0.0793505005499528,0.7533586730603502,5.386014423333334
train,syn_n500_k10_high_corr_normal_low_vol_r03_s20260784,50,theta_034,0.8288868516492996,0.10861118286758573,0.02333333333333333,0.091502407467022,0.8479232714376658,9.200597086666667
train,syn_n500_k10_high_corr_normal_low_vol_r03_s20260784,50,theta_037,0.8288868516492996,0.10861118286758573,0.02333333333333333,0.091502407467022,0.8479232714376658,9.082504316666668
train,syn_n500_k10_high_corr_normal_low_vol_r03_s20260784,50,theta_045,0.8288868516492996,0.10861118286758573,0.02333333333333333,0.091502407467022,0.8479232714376658,8.962741883333333
train,syn_n500_k10_high_corr_normal_low_vol_r03_s20260784,50,theta_047,0.8288868516492996,0.10861118286758573,0.02333333333333333,0.091502407467022,0.8479232714376658,9.354124553333333
train,syn_n500_k10_high_corr_normal_low_vol_r03_s20260784,50,theta_067,0.8918104293797222,0.07108473018648848,0.1497222222222222,0.0965669978506263,0.8634539954622166,4.316341643333333
train,syn_n500_k10_high_corr_normal_low_vol_r03_s20260784,50,theta_076,0.8918104293797222,0.07108473018648848,0.1497222222222222,0.0965669978506263,0.8634539954622166,4.19145793
train,syn_n500_k10_high_corr_normal_low_vol_r03_s20260784,50,theta_078,0.8918104293797222,0.07108473018648848,0.1497222222222222,0.0965669978506263,0.8634539954622166,9.24568943
train,syn_n500_k10_high_corr_normal_low_vol_r03_s20260784,50,theta_084,0.9383770931835319,0.04180887405752801,0.38277777777777783,0.05821688865736279,0.8421911763354177,9.55242842
train,syn_n500_k10_high_corr_normal_low_vol_r03_s20260784,50,theta_086,0.9383770931835319,0.04180887405752801,0.38277777777777783,0.05821688865736279,0.8421911763354177,8.746042926666666
train,syn_n500_k10_high_corr_normal_low_vol_r03_s20260784,50,theta_089,0.9383770931835319,0.04180887405752801,0.38277777777777783,0.05821688865736279,0.8421911763354177,3.3749896500000007
train,syn_n500_k10_high_corr_normal_low_vol_r03_s20260784,50,theta_118,0.8606792019414128,0.09410597664963932,0.03194444444444445,0.09378755754001666,0.8967573589647486,3.30703416
train,syn_n500_k10_high_corr_normal_low_vol_r03_s20260784,50,theta_131,0.8606792019414128,0.09410597664963932,0.03194444444444445,0.09378755754001666,0.8967573589647486,4.969717276666667
train,syn_n500_k10_high_corr_normal_low_vol_r03_s20260784,50,theta_132,0.8606792019414128,0.09410597664963932,0.03194444444444445,0.09378755754001666,0.8967573589647486,9.265856446666666
train,syn_n500_k10_high_corr_normal_low_vol_r03_s20260784,50,theta_144,0.8464704827494495,0.0954434435723821,0.07777777777777777,0.09517036342736333,0.765574003206594,4.0553156
train,syn_n500_k10_high_corr_normal_low_vol_r03_s20260784,50,theta_159,0.8464704827494495,0.0954434435723821,0.07777777777777777,0.09517036342736333,0.765574003206594,4.122652013333333
train,syn_n500_k10_high_corr_normal_low_vol_r03_s20260784,50,theta_164,0.9015126758779124,0.05865100417546679,0.2775,0.07539012445906416,0.819212926283273,3.95010629
train,syn_n500_k10_high_corr_normal_low_vol_r03_s20260784,50,theta_170,0.9015126758779124,0.05865100417546679,0.2775,0.07539012445906416,0.819212926283273,4.02781785
train,syn_n500_k10_high_corr_normal_low_vol_r03_s20260784,50,theta_175,0.9015126758779124,0.05865100417546679,0.2775,0.07539012445906416,0.819212926283273,4.105744763333333
train,syn_n500_k10_high_corr_normal_low_vol_r03_s20260784,50,theta_189,0.9015126758779124,0.05865100417546679,0.2775,0.07539012445906416,0.819212926283273,4.0258210299999995
train,syn_n500_k10_high_corr_normal_low_vol_r03_s20260784,50,theta_200,0.8727412496840424,0.08942694791288902,0.04000000000000001,0.10151549938459221,0.9550301774662515,4.06250384
train,syn_n500_k10_high_corr_normal_low_vol_r03_s20260784,50,theta_223,0.863500787888083,0.08625819005596697,0.06305555555555557,0.08900560764990925,0.8563490609750791,4.1587716766666665
train,syn_n500_k10_high_corr_normal_low_vol_r03_s20260784,50,theta_234,0.863500787888083,0.08625819005596697,0.06305555555555557,0.08900560764990925,0.8563490609750791,4.205497476666667
train,syn_n500_k10_high_corr_normal_low_vol_r03_s20260784,50,theta_237,0.863500787888083,0.08625819005596697,0.06305555555555557,0.08900560764990925,0.8563490609750791,4.09620653
train,syn_n50_k30_high_corr_heavy_tail_extreme_events_r01_s20260663,15,theta_011,0.8155006779611609,0.012184222693827703,0.9308333333333335,0.013545886382718982,1.3571833291044741,3.5417796266666675
train,syn_n50_k30_high_corr_heavy_tail_extreme_events_r01_s20260663,15,theta_034,0.8277573341525225,0.006605141458846294,0.9811111111111113,0.013903439183604403,1.3674322088599256,7.709596396666668
train,syn_n50_k30_high_corr_heavy_tail_extreme_events_r01_s20260663,15,theta_037,0.8277573341525225,0.006605141458846294,0.9811111111111113,0.013903439183604403,1.3674322088599256,7.467910366666667
train,syn_n50_k30_high_corr_heavy_tail_extreme_events_r01_s20260663,15,theta_045,0.8277573341525225,0.006605141458846294,0.9811111111111113,0.013903439183604403,1.3674322088599256,7.680817796666667
train,syn_n50_k30_high_corr_heavy_tail_extreme_events_r01_s20260663,15,theta_047,0.8277573341525225,0.006605141458846294,0.9811111111111113,0.013903439183604403,1.3674322088599256,7.525624346666667
train,syn_n50_k30_high_corr_heavy_tail_extreme_events_r01_s20260663,15,theta_067,0.8267641361420054,0.006998238202730556,0.9780555555555556,0.014355342357593118,1.364908943324903,7.59071892
train,syn_n50_k30_high_corr_heavy_tail_extreme_events_r01_s20260663,15,theta_076,0.8267641361420054,0.006998238202730556,0.9780555555555556,0.014355342357593118,1.364908943324903,3.1766652133333335
train,syn_n50_k30_high_corr_heavy_tail_extreme_events_r01_s20260663,15,theta_078,0.8267641361420054,0.006998238202730556,0.9780555555555556,0.014355342357593118,1.364908943324903,3.231484126666667
train,syn_n50_k30_high_corr_heavy_tail_extreme_events_r01_s20260663,15,theta_084,0.8184653536058977,0.01082089694936744,0.9463888888888891,0.012601550046221908,1.3575044221998385,7.378707256666667
train,syn_n50_k30_high_corr_heavy_tail_extreme_events_r01_s20260663,15,theta_086,0.8184653536058977,0.01082089694936744,0.9463888888888891,0.012601550046221908,1.3575044221998385,7.291066683333333
train,syn_n50_k30_high_corr_heavy_tail_extreme_events_r01_s20260663,15,theta_089,0.8184653536058977,0.01082089694936744,0.9463888888888891,0.012601550046221908,1.3575044221998385,7.2490373833333335
train,syn_n50_k30_high_corr_heavy_tail_extreme_events_r01_s20260663,15,theta_118,0.828805880492909,0.006242453189090664,0.9800000000000002,0.01202462323707468,1.3685910218222153,1.7807287733333335
train,syn_n50_k30_high_corr_heavy_tail_extreme_events_r01_s20260663,15,theta_131,0.828805880492909,0.006242453189090664,0.9800000000000002,0.01202462323707468,1.3685910218222153,3.5067483299999993
train,syn_n50_k30_high_corr_heavy_tail_extreme_events_r01_s20260663,15,theta_132,0.828805880492909,0.006242453189090664,0.9800000000000002,0.01202462323707468,1.3685910218222153,7.848321516666668
train,syn_n50_k30_high_corr_heavy_tail_extreme_events_r01_s20260663,15,theta_144,0.8290560167601498,0.0060597931393234885,0.981388888888889,0.015585388452626952,1.36713098412526,7.641372659999999
train,syn_n50_k30_high_corr_heavy_tail_extreme_events_r01_s20260663,15,theta_159,0.8290560167601498,0.0060597931393234885,0.981388888888889,0.015585388452626952,1.36713098412526,3.222027143333333
train,syn_n50_k30_high_corr_heavy_tail_extreme_events_r01_s20260663,15,theta_164,0.813574885032127,0.013424890837509676,0.9072222222222224,0.017447539973919877,1.354485406605804,2.88239276
train,syn_n50_k30_high_corr_heavy_tail_extreme_events_r01_s20260663,15,theta_170,0.813574885032127,0.013424890837509676,0.9072222222222224,0.017447539973919877,1.354485406605804,2.9994779266666662
train,syn_n50_k30_high_corr_heavy_tail_extreme_events_r01_s20260663,15,theta_175,0.813574885032127,0.013424890837509676,0.9072222222222224,0.017447539973919877,1.354485406605804,2.9439766466666657
train,syn_n50_k30_high_corr_heavy_tail_extreme_events_r01_s20260663,15,theta_189,0.813574885032127,0.013424890837509676,0.9072222222222224,0.017447539973919877,1.354485406605804,2.9873476733333333
train,syn_n50_k30_high_corr_heavy_tail_extreme_events_r01_s20260663,15,theta_200,0.8094260290993749,0.025551054304508415,0.9450000000000002,0.046214004774841735,1.3225883434240961,3.1158958266666668
train,syn_n50_k30_high_corr_heavy_tail_extreme_events_r01_s20260663,15,theta_223,0.83000773794846,0.00573349761326964,0.9786111111111114,0.016651587752753282,1.3672125579145795,3.0374648266666657
train,syn_n50_k30_high_corr_heavy_tail_extreme_events_r01_s20260663,15,theta_234,0.83000773794846,0.00573349761326964,0.9786111111111114,0.016651587752753282,1.3672125579145795,3.4803457966666667
train,syn_n50_k30_high_corr_heavy_tail_extreme_events_r01_s20260663,15,theta_237,0.83000773794846,0.00573349761326964,0.9786111111111114,0.016651587752753282,1.3672125579145795,3.3039341699999993
train,syn_n50_k30_high_corr_mixed_high_vol_r02_s20260667,15,theta_011,1.0314820815936325,0.03382818282590762,0.7649999999999999,0.033080326128506636,1.053419460901773,3.5401824333333334
train,syn_n50_k30_high_corr_mixed_high_vol_r02_s20260667,15,theta_034,1.0414468246055664,0.024480985761428938,0.6958333333333333,0.06252302650522465,1.2177334425372213,6.968570609999999
train,syn_n50_k30_high_corr_mixed_high_vol_r02_s20260667,15,theta_037,1.0414468246055664,0.024480985761428938,0.6958333333333333,0.06252302650522465,1.2177334425372213,6.7843654933333335
train,syn_n50_k30_high_corr_mixed_high_vol_r02_s20260667,15,theta_045,1.0414468246055664,0.024480985761428938,0.6958333333333333,0.06252302650522465,1.2177334425372213,6.520296756666667
train,syn_n50_k30_high_corr_mixed_high_vol_r02_s20260667,15,theta_047,1.0414468246055664,0.024480985761428938,0.6958333333333333,0.06252302650522465,1.2177334425372213,7.048051810000001
train,syn_n50_k30_high_corr_mixed_high_vol_r02_s20260667,15,theta_067,1.0436374742518948,0.020315295378512642,0.7683333333333331,0.05530469287217598,1.2467723672591335,6.75777732
train,syn_n50_k30_high_corr_mixed_high_vol_r02_s20260667,15,theta_076,1.0436374742518948,0.020315295378512642,0.7683333333333331,0.05530469287217598,1.2467723672591335,2.988039486666666
train,syn_n50_k30_high_corr_mixed_high_vol_r02_s20260667,15,theta_078,1.0436374742518948,0.020315295378512642,0.7683333333333331,0.05530469287217598,1.2467723672591335,2.8603263633333333
train,syn_n50_k30_high_corr_mixed_high_vol_r02_s20260667,15,theta_084,1.0425581082809383,0.025820564582233602,0.8380555555555557,0.058168046876861924,1.1381881315532933,6.913475039999999
train,syn_n50_k30_high_corr_mixed_high_vol_r02_s20260667,15,theta_086,1.0425581082809383,0.025820564582233602,0.8380555555555557,0.058168046876861924,1.1381881315532933,6.6016142333333345
train,syn_n50_k30_high_corr_mixed_high_vol_r02_s20260667,15,theta_089,1.0425581082809383,0.025820564582233602,0.8380555555555557,0.058168046876861924,1.1381881315532933,6.806028413333333
train,syn_n50_k30_high_corr_mixed_high_vol_r02_s20260667,15,theta_118,1.0514199570953289,0.01562859794524892,0.8186111111111113,0.050206362383307675,1.2858477766521867,1.8532733366666665
train,syn_n50_k30_high_corr_mixed_high_vol_r02_s20260667,15,theta_131,1.0514199570953289,0.01562859794524892,0.8186111111111113,0.050206362383307675,1.2858477766521867,3.150739403333334
train,syn_n50_k30_high_corr_mixed_high_vol_r02_s20260667,15,theta_132,1.0514199570953289,0.01562859794524892,0.8186111111111113,0.050206362383307675,1.2858477766521867,3.7057034933333335
train,syn_n50_k30_high_corr_mixed_high_vol_r02_s20260667,15,theta_144,1.049038002636165,0.018129812706233196,0.8141666666666667,0.05867588065665367,1.2530447647247436,6.574012929999999
train,syn_n50_k30_high_corr_mixed_high_vol_r02_s20260667,15,theta_159,1.049038002636165,0.018129812706233196,0.8141666666666667,0.05867588065665367,1.2530447647247436,2.7614884199999996
train,syn_n50_k30_high_corr_mixed_high_vol_r02_s20260667,15,theta_164,1.0478608250549777,0.020615247584532648,0.8425,0.057865362750453356,1.204683305219247,2.8476572399999998
train,syn_n50_k30_high_corr_mixed_high_vol_r02_s20260667,15,theta_170,1.0478608250549777,0.020615247584532648,0.8425,0.057865362750453356,1.204683305219247,2.7867924766666663
train,syn_n50_k30_high_corr_mixed_high_vol_r02_s20260667,15,theta_175,1.0478608250549777,0.020615247584532648,0.8425,0.057865362750453356,1.204683305219247,2.7437797233333328
train,syn_n50_k30_high_corr_mixed_high_vol_r02_s20260667,15,theta_189,1.0478608250549777,0.020615247584532648,0.8425,0.057865362750453356,1.204683305219247,2.8057034699999996
train,syn_n50_k30_high_corr_mixed_high_vol_r02_s20260667,15,theta_200,1.053857603852734,0.014744247655364678,0.8858333333333334,0.0590417578378941,1.2613919166425192,2.7576840866666665
train,syn_n50_k30_high_corr_mixed_high_vol_r02_s20260667,15,theta_223,1.0509606848694537,0.016456275895770218,0.8341666666666666,0.050753229123545546,1.2629046752121016,2.92420899
train,syn_n50_k30_high_corr_mixed_high_vol_r02_s20260667,15,theta_234,1.0509606848694537,0.016456275895770218,0.8341666666666666,0.050753229123545546,1.2629046752121016,2.820310693333333
train,syn_n50_k30_high_corr_mixed_high_vol_r02_s20260667,15,theta_237,1.0509606848694537,0.016456275895770218,0.8341666666666666,0.050753229123545546,1.2629046752121016,2.8666305800000003
train,syn_n50_k30_high_corr_normal_low_vol_r03_s20260666,15,theta_011,1.0076225630977484,0.02085723448173479,0.8105555555555556,0.04129994707260145,1.1946110381255237,3.3317905800000003
train,syn_n50_k30_high_corr_normal_low_vol_r03_s20260666,15,theta_034,1.0060687587378747,0.023667201445047907,0.8769444444444444,0.06481705600324837,1.2673562330847803,6.744006003333333
train,syn_n50_k30_high_corr_normal_low_vol_r03_s20260666,15,theta_037,1.0060687587378747,0.023667201445047907,0.8769444444444444,0.06481705600324837,1.2673562330847803,7.043759546666666
train,syn_n50_k30_high_corr_normal_low_vol_r03_s20260666,15,theta_045,1.0060687587378747,0.023667201445047907,0.8769444444444444,0.06481705600324837,1.2673562330847803,6.9788578166666655
train,syn_n50_k30_high_corr_normal_low_vol_r03_s20260666,15,theta_047,1.0060687587378747,0.023667201445047907,0.8769444444444444,0.06481705600324837,1.2673562330847803,7.207745563333333
train,syn_n50_k30_high_corr_normal_low_vol_r03_s20260666,15,theta_067,1.0158023550835247,0.012279354814803788,0.9280555555555555,0.022992337169784167,1.248010571028567,7.146433523333333
train,syn_n50_k30_high_corr_normal_low_vol_r03_s20260666,15,theta_076,1.0158023550835247,0.012279354814803788,0.9280555555555555,0.022992337169784167,1.248010571028567,3.0269622933333333
train,syn_n50_k30_high_corr_normal_low_vol_r03_s20260666,15,theta_078,1.0158023550835247,0.012279354814803788,0.9280555555555555,0.022992337169784167,1.248010571028567,2.857631383333333
train,syn_n50_k30_high_corr_normal_low_vol_r03_s20260666,15,theta_084,1.0135578138175236,0.014283346682412112,0.9297222222222221,0.04590699701923413,1.246656104140554,7.493120503333334
train,syn_n50_k30_high_corr_normal_low_vol_r03_s20260666,15,theta_086,1.0135578138175236,0.014283346682412112,0.9297222222222221,0.04590699701923413,1.246656104140554,7.232911003333333
train,syn_n50_k30_high_corr_normal_low_vol_r03_s20260666,15,theta_089,1.0135578138175236,0.014283346682412112,0.9297222222222221,0.04590699701923413,1.246656104140554,7.145966523333334
train,syn_n50_k30_high_corr_normal_low_vol_r03_s20260666,15,theta_118,1.0195699961948956,0.009831834922455538,0.948888888888889,0.024742811076373456,1.2871656440464723,2.0142062800000002
train,syn_n50_k30_high_corr_normal_low_vol_r03_s20260666,15,theta_131,1.0195699961948956,0.009831834922455538,0.948888888888889,0.024742811076373456,1.2871656440464723,3.2575930166666667
train,syn_n50_k30_high_corr_normal_low_vol_r03_s20260666,15,theta_132,1.0195699961948956,0.009831834922455538,0.948888888888889,0.024742811076373456,1.2871656440464723,2.1431829166666665
train,syn_n50_k30_high_corr_normal_low_vol_r03_s20260666,15,theta_144,1.0178847710610988,0.011248210782909765,0.9352777777777775,0.022781160761391955,1.2553064345539942,6.700188956666666
train,syn_n50_k30_high_corr_normal_low_vol_r03_s20260666,15,theta_159,1.0178847710610988,0.011248210782909765,0.9352777777777775,0.022781160761391955,1.2553064345539942,2.982223113333333
train,syn_n50_k30_high_corr_normal_low_vol_r03_s20260666,15,theta_164,1.0174434792690803,0.01145218909896625,0.9422222222222221,0.03474084391789131,1.2538879318772316,2.9046705533333337
train,syn_n50_k30_high_corr_normal_low_vol_r03_s20260666,15,theta_170,1.0174434792690803,0.01145218909896625,0.9422222222222221,0.03474084391789131,1.2538879318772316,2.979685223333334
train,syn_n50_k30_high_corr_normal_low_vol_r03_s20260666,15,theta_175,1.0174434792690803,0.01145218909896625,0.9422222222222221,0.03474084391789131,1.2538879318772316,3.271115083333333
train,syn_n50_k30_high_corr_normal_low_vol_r03_s20260666,15,theta_189,1.0174434792690803,0.01145218909896625,0.9422222222222221,0.03474084391789131,1.2538879318772316,2.920711776666667
train,syn_n50_k30_high_corr_normal_low_vol_r03_s20260666,15,theta_200,1.0133893968218535,0.01994785053441653,0.9419444444444445,0.043938388568152784,1.2721729564183486,2.996580923333333
train,syn_n50_k30_high_corr_normal_low_vol_r03_s20260666,15,theta_223,1.0186496082011642,0.010542719729735164,0.9480555555555554,0.020472563063251254,1.2715477365414742,2.9479281833333335
train,syn_n50_k30_high_corr_normal_low_vol_r03_s20260666,15,theta_234,1.0186496082011642,0.010542719729735164,0.9480555555555554,0.020472563063251254,1.2715477365414742,2.999436103333333
train,syn_n50_k30_high_corr_normal_low_vol_r03_s20260666,15,theta_237,1.0186496082011642,0.010542719729735164,0.9480555555555554,0.020472563063251254,1.2715477365414742,3.08490425
train,syn_n50_k30_low_corr_normal_low_vol_r01_s20260668,15,theta_011,1.060572113352603,0.051918889476866674,0.767777777777778,0.036659158190891335,0.8437051551415234,3.388882653333333
train,syn_n50_k30_low_corr_normal_low_vol_r01_s20260668,15,theta_034,1.042467665923407,0.05738641801392282,0.47416666666666674,0.04977146362848856,0.9219489498590696,6.870008563333333
train,syn_n50_k30_low_corr_normal_low_vol_r01_s20260668,15,theta_037,1.042467665923407,0.05738641801392282,0.47416666666666674,0.04977146362848856,0.9219489498590696,6.658906743333334
train,syn_n50_k30_low_corr_normal_low_vol_r01_s20260668,15,theta_045,1.042467665923407,0.05738641801392282,0.47416666666666674,0.04977146362848856,0.9219489498590696,6.930106573333334
train,syn_n50_k30_low_corr_normal_low_vol_r01_s20260668,15,theta_047,1.042467665923407,0.05738641801392282,0.47416666666666674,0.04977146362848856,0.9219489498590696,6.549417516666666
train,syn_n50_k30_low_corr_normal_low_vol_r01_s20260668,15,theta_067,1.0397534455478459,0.06254455173699289,0.6052777777777777,0.04893603025773611,0.8372590514933926,6.912973486666667
train,syn_n50_k30_low_corr_normal_low_vol_r01_s20260668,15,theta_076,1.0397534455478459,0.06254455173699289,0.6052777777777777,0.04893603025773611,0.8372590514933926,3.0043402600000007
train,syn_n50_k30_low_corr_normal_low_vol_r01_s20260668,15,theta_078,1.0397534455478459,0.06254455173699289,0.6052777777777777,0.04893603025773611,0.8372590514933926,2.79992764
train,syn_n50_k30_low_corr_normal_low_vol_r01_s20260668,15,theta_084,1.0635721195910863,0.051183355022393635,0.7919444444444446,0.03343350562527452,0.8469771616077811,7.124189463333334
train,syn_n50_k30_low_corr_normal_low_vol_r01_s20260668,15,theta_086,1.0635721195910863,0.051183355022393635,0.7919444444444446,0.03343350562527452,0.8469771616077811,6.940112456666667
train,syn_n50_k30_low_corr_normal_low_vol_r01_s20260668,15,theta_089,1.0635721195910863,0.051183355022393635,0.7919444444444446,0.03343350562527452,0.8469771616077811,5.616116523333333
train,syn_n50_k30_low_corr_normal_low_vol_r01_s20260668,15,theta_118,1.0296994207952368,0.060791653418087684,0.4844444444444445,0.04650862457696467,0.8971944211478166,1.8386292999999998
train,syn_n50_k30_low_corr_normal_low_vol_r01_s20260668,15,theta_131,1.0296994207952368,0.060791653418087684,0.4844444444444445,0.04650862457696467,0.8971944211478166,1.5991998400000003
train,syn_n50_k30_low_corr_normal_low_vol_r01_s20260668,15,theta_132,1.0296994207952368,0.060791653418087684,0.4844444444444445,0.04650862457696467,0.8971944211478166,2.05279038
train,syn_n50_k30_low_corr_normal_low_vol_r01_s20260668,15,theta_144,1.0085075792403824,0.07334828467004612,0.618611111111111,0.042669513155797,0.7567631108079387,7.0194967733333336
train,syn_n50_k30_low_corr_normal_low_vol_r01_s20260668,15,theta_159,1.0085075792403824,0.07334828467004612,0.618611111111111,0.042669513155797,0.7567631108079387,2.894989333333333
train,syn_n50_k30_low_corr_normal_low_vol_r01_s20260668,15,theta_164,1.0689510566145917,0.05262745165902308,0.8208333333333333,0.03554347613134019,0.8127737225043293,2.862636183333333
train,syn_n50_k30_low_corr_normal_low_vol_r01_s20260668,15,theta_170,1.0689510566145917,0.05262745165902308,0.8208333333333333,0.03554347613134019,0.8127737225043293,2.9295328966666663
train,syn_n50_k30_low_corr_normal_low_vol_r01_s20260668,15,theta_175,1.0689510566145917,0.05262745165902308,0.8208333333333333,0.03554347613134019,0.8127737225043293,3.0256652200000005
train,syn_n50_k30_low_corr_normal_low_vol_r01_s20260668,15,theta_189,1.0689510566145917,0.05262745165902308,0.8208333333333333,0.03554347613134019,0.8127737225043293,2.8724901066666666
train,syn_n50_k30_low_corr_normal_low_vol_r01_s20260668,15,theta_200,1.044542364945016,0.0547424862350416,0.4813888888888889,0.06406326808441763,0.9607662108958862,2.744955773333333
train,syn_n50_k30_low_corr_normal_low_vol_r01_s20260668,15,theta_223,1.0148091249190831,0.07092419320006244,0.6083333333333332,0.04777219350192722,0.784612292908368,2.8371436533333325
train,syn_n50_k30_low_corr_normal_low_vol_r01_s20260668,15,theta_234,1.0148091249190831,0.07092419320006244,0.6083333333333332,0.04777219350192722,0.784612292908368,2.8043767033333324
train,syn_n50_k30_low_corr_normal_low_vol_r01_s20260668,15,theta_237,1.0148091249190831,0.07092419320006244,0.6083333333333332,0.04777219350192722,0.784612292908368,2.8784212966666667
train,syn_n50_k30_pathological_cov_mixed_low_vol_r01_s20260665,15,theta_011,1.1491152480726181,0.16113832011307286,0.5622222222222223,0.0864154984882128,0.9176507479301556,2.7757011833333327
train,syn_n50_k30_pathological_cov_mixed_low_vol_r01_s20260665,15,theta_034,1.1682773779014088,0.08598499422691606,0.7508333333333334,0.17567601144662853,1.1946977158971797,6.41680089
train,syn_n50_k30_pathological_cov_mixed_low_vol_r01_s20260665,15,theta_037,1.1682773779014088,0.08598499422691606,0.7508333333333334,0.17567601144662853,1.1946977158971797,6.755857033333333
train,syn_n50_k30_pathological_cov_mixed_low_vol_r01_s20260665,15,theta_045,1.1682773779014088,0.08598499422691606,0.7508333333333334,0.17567601144662853,1.1946977158971797,6.468594846666666
train,syn_n50_k30_pathological_cov_mixed_low_vol_r01_s20260665,15,theta_047,1.1682773779014088,0.08598499422691606,0.7508333333333334,0.17567601144662853,1.1946977158971797,6.7608334333333335
train,syn_n50_k30_pathological_cov_mixed_low_vol_r01_s20260665,15,theta_067,1.163752337564465,0.10830260897876079,0.7250000000000002,0.16960646145321792,1.0835419733823,6.882649196666666
train,syn_n50_k30_pathological_cov_mixed_low_vol_r01_s20260665,15,theta_076,1.163752337564465,0.10830260897876079,0.7250000000000002,0.16960646145321792,1.0835419733823,2.8852728033333337
train,syn_n50_k30_pathological_cov_mixed_low_vol_r01_s20260665,15,theta_078,1.163752337564465,0.10830260897876079,0.7250000000000002,0.16960646145321792,1.0835419733823,2.820513503333333
train,syn_n50_k30_pathological_cov_mixed_low_vol_r01_s20260665,15,theta_084,1.1664160873295812,0.07967658776887039,0.7975,0.17002138703860772,1.1744769062061942,6.759449863333333
train,syn_n50_k30_pathological_cov_mixed_low_vol_r01_s20260665,15,theta_086,1.1664160873295812,0.07967658776887039,0.7975,0.17002138703860772,1.1744769062061942,6.918263583333333
train,syn_n50_k30_pathological_cov_mixed_low_vol_r01_s20260665,15,theta_089,1.1664160873295812,0.07967658776887039,0.7975,0.17002138703860772,1.1744769062061942,1.9420187566666665
train,syn_n50_k30_pathological_cov_mixed_low_vol_r01_s20260665,15,theta_118,1.1691301805807373,0.09570780439593679,0.7675,0.1589527967131512,1.153471619634846,1.8390889233333334
train,syn_n50_k30_pathological_cov_mixed_low_vol_r01_s20260665,15,theta_131,1.1691301805807373,0.09570780439593679,0.7675,0.1589527967131512,1.153471619634846,1.57887587
train,syn_n50_k30_pathological_cov_mixed_low_vol_r01_s20260665,15,theta_132,1.1691301805807373,0.09570780439593679,0.7675,0.1589527967131512,1.153471619634846,3.3468164466666663
train,syn_n50_k30_pathological_cov_mixed_low_vol_r01_s20260665,15,theta_144,1.164617701721375,0.09405138384375888,0.7625,0.1354975046243996,1.1104016523852371,6.211155443333333
train,syn_n50_k30_pathological_cov_mixed_low_vol_r01_s20260665,15,theta_159,1.164617701721375,0.09405138384375888,0.7625,0.1354975046243996,1.1104016523852371,2.7830436300000003
train,syn_n50_k30_pathological_cov_mixed_low_vol_r01_s20260665,15,theta_164,1.1624555366187335,0.11331274108481702,0.716111111111111,0.16396671579943656,1.0884320611950995,2.6954724833333334
train,syn_n50_k30_pathological_cov_mixed_low_vol_r01_s20260665,15,theta_170,1.1624555366187335,0.11331274108481702,0.716111111111111,0.16396671579943656,1.0884320611950995,2.8019391600000003
train,syn_n50_k30_pathological_cov_mixed_low_vol_r01_s20260665,15,theta_175,1.161735296835075,0.11825276665533088,0.7058333333333332,0.16125710774051172,1.073243489597021,2.7687010066666673
train,syn_n50_k30_pathological_cov_mixed_low_vol_r01_s20260665,15,theta_189,1.1624555366187335,0.11331274108481702,0.716111111111111,0.16396671579943656,1.0884320611950995,2.732328586666667
train,syn_n50_k30_pathological_cov_mixed_low_vol_r01_s20260665,15,theta_200,1.16655424035338,0.10340255088650577,0.7541666666666667,0.18294884967188596,1.1074819692861053,2.810794516666667
train,syn_n50_k30_pathological_cov_mixed_low_vol_r01_s20260665,15,theta_223,1.1684360922949646,0.08135324652947493,0.7916666666666666,0.1672288605020304,1.1808287954136827,2.7994311666666665
train,syn_n50_k30_pathological_cov_mixed_low_vol_r01_s20260665,15,theta_234,1.1684360922949646,0.08135324652947493,0.7916666666666666,0.1672288605020304,1.1808287954136827,2.85336656
train,syn_n50_k30_pathological_cov_mixed_low_vol_r01_s20260665,15,theta_237,1.1684360922949646,0.08135324652947493,0.7916666666666666,0.1672288605020304,1.1808287954136827,2.828710633333334
train,syn_n50_k30_pathological_cov_normal_extreme_events_r02_s20260669,15,theta_011,1.0450695185101737,0.006315139859028955,0.9794444444444446,0.009413500331199445,0.8515339403243224,3.742347826666666
train,syn_n50_k30_pathological_cov_normal_extreme_events_r02_s20260669,15,theta_034,1.047230814435531,0.007531953503016605,0.9847222222222224,0.010723961541871722,0.8724504636762264,7.039871283333333
train,syn_n50_k30_pathological_cov_normal_extreme_events_r02_s20260669,15,theta_037,1.047230814435531,0.007531953503016605,0.9847222222222224,0.010723961541871722,0.8724504636762264,7.368137823333333
train,syn_n50_k30_pathological_cov_normal_extreme_events_r02_s20260669,15,theta_045,1.047230814435531,0.007531953503016605,0.9847222222222224,0.010723961541871722,0.8724504636762264,7.393891263333334
train,syn_n50_k30_pathological_cov_normal_extreme_events_r02_s20260669,15,theta_047,1.047230814435531,0.007531953503016605,0.9847222222222224,0.010723961541871722,0.8724504636762264,7.1462063733333325
train,syn_n50_k30_pathological_cov_normal_extreme_events_r02_s20260669,15,theta_067,1.0477121926976816,0.006637621233538293,0.9880555555555558,0.0113613333337454,0.8708011423915915,7.56775387
train,syn_n50_k30_pathological_cov_normal_extreme_events_r02_s20260669,15,theta_076,1.0477121926976816,0.006637621233538293,0.9880555555555558,0.0113613333337454,0.8708011423915915,3.082500806666667
train,syn_n50_k30_pathological_cov_normal_extreme_events_r02_s20260669,15,theta_078,1.0477121926976816,0.006637621233538293,0.9880555555555558,0.0113613333337454,0.8708011423915915,3.1430803466666664
train,syn_n50_k30_pathological_cov_normal_extreme_events_r02_s20260669,15,theta_084,1.0469448506781256,0.005524282611255136,0.9825000000000002,0.007868067458772545,0.8616790005290983,7.59756751
train,syn_n50_k30_pathological_cov_normal_extreme_events_r02_s20260669,15,theta_086,1.0469448506781256,0.005524282611255136,0.9825000000000002,0.007868067458772545,0.8616790005290983,7.844541029999999
train,syn_n50_k30_pathological_cov_normal_extreme_events_r02_s20260669,15,theta_089,1.0469448506781256,0.005524282611255136,0.9825000000000002,0.007868067458772545,0.8616790005290983,2.526640266666667
train,syn_n50_k30_pathological_cov_normal_extreme_events_r02_s20260669,15,theta_118,1.0488286413741554,0.0063657357861374025,0.9869444444444446,0.012466763095093585,0.8896549205819947,2.1355381933333333
train,syn_n50_k30_pathological_cov_normal_extreme_events_r02_s20260669,15,theta_131,1.0488286413741554,0.0063657357861374025,0.9869444444444446,0.012466763095093585,0.8896549205819947,1.7417997233333335
train,syn_n50_k30_pathological_cov_normal_extreme_events_r02_s20260669,15,theta_132,1.0488286413741554,0.0063657357861374025,0.9869444444444446,0.012466763095093585,0.8896549205819947,3.558625603333333
train,syn_n50_k30_pathological_cov_normal_extreme_events_r02_s20260669,15,theta_144,1.0478841898220654,0.0069034771950734096,0.9858333333333335,0.011592065674632232,0.8695083841664348,7.041777263333333
train,syn_n50_k30_pathological_cov_normal_extreme_events_r02_s20260669,15,theta_159,1.0478841898220654,0.0069034771950734096,0.9858333333333335,0.011592065674632232,0.8695083841664348,2.958316316666667
train,syn_n50_k30_pathological_cov_normal_extreme_events_r02_s20260669,15,theta_164,1.0441540742903963,0.008301382298856625,0.9594444444444447,0.014705163940035099,0.8729055480428092,3.0326194466666663
train,syn_n50_k30_pathological_cov_normal_extreme_events_r02_s20260669,15,theta_170,1.0441540742903963,0.008301382298856625,0.9594444444444447,0.014705163940035099,0.8729055480428092,3.0418158466666667
train,syn_n50_k30_pathological_cov_normal_extreme_events_r02_s20260669,15,theta_175,1.0441540742903963,0.008301382298856625,0.9594444444444447,0.014705163940035099,0.8729055480428092,3.1244227199999997
train,syn_n50_k30_pathological_cov_normal_extreme_events_r02_s20260669,15,theta_189,1.0441540742903963,0.008301382298856625,0.9594444444444447,0.014705163940035099,0.8729055480428092,3.10851098
train,syn_n50_k30_pathological_cov_normal_extreme_events_r02_s20260669,15,theta_200,1.0520753499897502,0.004642766990926464,0.9911111111111112,0.010915490284184289,0.8882743884699235,2.9408049833333334
train,syn_n50_k30_pathological_cov_normal_extreme_events_r02_s20260669,15,theta_223,1.0458018113259653,0.008447347357987021,0.9602777777777778,0.014029902413970766,0.8742521766647028,3.012047126666667
train,syn_n50_k30_pathological_cov_normal_extreme_events_r02_s20260669,15,theta_234,1.0458018113259653,0.008447347357987021,0.9602777777777778,0.014029902413970766,0.8742521766647028,3.0358288166666667
train,syn_n50_k30_pathological_cov_normal_extreme_events_r02_s20260669,15,theta_237,1.0458018113259653,0.008447347357987021,0.9602777777777778,0.014029902413970766,0.8742521766647028,3.0117126266666667
