split,instance,K,method,HV,IGD,PF_Overlap,PF_Drift,Diversity,Runtime,rank_HV,rank_IGD,rank_PF_Overlap,rank_PF_Drift,rank_Runtime,LabelScore,ThetaRank,source_theta_id,source_operator,source_migration,source_elite_ratio,source_archive_strategy,source_constraint_handling,subpops,operatorMode,exchangeMode,eliteRatio,stagnationThreshold,theta,archiveLimitFactor,consensusArchive,archiveConsWeight,bestGuide,minSubpopSize,C_LabelScore,C_ThetaRank
train,syn_n100_k05_cluster_corr_mixed_extreme_events_r03_s20260676,5,theta_067,1.09947974693787,0.0099351251827428,0.8922222222222221,0.0186045165555386,1.031534598178239,6.035130230000001,2.0,2.0,2.0,2.0,21.0,5.8,4,theta_067,mixed,fixed,5%,crowding-pruned,repair+feasible-first,2,mixed,paper,0.05,5,0.0769230769230769,5,0,0,rank,1,2.0,1
train,syn_n100_k05_cluster_corr_mixed_extreme_events_r03_s20260676,5,theta_076,1.09947974693787,0.0099351251827428,0.8922222222222221,0.0186045165555386,1.031534598178239,3.6928911266666673,2.0,2.0,2.0,2.0,8.0,3.2,2,theta_076,mixed,adaptive,5%,crowding-pruned,repair+feasible-first,2,mixed,stable,0.05,5,0.0769230769230769,5,0,0,rank,1,2.0,2
train,syn_n100_k05_cluster_corr_mixed_extreme_events_r03_s20260676,5,theta_078,1.09947974693787,0.0099351251827428,0.8922222222222221,0.0186045165555386,1.031534598178239,3.648743616666666,2.0,2.0,2.0,2.0,7.0,3.0,1,theta_078,mixed,adaptive,5%,crowding-pruned,repair+feasible-first,2,mixed,stable,0.05,20,0.0769230769230769,5,0,0,rank,1,2.0,3
train,syn_n100_k05_cluster_corr_mixed_extreme_events_r03_s20260676,5,theta_011,1.099300243870112,0.0106002426224621,0.8738888888888888,0.020832662022811,1.0369796677914942,2.392307006666667,4.0,4.0,4.0,4.0,1.0,3.4,3,theta_011,DE/rand,fixed,1%,crowding-pruned,repair+feasible-first,2,rand2,paper,0.01,10,0.0769230769230769,5,0,0,rank,1,4.0,4
train,syn_n100_k05_cluster_corr_mixed_extreme_events_r03_s20260676,5,theta_144,1.095546920451116,0.0140424239358774,0.8261111111111111,0.0209687944912057,1.0275587894646985,5.595559123333334,5.5,5.5,5.5,5.5,20.0,8.4,8,theta_144,mixed,none,10%,crowding-pruned,repair+feasible-first,3,mixed,none,0.1,20,0.0769230769230769,5,0,0,rank,1,5.5,5
train,syn_n100_k05_cluster_corr_mixed_extreme_events_r03_s20260676,5,theta_159,1.095546920451116,0.0140424239358774,0.8261111111111111,0.0209687944912057,1.0275587894646985,4.483186186666667,5.5,5.5,5.5,5.5,17.0,7.8,5,theta_159,mixed,adaptive,5%,crowding-pruned,repair+feasible-first,3,mixed,stable,0.05,20,0.0769230769230769,5,0,0,rank,1,5.5,6
train,syn_n100_k05_cluster_corr_mixed_extreme_events_r03_s20260676,5,theta_084,1.092163537021846,0.0156986399546582,0.7897222222222222,0.0247995706692328,1.0210427319198867,3.1211321733333337,8.0,8.0,12.0,8.0,5.0,8.2,7,theta_084,DE/rand,none,1%,crowding-pruned,repair+feasible-first,3,rand2,none,0.01,20,0.0769230769230769,5,0,0,rank,1,9.2,7
train,syn_n100_k05_cluster_corr_mixed_extreme_events_r03_s20260676,5,theta_086,1.092163537021846,0.0156986399546582,0.7897222222222222,0.0247995706692328,1.0210427319198867,3.061009746666666,8.0,8.0,12.0,8.0,4.0,8.0,6,theta_086,DE/rand,none,5%,crowding-pruned,repair+feasible-first,3,rand2,none,0.05,10,0.0769230769230769,5,0,0,rank,1,9.2,8
train,syn_n100_k05_cluster_corr_mixed_extreme_events_r03_s20260676,5,theta_089,1.092163537021846,0.0156986399546582,0.7897222222222222,0.0247995706692328,1.0210427319198867,4.1493317733333335,8.0,8.0,12.0,8.0,15.0,10.2,9,theta_089,DE/rand,none,10%,crowding-pruned,repair+feasible-first,3,rand2,none,0.1,10,0.0769230769230769,5,0,0,rank,1,9.2,9
train,syn_n100_k05_cluster_corr_mixed_extreme_events_r03_s20260676,5,theta_164,1.0898230432784544,0.0164538190656874,0.7266666666666667,0.0250695707367916,1.0278106242852203,3.861625306666667,12.5,11.5,18.5,11.5,10.0,12.8,10,theta_164,DE/rand,none,1%,crowding-pruned,repair+feasible-first,5,rand2,none,0.01,10,0.0769230769230769,5,0,0,rank,1,13.8,10
train,syn_n100_k05_cluster_corr_mixed_extreme_events_r03_s20260676,5,theta_170,1.0898230432784544,0.0164538190656874,0.7266666666666667,0.0250695707367916,1.0278106242852203,4.3001401066666665,12.5,11.5,18.5,11.5,16.0,14.0,12,theta_170,DE/rand,none,10%,crowding-pruned,repair+feasible-first,5,rand2,none,0.1,10,0.0769230769230769,5,0,0,rank,1,13.8,11
train,syn_n100_k05_cluster_corr_mixed_extreme_events_r03_s20260676,5,theta_175,1.0898230432784544,0.0164538190656874,0.7266666666666667,0.0250695707367916,1.0278106242852203,4.097053466666668,12.5,11.5,18.5,11.5,14.0,13.6,11,theta_175,DE/rand,fixed,5%,crowding-pruned,repair+feasible-first,5,rand2,paper,0.05,5,0.0769230769230769,5,0,0,rank,1,13.8,12
train,syn_n100_k05_cluster_corr_mixed_extreme_events_r03_s20260676,5,theta_189,1.0898230432784544,0.0164538190656874,0.7266666666666667,0.0250695707367916,1.0278106242852203,4.564226363333333,12.5,11.5,18.5,11.5,19.0,14.6,13,theta_189,DE/rand,adaptive,10%,crowding-pruned,repair+feasible-first,5,rand2,stable,0.1,20,0.0769230769230769,5,0,0,rank,1,13.8,13
train,syn_n100_k05_cluster_corr_mixed_extreme_events_r03_s20260676,5,theta_200,1.0899341886935794,0.0178723826486547,0.7963888888888889,0.0261017981030209,1.0468675045550166,9.206473373333331,10.0,14.0,10.0,21.0,24.0,15.8,17,theta_200,DE/best,fixed,1%,crowding-pruned,repair+feasible-first,5,best2,paper,0.01,10,0.0769230769230769,5,0,0,rank,1,14.100000000000001,14
train,syn_n100_k05_cluster_corr_mixed_extreme_events_r03_s20260676,5,theta_118,1.0853219050240184,0.021832980052717,0.8136111111111112,0.0255751008405783,1.0601286981106317,3.9324471066666655,19.0,19.0,8.0,19.0,12.0,15.4,16,theta_118,DE/best,fixed,1%,crowding-pruned,repair+feasible-first,3,best2,paper,0.01,5,0.0769230769230769,5,0,0,rank,1,15.7,15
train,syn_n100_k05_cluster_corr_mixed_extreme_events_r03_s20260676,5,theta_131,1.0853219050240184,0.021832980052717,0.8136111111111112,0.0255751008405783,1.0601286981106317,3.8209299533333327,19.0,19.0,8.0,19.0,9.0,14.8,14,theta_131,DE/best,adaptive,5%,crowding-pruned,repair+feasible-first,3,best2,stable,0.05,10,0.0769230769230769,5,0,0,rank,1,15.7,16
train,syn_n100_k05_cluster_corr_mixed_extreme_events_r03_s20260676,5,theta_132,1.0853219050240184,0.021832980052717,0.8136111111111112,0.0255751008405783,1.0601286981106317,3.908895463333334,19.0,19.0,8.0,19.0,11.0,15.2,15,theta_132,DE/best,adaptive,5%,crowding-pruned,repair+feasible-first,3,best2,stable,0.05,20,0.0769230769230769,5,0,0,rank,1,15.7,17
train,syn_n100_k05_cluster_corr_mixed_extreme_events_r03_s20260676,5,theta_223,1.0869291198477238,0.0210902369052184,0.7666666666666667,0.0274519506910046,1.0196512161814024,9.095117163333333,16.0,16.0,15.0,23.0,23.0,18.6,23,theta_223,mixed,none,10%,crowding-pruned,repair+feasible-first,5,mixed,none,0.1,5,0.0769230769230769,5,0,0,rank,1,17.8,18
train,syn_n100_k05_cluster_corr_mixed_extreme_events_r03_s20260676,5,theta_234,1.0869291198477238,0.0210902369052184,0.7666666666666667,0.0274519506910046,1.0196512161814024,9.032930653333333,16.0,16.0,15.0,23.0,22.0,18.4,22,theta_234,mixed,fixed,10%,crowding-pruned,repair+feasible-first,5,mixed,paper,0.1,20,0.0769230769230769,5,0,0,rank,1,17.8,19
train,syn_n100_k05_cluster_corr_mixed_extreme_events_r03_s20260676,5,theta_237,1.0869291198477238,0.0210902369052184,0.7666666666666667,0.0274519506910046,1.0196512161814024,3.946220743333333,16.0,16.0,15.0,23.0,13.0,16.6,18,theta_237,mixed,adaptive,1%,crowding-pruned,repair+feasible-first,5,mixed,stable,0.01,20,0.0769230769230769,5,0,0,rank,1,17.8,20
train,syn_n100_k05_cluster_corr_mixed_extreme_events_r03_s20260676,5,theta_034,1.0816920430723491,0.025811359590956,0.7011111111111111,0.0252987074055147,1.0163703622235574,2.8663499333333333,22.5,22.5,22.5,15.5,3.0,17.2,20,theta_034,DE/best,none,10%,crowding-pruned,repair+feasible-first,2,best2,none,0.1,5,0.0769230769230769,5,0,0,rank,1,20.4,21
train,syn_n100_k05_cluster_corr_mixed_extreme_events_r03_s20260676,5,theta_037,1.0816920430723491,0.025811359590956,0.7011111111111111,0.0252987074055147,1.0163703622235574,2.8399373100000003,22.5,22.5,22.5,15.5,2.0,17.0,19,theta_037,DE/best,fixed,1%,crowding-pruned,repair+feasible-first,2,best2,paper,0.01,5,0.0769230769230769,5,0,0,rank,1,20.4,22
train,syn_n100_k05_cluster_corr_mixed_extreme_events_r03_s20260676,5,theta_045,1.0816920430723491,0.025811359590956,0.7011111111111111,0.0252987074055147,1.0163703622235574,3.495641300000001,22.5,22.5,22.5,15.5,6.0,17.8,21,theta_045,DE/best,fixed,10%,crowding-pruned,repair+feasible-first,2,best2,paper,0.1,20,0.0769230769230769,5,0,0,rank,1,20.4,23
train,syn_n100_k05_cluster_corr_mixed_extreme_events_r03_s20260676,5,theta_047,1.0816920430723491,0.025811359590956,0.7011111111111111,0.0252987074055147,1.0163703622235574,4.495599823333334,22.5,22.5,22.5,15.5,18.0,20.2,24,theta_047,DE/best,adaptive,1%,crowding-pruned,repair+feasible-first,2,best2,stable,0.01,10,0.0769230769230769,5,0,0,rank,1,20.4,24
train,syn_n100_k05_high_corr_heavy_tail_extreme_events_r01_s20260681,5,theta_011,1.1288754211339922,0.0054579335142039,0.9469444444444444,0.0222797554227206,0.8574722835886256,4.927841926666667,1.0,1.0,1.0,1.0,19.0,4.6,1,theta_011,DE/rand,fixed,1%,crowding-pruned,repair+feasible-first,2,rand2,paper,0.01,10,0.0769230769230769,5,0,0,rank,1,1.0,1
train,syn_n100_k05_high_corr_heavy_tail_extreme_events_r01_s20260681,5,theta_067,1.1271596112567488,0.0062468057385984,0.9230555555555556,0.0265414134757318,0.8592552292138337,6.841722326666666,10.0,3.0,7.0,3.0,21.0,8.8,9,theta_067,mixed,fixed,5%,crowding-pruned,repair+feasible-first,2,mixed,paper,0.05,5,0.0769230769230769,5,0,0,rank,1,5.6,2
train,syn_n100_k05_high_corr_heavy_tail_extreme_events_r01_s20260681,5,theta_076,1.1271596112567488,0.0062468057385984,0.9230555555555556,0.0265414134757318,0.8592552292138337,4.137276263333335,10.0,3.0,7.0,3.0,6.0,5.8,5,theta_076,mixed,adaptive,5%,crowding-pruned,repair+feasible-first,2,mixed,stable,0.05,5,0.0769230769230769,5,0,0,rank,1,5.6,3
train,syn_n100_k05_high_corr_heavy_tail_extreme_events_r01_s20260681,5,theta_078,1.1271596112567488,0.0062468057385984,0.9230555555555556,0.0265414134757318,0.8592552292138337,4.263707660000001,10.0,3.0,7.0,3.0,8.0,6.2,6,theta_078,mixed,adaptive,5%,crowding-pruned,repair+feasible-first,2,mixed,stable,0.05,20,0.0769230769230769,5,0,0,rank,1,5.6,4
train,syn_n100_k05_high_corr_heavy_tail_extreme_events_r01_s20260681,5,theta_034,1.127680738996523,0.0068563723293215,0.923888888888889,0.0306954803169753,0.8481457758192515,3.451182363333333,6.5,6.5,3.5,6.5,1.0,4.8,2,theta_034,DE/best,none,10%,crowding-pruned,repair+feasible-first,2,best2,none,0.1,5,0.0769230769230769,5,0,0,rank,1,5.6000000000000005,5
train,syn_n100_k05_high_corr_heavy_tail_extreme_events_r01_s20260681,5,theta_037,1.127680738996523,0.0068563723293215,0.923888888888889,0.0306954803169753,0.8481457758192515,3.4533198266666663,6.5,6.5,3.5,6.5,2.0,5.0,3,theta_037,DE/best,fixed,1%,crowding-pruned,repair+feasible-first,2,best2,paper,0.01,5,0.0769230769230769,5,0,0,rank,1,5.6000000000000005,6
train,syn_n100_k05_high_corr_heavy_tail_extreme_events_r01_s20260681,5,theta_045,1.127680738996523,0.0068563723293215,0.923888888888889,0.0306954803169753,0.8481457758192515,4.020853136666667,6.5,6.5,3.5,6.5,5.0,5.6,4,theta_045,DE/best,fixed,10%,crowding-pruned,repair+feasible-first,2,best2,paper,0.1,20,0.0769230769230769,5,0,0,rank,1,5.6000000000000005,7
train,syn_n100_k05_high_corr_heavy_tail_extreme_events_r01_s20260681,5,theta_047,1.127680738996523,0.0068563723293215,0.923888888888889,0.0306954803169753,0.8481457758192515,4.727189856666667,6.5,6.5,3.5,6.5,17.0,8.0,7,theta_047,DE/best,adaptive,1%,crowding-pruned,repair+feasible-first,2,best2,stable,0.01,10,0.0769230769230769,5,0,0,rank,1,5.6000000000000005,8
train,syn_n100_k05_high_corr_heavy_tail_extreme_events_r01_s20260681,5,theta_118,1.1281298666477422,0.0069192378206659,0.9225,0.0316376461719912,0.8416784558879106,4.46716171,3.0,10.0,10.0,10.0,11.0,8.8,10,theta_118,DE/best,fixed,1%,crowding-pruned,repair+feasible-first,3,best2,paper,0.01,5,0.0769230769230769,5,0,0,rank,1,8.6,9
train,syn_n100_k05_high_corr_heavy_tail_extreme_events_r01_s20260681,5,theta_131,1.1281298666477422,0.0069192378206659,0.9225,0.0316376461719912,0.8416784558879106,4.58401906,3.0,10.0,10.0,10.0,13.0,9.2,11,theta_131,DE/best,adaptive,5%,crowding-pruned,repair+feasible-first,3,best2,stable,0.05,10,0.0769230769230769,5,0,0,rank,1,8.6,10
train,syn_n100_k05_high_corr_heavy_tail_extreme_events_r01_s20260681,5,theta_132,1.1281298666477422,0.0069192378206659,0.9225,0.0316376461719912,0.8416784558879106,4.4656634933333335,3.0,10.0,10.0,10.0,10.0,8.6,8,theta_132,DE/best,adaptive,5%,crowding-pruned,repair+feasible-first,3,best2,stable,0.05,20,0.0769230769230769,5,0,0,rank,1,8.6,11
train,syn_n100_k05_high_corr_heavy_tail_extreme_events_r01_s20260681,5,theta_200,1.1255275325059209,0.0081173682599318,0.8922222222222225,0.0359014578861752,0.8818845520352948,10.579661233333333,15.0,12.0,12.0,18.0,22.0,15.8,16,theta_200,DE/best,fixed,1%,crowding-pruned,repair+feasible-first,5,best2,paper,0.01,10,0.0769230769230769,5,0,0,rank,1,14.399999999999999,12
train,syn_n100_k05_high_corr_heavy_tail_extreme_events_r01_s20260681,5,theta_084,1.1262664311900197,0.0087589805291529,0.8763888888888889,0.0331883083545725,0.8776148049781299,3.5652471166666664,13.0,14.0,16.0,16.0,4.0,12.6,13,theta_084,DE/rand,none,1%,crowding-pruned,repair+feasible-first,3,rand2,none,0.01,20,0.0769230769230769,5,0,0,rank,1,15.0,13
train,syn_n100_k05_high_corr_heavy_tail_extreme_events_r01_s20260681,5,theta_086,1.1262664311900197,0.0087589805291529,0.8763888888888889,0.0331883083545725,0.8776148049781299,3.543548,13.0,14.0,16.0,16.0,3.0,12.4,12,theta_086,DE/rand,none,5%,crowding-pruned,repair+feasible-first,3,rand2,none,0.05,10,0.0769230769230769,5,0,0,rank,1,15.0,14
train,syn_n100_k05_high_corr_heavy_tail_extreme_events_r01_s20260681,5,theta_089,1.1262664311900197,0.0087589805291529,0.8763888888888889,0.0331883083545725,0.8776148049781299,4.48553742,13.0,14.0,16.0,16.0,12.0,14.2,14,theta_089,DE/rand,none,10%,crowding-pruned,repair+feasible-first,3,rand2,none,0.1,10,0.0769230769230769,5,0,0,rank,1,15.0,15
train,syn_n100_k05_high_corr_heavy_tail_extreme_events_r01_s20260681,5,theta_144,1.1236219165968029,0.0094147972774068,0.881388888888889,0.0390680467266417,0.8643570271595179,6.0080731133333325,16.5,16.5,13.5,23.5,20.0,18.0,18,theta_144,mixed,none,10%,crowding-pruned,repair+feasible-first,3,mixed,none,0.1,20,0.0769230769230769,5,0,0,rank,1,17.7,16
train,syn_n100_k05_high_corr_heavy_tail_extreme_events_r01_s20260681,5,theta_159,1.1236219165968029,0.0094147972774068,0.881388888888889,0.0390680467266417,0.8643570271595179,4.351739153333332,16.5,16.5,13.5,23.5,9.0,15.8,15,theta_159,mixed,adaptive,5%,crowding-pruned,repair+feasible-first,3,mixed,stable,0.05,20,0.0769230769230769,5,0,0,rank,1,17.7,17
train,syn_n100_k05_high_corr_heavy_tail_extreme_events_r01_s20260681,5,theta_223,1.1220379941348952,0.0117842058428301,0.8213888888888888,0.0326341010226285,0.867054202985404,10.69397628,23.0,19.0,19.0,13.0,24.0,19.6,21,theta_223,mixed,none,10%,crowding-pruned,repair+feasible-first,5,mixed,none,0.1,5,0.0769230769230769,5,0,0,rank,1,18.0,18
train,syn_n100_k05_high_corr_heavy_tail_extreme_events_r01_s20260681,5,theta_234,1.1220379941348952,0.0117842058428301,0.8213888888888888,0.0326341010226285,0.867054202985404,10.608867446666665,23.0,19.0,19.0,13.0,23.0,19.4,20,theta_234,mixed,fixed,10%,crowding-pruned,repair+feasible-first,5,mixed,paper,0.1,20,0.0769230769230769,5,0,0,rank,1,18.0,19
train,syn_n100_k05_high_corr_heavy_tail_extreme_events_r01_s20260681,5,theta_237,1.1220379941348952,0.0117842058428301,0.8213888888888888,0.0326341010226285,0.867054202985404,4.638041996666667,23.0,19.0,19.0,13.0,15.0,17.8,17,theta_237,mixed,adaptive,1%,crowding-pruned,repair+feasible-first,5,mixed,stable,0.01,20,0.0769230769230769,5,0,0,rank,1,18.0,20
train,syn_n100_k05_high_corr_heavy_tail_extreme_events_r01_s20260681,5,theta_164,1.1224883671649846,0.0136097480125289,0.7630555555555556,0.0362390839033858,0.8646806604428332,4.23542803,19.5,22.5,22.5,20.5,7.0,18.4,19,theta_164,DE/rand,none,1%,crowding-pruned,repair+feasible-first,5,rand2,none,0.01,10,0.0769230769230769,5,0,0,rank,1,21.3,21
train,syn_n100_k05_high_corr_heavy_tail_extreme_events_r01_s20260681,5,theta_170,1.1224883671649846,0.0136097480125289,0.7630555555555556,0.0362390839033858,0.8646806604428332,4.853950036666666,19.5,22.5,22.5,20.5,18.0,20.6,24,theta_170,DE/rand,none,10%,crowding-pruned,repair+feasible-first,5,rand2,none,0.1,10,0.0769230769230769,5,0,0,rank,1,21.3,22
train,syn_n100_k05_high_corr_heavy_tail_extreme_events_r01_s20260681,5,theta_175,1.1224883671649846,0.0136097480125289,0.7630555555555556,0.0362390839033858,0.8646806604428332,4.627204036666667,19.5,22.5,22.5,20.5,14.0,19.8,22,theta_175,DE/rand,fixed,5%,crowding-pruned,repair+feasible-first,5,rand2,paper,0.05,5,0.0769230769230769,5,0,0,rank,1,21.3,23
train,syn_n100_k05_high_corr_heavy_tail_extreme_events_r01_s20260681,5,theta_189,1.1224883671649846,0.0136097480125289,0.7630555555555556,0.0362390839033858,0.8646806604428332,4.687041296666667,19.5,22.5,22.5,20.5,16.0,20.2,23,theta_189,DE/rand,adaptive,10%,crowding-pruned,repair+feasible-first,5,rand2,stable,0.1,20,0.0769230769230769,5,0,0,rank,1,21.3,24
train,syn_n100_k05_high_corr_mixed_high_vol_r02_s20260675,5,theta_067,1.0531121732572093,0.0189149823790849,0.8074999999999999,0.0412230631701192,1.1118255053275703,5.84584368,2.0,3.0,2.0,2.0,20.0,5.8,4,theta_067,mixed,fixed,5%,crowding-pruned,repair+feasible-first,2,mixed,paper,0.05,5,0.0769230769230769,5,0,0,rank,1,2.2,1
train,syn_n100_k05_high_corr_mixed_high_vol_r02_s20260675,5,theta_076,1.0531121732572093,0.0189149823790849,0.8074999999999999,0.0412230631701192,1.1118255053275703,4.103988996666667,2.0,3.0,2.0,2.0,6.0,3.0,1,theta_076,mixed,adaptive,5%,crowding-pruned,repair+feasible-first,2,mixed,stable,0.05,5,0.0769230769230769,5,0,0,rank,1,2.2,2
train,syn_n100_k05_high_corr_mixed_high_vol_r02_s20260675,5,theta_078,1.0531121732572093,0.0189149823790849,0.8074999999999999,0.0412230631701192,1.1118255053275703,4.137069253333333,2.0,3.0,2.0,2.0,7.0,3.2,2,theta_078,mixed,adaptive,5%,crowding-pruned,repair+feasible-first,2,mixed,stable,0.05,20,0.0769230769230769,5,0,0,rank,1,2.2,3
train,syn_n100_k05_high_corr_mixed_high_vol_r02_s20260675,5,theta_011,1.0527060513860609,0.0188495124411938,0.7958333333333333,0.0439036730950042,1.0794327768654692,4.187218803333334,4.0,1.0,8.0,4.0,9.0,5.2,3,theta_011,DE/rand,fixed,1%,crowding-pruned,repair+feasible-first,2,rand2,paper,0.01,10,0.0769230769230769,5,0,0,rank,1,4.6,4
train,syn_n100_k05_high_corr_mixed_high_vol_r02_s20260675,5,theta_034,1.0437357634963844,0.0234917091265256,0.7988888888888889,0.0521395452761106,1.095612297671728,3.390495093333333,9.5,6.5,5.5,11.5,2.0,7.0,6,theta_034,DE/best,none,10%,crowding-pruned,repair+feasible-first,2,best2,none,0.1,5,0.0769230769230769,5,0,0,rank,1,8.299999999999999,5
train,syn_n100_k05_high_corr_mixed_high_vol_r02_s20260675,5,theta_037,1.0437357634963844,0.0234917091265256,0.7988888888888889,0.0521395452761106,1.095612297671728,3.3896592800000005,9.5,6.5,5.5,11.5,1.0,6.8,5,theta_037,DE/best,fixed,1%,crowding-pruned,repair+feasible-first,2,best2,paper,0.01,5,0.0769230769230769,5,0,0,rank,1,8.299999999999999,6
train,syn_n100_k05_high_corr_mixed_high_vol_r02_s20260675,5,theta_045,1.0437357634963844,0.0234917091265256,0.7988888888888889,0.0521395452761106,1.095612297671728,3.9365454566666656,9.5,6.5,5.5,11.5,5.0,7.6,7,theta_045,DE/best,fixed,10%,crowding-pruned,repair+feasible-first,2,best2,paper,0.1,20,0.0769230769230769,5,0,0,rank,1,8.299999999999999,7
train,syn_n100_k05_high_corr_mixed_high_vol_r02_s20260675,5,theta_047,1.0437357634963844,0.0234917091265256,0.7988888888888889,0.0521395452761106,1.095612297671728,4.659726289999999,9.5,6.5,5.5,11.5,17.0,10.0,8,theta_047,DE/best,adaptive,1%,crowding-pruned,repair+feasible-first,2,best2,stable,0.01,10,0.0769230769230769,5,0,0,rank,1,8.299999999999999,8
train,syn_n100_k05_high_corr_mixed_high_vol_r02_s20260675,5,theta_084,1.0436313689684538,0.025208899801873,0.7358333333333335,0.0479588345387796,1.0863341602885863,3.5844556933333327,13.0,12.0,18.0,8.0,3.0,10.8,9,theta_084,DE/rand,none,1%,crowding-pruned,repair+feasible-first,3,rand2,none,0.01,20,0.0769230769230769,5,0,0,rank,1,12.799999999999999,9
train,syn_n100_k05_high_corr_mixed_high_vol_r02_s20260675,5,theta_086,1.0436313689684538,0.025208899801873,0.7358333333333335,0.0479588345387796,1.0863341602885863,3.694488363333333,13.0,12.0,18.0,8.0,4.0,11.0,10,theta_086,DE/rand,none,5%,crowding-pruned,repair+feasible-first,3,rand2,none,0.05,10,0.0769230769230769,5,0,0,rank,1,12.799999999999999,10
train,syn_n100_k05_high_corr_mixed_high_vol_r02_s20260675,5,theta_089,1.0436313689684538,0.025208899801873,0.7358333333333335,0.0479588345387796,1.0863341602885863,4.467565100000001,13.0,12.0,18.0,8.0,15.0,13.2,12,theta_089,DE/rand,none,10%,crowding-pruned,repair+feasible-first,3,rand2,none,0.1,10,0.0769230769230769,5,0,0,rank,1,12.799999999999999,11
train,syn_n100_k05_high_corr_mixed_high_vol_r02_s20260675,5,theta_144,1.03750420069899,0.0251744446231826,0.7508333333333334,0.0461758134027699,1.140755130812848,5.9441162200000015,23.5,9.5,15.5,5.5,21.0,15.0,16,theta_144,mixed,none,10%,crowding-pruned,repair+feasible-first,3,mixed,none,0.1,20,0.0769230769230769,5,0,0,rank,1,12.9,12
train,syn_n100_k05_high_corr_mixed_high_vol_r02_s20260675,5,theta_159,1.03750420069899,0.0251744446231826,0.7508333333333334,0.0461758134027699,1.140755130812848,4.344486493333333,23.5,9.5,15.5,5.5,11.0,13.0,11,theta_159,mixed,adaptive,5%,crowding-pruned,repair+feasible-first,3,mixed,stable,0.05,20,0.0769230769230769,5,0,0,rank,1,12.9,13
train,syn_n100_k05_high_corr_mixed_high_vol_r02_s20260675,5,theta_118,1.0450792558130566,0.0265228158103157,0.7625,0.0651128980898458,1.0852381249835663,4.346004766666668,6.0,19.0,10.0,23.0,12.0,14.0,14,theta_118,DE/best,fixed,1%,crowding-pruned,repair+feasible-first,3,best2,paper,0.01,5,0.0769230769230769,5,0,0,rank,1,14.899999999999999,14
train,syn_n100_k05_high_corr_mixed_high_vol_r02_s20260675,5,theta_131,1.0450792558130566,0.0265228158103157,0.7625,0.0651128980898458,1.0852381249835663,4.293058796666667,6.0,19.0,10.0,23.0,10.0,13.6,13,theta_131,DE/best,adaptive,5%,crowding-pruned,repair+feasible-first,3,best2,stable,0.05,10,0.0769230769230769,5,0,0,rank,1,14.899999999999999,15
train,syn_n100_k05_high_corr_mixed_high_vol_r02_s20260675,5,theta_132,1.0450792558130566,0.0265228158103157,0.7625,0.0651128980898458,1.0852381249835663,4.456667536666667,6.0,19.0,10.0,23.0,14.0,14.4,15,theta_132,DE/best,adaptive,5%,crowding-pruned,repair+feasible-first,3,best2,stable,0.05,20,0.0769230769230769,5,0,0,rank,1,14.899999999999999,16
train,syn_n100_k05_high_corr_mixed_high_vol_r02_s20260675,5,theta_223,1.0419120285163208,0.0274836208617867,0.7613888888888891,0.0637477153677361,1.1046743363009404,10.278849726666667,16.0,22.0,13.0,20.0,23.0,18.8,23,theta_223,mixed,none,10%,crowding-pruned,repair+feasible-first,5,mixed,none,0.1,5,0.0769230769230769,5,0,0,rank,1,17.5,17
train,syn_n100_k05_high_corr_mixed_high_vol_r02_s20260675,5,theta_234,1.0419120285163208,0.0274836208617867,0.7613888888888891,0.0637477153677361,1.1046743363009404,10.260780376666665,16.0,22.0,13.0,20.0,22.0,18.6,22,theta_234,mixed,fixed,10%,crowding-pruned,repair+feasible-first,5,mixed,paper,0.1,20,0.0769230769230769,5,0,0,rank,1,17.5,18
train,syn_n100_k05_high_corr_mixed_high_vol_r02_s20260675,5,theta_237,1.0419120285163208,0.0274836208617867,0.7613888888888891,0.0637477153677361,1.1046743363009404,4.3753796566666665,16.0,22.0,13.0,20.0,13.0,16.8,18,theta_237,mixed,adaptive,1%,crowding-pruned,repair+feasible-first,5,mixed,stable,0.01,20,0.0769230769230769,5,0,0,rank,1,17.5,19
train,syn_n100_k05_high_corr_mixed_high_vol_r02_s20260675,5,theta_164,1.0417760971551155,0.0255420642999921,0.6994444444444444,0.056015787654325,1.1091769126276596,4.1585944066666665,20.5,15.5,21.5,16.5,8.0,16.4,17,theta_164,DE/rand,none,1%,crowding-pruned,repair+feasible-first,5,rand2,none,0.01,10,0.0769230769230769,5,0,0,rank,1,18.6,20
train,syn_n100_k05_high_corr_mixed_high_vol_r02_s20260675,5,theta_170,1.0417760971551155,0.0255420642999921,0.6994444444444444,0.056015787654325,1.1091769126276596,4.733204553333334,20.5,15.5,21.5,16.5,18.0,18.4,20,theta_170,DE/rand,none,10%,crowding-pruned,repair+feasible-first,5,rand2,none,0.1,10,0.0769230769230769,5,0,0,rank,1,18.6,21
train,syn_n100_k05_high_corr_mixed_high_vol_r02_s20260675,5,theta_175,1.0417760971551155,0.0255420642999921,0.6994444444444444,0.056015787654325,1.1091769126276596,4.9892311933333335,20.5,15.5,21.5,16.5,19.0,18.6,21,theta_175,DE/rand,fixed,5%,crowding-pruned,repair+feasible-first,5,rand2,paper,0.05,5,0.0769230769230769,5,0,0,rank,1,18.6,22
train,syn_n100_k05_high_corr_mixed_high_vol_r02_s20260675,5,theta_189,1.0417760971551155,0.0255420642999921,0.6994444444444444,0.056015787654325,1.1091769126276596,4.547135246666667,20.5,15.5,21.5,16.5,16.0,18.0,19,theta_189,DE/rand,adaptive,10%,crowding-pruned,repair+feasible-first,5,rand2,stable,0.1,20,0.0769230769230769,5,0,0,rank,1,18.6,23
train,syn_n100_k05_high_corr_mixed_high_vol_r02_s20260675,5,theta_200,1.041839831884925,0.0289187641225076,0.6988888888888887,0.0541176838012538,1.0632029837508652,10.804086966666665,18.0,24.0,24.0,14.0,24.0,20.8,24,theta_200,DE/best,fixed,1%,crowding-pruned,repair+feasible-first,5,best2,paper,0.01,10,0.0769230769230769,5,0,0,rank,1,19.8,24
train,syn_n100_k05_high_corr_normal_low_vol_r03_s20260679,5,theta_011,1.1313312547015015,0.0095729398326776,0.8841666666666667,0.0205041580971379,0.7302989258565679,3.5642364699999995,1.0,1.0,10.0,1.0,5.0,3.6,1,theta_011,DE/rand,fixed,1%,crowding-pruned,repair+feasible-first,2,rand2,paper,0.01,10,0.0769230769230769,5,0,0,rank,1,3.6999999999999997,1
train,syn_n100_k05_high_corr_normal_low_vol_r03_s20260679,5,theta_084,1.128636661199224,0.0114723083619664,0.907222222222222,0.0215295848302864,0.7443689561226388,3.4989841300000006,6.0,6.0,2.0,3.0,3.0,4.0,2,theta_084,DE/rand,none,1%,crowding-pruned,repair+feasible-first,3,rand2,none,0.01,20,0.0769230769230769,5,0,0,rank,1,3.9000000000000004,2
train,syn_n100_k05_high_corr_normal_low_vol_r03_s20260679,5,theta_086,1.128636661199224,0.0114723083619664,0.907222222222222,0.0215295848302864,0.7443689561226388,3.5235978633333334,6.0,6.0,2.0,3.0,4.0,4.2,3,theta_086,DE/rand,none,5%,crowding-pruned,repair+feasible-first,3,rand2,none,0.05,10,0.0769230769230769,5,0,0,rank,1,3.9000000000000004,3
train,syn_n100_k05_high_corr_normal_low_vol_r03_s20260679,5,theta_089,1.128636661199224,0.0114723083619664,0.907222222222222,0.0215295848302864,0.7443689561226388,4.40742127,6.0,6.0,2.0,3.0,15.0,6.4,5,theta_089,DE/rand,none,10%,crowding-pruned,repair+feasible-first,3,rand2,none,0.1,10,0.0769230769230769,5,0,0,rank,1,3.9000000000000004,4
train,syn_n100_k05_high_corr_normal_low_vol_r03_s20260679,5,theta_067,1.1288687818977663,0.0110573439605714,0.9055555555555554,0.0380946184735192,0.7729582133097473,5.557655886666666,3.0,3.0,5.0,13.0,19.0,8.6,7,theta_067,mixed,fixed,5%,crowding-pruned,repair+feasible-first,2,mixed,paper,0.05,5,0.0769230769230769,5,0,0,rank,1,6.6,5
train,syn_n100_k05_high_corr_normal_low_vol_r03_s20260679,5,theta_076,1.1288687818977663,0.0110573439605714,0.9055555555555554,0.0380946184735192,0.7729582133097473,4.247037803333333,3.0,3.0,5.0,13.0,10.0,6.8,6,theta_076,mixed,adaptive,5%,crowding-pruned,repair+feasible-first,2,mixed,stable,0.05,5,0.0769230769230769,5,0,0,rank,1,6.6,6
train,syn_n100_k05_high_corr_normal_low_vol_r03_s20260679,5,theta_078,1.1288687818977663,0.0110573439605714,0.9055555555555554,0.0380946184735192,0.7729582133097473,4.179556316666667,3.0,3.0,5.0,13.0,6.0,6.0,4,theta_078,mixed,adaptive,5%,crowding-pruned,repair+feasible-first,2,mixed,stable,0.05,20,0.0769230769230769,5,0,0,rank,1,6.6,7
train,syn_n100_k05_high_corr_normal_low_vol_r03_s20260679,5,theta_118,1.1263512961084527,0.0128633788700937,0.8924999999999997,0.0298708564979762,0.7859074975163105,4.296577839999999,13.0,13.0,8.0,6.0,13.0,10.6,10,theta_118,DE/best,fixed,1%,crowding-pruned,repair+feasible-first,3,best2,paper,0.01,5,0.0769230769230769,5,0,0,rank,1,9.399999999999999,8
train,syn_n100_k05_high_corr_normal_low_vol_r03_s20260679,5,theta_131,1.1263512961084527,0.0128633788700937,0.8924999999999997,0.0298708564979762,0.7859074975163105,4.289126483333333,13.0,13.0,8.0,6.0,12.0,10.4,9,theta_131,DE/best,adaptive,5%,crowding-pruned,repair+feasible-first,3,best2,stable,0.05,10,0.0769230769230769,5,0,0,rank,1,9.399999999999999,9
train,syn_n100_k05_high_corr_normal_low_vol_r03_s20260679,5,theta_132,1.1263512961084527,0.0128633788700937,0.8924999999999997,0.0298708564979762,0.7859074975163105,4.284825406666667,13.0,13.0,8.0,6.0,11.0,10.2,8,theta_132,DE/best,adaptive,5%,crowding-pruned,repair+feasible-first,3,best2,stable,0.05,20,0.0769230769230769,5,0,0,rank,1,9.399999999999999,10
train,syn_n100_k05_high_corr_normal_low_vol_r03_s20260679,5,theta_164,1.1268371568222963,0.0124535685140874,0.8191666666666666,0.0365511359269193,0.7955196135425185,4.195585883333333,9.5,9.5,22.5,9.5,7.0,11.6,11,theta_164,DE/rand,none,1%,crowding-pruned,repair+feasible-first,5,rand2,none,0.01,10,0.0769230769230769,5,0,0,rank,1,13.4,11
train,syn_n100_k05_high_corr_normal_low_vol_r03_s20260679,5,theta_170,1.1268371568222963,0.0124535685140874,0.8191666666666666,0.0365511359269193,0.7955196135425185,4.627644703333334,9.5,9.5,22.5,9.5,16.0,13.4,13,theta_170,DE/rand,none,10%,crowding-pruned,repair+feasible-first,5,rand2,none,0.1,10,0.0769230769230769,5,0,0,rank,1,13.4,12
train,syn_n100_k05_high_corr_normal_low_vol_r03_s20260679,5,theta_175,1.1268371568222963,0.0124535685140874,0.8191666666666666,0.0365511359269193,0.7955196135425185,4.645759506666667,9.5,9.5,22.5,9.5,17.0,13.6,14,theta_175,DE/rand,fixed,5%,crowding-pruned,repair+feasible-first,5,rand2,paper,0.05,5,0.0769230769230769,5,0,0,rank,1,13.4,13
train,syn_n100_k05_high_corr_normal_low_vol_r03_s20260679,5,theta_189,1.1268371568222963,0.0124535685140874,0.8191666666666666,0.0365511359269193,0.7955196135425185,4.212914690000001,9.5,9.5,22.5,9.5,9.0,12.0,12,theta_189,DE/rand,adaptive,10%,crowding-pruned,repair+feasible-first,5,rand2,stable,0.1,20,0.0769230769230769,5,0,0,rank,1,13.4,14
train,syn_n100_k05_high_corr_normal_low_vol_r03_s20260679,5,theta_223,1.119281107934331,0.0171057546698281,0.8627777777777778,0.0415831682946168,0.7818028129316338,10.437777166666669,20.0,16.0,12.0,16.0,24.0,17.6,20,theta_223,mixed,none,10%,crowding-pruned,repair+feasible-first,5,mixed,none,0.1,5,0.0769230769230769,5,0,0,rank,1,15.600000000000001,15
train,syn_n100_k05_high_corr_normal_low_vol_r03_s20260679,5,theta_234,1.119281107934331,0.0171057546698281,0.8627777777777778,0.0415831682946168,0.7818028129316338,10.323797613333335,20.0,16.0,12.0,16.0,22.0,17.2,19,theta_234,mixed,fixed,10%,crowding-pruned,repair+feasible-first,5,mixed,paper,0.1,20,0.0769230769230769,5,0,0,rank,1,15.600000000000001,16
train,syn_n100_k05_high_corr_normal_low_vol_r03_s20260679,5,theta_237,1.119281107934331,0.0171057546698281,0.8627777777777778,0.0415831682946168,0.7818028129316338,4.397997863333334,20.0,16.0,12.0,16.0,14.0,15.6,17,theta_237,mixed,adaptive,1%,crowding-pruned,repair+feasible-first,5,mixed,stable,0.01,20,0.0769230769230769,5,0,0,rank,1,15.600000000000001,17
train,syn_n100_k05_high_corr_normal_low_vol_r03_s20260679,5,theta_144,1.118184120512005,0.0205806021930668,0.8486111111111111,0.0524928190086075,0.7888326937161309,6.936900623333335,22.5,22.5,14.5,18.5,21.0,19.8,23,theta_144,mixed,none,10%,crowding-pruned,repair+feasible-first,3,mixed,none,0.1,20,0.0769230769230769,5,0,0,rank,1,18.9,18
train,syn_n100_k05_high_corr_normal_low_vol_r03_s20260679,5,theta_159,1.118184120512005,0.0205806021930668,0.8486111111111111,0.0524928190086075,0.7888326937161309,5.850874016666666,22.5,22.5,14.5,18.5,20.0,19.6,22,theta_159,mixed,adaptive,5%,crowding-pruned,repair+feasible-first,3,mixed,stable,0.05,20,0.0769230769230769,5,0,0,rank,1,18.9,19
train,syn_n100_k05_high_corr_normal_low_vol_r03_s20260679,5,theta_034,1.1202060940088254,0.0188988616890002,0.8466666666666668,0.0557018532164882,0.7774847451659915,3.4071841766666666,16.5,19.5,17.5,21.5,2.0,15.4,16,theta_034,DE/best,none,10%,crowding-pruned,repair+feasible-first,2,best2,none,0.1,5,0.0769230769230769,5,0,0,rank,1,18.900000000000002,20
train,syn_n100_k05_high_corr_normal_low_vol_r03_s20260679,5,theta_037,1.1202060940088254,0.0188988616890002,0.8466666666666668,0.0557018532164882,0.7774847451659915,3.390231823333333,16.5,19.5,17.5,21.5,1.0,15.2,15,theta_037,DE/best,fixed,1%,crowding-pruned,repair+feasible-first,2,best2,paper,0.01,5,0.0769230769230769,5,0,0,rank,1,18.900000000000002,21
train,syn_n100_k05_high_corr_normal_low_vol_r03_s20260679,5,theta_045,1.1202060940088254,0.0188988616890002,0.8466666666666668,0.0557018532164882,0.7774847451659915,4.1963749833333335,16.5,19.5,17.5,21.5,8.0,16.6,18,theta_045,DE/best,fixed,10%,crowding-pruned,repair+feasible-first,2,best2,paper,0.1,20,0.0769230769230769,5,0,0,rank,1,18.900000000000002,22
train,syn_n100_k05_high_corr_normal_low_vol_r03_s20260679,5,theta_047,1.1202060940088254,0.0188988616890002,0.8466666666666668,0.0557018532164882,0.7774847451659915,4.897900933333333,16.5,19.5,17.5,21.5,18.0,18.6,21,theta_047,DE/best,adaptive,1%,crowding-pruned,repair+feasible-first,2,best2,stable,0.01,10,0.0769230769230769,5,0,0,rank,1,18.900000000000002,23
train,syn_n100_k05_high_corr_normal_low_vol_r03_s20260679,5,theta_200,1.1168010141320155,0.0208246008154376,0.8352777777777778,0.05970144226437,0.8122764429887438,10.412061106666666,24.0,24.0,20.0,24.0,23.0,23.0,24,theta_200,DE/best,fixed,1%,crowding-pruned,repair+feasible-first,5,best2,paper,0.01,10,0.0769230769230769,5,0,0,rank,1,22.8,24
train,syn_n100_k05_low_corr_heavy_tail_high_vol_r03_s20260677,5,theta_223,1.162515535901082,0.01745988218513,0.8747222222222223,0.0399197064831346,0.7748421977508838,9.089964596666666,3.0,3.0,2.0,16.0,23.0,9.4,7,theta_223,mixed,none,10%,crowding-pruned,repair+feasible-first,5,mixed,none,0.1,5,0.0769230769230769,5,0,0,rank,1,6.6,1
train,syn_n100_k05_low_corr_heavy_tail_high_vol_r03_s20260677,5,theta_234,1.162515535901082,0.01745988218513,0.8747222222222223,0.0399197064831346,0.7748421977508838,8.711655603333334,3.0,3.0,2.0,16.0,22.0,9.2,5,theta_234,mixed,fixed,10%,crowding-pruned,repair+feasible-first,5,mixed,paper,0.1,20,0.0769230769230769,5,0,0,rank,1,6.6,2
train,syn_n100_k05_low_corr_heavy_tail_high_vol_r03_s20260677,5,theta_237,1.162515535901082,0.01745988218513,0.8747222222222223,0.0399197064831346,0.7748421977508838,3.81536841,3.0,3.0,2.0,16.0,16.0,8.0,4,theta_237,mixed,adaptive,1%,crowding-pruned,repair+feasible-first,5,mixed,stable,0.01,20,0.0769230769230769,5,0,0,rank,1,6.6,3
train,syn_n100_k05_low_corr_heavy_tail_high_vol_r03_s20260677,5,theta_011,1.1646611531525262,0.0171152911631163,0.8572222222222223,0.0396067775638447,0.803678704054088,2.7780475200000003,1.0,1.0,7.0,14.0,2.0,5.0,1,theta_011,DE/rand,fixed,1%,crowding-pruned,repair+feasible-first,2,rand2,paper,0.01,10,0.0769230769230769,5,0,0,rank,1,6.7,4
train,syn_n100_k05_low_corr_heavy_tail_high_vol_r03_s20260677,5,theta_084,1.1580329229370512,0.020028980469163,0.8702777777777778,0.031751926042295,0.7548100977687852,2.8603481533333333,12.0,10.0,5.0,6.0,4.0,7.4,2,theta_084,DE/rand,none,1%,crowding-pruned,repair+feasible-first,3,rand2,none,0.01,20,0.0769230769230769,5,0,0,rank,1,7.7,5
train,syn_n100_k05_low_corr_heavy_tail_high_vol_r03_s20260677,5,theta_086,1.1580329229370512,0.020028980469163,0.8702777777777778,0.031751926042295,0.7548100977687852,2.8766389,12.0,10.0,5.0,6.0,5.0,7.6,3,theta_086,DE/rand,none,5%,crowding-pruned,repair+feasible-first,3,rand2,none,0.05,10,0.0769230769230769,5,0,0,rank,1,7.7,6
train,syn_n100_k05_low_corr_heavy_tail_high_vol_r03_s20260677,5,theta_089,1.1580329229370512,0.020028980469163,0.8702777777777778,0.031751926042295,0.7548100977687852,3.7457108033333335,12.0,10.0,5.0,6.0,14.0,9.4,6,theta_089,DE/rand,none,10%,crowding-pruned,repair+feasible-first,3,rand2,none,0.1,10,0.0769230769230769,5,0,0,rank,1,7.7,7
train,syn_n100_k05_low_corr_heavy_tail_high_vol_r03_s20260677,5,theta_200,1.161045049561377,0.0178679126284753,0.8480555555555556,0.0490135195909686,0.8471402088681563,9.519290359999998,8.0,5.0,11.0,18.0,24.0,13.2,16,theta_200,DE/best,fixed,1%,crowding-pruned,repair+feasible-first,5,best2,paper,0.01,10,0.0769230769230769,5,0,0,rank,1,11.3,8
train,syn_n100_k05_low_corr_heavy_tail_high_vol_r03_s20260677,5,theta_144,1.158498085582491,0.020602950838657,0.8436111111111112,0.03358311508061,0.7876954755192872,6.347480676666665,9.5,16.5,12.5,8.5,21.0,13.6,18,theta_144,mixed,none,10%,crowding-pruned,repair+feasible-first,3,mixed,none,0.1,20,0.0769230769230769,5,0,0,rank,1,11.5,9
train,syn_n100_k05_low_corr_heavy_tail_high_vol_r03_s20260677,5,theta_159,1.158498085582491,0.020602950838657,0.8436111111111112,0.03358311508061,0.7876954755192872,3.4166782566666662,9.5,16.5,12.5,8.5,7.0,10.8,10,theta_159,mixed,adaptive,5%,crowding-pruned,repair+feasible-first,3,mixed,stable,0.05,20,0.0769230769230769,5,0,0,rank,1,11.5,10
train,syn_n100_k05_low_corr_heavy_tail_high_vol_r03_s20260677,5,theta_067,1.1624892426008158,0.0186310839047749,0.8494444444444446,0.0538100886855181,0.8050045252732649,4.486310153333333,6.0,7.0,9.0,23.0,20.0,13.0,14,theta_067,mixed,fixed,5%,crowding-pruned,repair+feasible-first,2,mixed,paper,0.05,5,0.0769230769230769,5,0,0,rank,1,12.2,11
train,syn_n100_k05_low_corr_heavy_tail_high_vol_r03_s20260677,5,theta_076,1.1624892426008158,0.0186310839047749,0.8494444444444446,0.0538100886855181,0.8050045252732649,3.533495736666666,6.0,7.0,9.0,23.0,8.0,10.6,8,theta_076,mixed,adaptive,5%,crowding-pruned,repair+feasible-first,2,mixed,stable,0.05,5,0.0769230769230769,5,0,0,rank,1,12.2,12
train,syn_n100_k05_low_corr_heavy_tail_high_vol_r03_s20260677,5,theta_078,1.1624892426008158,0.0186310839047749,0.8494444444444446,0.0538100886855181,0.8050045252732649,3.5819388833333337,6.0,7.0,9.0,23.0,9.0,10.8,9,theta_078,mixed,adaptive,5%,crowding-pruned,repair+feasible-first,2,mixed,stable,0.05,20,0.0769230769230769,5,0,0,rank,1,12.2,13
train,syn_n100_k05_low_corr_heavy_tail_high_vol_r03_s20260677,5,theta_164,1.1566184129504171,0.02046563462931,0.8291666666666665,0.0315448696727376,0.7979057137760085,3.6860462266666665,15.5,13.5,19.5,2.5,12.0,12.6,12,theta_164,DE/rand,none,1%,crowding-pruned,repair+feasible-first,5,rand2,none,0.01,10,0.0769230769230769,5,0,0,rank,1,12.4,14
train,syn_n100_k05_low_corr_heavy_tail_high_vol_r03_s20260677,5,theta_170,1.1566184129504171,0.02046563462931,0.8291666666666665,0.0315448696727376,0.7979057137760085,3.7781013966666666,15.5,13.5,19.5,2.5,15.0,13.2,15,theta_170,DE/rand,none,10%,crowding-pruned,repair+feasible-first,5,rand2,none,0.1,10,0.0769230769230769,5,0,0,rank,1,12.4,15
train,syn_n100_k05_low_corr_heavy_tail_high_vol_r03_s20260677,5,theta_175,1.1566184129504171,0.02046563462931,0.8291666666666665,0.0315448696727376,0.7979057137760085,3.728863943333333,15.5,13.5,19.5,2.5,13.0,12.8,13,theta_175,DE/rand,fixed,5%,crowding-pruned,repair+feasible-first,5,rand2,paper,0.05,5,0.0769230769230769,5,0,0,rank,1,12.4,16
train,syn_n100_k05_low_corr_heavy_tail_high_vol_r03_s20260677,5,theta_189,1.1566184129504171,0.02046563462931,0.8291666666666665,0.0315448696727376,0.7979057137760085,3.601169443333333,15.5,13.5,19.5,2.5,10.0,12.2,11,theta_189,DE/rand,adaptive,10%,crowding-pruned,repair+feasible-first,5,rand2,stable,0.1,20,0.0769230769230769,5,0,0,rank,1,12.4,17
train,syn_n100_k05_low_corr_heavy_tail_high_vol_r03_s20260677,5,theta_034,1.1550711907299775,0.0231056167742951,0.8433333333333333,0.0379293070593848,0.7776683628974986,2.854428226666667,19.5,19.5,15.5,11.5,3.0,13.8,19,theta_034,DE/best,none,10%,crowding-pruned,repair+feasible-first,2,best2,none,0.1,5,0.0769230769230769,5,0,0,rank,1,15.899999999999999,18
train,syn_n100_k05_low_corr_heavy_tail_high_vol_r03_s20260677,5,theta_037,1.1550711907299775,0.0231056167742951,0.8433333333333333,0.0379293070593848,0.7776683628974986,2.732298203333334,19.5,19.5,15.5,11.5,1.0,13.4,17,theta_037,DE/best,fixed,1%,crowding-pruned,repair+feasible-first,2,best2,paper,0.01,5,0.0769230769230769,5,0,0,rank,1,15.899999999999999,19
train,syn_n100_k05_low_corr_heavy_tail_high_vol_r03_s20260677,5,theta_045,1.1550711907299775,0.0231056167742951,0.8433333333333333,0.0379293070593848,0.7776683628974986,3.2809884566666656,19.5,19.5,15.5,11.5,6.0,14.4,20,theta_045,DE/best,fixed,10%,crowding-pruned,repair+feasible-first,2,best2,paper,0.1,20,0.0769230769230769,5,0,0,rank,1,15.899999999999999,20
train,syn_n100_k05_low_corr_heavy_tail_high_vol_r03_s20260677,5,theta_047,1.1550711907299775,0.0231056167742951,0.8433333333333333,0.0379293070593848,0.7776683628974986,3.684133016666666,19.5,19.5,15.5,11.5,11.0,15.4,21,theta_047,DE/best,adaptive,1%,crowding-pruned,repair+feasible-first,2,best2,stable,0.01,10,0.0769230769230769,5,0,0,rank,1,15.899999999999999,21
train,syn_n100_k05_low_corr_heavy_tail_high_vol_r03_s20260677,5,theta_118,1.154430505654038,0.0243005900593538,0.8194444444444446,0.0525827410278237,0.8222358603514575,3.8388637699999992,23.0,23.0,23.0,20.0,17.0,21.2,22,theta_118,DE/best,fixed,1%,crowding-pruned,repair+feasible-first,3,best2,paper,0.01,5,0.0769230769230769,5,0,0,rank,1,22.1,22
train,syn_n100_k05_low_corr_heavy_tail_high_vol_r03_s20260677,5,theta_131,1.154430505654038,0.0243005900593538,0.8194444444444446,0.0525827410278237,0.8222358603514575,3.8824199833333335,23.0,23.0,23.0,20.0,18.0,21.4,23,theta_131,DE/best,adaptive,5%,crowding-pruned,repair+feasible-first,3,best2,stable,0.05,10,0.0769230769230769,5,0,0,rank,1,22.1,23
train,syn_n100_k05_low_corr_heavy_tail_high_vol_r03_s20260677,5,theta_132,1.154430505654038,0.0243005900593538,0.8194444444444446,0.0525827410278237,0.8222358603514575,3.90142858,23.0,23.0,23.0,20.0,19.0,21.6,24,theta_132,DE/best,adaptive,5%,crowding-pruned,repair+feasible-first,3,best2,stable,0.05,20,0.0769230769230769,5,0,0,rank,1,22.1,24
train,syn_n100_k05_low_corr_normal_low_vol_r01_s20260678,5,theta_118,1.1147873487263098,0.0100181167629215,0.8922222222222224,0.0207165190658228,1.2227210037426894,3.800433613333333,9.0,2.0,2.0,2.0,16.0,6.2,5,theta_118,DE/best,fixed,1%,crowding-pruned,repair+feasible-first,3,best2,paper,0.01,5,0.0769230769230769,5,0,0,rank,1,3.4000000000000004,1
train,syn_n100_k05_low_corr_normal_low_vol_r01_s20260678,5,theta_131,1.1147873487263098,0.0100181167629215,0.8922222222222224,0.0207165190658228,1.2227210037426894,3.756084120000001,9.0,2.0,2.0,2.0,12.0,5.4,3,theta_131,DE/best,adaptive,5%,crowding-pruned,repair+feasible-first,3,best2,stable,0.05,10,0.0769230769230769,5,0,0,rank,1,3.4000000000000004,2
train,syn_n100_k05_low_corr_normal_low_vol_r01_s20260678,5,theta_132,1.1147873487263098,0.0100181167629215,0.8922222222222224,0.0207165190658228,1.2227210037426894,3.6673327966666673,9.0,2.0,2.0,2.0,9.0,4.8,1,theta_132,DE/best,adaptive,5%,crowding-pruned,repair+feasible-first,3,best2,stable,0.05,20,0.0769230769230769,5,0,0,rank,1,3.4000000000000004,3
train,syn_n100_k05_low_corr_normal_low_vol_r01_s20260678,5,theta_067,1.1174795434600162,0.0103614875148434,0.8744444444444445,0.0297212564899564,1.2200035269293794,4.355954999999999,2.0,5.0,5.0,6.0,20.0,7.6,6,theta_067,mixed,fixed,5%,crowding-pruned,repair+feasible-first,2,mixed,paper,0.05,5,0.0769230769230769,5,0,0,rank,1,4.699999999999999,4
train,syn_n100_k05_low_corr_normal_low_vol_r01_s20260678,5,theta_076,1.1174795434600162,0.0103614875148434,0.8744444444444445,0.0297212564899564,1.2200035269293794,3.462055840000001,2.0,5.0,5.0,6.0,7.0,5.0,2,theta_076,mixed,adaptive,5%,crowding-pruned,repair+feasible-first,2,mixed,stable,0.05,5,0.0769230769230769,5,0,0,rank,1,4.699999999999999,5
train,syn_n100_k05_low_corr_normal_low_vol_r01_s20260678,5,theta_078,1.1174795434600162,0.0103614875148434,0.8744444444444445,0.0297212564899564,1.2200035269293794,3.7039151700000006,2.0,5.0,5.0,6.0,11.0,5.8,4,theta_078,mixed,adaptive,5%,crowding-pruned,repair+feasible-first,2,mixed,stable,0.05,20,0.0769230769230769,5,0,0,rank,1,4.699999999999999,6
train,syn_n100_k05_low_corr_normal_low_vol_r01_s20260678,5,theta_200,1.107571268750959,0.0130679203749327,0.8197222222222224,0.0230112927882603,1.2183164006172544,9.671001506666668,20.0,7.0,10.0,4.0,24.0,13.0,12,theta_200,DE/best,fixed,1%,crowding-pruned,repair+feasible-first,5,best2,paper,0.01,10,0.0769230769230769,5,0,0,rank,1,9.6,7
train,syn_n100_k05_low_corr_normal_low_vol_r01_s20260678,5,theta_034,1.111884111397029,0.013872346117127,0.8152777777777779,0.0357452358983927,1.2172294160337611,2.776050553333334,12.5,9.5,12.5,9.5,2.0,9.2,7,theta_034,DE/best,none,10%,crowding-pruned,repair+feasible-first,2,best2,none,0.1,5,0.0769230769230769,5,0,0,rank,1,11.0,8
train,syn_n100_k05_low_corr_normal_low_vol_r01_s20260678,5,theta_037,1.111884111397029,0.013872346117127,0.8152777777777779,0.0357452358983927,1.2172294160337611,2.788788063333333,12.5,9.5,12.5,9.5,3.0,9.4,8,theta_037,DE/best,fixed,1%,crowding-pruned,repair+feasible-first,2,best2,paper,0.01,5,0.0769230769230769,5,0,0,rank,1,11.0,9
train,syn_n100_k05_low_corr_normal_low_vol_r01_s20260678,5,theta_045,1.111884111397029,0.013872346117127,0.8152777777777779,0.0357452358983927,1.2172294160337611,3.35423987,12.5,9.5,12.5,9.5,6.0,10.0,9,theta_045,DE/best,fixed,10%,crowding-pruned,repair+feasible-first,2,best2,paper,0.1,20,0.0769230769230769,5,0,0,rank,1,11.0,10
train,syn_n100_k05_low_corr_normal_low_vol_r01_s20260678,5,theta_047,1.111884111397029,0.013872346117127,0.8152777777777779,0.0357452358983927,1.2172294160337611,3.7868333766666655,12.5,9.5,12.5,9.5,14.0,11.6,10,theta_047,DE/best,adaptive,1%,crowding-pruned,repair+feasible-first,2,best2,stable,0.01,10,0.0769230769230769,5,0,0,rank,1,11.0,11
train,syn_n100_k05_low_corr_normal_low_vol_r01_s20260678,5,theta_223,1.1155942041311582,0.0172038445843203,0.8363888888888888,0.0380254135294054,1.2092612846586752,8.638063413333333,5.0,13.0,8.0,20.0,23.0,13.8,14,theta_223,mixed,none,10%,crowding-pruned,repair+feasible-first,5,mixed,none,0.1,5,0.0769230769230769,5,0,0,rank,1,12.0,12
train,syn_n100_k05_low_corr_normal_low_vol_r01_s20260678,5,theta_234,1.1155942041311582,0.0172038445843203,0.8363888888888888,0.0380254135294054,1.2092612846586752,8.562058903333332,5.0,13.0,8.0,20.0,22.0,13.6,13,theta_234,mixed,fixed,10%,crowding-pruned,repair+feasible-first,5,mixed,paper,0.1,20,0.0769230769230769,5,0,0,rank,1,12.0,13
train,syn_n100_k05_low_corr_normal_low_vol_r01_s20260678,5,theta_237,1.1155942041311582,0.0172038445843203,0.8363888888888888,0.0380254135294054,1.2092612846586752,3.7969275100000006,5.0,13.0,8.0,20.0,15.0,12.2,11,theta_237,mixed,adaptive,1%,crowding-pruned,repair+feasible-first,5,mixed,stable,0.01,20,0.0769230769230769,5,0,0,rank,1,12.0,14
train,syn_n100_k05_low_corr_normal_low_vol_r01_s20260678,5,theta_084,1.1094688434102595,0.0179872086517608,0.7375000000000002,0.0360409416600698,1.207068095672014,2.91311159,18.0,16.0,18.0,17.0,5.0,14.8,17,theta_084,DE/rand,none,1%,crowding-pruned,repair+feasible-first,3,rand2,none,0.01,20,0.0769230769230769,5,0,0,rank,1,17.299999999999997,15
train,syn_n100_k05_low_corr_normal_low_vol_r01_s20260678,5,theta_086,1.1094688434102595,0.0179872086517608,0.7375000000000002,0.0360409416600698,1.207068095672014,2.849436616666666,18.0,16.0,18.0,17.0,4.0,14.6,15,theta_086,DE/rand,none,5%,crowding-pruned,repair+feasible-first,3,rand2,none,0.05,10,0.0769230769230769,5,0,0,rank,1,17.299999999999997,16
train,syn_n100_k05_low_corr_normal_low_vol_r01_s20260678,5,theta_089,1.1094688434102595,0.0179872086517608,0.7375000000000002,0.0360409416600698,1.207068095672014,3.69152011,18.0,16.0,18.0,17.0,10.0,15.8,18,theta_089,DE/rand,none,10%,crowding-pruned,repair+feasible-first,3,rand2,none,0.1,10,0.0769230769230769,5,0,0,rank,1,17.299999999999997,17
train,syn_n100_k05_low_corr_normal_low_vol_r01_s20260678,5,theta_011,1.1149540955051724,0.0295252265716145,0.7283333333333334,0.0462318454716819,1.179365188874158,2.2069303066666666,7.0,24.0,20.0,22.0,1.0,14.8,16,theta_011,DE/rand,fixed,1%,crowding-pruned,repair+feasible-first,2,rand2,paper,0.01,10,0.0769230769230769,5,0,0,rank,1,18.8,18
train,syn_n100_k05_low_corr_normal_low_vol_r01_s20260678,5,theta_164,1.1004847245388398,0.0231255870752444,0.6969444444444445,0.0358532268972944,1.212809137166755,3.6147667266666654,22.5,19.5,22.5,13.5,8.0,17.2,19,theta_164,DE/rand,none,1%,crowding-pruned,repair+feasible-first,5,rand2,none,0.01,10,0.0769230769230769,5,0,0,rank,1,19.2,19
train,syn_n100_k05_low_corr_normal_low_vol_r01_s20260678,5,theta_170,1.1004847245388398,0.0231255870752444,0.6969444444444445,0.0358532268972944,1.212809137166755,3.942439096666667,22.5,19.5,22.5,13.5,19.0,19.4,23,theta_170,DE/rand,none,10%,crowding-pruned,repair+feasible-first,5,rand2,none,0.1,10,0.0769230769230769,5,0,0,rank,1,19.2,20
train,syn_n100_k05_low_corr_normal_low_vol_r01_s20260678,5,theta_175,1.1004847245388398,0.0231255870752444,0.6969444444444445,0.0358532268972944,1.212809137166755,3.86837201,22.5,19.5,22.5,13.5,18.0,19.2,22,theta_175,DE/rand,fixed,5%,crowding-pruned,repair+feasible-first,5,rand2,paper,0.05,5,0.0769230769230769,5,0,0,rank,1,19.2,21
train,syn_n100_k05_low_corr_normal_low_vol_r01_s20260678,5,theta_189,1.1004847245388398,0.0231255870752444,0.6969444444444445,0.0358532268972944,1.212809137166755,3.77948557,22.5,19.5,22.5,13.5,13.0,18.2,20,theta_189,DE/rand,adaptive,10%,crowding-pruned,repair+feasible-first,5,rand2,stable,0.1,20,0.0769230769230769,5,0,0,rank,1,19.2,22
train,syn_n100_k05_low_corr_normal_low_vol_r01_s20260678,5,theta_144,1.1115961781339765,0.0273623609573224,0.7405555555555555,0.050857026587898,1.1964717260885005,6.03466468,15.5,22.5,15.5,23.5,21.0,19.6,24,theta_144,mixed,none,10%,crowding-pruned,repair+feasible-first,3,mixed,none,0.1,20,0.0769230769230769,5,0,0,rank,1,19.3,23
train,syn_n100_k05_low_corr_normal_low_vol_r01_s20260678,5,theta_159,1.1115961781339765,0.0273623609573224,0.7405555555555555,0.050857026587898,1.1964717260885005,3.836317309999999,15.5,22.5,15.5,23.5,17.0,18.8,21,theta_159,mixed,adaptive,5%,crowding-pruned,repair+feasible-first,3,mixed,stable,0.05,20,0.0769230769230769,5,0,0,rank,1,19.3,24
train,syn_n100_k05_pathological_cov_skewed_high_vol_r03_s20260680,5,theta_034,1.0890455176738418,0.0180156942765221,0.8602777777777778,0.0386505826368849,0.8460491620806925,3.70098461,2.5,2.5,2.5,2.5,5.0,3.0,2,theta_034,DE/best,none,10%,crowding-pruned,repair+feasible-first,2,best2,none,0.1,5,0.0769230769230769,5,0,0,rank,1,2.5,1
train,syn_n100_k05_pathological_cov_skewed_high_vol_r03_s20260680,5,theta_037,1.0890455176738418,0.0180156942765221,0.8602777777777778,0.0386505826368849,0.8460491620806925,3.635991306666667,2.5,2.5,2.5,2.5,3.0,2.6,1,theta_037,DE/best,fixed,1%,crowding-pruned,repair+feasible-first,2,best2,paper,0.01,5,0.0769230769230769,5,0,0,rank,1,2.5,2
train,syn_n100_k05_pathological_cov_skewed_high_vol_r03_s20260680,5,theta_045,1.0890455176738418,0.0180156942765221,0.8602777777777778,0.0386505826368849,0.8460491620806925,4.211032416666666,2.5,2.5,2.5,2.5,7.0,3.4,3,theta_045,DE/best,fixed,10%,crowding-pruned,repair+feasible-first,2,best2,paper,0.1,20,0.0769230769230769,5,0,0,rank,1,2.5,3
train,syn_n100_k05_pathological_cov_skewed_high_vol_r03_s20260680,5,theta_047,1.0890455176738418,0.0180156942765221,0.8602777777777778,0.0386505826368849,0.8460491620806925,4.493662336666666,2.5,2.5,2.5,2.5,9.0,3.8,4,theta_047,DE/best,adaptive,1%,crowding-pruned,repair+feasible-first,2,best2,stable,0.01,10,0.0769230769230769,5,0,0,rank,1,2.5,4
train,syn_n100_k05_pathological_cov_skewed_high_vol_r03_s20260680,5,theta_200,1.074643219091551,0.0274284429711328,0.7741666666666668,0.0519241801666832,0.8774369904381316,11.1691676,8.0,5.0,8.0,8.0,22.0,10.2,9,theta_200,DE/best,fixed,1%,crowding-pruned,repair+feasible-first,5,best2,paper,0.01,10,0.0769230769230769,5,0,0,rank,1,7.4,5
train,syn_n100_k05_pathological_cov_skewed_high_vol_r03_s20260680,5,theta_011,1.0702844590730949,0.0321820533768652,0.78,0.0554435704856671,0.8773567544003169,2.68176787,9.0,9.0,5.0,9.0,1.0,6.6,5,theta_011,DE/rand,fixed,1%,crowding-pruned,repair+feasible-first,2,rand2,paper,0.01,10,0.0769230769230769,5,0,0,rank,1,7.799999999999999,6
train,syn_n100_k05_pathological_cov_skewed_high_vol_r03_s20260680,5,theta_084,1.075180610404603,0.0297930779171713,0.7583333333333334,0.0510341828643274,0.8888847634830654,3.630410303333334,6.0,7.0,13.0,6.0,2.0,6.8,6,theta_084,DE/rand,none,1%,crowding-pruned,repair+feasible-first,3,rand2,none,0.01,20,0.0769230769230769,5,0,0,rank,1,8.3,7
train,syn_n100_k05_pathological_cov_skewed_high_vol_r03_s20260680,5,theta_086,1.075180610404603,0.0297930779171713,0.7583333333333334,0.0510341828643274,0.8888847634830654,3.662436533333334,6.0,7.0,13.0,6.0,4.0,7.2,7,theta_086,DE/rand,none,5%,crowding-pruned,repair+feasible-first,3,rand2,none,0.05,10,0.0769230769230769,5,0,0,rank,1,8.3,8
train,syn_n100_k05_pathological_cov_skewed_high_vol_r03_s20260680,5,theta_089,1.075180610404603,0.0297930779171713,0.7583333333333334,0.0510341828643274,0.8888847634830654,4.452338123333334,6.0,7.0,13.0,6.0,8.0,8.0,8,theta_089,DE/rand,none,10%,crowding-pruned,repair+feasible-first,3,rand2,none,0.1,10,0.0769230769230769,5,0,0,rank,1,8.3,9
train,syn_n100_k05_pathological_cov_skewed_high_vol_r03_s20260680,5,theta_144,1.0659866978693044,0.0360434743556935,0.7766666666666666,0.0602023407495273,0.8836545707028997,5.08471322,13.5,10.5,6.5,17.5,21.0,13.8,13,theta_144,mixed,none,10%,crowding-pruned,repair+feasible-first,3,mixed,none,0.1,20,0.0769230769230769,5,0,0,rank,1,12.0,10
train,syn_n100_k05_pathological_cov_skewed_high_vol_r03_s20260680,5,theta_159,1.0659866978693044,0.0360434743556935,0.7766666666666666,0.0602023407495273,0.8836545707028997,4.847452563333333,13.5,10.5,6.5,17.5,18.0,13.2,12,theta_159,mixed,adaptive,5%,crowding-pruned,repair+feasible-first,3,mixed,stable,0.05,20,0.0769230769230769,5,0,0,rank,1,12.0,11
train,syn_n100_k05_pathological_cov_skewed_high_vol_r03_s20260680,5,theta_067,1.0666482825964911,0.0399729071924211,0.7716666666666667,0.0571873054295424,0.8844570053839254,4.899041826666667,11.0,17.0,10.0,15.0,20.0,14.6,15,theta_067,mixed,fixed,5%,crowding-pruned,repair+feasible-first,2,mixed,paper,0.05,5,0.0769230769230769,5,0,0,rank,1,13.100000000000001,12
train,syn_n100_k05_pathological_cov_skewed_high_vol_r03_s20260680,5,theta_076,1.0666482825964911,0.0399729071924211,0.7716666666666667,0.0571873054295424,0.8844570053839254,4.50762986,11.0,17.0,10.0,15.0,10.0,12.6,10,theta_076,mixed,adaptive,5%,crowding-pruned,repair+feasible-first,2,mixed,stable,0.05,5,0.0769230769230769,5,0,0,rank,1,13.100000000000001,13
train,syn_n100_k05_pathological_cov_skewed_high_vol_r03_s20260680,5,theta_078,1.0666482825964911,0.0399729071924211,0.7716666666666667,0.0571873054295424,0.8844570053839254,4.533785853333332,11.0,17.0,10.0,15.0,12.0,13.0,11,theta_078,mixed,adaptive,5%,crowding-pruned,repair+feasible-first,2,mixed,stable,0.05,20,0.0769230769230769,5,0,0,rank,1,13.100000000000001,14
train,syn_n100_k05_pathological_cov_skewed_high_vol_r03_s20260680,5,theta_164,1.0637110475297795,0.0363530835105864,0.6697222222222222,0.0559447953033825,0.8718039134790849,4.14426099,16.5,13.5,22.5,11.5,6.0,14.0,14,theta_164,DE/rand,none,1%,crowding-pruned,repair+feasible-first,5,rand2,none,0.01,10,0.0769230769230769,5,0,0,rank,1,16.2,15
train,syn_n100_k05_pathological_cov_skewed_high_vol_r03_s20260680,5,theta_170,1.0637110475297795,0.0363530835105864,0.6697222222222222,0.0559447953033825,0.8718039134790849,4.515114273333334,16.5,13.5,22.5,11.5,11.0,15.0,16,theta_170,DE/rand,none,10%,crowding-pruned,repair+feasible-first,5,rand2,none,0.1,10,0.0769230769230769,5,0,0,rank,1,16.2,16
train,syn_n100_k05_pathological_cov_skewed_high_vol_r03_s20260680,5,theta_175,1.0637110475297795,0.0363530835105864,0.6697222222222222,0.0559447953033825,0.8718039134790849,4.788971326666667,16.5,13.5,22.5,11.5,17.0,16.2,18,theta_175,DE/rand,fixed,5%,crowding-pruned,repair+feasible-first,5,rand2,paper,0.05,5,0.0769230769230769,5,0,0,rank,1,16.2,17
train,syn_n100_k05_pathological_cov_skewed_high_vol_r03_s20260680,5,theta_189,1.0637110475297795,0.0363530835105864,0.6697222222222222,0.0559447953033825,0.8718039134790849,4.588110193333333,16.5,13.5,22.5,11.5,14.0,15.6,17,theta_189,DE/rand,adaptive,10%,crowding-pruned,repair+feasible-first,5,rand2,stable,0.1,20,0.0769230769230769,5,0,0,rank,1,16.2,18
train,syn_n100_k05_pathological_cov_skewed_high_vol_r03_s20260680,5,theta_223,1.0552843000398886,0.0416562900999996,0.7144444444444443,0.0727077720937106,0.8818521630287175,11.172002003333334,20.0,20.0,16.0,20.0,23.0,19.8,20,theta_223,mixed,none,10%,crowding-pruned,repair+feasible-first,5,mixed,none,0.1,5,0.0769230769230769,5,0,0,rank,1,18.8,19
train,syn_n100_k05_pathological_cov_skewed_high_vol_r03_s20260680,5,theta_234,1.0552843000398886,0.0416562900999996,0.7144444444444443,0.0727077720937106,0.8818521630287175,11.223924079999998,20.0,20.0,16.0,20.0,24.0,20.0,21,theta_234,mixed,fixed,10%,crowding-pruned,repair+feasible-first,5,mixed,paper,0.1,20,0.0769230769230769,5,0,0,rank,1,18.8,20
train,syn_n100_k05_pathological_cov_skewed_high_vol_r03_s20260680,5,theta_237,1.0552843000398886,0.0416562900999996,0.7144444444444443,0.0727077720937106,0.8818521630287175,4.858452663333332,20.0,20.0,16.0,20.0,19.0,19.0,19,theta_237,mixed,adaptive,1%,crowding-pruned,repair+feasible-first,5,mixed,stable,0.01,20,0.0769230769230769,5,0,0,rank,1,18.8,21
train,syn_n100_k05_pathological_cov_skewed_high_vol_r03_s20260680,5,theta_118,1.0491901648440185,0.0513708273132419,0.7136111111111112,0.0826186837550373,0.8704286786933958,4.587057516666667,23.0,23.0,19.0,23.0,13.0,20.2,22,theta_118,DE/best,fixed,1%,crowding-pruned,repair+feasible-first,3,best2,paper,0.01,5,0.0769230769230769,5,0,0,rank,1,21.8,22
train,syn_n100_k05_pathological_cov_skewed_high_vol_r03_s20260680,5,theta_131,1.0491901648440185,0.0513708273132419,0.7136111111111112,0.0826186837550373,0.8704286786933958,4.61102577,23.0,23.0,19.0,23.0,16.0,20.8,24,theta_131,DE/best,adaptive,5%,crowding-pruned,repair+feasible-first,3,best2,stable,0.05,10,0.0769230769230769,5,0,0,rank,1,21.8,23
train,syn_n100_k05_pathological_cov_skewed_high_vol_r03_s20260680,5,theta_132,1.0491901648440185,0.0513708273132419,0.7136111111111112,0.0826186837550373,0.8704286786933958,4.6051323,23.0,23.0,19.0,23.0,15.0,20.6,23,theta_132,DE/best,adaptive,5%,crowding-pruned,repair+feasible-first,3,best2,stable,0.05,20,0.0769230769230769,5,0,0,rank,1,21.8,24
train,syn_n100_k10_cluster_corr_heavy_tail_low_vol_r02_s20260689,10,theta_084,0.9829628022116054,0.0229159525385136,0.7841666666666668,0.0391704454728796,1.217228717150221,2.7092942633333337,2.0,10.0,2.0,7.0,5.0,5.2,2,theta_084,DE/rand,none,1%,crowding-pruned,repair+feasible-first,3,rand2,none,0.01,20,0.0769230769230769,5,0,0,rank,1,5.1,1
train,syn_n100_k10_cluster_corr_heavy_tail_low_vol_r02_s20260689,10,theta_086,0.9829628022116054,0.0229159525385136,0.7841666666666668,0.0391704454728796,1.217228717150221,2.7030840033333337,2.0,10.0,2.0,7.0,4.0,5.0,1,theta_086,DE/rand,none,5%,crowding-pruned,repair+feasible-first,3,rand2,none,0.05,10,0.0769230769230769,5,0,0,rank,1,5.1,2
train,syn_n100_k10_cluster_corr_heavy_tail_low_vol_r02_s20260689,10,theta_089,0.9829628022116054,0.0229159525385136,0.7841666666666668,0.0391704454728796,1.217228717150221,3.96356508,2.0,10.0,2.0,7.0,21.0,8.4,7,theta_089,DE/rand,none,10%,crowding-pruned,repair+feasible-first,3,rand2,none,0.1,10,0.0769230769230769,5,0,0,rank,1,5.1,3
train,syn_n100_k10_cluster_corr_heavy_tail_low_vol_r02_s20260689,10,theta_164,0.9811908314982424,0.0175921406737042,0.7233333333333333,0.0335801197124642,1.2959886876409592,3.48915983,5.5,2.5,9.5,2.5,17.0,7.4,5,theta_164,DE/rand,none,1%,crowding-pruned,repair+feasible-first,5,rand2,none,0.01,10,0.0769230769230769,5,0,0,rank,1,5.2,4
train,syn_n100_k10_cluster_corr_heavy_tail_low_vol_r02_s20260689,10,theta_170,0.9811908314982424,0.0175921406737042,0.7233333333333333,0.0335801197124642,1.2959886876409592,3.30134723,5.5,2.5,9.5,2.5,8.0,5.6,3,theta_170,DE/rand,none,10%,crowding-pruned,repair+feasible-first,5,rand2,none,0.1,10,0.0769230769230769,5,0,0,rank,1,5.2,5
train,syn_n100_k10_cluster_corr_heavy_tail_low_vol_r02_s20260689,10,theta_175,0.9811908314982424,0.0175921406737042,0.7233333333333333,0.0335801197124642,1.2959886876409592,3.71775723,5.5,2.5,9.5,2.5,20.0,8.0,6,theta_175,DE/rand,fixed,5%,crowding-pruned,repair+feasible-first,5,rand2,paper,0.05,5,0.0769230769230769,5,0,0,rank,1,5.2,6
train,syn_n100_k10_cluster_corr_heavy_tail_low_vol_r02_s20260689,10,theta_189,0.9811908314982424,0.0175921406737042,0.7233333333333333,0.0335801197124642,1.2959886876409592,3.397217853333333,5.5,2.5,9.5,2.5,14.0,6.8,4,theta_189,DE/rand,adaptive,10%,crowding-pruned,repair+feasible-first,5,rand2,stable,0.1,20,0.0769230769230769,5,0,0,rank,1,5.2,7
train,syn_n100_k10_cluster_corr_heavy_tail_low_vol_r02_s20260689,10,theta_118,0.9784659024660416,0.0179920637939093,0.7533333333333333,0.0441077219020714,1.3369243244062483,3.41241145,9.0,6.0,5.0,11.0,15.0,9.2,10,theta_118,DE/best,fixed,1%,crowding-pruned,repair+feasible-first,3,best2,paper,0.01,5,0.0769230769230769,5,0,0,rank,1,7.8,8
train,syn_n100_k10_cluster_corr_heavy_tail_low_vol_r02_s20260689,10,theta_131,0.9784659024660416,0.0179920637939093,0.7533333333333333,0.0441077219020714,1.3369243244062483,3.35445075,9.0,6.0,5.0,11.0,11.0,8.4,8,theta_131,DE/best,adaptive,5%,crowding-pruned,repair+feasible-first,3,best2,stable,0.05,10,0.0769230769230769,5,0,0,rank,1,7.8,9
train,syn_n100_k10_cluster_corr_heavy_tail_low_vol_r02_s20260689,10,theta_132,0.9784659024660416,0.0179920637939093,0.7533333333333333,0.0441077219020714,1.3369243244062483,3.4340921266666657,9.0,6.0,5.0,11.0,16.0,9.4,11,theta_132,DE/best,adaptive,5%,crowding-pruned,repair+feasible-first,3,best2,stable,0.05,20,0.0769230769230769,5,0,0,rank,1,7.8,10
train,syn_n100_k10_cluster_corr_heavy_tail_low_vol_r02_s20260689,10,theta_200,0.9753882313127618,0.0194278008201889,0.7450000000000002,0.0434002068064426,1.3390948596911223,8.090615883333333,12.0,8.0,7.0,9.0,24.0,12.0,14,theta_200,DE/best,fixed,1%,crowding-pruned,repair+feasible-first,5,best2,paper,0.01,10,0.0769230769230769,5,0,0,rank,1,8.799999999999999,11
train,syn_n100_k10_cluster_corr_heavy_tail_low_vol_r02_s20260689,10,theta_011,0.9779726322141464,0.0308056448300925,0.7000000000000001,0.0390269520044418,1.1901863233109988,1.85197134,11.0,16.0,12.0,5.0,1.0,9.0,9,theta_011,DE/rand,fixed,1%,crowding-pruned,repair+feasible-first,2,rand2,paper,0.01,10,0.0769230769230769,5,0,0,rank,1,10.5,12
train,syn_n100_k10_cluster_corr_heavy_tail_low_vol_r02_s20260689,10,theta_034,0.973285694424798,0.0242377771421261,0.6497222222222223,0.0521956405764037,1.295963089841846,2.525826536666666,14.5,13.5,14.5,14.5,2.0,11.8,12,theta_034,DE/best,none,10%,crowding-pruned,repair+feasible-first,2,best2,none,0.1,5,0.0769230769230769,5,0,0,rank,1,14.299999999999999,13
train,syn_n100_k10_cluster_corr_heavy_tail_low_vol_r02_s20260689,10,theta_037,0.973285694424798,0.0242377771421261,0.6497222222222223,0.0521956405764037,1.295963089841846,2.547692046666667,14.5,13.5,14.5,14.5,3.0,12.0,13,theta_037,DE/best,fixed,1%,crowding-pruned,repair+feasible-first,2,best2,paper,0.01,5,0.0769230769230769,5,0,0,rank,1,14.299999999999999,14
train,syn_n100_k10_cluster_corr_heavy_tail_low_vol_r02_s20260689,10,theta_045,0.973285694424798,0.0242377771421261,0.6497222222222223,0.0521956405764037,1.295963089841846,3.0603482366666666,14.5,13.5,14.5,14.5,6.0,12.6,15,theta_045,DE/best,fixed,10%,crowding-pruned,repair+feasible-first,2,best2,paper,0.1,20,0.0769230769230769,5,0,0,rank,1,14.299999999999999,15
train,syn_n100_k10_cluster_corr_heavy_tail_low_vol_r02_s20260689,10,theta_047,0.973285694424798,0.0242377771421261,0.6497222222222223,0.0521956405764037,1.295963089841846,3.236497193333333,14.5,13.5,14.5,14.5,7.0,12.8,16,theta_047,DE/best,adaptive,1%,crowding-pruned,repair+feasible-first,2,best2,stable,0.01,10,0.0769230769230769,5,0,0,rank,1,14.299999999999999,16
train,syn_n100_k10_cluster_corr_heavy_tail_low_vol_r02_s20260689,10,theta_067,0.9705995394848927,0.0316529927152737,0.5894444444444444,0.0661143206913915,1.214317269427824,3.6607227,18.0,18.0,23.0,18.0,19.0,19.2,20,theta_067,mixed,fixed,5%,crowding-pruned,repair+feasible-first,2,mixed,paper,0.05,5,0.0769230769230769,5,0,0,rank,1,19.5,17
train,syn_n100_k10_cluster_corr_heavy_tail_low_vol_r02_s20260689,10,theta_076,0.9705995394848927,0.0316529927152737,0.5894444444444444,0.0661143206913915,1.214317269427824,3.3499970533333325,18.0,18.0,23.0,18.0,10.0,17.4,17,theta_076,mixed,adaptive,5%,crowding-pruned,repair+feasible-first,2,mixed,stable,0.05,5,0.0769230769230769,5,0,0,rank,1,19.5,18
train,syn_n100_k10_cluster_corr_heavy_tail_low_vol_r02_s20260689,10,theta_078,0.9705995394848927,0.0316529927152737,0.5894444444444444,0.0661143206913915,1.214317269427824,3.384479923333333,18.0,18.0,23.0,18.0,13.0,18.0,18,theta_078,mixed,adaptive,5%,crowding-pruned,repair+feasible-first,2,mixed,stable,0.05,20,0.0769230769230769,5,0,0,rank,1,19.5,19
train,syn_n100_k10_cluster_corr_heavy_tail_low_vol_r02_s20260689,10,theta_223,0.9683004568618414,0.0379726594142127,0.6308333333333334,0.0705087452867906,1.2174513348889977,7.838632039999999,21.0,21.0,18.0,23.0,22.0,21.0,22,theta_223,mixed,none,10%,crowding-pruned,repair+feasible-first,5,mixed,none,0.1,5,0.0769230769230769,5,0,0,rank,1,20.7,20
train,syn_n100_k10_cluster_corr_heavy_tail_low_vol_r02_s20260689,10,theta_234,0.9683004568618414,0.0379726594142127,0.6308333333333334,0.0705087452867906,1.2174513348889977,7.905953899999999,21.0,21.0,18.0,23.0,23.0,21.2,24,theta_234,mixed,fixed,10%,crowding-pruned,repair+feasible-first,5,mixed,paper,0.1,20,0.0769230769230769,5,0,0,rank,1,20.7,21
train,syn_n100_k10_cluster_corr_heavy_tail_low_vol_r02_s20260689,10,theta_237,0.9683004568618414,0.0379726594142127,0.6308333333333334,0.0705087452867906,1.2174513348889977,3.3477949400000004,21.0,21.0,18.0,23.0,9.0,18.4,19,theta_237,mixed,adaptive,1%,crowding-pruned,repair+feasible-first,5,mixed,stable,0.01,20,0.0769230769230769,5,0,0,rank,1,20.7,22
train,syn_n100_k10_cluster_corr_heavy_tail_low_vol_r02_s20260689,10,theta_144,0.9665848269058132,0.0418041513825271,0.6119444444444445,0.0684663385593672,1.1825561668337594,3.3800433266666663,23.5,23.5,20.5,20.5,12.0,20.0,21,theta_144,mixed,none,10%,crowding-pruned,repair+feasible-first,3,mixed,none,0.1,20,0.0769230769230769,5,0,0,rank,1,21.7,23
train,syn_n100_k10_cluster_corr_heavy_tail_low_vol_r02_s20260689,10,theta_159,0.9665848269058132,0.0418041513825271,0.6119444444444445,0.0684663385593672,1.1825561668337594,3.554886,23.5,23.5,20.5,20.5,18.0,21.2,23,theta_159,mixed,adaptive,5%,crowding-pruned,repair+feasible-first,3,mixed,stable,0.05,20,0.0769230769230769,5,0,0,rank,1,21.7,24
train,syn_n100_k10_cluster_corr_mixed_extreme_events_r03_s20260693,10,theta_164,0.9883122729071744,0.0112014336980549,0.9077777777777778,0.0222975403707488,1.3124646211212414,3.43596605,5.5,2.5,2.5,2.5,15.0,5.6,4,theta_164,DE/rand,none,1%,crowding-pruned,repair+feasible-first,5,rand2,none,0.01,10,0.0769230769230769,5,0,0,rank,1,3.1,1
train,syn_n100_k10_cluster_corr_mixed_extreme_events_r03_s20260693,10,theta_170,0.9883122729071744,0.0112014336980549,0.9077777777777778,0.0222975403707488,1.3124646211212414,3.731652153333334,5.5,2.5,2.5,2.5,18.0,6.2,7,theta_170,DE/rand,none,10%,crowding-pruned,repair+feasible-first,5,rand2,none,0.1,10,0.0769230769230769,5,0,0,rank,1,3.1,2
train,syn_n100_k10_cluster_corr_mixed_extreme_events_r03_s20260693,10,theta_175,0.9883122729071744,0.0112014336980549,0.9077777777777778,0.0222975403707488,1.3124646211212414,3.479891196666666,5.5,2.5,2.5,2.5,16.0,5.8,5,theta_175,DE/rand,fixed,5%,crowding-pruned,repair+feasible-first,5,rand2,paper,0.05,5,0.0769230769230769,5,0,0,rank,1,3.1,3
train,syn_n100_k10_cluster_corr_mixed_extreme_events_r03_s20260693,10,theta_189,0.9883122729071744,0.0112014336980549,0.9077777777777778,0.0222975403707488,1.3124646211212414,3.291408136666667,5.5,2.5,2.5,2.5,8.0,4.2,1,theta_189,DE/rand,adaptive,10%,crowding-pruned,repair+feasible-first,5,rand2,stable,0.1,20,0.0769230769230769,5,0,0,rank,1,3.1,4
train,syn_n100_k10_cluster_corr_mixed_extreme_events_r03_s20260693,10,theta_084,0.9890112962794354,0.0113372849167988,0.8947222222222223,0.0261586577715507,1.291939650137876,2.6579084400000004,2.0,6.0,7.0,6.0,4.0,5.0,2,theta_084,DE/rand,none,1%,crowding-pruned,repair+feasible-first,3,rand2,none,0.01,20,0.0769230769230769,5,0,0,rank,1,5.5,5
train,syn_n100_k10_cluster_corr_mixed_extreme_events_r03_s20260693,10,theta_086,0.9890112962794354,0.0113372849167988,0.8947222222222223,0.0261586577715507,1.291939650137876,2.67591254,2.0,6.0,7.0,6.0,5.0,5.2,3,theta_086,DE/rand,none,5%,crowding-pruned,repair+feasible-first,3,rand2,none,0.05,10,0.0769230769230769,5,0,0,rank,1,5.5,6
train,syn_n100_k10_cluster_corr_mixed_extreme_events_r03_s20260693,10,theta_089,0.9890112962794354,0.0113372849167988,0.8947222222222223,0.0261586577715507,1.291939650137876,3.889210246666667,2.0,6.0,7.0,6.0,20.0,8.2,8,theta_089,DE/rand,none,10%,crowding-pruned,repair+feasible-first,3,rand2,none,0.1,10,0.0769230769230769,5,0,0,rank,1,5.5,7
train,syn_n100_k10_cluster_corr_mixed_extreme_events_r03_s20260693,10,theta_011,0.9831415234435724,0.0171576188868129,0.9016666666666666,0.0348325685978623,1.2462282416929158,1.8727526533333332,8.0,8.0,5.0,8.0,1.0,6.0,6,theta_011,DE/rand,fixed,1%,crowding-pruned,repair+feasible-first,2,rand2,paper,0.01,10,0.0769230769230769,5,0,0,rank,1,7.1,8
train,syn_n100_k10_cluster_corr_mixed_extreme_events_r03_s20260693,10,theta_067,0.981858545426117,0.018680540276364,0.8313888888888888,0.0561927190460344,1.231900655371434,3.95204485,10.0,10.0,16.0,10.0,21.0,13.4,12,theta_067,mixed,fixed,5%,crowding-pruned,repair+feasible-first,2,mixed,paper,0.05,5,0.0769230769230769,5,0,0,rank,1,11.8,9
train,syn_n100_k10_cluster_corr_mixed_extreme_events_r03_s20260693,10,theta_076,0.981858545426117,0.018680540276364,0.8313888888888888,0.0561927190460344,1.231900655371434,3.362134446666667,10.0,10.0,16.0,10.0,12.0,11.6,10,theta_076,mixed,adaptive,5%,crowding-pruned,repair+feasible-first,2,mixed,stable,0.05,5,0.0769230769230769,5,0,0,rank,1,11.8,10
train,syn_n100_k10_cluster_corr_mixed_extreme_events_r03_s20260693,10,theta_078,0.981858545426117,0.018680540276364,0.8313888888888888,0.0561927190460344,1.231900655371434,3.347514863333333,10.0,10.0,16.0,10.0,10.0,11.2,9,theta_078,mixed,adaptive,5%,crowding-pruned,repair+feasible-first,2,mixed,stable,0.05,20,0.0769230769230769,5,0,0,rank,1,11.8,11
train,syn_n100_k10_cluster_corr_mixed_extreme_events_r03_s20260693,10,theta_223,0.9714055187425922,0.0250252852365783,0.8425000000000001,0.0577450352445347,1.254365199421776,7.71401426,13.0,13.0,13.0,14.0,23.0,15.2,14,theta_223,mixed,none,10%,crowding-pruned,repair+feasible-first,5,mixed,none,0.1,5,0.0769230769230769,5,0,0,rank,1,13.3,12
train,syn_n100_k10_cluster_corr_mixed_extreme_events_r03_s20260693,10,theta_234,0.9714055187425922,0.0250252852365783,0.8425000000000001,0.0577450352445347,1.254365199421776,7.518608390000001,13.0,13.0,13.0,14.0,22.0,15.0,13,theta_234,mixed,fixed,10%,crowding-pruned,repair+feasible-first,5,mixed,paper,0.1,20,0.0769230769230769,5,0,0,rank,1,13.3,13
train,syn_n100_k10_cluster_corr_mixed_extreme_events_r03_s20260693,10,theta_237,0.9714055187425922,0.0250252852365783,0.8425000000000001,0.0577450352445347,1.254365199421776,3.36211678,13.0,13.0,13.0,14.0,11.0,12.8,11,theta_237,mixed,adaptive,1%,crowding-pruned,repair+feasible-first,5,mixed,stable,0.01,20,0.0769230769230769,5,0,0,rank,1,13.3,14
train,syn_n100_k10_cluster_corr_mixed_extreme_events_r03_s20260693,10,theta_200,0.9647752647977732,0.0273214907491522,0.8433333333333335,0.056991126143254,1.2817108930951078,7.769885256666666,20.0,18.0,11.0,12.0,24.0,17.0,19,theta_200,DE/best,fixed,1%,crowding-pruned,repair+feasible-first,5,best2,paper,0.01,10,0.0769230769230769,5,0,0,rank,1,14.499999999999998,15
train,syn_n100_k10_cluster_corr_mixed_extreme_events_r03_s20260693,10,theta_144,0.9679528708183722,0.0286859005456798,0.8722222222222222,0.0710630614590458,1.2392950193318677,3.87436911,15.5,19.5,9.5,23.5,19.0,17.4,20,theta_144,mixed,none,10%,crowding-pruned,repair+feasible-first,3,mixed,none,0.1,20,0.0769230769230769,5,0,0,rank,1,16.9,16
train,syn_n100_k10_cluster_corr_mixed_extreme_events_r03_s20260693,10,theta_159,0.9679528708183722,0.0286859005456798,0.8722222222222222,0.0710630614590458,1.2392950193318677,3.372782143333333,15.5,19.5,9.5,23.5,13.0,16.2,17,theta_159,mixed,adaptive,5%,crowding-pruned,repair+feasible-first,3,mixed,stable,0.05,20,0.0769230769230769,5,0,0,rank,1,16.9,17
train,syn_n100_k10_cluster_corr_mixed_extreme_events_r03_s20260693,10,theta_118,0.9667783182705602,0.0259158127165265,0.7644444444444446,0.061365825456408,1.2798643775266445,3.31015666,18.0,16.0,19.0,17.0,9.0,15.8,16,theta_118,DE/best,fixed,1%,crowding-pruned,repair+feasible-first,3,best2,paper,0.01,5,0.0769230769230769,5,0,0,rank,1,17.6,18
train,syn_n100_k10_cluster_corr_mixed_extreme_events_r03_s20260693,10,theta_131,0.9667783182705602,0.0259158127165265,0.7644444444444446,0.061365825456408,1.2798643775266445,3.2492858733333327,18.0,16.0,19.0,17.0,7.0,15.4,15,theta_131,DE/best,adaptive,5%,crowding-pruned,repair+feasible-first,3,best2,stable,0.05,10,0.0769230769230769,5,0,0,rank,1,17.6,19
train,syn_n100_k10_cluster_corr_mixed_extreme_events_r03_s20260693,10,theta_132,0.9667783182705602,0.0259158127165265,0.7644444444444446,0.061365825456408,1.2798643775266445,3.393109116666667,18.0,16.0,19.0,17.0,14.0,16.8,18,theta_132,DE/best,adaptive,5%,crowding-pruned,repair+feasible-first,3,best2,stable,0.05,20,0.0769230769230769,5,0,0,rank,1,17.6,20
train,syn_n100_k10_cluster_corr_mixed_extreme_events_r03_s20260693,10,theta_034,0.9630425346795396,0.0311194522164756,0.701111111111111,0.070581228645172,1.241256859854405,2.414397066666667,22.5,22.5,22.5,20.5,2.0,18.0,21,theta_034,DE/best,none,10%,crowding-pruned,repair+feasible-first,2,best2,none,0.1,5,0.0769230769230769,5,0,0,rank,1,21.9,21
train,syn_n100_k10_cluster_corr_mixed_extreme_events_r03_s20260693,10,theta_037,0.9630425346795396,0.0311194522164756,0.701111111111111,0.070581228645172,1.241256859854405,2.4360566233333336,22.5,22.5,22.5,20.5,3.0,18.2,22,theta_037,DE/best,fixed,1%,crowding-pruned,repair+feasible-first,2,best2,paper,0.01,5,0.0769230769230769,5,0,0,rank,1,21.9,22
train,syn_n100_k10_cluster_corr_mixed_extreme_events_r03_s20260693,10,theta_045,0.9630425346795396,0.0311194522164756,0.701111111111111,0.070581228645172,1.241256859854405,2.983349933333332,22.5,22.5,22.5,20.5,6.0,18.8,23,theta_045,DE/best,fixed,10%,crowding-pruned,repair+feasible-first,2,best2,paper,0.1,20,0.0769230769230769,5,0,0,rank,1,21.9,23
train,syn_n100_k10_cluster_corr_mixed_extreme_events_r03_s20260693,10,theta_047,0.9630425346795396,0.0311194522164756,0.701111111111111,0.070581228645172,1.241256859854405,3.512157296666666,22.5,22.5,22.5,20.5,17.0,21.0,24,theta_047,DE/best,adaptive,1%,crowding-pruned,repair+feasible-first,2,best2,stable,0.01,10,0.0769230769230769,5,0,0,rank,1,21.9,24
train,syn_n100_k10_high_corr_heavy_tail_extreme_events_r01_s20260688,10,theta_067,1.1732195398782923,0.0053003254947732,0.9236111111111112,0.0195388322841904,0.4301970111256459,3.3470683866666677,4.0,2.0,2.0,2.0,18.0,5.6,4,theta_067,mixed,fixed,5%,crowding-pruned,repair+feasible-first,2,mixed,paper,0.05,5,0.0769230769230769,5,0,0,rank,1,2.4000000000000004,1
train,syn_n100_k10_high_corr_heavy_tail_extreme_events_r01_s20260688,10,theta_076,1.1732195398782923,0.0053003254947732,0.9236111111111112,0.0195388322841904,0.4301970111256459,3.1024819666666668,4.0,2.0,2.0,2.0,11.0,4.2,1,theta_076,mixed,adaptive,5%,crowding-pruned,repair+feasible-first,2,mixed,stable,0.05,5,0.0769230769230769,5,0,0,rank,1,2.4000000000000004,2
train,syn_n100_k10_high_corr_heavy_tail_extreme_events_r01_s20260688,10,theta_078,1.1732195398782923,0.0053003254947732,0.9236111111111112,0.0195388322841904,0.4301970111256459,3.190744986666667,4.0,2.0,2.0,2.0,13.0,4.6,2,theta_078,mixed,adaptive,5%,crowding-pruned,repair+feasible-first,2,mixed,stable,0.05,20,0.0769230769230769,5,0,0,rank,1,2.4000000000000004,3
train,syn_n100_k10_high_corr_heavy_tail_extreme_events_r01_s20260688,10,theta_144,1.1742849504003263,0.0058564427120506,0.908888888888889,0.020037734191246,0.4385403692278795,4.068514703333333,1.5,4.5,4.5,4.5,21.0,7.2,5,theta_144,mixed,none,10%,crowding-pruned,repair+feasible-first,3,mixed,none,0.1,20,0.0769230769230769,5,0,0,rank,1,3.8999999999999995,4
train,syn_n100_k10_high_corr_heavy_tail_extreme_events_r01_s20260688,10,theta_159,1.1742849504003263,0.0058564427120506,0.908888888888889,0.020037734191246,0.4385403692278795,3.0369249233333337,1.5,4.5,4.5,4.5,8.0,4.6,3,theta_159,mixed,adaptive,5%,crowding-pruned,repair+feasible-first,3,mixed,stable,0.05,20,0.0769230769230769,5,0,0,rank,1,3.8999999999999995,5
train,syn_n100_k10_high_corr_heavy_tail_extreme_events_r01_s20260688,10,theta_084,1.1628149565755037,0.0108328665765145,0.8172222222222222,0.0233716348933988,0.4056877084955157,2.298195146666666,7.0,7.0,18.0,7.0,2.0,8.2,6,theta_084,DE/rand,none,1%,crowding-pruned,repair+feasible-first,3,rand2,none,0.01,20,0.0769230769230769,5,0,0,rank,1,10.299999999999999,6
train,syn_n100_k10_high_corr_heavy_tail_extreme_events_r01_s20260688,10,theta_086,1.1628149565755037,0.0108328665765145,0.8172222222222222,0.0233716348933988,0.4056877084955157,2.329779006666667,7.0,7.0,18.0,7.0,3.0,8.4,7,theta_086,DE/rand,none,5%,crowding-pruned,repair+feasible-first,3,rand2,none,0.05,10,0.0769230769230769,5,0,0,rank,1,10.299999999999999,7
train,syn_n100_k10_high_corr_heavy_tail_extreme_events_r01_s20260688,10,theta_089,1.1628149565755037,0.0108328665765145,0.8172222222222222,0.0233716348933988,0.4056877084955157,3.263996133333333,7.0,7.0,18.0,7.0,15.0,10.8,9,theta_089,DE/rand,none,10%,crowding-pruned,repair+feasible-first,3,rand2,none,0.1,10,0.0769230769230769,5,0,0,rank,1,10.299999999999999,8
train,syn_n100_k10_high_corr_heavy_tail_extreme_events_r01_s20260688,10,theta_011,1.1617309587576456,0.0116989520186339,0.8136111111111112,0.0265794571008957,0.395540809153667,1.43060492,9.0,9.0,20.0,9.0,1.0,9.6,8,theta_011,DE/rand,fixed,1%,crowding-pruned,repair+feasible-first,2,rand2,paper,0.01,10,0.0769230769230769,5,0,0,rank,1,12.299999999999999,9
train,syn_n100_k10_high_corr_heavy_tail_extreme_events_r01_s20260688,10,theta_200,1.1489118081666958,0.0227940771062173,0.8522222222222223,0.0508484313226667,0.443631026372479,8.061748196666667,13.0,10.0,9.0,17.0,24.0,14.6,13,theta_200,DE/best,fixed,1%,crowding-pruned,repair+feasible-first,5,best2,paper,0.01,10,0.0769230769230769,5,0,0,rank,1,12.399999999999999,10
train,syn_n100_k10_high_corr_heavy_tail_extreme_events_r01_s20260688,10,theta_223,1.1518516555295066,0.0246675713703768,0.8219444444444445,0.0464392619032004,0.4545174739838681,7.324319813333334,11.0,12.0,15.0,11.0,23.0,14.4,12,theta_223,mixed,none,10%,crowding-pruned,repair+feasible-first,5,mixed,none,0.1,5,0.0769230769230769,5,0,0,rank,1,12.400000000000002,11
train,syn_n100_k10_high_corr_heavy_tail_extreme_events_r01_s20260688,10,theta_234,1.1518516555295066,0.0246675713703768,0.8219444444444445,0.0464392619032004,0.4545174739838681,7.299044543333333,11.0,12.0,15.0,11.0,22.0,14.2,11,theta_234,mixed,fixed,10%,crowding-pruned,repair+feasible-first,5,mixed,paper,0.1,20,0.0769230769230769,5,0,0,rank,1,12.400000000000002,12
train,syn_n100_k10_high_corr_heavy_tail_extreme_events_r01_s20260688,10,theta_237,1.1518516555295066,0.0246675713703768,0.8219444444444445,0.0464392619032004,0.4545174739838681,3.342599259999999,11.0,12.0,15.0,11.0,17.0,13.2,10,theta_237,mixed,adaptive,1%,crowding-pruned,repair+feasible-first,5,mixed,stable,0.01,20,0.0769230769230769,5,0,0,rank,1,12.400000000000002,13
train,syn_n100_k10_high_corr_heavy_tail_extreme_events_r01_s20260688,10,theta_118,1.1349884873737848,0.0377929742052186,0.8527777777777779,0.0775134577204654,0.4587184287556455,3.21908779,19.0,19.0,7.0,23.0,14.0,16.4,21,theta_118,DE/best,fixed,1%,crowding-pruned,repair+feasible-first,3,best2,paper,0.01,5,0.0769230769230769,5,0,0,rank,1,16.6,14
train,syn_n100_k10_high_corr_heavy_tail_extreme_events_r01_s20260688,10,theta_131,1.1349884873737848,0.0377929742052186,0.8527777777777779,0.0775134577204654,0.4587184287556455,3.282889993333333,19.0,19.0,7.0,23.0,16.0,16.8,22,theta_131,DE/best,adaptive,5%,crowding-pruned,repair+feasible-first,3,best2,stable,0.05,10,0.0769230769230769,5,0,0,rank,1,16.6,15
train,syn_n100_k10_high_corr_heavy_tail_extreme_events_r01_s20260688,10,theta_132,1.1349884873737848,0.0377929742052186,0.8527777777777779,0.0775134577204654,0.4587184287556455,3.711824613333334,19.0,19.0,7.0,23.0,20.0,17.6,23,theta_132,DE/best,adaptive,5%,crowding-pruned,repair+feasible-first,3,best2,stable,0.05,20,0.0769230769230769,5,0,0,rank,1,16.6,16
train,syn_n100_k10_high_corr_heavy_tail_extreme_events_r01_s20260688,10,theta_164,1.1459546213872722,0.0267233849092247,0.7780555555555556,0.0484088139413583,0.4250445346987349,3.084795463333333,15.5,15.5,22.5,14.5,9.0,15.4,15,theta_164,DE/rand,none,1%,crowding-pruned,repair+feasible-first,5,rand2,none,0.01,10,0.0769230769230769,5,0,0,rank,1,17.299999999999997,17
train,syn_n100_k10_high_corr_heavy_tail_extreme_events_r01_s20260688,10,theta_170,1.1459546213872722,0.0267233849092247,0.7780555555555556,0.0484088139413583,0.4250445346987349,3.186465896666666,15.5,15.5,22.5,14.5,12.0,16.0,18,theta_170,DE/rand,none,10%,crowding-pruned,repair+feasible-first,5,rand2,none,0.1,10,0.0769230769230769,5,0,0,rank,1,17.299999999999997,18
train,syn_n100_k10_high_corr_heavy_tail_extreme_events_r01_s20260688,10,theta_175,1.1459546213872722,0.0267233849092247,0.7780555555555556,0.0484088139413583,0.4250445346987349,3.095135756666667,15.5,15.5,22.5,14.5,10.0,15.6,16,theta_175,DE/rand,fixed,5%,crowding-pruned,repair+feasible-first,5,rand2,paper,0.05,5,0.0769230769230769,5,0,0,rank,1,17.299999999999997,19
train,syn_n100_k10_high_corr_heavy_tail_extreme_events_r01_s20260688,10,theta_189,1.1459546213872722,0.0267233849092247,0.7780555555555556,0.0484088139413583,0.4250445346987349,2.93854064,15.5,15.5,22.5,14.5,7.0,15.0,14,theta_189,DE/rand,adaptive,10%,crowding-pruned,repair+feasible-first,5,rand2,stable,0.1,20,0.0769230769230769,5,0,0,rank,1,17.299999999999997,20
train,syn_n100_k10_high_corr_heavy_tail_extreme_events_r01_s20260688,10,theta_034,1.1336927748850956,0.0390539378218791,0.8222222222222224,0.0766653435829837,0.4633763043419173,2.4858362966666667,22.5,22.5,11.5,19.5,5.0,16.2,19,theta_034,DE/best,none,10%,crowding-pruned,repair+feasible-first,2,best2,none,0.1,5,0.0769230769230769,5,0,0,rank,1,18.299999999999997,21
train,syn_n100_k10_high_corr_heavy_tail_extreme_events_r01_s20260688,10,theta_037,1.1336927748850956,0.0390539378218791,0.8222222222222224,0.0766653435829837,0.4633763043419173,2.3817436666666665,22.5,22.5,11.5,19.5,4.0,16.0,17,theta_037,DE/best,fixed,1%,crowding-pruned,repair+feasible-first,2,best2,paper,0.01,5,0.0769230769230769,5,0,0,rank,1,18.299999999999997,22
train,syn_n100_k10_high_corr_heavy_tail_extreme_events_r01_s20260688,10,theta_045,1.1336927748850956,0.0390539378218791,0.8222222222222224,0.0766653435829837,0.4633763043419173,2.8694440933333336,22.5,22.5,11.5,19.5,6.0,16.4,20,theta_045,DE/best,fixed,10%,crowding-pruned,repair+feasible-first,2,best2,paper,0.1,20,0.0769230769230769,5,0,0,rank,1,18.299999999999997,23
train,syn_n100_k10_high_corr_heavy_tail_extreme_events_r01_s20260688,10,theta_047,1.1336927748850956,0.0390539378218791,0.8222222222222224,0.0766653435829837,0.4633763043419173,3.615120923333334,22.5,22.5,11.5,19.5,19.0,19.0,24,theta_047,DE/best,adaptive,1%,crowding-pruned,repair+feasible-first,2,best2,stable,0.01,10,0.0769230769230769,5,0,0,rank,1,18.299999999999997,24
train,syn_n100_k10_high_corr_mixed_high_vol_r02_s20260692,10,theta_067,1.145413594073212,0.0351800723680517,0.8275000000000001,0.0734031995989736,0.7834927129165192,2.858993893333333,2.0,14.0,2.0,9.0,7.0,6.8,3,theta_067,mixed,fixed,5%,crowding-pruned,repair+feasible-first,2,mixed,paper,0.05,5,0.0769230769230769,5,0,0,rank,1,6.5,1
train,syn_n100_k10_high_corr_mixed_high_vol_r02_s20260692,10,theta_076,1.145413594073212,0.0351800723680517,0.8275000000000001,0.0734031995989736,0.7834927129165192,3.0999357533333334,2.0,14.0,2.0,9.0,10.0,7.4,5,theta_076,mixed,adaptive,5%,crowding-pruned,repair+feasible-first,2,mixed,stable,0.05,5,0.0769230769230769,5,0,0,rank,1,6.5,2
train,syn_n100_k10_high_corr_mixed_high_vol_r02_s20260692,10,theta_078,1.145413594073212,0.0351800723680517,0.8275000000000001,0.0734031995989736,0.7834927129165192,3.0917974700000004,2.0,14.0,2.0,9.0,9.0,7.2,4,theta_078,mixed,adaptive,5%,crowding-pruned,repair+feasible-first,2,mixed,stable,0.05,20,0.0769230769230769,5,0,0,rank,1,6.5,3
train,syn_n100_k10_high_corr_mixed_high_vol_r02_s20260692,10,theta_084,1.1445109564978195,0.0294929776545571,0.7550000000000001,0.0641471321825208,0.8364514121617636,2.6260467466666664,5.0,2.0,19.0,2.0,5.0,6.6,2,theta_084,DE/rand,none,1%,crowding-pruned,repair+feasible-first,3,rand2,none,0.01,20,0.0769230769230769,5,0,0,rank,1,7.699999999999999,4
train,syn_n100_k10_high_corr_mixed_high_vol_r02_s20260692,10,theta_086,1.1445109564978195,0.0294929776545571,0.7550000000000001,0.0641471321825208,0.8364514121617636,2.517483513333333,5.0,2.0,19.0,2.0,4.0,6.4,1,theta_086,DE/rand,none,5%,crowding-pruned,repair+feasible-first,3,rand2,none,0.05,10,0.0769230769230769,5,0,0,rank,1,7.699999999999999,5
train,syn_n100_k10_high_corr_mixed_high_vol_r02_s20260692,10,theta_089,1.1445109564978195,0.0294929776545571,0.7550000000000001,0.0641471321825208,0.8364514121617636,3.755621446666667,5.0,2.0,19.0,2.0,21.0,9.8,9,theta_089,DE/rand,none,10%,crowding-pruned,repair+feasible-first,3,rand2,none,0.1,10,0.0769230769230769,5,0,0,rank,1,7.699999999999999,6
train,syn_n100_k10_high_corr_mixed_high_vol_r02_s20260692,10,theta_034,1.1399739550480323,0.0339250796797262,0.7716666666666667,0.0697486250685176,0.8493983539304936,2.3172745566666664,10.5,10.5,11.5,5.5,3.0,8.2,7,theta_034,DE/best,none,10%,crowding-pruned,repair+feasible-first,2,best2,none,0.1,5,0.0769230769230769,5,0,0,rank,1,9.3,7
train,syn_n100_k10_high_corr_mixed_high_vol_r02_s20260692,10,theta_037,1.1399739550480323,0.0339250796797262,0.7716666666666667,0.0697486250685176,0.8493983539304936,2.2433345633333337,10.5,10.5,11.5,5.5,2.0,8.0,6,theta_037,DE/best,fixed,1%,crowding-pruned,repair+feasible-first,2,best2,paper,0.01,5,0.0769230769230769,5,0,0,rank,1,9.3,8
train,syn_n100_k10_high_corr_mixed_high_vol_r02_s20260692,10,theta_045,1.1399739550480323,0.0339250796797262,0.7716666666666667,0.0697486250685176,0.8493983539304936,2.707464006666666,10.5,10.5,11.5,5.5,6.0,8.8,8,theta_045,DE/best,fixed,10%,crowding-pruned,repair+feasible-first,2,best2,paper,0.1,20,0.0769230769230769,5,0,0,rank,1,9.3,9
train,syn_n100_k10_high_corr_mixed_high_vol_r02_s20260692,10,theta_047,1.1399739550480323,0.0339250796797262,0.7716666666666667,0.0697486250685176,0.8493983539304936,3.4815221133333334,10.5,10.5,11.5,5.5,20.0,11.6,10,theta_047,DE/best,adaptive,1%,crowding-pruned,repair+feasible-first,2,best2,stable,0.01,10,0.0769230769230769,5,0,0,rank,1,9.3,10
train,syn_n100_k10_high_corr_mixed_high_vol_r02_s20260692,10,theta_223,1.1399513466532496,0.0363849436406022,0.7875,0.0809968930110227,0.8436746969721263,7.044872233333334,14.0,17.0,5.0,12.0,23.0,14.2,18,theta_223,mixed,none,10%,crowding-pruned,repair+feasible-first,5,mixed,none,0.1,5,0.0769230769230769,5,0,0,rank,1,11.3,11
train,syn_n100_k10_high_corr_mixed_high_vol_r02_s20260692,10,theta_234,1.1399513466532496,0.0363849436406022,0.7875,0.0809968930110227,0.8436746969721263,7.039157373333334,14.0,17.0,5.0,12.0,22.0,14.0,17,theta_234,mixed,fixed,10%,crowding-pruned,repair+feasible-first,5,mixed,paper,0.1,20,0.0769230769230769,5,0,0,rank,1,11.3,12
train,syn_n100_k10_high_corr_mixed_high_vol_r02_s20260692,10,theta_237,1.1399513466532496,0.0363849436406022,0.7875,0.0809968930110227,0.8436746969721263,3.2360751933333334,14.0,17.0,5.0,12.0,13.0,12.2,14,theta_237,mixed,adaptive,1%,crowding-pruned,repair+feasible-first,5,mixed,stable,0.01,20,0.0769230769230769,5,0,0,rank,1,11.3,13
train,syn_n100_k10_high_corr_mixed_high_vol_r02_s20260692,10,theta_144,1.1421683835656289,0.0317493806646609,0.7622222222222221,0.0841519897641963,0.8444038412006847,3.46616194,7.5,4.5,15.5,15.5,19.0,12.4,15,theta_144,mixed,none,10%,crowding-pruned,repair+feasible-first,3,mixed,none,0.1,20,0.0769230769230769,5,0,0,rank,1,11.7,14
train,syn_n100_k10_high_corr_mixed_high_vol_r02_s20260692,10,theta_159,1.1421683835656289,0.0317493806646609,0.7622222222222221,0.0841519897641963,0.8444038412006847,3.41621727,7.5,4.5,15.5,15.5,18.0,12.2,13,theta_159,mixed,adaptive,5%,crowding-pruned,repair+feasible-first,3,mixed,stable,0.05,20,0.0769230769230769,5,0,0,rank,1,11.7,15
train,syn_n100_k10_high_corr_mixed_high_vol_r02_s20260692,10,theta_118,1.139048489424353,0.032953020565826,0.7761111111111112,0.0877846189536428,0.8911535227305968,3.188970420000001,17.0,7.0,8.0,18.0,11.0,12.2,12,theta_118,DE/best,fixed,1%,crowding-pruned,repair+feasible-first,3,best2,paper,0.01,5,0.0769230769230769,5,0,0,rank,1,12.600000000000001,16
train,syn_n100_k10_high_corr_mixed_high_vol_r02_s20260692,10,theta_131,1.139048489424353,0.032953020565826,0.7761111111111112,0.0877846189536428,0.8911535227305968,3.052530243333333,17.0,7.0,8.0,18.0,8.0,11.6,11,theta_131,DE/best,adaptive,5%,crowding-pruned,repair+feasible-first,3,best2,stable,0.05,10,0.0769230769230769,5,0,0,rank,1,12.600000000000001,17
train,syn_n100_k10_high_corr_mixed_high_vol_r02_s20260692,10,theta_132,1.139048489424353,0.032953020565826,0.7761111111111112,0.0877846189536428,0.8911535227305968,3.3724126766666656,17.0,7.0,8.0,18.0,17.0,13.4,16,theta_132,DE/best,adaptive,5%,crowding-pruned,repair+feasible-first,3,best2,stable,0.05,20,0.0769230769230769,5,0,0,rank,1,12.600000000000001,18
train,syn_n100_k10_high_corr_mixed_high_vol_r02_s20260692,10,theta_200,1.1376772376832518,0.0435528589171954,0.7691666666666667,0.0832779646625023,0.8139120081841568,7.367264003333332,19.0,19.0,14.0,14.0,24.0,18.0,20,theta_200,DE/best,fixed,1%,crowding-pruned,repair+feasible-first,5,best2,paper,0.01,10,0.0769230769230769,5,0,0,rank,1,16.0,19
train,syn_n100_k10_high_corr_mixed_high_vol_r02_s20260692,10,theta_011,1.133972176016412,0.0476135181574924,0.7588888888888888,0.0968826350427099,0.8087116662749505,1.5942293200000004,20.0,24.0,17.0,24.0,1.0,17.2,19,theta_011,DE/rand,fixed,1%,crowding-pruned,repair+feasible-first,2,rand2,paper,0.01,10,0.0769230769230769,5,0,0,rank,1,21.1,20
train,syn_n100_k10_high_corr_mixed_high_vol_r02_s20260692,10,theta_164,1.133752638420061,0.0453210103680486,0.6622222222222223,0.0902943451250023,0.8094889510151885,3.315077903333333,22.5,21.5,22.5,21.5,15.0,20.6,23,theta_164,DE/rand,none,1%,crowding-pruned,repair+feasible-first,5,rand2,none,0.01,10,0.0769230769230769,5,0,0,rank,1,22.0,21
train,syn_n100_k10_high_corr_mixed_high_vol_r02_s20260692,10,theta_170,1.133752638420061,0.0453210103680486,0.6622222222222223,0.0902943451250023,0.8094889510151885,3.3482730400000005,22.5,21.5,22.5,21.5,16.0,20.8,24,theta_170,DE/rand,none,10%,crowding-pruned,repair+feasible-first,5,rand2,none,0.1,10,0.0769230769230769,5,0,0,rank,1,22.0,22
train,syn_n100_k10_high_corr_mixed_high_vol_r02_s20260692,10,theta_175,1.133752638420061,0.0453210103680486,0.6622222222222223,0.0902943451250023,0.8094889510151885,3.25847685,22.5,21.5,22.5,21.5,14.0,20.4,22,theta_175,DE/rand,fixed,5%,crowding-pruned,repair+feasible-first,5,rand2,paper,0.05,5,0.0769230769230769,5,0,0,rank,1,22.0,23
train,syn_n100_k10_high_corr_mixed_high_vol_r02_s20260692,10,theta_189,1.133752638420061,0.0453210103680486,0.6622222222222223,0.0902943451250023,0.8094889510151885,3.232683316666667,22.5,21.5,22.5,21.5,12.0,20.0,21,theta_189,DE/rand,adaptive,10%,crowding-pruned,repair+feasible-first,5,rand2,stable,0.1,20,0.0769230769230769,5,0,0,rank,1,22.0,24
train,syn_n100_k10_low_corr_normal_low_vol_r01_s20260690,10,theta_084,1.1182543320135605,0.0285656618897418,0.6994444444444442,0.0532515991213173,0.8360101371248077,2.4616005866666666,3.0,6.0,3.0,3.0,5.0,4.0,2,theta_084,DE/rand,none,1%,crowding-pruned,repair+feasible-first,3,rand2,none,0.01,20,0.0769230769230769,5,0,0,rank,1,3.6,1
train,syn_n100_k10_low_corr_normal_low_vol_r01_s20260690,10,theta_086,1.1182543320135605,0.0285656618897418,0.6994444444444442,0.0532515991213173,0.8360101371248077,2.4059724600000005,3.0,6.0,3.0,3.0,4.0,3.8,1,theta_086,DE/rand,none,5%,crowding-pruned,repair+feasible-first,3,rand2,none,0.05,10,0.0769230769230769,5,0,0,rank,1,3.6,2
train,syn_n100_k10_low_corr_normal_low_vol_r01_s20260690,10,theta_089,1.1182543320135605,0.0285656618897418,0.6994444444444442,0.0532515991213173,0.8360101371248077,3.497152666666666,3.0,6.0,3.0,3.0,20.0,7.0,3,theta_089,DE/rand,none,10%,crowding-pruned,repair+feasible-first,3,rand2,none,0.1,10,0.0769230769230769,5,0,0,rank,1,3.6,3
train,syn_n100_k10_low_corr_normal_low_vol_r01_s20260690,10,theta_200,1.1308158515992095,0.0188478013884437,0.7647222222222222,0.0589386982585399,0.9072980138135508,7.434418556666666,1.0,1.0,1.0,11.0,24.0,7.6,4,theta_200,DE/best,fixed,1%,crowding-pruned,repair+feasible-first,5,best2,paper,0.01,10,0.0769230769230769,5,0,0,rank,1,4.0,4
train,syn_n100_k10_low_corr_normal_low_vol_r01_s20260690,10,theta_011,1.1091831090658937,0.0379180697632998,0.6377777777777777,0.036290506867754,0.785225647787274,1.6281466633333337,12.0,16.0,9.0,1.0,1.0,7.8,5,theta_011,DE/rand,fixed,1%,crowding-pruned,repair+feasible-first,2,rand2,paper,0.01,10,0.0769230769230769,5,0,0,rank,1,8.600000000000001,5
train,syn_n100_k10_low_corr_normal_low_vol_r01_s20260690,10,theta_164,1.1080891370144612,0.0344176885669455,0.6805555555555556,0.0547695657721617,0.8540444028913572,3.153231056666667,14.5,13.5,6.5,6.5,13.0,10.8,12,theta_164,DE/rand,none,1%,crowding-pruned,repair+feasible-first,5,rand2,none,0.01,10,0.0769230769230769,5,0,0,rank,1,9.5,6
train,syn_n100_k10_low_corr_normal_low_vol_r01_s20260690,10,theta_170,1.1080891370144612,0.0344176885669455,0.6805555555555556,0.0547695657721617,0.8540444028913572,3.2367593233333327,14.5,13.5,6.5,6.5,17.0,11.6,15,theta_170,DE/rand,none,10%,crowding-pruned,repair+feasible-first,5,rand2,none,0.1,10,0.0769230769230769,5,0,0,rank,1,9.5,7
train,syn_n100_k10_low_corr_normal_low_vol_r01_s20260690,10,theta_175,1.1080891370144612,0.0344176885669455,0.6805555555555556,0.0547695657721617,0.8540444028913572,3.2098082966666666,14.5,13.5,6.5,6.5,15.0,11.2,14,theta_175,DE/rand,fixed,5%,crowding-pruned,repair+feasible-first,5,rand2,paper,0.05,5,0.0769230769230769,5,0,0,rank,1,9.5,8
train,syn_n100_k10_low_corr_normal_low_vol_r01_s20260690,10,theta_189,1.1080891370144612,0.0344176885669455,0.6805555555555556,0.0547695657721617,0.8540444028913572,3.090622413333334,14.5,13.5,6.5,6.5,9.0,10.0,9,theta_189,DE/rand,adaptive,10%,crowding-pruned,repair+feasible-first,5,rand2,stable,0.1,20,0.0769230769230769,5,0,0,rank,1,9.5,9
train,syn_n100_k10_low_corr_normal_low_vol_r01_s20260690,10,theta_118,1.1157449138927094,0.0282699002534711,0.63,0.06118420167577,0.8933234733954235,3.2980983366666665,6.0,3.0,11.0,17.0,18.0,11.0,13,theta_118,DE/best,fixed,1%,crowding-pruned,repair+feasible-first,3,best2,paper,0.01,5,0.0769230769230769,5,0,0,rank,1,10.2,10
train,syn_n100_k10_low_corr_normal_low_vol_r01_s20260690,10,theta_131,1.1157449138927094,0.0282699002534711,0.63,0.06118420167577,0.8933234733954235,3.1546651566666672,6.0,3.0,11.0,17.0,14.0,10.2,10,theta_131,DE/best,adaptive,5%,crowding-pruned,repair+feasible-first,3,best2,stable,0.05,10,0.0769230769230769,5,0,0,rank,1,10.2,11
train,syn_n100_k10_low_corr_normal_low_vol_r01_s20260690,10,theta_132,1.1157449138927094,0.0282699002534711,0.63,0.06118420167577,0.8933234733954235,3.1209915499999994,6.0,3.0,11.0,17.0,10.0,9.4,6,theta_132,DE/best,adaptive,5%,crowding-pruned,repair+feasible-first,3,best2,stable,0.05,20,0.0769230769230769,5,0,0,rank,1,10.2,12
train,syn_n100_k10_low_corr_normal_low_vol_r01_s20260690,10,theta_034,1.1144818765664397,0.0300932461788689,0.6083333333333333,0.0607340045989301,0.8765236948272885,2.3468415966666663,9.5,9.5,14.5,13.5,3.0,10.0,8,theta_034,DE/best,none,10%,crowding-pruned,repair+feasible-first,2,best2,none,0.1,5,0.0769230769230769,5,0,0,rank,1,12.2,13
train,syn_n100_k10_low_corr_normal_low_vol_r01_s20260690,10,theta_037,1.1144818765664397,0.0300932461788689,0.6083333333333333,0.0607340045989301,0.8765236948272885,2.255412036666667,9.5,9.5,14.5,13.5,2.0,9.8,7,theta_037,DE/best,fixed,1%,crowding-pruned,repair+feasible-first,2,best2,paper,0.01,5,0.0769230769230769,5,0,0,rank,1,12.2,14
train,syn_n100_k10_low_corr_normal_low_vol_r01_s20260690,10,theta_045,1.1144818765664397,0.0300932461788689,0.6083333333333333,0.0607340045989301,0.8765236948272885,2.675977223333333,9.5,9.5,14.5,13.5,7.0,10.8,11,theta_045,DE/best,fixed,10%,crowding-pruned,repair+feasible-first,2,best2,paper,0.1,20,0.0769230769230769,5,0,0,rank,1,12.2,15
train,syn_n100_k10_low_corr_normal_low_vol_r01_s20260690,10,theta_047,1.1144818765664397,0.0300932461788689,0.6083333333333333,0.0607340045989301,0.8765236948272885,3.3572787633333334,9.5,9.5,14.5,13.5,19.0,13.2,16,theta_047,DE/best,adaptive,1%,crowding-pruned,repair+feasible-first,2,best2,stable,0.01,10,0.0769230769230769,5,0,0,rank,1,12.2,16
train,syn_n100_k10_low_corr_normal_low_vol_r01_s20260690,10,theta_144,1.0909534832514365,0.0512518657303833,0.5633333333333334,0.0565671427884629,0.8031164198150709,2.616288340000001,20.5,20.5,20.5,9.5,6.0,15.4,17,theta_144,mixed,none,10%,crowding-pruned,repair+feasible-first,3,mixed,none,0.1,20,0.0769230769230769,5,0,0,rank,1,17.200000000000003,17
train,syn_n100_k10_low_corr_normal_low_vol_r01_s20260690,10,theta_159,1.0909534832514365,0.0512518657303833,0.5633333333333334,0.0565671427884629,0.8031164198150709,3.05667979,20.5,20.5,20.5,9.5,8.0,15.8,18,theta_159,mixed,adaptive,5%,crowding-pruned,repair+feasible-first,3,mixed,stable,0.05,20,0.0769230769230769,5,0,0,rank,1,17.200000000000003,18
train,syn_n100_k10_low_corr_normal_low_vol_r01_s20260690,10,theta_223,1.0901999312515267,0.0516179273217397,0.5847222222222223,0.0709145429005861,0.7942839196086057,7.1058285466666655,23.0,23.0,18.0,20.0,23.0,21.4,24,theta_223,mixed,none,10%,crowding-pruned,repair+feasible-first,5,mixed,none,0.1,5,0.0769230769230769,5,0,0,rank,1,20.6,19
train,syn_n100_k10_low_corr_normal_low_vol_r01_s20260690,10,theta_234,1.0901999312515267,0.0516179273217397,0.5847222222222223,0.0709145429005861,0.7942839196086057,6.741746969999999,23.0,23.0,18.0,20.0,22.0,21.2,23,theta_234,mixed,fixed,10%,crowding-pruned,repair+feasible-first,5,mixed,paper,0.1,20,0.0769230769230769,5,0,0,rank,1,20.6,20
train,syn_n100_k10_low_corr_normal_low_vol_r01_s20260690,10,theta_237,1.0901999312515267,0.0516179273217397,0.5847222222222223,0.0709145429005861,0.7942839196086057,3.2264292533333334,23.0,23.0,18.0,20.0,16.0,20.0,21,theta_237,mixed,adaptive,1%,crowding-pruned,repair+feasible-first,5,mixed,stable,0.01,20,0.0769230769230769,5,0,0,rank,1,20.6,21
train,syn_n100_k10_low_corr_normal_low_vol_r01_s20260690,10,theta_067,1.0993872027147735,0.0423250991083362,0.5461111111111111,0.0711885745861404,0.8246560424943057,4.5160116766666665,18.0,18.0,23.0,23.0,21.0,20.6,22,theta_067,mixed,fixed,5%,crowding-pruned,repair+feasible-first,2,mixed,paper,0.05,5,0.0769230769230769,5,0,0,rank,1,21.0,22
train,syn_n100_k10_low_corr_normal_low_vol_r01_s20260690,10,theta_076,1.0993872027147735,0.0423250991083362,0.5461111111111111,0.0711885745861404,0.8246560424943057,3.140787893333333,18.0,18.0,23.0,23.0,11.0,18.6,19,theta_076,mixed,adaptive,5%,crowding-pruned,repair+feasible-first,2,mixed,stable,0.05,5,0.0769230769230769,5,0,0,rank,1,21.0,23
train,syn_n100_k10_low_corr_normal_low_vol_r01_s20260690,10,theta_078,1.0993872027147735,0.0423250991083362,0.5461111111111111,0.0711885745861404,0.8246560424943057,3.1498693200000005,18.0,18.0,23.0,23.0,12.0,18.8,20,theta_078,mixed,adaptive,5%,crowding-pruned,repair+feasible-first,2,mixed,stable,0.05,20,0.0769230769230769,5,0,0,rank,1,21.0,24
train,syn_n100_k10_pathological_cov_mixed_low_vol_r01_s20260691,10,theta_144,1.013251648373006,0.0098795194832997,0.9027777777777778,0.0187413920625619,1.1883596413499846,3.92168298,1.5,1.5,1.5,1.5,18.0,4.8,4,theta_144,mixed,none,10%,crowding-pruned,repair+feasible-first,3,mixed,none,0.1,20,0.0769230769230769,5,0,0,rank,1,1.5,1
train,syn_n100_k10_pathological_cov_mixed_low_vol_r01_s20260691,10,theta_159,1.013251648373006,0.0098795194832997,0.9027777777777778,0.0187413920625619,1.1883596413499846,3.6749517833333343,1.5,1.5,1.5,1.5,15.0,4.2,1,theta_159,mixed,adaptive,5%,crowding-pruned,repair+feasible-first,3,mixed,stable,0.05,20,0.0769230769230769,5,0,0,rank,1,1.5,2
train,syn_n100_k10_pathological_cov_mixed_low_vol_r01_s20260691,10,theta_118,1.0118559639015168,0.0110033170057528,0.8686111111111112,0.029376700091745,1.1899070305224095,3.0125210566666665,4.0,4.0,4.0,4.0,7.0,4.6,2,theta_118,DE/best,fixed,1%,crowding-pruned,repair+feasible-first,3,best2,paper,0.01,5,0.0769230769230769,5,0,0,rank,1,4.0,3
train,syn_n100_k10_pathological_cov_mixed_low_vol_r01_s20260691,10,theta_131,1.0118559639015168,0.0110033170057528,0.8686111111111112,0.029376700091745,1.1899070305224095,3.7533262266666663,4.0,4.0,4.0,4.0,17.0,6.6,6,theta_131,DE/best,adaptive,5%,crowding-pruned,repair+feasible-first,3,best2,stable,0.05,10,0.0769230769230769,5,0,0,rank,1,4.0,4
train,syn_n100_k10_pathological_cov_mixed_low_vol_r01_s20260691,10,theta_132,1.0118559639015168,0.0110033170057528,0.8686111111111112,0.029376700091745,1.1899070305224095,3.172402936666667,4.0,4.0,4.0,4.0,8.0,4.8,3,theta_132,DE/best,adaptive,5%,crowding-pruned,repair+feasible-first,3,best2,stable,0.05,20,0.0769230769230769,5,0,0,rank,1,4.0,5
train,syn_n100_k10_pathological_cov_mixed_low_vol_r01_s20260691,10,theta_011,1.009913789479343,0.0126311647569868,0.8447222222222222,0.0325966730163348,1.1620018801179992,1.84659473,6.0,6.0,6.0,10.0,1.0,5.8,5,theta_011,DE/rand,fixed,1%,crowding-pruned,repair+feasible-first,2,rand2,paper,0.01,10,0.0769230769230769,5,0,0,rank,1,7.2,6
train,syn_n100_k10_pathological_cov_mixed_low_vol_r01_s20260691,10,theta_200,1.00756002242216,0.0132231700393834,0.825,0.0301738795370882,1.188455855671102,7.8220659233333345,7.0,7.0,17.0,6.0,23.0,12.0,9,theta_200,DE/best,fixed,1%,crowding-pruned,repair+feasible-first,5,best2,paper,0.01,10,0.0769230769230769,5,0,0,rank,1,9.7,7
train,syn_n100_k10_pathological_cov_mixed_low_vol_r01_s20260691,10,theta_084,1.0066904942537502,0.017974774647654,0.8394444444444445,0.0316437392492988,1.1541431836209168,2.73039658,17.0,19.0,12.0,8.0,5.0,12.2,11,theta_084,DE/rand,none,1%,crowding-pruned,repair+feasible-first,3,rand2,none,0.01,20,0.0769230769230769,5,0,0,rank,1,13.200000000000001,8
train,syn_n100_k10_pathological_cov_mixed_low_vol_r01_s20260691,10,theta_086,1.0066904942537502,0.017974774647654,0.8394444444444445,0.0316437392492988,1.1541431836209168,2.72402677,17.0,19.0,12.0,8.0,4.0,12.0,8,theta_086,DE/rand,none,5%,crowding-pruned,repair+feasible-first,3,rand2,none,0.05,10,0.0769230769230769,5,0,0,rank,1,13.200000000000001,9
train,syn_n100_k10_pathological_cov_mixed_low_vol_r01_s20260691,10,theta_089,1.0066904942537502,0.017974774647654,0.8394444444444445,0.0316437392492988,1.1541431836209168,3.95987475,17.0,19.0,12.0,8.0,19.0,15.0,16,theta_089,DE/rand,none,10%,crowding-pruned,repair+feasible-first,3,rand2,none,0.1,10,0.0769230769230769,5,0,0,rank,1,13.200000000000001,10
train,syn_n100_k10_pathological_cov_mixed_low_vol_r01_s20260691,10,theta_164,1.007085534367982,0.020855572209003,0.8419444444444445,0.0485891975604908,1.1325361978817403,3.60819017,9.5,22.5,8.5,19.5,14.0,14.8,15,theta_164,DE/rand,none,1%,crowding-pruned,repair+feasible-first,5,rand2,none,0.01,10,0.0769230769230769,5,0,0,rank,1,14.799999999999999,11
train,syn_n100_k10_pathological_cov_mixed_low_vol_r01_s20260691,10,theta_170,1.007085534367982,0.020855572209003,0.8419444444444445,0.0485891975604908,1.1325361978817403,3.56958762,9.5,22.5,8.5,19.5,13.0,14.6,14,theta_170,DE/rand,none,10%,crowding-pruned,repair+feasible-first,5,rand2,none,0.1,10,0.0769230769230769,5,0,0,rank,1,14.799999999999999,12
train,syn_n100_k10_pathological_cov_mixed_low_vol_r01_s20260691,10,theta_175,1.007085534367982,0.020855572209003,0.8419444444444445,0.0485891975604908,1.1325361978817403,3.7404981,9.5,22.5,8.5,19.5,16.0,15.2,17,theta_175,DE/rand,fixed,5%,crowding-pruned,repair+feasible-first,5,rand2,paper,0.05,5,0.0769230769230769,5,0,0,rank,1,14.799999999999999,13
train,syn_n100_k10_pathological_cov_mixed_low_vol_r01_s20260691,10,theta_189,1.007085534367982,0.020855572209003,0.8419444444444445,0.0485891975604908,1.1325361978817403,5.96976929,9.5,22.5,8.5,19.5,21.0,16.2,19,theta_189,DE/rand,adaptive,10%,crowding-pruned,repair+feasible-first,5,rand2,stable,0.1,20,0.0769230769230769,5,0,0,rank,1,14.799999999999999,14
train,syn_n100_k10_pathological_cov_mixed_low_vol_r01_s20260691,10,theta_034,1.0069442944002174,0.0138146183418224,0.8158333333333333,0.0430805005503412,1.194785148700345,2.468140593333333,13.5,9.5,19.5,15.5,2.0,12.0,7,theta_034,DE/best,none,10%,crowding-pruned,repair+feasible-first,2,best2,none,0.1,5,0.0769230769230769,5,0,0,rank,1,15.099999999999998,15
train,syn_n100_k10_pathological_cov_mixed_low_vol_r01_s20260691,10,theta_037,1.0069442944002174,0.0138146183418224,0.8158333333333333,0.0430805005503412,1.194785148700345,2.6449966466666663,13.5,9.5,19.5,15.5,3.0,12.2,10,theta_037,DE/best,fixed,1%,crowding-pruned,repair+feasible-first,2,best2,paper,0.01,5,0.0769230769230769,5,0,0,rank,1,15.099999999999998,16
train,syn_n100_k10_pathological_cov_mixed_low_vol_r01_s20260691,10,theta_045,1.0069442944002174,0.0138146183418224,0.8158333333333333,0.0430805005503412,1.194785148700345,2.935614516666667,13.5,9.5,19.5,15.5,6.0,12.8,12,theta_045,DE/best,fixed,10%,crowding-pruned,repair+feasible-first,2,best2,paper,0.1,20,0.0769230769230769,5,0,0,rank,1,15.099999999999998,17
train,syn_n100_k10_pathological_cov_mixed_low_vol_r01_s20260691,10,theta_047,1.0069442944002174,0.0138146183418224,0.8158333333333333,0.0430805005503412,1.194785148700345,3.1868621266666657,13.5,9.5,19.5,15.5,9.0,13.4,13,theta_047,DE/best,adaptive,1%,crowding-pruned,repair+feasible-first,2,best2,stable,0.01,10,0.0769230769230769,5,0,0,rank,1,15.099999999999998,18
train,syn_n100_k10_pathological_cov_mixed_low_vol_r01_s20260691,10,theta_223,1.005351956670023,0.0153653990142904,0.8086111111111112,0.0402678696157122,1.1766722515558397,7.681972876666666,20.0,13.0,23.0,12.0,22.0,18.0,22,theta_223,mixed,none,10%,crowding-pruned,repair+feasible-first,5,mixed,none,0.1,5,0.0769230769230769,5,0,0,rank,1,17.1,19
train,syn_n100_k10_pathological_cov_mixed_low_vol_r01_s20260691,10,theta_234,1.005351956670023,0.0153653990142904,0.8086111111111112,0.0402678696157122,1.1766722515558397,8.32471048,20.0,13.0,23.0,12.0,24.0,18.4,23,theta_234,mixed,fixed,10%,crowding-pruned,repair+feasible-first,5,mixed,paper,0.1,20,0.0769230769230769,5,0,0,rank,1,17.1,20
train,syn_n100_k10_pathological_cov_mixed_low_vol_r01_s20260691,10,theta_237,1.005351956670023,0.0153653990142904,0.8086111111111112,0.0402678696157122,1.1766722515558397,3.50864157,20.0,13.0,23.0,12.0,12.0,16.0,18,theta_237,mixed,adaptive,1%,crowding-pruned,repair+feasible-first,5,mixed,stable,0.01,20,0.0769230769230769,5,0,0,rank,1,17.1,21
train,syn_n100_k10_pathological_cov_mixed_low_vol_r01_s20260691,10,theta_067,1.0048172546805028,0.0178322831802392,0.8311111111111111,0.0511255976359832,1.1498771999319657,4.680545526666667,23.0,16.0,15.0,23.0,20.0,19.4,24,theta_067,mixed,fixed,5%,crowding-pruned,repair+feasible-first,2,mixed,paper,0.05,5,0.0769230769230769,5,0,0,rank,1,19.2,22
train,syn_n100_k10_pathological_cov_mixed_low_vol_r01_s20260691,10,theta_076,1.0048172546805028,0.0178322831802392,0.8311111111111111,0.0511255976359832,1.1498771999319657,3.399914743333333,23.0,16.0,15.0,23.0,11.0,17.6,21,theta_076,mixed,adaptive,5%,crowding-pruned,repair+feasible-first,2,mixed,stable,0.05,5,0.0769230769230769,5,0,0,rank,1,19.2,23
train,syn_n100_k10_pathological_cov_mixed_low_vol_r01_s20260691,10,theta_078,1.0048172546805028,0.0178322831802392,0.8311111111111111,0.0511255976359832,1.1498771999319657,3.2620342100000004,23.0,16.0,15.0,23.0,10.0,17.4,20,theta_078,mixed,adaptive,5%,crowding-pruned,repair+feasible-first,2,mixed,stable,0.05,20,0.0769230769230769,5,0,0,rank,1,19.2,24
train,syn_n100_k10_pathological_cov_normal_extreme_events_r02_s20260687,10,theta_144,1.027533177152228,0.0236195096251319,0.8297222222222224,0.0387076507707108,1.1094227196406918,5.45593704,1.5,7.5,4.5,1.5,20.0,7.0,3,theta_144,mixed,none,10%,crowding-pruned,repair+feasible-first,3,mixed,none,0.1,20,0.0769230769230769,5,0,0,rank,1,3.5999999999999996,1
train,syn_n100_k10_pathological_cov_normal_extreme_events_r02_s20260687,10,theta_159,1.027533177152228,0.0236195096251319,0.8297222222222224,0.0387076507707108,1.1094227196406918,3.627830583333333,1.5,7.5,4.5,1.5,17.0,6.4,2,theta_159,mixed,adaptive,5%,crowding-pruned,repair+feasible-first,3,mixed,stable,0.05,20,0.0769230769230769,5,0,0,rank,1,3.5999999999999996,2
train,syn_n100_k10_pathological_cov_normal_extreme_events_r02_s20260687,10,theta_067,1.027430751700984,0.0257123810999344,0.8319444444444445,0.0408898834817563,1.0817014642244351,2.69619287,4.0,14.0,2.0,8.0,4.0,6.4,1,theta_067,mixed,fixed,5%,crowding-pruned,repair+feasible-first,2,mixed,paper,0.05,5,0.0769230769230769,5,0,0,rank,1,6.6,3
train,syn_n100_k10_pathological_cov_normal_extreme_events_r02_s20260687,10,theta_076,1.027430751700984,0.0257123810999344,0.8319444444444445,0.0408898834817563,1.0817014642244351,3.351134446666667,4.0,14.0,2.0,8.0,9.0,7.4,4,theta_076,mixed,adaptive,5%,crowding-pruned,repair+feasible-first,2,mixed,stable,0.05,5,0.0769230769230769,5,0,0,rank,1,6.6,4
train,syn_n100_k10_pathological_cov_normal_extreme_events_r02_s20260687,10,theta_078,1.027430751700984,0.0257123810999344,0.8319444444444445,0.0408898834817563,1.0817014642244351,3.422474306666667,4.0,14.0,2.0,8.0,11.0,7.8,5,theta_078,mixed,adaptive,5%,crowding-pruned,repair+feasible-first,2,mixed,stable,0.05,20,0.0769230769230769,5,0,0,rank,1,6.6,5
train,syn_n100_k10_pathological_cov_normal_extreme_events_r02_s20260687,10,theta_118,1.026014464839467,0.018784469903262,0.8236111111111111,0.0519272153415514,1.175494271774845,3.640221939999999,7.0,2.0,7.0,15.0,18.0,9.8,9,theta_118,DE/best,fixed,1%,crowding-pruned,repair+feasible-first,3,best2,paper,0.01,5,0.0769230769230769,5,0,0,rank,1,8.4,6
train,syn_n100_k10_pathological_cov_normal_extreme_events_r02_s20260687,10,theta_131,1.026014464839467,0.018784469903262,0.8236111111111111,0.0519272153415514,1.175494271774845,3.626939956666667,7.0,2.0,7.0,15.0,16.0,9.4,8,theta_131,DE/best,adaptive,5%,crowding-pruned,repair+feasible-first,3,best2,stable,0.05,10,0.0769230769230769,5,0,0,rank,1,8.4,7
train,syn_n100_k10_pathological_cov_normal_extreme_events_r02_s20260687,10,theta_132,1.026014464839467,0.018784469903262,0.8236111111111111,0.0519272153415514,1.175494271774845,3.437329773333333,7.0,2.0,7.0,15.0,12.0,8.6,6,theta_132,DE/best,adaptive,5%,crowding-pruned,repair+feasible-first,3,best2,stable,0.05,20,0.0769230769230769,5,0,0,rank,1,8.4,8
train,syn_n100_k10_pathological_cov_normal_extreme_events_r02_s20260687,10,theta_223,1.0246016656817205,0.021134605970317,0.798888888888889,0.0470677306321828,1.1490962155006674,7.687852250000001,10.0,5.0,10.0,11.0,22.0,11.6,11,theta_223,mixed,none,10%,crowding-pruned,repair+feasible-first,5,mixed,none,0.1,5,0.0769230769230769,5,0,0,rank,1,9.3,9
train,syn_n100_k10_pathological_cov_normal_extreme_events_r02_s20260687,10,theta_234,1.0246016656817205,0.021134605970317,0.798888888888889,0.0470677306321828,1.1490962155006674,8.360611623333334,10.0,5.0,10.0,11.0,24.0,12.0,13,theta_234,mixed,fixed,10%,crowding-pruned,repair+feasible-first,5,mixed,paper,0.1,20,0.0769230769230769,5,0,0,rank,1,9.3,10
train,syn_n100_k10_pathological_cov_normal_extreme_events_r02_s20260687,10,theta_237,1.0246016656817205,0.021134605970317,0.798888888888889,0.0470677306321828,1.1490962155006674,3.414184196666667,10.0,5.0,10.0,11.0,10.0,9.2,7,theta_237,mixed,adaptive,1%,crowding-pruned,repair+feasible-first,5,mixed,stable,0.01,20,0.0769230769230769,5,0,0,rank,1,9.3,11
train,syn_n100_k10_pathological_cov_normal_extreme_events_r02_s20260687,10,theta_034,1.0170294973048315,0.0251369530312494,0.7383333333333334,0.0388145134722589,1.120064663903399,2.4596512366666663,22.5,10.5,18.5,4.5,3.0,11.8,12,theta_034,DE/best,none,10%,crowding-pruned,repair+feasible-first,2,best2,none,0.1,5,0.0769230769230769,5,0,0,rank,1,13.499999999999998,12
train,syn_n100_k10_pathological_cov_normal_extreme_events_r02_s20260687,10,theta_037,1.0170294973048315,0.0251369530312494,0.7383333333333334,0.0388145134722589,1.120064663903399,2.452453556666667,22.5,10.5,18.5,4.5,2.0,11.6,10,theta_037,DE/best,fixed,1%,crowding-pruned,repair+feasible-first,2,best2,paper,0.01,5,0.0769230769230769,5,0,0,rank,1,13.499999999999998,13
train,syn_n100_k10_pathological_cov_normal_extreme_events_r02_s20260687,10,theta_045,1.0170294973048315,0.0251369530312494,0.7383333333333334,0.0388145134722589,1.120064663903399,2.9994412166666664,22.5,10.5,18.5,4.5,7.0,12.6,14,theta_045,DE/best,fixed,10%,crowding-pruned,repair+feasible-first,2,best2,paper,0.1,20,0.0769230769230769,5,0,0,rank,1,13.499999999999998,14
train,syn_n100_k10_pathological_cov_normal_extreme_events_r02_s20260687,10,theta_047,1.0170294973048315,0.0251369530312494,0.7383333333333334,0.0388145134722589,1.120064663903399,3.1381433700000003,22.5,10.5,18.5,4.5,8.0,12.8,15,theta_047,DE/best,adaptive,1%,crowding-pruned,repair+feasible-first,2,best2,stable,0.01,10,0.0769230769230769,5,0,0,rank,1,13.499999999999998,15
train,syn_n100_k10_pathological_cov_normal_extreme_events_r02_s20260687,10,theta_200,1.02248507465667,0.0264234515613085,0.7663888888888889,0.0529889801369922,1.1068786250997489,8.22305307,12.0,16.0,12.0,17.0,23.0,16.0,19,theta_200,DE/best,fixed,1%,crowding-pruned,repair+feasible-first,5,best2,paper,0.01,10,0.0769230769230769,5,0,0,rank,1,14.299999999999999,16
train,syn_n100_k10_pathological_cov_normal_extreme_events_r02_s20260687,10,theta_011,1.019163326243275,0.0334105657871095,0.745,0.0493124155552219,1.0448967267695146,1.9216053566666669,20.0,24.0,16.0,13.0,1.0,14.8,16,theta_011,DE/rand,fixed,1%,crowding-pruned,repair+feasible-first,2,rand2,paper,0.01,10,0.0769230769230769,5,0,0,rank,1,17.5,17
train,syn_n100_k10_pathological_cov_normal_extreme_events_r02_s20260687,10,theta_084,1.021484414296256,0.0314283801087124,0.7583333333333334,0.0545495228317856,1.0674148287304088,2.8087384566666667,14.0,22.0,14.0,23.0,6.0,15.8,18,theta_084,DE/rand,none,1%,crowding-pruned,repair+feasible-first,3,rand2,none,0.01,20,0.0769230769230769,5,0,0,rank,1,18.3,18
train,syn_n100_k10_pathological_cov_normal_extreme_events_r02_s20260687,10,theta_086,1.021484414296256,0.0314283801087124,0.7583333333333334,0.0545495228317856,1.0674148287304088,2.7706319266666672,14.0,22.0,14.0,23.0,5.0,15.6,17,theta_086,DE/rand,none,5%,crowding-pruned,repair+feasible-first,3,rand2,none,0.05,10,0.0769230769230769,5,0,0,rank,1,18.3,19
train,syn_n100_k10_pathological_cov_normal_extreme_events_r02_s20260687,10,theta_089,1.021484414296256,0.0314283801087124,0.7583333333333334,0.0545495228317856,1.0674148287304088,3.910363523333333,14.0,22.0,14.0,23.0,19.0,18.4,21,theta_089,DE/rand,none,10%,crowding-pruned,repair+feasible-first,3,rand2,none,0.1,10,0.0769230769230769,5,0,0,rank,1,18.3,20
train,syn_n100_k10_pathological_cov_normal_extreme_events_r02_s20260687,10,theta_164,1.0199223544076148,0.0285758039486348,0.7338888888888889,0.0540202171562327,1.0943677261821536,3.5418726500000006,17.5,18.5,22.5,19.5,13.0,18.2,20,theta_164,DE/rand,none,1%,crowding-pruned,repair+feasible-first,5,rand2,none,0.01,10,0.0769230769230769,5,0,0,rank,1,19.799999999999997,21
train,syn_n100_k10_pathological_cov_normal_extreme_events_r02_s20260687,10,theta_170,1.0199223544076148,0.0285758039486348,0.7338888888888889,0.0540202171562327,1.0943677261821536,3.589647326666667,17.5,18.5,22.5,19.5,15.0,18.6,23,theta_170,DE/rand,none,10%,crowding-pruned,repair+feasible-first,5,rand2,none,0.1,10,0.0769230769230769,5,0,0,rank,1,19.799999999999997,22
train,syn_n100_k10_pathological_cov_normal_extreme_events_r02_s20260687,10,theta_175,1.0199223544076148,0.0285758039486348,0.7338888888888889,0.0540202171562327,1.0943677261821536,3.574850236666668,17.5,18.5,22.5,19.5,14.0,18.4,22,theta_175,DE/rand,fixed,5%,crowding-pruned,repair+feasible-first,5,rand2,paper,0.05,5,0.0769230769230769,5,0,0,rank,1,19.799999999999997,23
train,syn_n100_k10_pathological_cov_normal_extreme_events_r02_s20260687,10,theta_189,1.0199223544076148,0.0285758039486348,0.7338888888888889,0.0540202171562327,1.0943677261821536,6.039068716666666,17.5,18.5,22.5,19.5,21.0,19.8,24,theta_189,DE/rand,adaptive,10%,crowding-pruned,repair+feasible-first,5,rand2,stable,0.1,20,0.0769230769230769,5,0,0,rank,1,19.799999999999997,24
train,syn_n100_k20_cluster_corr_heavy_tail_low_vol_r02_s20260702,20,theta_084,0.9894190957529084,0.0214708435269563,0.8744444444444446,0.0348671631396016,0.938046827493049,2.4503967366666672,6.0,6.0,2.0,3.0,4.0,4.2,1,theta_084,DE/rand,none,1%,crowding-pruned,repair+feasible-first,3,rand2,none,0.01,20,0.0769230769230769,5,0,0,rank,1,3.9000000000000004,1
train,syn_n100_k20_cluster_corr_heavy_tail_low_vol_r02_s20260702,20,theta_086,0.9894190957529084,0.0214708435269563,0.8744444444444446,0.0348671631396016,0.938046827493049,2.503355193333334,6.0,6.0,2.0,3.0,5.0,4.4,2,theta_086,DE/rand,none,5%,crowding-pruned,repair+feasible-first,3,rand2,none,0.05,10,0.0769230769230769,5,0,0,rank,1,3.9000000000000004,2
train,syn_n100_k20_cluster_corr_heavy_tail_low_vol_r02_s20260702,20,theta_089,0.9894190957529084,0.0214708435269563,0.8744444444444446,0.0348671631396016,0.938046827493049,3.45613532,6.0,6.0,2.0,3.0,16.0,6.6,7,theta_089,DE/rand,none,10%,crowding-pruned,repair+feasible-first,3,rand2,none,0.1,10,0.0769230769230769,5,0,0,rank,1,3.9000000000000004,3
train,syn_n100_k20_cluster_corr_heavy_tail_low_vol_r02_s20260702,20,theta_164,0.9920622504513495,0.0213633675900239,0.8602777777777777,0.0367605726512043,0.9875866580469828,3.1233422666666666,2.5,2.5,5.5,6.5,8.0,5.0,3,theta_164,DE/rand,none,1%,crowding-pruned,repair+feasible-first,5,rand2,none,0.01,10,0.0769230769230769,5,0,0,rank,1,4.6,4
train,syn_n100_k20_cluster_corr_heavy_tail_low_vol_r02_s20260702,20,theta_170,0.9920622504513495,0.0213633675900239,0.8602777777777777,0.0367605726512043,0.9875866580469828,3.441264533333333,2.5,2.5,5.5,6.5,15.0,6.4,6,theta_170,DE/rand,none,10%,crowding-pruned,repair+feasible-first,5,rand2,none,0.1,10,0.0769230769230769,5,0,0,rank,1,4.6,5
train,syn_n100_k20_cluster_corr_heavy_tail_low_vol_r02_s20260702,20,theta_175,0.9920622504513495,0.0213633675900239,0.8602777777777777,0.0367605726512043,0.9875866580469828,3.3254306833333334,2.5,2.5,5.5,6.5,11.0,5.6,5,theta_175,DE/rand,fixed,5%,crowding-pruned,repair+feasible-first,5,rand2,paper,0.05,5,0.0769230769230769,5,0,0,rank,1,4.6,6
train,syn_n100_k20_cluster_corr_heavy_tail_low_vol_r02_s20260702,20,theta_189,0.9920622504513495,0.0213633675900239,0.8602777777777777,0.0367605726512043,0.9875866580469828,5.684728006666668,2.5,2.5,5.5,6.5,21.0,7.6,8,theta_189,DE/rand,adaptive,10%,crowding-pruned,repair+feasible-first,5,rand2,stable,0.1,20,0.0769230769230769,5,0,0,rank,1,4.6,7
train,syn_n100_k20_cluster_corr_heavy_tail_low_vol_r02_s20260702,20,theta_011,0.9798268703180206,0.0241059023007364,0.8536111111111111,0.0332066661742078,0.91554838169837,1.735286423333333,8.0,8.0,8.0,1.0,1.0,5.2,4,theta_011,DE/rand,fixed,1%,crowding-pruned,repair+feasible-first,2,rand2,paper,0.01,10,0.0769230769230769,5,0,0,rank,1,5.8999999999999995,8
train,syn_n100_k20_cluster_corr_heavy_tail_low_vol_r02_s20260702,20,theta_223,0.9583544767151172,0.0353859393579834,0.5022222222222222,0.0506939825707135,0.9351993881904688,7.424685376666668,21.0,17.0,12.0,10.0,23.0,16.6,20,theta_223,mixed,none,10%,crowding-pruned,repair+feasible-first,5,mixed,none,0.1,5,0.0769230769230769,5,0,0,rank,1,14.2,9
train,syn_n100_k20_cluster_corr_heavy_tail_low_vol_r02_s20260702,20,theta_234,0.9583544767151172,0.0353859393579834,0.5022222222222222,0.0506939825707135,0.9351993881904688,8.088688143333332,21.0,17.0,12.0,10.0,24.0,16.8,21,theta_234,mixed,fixed,10%,crowding-pruned,repair+feasible-first,5,mixed,paper,0.1,20,0.0769230769230769,5,0,0,rank,1,14.2,10
train,syn_n100_k20_cluster_corr_heavy_tail_low_vol_r02_s20260702,20,theta_237,0.9583544767151172,0.0353859393579834,0.5022222222222222,0.0506939825707135,0.9351993881904688,3.333907356666666,21.0,17.0,12.0,10.0,12.0,14.4,11,theta_237,mixed,adaptive,1%,crowding-pruned,repair+feasible-first,5,mixed,stable,0.01,20,0.0769230769230769,5,0,0,rank,1,14.2,11
train,syn_n100_k20_cluster_corr_heavy_tail_low_vol_r02_s20260702,20,theta_118,0.9705182271994705,0.0349279111430817,0.3572222222222221,0.052785889945997,1.0939249745018025,3.3759561133333333,11.0,13.0,18.0,18.0,14.0,14.8,15,theta_118,DE/best,fixed,1%,crowding-pruned,repair+feasible-first,3,best2,paper,0.01,5,0.0769230769230769,5,0,0,rank,1,15.599999999999998,12
train,syn_n100_k20_cluster_corr_heavy_tail_low_vol_r02_s20260702,20,theta_131,0.9705182271994705,0.0349279111430817,0.3572222222222221,0.052785889945997,1.0939249745018025,3.31216214,11.0,13.0,18.0,18.0,10.0,14.0,9,theta_131,DE/best,adaptive,5%,crowding-pruned,repair+feasible-first,3,best2,stable,0.05,10,0.0769230769230769,5,0,0,rank,1,15.599999999999998,13
train,syn_n100_k20_cluster_corr_heavy_tail_low_vol_r02_s20260702,20,theta_132,0.9705182271994705,0.0349279111430817,0.3572222222222221,0.052785889945997,1.0939249745018025,3.3585123300000004,11.0,13.0,18.0,18.0,13.0,14.6,14,theta_132,DE/best,adaptive,5%,crowding-pruned,repair+feasible-first,3,best2,stable,0.05,20,0.0769230769230769,5,0,0,rank,1,15.599999999999998,14
train,syn_n100_k20_cluster_corr_heavy_tail_low_vol_r02_s20260702,20,theta_067,0.9606412721776502,0.0346296647856229,0.4711111111111111,0.0559300154664805,0.9476452286250224,4.804130463333334,18.0,10.0,15.0,21.0,19.0,16.6,19,theta_067,mixed,fixed,5%,crowding-pruned,repair+feasible-first,2,mixed,paper,0.05,5,0.0769230769230769,5,0,0,rank,1,16.4,15
train,syn_n100_k20_cluster_corr_heavy_tail_low_vol_r02_s20260702,20,theta_076,0.9606412721776502,0.0346296647856229,0.4711111111111111,0.0559300154664805,0.9476452286250224,3.2444894866666663,18.0,10.0,15.0,21.0,9.0,14.6,13,theta_076,mixed,adaptive,5%,crowding-pruned,repair+feasible-first,2,mixed,stable,0.05,5,0.0769230769230769,5,0,0,rank,1,16.4,16
train,syn_n100_k20_cluster_corr_heavy_tail_low_vol_r02_s20260702,20,theta_078,0.9606412721776502,0.0346296647856229,0.4711111111111111,0.0559300154664805,0.9476452286250224,3.501112193333333,18.0,10.0,15.0,21.0,17.0,16.2,18,theta_078,mixed,adaptive,5%,crowding-pruned,repair+feasible-first,2,mixed,stable,0.05,20,0.0769230769230769,5,0,0,rank,1,16.4,17
train,syn_n100_k20_cluster_corr_heavy_tail_low_vol_r02_s20260702,20,theta_200,0.9751371038860496,0.0350665113703415,0.3480555555555555,0.0521296503278882,1.096944769687563,7.14752027,9.0,15.0,24.0,16.0,22.0,17.2,22,theta_200,DE/best,fixed,1%,crowding-pruned,repair+feasible-first,5,best2,paper,0.01,10,0.0769230769230769,5,0,0,rank,1,16.8,18
train,syn_n100_k20_cluster_corr_heavy_tail_low_vol_r02_s20260702,20,theta_034,0.9641160701243404,0.0358174156431176,0.3561111111111111,0.0508865413065633,1.038844722058861,2.39147476,14.5,20.5,21.5,13.5,3.0,14.6,12,theta_034,DE/best,none,10%,crowding-pruned,repair+feasible-first,2,best2,none,0.1,5,0.0769230769230769,5,0,0,rank,1,17.5,19
train,syn_n100_k20_cluster_corr_heavy_tail_low_vol_r02_s20260702,20,theta_037,0.9641160701243404,0.0358174156431176,0.3561111111111111,0.0508865413065633,1.038844722058861,2.3798542100000004,14.5,20.5,21.5,13.5,2.0,14.4,10,theta_037,DE/best,fixed,1%,crowding-pruned,repair+feasible-first,2,best2,paper,0.01,5,0.0769230769230769,5,0,0,rank,1,17.5,20
train,syn_n100_k20_cluster_corr_heavy_tail_low_vol_r02_s20260702,20,theta_045,0.9641160701243404,0.0358174156431176,0.3561111111111111,0.0508865413065633,1.038844722058861,2.9064007866666666,14.5,20.5,21.5,13.5,6.0,15.2,16,theta_045,DE/best,fixed,10%,crowding-pruned,repair+feasible-first,2,best2,paper,0.1,20,0.0769230769230769,5,0,0,rank,1,17.5,21
train,syn_n100_k20_cluster_corr_heavy_tail_low_vol_r02_s20260702,20,theta_047,0.9641160701243404,0.0358174156431176,0.3561111111111111,0.0508865413065633,1.038844722058861,3.11081778,14.5,20.5,21.5,13.5,7.0,15.4,17,theta_047,DE/best,adaptive,1%,crowding-pruned,repair+feasible-first,2,best2,stable,0.01,10,0.0769230769230769,5,0,0,rank,1,17.5,22
train,syn_n100_k20_cluster_corr_heavy_tail_low_vol_r02_s20260702,20,theta_144,0.9285633651486804,0.0435414026925505,0.5947222222222223,0.0647733758604031,0.8486033514217954,5.274000646666667,23.5,23.5,9.5,23.5,20.0,20.0,24,theta_144,mixed,none,10%,crowding-pruned,repair+feasible-first,3,mixed,none,0.1,20,0.0769230769230769,5,0,0,rank,1,19.3,23
train,syn_n100_k20_cluster_corr_heavy_tail_low_vol_r02_s20260702,20,theta_159,0.9285633651486804,0.0435414026925505,0.5947222222222223,0.0647733758604031,0.8486033514217954,3.5558960366666663,23.5,23.5,9.5,23.5,18.0,19.6,23,theta_159,mixed,adaptive,5%,crowding-pruned,repair+feasible-first,3,mixed,stable,0.05,20,0.0769230769230769,5,0,0,rank,1,19.3,24
train,syn_n100_k20_cluster_corr_skewed_high_vol_r01_s20260705,20,theta_164,0.9805814119743343,0.0462872151816048,0.7838888888888887,0.0545675295258776,0.945471161779472,3.017518823333333,2.5,5.5,2.5,6.5,10.0,5.4,4,theta_164,DE/rand,none,1%,crowding-pruned,repair+feasible-first,5,rand2,none,0.01,10,0.0769230769230769,5,0,0,rank,1,4.3,1
train,syn_n100_k20_cluster_corr_skewed_high_vol_r01_s20260705,20,theta_170,0.9805814119743343,0.0462872151816048,0.7838888888888887,0.0545675295258776,0.945471161779472,3.160001373333334,2.5,5.5,2.5,6.5,15.0,6.4,5,theta_170,DE/rand,none,10%,crowding-pruned,repair+feasible-first,5,rand2,none,0.1,10,0.0769230769230769,5,0,0,rank,1,4.3,2
train,syn_n100_k20_cluster_corr_skewed_high_vol_r01_s20260705,20,theta_175,0.9805814119743343,0.0462872151816048,0.7838888888888887,0.0545675295258776,0.945471161779472,3.1667604,2.5,5.5,2.5,6.5,16.0,6.6,6,theta_175,DE/rand,fixed,5%,crowding-pruned,repair+feasible-first,5,rand2,paper,0.05,5,0.0769230769230769,5,0,0,rank,1,4.3,3
train,syn_n100_k20_cluster_corr_skewed_high_vol_r01_s20260705,20,theta_189,0.9805814119743343,0.0462872151816048,0.7838888888888887,0.0545675295258776,0.945471161779472,5.05262946,2.5,5.5,2.5,6.5,21.0,7.6,8,theta_189,DE/rand,adaptive,10%,crowding-pruned,repair+feasible-first,5,rand2,stable,0.1,20,0.0769230769230769,5,0,0,rank,1,4.3,4
train,syn_n100_k20_cluster_corr_skewed_high_vol_r01_s20260705,20,theta_084,0.9788715270460208,0.0458053484501328,0.7494444444444446,0.0510155114031328,0.9577290634158016,2.588703546666667,6.0,2.0,7.0,3.0,5.0,4.6,2,theta_084,DE/rand,none,1%,crowding-pruned,repair+feasible-first,3,rand2,none,0.01,20,0.0769230769230769,5,0,0,rank,1,4.6,5
train,syn_n100_k20_cluster_corr_skewed_high_vol_r01_s20260705,20,theta_086,0.9788715270460208,0.0458053484501328,0.7494444444444446,0.0510155114031328,0.9577290634158016,2.36997324,6.0,2.0,7.0,3.0,4.0,4.4,1,theta_086,DE/rand,none,5%,crowding-pruned,repair+feasible-first,3,rand2,none,0.05,10,0.0769230769230769,5,0,0,rank,1,4.6,6
train,syn_n100_k20_cluster_corr_skewed_high_vol_r01_s20260705,20,theta_089,0.9788715270460208,0.0458053484501328,0.7494444444444446,0.0510155114031328,0.9577290634158016,3.2108722333333333,6.0,2.0,7.0,3.0,17.0,7.0,7,theta_089,DE/rand,none,10%,crowding-pruned,repair+feasible-first,3,rand2,none,0.1,10,0.0769230769230769,5,0,0,rank,1,4.6,7
train,syn_n100_k20_cluster_corr_skewed_high_vol_r01_s20260705,20,theta_011,0.9621882357706032,0.0584031021605869,0.7700000000000001,0.03656641762015,0.8589848666159657,1.5358261999999998,8.0,12.0,5.0,1.0,1.0,5.4,3,theta_011,DE/rand,fixed,1%,crowding-pruned,repair+feasible-first,2,rand2,paper,0.01,10,0.0769230769230769,5,0,0,rank,1,5.8,8
train,syn_n100_k20_cluster_corr_skewed_high_vol_r01_s20260705,20,theta_223,0.9476149603300404,0.0582452829465403,0.5030555555555555,0.0754391859159246,0.965315446196977,7.071576500000001,11.0,10.0,10.0,19.0,22.0,14.4,13,theta_223,mixed,none,10%,crowding-pruned,repair+feasible-first,5,mixed,none,0.1,5,0.0769230769230769,5,0,0,rank,1,12.9,9
train,syn_n100_k20_cluster_corr_skewed_high_vol_r01_s20260705,20,theta_234,0.9476149603300404,0.0582452829465403,0.5030555555555555,0.0754391859159246,0.965315446196977,7.769869446666665,11.0,10.0,10.0,19.0,24.0,14.8,15,theta_234,mixed,fixed,10%,crowding-pruned,repair+feasible-first,5,mixed,paper,0.1,20,0.0769230769230769,5,0,0,rank,1,12.9,10
train,syn_n100_k20_cluster_corr_skewed_high_vol_r01_s20260705,20,theta_237,0.9476149603300404,0.0582452829465403,0.5030555555555555,0.0754391859159246,0.965315446196977,3.120222853333333,11.0,10.0,10.0,19.0,13.0,12.6,9,theta_237,mixed,adaptive,1%,crowding-pruned,repair+feasible-first,5,mixed,stable,0.01,20,0.0769230769230769,5,0,0,rank,1,12.9,11
train,syn_n100_k20_cluster_corr_skewed_high_vol_r01_s20260705,20,theta_144,0.9416656504612796,0.0607342810568049,0.4727777777777778,0.0673018338718608,0.923173682262287,3.72153033,13.5,20.5,12.5,12.5,19.0,15.6,17,theta_144,mixed,none,10%,crowding-pruned,repair+feasible-first,3,mixed,none,0.1,20,0.0769230769230769,5,0,0,rank,1,14.3,12
train,syn_n100_k20_cluster_corr_skewed_high_vol_r01_s20260705,20,theta_159,0.9416656504612796,0.0607342810568049,0.4727777777777778,0.0673018338718608,0.923173682262287,3.5983750533333336,13.5,20.5,12.5,12.5,18.0,15.4,16,theta_159,mixed,adaptive,5%,crowding-pruned,repair+feasible-first,3,mixed,stable,0.05,20,0.0769230769230769,5,0,0,rank,1,14.3,13
train,syn_n100_k20_cluster_corr_skewed_high_vol_r01_s20260705,20,theta_200,0.9585010087168936,0.0508094928641997,0.3394444444444444,0.0980617422728025,1.1106068514646554,7.419211356666667,9.0,8.0,17.0,24.0,23.0,16.2,19,theta_200,DE/best,fixed,1%,crowding-pruned,repair+feasible-first,5,best2,paper,0.01,10,0.0769230769230769,5,0,0,rank,1,15.7,14
train,syn_n100_k20_cluster_corr_skewed_high_vol_r01_s20260705,20,theta_067,0.9362809433025664,0.0658124818695262,0.4241666666666666,0.0548019217956477,0.9246986279188676,4.09334521,20.0,23.0,15.0,10.0,20.0,17.6,21,theta_067,mixed,fixed,5%,crowding-pruned,repair+feasible-first,2,mixed,paper,0.05,5,0.0769230769230769,5,0,0,rank,1,16.1,15
train,syn_n100_k20_cluster_corr_skewed_high_vol_r01_s20260705,20,theta_076,0.9362809433025664,0.0658124818695262,0.4241666666666666,0.0548019217956477,0.9246986279188676,3.1316059566666667,20.0,23.0,15.0,10.0,14.0,16.4,20,theta_076,mixed,adaptive,5%,crowding-pruned,repair+feasible-first,2,mixed,stable,0.05,5,0.0769230769230769,5,0,0,rank,1,16.1,16
train,syn_n100_k20_cluster_corr_skewed_high_vol_r01_s20260705,20,theta_078,0.9362809433025664,0.0658124818695262,0.4241666666666666,0.0548019217956477,0.9246986279188676,3.0479964166666664,20.0,23.0,15.0,10.0,11.0,15.8,18,theta_078,mixed,adaptive,5%,crowding-pruned,repair+feasible-first,2,mixed,stable,0.05,20,0.0769230769230769,5,0,0,rank,1,16.1,17
train,syn_n100_k20_cluster_corr_skewed_high_vol_r01_s20260705,20,theta_034,0.941521792748577,0.0586597499326037,0.3233333333333333,0.0683986943709329,1.0173102290099871,2.297690356666666,16.5,14.5,19.5,15.5,3.0,13.8,11,theta_034,DE/best,none,10%,crowding-pruned,repair+feasible-first,2,best2,none,0.1,5,0.0769230769230769,5,0,0,rank,1,16.7,18
train,syn_n100_k20_cluster_corr_skewed_high_vol_r01_s20260705,20,theta_037,0.941521792748577,0.0586597499326037,0.3233333333333333,0.0683986943709329,1.0173102290099871,2.2675646866666663,16.5,14.5,19.5,15.5,2.0,13.6,10,theta_037,DE/best,fixed,1%,crowding-pruned,repair+feasible-first,2,best2,paper,0.01,5,0.0769230769230769,5,0,0,rank,1,16.7,19
train,syn_n100_k20_cluster_corr_skewed_high_vol_r01_s20260705,20,theta_045,0.941521792748577,0.0586597499326037,0.3233333333333333,0.0683986943709329,1.0173102290099871,2.7275582566666663,16.5,14.5,19.5,15.5,6.0,14.4,12,theta_045,DE/best,fixed,10%,crowding-pruned,repair+feasible-first,2,best2,paper,0.1,20,0.0769230769230769,5,0,0,rank,1,16.7,20
train,syn_n100_k20_cluster_corr_skewed_high_vol_r01_s20260705,20,theta_047,0.941521792748577,0.0586597499326037,0.3233333333333333,0.0683986943709329,1.0173102290099871,2.9787980533333336,16.5,14.5,19.5,15.5,8.0,14.8,14,theta_047,DE/best,adaptive,1%,crowding-pruned,repair+feasible-first,2,best2,stable,0.01,10,0.0769230769230769,5,0,0,rank,1,16.7,21
train,syn_n100_k20_cluster_corr_skewed_high_vol_r01_s20260705,20,theta_118,0.9359902047670636,0.0594833326576989,0.3205555555555555,0.0760011288119758,1.036436004617778,3.014367636666667,23.0,18.0,23.0,22.0,9.0,19.0,23,theta_118,DE/best,fixed,1%,crowding-pruned,repair+feasible-first,3,best2,paper,0.01,5,0.0769230769230769,5,0,0,rank,1,21.700000000000003,22
train,syn_n100_k20_cluster_corr_skewed_high_vol_r01_s20260705,20,theta_131,0.9359902047670636,0.0594833326576989,0.3205555555555555,0.0760011288119758,1.036436004617778,2.9161185566666665,23.0,18.0,23.0,22.0,7.0,18.6,22,theta_131,DE/best,adaptive,5%,crowding-pruned,repair+feasible-first,3,best2,stable,0.05,10,0.0769230769230769,5,0,0,rank,1,21.700000000000003,23
train,syn_n100_k20_cluster_corr_skewed_high_vol_r01_s20260705,20,theta_132,0.9359902047670636,0.0594833326576989,0.3205555555555555,0.0760011288119758,1.036436004617778,3.05299842,23.0,18.0,23.0,22.0,12.0,19.6,24,theta_132,DE/best,adaptive,5%,crowding-pruned,repair+feasible-first,3,best2,stable,0.05,20,0.0769230769230769,5,0,0,rank,1,21.700000000000003,24
train,syn_n100_k20_high_corr_mixed_high_vol_r02_s20260701,20,theta_084,0.978581446359974,0.0211843910894481,0.7488888888888887,0.0276358966913626,0.974762568560568,2.2939874866666665,13.0,2.0,2.0,2.0,3.0,4.4,1,theta_084,DE/rand,none,1%,crowding-pruned,repair+feasible-first,3,rand2,none,0.01,20,0.0769230769230769,5,0,0,rank,1,4.2,1
train,syn_n100_k20_high_corr_mixed_high_vol_r02_s20260701,20,theta_086,0.978581446359974,0.0211843910894481,0.7488888888888887,0.0276358966913626,0.974762568560568,2.3269890333333336,13.0,2.0,2.0,2.0,4.0,4.6,2,theta_086,DE/rand,none,5%,crowding-pruned,repair+feasible-first,3,rand2,none,0.05,10,0.0769230769230769,5,0,0,rank,1,4.2,2
train,syn_n100_k20_high_corr_mixed_high_vol_r02_s20260701,20,theta_089,0.978581446359974,0.0211843910894481,0.7488888888888887,0.0276358966913626,0.974762568560568,3.3196675766666663,13.0,2.0,2.0,2.0,18.0,7.4,5,theta_089,DE/rand,none,10%,crowding-pruned,repair+feasible-first,3,rand2,none,0.1,10,0.0769230769230769,5,0,0,rank,1,4.2,3
train,syn_n100_k20_high_corr_mixed_high_vol_r02_s20260701,20,theta_067,0.9858879509072296,0.0230390311323827,0.6186111111111111,0.0381964758425659,1.0581283423287968,3.788257273333334,2.0,5.0,13.0,6.0,19.0,9.0,7,theta_067,mixed,fixed,5%,crowding-pruned,repair+feasible-first,2,mixed,paper,0.05,5,0.0769230769230769,5,0,0,rank,1,7.1,4
train,syn_n100_k20_high_corr_mixed_high_vol_r02_s20260701,20,theta_076,0.9858879509072296,0.0230390311323827,0.6186111111111111,0.0381964758425659,1.0581283423287968,2.925571273333333,2.0,5.0,13.0,6.0,8.0,6.8,3,theta_076,mixed,adaptive,5%,crowding-pruned,repair+feasible-first,2,mixed,stable,0.05,5,0.0769230769230769,5,0,0,rank,1,7.1,5
train,syn_n100_k20_high_corr_mixed_high_vol_r02_s20260701,20,theta_078,0.9858879509072296,0.0230390311323827,0.6186111111111111,0.0381964758425659,1.0581283423287968,3.0044499966666667,2.0,5.0,13.0,6.0,11.0,7.4,4,theta_078,mixed,adaptive,5%,crowding-pruned,repair+feasible-first,2,mixed,stable,0.05,20,0.0769230769230769,5,0,0,rank,1,7.1,6
train,syn_n100_k20_high_corr_mixed_high_vol_r02_s20260701,20,theta_011,0.972430933699962,0.0244122030680815,0.6997222222222221,0.0310973685466825,0.9660526747033904,1.4749956466666667,23.0,10.0,4.0,4.0,1.0,8.4,6,theta_011,DE/rand,fixed,1%,crowding-pruned,repair+feasible-first,2,rand2,paper,0.01,10,0.0769230769230769,5,0,0,rank,1,9.0,7
train,syn_n100_k20_high_corr_mixed_high_vol_r02_s20260701,20,theta_223,0.9850250433581736,0.023448736240111,0.6699999999999999,0.0485753254851697,1.0625970410942285,6.865535220000001,5.0,8.0,6.0,19.0,22.0,12.0,11,theta_223,mixed,none,10%,crowding-pruned,repair+feasible-first,5,mixed,none,0.1,5,0.0769230769230769,5,0,0,rank,1,10.100000000000001,8
train,syn_n100_k20_high_corr_mixed_high_vol_r02_s20260701,20,theta_234,0.9850250433581736,0.023448736240111,0.6699999999999999,0.0485753254851697,1.0625970410942285,7.46344221,5.0,8.0,6.0,19.0,24.0,12.4,13,theta_234,mixed,fixed,10%,crowding-pruned,repair+feasible-first,5,mixed,paper,0.1,20,0.0769230769230769,5,0,0,rank,1,10.100000000000001,9
train,syn_n100_k20_high_corr_mixed_high_vol_r02_s20260701,20,theta_237,0.9850250433581736,0.023448736240111,0.6699999999999999,0.0485753254851697,1.0625970410942285,3.1766845699999995,5.0,8.0,6.0,19.0,17.0,11.0,8,theta_237,mixed,adaptive,1%,crowding-pruned,repair+feasible-first,5,mixed,stable,0.01,20,0.0769230769230769,5,0,0,rank,1,10.100000000000001,10
train,syn_n100_k20_high_corr_mixed_high_vol_r02_s20260701,20,theta_164,0.975000149346505,0.0253713821169512,0.6380555555555555,0.0427003587311463,1.00542610778187,2.8760779600000004,16.5,17.5,9.5,9.5,7.0,12.0,10,theta_164,DE/rand,none,1%,crowding-pruned,repair+feasible-first,5,rand2,none,0.01,10,0.0769230769230769,5,0,0,rank,1,12.5,11
train,syn_n100_k20_high_corr_mixed_high_vol_r02_s20260701,20,theta_170,0.975000149346505,0.0253713821169512,0.6380555555555555,0.0427003587311463,1.00542610778187,2.9701103000000004,16.5,17.5,9.5,9.5,9.0,12.4,12,theta_170,DE/rand,none,10%,crowding-pruned,repair+feasible-first,5,rand2,none,0.1,10,0.0769230769230769,5,0,0,rank,1,12.5,12
train,syn_n100_k20_high_corr_mixed_high_vol_r02_s20260701,20,theta_175,0.975000149346505,0.0253713821169512,0.6380555555555555,0.0427003587311463,1.00542610778187,3.12211905,16.5,17.5,9.5,9.5,16.0,13.8,17,theta_175,DE/rand,fixed,5%,crowding-pruned,repair+feasible-first,5,rand2,paper,0.05,5,0.0769230769230769,5,0,0,rank,1,12.5,13
train,syn_n100_k20_high_corr_mixed_high_vol_r02_s20260701,20,theta_189,0.975000149346505,0.0253713821169512,0.6380555555555555,0.0427003587311463,1.00542610778187,5.16330781,16.5,17.5,9.5,9.5,21.0,14.8,19,theta_189,DE/rand,adaptive,10%,crowding-pruned,repair+feasible-first,5,rand2,stable,0.1,20,0.0769230769230769,5,0,0,rank,1,12.5,14
train,syn_n100_k20_high_corr_mixed_high_vol_r02_s20260701,20,theta_118,0.9827811854408316,0.0247066487993876,0.6002777777777777,0.0446053942969616,1.0837822094192664,3.03554853,10.0,14.0,16.0,13.0,13.0,13.2,15,theta_118,DE/best,fixed,1%,crowding-pruned,repair+feasible-first,3,best2,paper,0.01,5,0.0769230769230769,5,0,0,rank,1,13.500000000000002,15
train,syn_n100_k20_high_corr_mixed_high_vol_r02_s20260701,20,theta_131,0.9827811854408316,0.0247066487993876,0.6002777777777777,0.0446053942969616,1.0837822094192664,3.0136109233333337,10.0,14.0,16.0,13.0,12.0,13.0,14,theta_131,DE/best,adaptive,5%,crowding-pruned,repair+feasible-first,3,best2,stable,0.05,10,0.0769230769230769,5,0,0,rank,1,13.500000000000002,16
train,syn_n100_k20_high_corr_mixed_high_vol_r02_s20260701,20,theta_132,0.9827811854408316,0.0247066487993876,0.6002777777777777,0.0446053942969616,1.0837822094192664,3.081261103333333,10.0,14.0,16.0,13.0,15.0,13.6,16,theta_132,DE/best,adaptive,5%,crowding-pruned,repair+feasible-first,3,best2,stable,0.05,20,0.0769230769230769,5,0,0,rank,1,13.500000000000002,17
train,syn_n100_k20_high_corr_mixed_high_vol_r02_s20260701,20,theta_144,0.9845608114459916,0.0246577239527737,0.5855555555555555,0.0480248334449859,1.0542842875579888,3.79111745,7.5,11.5,18.5,16.5,20.0,14.8,18,theta_144,mixed,none,10%,crowding-pruned,repair+feasible-first,3,mixed,none,0.1,20,0.0769230769230769,5,0,0,rank,1,14.3,18
train,syn_n100_k20_high_corr_mixed_high_vol_r02_s20260701,20,theta_159,0.9845608114459916,0.0246577239527737,0.5855555555555555,0.0480248334449859,1.0542842875579888,2.746054683333333,7.5,11.5,18.5,16.5,5.0,11.8,9,theta_159,mixed,adaptive,5%,crowding-pruned,repair+feasible-first,3,mixed,stable,0.05,20,0.0769230769230769,5,0,0,rank,1,14.3,19
train,syn_n100_k20_high_corr_mixed_high_vol_r02_s20260701,20,theta_200,0.9721559297079048,0.0317428398275195,0.5447222222222223,0.0455739950376532,1.095922271574037,7.414466616666666,24.0,24.0,20.0,15.0,23.0,21.2,24,theta_200,DE/best,fixed,1%,crowding-pruned,repair+feasible-first,5,best2,paper,0.01,10,0.0769230769230769,5,0,0,rank,1,20.1,20
train,syn_n100_k20_high_corr_mixed_high_vol_r02_s20260701,20,theta_034,0.9738896259970424,0.0313655811136015,0.4597222222222222,0.0602286881280304,1.075108241457524,2.25351527,20.5,21.5,22.5,22.5,2.0,17.8,20,theta_034,DE/best,none,10%,crowding-pruned,repair+feasible-first,2,best2,none,0.1,5,0.0769230769230769,5,0,0,rank,1,21.9,21
train,syn_n100_k20_high_corr_mixed_high_vol_r02_s20260701,20,theta_037,0.9738896259970424,0.0313655811136015,0.4597222222222222,0.0602286881280304,1.075108241457524,3.0774135,20.5,21.5,22.5,22.5,14.0,20.2,23,theta_037,DE/best,fixed,1%,crowding-pruned,repair+feasible-first,2,best2,paper,0.01,5,0.0769230769230769,5,0,0,rank,1,21.9,22
train,syn_n100_k20_high_corr_mixed_high_vol_r02_s20260701,20,theta_045,0.9738896259970424,0.0313655811136015,0.4597222222222222,0.0602286881280304,1.075108241457524,2.767820043333333,20.5,21.5,22.5,22.5,6.0,18.6,21,theta_045,DE/best,fixed,10%,crowding-pruned,repair+feasible-first,2,best2,paper,0.1,20,0.0769230769230769,5,0,0,rank,1,21.9,23
train,syn_n100_k20_high_corr_mixed_high_vol_r02_s20260701,20,theta_047,0.9738896259970424,0.0313655811136015,0.4597222222222222,0.0602286881280304,1.075108241457524,3.0034036233333343,20.5,21.5,22.5,22.5,10.0,19.4,22,theta_047,DE/best,adaptive,1%,crowding-pruned,repair+feasible-first,2,best2,stable,0.01,10,0.0769230769230769,5,0,0,rank,1,21.9,24
train,syn_n100_k20_low_corr_heavy_tail_high_vol_r03_s20260704,20,theta_084,0.9930341273091222,0.0673946845308015,0.6569444444444444,0.0639442452310916,0.9254493059693228,2.2895243733333333,2.0,2.0,6.0,2.0,4.0,3.2,1,theta_084,DE/rand,none,1%,crowding-pruned,repair+feasible-first,3,rand2,none,0.01,20,0.0769230769230769,5,0,0,rank,1,3.1999999999999997,1
train,syn_n100_k20_low_corr_heavy_tail_high_vol_r03_s20260704,20,theta_086,0.9930341273091222,0.0673946845308015,0.6569444444444444,0.0639442452310916,0.9254493059693228,2.753708963333333,2.0,2.0,6.0,2.0,7.0,3.8,2,theta_086,DE/rand,none,5%,crowding-pruned,repair+feasible-first,3,rand2,none,0.05,10,0.0769230769230769,5,0,0,rank,1,3.1999999999999997,2
train,syn_n100_k20_low_corr_heavy_tail_high_vol_r03_s20260704,20,theta_089,0.9930341273091222,0.0673946845308015,0.6569444444444444,0.0639442452310916,0.9254493059693228,3.3217734066666678,2.0,2.0,6.0,2.0,18.0,6.0,3,theta_089,DE/rand,none,10%,crowding-pruned,repair+feasible-first,3,rand2,none,0.1,10,0.0769230769230769,5,0,0,rank,1,3.1999999999999997,3
train,syn_n100_k20_low_corr_heavy_tail_high_vol_r03_s20260704,20,theta_011,0.9637834180204088,0.0857329459333143,0.625,0.0684675691880695,0.8504957926561337,1.4820719866666667,8.0,8.0,8.0,8.0,1.0,6.6,4,theta_011,DE/rand,fixed,1%,crowding-pruned,repair+feasible-first,2,rand2,paper,0.01,10,0.0769230769230769,5,0,0,rank,1,8.0,4
train,syn_n100_k20_low_corr_heavy_tail_high_vol_r03_s20260704,20,theta_164,0.980036988103802,0.0790750021617675,0.6655555555555556,0.0887075376134425,0.8976332080928725,2.870736433333333,5.5,5.5,2.5,21.5,10.0,9.0,5,theta_164,DE/rand,none,1%,crowding-pruned,repair+feasible-first,5,rand2,none,0.01,10,0.0769230769230769,5,0,0,rank,1,9.4,5
train,syn_n100_k20_low_corr_heavy_tail_high_vol_r03_s20260704,20,theta_170,0.980036988103802,0.0790750021617675,0.6655555555555556,0.0887075376134425,0.8976332080928725,3.21865788,5.5,5.5,2.5,21.5,16.0,10.2,6,theta_170,DE/rand,none,10%,crowding-pruned,repair+feasible-first,5,rand2,none,0.1,10,0.0769230769230769,5,0,0,rank,1,9.4,6
train,syn_n100_k20_low_corr_heavy_tail_high_vol_r03_s20260704,20,theta_175,0.980036988103802,0.0790750021617675,0.6655555555555556,0.0887075376134425,0.8976332080928725,3.2232952600000004,5.5,5.5,2.5,21.5,17.0,10.4,7,theta_175,DE/rand,fixed,5%,crowding-pruned,repair+feasible-first,5,rand2,paper,0.05,5,0.0769230769230769,5,0,0,rank,1,9.4,7
train,syn_n100_k20_low_corr_heavy_tail_high_vol_r03_s20260704,20,theta_189,0.980036988103802,0.0790750021617675,0.6655555555555556,0.0887075376134425,0.8976332080928725,5.0151240800000005,5.5,5.5,2.5,21.5,21.0,11.2,10,theta_189,DE/rand,adaptive,10%,crowding-pruned,repair+feasible-first,5,rand2,stable,0.1,20,0.0769230769230769,5,0,0,rank,1,9.4,8
train,syn_n100_k20_low_corr_heavy_tail_high_vol_r03_s20260704,20,theta_067,0.9343324199991556,0.0965981141321793,0.5080555555555555,0.0708572787975263,0.8410594596976056,2.800615806666666,11.0,14.0,10.0,10.0,9.0,10.8,9,theta_067,mixed,fixed,5%,crowding-pruned,repair+feasible-first,2,mixed,paper,0.05,5,0.0769230769230769,5,0,0,rank,1,11.0,9
train,syn_n100_k20_low_corr_heavy_tail_high_vol_r03_s20260704,20,theta_076,0.9343324199991556,0.0965981141321793,0.5080555555555555,0.0708572787975263,0.8410594596976056,3.0770718500000003,11.0,14.0,10.0,10.0,13.0,11.6,11,theta_076,mixed,adaptive,5%,crowding-pruned,repair+feasible-first,2,mixed,stable,0.05,5,0.0769230769230769,5,0,0,rank,1,11.0,10
train,syn_n100_k20_low_corr_heavy_tail_high_vol_r03_s20260704,20,theta_078,0.9343324199991556,0.0965981141321793,0.5080555555555555,0.0708572787975263,0.8410594596976056,2.77144664,11.0,14.0,10.0,10.0,8.0,10.6,8,theta_078,mixed,adaptive,5%,crowding-pruned,repair+feasible-first,2,mixed,stable,0.05,20,0.0769230769230769,5,0,0,rank,1,11.0,11
train,syn_n100_k20_low_corr_heavy_tail_high_vol_r03_s20260704,20,theta_223,0.9075161670552,0.1159440546610284,0.4844444444444444,0.0714875437408409,0.7573386547411942,6.962821493333333,17.0,17.0,15.0,13.0,22.0,16.8,21,theta_223,mixed,none,10%,crowding-pruned,repair+feasible-first,5,mixed,none,0.1,5,0.0769230769230769,5,0,0,rank,1,15.200000000000001,12
train,syn_n100_k20_low_corr_heavy_tail_high_vol_r03_s20260704,20,theta_234,0.9075161670552,0.1159440546610284,0.4844444444444444,0.0714875437408409,0.7573386547411942,7.386960500000001,17.0,17.0,15.0,13.0,23.0,17.0,22,theta_234,mixed,fixed,10%,crowding-pruned,repair+feasible-first,5,mixed,paper,0.1,20,0.0769230769230769,5,0,0,rank,1,15.200000000000001,13
train,syn_n100_k20_low_corr_heavy_tail_high_vol_r03_s20260704,20,theta_237,0.9075161670552,0.1159440546610284,0.4844444444444444,0.0714875437408409,0.7573386547411942,3.143507323333333,17.0,17.0,15.0,13.0,14.0,15.2,18,theta_237,mixed,adaptive,1%,crowding-pruned,repair+feasible-first,5,mixed,stable,0.01,20,0.0769230769230769,5,0,0,rank,1,15.200000000000001,14
train,syn_n100_k20_low_corr_heavy_tail_high_vol_r03_s20260704,20,theta_118,0.9285958639377708,0.0949957512960098,0.3883333333333333,0.0783852172296868,0.8894956667236877,3.03294542,14.0,11.0,19.0,16.0,12.0,14.4,15,theta_118,DE/best,fixed,1%,crowding-pruned,repair+feasible-first,3,best2,paper,0.01,5,0.0769230769230769,5,0,0,rank,1,15.5,15
train,syn_n100_k20_low_corr_heavy_tail_high_vol_r03_s20260704,20,theta_131,0.9285958639377708,0.0949957512960098,0.3883333333333333,0.0783852172296868,0.8894956667236877,2.6973809099999992,14.0,11.0,19.0,16.0,5.0,13.0,12,theta_131,DE/best,adaptive,5%,crowding-pruned,repair+feasible-first,3,best2,stable,0.05,10,0.0769230769230769,5,0,0,rank,1,15.5,16
train,syn_n100_k20_low_corr_heavy_tail_high_vol_r03_s20260704,20,theta_132,0.9285958639377708,0.0949957512960098,0.3883333333333333,0.0783852172296868,0.8894956667236877,3.2111031800000003,14.0,11.0,19.0,16.0,15.0,15.0,17,theta_132,DE/best,adaptive,5%,crowding-pruned,repair+feasible-first,3,best2,stable,0.05,20,0.0769230769230769,5,0,0,rank,1,15.5,17
train,syn_n100_k20_low_corr_heavy_tail_high_vol_r03_s20260704,20,theta_200,0.9355627379078,0.0937618926676558,0.3980555555555555,0.0933619548904668,0.9026326722649984,8.305531153333334,9.0,9.0,17.0,24.0,24.0,16.6,20,theta_200,DE/best,fixed,1%,crowding-pruned,repair+feasible-first,5,best2,paper,0.01,10,0.0769230769230769,5,0,0,rank,1,15.899999999999999,18
train,syn_n100_k20_low_corr_heavy_tail_high_vol_r03_s20260704,20,theta_034,0.8914955747753093,0.1177068439902121,0.3777777777777778,0.0648772636907348,0.7873806469317937,2.199946253333333,20.5,20.5,22.5,5.5,2.0,14.2,13,theta_034,DE/best,none,10%,crowding-pruned,repair+feasible-first,2,best2,none,0.1,5,0.0769230769230769,5,0,0,rank,1,16.6,19
train,syn_n100_k20_low_corr_heavy_tail_high_vol_r03_s20260704,20,theta_037,0.8914955747753093,0.1177068439902121,0.3777777777777778,0.0648772636907348,0.7873806469317937,2.214071333333333,20.5,20.5,22.5,5.5,3.0,14.4,14,theta_037,DE/best,fixed,1%,crowding-pruned,repair+feasible-first,2,best2,paper,0.01,5,0.0769230769230769,5,0,0,rank,1,16.6,20
train,syn_n100_k20_low_corr_heavy_tail_high_vol_r03_s20260704,20,theta_045,0.8914955747753093,0.1177068439902121,0.3777777777777778,0.0648772636907348,0.7873806469317937,2.6992995100000003,20.5,20.5,22.5,5.5,6.0,15.0,16,theta_045,DE/best,fixed,10%,crowding-pruned,repair+feasible-first,2,best2,paper,0.1,20,0.0769230769230769,5,0,0,rank,1,16.6,21
train,syn_n100_k20_low_corr_heavy_tail_high_vol_r03_s20260704,20,theta_047,0.8914955747753093,0.1177068439902121,0.3777777777777778,0.0648772636907348,0.7873806469317937,2.8708639066666657,20.5,20.5,22.5,5.5,11.0,16.0,19,theta_047,DE/best,adaptive,1%,crowding-pruned,repair+feasible-first,2,best2,stable,0.01,10,0.0769230769230769,5,0,0,rank,1,16.6,22
train,syn_n100_k20_low_corr_heavy_tail_high_vol_r03_s20260704,20,theta_144,0.86923122696783,0.1385197510462487,0.498611111111111,0.0825256865590869,0.6863982816804571,3.49926868,23.5,23.5,12.5,18.5,19.0,19.4,23,theta_144,mixed,none,10%,crowding-pruned,repair+feasible-first,3,mixed,none,0.1,20,0.0769230769230769,5,0,0,rank,1,18.7,23
train,syn_n100_k20_low_corr_heavy_tail_high_vol_r03_s20260704,20,theta_159,0.86923122696783,0.1385197510462487,0.498611111111111,0.0825256865590869,0.6863982816804571,3.5205675333333337,23.5,23.5,12.5,18.5,20.0,19.6,24,theta_159,mixed,adaptive,5%,crowding-pruned,repair+feasible-first,3,mixed,stable,0.05,20,0.0769230769230769,5,0,0,rank,1,18.7,24
train,syn_n100_k20_low_corr_normal_low_vol_r01_s20260699,20,theta_084,1.0495280018074316,0.0426168810757518,0.7316666666666667,0.0384339355843482,0.7103766924674896,2.244428603333333,6.0,6.0,6.0,5.0,4.0,5.4,2,theta_084,DE/rand,none,1%,crowding-pruned,repair+feasible-first,3,rand2,none,0.01,20,0.0769230769230769,5,0,0,rank,1,5.7,1
train,syn_n100_k20_low_corr_normal_low_vol_r01_s20260699,20,theta_086,1.0495280018074316,0.0426168810757518,0.7316666666666667,0.0384339355843482,0.7103766924674896,2.4067551533333336,6.0,6.0,6.0,5.0,5.0,5.6,3,theta_086,DE/rand,none,5%,crowding-pruned,repair+feasible-first,3,rand2,none,0.05,10,0.0769230769230769,5,0,0,rank,1,5.7,2
train,syn_n100_k20_low_corr_normal_low_vol_r01_s20260699,20,theta_089,1.0495280018074316,0.0426168810757518,0.7316666666666667,0.0384339355843482,0.7103766924674896,3.295793726666667,6.0,6.0,6.0,5.0,19.0,8.4,7,theta_089,DE/rand,none,10%,crowding-pruned,repair+feasible-first,3,rand2,none,0.1,10,0.0769230769230769,5,0,0,rank,1,5.7,3
train,syn_n100_k20_low_corr_normal_low_vol_r01_s20260699,20,theta_011,1.0262907144848368,0.0533821947484043,0.6933333333333335,0.0350206365442831,0.6623799472724428,1.4499378833333334,8.0,8.0,8.0,1.0,1.0,5.2,1,theta_011,DE/rand,fixed,1%,crowding-pruned,repair+feasible-first,2,rand2,paper,0.01,10,0.0769230769230769,5,0,0,rank,1,5.8999999999999995,4
train,syn_n100_k20_low_corr_normal_low_vol_r01_s20260699,20,theta_164,1.0588803891515546,0.0396260972470143,0.7319444444444445,0.0444655995569473,0.7266287606405288,2.8748917566666656,2.5,2.5,2.5,15.5,9.0,6.4,4,theta_164,DE/rand,none,1%,crowding-pruned,repair+feasible-first,5,rand2,none,0.01,10,0.0769230769230769,5,0,0,rank,1,6.3999999999999995,5
train,syn_n100_k20_low_corr_normal_low_vol_r01_s20260699,20,theta_170,1.0588803891515546,0.0396260972470143,0.7319444444444445,0.0444655995569473,0.7266287606405288,3.062583696666666,2.5,2.5,2.5,15.5,16.0,7.8,6,theta_170,DE/rand,none,10%,crowding-pruned,repair+feasible-first,5,rand2,none,0.1,10,0.0769230769230769,5,0,0,rank,1,6.3999999999999995,6
train,syn_n100_k20_low_corr_normal_low_vol_r01_s20260699,20,theta_175,1.0588803891515546,0.0396260972470143,0.7319444444444445,0.0444655995569473,0.7266287606405288,2.9919972966666672,2.5,2.5,2.5,15.5,12.0,7.0,5,theta_175,DE/rand,fixed,5%,crowding-pruned,repair+feasible-first,5,rand2,paper,0.05,5,0.0769230769230769,5,0,0,rank,1,6.3999999999999995,7
train,syn_n100_k20_low_corr_normal_low_vol_r01_s20260699,20,theta_189,1.0588803891515546,0.0396260972470143,0.7319444444444445,0.0444655995569473,0.7266287606405288,5.439416903333334,2.5,2.5,2.5,15.5,21.0,8.8,8,theta_189,DE/rand,adaptive,10%,crowding-pruned,repair+feasible-first,5,rand2,stable,0.1,20,0.0769230769230769,5,0,0,rank,1,6.3999999999999995,8
train,syn_n100_k20_low_corr_normal_low_vol_r01_s20260699,20,theta_144,0.9384105046904296,0.0850585901186537,0.6063888888888889,0.0370037864038726,0.5174471091271158,3.4823576833333334,23.5,23.5,9.5,2.5,20.0,15.8,20,theta_144,mixed,none,10%,crowding-pruned,repair+feasible-first,3,mixed,none,0.1,20,0.0769230769230769,5,0,0,rank,1,13.0,9
train,syn_n100_k20_low_corr_normal_low_vol_r01_s20260699,20,theta_159,0.9384105046904296,0.0850585901186537,0.6063888888888889,0.0370037864038726,0.5174471091271158,3.26018109,23.5,23.5,9.5,2.5,18.0,15.4,17,theta_159,mixed,adaptive,5%,crowding-pruned,repair+feasible-first,3,mixed,stable,0.05,20,0.0769230769230769,5,0,0,rank,1,13.0,10
train,syn_n100_k20_low_corr_normal_low_vol_r01_s20260699,20,theta_223,0.9642838167452938,0.0752692524470703,0.55,0.0409786186074357,0.5837018147812336,6.698946103333332,14.0,18.0,15.0,8.0,22.0,15.4,18,theta_223,mixed,none,10%,crowding-pruned,repair+feasible-first,5,mixed,none,0.1,5,0.0769230769230769,5,0,0,rank,1,13.3,11
train,syn_n100_k20_low_corr_normal_low_vol_r01_s20260699,20,theta_234,0.9642838167452938,0.0752692524470703,0.55,0.0409786186074357,0.5837018147812336,7.01462853,14.0,18.0,15.0,8.0,23.0,15.6,19,theta_234,mixed,fixed,10%,crowding-pruned,repair+feasible-first,5,mixed,paper,0.1,20,0.0769230769230769,5,0,0,rank,1,13.3,12
train,syn_n100_k20_low_corr_normal_low_vol_r01_s20260699,20,theta_237,0.9642838167452938,0.0752692524470703,0.55,0.0409786186074357,0.5837018147812336,3.0621689300000003,14.0,18.0,15.0,8.0,15.0,14.0,12,theta_237,mixed,adaptive,1%,crowding-pruned,repair+feasible-first,5,mixed,stable,0.01,20,0.0769230769230769,5,0,0,rank,1,13.3,13
train,syn_n100_k20_low_corr_normal_low_vol_r01_s20260699,20,theta_067,0.9727034724452582,0.0721681875055334,0.568611111111111,0.0500449578336822,0.596708243019337,2.439409443333333,11.0,11.0,12.0,19.0,6.0,11.8,9,theta_067,mixed,fixed,5%,crowding-pruned,repair+feasible-first,2,mixed,paper,0.05,5,0.0769230769230769,5,0,0,rank,1,13.7,14
train,syn_n100_k20_low_corr_normal_low_vol_r01_s20260699,20,theta_076,0.9727034724452582,0.0721681875055334,0.568611111111111,0.0500449578336822,0.596708243019337,3.0255679199999994,11.0,11.0,12.0,19.0,13.0,13.2,10,theta_076,mixed,adaptive,5%,crowding-pruned,repair+feasible-first,2,mixed,stable,0.05,5,0.0769230769230769,5,0,0,rank,1,13.7,15
train,syn_n100_k20_low_corr_normal_low_vol_r01_s20260699,20,theta_078,0.9727034724452582,0.0721681875055334,0.568611111111111,0.0500449578336822,0.596708243019337,3.026076090000001,11.0,11.0,12.0,19.0,14.0,13.4,11,theta_078,mixed,adaptive,5%,crowding-pruned,repair+feasible-first,2,mixed,stable,0.05,20,0.0769230769230769,5,0,0,rank,1,13.7,16
train,syn_n100_k20_low_corr_normal_low_vol_r01_s20260699,20,theta_200,0.978156549387801,0.066578007106223,0.4716666666666667,0.0615527763825719,0.7016555141639885,8.134545356666667,9.0,9.0,20.0,24.0,24.0,17.2,21,theta_200,DE/best,fixed,1%,crowding-pruned,repair+feasible-first,5,best2,paper,0.01,10,0.0769230769230769,5,0,0,rank,1,16.799999999999997,17
train,syn_n100_k20_low_corr_normal_low_vol_r01_s20260699,20,theta_034,0.9526695988570304,0.0747822358380433,0.4613888888888888,0.0419123719487446,0.6367126303214029,2.1563978333333336,20.5,14.5,22.5,11.5,2.0,14.2,13,theta_034,DE/best,none,10%,crowding-pruned,repair+feasible-first,2,best2,none,0.1,5,0.0769230769230769,5,0,0,rank,1,17.2,18
train,syn_n100_k20_low_corr_normal_low_vol_r01_s20260699,20,theta_037,0.9526695988570304,0.0747822358380433,0.4613888888888888,0.0419123719487446,0.6367126303214029,2.1644556966666664,20.5,14.5,22.5,11.5,3.0,14.4,14,theta_037,DE/best,fixed,1%,crowding-pruned,repair+feasible-first,2,best2,paper,0.01,5,0.0769230769230769,5,0,0,rank,1,17.2,19
train,syn_n100_k20_low_corr_normal_low_vol_r01_s20260699,20,theta_045,0.9526695988570304,0.0747822358380433,0.4613888888888888,0.0419123719487446,0.6367126303214029,2.642265070000001,20.5,14.5,22.5,11.5,7.0,15.2,15,theta_045,DE/best,fixed,10%,crowding-pruned,repair+feasible-first,2,best2,paper,0.1,20,0.0769230769230769,5,0,0,rank,1,17.2,20
train,syn_n100_k20_low_corr_normal_low_vol_r01_s20260699,20,theta_047,0.9526695988570304,0.0747822358380433,0.4613888888888888,0.0419123719487446,0.6367126303214029,2.8233401800000006,20.5,14.5,22.5,11.5,8.0,15.4,16,theta_047,DE/best,adaptive,1%,crowding-pruned,repair+feasible-first,2,best2,stable,0.01,10,0.0769230769230769,5,0,0,rank,1,17.2,21
train,syn_n100_k20_low_corr_normal_low_vol_r01_s20260699,20,theta_118,0.9529503244812364,0.0772040717280208,0.4880555555555556,0.0566079527319028,0.6260722938040852,3.211756323333333,17.0,21.0,18.0,22.0,17.0,19.0,24,theta_118,DE/best,fixed,1%,crowding-pruned,repair+feasible-first,3,best2,paper,0.01,5,0.0769230769230769,5,0,0,rank,1,19.6,22
train,syn_n100_k20_low_corr_normal_low_vol_r01_s20260699,20,theta_131,0.9529503244812364,0.0772040717280208,0.4880555555555556,0.0566079527319028,0.6260722938040852,2.91315391,17.0,21.0,18.0,22.0,10.0,17.6,22,theta_131,DE/best,adaptive,5%,crowding-pruned,repair+feasible-first,3,best2,stable,0.05,10,0.0769230769230769,5,0,0,rank,1,19.6,23
train,syn_n100_k20_low_corr_normal_low_vol_r01_s20260699,20,theta_132,0.9529503244812364,0.0772040717280208,0.4880555555555556,0.0566079527319028,0.6260722938040852,2.9524923333333333,17.0,21.0,18.0,22.0,11.0,17.8,23,theta_132,DE/best,adaptive,5%,crowding-pruned,repair+feasible-first,3,best2,stable,0.05,20,0.0769230769230769,5,0,0,rank,1,19.6,24
train,syn_n100_k20_low_corr_skewed_extreme_events_r02_s20260700,20,theta_223,1.0788484203050357,0.0332937583556399,0.6402777777777778,0.0365296750892159,0.7067581107339856,6.811937823333333,7.0,2.0,12.0,5.0,22.0,9.6,7,theta_223,mixed,none,10%,crowding-pruned,repair+feasible-first,5,mixed,none,0.1,5,0.0769230769230769,5,0,0,rank,1,6.9,1
train,syn_n100_k20_low_corr_skewed_extreme_events_r02_s20260700,20,theta_234,1.0788484203050357,0.0332937583556399,0.6402777777777778,0.0365296750892159,0.7067581107339856,7.119741416666668,7.0,2.0,12.0,5.0,23.0,9.8,8,theta_234,mixed,fixed,10%,crowding-pruned,repair+feasible-first,5,mixed,paper,0.1,20,0.0769230769230769,5,0,0,rank,1,6.9,2
train,syn_n100_k20_low_corr_skewed_extreme_events_r02_s20260700,20,theta_237,1.0788484203050357,0.0332937583556399,0.6402777777777778,0.0365296750892159,0.7067581107339856,3.218048603333333,7.0,2.0,12.0,5.0,18.0,8.8,5,theta_237,mixed,adaptive,1%,crowding-pruned,repair+feasible-first,5,mixed,stable,0.01,20,0.0769230769230769,5,0,0,rank,1,6.9,3
train,syn_n100_k20_low_corr_skewed_extreme_events_r02_s20260700,20,theta_011,1.0647531880471657,0.0378516338036256,0.6986111111111111,0.0304059184441736,0.66325295918109,1.40187002,15.0,11.0,8.0,1.0,1.0,7.2,1,theta_011,DE/rand,fixed,1%,crowding-pruned,repair+feasible-first,2,rand2,paper,0.01,10,0.0769230769230769,5,0,0,rank,1,7.8999999999999995,4
train,syn_n100_k20_low_corr_skewed_extreme_events_r02_s20260700,20,theta_084,1.077880585948829,0.0349183859978734,0.7124999999999998,0.0506386620535837,0.6851734208409483,2.2484470833333328,10.0,9.0,2.0,14.0,4.0,7.8,2,theta_084,DE/rand,none,1%,crowding-pruned,repair+feasible-first,3,rand2,none,0.01,20,0.0769230769230769,5,0,0,rank,1,8.6,5
train,syn_n100_k20_low_corr_skewed_extreme_events_r02_s20260700,20,theta_086,1.077880585948829,0.0349183859978734,0.7124999999999998,0.0506386620535837,0.6851734208409483,2.391658336666667,10.0,9.0,2.0,14.0,5.0,8.0,3,theta_086,DE/rand,none,5%,crowding-pruned,repair+feasible-first,3,rand2,none,0.05,10,0.0769230769230769,5,0,0,rank,1,8.6,6
train,syn_n100_k20_low_corr_skewed_extreme_events_r02_s20260700,20,theta_089,1.077880585948829,0.0349183859978734,0.7124999999999998,0.0506386620535837,0.6851734208409483,3.1221179733333337,10.0,9.0,2.0,14.0,17.0,10.4,10,theta_089,DE/rand,none,10%,crowding-pruned,repair+feasible-first,3,rand2,none,0.1,10,0.0769230769230769,5,0,0,rank,1,8.6,7
train,syn_n100_k20_low_corr_skewed_extreme_events_r02_s20260700,20,theta_164,1.0830331342818365,0.0341991461933943,0.7008333333333333,0.0582801777253098,0.7018304090008165,2.839678646666667,2.5,5.5,5.5,22.5,8.0,8.8,4,theta_164,DE/rand,none,1%,crowding-pruned,repair+feasible-first,5,rand2,none,0.01,10,0.0769230769230769,5,0,0,rank,1,10.0,8
train,syn_n100_k20_low_corr_skewed_extreme_events_r02_s20260700,20,theta_170,1.0830331342818365,0.0341991461933943,0.7008333333333333,0.0582801777253098,0.7018304090008165,3.047601086666667,2.5,5.5,5.5,22.5,14.0,10.0,9,theta_170,DE/rand,none,10%,crowding-pruned,repair+feasible-first,5,rand2,none,0.1,10,0.0769230769230769,5,0,0,rank,1,10.0,9
train,syn_n100_k20_low_corr_skewed_extreme_events_r02_s20260700,20,theta_175,1.0830331342818365,0.0341991461933943,0.7008333333333333,0.0582801777253098,0.7018304090008165,2.971231349999999,2.5,5.5,5.5,22.5,10.0,9.2,6,theta_175,DE/rand,fixed,5%,crowding-pruned,repair+feasible-first,5,rand2,paper,0.05,5,0.0769230769230769,5,0,0,rank,1,10.0,10
train,syn_n100_k20_low_corr_skewed_extreme_events_r02_s20260700,20,theta_189,1.0830331342818365,0.0341991461933943,0.7008333333333333,0.0582801777253098,0.7018304090008165,5.672885683333333,2.5,5.5,5.5,22.5,21.0,11.4,11,theta_189,DE/rand,adaptive,10%,crowding-pruned,repair+feasible-first,5,rand2,stable,0.1,20,0.0769230769230769,5,0,0,rank,1,10.0,11
train,syn_n100_k20_low_corr_skewed_extreme_events_r02_s20260700,20,theta_144,1.057360853314254,0.0389512155776773,0.6847222222222222,0.033943354964728,0.663267830646226,3.569478196666666,16.5,16.5,9.5,2.5,19.0,12.8,12,theta_144,mixed,none,10%,crowding-pruned,repair+feasible-first,3,mixed,none,0.1,20,0.0769230769230769,5,0,0,rank,1,10.200000000000001,12
train,syn_n100_k20_low_corr_skewed_extreme_events_r02_s20260700,20,theta_159,1.057360853314254,0.0389512155776773,0.6847222222222222,0.033943354964728,0.663267830646226,3.58747958,16.5,16.5,9.5,2.5,20.0,13.0,14,theta_159,mixed,adaptive,5%,crowding-pruned,repair+feasible-first,3,mixed,stable,0.05,20,0.0769230769230769,5,0,0,rank,1,10.200000000000001,13
train,syn_n100_k20_low_corr_skewed_extreme_events_r02_s20260700,20,theta_118,1.070119462741451,0.0380763920944866,0.5308333333333333,0.0436422242100137,0.8101988210000698,3.0620444966666667,13.0,14.0,18.0,11.0,15.0,14.2,16,theta_118,DE/best,fixed,1%,crowding-pruned,repair+feasible-first,3,best2,paper,0.01,5,0.0769230769230769,5,0,0,rank,1,14.100000000000001,14
train,syn_n100_k20_low_corr_skewed_extreme_events_r02_s20260700,20,theta_131,1.070119462741451,0.0380763920944866,0.5308333333333333,0.0436422242100137,0.8101988210000698,2.970398653333333,13.0,14.0,18.0,11.0,9.0,13.0,13,theta_131,DE/best,adaptive,5%,crowding-pruned,repair+feasible-first,3,best2,stable,0.05,10,0.0769230769230769,5,0,0,rank,1,14.100000000000001,15
train,syn_n100_k20_low_corr_skewed_extreme_events_r02_s20260700,20,theta_132,1.070119462741451,0.0380763920944866,0.5308333333333333,0.0436422242100137,0.8101988210000698,2.994595986666667,13.0,14.0,18.0,11.0,12.0,13.6,15,theta_132,DE/best,adaptive,5%,crowding-pruned,repair+feasible-first,3,best2,stable,0.05,20,0.0769230769230769,5,0,0,rank,1,14.100000000000001,16
train,syn_n100_k20_low_corr_skewed_extreme_events_r02_s20260700,20,theta_067,1.0504573031553546,0.0414903228976929,0.5933333333333334,0.0368928264645524,0.722232622227924,3.09471341,19.0,19.0,15.0,8.0,16.0,15.4,19,theta_067,mixed,fixed,5%,crowding-pruned,repair+feasible-first,2,mixed,paper,0.05,5,0.0769230769230769,5,0,0,rank,1,14.500000000000002,17
train,syn_n100_k20_low_corr_skewed_extreme_events_r02_s20260700,20,theta_076,1.0504573031553546,0.0414903228976929,0.5933333333333334,0.0368928264645524,0.722232622227924,2.9873991933333333,19.0,19.0,15.0,8.0,11.0,14.4,17,theta_076,mixed,adaptive,5%,crowding-pruned,repair+feasible-first,2,mixed,stable,0.05,5,0.0769230769230769,5,0,0,rank,1,14.500000000000002,18
train,syn_n100_k20_low_corr_skewed_extreme_events_r02_s20260700,20,theta_078,1.0504573031553546,0.0414903228976929,0.5933333333333334,0.0368928264645524,0.722232622227924,3.00235133,19.0,19.0,15.0,8.0,13.0,14.8,18,theta_078,mixed,adaptive,5%,crowding-pruned,repair+feasible-first,2,mixed,stable,0.05,20,0.0769230769230769,5,0,0,rank,1,14.500000000000002,19
train,syn_n100_k20_low_corr_skewed_extreme_events_r02_s20260700,20,theta_200,1.0809724630146365,0.0379797791421087,0.4580555555555555,0.0533277160663734,0.8433947900018978,7.567580043333334,5.0,12.0,24.0,20.0,24.0,17.0,20,theta_200,DE/best,fixed,1%,crowding-pruned,repair+feasible-first,5,best2,paper,0.01,10,0.0769230769230769,5,0,0,rank,1,16.6,20
train,syn_n100_k20_low_corr_skewed_extreme_events_r02_s20260700,20,theta_034,1.048825572030747,0.0437673192304648,0.4752777777777778,0.0514765939000183,0.7626328942739669,2.2117297366666677,22.5,22.5,21.5,17.5,3.0,17.4,22,theta_034,DE/best,none,10%,crowding-pruned,repair+feasible-first,2,best2,none,0.1,5,0.0769230769230769,5,0,0,rank,1,20.7,21
train,syn_n100_k20_low_corr_skewed_extreme_events_r02_s20260700,20,theta_037,1.048825572030747,0.0437673192304648,0.4752777777777778,0.0514765939000183,0.7626328942739669,2.1992268666666672,22.5,22.5,21.5,17.5,2.0,17.2,21,theta_037,DE/best,fixed,1%,crowding-pruned,repair+feasible-first,2,best2,paper,0.01,5,0.0769230769230769,5,0,0,rank,1,20.7,22
train,syn_n100_k20_low_corr_skewed_extreme_events_r02_s20260700,20,theta_045,1.048825572030747,0.0437673192304648,0.4752777777777778,0.0514765939000183,0.7626328942739669,2.6233224766666665,22.5,22.5,21.5,17.5,6.0,18.0,23,theta_045,DE/best,fixed,10%,crowding-pruned,repair+feasible-first,2,best2,paper,0.1,20,0.0769230769230769,5,0,0,rank,1,20.7,23
train,syn_n100_k20_low_corr_skewed_extreme_events_r02_s20260700,20,theta_047,1.048825572030747,0.0437673192304648,0.4752777777777778,0.0514765939000183,0.7626328942739669,2.83593741,22.5,22.5,21.5,17.5,7.0,18.2,24,theta_047,DE/best,adaptive,1%,crowding-pruned,repair+feasible-first,2,best2,stable,0.01,10,0.0769230769230769,5,0,0,rank,1,20.7,24
train,syn_n100_k20_pathological_cov_normal_extreme_events_r02_s20260703,20,theta_144,0.9866186497354918,0.0049065482488685,0.9991666666666668,0.0099575498709204,1.087862068745726,3.4156452133333337,1.5,1.5,1.5,1.5,18.0,4.8,1,theta_144,mixed,none,10%,crowding-pruned,repair+feasible-first,3,mixed,none,0.1,20,0.0769230769230769,5,0,0,rank,1,1.5,1
train,syn_n100_k20_pathological_cov_normal_extreme_events_r02_s20260703,20,theta_159,0.9866186497354918,0.0049065482488685,0.9991666666666668,0.0099575498709204,1.087862068745726,3.4521594666666666,1.5,1.5,1.5,1.5,20.0,5.2,2,theta_159,mixed,adaptive,5%,crowding-pruned,repair+feasible-first,3,mixed,stable,0.05,20,0.0769230769230769,5,0,0,rank,1,1.5,2
train,syn_n100_k20_pathological_cov_normal_extreme_events_r02_s20260703,20,theta_067,0.9817049361528868,0.0076521794901819,0.9769444444444446,0.0159398661709709,1.0873499090867769,3.4193383933333337,5.0,5.0,4.0,4.0,19.0,7.4,5,theta_067,mixed,fixed,5%,crowding-pruned,repair+feasible-first,2,mixed,paper,0.05,5,0.0769230769230769,5,0,0,rank,1,4.4,3
train,syn_n100_k20_pathological_cov_normal_extreme_events_r02_s20260703,20,theta_076,0.9817049361528868,0.0076521794901819,0.9769444444444446,0.0159398661709709,1.0873499090867769,3.067700603333334,5.0,5.0,4.0,4.0,10.0,5.6,3,theta_076,mixed,adaptive,5%,crowding-pruned,repair+feasible-first,2,mixed,stable,0.05,5,0.0769230769230769,5,0,0,rank,1,4.4,4
train,syn_n100_k20_pathological_cov_normal_extreme_events_r02_s20260703,20,theta_078,0.9817049361528868,0.0076521794901819,0.9769444444444446,0.0159398661709709,1.0873499090867769,3.1755778233333336,5.0,5.0,4.0,4.0,14.0,6.4,4,theta_078,mixed,adaptive,5%,crowding-pruned,repair+feasible-first,2,mixed,stable,0.05,20,0.0769230769230769,5,0,0,rank,1,4.4,5
train,syn_n100_k20_pathological_cov_normal_extreme_events_r02_s20260703,20,theta_200,0.9858939353851692,0.0059200188614,0.9725,0.0189995047045102,1.089033513836181,7.812253716666665,3.0,3.0,6.0,6.0,24.0,8.4,6,theta_200,DE/best,fixed,1%,crowding-pruned,repair+feasible-first,5,best2,paper,0.01,10,0.0769230769230769,5,0,0,rank,1,4.8,6
train,syn_n100_k20_pathological_cov_normal_extreme_events_r02_s20260703,20,theta_118,0.9651986162130828,0.0160739854689297,0.934722222222222,0.0269549618694249,1.0943336561943164,3.262829003333334,11.0,8.0,8.0,8.0,17.0,10.4,9,theta_118,DE/best,fixed,1%,crowding-pruned,repair+feasible-first,3,best2,paper,0.01,5,0.0769230769230769,5,0,0,rank,1,8.6,7
train,syn_n100_k20_pathological_cov_normal_extreme_events_r02_s20260703,20,theta_131,0.9651986162130828,0.0160739854689297,0.934722222222222,0.0269549618694249,1.0943336561943164,3.130714046666667,11.0,8.0,8.0,8.0,13.0,9.6,8,theta_131,DE/best,adaptive,5%,crowding-pruned,repair+feasible-first,3,best2,stable,0.05,10,0.0769230769230769,5,0,0,rank,1,8.6,8
train,syn_n100_k20_pathological_cov_normal_extreme_events_r02_s20260703,20,theta_132,0.9651986162130828,0.0160739854689297,0.934722222222222,0.0269549618694249,1.0943336561943164,3.0753886233333336,11.0,8.0,8.0,8.0,11.0,9.2,7,theta_132,DE/best,adaptive,5%,crowding-pruned,repair+feasible-first,3,best2,stable,0.05,20,0.0769230769230769,5,0,0,rank,1,8.6,9
train,syn_n100_k20_pathological_cov_normal_extreme_events_r02_s20260703,20,theta_223,0.967413750713151,0.026494499306674,0.9344444444444444,0.0402409983990829,1.0461374206399543,7.082032216666667,8.0,11.0,11.0,14.0,22.0,13.2,11,theta_223,mixed,none,10%,crowding-pruned,repair+feasible-first,5,mixed,none,0.1,5,0.0769230769230769,5,0,0,rank,1,11.3,10
train,syn_n100_k20_pathological_cov_normal_extreme_events_r02_s20260703,20,theta_234,0.967413750713151,0.026494499306674,0.9344444444444444,0.0402409983990829,1.0461374206399543,7.589328806666667,8.0,11.0,11.0,14.0,23.0,13.4,12,theta_234,mixed,fixed,10%,crowding-pruned,repair+feasible-first,5,mixed,paper,0.1,20,0.0769230769230769,5,0,0,rank,1,11.3,11
train,syn_n100_k20_pathological_cov_normal_extreme_events_r02_s20260703,20,theta_237,0.967413750713151,0.026494499306674,0.9344444444444444,0.0402409983990829,1.0461374206399543,3.2018271166666668,8.0,11.0,11.0,14.0,15.0,11.8,10,theta_237,mixed,adaptive,1%,crowding-pruned,repair+feasible-first,5,mixed,stable,0.01,20,0.0769230769230769,5,0,0,rank,1,11.3,12
train,syn_n100_k20_pathological_cov_normal_extreme_events_r02_s20260703,20,theta_084,0.9426161706774504,0.0298662488596916,0.4227777777777776,0.0382482534056835,1.0766092853669087,2.180360443333334,18.0,14.0,23.0,11.0,2.0,13.6,13,theta_084,DE/rand,none,1%,crowding-pruned,repair+feasible-first,3,rand2,none,0.01,20,0.0769230769230769,5,0,0,rank,1,16.6,13
train,syn_n100_k20_pathological_cov_normal_extreme_events_r02_s20260703,20,theta_086,0.9426161706774504,0.0298662488596916,0.4227777777777776,0.0382482534056835,1.0766092853669087,2.7560238300000006,18.0,14.0,23.0,11.0,5.0,14.2,14,theta_086,DE/rand,none,5%,crowding-pruned,repair+feasible-first,3,rand2,none,0.05,10,0.0769230769230769,5,0,0,rank,1,16.6,14
train,syn_n100_k20_pathological_cov_normal_extreme_events_r02_s20260703,20,theta_089,0.9426161706774504,0.0298662488596916,0.4227777777777776,0.0382482534056835,1.0766092853669087,3.10860605,18.0,14.0,23.0,11.0,12.0,15.6,17,theta_089,DE/rand,none,10%,crowding-pruned,repair+feasible-first,3,rand2,none,0.1,10,0.0769230769230769,5,0,0,rank,1,16.6,15
train,syn_n100_k20_pathological_cov_normal_extreme_events_r02_s20260703,20,theta_034,0.9437434095391096,0.062532092912985,0.8586111111111112,0.0988657158731428,0.9736825822705404,2.299523216666666,14.5,22.5,14.5,22.5,4.0,15.6,16,theta_034,DE/best,none,10%,crowding-pruned,repair+feasible-first,2,best2,none,0.1,5,0.0769230769230769,5,0,0,rank,1,18.5,16
train,syn_n100_k20_pathological_cov_normal_extreme_events_r02_s20260703,20,theta_037,0.9437434095391096,0.062532092912985,0.8586111111111112,0.0988657158731428,0.9736825822705404,2.282725923333333,14.5,22.5,14.5,22.5,3.0,15.4,15,theta_037,DE/best,fixed,1%,crowding-pruned,repair+feasible-first,2,best2,paper,0.01,5,0.0769230769230769,5,0,0,rank,1,18.5,17
train,syn_n100_k20_pathological_cov_normal_extreme_events_r02_s20260703,20,theta_045,0.9437434095391096,0.062532092912985,0.8586111111111112,0.0988657158731428,0.9736825822705404,2.912515163333333,14.5,22.5,14.5,22.5,9.0,16.6,22,theta_045,DE/best,fixed,10%,crowding-pruned,repair+feasible-first,2,best2,paper,0.1,20,0.0769230769230769,5,0,0,rank,1,18.5,18
train,syn_n100_k20_pathological_cov_normal_extreme_events_r02_s20260703,20,theta_047,0.9437434095391096,0.062532092912985,0.8586111111111112,0.0988657158731428,0.9736825822705404,2.9032797300000004,14.5,22.5,14.5,22.5,8.0,16.4,20,theta_047,DE/best,adaptive,1%,crowding-pruned,repair+feasible-first,2,best2,stable,0.01,10,0.0769230769230769,5,0,0,rank,1,18.5,19
train,syn_n100_k20_pathological_cov_normal_extreme_events_r02_s20260703,20,theta_164,0.9351563427781642,0.0422498340175814,0.4988888888888889,0.046488418169906,1.0444473743315918,2.788474556666667,22.0,17.0,18.5,18.0,6.0,16.3,18,theta_164,DE/rand,none,1%,crowding-pruned,repair+feasible-first,5,rand2,none,0.01,10,0.0769230769230769,5,0,0,rank,1,18.75,20
train,syn_n100_k20_pathological_cov_normal_extreme_events_r02_s20260703,20,theta_170,0.9351563427781642,0.0422498340175814,0.4988888888888889,0.046488418169906,1.0444473743315918,2.893503463333333,22.0,17.0,18.5,18.0,7.0,16.5,21,theta_170,DE/rand,none,10%,crowding-pruned,repair+feasible-first,5,rand2,none,0.1,10,0.0769230769230769,5,0,0,rank,1,18.75,21
train,syn_n100_k20_pathological_cov_normal_extreme_events_r02_s20260703,20,theta_189,0.9351563427781642,0.0422498340175814,0.4988888888888889,0.046488418169906,1.0444473743315918,4.905752090000001,22.0,17.0,18.5,18.0,21.0,19.3,24,theta_189,DE/rand,adaptive,10%,crowding-pruned,repair+feasible-first,5,rand2,stable,0.1,20,0.0769230769230769,5,0,0,rank,1,18.75,22
train,syn_n100_k20_pathological_cov_normal_extreme_events_r02_s20260703,20,theta_175,0.9361575219937897,0.0426011809984866,0.4988888888888889,0.0467932934830848,1.0439922857013917,3.252115706666667,20.0,19.0,18.5,20.0,16.0,18.7,23,theta_175,DE/rand,fixed,5%,crowding-pruned,repair+feasible-first,5,rand2,paper,0.05,5,0.0769230769230769,5,0,0,rank,1,19.35,23
train,syn_n100_k20_pathological_cov_normal_extreme_events_r02_s20260703,20,theta_011,0.9327734699049098,0.0434446840070517,0.4686111111111111,0.0444507392488434,1.0467243689831294,1.3967691000000002,24.0,20.0,21.0,16.0,1.0,16.4,19,theta_011,DE/rand,fixed,1%,crowding-pruned,repair+feasible-first,2,rand2,paper,0.01,10,0.0769230769230769,5,0,0,rank,1,19.900000000000002,24
train,syn_n100_k30_cluster_corr_heavy_tail_low_vol_r02_s20260711,30,theta_223,0.9663290255932048,0.0733602168341269,0.5705555555555556,0.0344065977168105,0.8169558981060719,7.023214079999999,3.0,6.0,12.0,3.0,22.0,9.2,3,theta_223,mixed,none,10%,crowding-pruned,repair+feasible-first,5,mixed,none,0.1,5,0.0769230769230769,5,0,0,rank,1,6.300000000000001,1
train,syn_n100_k30_cluster_corr_heavy_tail_low_vol_r02_s20260711,30,theta_234,0.9663290255932048,0.0733602168341269,0.5705555555555556,0.0344065977168105,0.8169558981060719,7.26767599,3.0,6.0,12.0,3.0,23.0,9.4,4,theta_234,mixed,fixed,10%,crowding-pruned,repair+feasible-first,5,mixed,paper,0.1,20,0.0769230769230769,5,0,0,rank,1,6.300000000000001,2
train,syn_n100_k30_cluster_corr_heavy_tail_low_vol_r02_s20260711,30,theta_237,0.9663290255932048,0.0733602168341269,0.5705555555555556,0.0344065977168105,0.8169558981060719,3.3006648566666668,3.0,6.0,12.0,3.0,16.0,8.0,1,theta_237,mixed,adaptive,1%,crowding-pruned,repair+feasible-first,5,mixed,stable,0.01,20,0.0769230769230769,5,0,0,rank,1,6.300000000000001,3
train,syn_n100_k30_cluster_corr_heavy_tail_low_vol_r02_s20260711,30,theta_164,0.9636856305667564,0.0797380720974244,0.7247222222222223,0.0378578778546203,0.738720806276496,2.9786960366666677,6.5,9.5,5.5,14.5,9.0,9.0,2,theta_164,DE/rand,none,1%,crowding-pruned,repair+feasible-first,5,rand2,none,0.01,10,0.0769230769230769,5,0,0,rank,1,9.2,4
train,syn_n100_k30_cluster_corr_heavy_tail_low_vol_r02_s20260711,30,theta_170,0.9636856305667564,0.0797380720974244,0.7247222222222223,0.0378578778546203,0.738720806276496,3.1100979200000003,6.5,9.5,5.5,14.5,12.0,9.6,5,theta_170,DE/rand,none,10%,crowding-pruned,repair+feasible-first,5,rand2,none,0.1,10,0.0769230769230769,5,0,0,rank,1,9.2,5
train,syn_n100_k30_cluster_corr_heavy_tail_low_vol_r02_s20260711,30,theta_175,0.9636856305667564,0.0797380720974244,0.7247222222222223,0.0378578778546203,0.738720806276496,3.1521634400000003,6.5,9.5,5.5,14.5,13.0,9.8,6,theta_175,DE/rand,fixed,5%,crowding-pruned,repair+feasible-first,5,rand2,paper,0.05,5,0.0769230769230769,5,0,0,rank,1,9.2,6
train,syn_n100_k30_cluster_corr_heavy_tail_low_vol_r02_s20260711,30,theta_189,0.9636856305667564,0.0797380720974244,0.7247222222222223,0.0378578778546203,0.738720806276496,4.801402649999999,6.5,9.5,5.5,14.5,19.0,11.0,10,theta_189,DE/rand,adaptive,10%,crowding-pruned,repair+feasible-first,5,rand2,stable,0.1,20,0.0769230769230769,5,0,0,rank,1,9.2,7
train,syn_n100_k30_cluster_corr_heavy_tail_low_vol_r02_s20260711,30,theta_144,0.9576684515756017,0.0810774306404319,0.6327777777777778,0.0365961020682169,0.7542822607086613,5.233643003333333,12.5,12.5,9.5,5.5,20.0,12.0,11,theta_144,mixed,none,10%,crowding-pruned,repair+feasible-first,3,mixed,none,0.1,20,0.0769230769230769,5,0,0,rank,1,9.5,8
train,syn_n100_k30_cluster_corr_heavy_tail_low_vol_r02_s20260711,30,theta_159,0.9576684515756017,0.0810774306404319,0.6327777777777778,0.0365961020682169,0.7542822607086613,5.632770556666667,12.5,12.5,9.5,5.5,21.0,12.2,13,theta_159,mixed,adaptive,5%,crowding-pruned,repair+feasible-first,3,mixed,stable,0.05,20,0.0769230769230769,5,0,0,rank,1,9.5,9
train,syn_n100_k30_cluster_corr_heavy_tail_low_vol_r02_s20260711,30,theta_084,0.9566847605122896,0.0848296593962589,0.7402777777777778,0.0371299104176574,0.7147151366029375,2.3038742199999995,15.0,19.0,2.0,11.0,3.0,10.0,7,theta_084,DE/rand,none,1%,crowding-pruned,repair+feasible-first,3,rand2,none,0.01,20,0.0769230769230769,5,0,0,rank,1,10.7,10
train,syn_n100_k30_cluster_corr_heavy_tail_low_vol_r02_s20260711,30,theta_086,0.9566847605122896,0.0848296593962589,0.7402777777777778,0.0371299104176574,0.7147151366029375,2.738315533333333,15.0,19.0,2.0,11.0,5.0,10.4,8,theta_086,DE/rand,none,5%,crowding-pruned,repair+feasible-first,3,rand2,none,0.05,10,0.0769230769230769,5,0,0,rank,1,10.7,11
train,syn_n100_k30_cluster_corr_heavy_tail_low_vol_r02_s20260711,30,theta_089,0.9566847605122896,0.0848296593962589,0.7402777777777778,0.0371299104176574,0.7147151366029375,3.38753765,15.0,19.0,2.0,11.0,17.0,12.8,14,theta_089,DE/rand,none,10%,crowding-pruned,repair+feasible-first,3,rand2,none,0.1,10,0.0769230769230769,5,0,0,rank,1,10.7,12
train,syn_n100_k30_cluster_corr_heavy_tail_low_vol_r02_s20260711,30,theta_011,0.9326306511351616,0.0977622203434212,0.7091666666666668,0.0197460973155054,0.640030321903229,1.5100030233333337,21.0,24.0,8.0,1.0,1.0,11.0,9,theta_011,DE/rand,fixed,1%,crowding-pruned,repair+feasible-first,2,rand2,paper,0.01,10,0.0769230769230769,5,0,0,rank,1,11.700000000000001,13
train,syn_n100_k30_cluster_corr_heavy_tail_low_vol_r02_s20260711,30,theta_118,0.9631534886607868,0.0715283584276054,0.383611111111111,0.043652156812488,0.8817946670370935,3.286124833333333,10.0,3.0,18.0,22.0,15.0,13.6,16,theta_118,DE/best,fixed,1%,crowding-pruned,repair+feasible-first,3,best2,paper,0.01,5,0.0769230769230769,5,0,0,rank,1,14.6,14
train,syn_n100_k30_cluster_corr_heavy_tail_low_vol_r02_s20260711,30,theta_131,0.9631534886607868,0.0715283584276054,0.383611111111111,0.043652156812488,0.8817946670370935,2.959916916666667,10.0,3.0,18.0,22.0,8.0,12.2,12,theta_131,DE/best,adaptive,5%,crowding-pruned,repair+feasible-first,3,best2,stable,0.05,10,0.0769230769230769,5,0,0,rank,1,14.6,15
train,syn_n100_k30_cluster_corr_heavy_tail_low_vol_r02_s20260711,30,theta_132,0.9631534886607868,0.0715283584276054,0.383611111111111,0.043652156812488,0.8817946670370935,3.159658163333333,10.0,3.0,18.0,22.0,14.0,13.4,15,theta_132,DE/best,adaptive,5%,crowding-pruned,repair+feasible-first,3,best2,stable,0.05,20,0.0769230769230769,5,0,0,rank,1,14.6,16
train,syn_n100_k30_cluster_corr_heavy_tail_low_vol_r02_s20260711,30,theta_200,0.9887052201939386,0.0642418765898366,0.3699999999999999,0.0759553187453734,0.9477079657773816,8.85495648,1.0,1.0,24.0,24.0,24.0,14.8,17,theta_200,DE/best,fixed,1%,crowding-pruned,repair+feasible-first,5,best2,paper,0.01,10,0.0769230769230769,5,0,0,rank,1,14.799999999999999,17
train,syn_n100_k30_cluster_corr_heavy_tail_low_vol_r02_s20260711,30,theta_067,0.9277569209124952,0.0931465417815467,0.5408333333333335,0.0370510194751919,0.7103704523234329,3.773843896666667,23.0,22.0,15.0,8.0,18.0,17.2,24,theta_067,mixed,fixed,5%,crowding-pruned,repair+feasible-first,2,mixed,paper,0.05,5,0.0769230769230769,5,0,0,rank,1,15.9,18
train,syn_n100_k30_cluster_corr_heavy_tail_low_vol_r02_s20260711,30,theta_076,0.9277569209124952,0.0931465417815467,0.5408333333333335,0.0370510194751919,0.7103704523234329,2.9529624933333327,23.0,22.0,15.0,8.0,7.0,15.0,18,theta_076,mixed,adaptive,5%,crowding-pruned,repair+feasible-first,2,mixed,stable,0.05,5,0.0769230769230769,5,0,0,rank,1,15.9,19
train,syn_n100_k30_cluster_corr_heavy_tail_low_vol_r02_s20260711,30,theta_078,0.9277569209124952,0.0931465417815467,0.5408333333333335,0.0370510194751919,0.7103704523234329,3.0688411933333337,23.0,22.0,15.0,8.0,10.0,15.6,21,theta_078,mixed,adaptive,5%,crowding-pruned,repair+feasible-first,2,mixed,stable,0.05,20,0.0769230769230769,5,0,0,rank,1,15.9,20
train,syn_n100_k30_cluster_corr_heavy_tail_low_vol_r02_s20260711,30,theta_034,0.951674383788455,0.0848064812730699,0.3822222222222222,0.0397814875986419,0.8043616477981695,2.319111373333333,18.5,15.5,21.5,18.5,4.0,15.6,20,theta_034,DE/best,none,10%,crowding-pruned,repair+feasible-first,2,best2,none,0.1,5,0.0769230769230769,5,0,0,rank,1,18.8,21
train,syn_n100_k30_cluster_corr_heavy_tail_low_vol_r02_s20260711,30,theta_037,0.951674383788455,0.0848064812730699,0.3822222222222222,0.0397814875986419,0.8043616477981695,2.282724536666667,18.5,15.5,21.5,18.5,2.0,15.2,19,theta_037,DE/best,fixed,1%,crowding-pruned,repair+feasible-first,2,best2,paper,0.01,5,0.0769230769230769,5,0,0,rank,1,18.8,22
train,syn_n100_k30_cluster_corr_heavy_tail_low_vol_r02_s20260711,30,theta_045,0.951674383788455,0.0848064812730699,0.3822222222222222,0.0397814875986419,0.8043616477981695,2.793280726666667,18.5,15.5,21.5,18.5,6.0,16.0,22,theta_045,DE/best,fixed,10%,crowding-pruned,repair+feasible-first,2,best2,paper,0.1,20,0.0769230769230769,5,0,0,rank,1,18.8,23
train,syn_n100_k30_cluster_corr_heavy_tail_low_vol_r02_s20260711,30,theta_047,0.951674383788455,0.0848064812730699,0.3822222222222222,0.0397814875986419,0.8043616477981695,3.090473403333334,18.5,15.5,21.5,18.5,11.0,17.0,23,theta_047,DE/best,adaptive,1%,crowding-pruned,repair+feasible-first,2,best2,stable,0.01,10,0.0769230769230769,5,0,0,rank,1,18.8,24
train,syn_n100_k30_cluster_corr_mixed_extreme_events_r03_s20260716,30,theta_084,1.0220227863283726,0.0483557300141175,0.7616666666666668,0.0346031242376566,0.7206317820924893,2.3210960066666666,6.0,6.0,2.0,3.0,3.0,4.0,1,theta_084,DE/rand,none,1%,crowding-pruned,repair+feasible-first,3,rand2,none,0.01,20,0.0769230769230769,5,0,0,rank,1,3.9000000000000004,1
train,syn_n100_k30_cluster_corr_mixed_extreme_events_r03_s20260716,30,theta_086,1.0220227863283726,0.0483557300141175,0.7616666666666668,0.0346031242376566,0.7206317820924893,2.8213146033333336,6.0,6.0,2.0,3.0,6.0,4.6,2,theta_086,DE/rand,none,5%,crowding-pruned,repair+feasible-first,3,rand2,none,0.05,10,0.0769230769230769,5,0,0,rank,1,3.9000000000000004,2
train,syn_n100_k30_cluster_corr_mixed_extreme_events_r03_s20260716,30,theta_089,1.0220227863283726,0.0483557300141175,0.7616666666666668,0.0346031242376566,0.7206317820924893,3.1637252500000006,6.0,6.0,2.0,3.0,15.0,6.4,6,theta_089,DE/rand,none,10%,crowding-pruned,repair+feasible-first,3,rand2,none,0.1,10,0.0769230769230769,5,0,0,rank,1,3.9000000000000004,3
train,syn_n100_k30_cluster_corr_mixed_extreme_events_r03_s20260716,30,theta_164,1.0263827642629937,0.0457529958534642,0.7397222222222221,0.0348163198280153,0.7616549881527671,2.9088838633333336,2.5,2.5,5.5,6.5,7.0,4.8,3,theta_164,DE/rand,none,1%,crowding-pruned,repair+feasible-first,5,rand2,none,0.01,10,0.0769230769230769,5,0,0,rank,1,4.6,4
train,syn_n100_k30_cluster_corr_mixed_extreme_events_r03_s20260716,30,theta_170,1.0263827642629937,0.0457529958534642,0.7397222222222221,0.0348163198280153,0.7616549881527671,3.0049647800000003,2.5,2.5,5.5,6.5,8.0,5.0,4,theta_170,DE/rand,none,10%,crowding-pruned,repair+feasible-first,5,rand2,none,0.1,10,0.0769230769230769,5,0,0,rank,1,4.6,5
train,syn_n100_k30_cluster_corr_mixed_extreme_events_r03_s20260716,30,theta_175,1.0263827642629937,0.0457529958534642,0.7397222222222221,0.0348163198280153,0.7616549881527671,3.138735586666667,2.5,2.5,5.5,6.5,14.0,6.2,5,theta_175,DE/rand,fixed,5%,crowding-pruned,repair+feasible-first,5,rand2,paper,0.05,5,0.0769230769230769,5,0,0,rank,1,4.6,6
train,syn_n100_k30_cluster_corr_mixed_extreme_events_r03_s20260716,30,theta_189,1.0263827642629937,0.0457529958534642,0.7397222222222221,0.0348163198280153,0.7616549881527671,4.437411013333333,2.5,2.5,5.5,6.5,19.0,7.2,7,theta_189,DE/rand,adaptive,10%,crowding-pruned,repair+feasible-first,5,rand2,stable,0.1,20,0.0769230769230769,5,0,0,rank,1,4.6,7
train,syn_n100_k30_cluster_corr_mixed_extreme_events_r03_s20260716,30,theta_011,1.0025094438184368,0.0550069847686717,0.7352777777777778,0.0226752767266942,0.6551035260932248,1.4843766266666665,19.0,11.0,8.0,1.0,1.0,8.0,8,theta_011,DE/rand,fixed,1%,crowding-pruned,repair+feasible-first,2,rand2,paper,0.01,10,0.0769230769230769,5,0,0,rank,1,8.700000000000001,8
train,syn_n100_k30_cluster_corr_mixed_extreme_events_r03_s20260716,30,theta_067,1.003285057290728,0.0566120112713172,0.4091666666666667,0.0375591110939368,0.774342259693216,3.9259680733333338,17.0,15.0,12.0,10.0,18.0,14.4,14,theta_067,mixed,fixed,5%,crowding-pruned,repair+feasible-first,2,mixed,paper,0.05,5,0.0769230769230769,5,0,0,rank,1,13.0,9
train,syn_n100_k30_cluster_corr_mixed_extreme_events_r03_s20260716,30,theta_076,1.003285057290728,0.0566120112713172,0.4091666666666667,0.0375591110939368,0.774342259693216,3.0767440266666664,17.0,15.0,12.0,10.0,12.0,13.2,9,theta_076,mixed,adaptive,5%,crowding-pruned,repair+feasible-first,2,mixed,stable,0.05,5,0.0769230769230769,5,0,0,rank,1,13.0,10
train,syn_n100_k30_cluster_corr_mixed_extreme_events_r03_s20260716,30,theta_078,1.003285057290728,0.0566120112713172,0.4091666666666667,0.0375591110939368,0.774342259693216,3.185585623333333,17.0,15.0,12.0,10.0,16.0,14.0,12,theta_078,mixed,adaptive,5%,crowding-pruned,repair+feasible-first,2,mixed,stable,0.05,20,0.0769230769230769,5,0,0,rank,1,13.0,11
train,syn_n100_k30_cluster_corr_mixed_extreme_events_r03_s20260716,30,theta_144,0.9968390043347408,0.0553730046619991,0.4813888888888888,0.0422949232182159,0.7625140361775055,5.059657096666667,20.5,12.5,9.5,12.5,21.0,15.2,16,theta_144,mixed,none,10%,crowding-pruned,repair+feasible-first,3,mixed,none,0.1,20,0.0769230769230769,5,0,0,rank,1,13.200000000000001,12
train,syn_n100_k30_cluster_corr_mixed_extreme_events_r03_s20260716,30,theta_159,0.9968390043347408,0.0553730046619991,0.4813888888888888,0.0422949232182159,0.7625140361775055,5.057855246666667,20.5,12.5,9.5,12.5,20.0,15.0,15,theta_159,mixed,adaptive,5%,crowding-pruned,repair+feasible-first,3,mixed,stable,0.05,20,0.0769230769230769,5,0,0,rank,1,13.200000000000001,13
train,syn_n100_k30_cluster_corr_mixed_extreme_events_r03_s20260716,30,theta_118,1.016979464645646,0.0529621926730973,0.2527777777777778,0.0555418804339558,0.9444661551133382,3.063687513333333,9.0,9.0,18.0,22.0,10.0,13.6,11,theta_118,DE/best,fixed,1%,crowding-pruned,repair+feasible-first,3,best2,paper,0.01,5,0.0769230769230769,5,0,0,rank,1,15.6,14
train,syn_n100_k30_cluster_corr_mixed_extreme_events_r03_s20260716,30,theta_131,1.016979464645646,0.0529621926730973,0.2527777777777778,0.0555418804339558,0.9444661551133382,3.024089826666667,9.0,9.0,18.0,22.0,9.0,13.4,10,theta_131,DE/best,adaptive,5%,crowding-pruned,repair+feasible-first,3,best2,stable,0.05,10,0.0769230769230769,5,0,0,rank,1,15.6,15
train,syn_n100_k30_cluster_corr_mixed_extreme_events_r03_s20260716,30,theta_132,1.016979464645646,0.0529621926730973,0.2527777777777778,0.0555418804339558,0.9444661551133382,3.12529601,9.0,9.0,18.0,22.0,13.0,14.2,13,theta_132,DE/best,adaptive,5%,crowding-pruned,repair+feasible-first,3,best2,stable,0.05,20,0.0769230769230769,5,0,0,rank,1,15.6,16
train,syn_n100_k30_cluster_corr_mixed_extreme_events_r03_s20260716,30,theta_223,0.9941924877200012,0.0570926656151519,0.4052777777777778,0.046342091526135,0.804153233693198,6.896820756666668,23.0,18.0,15.0,15.0,22.0,18.6,22,theta_223,mixed,none,10%,crowding-pruned,repair+feasible-first,5,mixed,none,0.1,5,0.0769230769230769,5,0,0,rank,1,17.200000000000003,17
train,syn_n100_k30_cluster_corr_mixed_extreme_events_r03_s20260716,30,theta_234,0.9941924877200012,0.0570926656151519,0.4052777777777778,0.046342091526135,0.804153233693198,7.145231089999999,23.0,18.0,15.0,15.0,23.0,18.8,23,theta_234,mixed,fixed,10%,crowding-pruned,repair+feasible-first,5,mixed,paper,0.1,20,0.0769230769230769,5,0,0,rank,1,17.200000000000003,18
train,syn_n100_k30_cluster_corr_mixed_extreme_events_r03_s20260716,30,theta_237,0.9941924877200012,0.0570926656151519,0.4052777777777778,0.046342091526135,0.804153233693198,3.278300263333334,23.0,18.0,15.0,15.0,17.0,17.6,21,theta_237,mixed,adaptive,1%,crowding-pruned,repair+feasible-first,5,mixed,stable,0.01,20,0.0769230769230769,5,0,0,rank,1,17.200000000000003,19
train,syn_n100_k30_cluster_corr_mixed_extreme_events_r03_s20260716,30,theta_200,1.011079234382536,0.0577615863320795,0.2416666666666667,0.0633858334382886,0.929194147382672,9.39768634,11.0,20.0,20.0,24.0,24.0,19.8,24,theta_200,DE/best,fixed,1%,crowding-pruned,repair+feasible-first,5,best2,paper,0.01,10,0.0769230769230769,5,0,0,rank,1,19.4,20
train,syn_n100_k30_cluster_corr_mixed_extreme_events_r03_s20260716,30,theta_034,1.003702063910583,0.0620846469899583,0.2138888888888889,0.0468921852255574,0.890571977176439,2.3286698399999994,13.5,22.5,22.5,18.5,4.0,16.2,18,theta_034,DE/best,none,10%,crowding-pruned,repair+feasible-first,2,best2,none,0.1,5,0.0769230769230769,5,0,0,rank,1,19.5,21
train,syn_n100_k30_cluster_corr_mixed_extreme_events_r03_s20260716,30,theta_037,1.003702063910583,0.0620846469899583,0.2138888888888889,0.0468921852255574,0.890571977176439,2.274077083333333,13.5,22.5,22.5,18.5,2.0,15.8,17,theta_037,DE/best,fixed,1%,crowding-pruned,repair+feasible-first,2,best2,paper,0.01,5,0.0769230769230769,5,0,0,rank,1,19.5,22
train,syn_n100_k30_cluster_corr_mixed_extreme_events_r03_s20260716,30,theta_045,1.003702063910583,0.0620846469899583,0.2138888888888889,0.0468921852255574,0.890571977176439,2.743194303333334,13.5,22.5,22.5,18.5,5.0,16.4,19,theta_045,DE/best,fixed,10%,crowding-pruned,repair+feasible-first,2,best2,paper,0.1,20,0.0769230769230769,5,0,0,rank,1,19.5,23
train,syn_n100_k30_cluster_corr_mixed_extreme_events_r03_s20260716,30,theta_047,1.003702063910583,0.0620846469899583,0.2138888888888889,0.0468921852255574,0.890571977176439,3.0672060533333325,13.5,22.5,22.5,18.5,11.0,17.6,20,theta_047,DE/best,adaptive,1%,crowding-pruned,repair+feasible-first,2,best2,stable,0.01,10,0.0769230769230769,5,0,0,rank,1,19.5,24
train,syn_n100_k30_cluster_corr_skewed_high_vol_r01_s20260714,30,theta_164,1.018520719744744,0.0516267211468284,0.6919444444444444,0.0361013657427056,0.7948012077303948,2.9283608033333333,2.5,2.5,5.5,2.5,6.0,3.8,1,theta_164,DE/rand,none,1%,crowding-pruned,repair+feasible-first,5,rand2,none,0.01,10,0.0769230769230769,5,0,0,rank,1,3.4,1
train,syn_n100_k30_cluster_corr_skewed_high_vol_r01_s20260714,30,theta_170,1.018520719744744,0.0516267211468284,0.6919444444444444,0.0361013657427056,0.7948012077303948,3.165336266666667,2.5,2.5,5.5,2.5,13.0,5.2,2,theta_170,DE/rand,none,10%,crowding-pruned,repair+feasible-first,5,rand2,none,0.1,10,0.0769230769230769,5,0,0,rank,1,3.4,2
train,syn_n100_k30_cluster_corr_skewed_high_vol_r01_s20260714,30,theta_175,1.018520719744744,0.0516267211468284,0.6919444444444444,0.0361013657427056,0.7948012077303948,3.235485216666667,2.5,2.5,5.5,2.5,15.0,5.6,4,theta_175,DE/rand,fixed,5%,crowding-pruned,repair+feasible-first,5,rand2,paper,0.05,5,0.0769230769230769,5,0,0,rank,1,3.4,3
train,syn_n100_k30_cluster_corr_skewed_high_vol_r01_s20260714,30,theta_189,1.018520719744744,0.0516267211468284,0.6919444444444444,0.0361013657427056,0.7948012077303948,4.316919436666667,2.5,2.5,5.5,2.5,19.0,6.4,6,theta_189,DE/rand,adaptive,10%,crowding-pruned,repair+feasible-first,5,rand2,stable,0.1,20,0.0769230769230769,5,0,0,rank,1,3.4,4
train,syn_n100_k30_cluster_corr_skewed_high_vol_r01_s20260714,30,theta_084,1.0105841688730697,0.0528144832560498,0.6980555555555557,0.0444377681011456,0.7962779423895967,2.392533523333333,6.0,6.0,2.0,10.0,4.0,5.6,3,theta_084,DE/rand,none,1%,crowding-pruned,repair+feasible-first,3,rand2,none,0.01,20,0.0769230769230769,5,0,0,rank,1,6.0,5
train,syn_n100_k30_cluster_corr_skewed_high_vol_r01_s20260714,30,theta_086,1.0105841688730697,0.0528144832560498,0.6980555555555557,0.0444377681011456,0.7962779423895967,2.929652833333333,6.0,6.0,2.0,10.0,7.0,6.2,5,theta_086,DE/rand,none,5%,crowding-pruned,repair+feasible-first,3,rand2,none,0.05,10,0.0769230769230769,5,0,0,rank,1,6.0,6
train,syn_n100_k30_cluster_corr_skewed_high_vol_r01_s20260714,30,theta_089,1.0105841688730697,0.0528144832560498,0.6980555555555557,0.0444377681011456,0.7962779423895967,3.31043669,6.0,6.0,2.0,10.0,17.0,8.2,7,theta_089,DE/rand,none,10%,crowding-pruned,repair+feasible-first,3,rand2,none,0.1,10,0.0769230769230769,5,0,0,rank,1,6.0,7
train,syn_n100_k30_cluster_corr_skewed_high_vol_r01_s20260714,30,theta_011,0.9928276919174776,0.0625174960109021,0.6733333333333332,0.0427309907498759,0.7480504034875467,1.5235188166666669,16.0,19.0,8.0,8.0,1.0,10.4,8,theta_011,DE/rand,fixed,1%,crowding-pruned,repair+feasible-first,2,rand2,paper,0.01,10,0.0769230769230769,5,0,0,rank,1,11.8,8
train,syn_n100_k30_cluster_corr_skewed_high_vol_r01_s20260714,30,theta_223,0.987750649378518,0.0607353627705448,0.4977777777777777,0.0380190306316018,0.8093666991978715,7.017954129999999,18.0,17.0,12.0,6.0,23.0,15.2,17,theta_223,mixed,none,10%,crowding-pruned,repair+feasible-first,5,mixed,none,0.1,5,0.0769230769230769,5,0,0,rank,1,12.399999999999999,9
train,syn_n100_k30_cluster_corr_skewed_high_vol_r01_s20260714,30,theta_234,0.987750649378518,0.0607353627705448,0.4977777777777777,0.0380190306316018,0.8093666991978715,6.82393887,18.0,17.0,12.0,6.0,22.0,15.0,16,theta_234,mixed,fixed,10%,crowding-pruned,repair+feasible-first,5,mixed,paper,0.1,20,0.0769230769230769,5,0,0,rank,1,12.399999999999999,10
train,syn_n100_k30_cluster_corr_skewed_high_vol_r01_s20260714,30,theta_237,0.987750649378518,0.0607353627705448,0.4977777777777777,0.0380190306316018,0.8093666991978715,3.1796400033333336,18.0,17.0,12.0,6.0,14.0,13.4,11,theta_237,mixed,adaptive,1%,crowding-pruned,repair+feasible-first,5,mixed,stable,0.01,20,0.0769230769230769,5,0,0,rank,1,12.399999999999999,11
train,syn_n100_k30_cluster_corr_skewed_high_vol_r01_s20260714,30,theta_118,1.0058252360326851,0.0563792816241508,0.3383333333333332,0.0499514403350585,0.906129319828867,3.073966560000001,9.0,9.0,18.0,16.0,12.0,12.8,10,theta_118,DE/best,fixed,1%,crowding-pruned,repair+feasible-first,3,best2,paper,0.01,5,0.0769230769230769,5,0,0,rank,1,13.8,12
train,syn_n100_k30_cluster_corr_skewed_high_vol_r01_s20260714,30,theta_131,1.0058252360326851,0.0563792816241508,0.3383333333333332,0.0499514403350585,0.906129319828867,3.031319063333333,9.0,9.0,18.0,16.0,10.0,12.4,9,theta_131,DE/best,adaptive,5%,crowding-pruned,repair+feasible-first,3,best2,stable,0.05,10,0.0769230769230769,5,0,0,rank,1,13.8,13
train,syn_n100_k30_cluster_corr_skewed_high_vol_r01_s20260714,30,theta_132,1.0058252360326851,0.0563792816241508,0.3383333333333332,0.0499514403350585,0.906129319828867,3.2785604433333337,9.0,9.0,18.0,16.0,16.0,13.6,12,theta_132,DE/best,adaptive,5%,crowding-pruned,repair+feasible-first,3,best2,stable,0.05,20,0.0769230769230769,5,0,0,rank,1,13.8,14
train,syn_n100_k30_cluster_corr_skewed_high_vol_r01_s20260714,30,theta_067,0.9856234050074534,0.0640133357348104,0.4727777777777778,0.0444812521276379,0.7717139194207809,3.8740966666666674,21.0,23.0,15.0,13.0,18.0,18.0,21,theta_067,mixed,fixed,5%,crowding-pruned,repair+feasible-first,2,mixed,paper,0.05,5,0.0769230769230769,5,0,0,rank,1,17.2,15
train,syn_n100_k30_cluster_corr_skewed_high_vol_r01_s20260714,30,theta_076,0.9856234050074534,0.0640133357348104,0.4727777777777778,0.0444812521276379,0.7717139194207809,3.0204877866666666,21.0,23.0,15.0,13.0,9.0,16.2,20,theta_076,mixed,adaptive,5%,crowding-pruned,repair+feasible-first,2,mixed,stable,0.05,5,0.0769230769230769,5,0,0,rank,1,17.2,16
train,syn_n100_k30_cluster_corr_skewed_high_vol_r01_s20260714,30,theta_078,0.9856234050074534,0.0640133357348104,0.4727777777777778,0.0444812521276379,0.7717139194207809,3.01670266,21.0,23.0,15.0,13.0,8.0,16.0,19,theta_078,mixed,adaptive,5%,crowding-pruned,repair+feasible-first,2,mixed,stable,0.05,20,0.0769230769230769,5,0,0,rank,1,17.2,17
train,syn_n100_k30_cluster_corr_skewed_high_vol_r01_s20260714,30,theta_034,0.995262200764823,0.0583423752123419,0.3333333333333332,0.0513228516069867,0.9284531915533156,2.325177803333333,13.5,13.5,21.5,19.5,2.0,14.0,13,theta_034,DE/best,none,10%,crowding-pruned,repair+feasible-first,2,best2,none,0.1,5,0.0769230769230769,5,0,0,rank,1,17.700000000000003,18
train,syn_n100_k30_cluster_corr_skewed_high_vol_r01_s20260714,30,theta_037,0.995262200764823,0.0583423752123419,0.3333333333333332,0.0513228516069867,0.9284531915533156,2.3566877833333333,13.5,13.5,21.5,19.5,3.0,14.2,14,theta_037,DE/best,fixed,1%,crowding-pruned,repair+feasible-first,2,best2,paper,0.01,5,0.0769230769230769,5,0,0,rank,1,17.700000000000003,19
train,syn_n100_k30_cluster_corr_skewed_high_vol_r01_s20260714,30,theta_045,0.995262200764823,0.0583423752123419,0.3333333333333332,0.0513228516069867,0.9284531915533156,2.76536687,13.5,13.5,21.5,19.5,5.0,14.6,15,theta_045,DE/best,fixed,10%,crowding-pruned,repair+feasible-first,2,best2,paper,0.1,20,0.0769230769230769,5,0,0,rank,1,17.700000000000003,20
train,syn_n100_k30_cluster_corr_skewed_high_vol_r01_s20260714,30,theta_047,0.995262200764823,0.0583423752123419,0.3333333333333332,0.0513228516069867,0.9284531915533156,3.044425163333333,13.5,13.5,21.5,19.5,11.0,15.8,18,theta_047,DE/best,adaptive,1%,crowding-pruned,repair+feasible-first,2,best2,stable,0.01,10,0.0769230769230769,5,0,0,rank,1,17.700000000000003,21
train,syn_n100_k30_cluster_corr_skewed_high_vol_r01_s20260714,30,theta_144,0.9810600730316618,0.0634681474614199,0.5369444444444444,0.0569441185256916,0.7922484914533384,4.912177606666668,23.5,20.5,9.5,22.5,21.0,19.4,24,theta_144,mixed,none,10%,crowding-pruned,repair+feasible-first,3,mixed,none,0.1,20,0.0769230769230769,5,0,0,rank,1,18.4,22
train,syn_n100_k30_cluster_corr_skewed_high_vol_r01_s20260714,30,theta_159,0.9810600730316618,0.0634681474614199,0.5369444444444444,0.0569441185256916,0.7922484914533384,4.5958613633333325,23.5,20.5,9.5,22.5,20.0,19.2,23,theta_159,mixed,adaptive,5%,crowding-pruned,repair+feasible-first,3,mixed,stable,0.05,20,0.0769230769230769,5,0,0,rank,1,18.4,23
train,syn_n100_k30_cluster_corr_skewed_high_vol_r01_s20260714,30,theta_200,1.0021066040888462,0.0573335940264994,0.3041666666666666,0.0746646624473642,0.9696619968722804,9.543115283333332,11.0,11.0,24.0,24.0,24.0,18.8,22,theta_200,DE/best,fixed,1%,crowding-pruned,repair+feasible-first,5,best2,paper,0.01,10,0.0769230769230769,5,0,0,rank,1,18.799999999999997,24
train,syn_n100_k30_high_corr_mixed_high_vol_r02_s20260713,30,theta_084,1.0623926096832947,0.014482405618665,0.8986111111111111,0.019082929083797,0.7631565711145842,2.3563361266666667,2.0,2.0,2.0,3.0,3.0,2.4,1,theta_084,DE/rand,none,1%,crowding-pruned,repair+feasible-first,3,rand2,none,0.01,20,0.0769230769230769,5,0,0,rank,1,2.3,1
train,syn_n100_k30_high_corr_mixed_high_vol_r02_s20260713,30,theta_086,1.0623926096832947,0.014482405618665,0.8986111111111111,0.019082929083797,0.7631565711145842,2.7625235066666667,2.0,2.0,2.0,3.0,6.0,3.0,2,theta_086,DE/rand,none,5%,crowding-pruned,repair+feasible-first,3,rand2,none,0.05,10,0.0769230769230769,5,0,0,rank,1,2.3,2
train,syn_n100_k30_high_corr_mixed_high_vol_r02_s20260713,30,theta_089,1.0623926096832947,0.014482405618665,0.8986111111111111,0.019082929083797,0.7631565711145842,3.261613449999999,2.0,2.0,2.0,3.0,17.0,5.2,4,theta_089,DE/rand,none,10%,crowding-pruned,repair+feasible-first,3,rand2,none,0.1,10,0.0769230769230769,5,0,0,rank,1,2.3,3
train,syn_n100_k30_high_corr_mixed_high_vol_r02_s20260713,30,theta_011,1.0574045287621905,0.0162139406493166,0.885,0.0135631922127997,0.7215392442507588,1.561568613333333,8.0,8.0,4.0,1.0,1.0,4.4,3,theta_011,DE/rand,fixed,1%,crowding-pruned,repair+feasible-first,2,rand2,paper,0.01,10,0.0769230769230769,5,0,0,rank,1,4.7,4
train,syn_n100_k30_high_corr_mixed_high_vol_r02_s20260713,30,theta_164,1.0583798058651002,0.0154564640316039,0.8572222222222223,0.0250846733624792,0.756827952373746,3.0136930866666662,5.5,5.5,6.5,8.5,8.0,6.8,6,theta_164,DE/rand,none,1%,crowding-pruned,repair+feasible-first,5,rand2,none,0.01,10,0.0769230769230769,5,0,0,rank,1,6.7,5
train,syn_n100_k30_high_corr_mixed_high_vol_r02_s20260713,30,theta_170,1.0583798058651002,0.0154564640316039,0.8572222222222223,0.0250846733624792,0.756827952373746,3.1443381600000007,5.5,5.5,6.5,8.5,13.0,7.8,8,theta_170,DE/rand,none,10%,crowding-pruned,repair+feasible-first,5,rand2,none,0.1,10,0.0769230769230769,5,0,0,rank,1,6.7,6
train,syn_n100_k30_high_corr_mixed_high_vol_r02_s20260713,30,theta_175,1.0583798058651002,0.0154564640316039,0.8572222222222223,0.0250846733624792,0.756827952373746,3.0938175833333337,5.5,5.5,6.5,8.5,11.0,7.4,7,theta_175,DE/rand,fixed,5%,crowding-pruned,repair+feasible-first,5,rand2,paper,0.05,5,0.0769230769230769,5,0,0,rank,1,6.7,7
train,syn_n100_k30_high_corr_mixed_high_vol_r02_s20260713,30,theta_189,1.0583798058651002,0.0154564640316039,0.8572222222222223,0.0250846733624792,0.756827952373746,2.692809316666667,5.5,5.5,6.5,8.5,5.0,6.2,5,theta_189,DE/rand,adaptive,10%,crowding-pruned,repair+feasible-first,5,rand2,stable,0.1,20,0.0769230769230769,5,0,0,rank,1,6.7,8
train,syn_n100_k30_high_corr_mixed_high_vol_r02_s20260713,30,theta_144,1.0549591366317717,0.021473634669917,0.5538888888888888,0.0242908534983573,0.8074321869951092,5.038909356666666,12.5,9.5,12.5,5.5,21.0,12.2,10,theta_144,mixed,none,10%,crowding-pruned,repair+feasible-first,3,mixed,none,0.1,20,0.0769230769230769,5,0,0,rank,1,9.8,9
train,syn_n100_k30_high_corr_mixed_high_vol_r02_s20260713,30,theta_159,1.0549591366317717,0.021473634669917,0.5538888888888888,0.0242908534983573,0.8074321869951092,4.465689016666667,12.5,9.5,12.5,5.5,20.0,12.0,9,theta_159,mixed,adaptive,5%,crowding-pruned,repair+feasible-first,3,mixed,stable,0.05,20,0.0769230769230769,5,0,0,rank,1,9.8,10
train,syn_n100_k30_high_corr_mixed_high_vol_r02_s20260713,30,theta_223,1.0557452678558163,0.0222118413073535,0.4844444444444445,0.0264728441477006,0.854632945927751,7.2435362633333344,10.0,12.0,16.0,12.0,22.0,14.4,14,theta_223,mixed,none,10%,crowding-pruned,repair+feasible-first,5,mixed,none,0.1,5,0.0769230769230769,5,0,0,rank,1,12.799999999999999,11
train,syn_n100_k30_high_corr_mixed_high_vol_r02_s20260713,30,theta_234,1.0557452678558163,0.0222118413073535,0.4844444444444445,0.0264728441477006,0.854632945927751,7.290438923333332,10.0,12.0,16.0,12.0,23.0,14.6,15,theta_234,mixed,fixed,10%,crowding-pruned,repair+feasible-first,5,mixed,paper,0.1,20,0.0769230769230769,5,0,0,rank,1,12.799999999999999,12
train,syn_n100_k30_high_corr_mixed_high_vol_r02_s20260713,30,theta_237,1.0557452678558163,0.0222118413073535,0.4844444444444445,0.0264728441477006,0.854632945927751,3.210342043333333,10.0,12.0,16.0,12.0,15.0,13.0,11,theta_237,mixed,adaptive,1%,crowding-pruned,repair+feasible-first,5,mixed,stable,0.01,20,0.0769230769230769,5,0,0,rank,1,12.799999999999999,13
train,syn_n100_k30_high_corr_mixed_high_vol_r02_s20260713,30,theta_067,1.050692109166499,0.023013156980332,0.5705555555555557,0.0319640187009742,0.8293783357218423,3.5059826566666663,15.0,15.0,10.0,15.0,19.0,14.8,16,theta_067,mixed,fixed,5%,crowding-pruned,repair+feasible-first,2,mixed,paper,0.05,5,0.0769230769230769,5,0,0,rank,1,13.5,14
train,syn_n100_k30_high_corr_mixed_high_vol_r02_s20260713,30,theta_076,1.050692109166499,0.023013156980332,0.5705555555555557,0.0319640187009742,0.8293783357218423,3.1488382400000003,15.0,15.0,10.0,15.0,14.0,13.8,12,theta_076,mixed,adaptive,5%,crowding-pruned,repair+feasible-first,2,mixed,stable,0.05,5,0.0769230769230769,5,0,0,rank,1,13.5,15
train,syn_n100_k30_high_corr_mixed_high_vol_r02_s20260713,30,theta_078,1.050692109166499,0.023013156980332,0.5705555555555557,0.0319640187009742,0.8293783357218423,3.24081072,15.0,15.0,10.0,15.0,16.0,14.2,13,theta_078,mixed,adaptive,5%,crowding-pruned,repair+feasible-first,2,mixed,stable,0.05,20,0.0769230769230769,5,0,0,rank,1,13.5,16
train,syn_n100_k30_high_corr_mixed_high_vol_r02_s20260713,30,theta_200,1.0445687259498757,0.0308466012715426,0.4966666666666667,0.053866510236493,0.914831372558237,8.027819776666668,17.0,17.0,14.0,21.0,24.0,18.6,22,theta_200,DE/best,fixed,1%,crowding-pruned,repair+feasible-first,5,best2,paper,0.01,10,0.0769230769230769,5,0,0,rank,1,17.3,17
train,syn_n100_k30_high_corr_mixed_high_vol_r02_s20260713,30,theta_118,1.0318148214559464,0.0335864598197313,0.4022222222222222,0.0610832214074021,0.8951990031905332,3.3303175,19.0,19.0,19.0,23.0,18.0,19.6,24,theta_118,DE/best,fixed,1%,crowding-pruned,repair+feasible-first,3,best2,paper,0.01,5,0.0769230769230769,5,0,0,rank,1,20.2,18
train,syn_n100_k30_high_corr_mixed_high_vol_r02_s20260713,30,theta_131,1.0318148214559464,0.0335864598197313,0.4022222222222222,0.0610832214074021,0.8951990031905332,3.03639013,19.0,19.0,19.0,23.0,9.0,17.8,18,theta_131,DE/best,adaptive,5%,crowding-pruned,repair+feasible-first,3,best2,stable,0.05,10,0.0769230769230769,5,0,0,rank,1,20.2,19
train,syn_n100_k30_high_corr_mixed_high_vol_r02_s20260713,30,theta_132,1.0318148214559464,0.0335864598197313,0.4022222222222222,0.0610832214074021,0.8951990031905332,3.11433235,19.0,19.0,19.0,23.0,12.0,18.4,20,theta_132,DE/best,adaptive,5%,crowding-pruned,repair+feasible-first,3,best2,stable,0.05,20,0.0769230769230769,5,0,0,rank,1,20.2,20
train,syn_n100_k30_high_corr_mixed_high_vol_r02_s20260713,30,theta_034,1.0295153425909052,0.0371690606179287,0.3483333333333333,0.0514714707122485,0.8884261154882578,2.26626,22.5,22.5,22.5,18.5,2.0,17.6,17,theta_034,DE/best,none,10%,crowding-pruned,repair+feasible-first,2,best2,none,0.1,5,0.0769230769230769,5,0,0,rank,1,21.3,21
train,syn_n100_k30_high_corr_mixed_high_vol_r02_s20260713,30,theta_037,1.0295153425909052,0.0371690606179287,0.3483333333333333,0.0514714707122485,0.8884261154882578,2.3759004533333337,22.5,22.5,22.5,18.5,4.0,18.0,19,theta_037,DE/best,fixed,1%,crowding-pruned,repair+feasible-first,2,best2,paper,0.01,5,0.0769230769230769,5,0,0,rank,1,21.3,22
train,syn_n100_k30_high_corr_mixed_high_vol_r02_s20260713,30,theta_045,1.0295153425909052,0.0371690606179287,0.3483333333333333,0.0514714707122485,0.8884261154882578,3.010219293333334,22.5,22.5,22.5,18.5,7.0,18.6,21,theta_045,DE/best,fixed,10%,crowding-pruned,repair+feasible-first,2,best2,paper,0.1,20,0.0769230769230769,5,0,0,rank,1,21.3,23
train,syn_n100_k30_high_corr_mixed_high_vol_r02_s20260713,30,theta_047,1.0295153425909052,0.0371690606179287,0.3483333333333333,0.0514714707122485,0.8884261154882578,3.08568598,22.5,22.5,22.5,18.5,10.0,19.2,23,theta_047,DE/best,adaptive,1%,crowding-pruned,repair+feasible-first,2,best2,stable,0.01,10,0.0769230769230769,5,0,0,rank,1,21.3,24
train,syn_n100_k30_low_corr_skewed_extreme_events_r02_s20260715,30,theta_164,1.0207890898432554,0.0491309940152766,0.7088888888888889,0.0400169692291254,0.7067960691513591,2.904340046666668,6.5,6.5,5.5,3.5,9.0,6.2,2,theta_164,DE/rand,none,1%,crowding-pruned,repair+feasible-first,5,rand2,none,0.01,10,0.0769230769230769,5,0,0,rank,1,5.3,1
train,syn_n100_k30_low_corr_skewed_extreme_events_r02_s20260715,30,theta_170,1.0207890898432554,0.0491309940152766,0.7088888888888889,0.0400169692291254,0.7067960691513591,3.179871853333333,6.5,6.5,5.5,3.5,18.0,8.0,6,theta_170,DE/rand,none,10%,crowding-pruned,repair+feasible-first,5,rand2,none,0.1,10,0.0769230769230769,5,0,0,rank,1,5.3,2
train,syn_n100_k30_low_corr_skewed_extreme_events_r02_s20260715,30,theta_175,1.0207890898432554,0.0491309940152766,0.7088888888888889,0.0400169692291254,0.7067960691513591,3.1251964200000004,6.5,6.5,5.5,3.5,17.0,7.8,4,theta_175,DE/rand,fixed,5%,crowding-pruned,repair+feasible-first,5,rand2,paper,0.05,5,0.0769230769230769,5,0,0,rank,1,5.3,3
train,syn_n100_k30_low_corr_skewed_extreme_events_r02_s20260715,30,theta_189,1.0207890898432554,0.0491309940152766,0.7088888888888889,0.0400169692291254,0.7067960691513591,2.531996953333333,6.5,6.5,5.5,3.5,6.0,5.6,1,theta_189,DE/rand,adaptive,10%,crowding-pruned,repair+feasible-first,5,rand2,stable,0.1,20,0.0769230769230769,5,0,0,rank,1,5.3,4
train,syn_n100_k30_low_corr_skewed_extreme_events_r02_s20260715,30,theta_084,1.0158843921171905,0.050049637795255,0.7222222222222224,0.0435698856512549,0.6842798258852327,2.2996629,13.0,10.0,2.0,7.0,4.0,7.2,3,theta_084,DE/rand,none,1%,crowding-pruned,repair+feasible-first,3,rand2,none,0.01,20,0.0769230769230769,5,0,0,rank,1,7.299999999999999,5
train,syn_n100_k30_low_corr_skewed_extreme_events_r02_s20260715,30,theta_086,1.0158843921171905,0.050049637795255,0.7222222222222224,0.0435698856512549,0.6842798258852327,2.8964419833333324,13.0,10.0,2.0,7.0,8.0,8.0,5,theta_086,DE/rand,none,5%,crowding-pruned,repair+feasible-first,3,rand2,none,0.05,10,0.0769230769230769,5,0,0,rank,1,7.299999999999999,6
train,syn_n100_k30_low_corr_skewed_extreme_events_r02_s20260715,30,theta_089,1.0158843921171905,0.050049637795255,0.7222222222222224,0.0435698856512549,0.6842798258852327,3.18084501,13.0,10.0,2.0,7.0,19.0,10.2,10,theta_089,DE/rand,none,10%,crowding-pruned,repair+feasible-first,3,rand2,none,0.1,10,0.0769230769230769,5,0,0,rank,1,7.299999999999999,7
train,syn_n100_k30_low_corr_skewed_extreme_events_r02_s20260715,30,theta_223,1.0377015682319592,0.0419212194977446,0.6394444444444445,0.0470503638556624,0.8229386323858628,6.740334796666667,2.0,2.0,12.0,10.0,23.0,9.8,8,theta_223,mixed,none,10%,crowding-pruned,repair+feasible-first,5,mixed,none,0.1,5,0.0769230769230769,5,0,0,rank,1,7.3999999999999995,8
train,syn_n100_k30_low_corr_skewed_extreme_events_r02_s20260715,30,theta_234,1.0377015682319592,0.0419212194977446,0.6394444444444445,0.0470503638556624,0.8229386323858628,6.793662423333334,2.0,2.0,12.0,10.0,24.0,10.0,9,theta_234,mixed,fixed,10%,crowding-pruned,repair+feasible-first,5,mixed,paper,0.1,20,0.0769230769230769,5,0,0,rank,1,7.3999999999999995,9
train,syn_n100_k30_low_corr_skewed_extreme_events_r02_s20260715,30,theta_237,1.0377015682319592,0.0419212194977446,0.6394444444444445,0.0470503638556624,0.8229386323858628,3.0917668766666675,2.0,2.0,12.0,10.0,15.0,8.2,7,theta_237,mixed,adaptive,1%,crowding-pruned,repair+feasible-first,5,mixed,stable,0.01,20,0.0769230769230769,5,0,0,rank,1,7.3999999999999995,10
train,syn_n100_k30_low_corr_skewed_extreme_events_r02_s20260715,30,theta_011,0.984686190077894,0.0590423909530452,0.6863888888888889,0.0359413690384116,0.6747153909032456,1.4048865533333337,21.0,21.0,8.0,1.0,1.0,10.4,11,theta_011,DE/rand,fixed,1%,crowding-pruned,repair+feasible-first,2,rand2,paper,0.01,10,0.0769230769230769,5,0,0,rank,1,11.100000000000001,11
train,syn_n100_k30_low_corr_skewed_extreme_events_r02_s20260715,30,theta_144,0.9980414098403548,0.0531516296703306,0.6769444444444445,0.0485499990056696,0.6816248873689159,4.934149443333334,19.5,15.5,9.5,12.5,21.0,15.6,16,theta_144,mixed,none,10%,crowding-pruned,repair+feasible-first,3,mixed,none,0.1,20,0.0769230769230769,5,0,0,rank,1,13.6,12
train,syn_n100_k30_low_corr_skewed_extreme_events_r02_s20260715,30,theta_159,0.9980414098403548,0.0531516296703306,0.6769444444444445,0.0485499990056696,0.6816248873689159,4.025567233333333,19.5,15.5,9.5,12.5,20.0,15.4,15,theta_159,mixed,adaptive,5%,crowding-pruned,repair+feasible-first,3,mixed,stable,0.05,20,0.0769230769230769,5,0,0,rank,1,13.6,13
train,syn_n100_k30_low_corr_skewed_extreme_events_r02_s20260715,30,theta_118,1.0176153846221634,0.0514912513036361,0.4813888888888888,0.055824468443218,0.7997029089665554,2.957737183333333,10.0,13.0,18.0,18.0,11.0,14.0,13,theta_118,DE/best,fixed,1%,crowding-pruned,repair+feasible-first,3,best2,paper,0.01,5,0.0769230769230769,5,0,0,rank,1,15.399999999999999,14
train,syn_n100_k30_low_corr_skewed_extreme_events_r02_s20260715,30,theta_131,1.0176153846221634,0.0514912513036361,0.4813888888888888,0.055824468443218,0.7997029089665554,2.91573971,10.0,13.0,18.0,18.0,10.0,13.8,12,theta_131,DE/best,adaptive,5%,crowding-pruned,repair+feasible-first,3,best2,stable,0.05,10,0.0769230769230769,5,0,0,rank,1,15.399999999999999,15
train,syn_n100_k30_low_corr_skewed_extreme_events_r02_s20260715,30,theta_132,1.0176153846221634,0.0514912513036361,0.4813888888888888,0.055824468443218,0.7997029089665554,3.0975857066666674,10.0,13.0,18.0,18.0,16.0,15.0,14,theta_132,DE/best,adaptive,5%,crowding-pruned,repair+feasible-first,3,best2,stable,0.05,20,0.0769230769230769,5,0,0,rank,1,15.399999999999999,16
train,syn_n100_k30_low_corr_skewed_extreme_events_r02_s20260715,30,theta_200,1.0290667414388075,0.049117536908986,0.4722222222222222,0.0673805257089578,0.8786830869425643,6.654135503333335,4.0,4.0,24.0,24.0,22.0,15.6,17,theta_200,DE/best,fixed,1%,crowding-pruned,repair+feasible-first,5,best2,paper,0.01,10,0.0769230769230769,5,0,0,rank,1,15.999999999999998,17
train,syn_n100_k30_low_corr_skewed_extreme_events_r02_s20260715,30,theta_067,0.9763182841431894,0.0606396898260334,0.5602777777777778,0.0490096021693498,0.7054635922801337,2.4950940966666666,23.0,23.0,15.0,15.0,5.0,16.2,20,theta_067,mixed,fixed,5%,crowding-pruned,repair+feasible-first,2,mixed,paper,0.05,5,0.0769230769230769,5,0,0,rank,1,18.200000000000003,18
train,syn_n100_k30_low_corr_skewed_extreme_events_r02_s20260715,30,theta_076,0.9763182841431894,0.0606396898260334,0.5602777777777778,0.0490096021693498,0.7054635922801337,3.023817506666667,23.0,23.0,15.0,15.0,13.0,17.8,22,theta_076,mixed,adaptive,5%,crowding-pruned,repair+feasible-first,2,mixed,stable,0.05,5,0.0769230769230769,5,0,0,rank,1,18.200000000000003,19
train,syn_n100_k30_low_corr_skewed_extreme_events_r02_s20260715,30,theta_078,0.9763182841431894,0.0606396898260334,0.5602777777777778,0.0490096021693498,0.7054635922801337,3.030494423333333,23.0,23.0,15.0,15.0,14.0,18.0,24,theta_078,mixed,adaptive,5%,crowding-pruned,repair+feasible-first,2,mixed,stable,0.05,20,0.0769230769230769,5,0,0,rank,1,18.200000000000003,20
train,syn_n100_k30_low_corr_skewed_extreme_events_r02_s20260715,30,theta_034,1.0040291639058667,0.0540731808305683,0.4769444444444444,0.0604777316218258,0.8317169474206202,2.2225449333333334,16.5,18.5,21.5,21.5,3.0,16.2,19,theta_034,DE/best,none,10%,crowding-pruned,repair+feasible-first,2,best2,none,0.1,5,0.0769230769230769,5,0,0,rank,1,19.9,21
train,syn_n100_k30_low_corr_skewed_extreme_events_r02_s20260715,30,theta_037,1.0040291639058667,0.0540731808305683,0.4769444444444444,0.0604777316218258,0.8317169474206202,2.21305317,16.5,18.5,21.5,21.5,2.0,16.0,18,theta_037,DE/best,fixed,1%,crowding-pruned,repair+feasible-first,2,best2,paper,0.01,5,0.0769230769230769,5,0,0,rank,1,19.9,22
train,syn_n100_k30_low_corr_skewed_extreme_events_r02_s20260715,30,theta_045,1.0040291639058667,0.0540731808305683,0.4769444444444444,0.0604777316218258,0.8317169474206202,2.684689736666667,16.5,18.5,21.5,21.5,7.0,17.0,21,theta_045,DE/best,fixed,10%,crowding-pruned,repair+feasible-first,2,best2,paper,0.1,20,0.0769230769230769,5,0,0,rank,1,19.9,23
train,syn_n100_k30_low_corr_skewed_extreme_events_r02_s20260715,30,theta_047,1.0040291639058667,0.0540731808305683,0.4769444444444444,0.0604777316218258,0.8317169474206202,3.0020043533333336,16.5,18.5,21.5,21.5,12.0,18.0,23,theta_047,DE/best,adaptive,1%,crowding-pruned,repair+feasible-first,2,best2,stable,0.01,10,0.0769230769230769,5,0,0,rank,1,19.9,24
train,syn_n100_k30_pathological_cov_mixed_low_vol_r01_s20260717,30,theta_084,1.092169956356252,0.0149718706807573,0.8524999999999999,0.0491945949590056,0.7849016458359807,2.2716062,2.0,2.0,2.0,3.0,4.0,2.6,1,theta_084,DE/rand,none,1%,crowding-pruned,repair+feasible-first,3,rand2,none,0.01,20,0.0769230769230769,5,0,0,rank,1,2.3,1
train,syn_n100_k30_pathological_cov_mixed_low_vol_r01_s20260717,30,theta_086,1.092169956356252,0.0149718706807573,0.8524999999999999,0.0491945949590056,0.7849016458359807,2.5425351533333336,2.0,2.0,2.0,3.0,7.0,3.2,2,theta_086,DE/rand,none,5%,crowding-pruned,repair+feasible-first,3,rand2,none,0.05,10,0.0769230769230769,5,0,0,rank,1,2.3,2
train,syn_n100_k30_pathological_cov_mixed_low_vol_r01_s20260717,30,theta_089,1.092169956356252,0.0149718706807573,0.8524999999999999,0.0491945949590056,0.7849016458359807,3.1749645499999994,2.0,2.0,2.0,3.0,19.0,5.6,4,theta_089,DE/rand,none,10%,crowding-pruned,repair+feasible-first,3,rand2,none,0.1,10,0.0769230769230769,5,0,0,rank,1,2.3,3
train,syn_n100_k30_pathological_cov_mixed_low_vol_r01_s20260717,30,theta_164,1.0913179825480723,0.0161800458861956,0.8105555555555555,0.0546077904266227,0.7676241965081504,2.9586294633333337,5.5,5.5,5.5,6.5,12.0,7.0,7,theta_164,DE/rand,none,1%,crowding-pruned,repair+feasible-first,5,rand2,none,0.01,10,0.0769230769230769,5,0,0,rank,1,5.8,4
train,syn_n100_k30_pathological_cov_mixed_low_vol_r01_s20260717,30,theta_170,1.0913179825480723,0.0161800458861956,0.8105555555555555,0.0546077904266227,0.7676241965081504,2.4881715566666665,5.5,5.5,5.5,6.5,5.0,5.6,5,theta_170,DE/rand,none,10%,crowding-pruned,repair+feasible-first,5,rand2,none,0.1,10,0.0769230769230769,5,0,0,rank,1,5.8,5
train,syn_n100_k30_pathological_cov_mixed_low_vol_r01_s20260717,30,theta_175,1.0913179825480723,0.0161800458861956,0.8105555555555555,0.0546077904266227,0.7676241965081504,3.132708083333333,5.5,5.5,5.5,6.5,18.0,8.2,8,theta_175,DE/rand,fixed,5%,crowding-pruned,repair+feasible-first,5,rand2,paper,0.05,5,0.0769230769230769,5,0,0,rank,1,5.8,6
train,syn_n100_k30_pathological_cov_mixed_low_vol_r01_s20260717,30,theta_189,1.0913179825480723,0.0161800458861956,0.8105555555555555,0.0546077904266227,0.7676241965081504,2.7743171666666666,5.5,5.5,5.5,6.5,9.0,6.4,6,theta_189,DE/rand,adaptive,10%,crowding-pruned,repair+feasible-first,5,rand2,stable,0.1,20,0.0769230769230769,5,0,0,rank,1,5.8,7
train,syn_n100_k30_pathological_cov_mixed_low_vol_r01_s20260717,30,theta_011,1.0813595937633107,0.0229961422096926,0.7397222222222221,0.0261946787781688,0.7153947790261945,1.5349683833333334,8.0,8.0,8.0,1.0,1.0,5.2,3,theta_011,DE/rand,fixed,1%,crowding-pruned,repair+feasible-first,2,rand2,paper,0.01,10,0.0769230769230769,5,0,0,rank,1,5.8999999999999995,8
train,syn_n100_k30_pathological_cov_mixed_low_vol_r01_s20260717,30,theta_067,1.0690237235200335,0.0311088316613233,0.4469444444444443,0.0588965969829137,0.8071312065545576,2.5037368766666668,10.0,10.0,10.0,10.0,6.0,9.2,9,theta_067,mixed,fixed,5%,crowding-pruned,repair+feasible-first,2,mixed,paper,0.05,5,0.0769230769230769,5,0,0,rank,1,10.0,9
train,syn_n100_k30_pathological_cov_mixed_low_vol_r01_s20260717,30,theta_076,1.0690237235200335,0.0311088316613233,0.4469444444444443,0.0588965969829137,0.8071312065545576,3.02564923,10.0,10.0,10.0,10.0,15.0,11.0,11,theta_076,mixed,adaptive,5%,crowding-pruned,repair+feasible-first,2,mixed,stable,0.05,5,0.0769230769230769,5,0,0,rank,1,10.0,10
train,syn_n100_k30_pathological_cov_mixed_low_vol_r01_s20260717,30,theta_078,1.0690237235200335,0.0311088316613233,0.4469444444444443,0.0588965969829137,0.8071312065545576,2.9409346700000003,10.0,10.0,10.0,10.0,11.0,10.2,10,theta_078,mixed,adaptive,5%,crowding-pruned,repair+feasible-first,2,mixed,stable,0.05,20,0.0769230769230769,5,0,0,rank,1,10.0,11
train,syn_n100_k30_pathological_cov_mixed_low_vol_r01_s20260717,30,theta_144,1.054110097908601,0.0399726867031065,0.3430555555555555,0.0636076160164694,0.7742534867737977,3.9104331233333336,15.5,12.5,12.5,12.5,20.0,14.6,12,theta_144,mixed,none,10%,crowding-pruned,repair+feasible-first,3,mixed,none,0.1,20,0.0769230769230769,5,0,0,rank,1,13.1,12
train,syn_n100_k30_pathological_cov_mixed_low_vol_r01_s20260717,30,theta_159,1.054110097908601,0.0399726867031065,0.3430555555555555,0.0636076160164694,0.7742534867737977,4.44040053,15.5,12.5,12.5,12.5,21.0,14.8,13,theta_159,mixed,adaptive,5%,crowding-pruned,repair+feasible-first,3,mixed,stable,0.05,20,0.0769230769230769,5,0,0,rank,1,13.1,13
train,syn_n100_k30_pathological_cov_mixed_low_vol_r01_s20260717,30,theta_223,1.0563159841630811,0.0408987411896327,0.3177777777777777,0.0702939063369861,0.7974894552549846,6.677294533333333,13.0,15.0,15.0,15.0,23.0,16.2,15,theta_223,mixed,none,10%,crowding-pruned,repair+feasible-first,5,mixed,none,0.1,5,0.0769230769230769,5,0,0,rank,1,14.6,14
train,syn_n100_k30_pathological_cov_mixed_low_vol_r01_s20260717,30,theta_234,1.0563159841630811,0.0408987411896327,0.3177777777777777,0.0702939063369861,0.7974894552549846,6.781074996666669,13.0,15.0,15.0,15.0,24.0,16.4,16,theta_234,mixed,fixed,10%,crowding-pruned,repair+feasible-first,5,mixed,paper,0.1,20,0.0769230769230769,5,0,0,rank,1,14.6,15
train,syn_n100_k30_pathological_cov_mixed_low_vol_r01_s20260717,30,theta_237,1.0563159841630811,0.0408987411896327,0.3177777777777777,0.0702939063369861,0.7974894552549846,3.1252807133333333,13.0,15.0,15.0,15.0,17.0,15.0,14,theta_237,mixed,adaptive,1%,crowding-pruned,repair+feasible-first,5,mixed,stable,0.01,20,0.0769230769230769,5,0,0,rank,1,14.6,16
train,syn_n100_k30_pathological_cov_mixed_low_vol_r01_s20260717,30,theta_034,1.0504194716243391,0.0485192013638,0.2691666666666667,0.092141689425066,0.878566854814439,2.2618063366666665,18.5,21.5,18.5,22.5,3.0,16.8,18,theta_034,DE/best,none,10%,crowding-pruned,repair+feasible-first,2,best2,none,0.1,5,0.0769230769230769,5,0,0,rank,1,20.3,17
train,syn_n100_k30_pathological_cov_mixed_low_vol_r01_s20260717,30,theta_037,1.0504194716243391,0.0485192013638,0.2691666666666667,0.092141689425066,0.878566854814439,2.2403875500000003,18.5,21.5,18.5,22.5,2.0,16.6,17,theta_037,DE/best,fixed,1%,crowding-pruned,repair+feasible-first,2,best2,paper,0.01,5,0.0769230769230769,5,0,0,rank,1,20.3,18
train,syn_n100_k30_pathological_cov_mixed_low_vol_r01_s20260717,30,theta_045,1.0504194716243391,0.0485192013638,0.2691666666666667,0.092141689425066,0.878566854814439,2.73236328,18.5,21.5,18.5,22.5,8.0,17.8,19,theta_045,DE/best,fixed,10%,crowding-pruned,repair+feasible-first,2,best2,paper,0.1,20,0.0769230769230769,5,0,0,rank,1,20.3,19
train,syn_n100_k30_pathological_cov_mixed_low_vol_r01_s20260717,30,theta_047,1.0504194716243391,0.0485192013638,0.2691666666666667,0.092141689425066,0.878566854814439,3.0272905266666665,18.5,21.5,18.5,22.5,16.0,19.4,23,theta_047,DE/best,adaptive,1%,crowding-pruned,repair+feasible-first,2,best2,stable,0.01,10,0.0769230769230769,5,0,0,rank,1,20.3,20
train,syn_n100_k30_pathological_cov_mixed_low_vol_r01_s20260717,30,theta_118,1.0503202572612251,0.0462362660292987,0.2441666666666667,0.0806402138527589,0.9057160961890528,2.864921716666667,22.0,18.0,23.0,19.0,10.0,18.4,20,theta_118,DE/best,fixed,1%,crowding-pruned,repair+feasible-first,3,best2,paper,0.01,5,0.0769230769230769,5,0,0,rank,1,20.599999999999998,21
train,syn_n100_k30_pathological_cov_mixed_low_vol_r01_s20260717,30,theta_131,1.0503202572612251,0.0462362660292987,0.2441666666666667,0.0806402138527589,0.9057160961890528,3.0071897033333337,22.0,18.0,23.0,19.0,13.0,19.0,21,theta_131,DE/best,adaptive,5%,crowding-pruned,repair+feasible-first,3,best2,stable,0.05,10,0.0769230769230769,5,0,0,rank,1,20.599999999999998,22
train,syn_n100_k30_pathological_cov_mixed_low_vol_r01_s20260717,30,theta_132,1.0503202572612251,0.0462362660292987,0.2441666666666667,0.0806402138527589,0.9057160961890528,3.0232325733333334,22.0,18.0,23.0,19.0,14.0,19.2,22,theta_132,DE/best,adaptive,5%,crowding-pruned,repair+feasible-first,3,best2,stable,0.05,20,0.0769230769230769,5,0,0,rank,1,20.599999999999998,23
train,syn_n100_k30_pathological_cov_mixed_low_vol_r01_s20260717,30,theta_200,1.0479556425194287,0.0491101716560627,0.2530555555555555,0.0790741518532941,0.8620521150852001,6.656358046666667,24.0,24.0,21.0,17.0,22.0,21.6,24,theta_200,DE/best,fixed,1%,crowding-pruned,repair+feasible-first,5,best2,paper,0.01,10,0.0769230769230769,5,0,0,rank,1,21.0,24
train,syn_n100_k30_pathological_cov_skewed_high_vol_r03_s20260712,30,theta_223,1.096331868281223,0.0265916014532639,0.5886111111111112,0.0495382034331893,0.6677124251022288,6.56545532,2.0,2.0,3.0,10.0,23.0,8.0,5,theta_223,mixed,none,10%,crowding-pruned,repair+feasible-first,5,mixed,none,0.1,5,0.0769230769230769,5,0,0,rank,1,4.7,1
train,syn_n100_k30_pathological_cov_skewed_high_vol_r03_s20260712,30,theta_234,1.096331868281223,0.0265916014532639,0.5886111111111112,0.0495382034331893,0.6677124251022288,6.639678196666665,2.0,2.0,3.0,10.0,24.0,8.2,6,theta_234,mixed,fixed,10%,crowding-pruned,repair+feasible-first,5,mixed,paper,0.1,20,0.0769230769230769,5,0,0,rank,1,4.7,2
train,syn_n100_k30_pathological_cov_skewed_high_vol_r03_s20260712,30,theta_237,1.096331868281223,0.0265916014532639,0.5886111111111112,0.0495382034331893,0.6677124251022288,3.0337470200000003,2.0,2.0,3.0,10.0,17.0,6.8,2,theta_237,mixed,adaptive,1%,crowding-pruned,repair+feasible-first,5,mixed,stable,0.01,20,0.0769230769230769,5,0,0,rank,1,4.7,3
train,syn_n100_k30_pathological_cov_skewed_high_vol_r03_s20260712,30,theta_144,1.088134899202646,0.0314449972527509,0.5519444444444445,0.0492948529916565,0.6489152319513573,2.9605534466666668,4.5,4.5,5.5,7.5,12.0,6.8,1,theta_144,mixed,none,10%,crowding-pruned,repair+feasible-first,3,mixed,none,0.1,20,0.0769230769230769,5,0,0,rank,1,5.7,4
train,syn_n100_k30_pathological_cov_skewed_high_vol_r03_s20260712,30,theta_159,1.088134899202646,0.0314449972527509,0.5519444444444445,0.0492948529916565,0.6489152319513573,3.74882803,4.5,4.5,5.5,7.5,20.0,8.4,7,theta_159,mixed,adaptive,5%,crowding-pruned,repair+feasible-first,3,mixed,stable,0.05,20,0.0769230769230769,5,0,0,rank,1,5.7,5
train,syn_n100_k30_pathological_cov_skewed_high_vol_r03_s20260712,30,theta_118,1.0791937738547557,0.0379982473085085,0.4125,0.0458850337817126,0.6084384095293821,3.1603468166666664,8.0,8.0,8.0,2.0,18.0,8.8,8,theta_118,DE/best,fixed,1%,crowding-pruned,repair+feasible-first,3,best2,paper,0.01,5,0.0769230769230769,5,0,0,rank,1,6.199999999999999,6
train,syn_n100_k30_pathological_cov_skewed_high_vol_r03_s20260712,30,theta_131,1.0791937738547557,0.0379982473085085,0.4125,0.0458850337817126,0.6084384095293821,2.832097163333333,8.0,8.0,8.0,2.0,10.0,7.2,3,theta_131,DE/best,adaptive,5%,crowding-pruned,repair+feasible-first,3,best2,stable,0.05,10,0.0769230769230769,5,0,0,rank,1,6.199999999999999,7
train,syn_n100_k30_pathological_cov_skewed_high_vol_r03_s20260712,30,theta_132,1.0791937738547557,0.0379982473085085,0.4125,0.0458850337817126,0.6084384095293821,2.904487733333333,8.0,8.0,8.0,2.0,11.0,7.4,4,theta_132,DE/best,adaptive,5%,crowding-pruned,repair+feasible-first,3,best2,stable,0.05,20,0.0769230769230769,5,0,0,rank,1,6.199999999999999,8
train,syn_n100_k30_pathological_cov_skewed_high_vol_r03_s20260712,30,theta_200,1.084364142321062,0.0362658562206007,0.6127777777777778,0.060250644662332,0.6954871830290954,6.4309831766666665,6.0,6.0,1.0,20.0,22.0,11.0,11,theta_200,DE/best,fixed,1%,crowding-pruned,repair+feasible-first,5,best2,paper,0.01,10,0.0769230769230769,5,0,0,rank,1,8.7,9
train,syn_n100_k30_pathological_cov_skewed_high_vol_r03_s20260712,30,theta_067,1.0698799956266585,0.0430728415764492,0.3147222222222222,0.0469363167973062,0.6259866036738128,5.645370596666669,11.0,11.0,11.0,5.0,21.0,11.8,12,theta_067,mixed,fixed,5%,crowding-pruned,repair+feasible-first,2,mixed,paper,0.05,5,0.0769230769230769,5,0,0,rank,1,9.2,10
train,syn_n100_k30_pathological_cov_skewed_high_vol_r03_s20260712,30,theta_076,1.0698799956266585,0.0430728415764492,0.3147222222222222,0.0469363167973062,0.6259866036738128,3.020815493333333,11.0,11.0,11.0,5.0,15.0,10.6,10,theta_076,mixed,adaptive,5%,crowding-pruned,repair+feasible-first,2,mixed,stable,0.05,5,0.0769230769230769,5,0,0,rank,1,9.2,11
train,syn_n100_k30_pathological_cov_skewed_high_vol_r03_s20260712,30,theta_078,1.0698799956266585,0.0430728415764492,0.3147222222222222,0.0469363167973062,0.6259866036738128,2.998840016666668,11.0,11.0,11.0,5.0,13.0,10.2,9,theta_078,mixed,adaptive,5%,crowding-pruned,repair+feasible-first,2,mixed,stable,0.05,20,0.0769230769230769,5,0,0,rank,1,9.2,12
train,syn_n100_k30_pathological_cov_skewed_high_vol_r03_s20260712,30,theta_034,1.0581813185696634,0.0514736090811082,0.2602777777777778,0.0590106996894918,0.6506988761583962,2.1443211866666667,14.5,14.5,14.5,17.5,3.0,12.8,14,theta_034,DE/best,none,10%,crowding-pruned,repair+feasible-first,2,best2,none,0.1,5,0.0769230769230769,5,0,0,rank,1,15.4,13
train,syn_n100_k30_pathological_cov_skewed_high_vol_r03_s20260712,30,theta_037,1.0581813185696634,0.0514736090811082,0.2602777777777778,0.0590106996894918,0.6506988761583962,2.134185056666667,14.5,14.5,14.5,17.5,2.0,12.6,13,theta_037,DE/best,fixed,1%,crowding-pruned,repair+feasible-first,2,best2,paper,0.01,5,0.0769230769230769,5,0,0,rank,1,15.4,14
train,syn_n100_k30_pathological_cov_skewed_high_vol_r03_s20260712,30,theta_045,1.0581813185696634,0.0514736090811082,0.2602777777777778,0.0590106996894918,0.6506988761583962,2.69509645,14.5,14.5,14.5,17.5,7.0,13.6,15,theta_045,DE/best,fixed,10%,crowding-pruned,repair+feasible-first,2,best2,paper,0.1,20,0.0769230769230769,5,0,0,rank,1,15.4,15
train,syn_n100_k30_pathological_cov_skewed_high_vol_r03_s20260712,30,theta_047,1.0581813185696634,0.0514736090811082,0.2602777777777778,0.0590106996894918,0.6506988761583962,2.7429979566666662,14.5,14.5,14.5,17.5,9.0,14.0,16,theta_047,DE/best,adaptive,1%,crowding-pruned,repair+feasible-first,2,best2,stable,0.01,10,0.0769230769230769,5,0,0,rank,1,15.4,16
train,syn_n100_k30_pathological_cov_skewed_high_vol_r03_s20260712,30,theta_084,0.984430163026514,0.0912895631563273,0.0033333333333333,0.0577103148551969,0.5986649516067594,2.1518469600000003,22.0,22.0,22.0,14.0,4.0,16.8,18,theta_084,DE/rand,none,1%,crowding-pruned,repair+feasible-first,3,rand2,none,0.01,20,0.0769230769230769,5,0,0,rank,1,19.6,17
train,syn_n100_k30_pathological_cov_skewed_high_vol_r03_s20260712,30,theta_086,0.984430163026514,0.0912895631563273,0.0033333333333333,0.0577103148551969,0.5986649516067594,2.30028902,22.0,22.0,22.0,14.0,6.0,17.2,20,theta_086,DE/rand,none,5%,crowding-pruned,repair+feasible-first,3,rand2,none,0.05,10,0.0769230769230769,5,0,0,rank,1,19.6,18
train,syn_n100_k30_pathological_cov_skewed_high_vol_r03_s20260712,30,theta_089,0.984430163026514,0.0912895631563273,0.0033333333333333,0.0577103148551969,0.5986649516067594,3.2364403,22.0,22.0,22.0,14.0,19.0,19.8,24,theta_089,DE/rand,none,10%,crowding-pruned,repair+feasible-first,3,rand2,none,0.1,10,0.0769230769230769,5,0,0,rank,1,19.6,19
train,syn_n100_k30_pathological_cov_skewed_high_vol_r03_s20260712,30,theta_164,1.002333995246745,0.0826353847534672,0.0152777777777777,0.0690912780720359,0.5952867873302446,2.69941675,18.5,18.5,18.5,22.5,8.0,17.2,21,theta_164,DE/rand,none,1%,crowding-pruned,repair+feasible-first,5,rand2,none,0.01,10,0.0769230769230769,5,0,0,rank,1,19.7,20
train,syn_n100_k30_pathological_cov_skewed_high_vol_r03_s20260712,30,theta_170,1.002333995246745,0.0826353847534672,0.0152777777777777,0.0690912780720359,0.5952867873302446,3.025992203333333,18.5,18.5,18.5,22.5,16.0,18.8,23,theta_170,DE/rand,none,10%,crowding-pruned,repair+feasible-first,5,rand2,none,0.1,10,0.0769230769230769,5,0,0,rank,1,19.7,21
train,syn_n100_k30_pathological_cov_skewed_high_vol_r03_s20260712,30,theta_175,1.002333995246745,0.0826353847534672,0.0152777777777777,0.0690912780720359,0.5952867873302446,3.0038000733333337,18.5,18.5,18.5,22.5,14.0,18.4,22,theta_175,DE/rand,fixed,5%,crowding-pruned,repair+feasible-first,5,rand2,paper,0.05,5,0.0769230769230769,5,0,0,rank,1,19.7,22
train,syn_n100_k30_pathological_cov_skewed_high_vol_r03_s20260712,30,theta_189,1.002333995246745,0.0826353847534672,0.0152777777777777,0.0690912780720359,0.5952867873302446,2.2995080766666667,18.5,18.5,18.5,22.5,5.0,16.6,17,theta_189,DE/rand,adaptive,10%,crowding-pruned,repair+feasible-first,5,rand2,stable,0.1,20,0.0769230769230769,5,0,0,rank,1,19.7,23
train,syn_n100_k30_pathological_cov_skewed_high_vol_r03_s20260712,30,theta_011,0.9482349457589409,0.1116352782242987,0.0,0.051103878286862,0.5175928779699022,1.3382325733333331,24.0,24.0,24.0,12.0,1.0,17.0,19,theta_011,DE/rand,fixed,1%,crowding-pruned,repair+feasible-first,2,rand2,paper,0.01,10,0.0769230769230769,5,0,0,rank,1,20.4,24
train,syn_n200_k05_cluster_corr_mixed_extreme_events_r03_s20260729,10,theta_200,1.0439629640412935,0.0535666767159582,0.3963888888888888,0.0836485603901093,1.0907793392245786,7.704389006666667,1.0,1.0,12.0,3.0,22.0,7.8,1,theta_200,DE/best,fixed,1%,crowding-pruned,repair+feasible-first,5,best2,paper,0.01,10,0.0769230769230769,5,0,0,rank,1,4.8999999999999995,1
train,syn_n200_k05_cluster_corr_mixed_extreme_events_r03_s20260729,10,theta_144,1.033020271159058,0.0717679805862518,0.4747222222222221,0.0817139314233415,0.9160342281921776,3.3010602333333336,15.5,15.5,1.5,1.5,8.0,8.4,5,theta_144,mixed,none,10%,crowding-pruned,repair+feasible-first,3,mixed,none,0.1,20,0.0769230769230769,5,0,0,rank,1,7.1000000000000005,2
train,syn_n200_k05_cluster_corr_mixed_extreme_events_r03_s20260729,10,theta_159,1.033020271159058,0.0717679805862518,0.4747222222222221,0.0817139314233415,0.9160342281921776,5.254929713333334,15.5,15.5,1.5,1.5,20.0,10.8,13,theta_159,mixed,adaptive,5%,crowding-pruned,repair+feasible-first,3,mixed,stable,0.05,20,0.0769230769230769,5,0,0,rank,1,7.1000000000000005,3
train,syn_n200_k05_cluster_corr_mixed_extreme_events_r03_s20260729,10,theta_067,1.0355101311517372,0.0667657771221669,0.4197222222222223,0.0856430815503855,0.933789501166936,6.726183963333332,10.0,10.0,7.0,5.0,21.0,10.6,11,theta_067,mixed,fixed,5%,crowding-pruned,repair+feasible-first,2,mixed,paper,0.05,5,0.0769230769230769,5,0,0,rank,1,7.6,4
train,syn_n200_k05_cluster_corr_mixed_extreme_events_r03_s20260729,10,theta_076,1.0355101311517372,0.0667657771221669,0.4197222222222223,0.0856430815503855,0.933789501166936,3.4156793266666665,10.0,10.0,7.0,5.0,11.0,8.6,7,theta_076,mixed,adaptive,5%,crowding-pruned,repair+feasible-first,2,mixed,stable,0.05,5,0.0769230769230769,5,0,0,rank,1,7.6,5
train,syn_n200_k05_cluster_corr_mixed_extreme_events_r03_s20260729,10,theta_078,1.0355101311517372,0.0667657771221669,0.4197222222222223,0.0856430815503855,0.933789501166936,3.4150234733333327,10.0,10.0,7.0,5.0,10.0,8.4,4,theta_078,mixed,adaptive,5%,crowding-pruned,repair+feasible-first,2,mixed,stable,0.05,20,0.0769230769230769,5,0,0,rank,1,7.6,6
train,syn_n200_k05_cluster_corr_mixed_extreme_events_r03_s20260729,10,theta_118,1.0369757394250827,0.0591882819991473,0.3938888888888889,0.0885151032806841,1.060423066553229,3.744714786666667,7.0,7.0,14.0,8.0,18.0,10.8,12,theta_118,DE/best,fixed,1%,crowding-pruned,repair+feasible-first,3,best2,paper,0.01,5,0.0769230769230769,5,0,0,rank,1,9.4,7
train,syn_n200_k05_cluster_corr_mixed_extreme_events_r03_s20260729,10,theta_131,1.0369757394250827,0.0591882819991473,0.3938888888888889,0.0885151032806841,1.060423066553229,3.3106432666666668,7.0,7.0,14.0,8.0,9.0,9.0,9,theta_131,DE/best,adaptive,5%,crowding-pruned,repair+feasible-first,3,best2,stable,0.05,10,0.0769230769230769,5,0,0,rank,1,9.4,8
train,syn_n200_k05_cluster_corr_mixed_extreme_events_r03_s20260729,10,theta_132,1.0369757394250827,0.0591882819991473,0.3938888888888889,0.0885151032806841,1.060423066553229,3.5059839899999994,7.0,7.0,14.0,8.0,15.0,10.2,10,theta_132,DE/best,adaptive,5%,crowding-pruned,repair+feasible-first,3,best2,stable,0.05,20,0.0769230769230769,5,0,0,rank,1,9.4,9
train,syn_n200_k05_cluster_corr_mixed_extreme_events_r03_s20260729,10,theta_034,1.0402939583176487,0.0588868374692613,0.3688888888888889,0.0915980275330445,1.0291777857115365,2.559918113333333,3.5,3.5,18.5,12.5,3.0,8.2,3,theta_034,DE/best,none,10%,crowding-pruned,repair+feasible-first,2,best2,none,0.1,5,0.0769230769230769,5,0,0,rank,1,10.7,10
train,syn_n200_k05_cluster_corr_mixed_extreme_events_r03_s20260729,10,theta_037,1.0402939583176487,0.0588868374692613,0.3688888888888889,0.0915980275330445,1.0291777857115365,2.536605306666667,3.5,3.5,18.5,12.5,2.0,8.0,2,theta_037,DE/best,fixed,1%,crowding-pruned,repair+feasible-first,2,best2,paper,0.01,5,0.0769230769230769,5,0,0,rank,1,10.7,11
train,syn_n200_k05_cluster_corr_mixed_extreme_events_r03_s20260729,10,theta_045,1.0402939583176487,0.0588868374692613,0.3688888888888889,0.0915980275330445,1.0291777857115365,3.06346726,3.5,3.5,18.5,12.5,5.0,8.6,6,theta_045,DE/best,fixed,10%,crowding-pruned,repair+feasible-first,2,best2,paper,0.1,20,0.0769230769230769,5,0,0,rank,1,10.7,12
train,syn_n200_k05_cluster_corr_mixed_extreme_events_r03_s20260729,10,theta_047,1.0402939583176487,0.0588868374692613,0.3688888888888889,0.0915980275330445,1.0291777857115365,3.18078664,3.5,3.5,18.5,12.5,6.0,8.8,8,theta_047,DE/best,adaptive,1%,crowding-pruned,repair+feasible-first,2,best2,stable,0.01,10,0.0769230769230769,5,0,0,rank,1,10.7,13
train,syn_n200_k05_cluster_corr_mixed_extreme_events_r03_s20260729,10,theta_084,1.0335305483222603,0.0693945493351373,0.4155555555555555,0.092734255601582,0.9372705148003236,2.750848916666666,13.0,13.0,10.0,20.0,4.0,12.0,14,theta_084,DE/rand,none,1%,crowding-pruned,repair+feasible-first,3,rand2,none,0.01,20,0.0769230769230769,5,0,0,rank,1,14.2,14
train,syn_n200_k05_cluster_corr_mixed_extreme_events_r03_s20260729,10,theta_086,1.0335305483222603,0.0693945493351373,0.4155555555555555,0.092734255601582,0.9372705148003236,3.1946923666666667,13.0,13.0,10.0,20.0,7.0,12.6,16,theta_086,DE/rand,none,5%,crowding-pruned,repair+feasible-first,3,rand2,none,0.05,10,0.0769230769230769,5,0,0,rank,1,14.2,15
train,syn_n200_k05_cluster_corr_mixed_extreme_events_r03_s20260729,10,theta_089,1.0335305483222603,0.0693945493351373,0.4155555555555555,0.092734255601582,0.9372705148003236,3.8782266866666655,13.0,13.0,10.0,20.0,19.0,15.0,17,theta_089,DE/rand,none,10%,crowding-pruned,repair+feasible-first,3,rand2,none,0.1,10,0.0769230769230769,5,0,0,rank,1,14.2,16
train,syn_n200_k05_cluster_corr_mixed_extreme_events_r03_s20260729,10,theta_011,1.0294906993533357,0.0731637718682056,0.3852777777777778,0.0886766464406501,0.9146757817034316,1.8700612266666667,17.0,17.0,16.0,10.0,1.0,12.2,15,theta_011,DE/rand,fixed,1%,crowding-pruned,repair+feasible-first,2,rand2,paper,0.01,10,0.0769230769230769,5,0,0,rank,1,14.600000000000001,17
train,syn_n200_k05_cluster_corr_mixed_extreme_events_r03_s20260729,10,theta_223,1.0233099052862238,0.0746584312692099,0.4394444444444445,0.1062714198336914,0.9453568043182206,8.192056043333332,23.0,23.0,4.0,23.0,24.0,19.4,24,theta_223,mixed,none,10%,crowding-pruned,repair+feasible-first,5,mixed,none,0.1,5,0.0769230769230769,5,0,0,rank,1,17.3,18
train,syn_n200_k05_cluster_corr_mixed_extreme_events_r03_s20260729,10,theta_234,1.0233099052862238,0.0746584312692099,0.4394444444444445,0.1062714198336914,0.9453568043182206,7.8351110733333345,23.0,23.0,4.0,23.0,23.0,19.2,23,theta_234,mixed,fixed,10%,crowding-pruned,repair+feasible-first,5,mixed,paper,0.1,20,0.0769230769230769,5,0,0,rank,1,17.3,19
train,syn_n200_k05_cluster_corr_mixed_extreme_events_r03_s20260729,10,theta_237,1.0233099052862238,0.0746584312692099,0.4394444444444445,0.1062714198336914,0.9453568043182206,3.499413666666668,23.0,23.0,4.0,23.0,14.0,17.4,18,theta_237,mixed,adaptive,1%,crowding-pruned,repair+feasible-first,5,mixed,stable,0.01,20,0.0769230769230769,5,0,0,rank,1,17.3,20
train,syn_n200_k05_cluster_corr_mixed_extreme_events_r03_s20260729,10,theta_164,1.0245963243118823,0.0737117175196914,0.3661111111111111,0.0926017892594697,0.99335234663512,3.4825992866666677,19.5,19.5,22.5,16.5,12.0,18.0,19,theta_164,DE/rand,none,1%,crowding-pruned,repair+feasible-first,5,rand2,none,0.01,10,0.0769230769230769,5,0,0,rank,1,19.5,21
train,syn_n200_k05_cluster_corr_mixed_extreme_events_r03_s20260729,10,theta_170,1.0245963243118823,0.0737117175196914,0.3661111111111111,0.0926017892594697,0.99335234663512,3.6608737700000007,19.5,19.5,22.5,16.5,17.0,19.0,22,theta_170,DE/rand,none,10%,crowding-pruned,repair+feasible-first,5,rand2,none,0.1,10,0.0769230769230769,5,0,0,rank,1,19.5,22
train,syn_n200_k05_cluster_corr_mixed_extreme_events_r03_s20260729,10,theta_175,1.0245963243118823,0.0737117175196914,0.3661111111111111,0.0926017892594697,0.99335234663512,3.53594985,19.5,19.5,22.5,16.5,16.0,18.8,21,theta_175,DE/rand,fixed,5%,crowding-pruned,repair+feasible-first,5,rand2,paper,0.05,5,0.0769230769230769,5,0,0,rank,1,19.5,23
train,syn_n200_k05_cluster_corr_mixed_extreme_events_r03_s20260729,10,theta_189,1.0245963243118823,0.0737117175196914,0.3661111111111111,0.0926017892594697,0.99335234663512,3.4940129700000004,19.5,19.5,22.5,16.5,13.0,18.2,20,theta_189,DE/rand,adaptive,10%,crowding-pruned,repair+feasible-first,5,rand2,stable,0.1,20,0.0769230769230769,5,0,0,rank,1,19.5,24
train,syn_n200_k05_high_corr_mixed_high_vol_r02_s20260726,10,theta_200,1.1093294053794729,0.018057975430293,0.7811111111111111,0.037150868211358,0.8289594169061199,8.246776026666668,4.0,1.0,1.0,4.0,24.0,6.8,4,theta_200,DE/best,fixed,1%,crowding-pruned,repair+feasible-first,5,best2,paper,0.01,10,0.0769230769230769,5,0,0,rank,1,2.5,1
train,syn_n200_k05_high_corr_mixed_high_vol_r02_s20260726,10,theta_084,1.111067747796484,0.0186368652296722,0.7266666666666668,0.0368596377287405,0.8291626915645531,2.714973646666667,2.0,3.0,6.0,2.0,4.0,3.4,1,theta_084,DE/rand,none,1%,crowding-pruned,repair+feasible-first,3,rand2,none,0.01,20,0.0769230769230769,5,0,0,rank,1,3.4,2
train,syn_n200_k05_high_corr_mixed_high_vol_r02_s20260726,10,theta_086,1.111067747796484,0.0186368652296722,0.7266666666666668,0.0368596377287405,0.8291626915645531,2.9762259600000003,2.0,3.0,6.0,2.0,5.0,3.6,2,theta_086,DE/rand,none,5%,crowding-pruned,repair+feasible-first,3,rand2,none,0.05,10,0.0769230769230769,5,0,0,rank,1,3.4,3
train,syn_n200_k05_high_corr_mixed_high_vol_r02_s20260726,10,theta_089,1.111067747796484,0.0186368652296722,0.7266666666666668,0.0368596377287405,0.8291626915645531,3.710808363333333,2.0,3.0,6.0,2.0,17.0,6.0,3,theta_089,DE/rand,none,10%,crowding-pruned,repair+feasible-first,3,rand2,none,0.1,10,0.0769230769230769,5,0,0,rank,1,3.4,4
train,syn_n200_k05_high_corr_mixed_high_vol_r02_s20260726,10,theta_223,1.1057873462947252,0.0253314622885893,0.7394444444444446,0.0435916220594064,0.8717956476391895,7.999609199999999,9.0,13.0,3.0,6.0,23.0,10.8,11,theta_223,mixed,none,10%,crowding-pruned,repair+feasible-first,5,mixed,none,0.1,5,0.0769230769230769,5,0,0,rank,1,7.1000000000000005,5
train,syn_n200_k05_high_corr_mixed_high_vol_r02_s20260726,10,theta_234,1.1057873462947252,0.0253314622885893,0.7394444444444446,0.0435916220594064,0.8717956476391895,7.990573966666667,9.0,13.0,3.0,6.0,22.0,10.6,9,theta_234,mixed,fixed,10%,crowding-pruned,repair+feasible-first,5,mixed,paper,0.1,20,0.0769230769230769,5,0,0,rank,1,7.1000000000000005,6
train,syn_n200_k05_high_corr_mixed_high_vol_r02_s20260726,10,theta_237,1.1057873462947252,0.0253314622885893,0.7394444444444446,0.0435916220594064,0.8717956476391895,3.625831013333333,9.0,13.0,3.0,6.0,14.0,9.0,5,theta_237,mixed,adaptive,1%,crowding-pruned,repair+feasible-first,5,mixed,stable,0.01,20,0.0769230769230769,5,0,0,rank,1,7.1000000000000005,7
train,syn_n200_k05_high_corr_mixed_high_vol_r02_s20260726,10,theta_118,1.1071920011252443,0.0231621171341653,0.6902777777777779,0.0522336800208403,0.8747873194308065,3.52944502,6.0,6.0,10.0,13.0,11.0,9.2,6,theta_118,DE/best,fixed,1%,crowding-pruned,repair+feasible-first,3,best2,paper,0.01,5,0.0769230769230769,5,0,0,rank,1,9.3,8
train,syn_n200_k05_high_corr_mixed_high_vol_r02_s20260726,10,theta_131,1.1071920011252443,0.0231621171341653,0.6902777777777779,0.0522336800208403,0.8747873194308065,3.554627773333334,6.0,6.0,10.0,13.0,12.0,9.4,7,theta_131,DE/best,adaptive,5%,crowding-pruned,repair+feasible-first,3,best2,stable,0.05,10,0.0769230769230769,5,0,0,rank,1,9.3,9
train,syn_n200_k05_high_corr_mixed_high_vol_r02_s20260726,10,theta_132,1.1071920011252443,0.0231621171341653,0.6902777777777779,0.0522336800208403,0.8747873194308065,3.65379096,6.0,6.0,10.0,13.0,16.0,10.2,8,theta_132,DE/best,adaptive,5%,crowding-pruned,repair+feasible-first,3,best2,stable,0.05,20,0.0769230769230769,5,0,0,rank,1,9.3,10
train,syn_n200_k05_high_corr_mixed_high_vol_r02_s20260726,10,theta_164,1.1033952873899229,0.0236091670609034,0.6563888888888889,0.0447994402094649,0.8684535967579623,3.5273067033333327,12.5,9.5,13.5,9.5,10.0,11.0,12,theta_164,DE/rand,none,1%,crowding-pruned,repair+feasible-first,5,rand2,none,0.01,10,0.0769230769230769,5,0,0,rank,1,11.299999999999999,11
train,syn_n200_k05_high_corr_mixed_high_vol_r02_s20260726,10,theta_170,1.1033952873899229,0.0236091670609034,0.6563888888888889,0.0447994402094649,0.8684535967579623,3.5552036266666662,12.5,9.5,13.5,9.5,13.0,11.6,13,theta_170,DE/rand,none,10%,crowding-pruned,repair+feasible-first,5,rand2,none,0.1,10,0.0769230769230769,5,0,0,rank,1,11.299999999999999,12
train,syn_n200_k05_high_corr_mixed_high_vol_r02_s20260726,10,theta_175,1.1033952873899229,0.0236091670609034,0.6563888888888889,0.0447994402094649,0.8684535967579623,3.772778913333333,12.5,9.5,13.5,9.5,18.0,12.6,14,theta_175,DE/rand,fixed,5%,crowding-pruned,repair+feasible-first,5,rand2,paper,0.05,5,0.0769230769230769,5,0,0,rank,1,11.299999999999999,13
train,syn_n200_k05_high_corr_mixed_high_vol_r02_s20260726,10,theta_189,1.1033952873899229,0.0236091670609034,0.6563888888888889,0.0447994402094649,0.8684535967579623,4.067419616666666,12.5,9.5,13.5,9.5,20.0,13.0,15,theta_189,DE/rand,adaptive,10%,crowding-pruned,repair+feasible-first,5,rand2,stable,0.1,20,0.0769230769230769,5,0,0,rank,1,11.299999999999999,14
train,syn_n200_k05_high_corr_mixed_high_vol_r02_s20260726,10,theta_011,1.092831520801185,0.0333054853419832,0.7025000000000002,0.0657848245859317,0.827336636804848,1.8923224766666669,15.0,15.0,8.0,15.0,1.0,10.8,10,theta_011,DE/rand,fixed,1%,crowding-pruned,repair+feasible-first,2,rand2,paper,0.01,10,0.0769230769230769,5,0,0,rank,1,12.9,15
train,syn_n200_k05_high_corr_mixed_high_vol_r02_s20260726,10,theta_144,1.0849920079313935,0.0401997859163988,0.5969444444444445,0.0715680566827883,0.9073269065166484,3.6497952866666665,16.5,16.5,19.5,16.5,15.0,16.8,18,theta_144,mixed,none,10%,crowding-pruned,repair+feasible-first,3,mixed,none,0.1,20,0.0769230769230769,5,0,0,rank,1,17.4,16
train,syn_n200_k05_high_corr_mixed_high_vol_r02_s20260726,10,theta_159,1.0849920079313935,0.0401997859163988,0.5969444444444445,0.0715680566827883,0.9073269065166484,4.05706483,16.5,16.5,19.5,16.5,19.0,17.6,21,theta_159,mixed,adaptive,5%,crowding-pruned,repair+feasible-first,3,mixed,stable,0.05,20,0.0769230769230769,5,0,0,rank,1,17.4,17
train,syn_n200_k05_high_corr_mixed_high_vol_r02_s20260726,10,theta_034,1.0759928467520732,0.0496145114722242,0.5675,0.0880635996483336,0.9077307412123806,2.606740226666666,19.5,19.5,22.5,19.5,2.0,16.6,16,theta_034,DE/best,none,10%,crowding-pruned,repair+feasible-first,2,best2,none,0.1,5,0.0769230769230769,5,0,0,rank,1,20.4,18
train,syn_n200_k05_high_corr_mixed_high_vol_r02_s20260726,10,theta_037,1.0759928467520732,0.0496145114722242,0.5675,0.0880635996483336,0.9077307412123806,2.6133033933333336,19.5,19.5,22.5,19.5,3.0,16.8,17,theta_037,DE/best,fixed,1%,crowding-pruned,repair+feasible-first,2,best2,paper,0.01,5,0.0769230769230769,5,0,0,rank,1,20.4,19
train,syn_n200_k05_high_corr_mixed_high_vol_r02_s20260726,10,theta_045,1.0759928467520732,0.0496145114722242,0.5675,0.0880635996483336,0.9077307412123806,3.0875810666666665,19.5,19.5,22.5,19.5,6.0,17.4,19,theta_045,DE/best,fixed,10%,crowding-pruned,repair+feasible-first,2,best2,paper,0.1,20,0.0769230769230769,5,0,0,rank,1,20.4,20
train,syn_n200_k05_high_corr_mixed_high_vol_r02_s20260726,10,theta_047,1.0759928467520732,0.0496145114722242,0.5675,0.0880635996483336,0.9077307412123806,3.381318993333333,19.5,19.5,22.5,19.5,7.0,17.6,20,theta_047,DE/best,adaptive,1%,crowding-pruned,repair+feasible-first,2,best2,stable,0.01,10,0.0769230769230769,5,0,0,rank,1,20.4,21
train,syn_n200_k05_high_corr_mixed_high_vol_r02_s20260726,10,theta_067,1.0748895061600587,0.0511440950783769,0.6269444444444444,0.0903045088113243,0.8623090448701508,5.938962366666667,23.0,23.0,17.0,23.0,21.0,21.4,24,theta_067,mixed,fixed,5%,crowding-pruned,repair+feasible-first,2,mixed,paper,0.05,5,0.0769230769230769,5,0,0,rank,1,21.2,22
train,syn_n200_k05_high_corr_mixed_high_vol_r02_s20260726,10,theta_076,1.0748895061600587,0.0511440950783769,0.6269444444444444,0.0903045088113243,0.8623090448701508,3.444576486666667,23.0,23.0,17.0,23.0,9.0,19.0,23,theta_076,mixed,adaptive,5%,crowding-pruned,repair+feasible-first,2,mixed,stable,0.05,5,0.0769230769230769,5,0,0,rank,1,21.2,23
train,syn_n200_k05_high_corr_mixed_high_vol_r02_s20260726,10,theta_078,1.0748895061600587,0.0511440950783769,0.6269444444444444,0.0903045088113243,0.8623090448701508,3.433189893333333,23.0,23.0,17.0,23.0,8.0,18.8,22,theta_078,mixed,adaptive,5%,crowding-pruned,repair+feasible-first,2,mixed,stable,0.05,20,0.0769230769230769,5,0,0,rank,1,21.2,24
train,syn_n200_k05_high_corr_normal_low_vol_r03_s20260727,10,theta_067,1.0503753447824344,0.0370723422424895,0.6819444444444446,0.063596569101917,0.7634744746561768,4.858903183333333,2.0,2.0,2.0,9.0,20.0,7.0,8,theta_067,mixed,fixed,5%,crowding-pruned,repair+feasible-first,2,mixed,paper,0.05,5,0.0769230769230769,5,0,0,rank,1,4.1,1
train,syn_n200_k05_high_corr_normal_low_vol_r03_s20260727,10,theta_076,1.0503753447824344,0.0370723422424895,0.6819444444444446,0.063596569101917,0.7634744746561768,3.48456885,2.0,2.0,2.0,9.0,9.0,4.8,1,theta_076,mixed,adaptive,5%,crowding-pruned,repair+feasible-first,2,mixed,stable,0.05,5,0.0769230769230769,5,0,0,rank,1,4.1,2
train,syn_n200_k05_high_corr_normal_low_vol_r03_s20260727,10,theta_078,1.0503753447824344,0.0370723422424895,0.6819444444444446,0.063596569101917,0.7634744746561768,3.5271813666666665,2.0,2.0,2.0,9.0,11.0,5.2,4,theta_078,mixed,adaptive,5%,crowding-pruned,repair+feasible-first,2,mixed,stable,0.05,20,0.0769230769230769,5,0,0,rank,1,4.1,3
train,syn_n200_k05_high_corr_normal_low_vol_r03_s20260727,10,theta_034,1.0470929522223074,0.0450106422316437,0.5502777777777778,0.0549942469788777,0.8374764249515005,2.7119689766666677,5.5,6.5,8.5,2.5,3.0,5.2,3,theta_034,DE/best,none,10%,crowding-pruned,repair+feasible-first,2,best2,none,0.1,5,0.0769230769230769,5,0,0,rank,1,5.7,4
train,syn_n200_k05_high_corr_normal_low_vol_r03_s20260727,10,theta_037,1.0470929522223074,0.0450106422316437,0.5502777777777778,0.0549942469788777,0.8374764249515005,2.604390813333333,5.5,6.5,8.5,2.5,2.0,5.0,2,theta_037,DE/best,fixed,1%,crowding-pruned,repair+feasible-first,2,best2,paper,0.01,5,0.0769230769230769,5,0,0,rank,1,5.7,5
train,syn_n200_k05_high_corr_normal_low_vol_r03_s20260727,10,theta_045,1.0470929522223074,0.0450106422316437,0.5502777777777778,0.0549942469788777,0.8374764249515005,3.1622203766666668,5.5,6.5,8.5,2.5,6.0,5.8,5,theta_045,DE/best,fixed,10%,crowding-pruned,repair+feasible-first,2,best2,paper,0.1,20,0.0769230769230769,5,0,0,rank,1,5.7,6
train,syn_n200_k05_high_corr_normal_low_vol_r03_s20260727,10,theta_047,1.0470929522223074,0.0450106422316437,0.5502777777777778,0.0549942469788777,0.8374764249515005,3.4724175166666678,5.5,6.5,8.5,2.5,8.0,6.2,7,theta_047,DE/best,adaptive,1%,crowding-pruned,repair+feasible-first,2,best2,stable,0.01,10,0.0769230769230769,5,0,0,rank,1,5.7,7
train,syn_n200_k05_high_corr_normal_low_vol_r03_s20260727,10,theta_011,1.0406885382716375,0.042845432145242,0.5913888888888889,0.0725013893499889,0.7438405463243611,1.9596406266666664,8.0,4.0,6.0,12.0,1.0,6.2,6,theta_011,DE/rand,fixed,1%,crowding-pruned,repair+feasible-first,2,rand2,paper,0.01,10,0.0769230769230769,5,0,0,rank,1,7.8,8
train,syn_n200_k05_high_corr_normal_low_vol_r03_s20260727,10,theta_200,1.0317413544624734,0.0495527711385454,0.5072222222222222,0.0665870039035046,0.8155865458680889,8.044388410000002,9.0,12.0,14.0,11.0,24.0,14.0,12,theta_200,DE/best,fixed,1%,crowding-pruned,repair+feasible-first,5,best2,paper,0.01,10,0.0769230769230769,5,0,0,rank,1,11.7,9
train,syn_n200_k05_high_corr_normal_low_vol_r03_s20260727,10,theta_084,1.0316042244873738,0.048049038786827,0.5327777777777778,0.0738898318345382,0.7649177520413036,2.8167845233333337,11.0,10.0,12.0,14.0,4.0,10.2,9,theta_084,DE/rand,none,1%,crowding-pruned,repair+feasible-first,3,rand2,none,0.01,20,0.0769230769230769,5,0,0,rank,1,12.0,10
train,syn_n200_k05_high_corr_normal_low_vol_r03_s20260727,10,theta_086,1.0316042244873738,0.048049038786827,0.5327777777777778,0.0738898318345382,0.7649177520413036,3.0427500900000006,11.0,10.0,12.0,14.0,5.0,10.4,10,theta_086,DE/rand,none,5%,crowding-pruned,repair+feasible-first,3,rand2,none,0.05,10,0.0769230769230769,5,0,0,rank,1,12.0,11
train,syn_n200_k05_high_corr_normal_low_vol_r03_s20260727,10,theta_089,1.0316042244873738,0.048049038786827,0.5327777777777778,0.0738898318345382,0.7649177520413036,3.7107279,11.0,10.0,12.0,14.0,15.0,12.4,11,theta_089,DE/rand,none,10%,crowding-pruned,repair+feasible-first,3,rand2,none,0.1,10,0.0769230769230769,5,0,0,rank,1,12.0,12
train,syn_n200_k05_high_corr_normal_low_vol_r03_s20260727,10,theta_223,1.0303051735319475,0.0522098004526242,0.4749999999999999,0.0626555937934576,0.7866700613439304,7.92388709,14.0,18.0,23.0,6.0,22.0,16.6,18,theta_223,mixed,none,10%,crowding-pruned,repair+feasible-first,5,mixed,none,0.1,5,0.0769230769230769,5,0,0,rank,1,15.100000000000001,13
train,syn_n200_k05_high_corr_normal_low_vol_r03_s20260727,10,theta_234,1.0303051735319475,0.0522098004526242,0.4749999999999999,0.0626555937934576,0.7866700613439304,7.971171629999999,14.0,18.0,23.0,6.0,23.0,16.8,19,theta_234,mixed,fixed,10%,crowding-pruned,repair+feasible-first,5,mixed,paper,0.1,20,0.0769230769230769,5,0,0,rank,1,15.100000000000001,14
train,syn_n200_k05_high_corr_normal_low_vol_r03_s20260727,10,theta_237,1.0303051735319475,0.0522098004526242,0.4749999999999999,0.0626555937934576,0.7866700613439304,3.557446726666667,14.0,18.0,23.0,6.0,13.0,14.8,13,theta_237,mixed,adaptive,1%,crowding-pruned,repair+feasible-first,5,mixed,stable,0.01,20,0.0769230769230769,5,0,0,rank,1,15.100000000000001,15
train,syn_n200_k05_high_corr_normal_low_vol_r03_s20260727,10,theta_144,1.0284081596180197,0.0528061385119942,0.6280555555555556,0.0788586947189494,0.7428497176379663,3.313631009999999,23.5,20.5,4.5,20.5,7.0,15.2,14,theta_144,mixed,none,10%,crowding-pruned,repair+feasible-first,3,mixed,none,0.1,20,0.0769230769230769,5,0,0,rank,1,16.3,16
train,syn_n200_k05_high_corr_normal_low_vol_r03_s20260727,10,theta_159,1.0284081596180197,0.0528061385119942,0.6280555555555556,0.0788586947189494,0.7428497176379663,3.998068603333333,23.5,20.5,4.5,20.5,19.0,17.6,21,theta_159,mixed,adaptive,5%,crowding-pruned,repair+feasible-first,3,mixed,stable,0.05,20,0.0769230769230769,5,0,0,rank,1,16.3,17
train,syn_n200_k05_high_corr_normal_low_vol_r03_s20260727,10,theta_164,1.0288211712027862,0.0518838230302538,0.4983333333333333,0.0767910992528886,0.7548786071553386,3.7148954933333327,17.5,14.5,16.5,17.5,17.0,16.6,17,theta_164,DE/rand,none,1%,crowding-pruned,repair+feasible-first,5,rand2,none,0.01,10,0.0769230769230769,5,0,0,rank,1,16.6,18
train,syn_n200_k05_high_corr_normal_low_vol_r03_s20260727,10,theta_170,1.0288211712027862,0.0518838230302538,0.4983333333333333,0.0767910992528886,0.7548786071553386,3.71453366,17.5,14.5,16.5,17.5,16.0,16.4,16,theta_170,DE/rand,none,10%,crowding-pruned,repair+feasible-first,5,rand2,none,0.1,10,0.0769230769230769,5,0,0,rank,1,16.6,19
train,syn_n200_k05_high_corr_normal_low_vol_r03_s20260727,10,theta_175,1.0288211712027862,0.0518838230302538,0.4983333333333333,0.0767910992528886,0.7548786071553386,3.618026056666667,17.5,14.5,16.5,17.5,14.0,16.0,15,theta_175,DE/rand,fixed,5%,crowding-pruned,repair+feasible-first,5,rand2,paper,0.05,5,0.0769230769230769,5,0,0,rank,1,16.6,20
train,syn_n200_k05_high_corr_normal_low_vol_r03_s20260727,10,theta_189,1.0288211712027862,0.0518838230302538,0.4983333333333333,0.0767910992528886,0.7548786071553386,6.15739137,17.5,14.5,16.5,17.5,21.0,17.4,20,theta_189,DE/rand,adaptive,10%,crowding-pruned,repair+feasible-first,5,rand2,stable,0.1,20,0.0769230769230769,5,0,0,rank,1,16.6,21
train,syn_n200_k05_high_corr_normal_low_vol_r03_s20260727,10,theta_118,1.028688284557485,0.0565331294206435,0.4805555555555554,0.0819618334618287,0.7723419694175786,3.95390559,21.0,23.0,20.0,23.0,18.0,21.0,24,theta_118,DE/best,fixed,1%,crowding-pruned,repair+feasible-first,3,best2,paper,0.01,5,0.0769230769230769,5,0,0,rank,1,21.7,22
train,syn_n200_k05_high_corr_normal_low_vol_r03_s20260727,10,theta_131,1.028688284557485,0.0565331294206435,0.4805555555555554,0.0819618334618287,0.7723419694175786,3.5346469966666665,21.0,23.0,20.0,23.0,12.0,19.8,23,theta_131,DE/best,adaptive,5%,crowding-pruned,repair+feasible-first,3,best2,stable,0.05,10,0.0769230769230769,5,0,0,rank,1,21.7,23
train,syn_n200_k05_high_corr_normal_low_vol_r03_s20260727,10,theta_132,1.028688284557485,0.0565331294206435,0.4805555555555554,0.0819618334618287,0.7723419694175786,3.5241813733333327,21.0,23.0,20.0,23.0,10.0,19.4,22,theta_132,DE/best,adaptive,5%,crowding-pruned,repair+feasible-first,3,best2,stable,0.05,20,0.0769230769230769,5,0,0,rank,1,21.7,24
train,syn_n200_k05_low_corr_heavy_tail_high_vol_r03_s20260723,10,theta_200,1.0841171811271246,0.0687456399330188,0.3775,0.0930412708900611,1.1148345800984438,7.397712153333334,4.0,1.0,1.0,13.0,23.0,8.4,7,theta_200,DE/best,fixed,1%,crowding-pruned,repair+feasible-first,5,best2,paper,0.01,10,0.0769230769230769,5,0,0,rank,1,5.2,1
train,syn_n200_k05_low_corr_heavy_tail_high_vol_r03_s20260723,10,theta_118,1.091282734045656,0.0724457292743437,0.3688888888888888,0.0938654851026292,1.0659703931301607,3.036281103333334,2.0,3.0,3.0,15.0,8.0,6.2,1,theta_118,DE/best,fixed,1%,crowding-pruned,repair+feasible-first,3,best2,paper,0.01,5,0.0769230769230769,5,0,0,rank,1,6.4,2
train,syn_n200_k05_low_corr_heavy_tail_high_vol_r03_s20260723,10,theta_131,1.091282734045656,0.0724457292743437,0.3688888888888888,0.0938654851026292,1.0659703931301607,3.305536836666666,2.0,3.0,3.0,15.0,10.0,6.6,2,theta_131,DE/best,adaptive,5%,crowding-pruned,repair+feasible-first,3,best2,stable,0.05,10,0.0769230769230769,5,0,0,rank,1,6.4,3
train,syn_n200_k05_low_corr_heavy_tail_high_vol_r03_s20260723,10,theta_132,1.091282734045656,0.0724457292743437,0.3688888888888888,0.0938654851026292,1.0659703931301607,3.430621673333333,2.0,3.0,3.0,15.0,14.0,7.4,4,theta_132,DE/best,adaptive,5%,crowding-pruned,repair+feasible-first,3,best2,stable,0.05,20,0.0769230769230769,5,0,0,rank,1,6.4,4
train,syn_n200_k05_low_corr_heavy_tail_high_vol_r03_s20260723,10,theta_084,1.0779061906179177,0.1412762491332088,0.3247222222222222,0.0669619124817797,0.8440663512884324,2.6483352966666662,6.0,17.0,6.0,3.0,4.0,7.2,3,theta_084,DE/rand,none,1%,crowding-pruned,repair+feasible-first,3,rand2,none,0.01,20,0.0769230769230769,5,0,0,rank,1,7.300000000000001,5
train,syn_n200_k05_low_corr_heavy_tail_high_vol_r03_s20260723,10,theta_086,1.0779061906179177,0.1412762491332088,0.3247222222222222,0.0669619124817797,0.8440663512884324,2.983875196666667,6.0,17.0,6.0,3.0,7.0,7.8,5,theta_086,DE/rand,none,5%,crowding-pruned,repair+feasible-first,3,rand2,none,0.05,10,0.0769230769230769,5,0,0,rank,1,7.300000000000001,6
train,syn_n200_k05_low_corr_heavy_tail_high_vol_r03_s20260723,10,theta_089,1.0779061906179177,0.1412762491332088,0.3247222222222222,0.0669619124817797,0.8440663512884324,3.3386028566666672,6.0,17.0,6.0,3.0,11.0,8.6,8,theta_089,DE/rand,none,10%,crowding-pruned,repair+feasible-first,3,rand2,none,0.1,10,0.0769230769230769,5,0,0,rank,1,7.300000000000001,7
train,syn_n200_k05_low_corr_heavy_tail_high_vol_r03_s20260723,10,theta_011,1.0715862742428328,0.153999275218343,0.3158333333333333,0.0529472695707479,0.8153387192065545,1.7653658166666666,8.0,22.0,8.0,1.0,1.0,8.0,6,theta_011,DE/rand,fixed,1%,crowding-pruned,repair+feasible-first,2,rand2,paper,0.01,10,0.0769230769230769,5,0,0,rank,1,8.700000000000001,8
train,syn_n200_k05_low_corr_heavy_tail_high_vol_r03_s20260723,10,theta_223,1.0693870227587785,0.108190190926098,0.2855555555555555,0.0903994763052046,0.9783265355748338,7.419296679999999,10.0,10.0,10.0,11.0,24.0,13.0,13,theta_223,mixed,none,10%,crowding-pruned,repair+feasible-first,5,mixed,none,0.1,5,0.0769230769230769,5,0,0,rank,1,10.3,9
train,syn_n200_k05_low_corr_heavy_tail_high_vol_r03_s20260723,10,theta_234,1.0693870227587785,0.108190190926098,0.2855555555555555,0.0903994763052046,0.9783265355748338,6.924028186666669,10.0,10.0,10.0,11.0,22.0,12.6,11,theta_234,mixed,fixed,10%,crowding-pruned,repair+feasible-first,5,mixed,paper,0.1,20,0.0769230769230769,5,0,0,rank,1,10.3,10
train,syn_n200_k05_low_corr_heavy_tail_high_vol_r03_s20260723,10,theta_237,1.0693870227587785,0.108190190926098,0.2855555555555555,0.0903994763052046,0.9783265355748338,3.45764516,10.0,10.0,10.0,11.0,15.0,11.2,9,theta_237,mixed,adaptive,1%,crowding-pruned,repair+feasible-first,5,mixed,stable,0.01,20,0.0769230769230769,5,0,0,rank,1,10.3,11
train,syn_n200_k05_low_corr_heavy_tail_high_vol_r03_s20260723,10,theta_034,1.05379992060786,0.0943424760533706,0.2516666666666666,0.1082745961607475,1.092039554572969,2.48224549,17.5,6.5,17.5,18.5,2.0,12.4,10,theta_034,DE/best,none,10%,crowding-pruned,repair+feasible-first,2,best2,none,0.1,5,0.0769230769230769,5,0,0,rank,1,15.600000000000001,12
train,syn_n200_k05_low_corr_heavy_tail_high_vol_r03_s20260723,10,theta_037,1.05379992060786,0.0943424760533706,0.2516666666666666,0.1082745961607475,1.092039554572969,2.6714750166666668,17.5,6.5,17.5,18.5,5.0,13.0,12,theta_037,DE/best,fixed,1%,crowding-pruned,repair+feasible-first,2,best2,paper,0.01,5,0.0769230769230769,5,0,0,rank,1,15.600000000000001,13
train,syn_n200_k05_low_corr_heavy_tail_high_vol_r03_s20260723,10,theta_045,1.05379992060786,0.0943424760533706,0.2516666666666666,0.1082745961607475,1.092039554572969,3.037103853333334,17.5,6.5,17.5,18.5,9.0,13.8,15,theta_045,DE/best,fixed,10%,crowding-pruned,repair+feasible-first,2,best2,paper,0.1,20,0.0769230769230769,5,0,0,rank,1,15.600000000000001,14
train,syn_n200_k05_low_corr_heavy_tail_high_vol_r03_s20260723,10,theta_047,1.05379992060786,0.0943424760533706,0.2516666666666666,0.1082745961607475,1.092039554572969,2.9433907066666665,17.5,6.5,17.5,18.5,6.0,13.2,14,theta_047,DE/best,adaptive,1%,crowding-pruned,repair+feasible-first,2,best2,stable,0.01,10,0.0769230769230769,5,0,0,rank,1,15.600000000000001,15
train,syn_n200_k05_low_corr_heavy_tail_high_vol_r03_s20260723,10,theta_164,1.0640932077405636,0.1196123999114725,0.2761111111111111,0.115946812644982,0.9775179848911116,3.4642751299999994,13.5,13.5,13.5,22.5,16.0,15.8,17,theta_164,DE/rand,none,1%,crowding-pruned,repair+feasible-first,5,rand2,none,0.01,10,0.0769230769230769,5,0,0,rank,1,16.2,16
train,syn_n200_k05_low_corr_heavy_tail_high_vol_r03_s20260723,10,theta_170,1.0640932077405636,0.1196123999114725,0.2761111111111111,0.115946812644982,0.9775179848911116,3.99164467,13.5,13.5,13.5,22.5,20.0,16.6,20,theta_170,DE/rand,none,10%,crowding-pruned,repair+feasible-first,5,rand2,none,0.1,10,0.0769230769230769,5,0,0,rank,1,16.2,17
train,syn_n200_k05_low_corr_heavy_tail_high_vol_r03_s20260723,10,theta_175,1.0640932077405636,0.1196123999114725,0.2761111111111111,0.115946812644982,0.9775179848911116,3.4113880066666677,13.5,13.5,13.5,22.5,13.0,15.2,16,theta_175,DE/rand,fixed,5%,crowding-pruned,repair+feasible-first,5,rand2,paper,0.05,5,0.0769230769230769,5,0,0,rank,1,16.2,18
train,syn_n200_k05_low_corr_heavy_tail_high_vol_r03_s20260723,10,theta_189,1.0640932077405636,0.1196123999114725,0.2761111111111111,0.115946812644982,0.9775179848911116,4.943910503333334,13.5,13.5,13.5,22.5,21.0,16.8,21,theta_189,DE/rand,adaptive,10%,crowding-pruned,repair+feasible-first,5,rand2,stable,0.1,20,0.0769230769230769,5,0,0,rank,1,16.2,19
train,syn_n200_k05_low_corr_heavy_tail_high_vol_r03_s20260723,10,theta_067,1.046839054314985,0.1469206201330206,0.2394444444444444,0.0736624639736363,0.8667861184920462,3.82806577,21.0,20.0,21.0,6.0,18.0,17.2,23,theta_067,mixed,fixed,5%,crowding-pruned,repair+feasible-first,2,mixed,paper,0.05,5,0.0769230769230769,5,0,0,rank,1,16.3,20
train,syn_n200_k05_low_corr_heavy_tail_high_vol_r03_s20260723,10,theta_076,1.046839054314985,0.1469206201330206,0.2394444444444444,0.0736624639736363,0.8667861184920462,3.7690479766666662,21.0,20.0,21.0,6.0,17.0,17.0,22,theta_076,mixed,adaptive,5%,crowding-pruned,repair+feasible-first,2,mixed,stable,0.05,5,0.0769230769230769,5,0,0,rank,1,16.3,21
train,syn_n200_k05_low_corr_heavy_tail_high_vol_r03_s20260723,10,theta_078,1.046839054314985,0.1469206201330206,0.2394444444444444,0.0736624639736363,0.8667861184920462,3.39014877,21.0,20.0,21.0,6.0,12.0,16.0,18,theta_078,mixed,adaptive,5%,crowding-pruned,repair+feasible-first,2,mixed,stable,0.05,20,0.0769230769230769,5,0,0,rank,1,16.3,22
train,syn_n200_k05_low_corr_heavy_tail_high_vol_r03_s20260723,10,theta_144,1.0322718487110836,0.1932363160243197,0.2163888888888888,0.080543914267828,0.7571450528368138,2.57572104,23.5,23.5,23.5,8.5,3.0,16.4,19,theta_144,mixed,none,10%,crowding-pruned,repair+feasible-first,3,mixed,none,0.1,20,0.0769230769230769,5,0,0,rank,1,19.0,23
train,syn_n200_k05_low_corr_heavy_tail_high_vol_r03_s20260723,10,theta_159,1.0322718487110836,0.1932363160243197,0.2163888888888888,0.080543914267828,0.7571450528368138,3.9018555200000007,23.5,23.5,23.5,8.5,19.0,19.6,24,theta_159,mixed,adaptive,5%,crowding-pruned,repair+feasible-first,3,mixed,stable,0.05,20,0.0769230769230769,5,0,0,rank,1,19.0,24
train,syn_n200_k05_low_corr_normal_low_vol_r01_s20260728,10,theta_200,1.0612860209420751,0.0413047708624546,0.5333333333333333,0.0751989176954559,1.2277230098834806,7.635113839999999,1.0,1.0,1.0,2.0,24.0,5.8,1,theta_200,DE/best,fixed,1%,crowding-pruned,repair+feasible-first,5,best2,paper,0.01,10,0.0769230769230769,5,0,0,rank,1,1.2999999999999998,1
train,syn_n200_k05_low_corr_normal_low_vol_r01_s20260728,10,theta_118,1.05180069106823,0.0522178530292819,0.4333333333333333,0.0873308297511395,1.202357886002819,3.7831258866666655,3.0,3.0,3.0,16.0,18.0,8.6,4,theta_118,DE/best,fixed,1%,crowding-pruned,repair+feasible-first,3,best2,paper,0.01,5,0.0769230769230769,5,0,0,rank,1,6.9,2
train,syn_n200_k05_low_corr_normal_low_vol_r01_s20260728,10,theta_131,1.05180069106823,0.0522178530292819,0.4333333333333333,0.0873308297511395,1.202357886002819,3.5842220700000005,3.0,3.0,3.0,16.0,13.0,7.6,3,theta_131,DE/best,adaptive,5%,crowding-pruned,repair+feasible-first,3,best2,stable,0.05,10,0.0769230769230769,5,0,0,rank,1,6.9,3
train,syn_n200_k05_low_corr_normal_low_vol_r01_s20260728,10,theta_132,1.05180069106823,0.0522178530292819,0.4333333333333333,0.0873308297511395,1.202357886002819,3.29269421,3.0,3.0,3.0,16.0,8.0,6.6,2,theta_132,DE/best,adaptive,5%,crowding-pruned,repair+feasible-first,3,best2,stable,0.05,20,0.0769230769230769,5,0,0,rank,1,6.9,4
train,syn_n200_k05_low_corr_normal_low_vol_r01_s20260728,10,theta_084,1.0396166908912263,0.1326159490162447,0.3269444444444444,0.0838591076257271,0.963554473043148,2.68441457,9.0,13.0,10.0,11.0,5.0,9.6,7,theta_084,DE/rand,none,1%,crowding-pruned,repair+feasible-first,3,rand2,none,0.01,20,0.0769230769230769,5,0,0,rank,1,10.7,5
train,syn_n200_k05_low_corr_normal_low_vol_r01_s20260728,10,theta_086,1.0396166908912263,0.1326159490162447,0.3269444444444444,0.0838591076257271,0.963554473043148,3.0611131033333328,9.0,13.0,10.0,11.0,7.0,10.0,8,theta_086,DE/rand,none,5%,crowding-pruned,repair+feasible-first,3,rand2,none,0.05,10,0.0769230769230769,5,0,0,rank,1,10.7,6
train,syn_n200_k05_low_corr_normal_low_vol_r01_s20260728,10,theta_089,1.0396166908912263,0.1326159490162447,0.3269444444444444,0.0838591076257271,0.963554473043148,3.6225919166666665,9.0,13.0,10.0,11.0,14.0,11.4,10,theta_089,DE/rand,none,10%,crowding-pruned,repair+feasible-first,3,rand2,none,0.1,10,0.0769230769230769,5,0,0,rank,1,10.7,7
train,syn_n200_k05_low_corr_normal_low_vol_r01_s20260728,10,theta_034,1.0350311561604877,0.0867906374849352,0.3419444444444443,0.0981318008621317,1.1017152199739877,2.4939700300000003,12.5,6.5,6.5,19.5,2.0,9.4,5,theta_034,DE/best,none,10%,crowding-pruned,repair+feasible-first,2,best2,none,0.1,5,0.0769230769230769,5,0,0,rank,1,11.6,8
train,syn_n200_k05_low_corr_normal_low_vol_r01_s20260728,10,theta_037,1.0350311561604877,0.0867906374849352,0.3419444444444443,0.0981318008621317,1.1017152199739877,2.542100396666667,12.5,6.5,6.5,19.5,3.0,9.6,6,theta_037,DE/best,fixed,1%,crowding-pruned,repair+feasible-first,2,best2,paper,0.01,5,0.0769230769230769,5,0,0,rank,1,11.6,9
train,syn_n200_k05_low_corr_normal_low_vol_r01_s20260728,10,theta_045,1.0350311561604877,0.0867906374849352,0.3419444444444443,0.0981318008621317,1.1017152199739877,3.007752943333334,12.5,6.5,6.5,19.5,6.0,10.2,9,theta_045,DE/best,fixed,10%,crowding-pruned,repair+feasible-first,2,best2,paper,0.1,20,0.0769230769230769,5,0,0,rank,1,11.6,10
train,syn_n200_k05_low_corr_normal_low_vol_r01_s20260728,10,theta_047,1.0350311561604877,0.0867906374849352,0.3419444444444443,0.0981318008621317,1.1017152199739877,3.7936954799999993,12.5,6.5,6.5,19.5,19.0,12.8,13,theta_047,DE/best,adaptive,1%,crowding-pruned,repair+feasible-first,2,best2,stable,0.01,10,0.0769230769230769,5,0,0,rank,1,11.6,11
train,syn_n200_k05_low_corr_normal_low_vol_r01_s20260728,10,theta_223,1.0412449184321355,0.1320728351764719,0.2913888888888889,0.080585586770375,0.9685382146893812,7.571014259999999,6.0,10.0,23.0,8.0,23.0,14.0,15,theta_223,mixed,none,10%,crowding-pruned,repair+feasible-first,5,mixed,none,0.1,5,0.0769230769230769,5,0,0,rank,1,12.5,12
train,syn_n200_k05_low_corr_normal_low_vol_r01_s20260728,10,theta_234,1.0412449184321355,0.1320728351764719,0.2913888888888889,0.080585586770375,0.9685382146893812,7.49017044,6.0,10.0,23.0,8.0,22.0,13.8,14,theta_234,mixed,fixed,10%,crowding-pruned,repair+feasible-first,5,mixed,paper,0.1,20,0.0769230769230769,5,0,0,rank,1,12.5,13
train,syn_n200_k05_low_corr_normal_low_vol_r01_s20260728,10,theta_237,1.0412449184321355,0.1320728351764719,0.2913888888888889,0.080585586770375,0.9685382146893812,3.397493063333333,6.0,10.0,23.0,8.0,10.0,11.4,11,theta_237,mixed,adaptive,1%,crowding-pruned,repair+feasible-first,5,mixed,stable,0.01,20,0.0769230769230769,5,0,0,rank,1,12.5,14
train,syn_n200_k05_low_corr_normal_low_vol_r01_s20260728,10,theta_011,1.0327432809529606,0.1836498021353246,0.2997222222222221,0.0553535202911562,0.84263819096298,2.2848283900000004,19.0,24.0,17.0,1.0,1.0,12.4,12,theta_011,DE/rand,fixed,1%,crowding-pruned,repair+feasible-first,2,rand2,paper,0.01,10,0.0769230769230769,5,0,0,rank,1,14.000000000000002,15
train,syn_n200_k05_low_corr_normal_low_vol_r01_s20260728,10,theta_164,1.033366306240944,0.1580840189159315,0.2975,0.0799951630120019,0.9310075393881496,3.452972196666667,16.5,19.5,19.5,4.5,11.0,14.2,16,theta_164,DE/rand,none,1%,crowding-pruned,repair+feasible-first,5,rand2,none,0.01,10,0.0769230769230769,5,0,0,rank,1,14.4,16
train,syn_n200_k05_low_corr_normal_low_vol_r01_s20260728,10,theta_170,1.033366306240944,0.1580840189159315,0.2975,0.0799951630120019,0.9310075393881496,3.70436534,16.5,19.5,19.5,4.5,15.0,15.0,18,theta_170,DE/rand,none,10%,crowding-pruned,repair+feasible-first,5,rand2,none,0.1,10,0.0769230769230769,5,0,0,rank,1,14.4,17
train,syn_n200_k05_low_corr_normal_low_vol_r01_s20260728,10,theta_175,1.033366306240944,0.1580840189159315,0.2975,0.0799951630120019,0.9310075393881496,3.49383874,16.5,19.5,19.5,4.5,12.0,14.4,17,theta_175,DE/rand,fixed,5%,crowding-pruned,repair+feasible-first,5,rand2,paper,0.05,5,0.0769230769230769,5,0,0,rank,1,14.4,18
train,syn_n200_k05_low_corr_normal_low_vol_r01_s20260728,10,theta_189,1.033366306240944,0.1580840189159315,0.2975,0.0799951630120019,0.9310075393881496,4.846240036666667,16.5,19.5,19.5,4.5,21.0,16.2,20,theta_189,DE/rand,adaptive,10%,crowding-pruned,repair+feasible-first,5,rand2,stable,0.1,20,0.0769230769230769,5,0,0,rank,1,14.4,19
train,syn_n200_k05_low_corr_normal_low_vol_r01_s20260728,10,theta_144,1.0274938306415946,0.1755950750653741,0.3027777777777778,0.0862583984829166,0.8725559156865147,2.6201597,20.5,22.5,15.5,13.5,4.0,15.2,19,theta_144,mixed,none,10%,crowding-pruned,repair+feasible-first,3,mixed,none,0.1,20,0.0769230769230769,5,0,0,rank,1,17.3,20
train,syn_n200_k05_low_corr_normal_low_vol_r01_s20260728,10,theta_159,1.0274938306415946,0.1755950750653741,0.3027777777777778,0.0862583984829166,0.8725559156865147,3.7083608433333337,20.5,22.5,15.5,13.5,16.0,17.6,22,theta_159,mixed,adaptive,5%,crowding-pruned,repair+feasible-first,3,mixed,stable,0.05,20,0.0769230769230769,5,0,0,rank,1,17.3,21
train,syn_n200_k05_low_corr_normal_low_vol_r01_s20260728,10,theta_067,1.0246985536557822,0.1498474553202844,0.3055555555555555,0.1073445822534286,0.9411608635369204,4.086644016666667,23.0,16.0,13.0,23.0,20.0,19.0,24,theta_067,mixed,fixed,5%,crowding-pruned,repair+feasible-first,2,mixed,paper,0.05,5,0.0769230769230769,5,0,0,rank,1,18.6,22
train,syn_n200_k05_low_corr_normal_low_vol_r01_s20260728,10,theta_076,1.0246985536557822,0.1498474553202844,0.3055555555555555,0.1073445822534286,0.9411608635369204,3.732577313333333,23.0,16.0,13.0,23.0,17.0,18.4,23,theta_076,mixed,adaptive,5%,crowding-pruned,repair+feasible-first,2,mixed,stable,0.05,5,0.0769230769230769,5,0,0,rank,1,18.6,23
train,syn_n200_k05_low_corr_normal_low_vol_r01_s20260728,10,theta_078,1.0246985536557822,0.1498474553202844,0.3055555555555555,0.1073445822534286,0.9411608635369204,3.331312733333334,23.0,16.0,13.0,23.0,9.0,16.8,21,theta_078,mixed,adaptive,5%,crowding-pruned,repair+feasible-first,2,mixed,stable,0.05,20,0.0769230769230769,5,0,0,rank,1,18.6,24
train,syn_n200_k05_low_corr_skewed_extreme_events_r02_s20260725,10,theta_200,1.017597220410344,0.0613720881320192,0.5372222222222223,0.0913021288509917,1.1673732961879644,7.6597379,2.0,1.0,1.0,8.0,21.0,6.6,4,theta_200,DE/best,fixed,1%,crowding-pruned,repair+feasible-first,5,best2,paper,0.01,10,0.0769230769230769,5,0,0,rank,1,3.3,1
train,syn_n200_k05_low_corr_skewed_extreme_events_r02_s20260725,10,theta_011,1.0223660247000588,0.0819982047585324,0.5027777777777778,0.0636422693599547,1.023443409439245,2.3025245,1.0,15.0,2.0,1.0,1.0,4.0,1,theta_011,DE/rand,fixed,1%,crowding-pruned,repair+feasible-first,2,rand2,paper,0.01,10,0.0769230769230769,5,0,0,rank,1,4.1000000000000005,2
train,syn_n200_k05_low_corr_skewed_extreme_events_r02_s20260725,10,theta_084,1.0117531122124783,0.0770301091637628,0.4638888888888888,0.0874791513910932,1.088990172076937,2.7384902300000005,7.0,9.0,4.0,3.0,5.0,5.6,2,theta_084,DE/rand,none,1%,crowding-pruned,repair+feasible-first,3,rand2,none,0.01,20,0.0769230769230769,5,0,0,rank,1,5.300000000000001,3
train,syn_n200_k05_low_corr_skewed_extreme_events_r02_s20260725,10,theta_086,1.0117531122124783,0.0770301091637628,0.4638888888888888,0.0874791513910932,1.088990172076937,2.797893096666667,7.0,9.0,4.0,3.0,6.0,5.8,3,theta_086,DE/rand,none,5%,crowding-pruned,repair+feasible-first,3,rand2,none,0.05,10,0.0769230769230769,5,0,0,rank,1,5.300000000000001,4
train,syn_n200_k05_low_corr_skewed_extreme_events_r02_s20260725,10,theta_089,1.0117531122124783,0.0770301091637628,0.4638888888888888,0.0874791513910932,1.088990172076937,3.721299016666667,7.0,9.0,4.0,3.0,17.0,8.0,5,theta_089,DE/rand,none,10%,crowding-pruned,repair+feasible-first,3,rand2,none,0.1,10,0.0769230769230769,5,0,0,rank,1,5.300000000000001,5
train,syn_n200_k05_low_corr_skewed_extreme_events_r02_s20260725,10,theta_223,1.0130270370467185,0.0751835344740337,0.3730555555555556,0.0891673353929403,1.10799691582598,7.664009616666666,4.0,6.0,14.0,6.0,22.0,10.4,9,theta_223,mixed,none,10%,crowding-pruned,repair+feasible-first,5,mixed,none,0.1,5,0.0769230769230769,5,0,0,rank,1,8.0,6
train,syn_n200_k05_low_corr_skewed_extreme_events_r02_s20260725,10,theta_234,1.0130270370467185,0.0751835344740337,0.3730555555555556,0.0891673353929403,1.10799691582598,8.016279686666667,4.0,6.0,14.0,6.0,23.0,10.6,10,theta_234,mixed,fixed,10%,crowding-pruned,repair+feasible-first,5,mixed,paper,0.1,20,0.0769230769230769,5,0,0,rank,1,8.0,7
train,syn_n200_k05_low_corr_skewed_extreme_events_r02_s20260725,10,theta_237,1.0130270370467185,0.0751835344740337,0.3730555555555556,0.0891673353929403,1.10799691582598,3.523447673333334,4.0,6.0,14.0,6.0,11.0,8.2,6,theta_237,mixed,adaptive,1%,crowding-pruned,repair+feasible-first,5,mixed,stable,0.01,20,0.0769230769230769,5,0,0,rank,1,8.0,8
train,syn_n200_k05_low_corr_skewed_extreme_events_r02_s20260725,10,theta_118,1.010963606046332,0.0751270702722117,0.4283333333333333,0.1066574093503485,1.146793359876505,4.256228886666666,10.0,3.0,7.0,17.0,20.0,11.4,11,theta_118,DE/best,fixed,1%,crowding-pruned,repair+feasible-first,3,best2,paper,0.01,5,0.0769230769230769,5,0,0,rank,1,9.8,9
train,syn_n200_k05_low_corr_skewed_extreme_events_r02_s20260725,10,theta_131,1.010963606046332,0.0751270702722117,0.4283333333333333,0.1066574093503485,1.146793359876505,3.4816528766666663,10.0,3.0,7.0,17.0,10.0,9.4,7,theta_131,DE/best,adaptive,5%,crowding-pruned,repair+feasible-first,3,best2,stable,0.05,10,0.0769230769230769,5,0,0,rank,1,9.8,10
train,syn_n200_k05_low_corr_skewed_extreme_events_r02_s20260725,10,theta_132,1.010963606046332,0.0751270702722117,0.4283333333333333,0.1066574093503485,1.146793359876505,3.601983236666667,10.0,3.0,7.0,17.0,14.0,10.2,8,theta_132,DE/best,adaptive,5%,crowding-pruned,repair+feasible-first,3,best2,stable,0.05,20,0.0769230769230769,5,0,0,rank,1,9.8,11
train,syn_n200_k05_low_corr_skewed_extreme_events_r02_s20260725,10,theta_034,0.9997747772229036,0.0826673842300585,0.4036111111111111,0.1146966737409187,1.102488882697105,2.523953903333334,13.5,17.5,10.5,20.5,2.0,12.8,12,theta_034,DE/best,none,10%,crowding-pruned,repair+feasible-first,2,best2,none,0.1,5,0.0769230769230769,5,0,0,rank,1,15.5,12
train,syn_n200_k05_low_corr_skewed_extreme_events_r02_s20260725,10,theta_037,0.9997747772229036,0.0826673842300585,0.4036111111111111,0.1146966737409187,1.102488882697105,2.5525405133333336,13.5,17.5,10.5,20.5,3.0,13.0,13,theta_037,DE/best,fixed,1%,crowding-pruned,repair+feasible-first,2,best2,paper,0.01,5,0.0769230769230769,5,0,0,rank,1,15.5,13
train,syn_n200_k05_low_corr_skewed_extreme_events_r02_s20260725,10,theta_045,0.9997747772229036,0.0826673842300585,0.4036111111111111,0.1146966737409187,1.102488882697105,3.0426296766666665,13.5,17.5,10.5,20.5,7.0,13.8,14,theta_045,DE/best,fixed,10%,crowding-pruned,repair+feasible-first,2,best2,paper,0.1,20,0.0769230769230769,5,0,0,rank,1,15.5,14
train,syn_n200_k05_low_corr_skewed_extreme_events_r02_s20260725,10,theta_047,0.9997747772229036,0.0826673842300585,0.4036111111111111,0.1146966737409187,1.102488882697105,4.001247506666668,13.5,17.5,10.5,20.5,19.0,16.2,17,theta_047,DE/best,adaptive,1%,crowding-pruned,repair+feasible-first,2,best2,stable,0.01,10,0.0769230769230769,5,0,0,rank,1,15.5,15
train,syn_n200_k05_low_corr_skewed_extreme_events_r02_s20260725,10,theta_067,0.9984931813920142,0.0921812353099753,0.3063888888888889,0.0971016813795343,1.051125982913256,3.842137453333334,17.0,21.0,19.0,10.0,18.0,17.0,21,theta_067,mixed,fixed,5%,crowding-pruned,repair+feasible-first,2,mixed,paper,0.05,5,0.0769230769230769,5,0,0,rank,1,16.3,16
train,syn_n200_k05_low_corr_skewed_extreme_events_r02_s20260725,10,theta_076,0.9984931813920142,0.0921812353099753,0.3063888888888889,0.0971016813795343,1.051125982913256,3.369394733333334,17.0,21.0,19.0,10.0,8.0,15.0,15,theta_076,mixed,adaptive,5%,crowding-pruned,repair+feasible-first,2,mixed,stable,0.05,5,0.0769230769230769,5,0,0,rank,1,16.3,17
train,syn_n200_k05_low_corr_skewed_extreme_events_r02_s20260725,10,theta_078,0.9984931813920142,0.0921812353099753,0.3063888888888889,0.0971016813795343,1.051125982913256,3.4617796433333337,17.0,21.0,19.0,10.0,9.0,15.2,16,theta_078,mixed,adaptive,5%,crowding-pruned,repair+feasible-first,2,mixed,stable,0.05,20,0.0769230769230769,5,0,0,rank,1,16.3,18
train,syn_n200_k05_low_corr_skewed_extreme_events_r02_s20260725,10,theta_164,0.9984568004315724,0.0799620952881007,0.2944444444444444,0.1061783823515615,1.1182331876808056,3.531042913333333,20.5,12.5,22.5,13.5,12.0,16.2,18,theta_164,DE/rand,none,1%,crowding-pruned,repair+feasible-first,5,rand2,none,0.01,10,0.0769230769230769,5,0,0,rank,1,17.400000000000002,19
train,syn_n200_k05_low_corr_skewed_extreme_events_r02_s20260725,10,theta_170,0.9984568004315724,0.0799620952881007,0.2944444444444444,0.1061783823515615,1.1182331876808056,3.599261096666667,20.5,12.5,22.5,13.5,13.0,16.4,19,theta_170,DE/rand,none,10%,crowding-pruned,repair+feasible-first,5,rand2,none,0.1,10,0.0769230769230769,5,0,0,rank,1,17.400000000000002,20
train,syn_n200_k05_low_corr_skewed_extreme_events_r02_s20260725,10,theta_175,0.9984568004315724,0.0799620952881007,0.2944444444444444,0.1061783823515615,1.1182331876808056,3.633641773333333,20.5,12.5,22.5,13.5,15.0,16.8,20,theta_175,DE/rand,fixed,5%,crowding-pruned,repair+feasible-first,5,rand2,paper,0.05,5,0.0769230769230769,5,0,0,rank,1,17.400000000000002,21
train,syn_n200_k05_low_corr_skewed_extreme_events_r02_s20260725,10,theta_189,0.9984568004315724,0.0799620952881007,0.2944444444444444,0.1061783823515615,1.1182331876808056,9.792965350000005,20.5,12.5,22.5,13.5,24.0,18.6,23,theta_189,DE/rand,adaptive,10%,crowding-pruned,repair+feasible-first,5,rand2,stable,0.1,20,0.0769230769230769,5,0,0,rank,1,17.400000000000002,22
train,syn_n200_k05_low_corr_skewed_extreme_events_r02_s20260725,10,theta_144,0.9854899451823792,0.1169288308249108,0.3713888888888889,0.1313454358845454,1.0252484348748958,2.7016481,23.5,23.5,16.5,23.5,4.0,18.2,22,theta_144,mixed,none,10%,crowding-pruned,repair+feasible-first,3,mixed,none,0.1,20,0.0769230769230769,5,0,0,rank,1,21.400000000000002,23
train,syn_n200_k05_low_corr_skewed_extreme_events_r02_s20260725,10,theta_159,0.9854899451823792,0.1169288308249108,0.3713888888888889,0.1313454358845454,1.0252484348748958,3.67493542,23.5,23.5,16.5,23.5,16.0,20.6,24,theta_159,mixed,adaptive,5%,crowding-pruned,repair+feasible-first,3,mixed,stable,0.05,20,0.0769230769230769,5,0,0,rank,1,21.400000000000002,24
train,syn_n200_k05_pathological_cov_mixed_low_vol_r01_s20260724,10,theta_084,0.9886387289994136,0.0281191673193244,0.7408333333333332,0.058817573853793,1.1868810532060088,3.180159656666667,2.0,5.0,2.0,17.0,5.0,6.2,1,theta_084,DE/rand,none,1%,crowding-pruned,repair+feasible-first,3,rand2,none,0.01,20,0.0769230769230769,5,0,0,rank,1,7.1,1
train,syn_n200_k05_pathological_cov_mixed_low_vol_r01_s20260724,10,theta_086,0.9886387289994136,0.0281191673193244,0.7408333333333332,0.058817573853793,1.1868810532060088,3.192380490000001,2.0,5.0,2.0,17.0,6.0,6.4,2,theta_086,DE/rand,none,5%,crowding-pruned,repair+feasible-first,3,rand2,none,0.05,10,0.0769230769230769,5,0,0,rank,1,7.1,2
train,syn_n200_k05_pathological_cov_mixed_low_vol_r01_s20260724,10,theta_089,0.9886387289994136,0.0281191673193244,0.7408333333333332,0.058817573853793,1.1868810532060088,4.085102696666667,2.0,5.0,2.0,17.0,15.0,8.2,5,theta_089,DE/rand,none,10%,crowding-pruned,repair+feasible-first,3,rand2,none,0.1,10,0.0769230769230769,5,0,0,rank,1,7.1,3
train,syn_n200_k05_pathological_cov_mixed_low_vol_r01_s20260724,10,theta_118,0.9850556221658294,0.0244451798238743,0.7127777777777776,0.0572844856473161,1.236410796834423,4.583101183333334,5.0,2.0,6.0,13.0,20.0,9.2,7,theta_118,DE/best,fixed,1%,crowding-pruned,repair+feasible-first,3,best2,paper,0.01,5,0.0769230769230769,5,0,0,rank,1,7.1,4
train,syn_n200_k05_pathological_cov_mixed_low_vol_r01_s20260724,10,theta_131,0.9850556221658294,0.0244451798238743,0.7127777777777776,0.0572844856473161,1.236410796834423,3.65056727,5.0,2.0,6.0,13.0,9.0,7.0,3,theta_131,DE/best,adaptive,5%,crowding-pruned,repair+feasible-first,3,best2,stable,0.05,10,0.0769230769230769,5,0,0,rank,1,7.1,5
train,syn_n200_k05_pathological_cov_mixed_low_vol_r01_s20260724,10,theta_132,0.9850556221658294,0.0244451798238743,0.7127777777777776,0.0572844856473161,1.236410796834423,3.83024708,5.0,2.0,6.0,13.0,12.0,7.6,4,theta_132,DE/best,adaptive,5%,crowding-pruned,repair+feasible-first,3,best2,stable,0.05,20,0.0769230769230769,5,0,0,rank,1,7.1,6
train,syn_n200_k05_pathological_cov_mixed_low_vol_r01_s20260724,10,theta_144,0.9781510240777463,0.0320278782575946,0.6538888888888889,0.0436107746007983,1.1750443864771134,2.900218913333333,12.5,11.5,11.5,1.5,4.0,8.2,6,theta_144,mixed,none,10%,crowding-pruned,repair+feasible-first,3,mixed,none,0.1,20,0.0769230769230769,5,0,0,rank,1,8.7,7
train,syn_n200_k05_pathological_cov_mixed_low_vol_r01_s20260724,10,theta_159,0.9781510240777463,0.0320278782575946,0.6538888888888889,0.0436107746007983,1.1750443864771134,4.120781793333333,12.5,11.5,11.5,1.5,16.0,10.6,10,theta_159,mixed,adaptive,5%,crowding-pruned,repair+feasible-first,3,mixed,stable,0.05,20,0.0769230769230769,5,0,0,rank,1,8.7,8
train,syn_n200_k05_pathological_cov_mixed_low_vol_r01_s20260724,10,theta_164,0.9784111875990118,0.0312089317189099,0.6319444444444444,0.0558215129207863,1.204851059336275,3.913282316666667,9.5,8.5,14.5,8.5,14.0,11.0,11,theta_164,DE/rand,none,1%,crowding-pruned,repair+feasible-first,5,rand2,none,0.01,10,0.0769230769230769,5,0,0,rank,1,10.5,9
train,syn_n200_k05_pathological_cov_mixed_low_vol_r01_s20260724,10,theta_170,0.9784111875990118,0.0312089317189099,0.6319444444444444,0.0558215129207863,1.204851059336275,4.176901413333334,9.5,8.5,14.5,8.5,19.0,12.0,12,theta_170,DE/rand,none,10%,crowding-pruned,repair+feasible-first,5,rand2,none,0.1,10,0.0769230769230769,5,0,0,rank,1,10.5,10
train,syn_n200_k05_pathological_cov_mixed_low_vol_r01_s20260724,10,theta_175,0.9784111875990118,0.0312089317189099,0.6319444444444444,0.0558215129207863,1.204851059336275,3.7634734133333336,9.5,8.5,14.5,8.5,10.0,10.2,9,theta_175,DE/rand,fixed,5%,crowding-pruned,repair+feasible-first,5,rand2,paper,0.05,5,0.0769230769230769,5,0,0,rank,1,10.5,11
train,syn_n200_k05_pathological_cov_mixed_low_vol_r01_s20260724,10,theta_189,0.9784111875990118,0.0312089317189099,0.6319444444444444,0.0558215129207863,1.204851059336275,11.596881740000002,9.5,8.5,14.5,8.5,24.0,13.0,13,theta_189,DE/rand,adaptive,10%,crowding-pruned,repair+feasible-first,5,rand2,stable,0.1,20,0.0769230769230769,5,0,0,rank,1,10.5,12
train,syn_n200_k05_pathological_cov_mixed_low_vol_r01_s20260724,10,theta_011,0.9831870442844748,0.0397978107989488,0.7263888888888889,0.0576097370449322,1.094578433706163,2.294412856666667,7.0,21.0,4.0,15.0,1.0,9.6,8,theta_011,DE/rand,fixed,1%,crowding-pruned,repair+feasible-first,2,rand2,paper,0.01,10,0.0769230769230769,5,0,0,rank,1,11.3,13
train,syn_n200_k05_pathological_cov_mixed_low_vol_r01_s20260724,10,theta_223,0.9765018635035284,0.034734478993002,0.6575000000000001,0.0654206911698543,1.174873861330546,8.524000926666666,15.0,14.0,9.0,23.0,23.0,16.8,19,theta_223,mixed,none,10%,crowding-pruned,repair+feasible-first,5,mixed,none,0.1,5,0.0769230769230769,5,0,0,rank,1,15.399999999999999,14
train,syn_n200_k05_pathological_cov_mixed_low_vol_r01_s20260724,10,theta_234,0.9765018635035284,0.034734478993002,0.6575000000000001,0.0654206911698543,1.174873861330546,6.104866773333334,15.0,14.0,9.0,23.0,21.0,16.4,18,theta_234,mixed,fixed,10%,crowding-pruned,repair+feasible-first,5,mixed,paper,0.1,20,0.0769230769230769,5,0,0,rank,1,15.399999999999999,15
train,syn_n200_k05_pathological_cov_mixed_low_vol_r01_s20260724,10,theta_237,0.9765018635035284,0.034734478993002,0.6575000000000001,0.0654206911698543,1.174873861330546,3.904397843333333,15.0,14.0,9.0,23.0,13.0,14.8,16,theta_237,mixed,adaptive,1%,crowding-pruned,repair+feasible-first,5,mixed,stable,0.01,20,0.0769230769230769,5,0,0,rank,1,15.399999999999999,16
train,syn_n200_k05_pathological_cov_mixed_low_vol_r01_s20260724,10,theta_200,0.9715151574436868,0.0360556775623126,0.5669444444444445,0.0561009209178163,1.1903656069479078,8.44157116,17.0,16.0,20.0,11.0,22.0,17.2,21,theta_200,DE/best,fixed,1%,crowding-pruned,repair+feasible-first,5,best2,paper,0.01,10,0.0769230769230769,5,0,0,rank,1,15.900000000000002,17
train,syn_n200_k05_pathological_cov_mixed_low_vol_r01_s20260724,10,theta_034,0.964924944023734,0.0369695678812603,0.4877777777777778,0.0502162080404526,1.188462833953009,2.769217113333333,22.5,18.5,22.5,4.5,3.0,14.2,15,theta_034,DE/best,none,10%,crowding-pruned,repair+feasible-first,2,best2,none,0.1,5,0.0769230769230769,5,0,0,rank,1,16.3,18
train,syn_n200_k05_pathological_cov_mixed_low_vol_r01_s20260724,10,theta_037,0.964924944023734,0.0369695678812603,0.4877777777777778,0.0502162080404526,1.188462833953009,2.7041743000000005,22.5,18.5,22.5,4.5,2.0,14.0,14,theta_037,DE/best,fixed,1%,crowding-pruned,repair+feasible-first,2,best2,paper,0.01,5,0.0769230769230769,5,0,0,rank,1,16.3,19
train,syn_n200_k05_pathological_cov_mixed_low_vol_r01_s20260724,10,theta_045,0.964924944023734,0.0369695678812603,0.4877777777777778,0.0502162080404526,1.188462833953009,3.283755873333334,22.5,18.5,22.5,4.5,7.0,15.0,17,theta_045,DE/best,fixed,10%,crowding-pruned,repair+feasible-first,2,best2,paper,0.1,20,0.0769230769230769,5,0,0,rank,1,16.3,20
train,syn_n200_k05_pathological_cov_mixed_low_vol_r01_s20260724,10,theta_047,0.964924944023734,0.0369695678812603,0.4877777777777778,0.0502162080404526,1.188462833953009,4.1646580166666665,22.5,18.5,22.5,4.5,18.0,17.2,20,theta_047,DE/best,adaptive,1%,crowding-pruned,repair+feasible-first,2,best2,stable,0.01,10,0.0769230769230769,5,0,0,rank,1,16.3,21
train,syn_n200_k05_pathological_cov_mixed_low_vol_r01_s20260724,10,theta_067,0.9706599029591976,0.041276380802824,0.6155555555555556,0.061859837766467,1.1097362769236898,4.139979686666667,19.0,23.0,18.0,20.0,17.0,19.4,24,theta_067,mixed,fixed,5%,crowding-pruned,repair+feasible-first,2,mixed,paper,0.05,5,0.0769230769230769,5,0,0,rank,1,19.8,22
train,syn_n200_k05_pathological_cov_mixed_low_vol_r01_s20260724,10,theta_076,0.9706599029591976,0.041276380802824,0.6155555555555556,0.061859837766467,1.1097362769236898,3.764370353333333,19.0,23.0,18.0,20.0,11.0,18.2,23,theta_076,mixed,adaptive,5%,crowding-pruned,repair+feasible-first,2,mixed,stable,0.05,5,0.0769230769230769,5,0,0,rank,1,19.8,23
train,syn_n200_k05_pathological_cov_mixed_low_vol_r01_s20260724,10,theta_078,0.9706599029591976,0.041276380802824,0.6155555555555556,0.061859837766467,1.1097362769236898,3.605830586666667,19.0,23.0,18.0,20.0,8.0,17.6,22,theta_078,mixed,adaptive,5%,crowding-pruned,repair+feasible-first,2,mixed,stable,0.05,20,0.0769230769230769,5,0,0,rank,1,19.8,24
train,syn_n200_k10_cluster_corr_heavy_tail_low_vol_r02_s20260738,20,theta_084,0.9702152736268416,0.044267435313775,0.6783333333333333,0.0594579983141855,0.9366619055770128,2.6478449133333326,2.0,2.0,2.0,5.0,5.0,3.2,1,theta_084,DE/rand,none,1%,crowding-pruned,repair+feasible-first,3,rand2,none,0.01,20,0.0769230769230769,5,0,0,rank,1,2.9,1
train,syn_n200_k10_cluster_corr_heavy_tail_low_vol_r02_s20260738,20,theta_086,0.9702152736268416,0.044267435313775,0.6783333333333333,0.0594579983141855,0.9366619055770128,2.70025992,2.0,2.0,2.0,5.0,6.0,3.4,2,theta_086,DE/rand,none,5%,crowding-pruned,repair+feasible-first,3,rand2,none,0.05,10,0.0769230769230769,5,0,0,rank,1,2.9,2
train,syn_n200_k10_cluster_corr_heavy_tail_low_vol_r02_s20260738,20,theta_089,0.9702152736268416,0.044267435313775,0.6783333333333333,0.0594579983141855,0.9366619055770128,3.5452414966666663,2.0,2.0,2.0,5.0,16.0,5.4,3,theta_089,DE/rand,none,10%,crowding-pruned,repair+feasible-first,3,rand2,none,0.1,10,0.0769230769230769,5,0,0,rank,1,2.9,3
train,syn_n200_k10_cluster_corr_heavy_tail_low_vol_r02_s20260738,20,theta_011,0.9409644126813222,0.0592032384198119,0.6244444444444445,0.0471799438454389,0.842116012476516,1.78643686,12.0,12.0,4.0,1.0,1.0,6.0,4,theta_011,DE/rand,fixed,1%,crowding-pruned,repair+feasible-first,2,rand2,paper,0.01,10,0.0769230769230769,5,0,0,rank,1,6.300000000000001,4
train,syn_n200_k10_cluster_corr_heavy_tail_low_vol_r02_s20260738,20,theta_164,0.9446217423187904,0.0547623094889186,0.4938888888888889,0.0709737552629965,0.9270325645954908,3.3580947166666664,6.5,6.5,6.5,17.5,8.0,9.0,5,theta_164,DE/rand,none,1%,crowding-pruned,repair+feasible-first,5,rand2,none,0.01,10,0.0769230769230769,5,0,0,rank,1,9.8,5
train,syn_n200_k10_cluster_corr_heavy_tail_low_vol_r02_s20260738,20,theta_170,0.9446217423187904,0.0547623094889186,0.4938888888888889,0.0709737552629965,0.9270325645954908,3.5102991133333328,6.5,6.5,6.5,17.5,15.0,10.4,7,theta_170,DE/rand,none,10%,crowding-pruned,repair+feasible-first,5,rand2,none,0.1,10,0.0769230769230769,5,0,0,rank,1,9.8,6
train,syn_n200_k10_cluster_corr_heavy_tail_low_vol_r02_s20260738,20,theta_175,0.9446217423187904,0.0547623094889186,0.4938888888888889,0.0709737552629965,0.9270325645954908,3.5504658,6.5,6.5,6.5,17.5,17.0,10.8,9,theta_175,DE/rand,fixed,5%,crowding-pruned,repair+feasible-first,5,rand2,paper,0.05,5,0.0769230769230769,5,0,0,rank,1,9.8,7
train,syn_n200_k10_cluster_corr_heavy_tail_low_vol_r02_s20260738,20,theta_189,0.9446217423187904,0.0547623094889186,0.4938888888888889,0.0709737552629965,0.9270325645954908,7.767558233333332,6.5,6.5,6.5,17.5,24.0,12.2,11,theta_189,DE/rand,adaptive,10%,crowding-pruned,repair+feasible-first,5,rand2,stable,0.1,20,0.0769230769230769,5,0,0,rank,1,9.8,8
train,syn_n200_k10_cluster_corr_heavy_tail_low_vol_r02_s20260738,20,theta_144,0.9222537914743782,0.0645879234602253,0.4247222222222222,0.0576371789146969,0.8794678403642361,2.647184416666667,16.5,16.5,9.5,2.5,4.0,9.8,6,theta_144,mixed,none,10%,crowding-pruned,repair+feasible-first,3,mixed,none,0.1,20,0.0769230769230769,5,0,0,rank,1,10.200000000000001,9
train,syn_n200_k10_cluster_corr_heavy_tail_low_vol_r02_s20260738,20,theta_159,0.9222537914743782,0.0645879234602253,0.4247222222222222,0.0576371789146969,0.8794678403642361,3.364673873333333,16.5,16.5,9.5,2.5,9.0,10.8,8,theta_159,mixed,adaptive,5%,crowding-pruned,repair+feasible-first,3,mixed,stable,0.05,20,0.0769230769230769,5,0,0,rank,1,10.200000000000001,10
train,syn_n200_k10_cluster_corr_heavy_tail_low_vol_r02_s20260738,20,theta_067,0.9265264726550272,0.0637346725121753,0.3872222222222222,0.0638990454450688,0.90564562925794,4.111343856666666,14.0,14.0,15.0,8.0,20.0,14.2,16,theta_067,mixed,fixed,5%,crowding-pruned,repair+feasible-first,2,mixed,paper,0.05,5,0.0769230769230769,5,0,0,rank,1,12.500000000000002,11
train,syn_n200_k10_cluster_corr_heavy_tail_low_vol_r02_s20260738,20,theta_076,0.9265264726550272,0.0637346725121753,0.3872222222222222,0.0638990454450688,0.90564562925794,3.50579524,14.0,14.0,15.0,8.0,14.0,13.0,14,theta_076,mixed,adaptive,5%,crowding-pruned,repair+feasible-first,2,mixed,stable,0.05,5,0.0769230769230769,5,0,0,rank,1,12.500000000000002,12
train,syn_n200_k10_cluster_corr_heavy_tail_low_vol_r02_s20260738,20,theta_078,0.9265264726550272,0.0637346725121753,0.3872222222222222,0.0638990454450688,0.90564562925794,3.4226544500000005,14.0,14.0,15.0,8.0,10.0,12.2,10,theta_078,mixed,adaptive,5%,crowding-pruned,repair+feasible-first,2,mixed,stable,0.05,20,0.0769230769230769,5,0,0,rank,1,12.500000000000002,13
train,syn_n200_k10_cluster_corr_heavy_tail_low_vol_r02_s20260738,20,theta_200,0.9524023798741024,0.0521593860604077,0.2674999999999999,0.0772404566418954,1.1154627967079414,7.599047193333334,4.0,4.0,17.0,20.0,22.0,13.4,15,theta_200,DE/best,fixed,1%,crowding-pruned,repair+feasible-first,5,best2,paper,0.01,10,0.0769230769230769,5,0,0,rank,1,12.7,14
train,syn_n200_k10_cluster_corr_heavy_tail_low_vol_r02_s20260738,20,theta_118,0.9432320858064857,0.0563001975380092,0.2494444444444444,0.0687837586805175,1.0622705607426526,4.235716423333334,10.0,10.0,19.0,11.0,21.0,14.2,17,theta_118,DE/best,fixed,1%,crowding-pruned,repair+feasible-first,3,best2,paper,0.01,5,0.0769230769230769,5,0,0,rank,1,13.0,15
train,syn_n200_k10_cluster_corr_heavy_tail_low_vol_r02_s20260738,20,theta_131,0.9432320858064857,0.0563001975380092,0.2494444444444444,0.0687837586805175,1.0622705607426526,3.4465838933333326,10.0,10.0,19.0,11.0,12.0,12.4,12,theta_131,DE/best,adaptive,5%,crowding-pruned,repair+feasible-first,3,best2,stable,0.05,10,0.0769230769230769,5,0,0,rank,1,13.0,16
train,syn_n200_k10_cluster_corr_heavy_tail_low_vol_r02_s20260738,20,theta_132,0.9432320858064857,0.0563001975380092,0.2494444444444444,0.0687837586805175,1.0622705607426526,3.449225393333334,10.0,10.0,19.0,11.0,13.0,12.6,13,theta_132,DE/best,adaptive,5%,crowding-pruned,repair+feasible-first,3,best2,stable,0.05,20,0.0769230769230769,5,0,0,rank,1,13.0,17
train,syn_n200_k10_cluster_corr_heavy_tail_low_vol_r02_s20260738,20,theta_223,0.9218709311957008,0.0679630533533319,0.3905555555555555,0.069149030475222,0.8725947296587341,7.6605053366666676,19.0,19.0,12.0,14.0,23.0,17.4,20,theta_223,mixed,none,10%,crowding-pruned,repair+feasible-first,5,mixed,none,0.1,5,0.0769230769230769,5,0,0,rank,1,15.399999999999999,18
train,syn_n200_k10_cluster_corr_heavy_tail_low_vol_r02_s20260738,20,theta_234,0.9218709311957008,0.0679630533533319,0.3905555555555555,0.069149030475222,0.8725947296587341,3.4231153833333328,19.0,19.0,12.0,14.0,11.0,15.0,18,theta_234,mixed,fixed,10%,crowding-pruned,repair+feasible-first,5,mixed,paper,0.1,20,0.0769230769230769,5,0,0,rank,1,15.399999999999999,19
train,syn_n200_k10_cluster_corr_heavy_tail_low_vol_r02_s20260738,20,theta_237,0.9218709311957008,0.0679630533533319,0.3905555555555555,0.069149030475222,0.8725947296587341,3.55811536,19.0,19.0,12.0,14.0,18.0,16.4,19,theta_237,mixed,adaptive,1%,crowding-pruned,repair+feasible-first,5,mixed,stable,0.01,20,0.0769230769230769,5,0,0,rank,1,15.399999999999999,20
train,syn_n200_k10_cluster_corr_heavy_tail_low_vol_r02_s20260738,20,theta_034,0.900984963344606,0.0717471839346871,0.2261111111111111,0.0890212044237062,0.980676279859517,2.554742483333333,22.5,22.5,22.5,22.5,3.0,18.6,22,theta_034,DE/best,none,10%,crowding-pruned,repair+feasible-first,2,best2,none,0.1,5,0.0769230769230769,5,0,0,rank,1,22.5,21
train,syn_n200_k10_cluster_corr_heavy_tail_low_vol_r02_s20260738,20,theta_037,0.900984963344606,0.0717471839346871,0.2261111111111111,0.0890212044237062,0.980676279859517,2.523139346666667,22.5,22.5,22.5,22.5,2.0,18.4,21,theta_037,DE/best,fixed,1%,crowding-pruned,repair+feasible-first,2,best2,paper,0.01,5,0.0769230769230769,5,0,0,rank,1,22.5,22
train,syn_n200_k10_cluster_corr_heavy_tail_low_vol_r02_s20260738,20,theta_045,0.900984963344606,0.0717471839346871,0.2261111111111111,0.0890212044237062,0.980676279859517,3.12287477,22.5,22.5,22.5,22.5,7.0,19.4,23,theta_045,DE/best,fixed,10%,crowding-pruned,repair+feasible-first,2,best2,paper,0.1,20,0.0769230769230769,5,0,0,rank,1,22.5,23
train,syn_n200_k10_cluster_corr_heavy_tail_low_vol_r02_s20260738,20,theta_047,0.900984963344606,0.0717471839346871,0.2261111111111111,0.0890212044237062,0.980676279859517,4.10088882,22.5,22.5,22.5,22.5,19.0,21.8,24,theta_047,DE/best,adaptive,1%,crowding-pruned,repair+feasible-first,2,best2,stable,0.01,10,0.0769230769230769,5,0,0,rank,1,22.5,24
train,syn_n200_k10_cluster_corr_skewed_high_vol_r01_s20260741,20,theta_011,1.0130806932331404,0.0464821521560225,0.5802777777777778,0.0432020926133244,0.7587269410707492,1.7830251333333336,1.0,4.0,4.0,1.0,1.0,2.2,1,theta_011,DE/rand,fixed,1%,crowding-pruned,repair+feasible-first,2,rand2,paper,0.01,10,0.0769230769230769,5,0,0,rank,1,2.5,1
train,syn_n200_k10_cluster_corr_skewed_high_vol_r01_s20260741,20,theta_084,1.0094091075364922,0.0461075061001055,0.6427777777777777,0.0542599687343443,0.8027053592514839,2.5692484666666666,7.0,2.0,2.0,6.0,4.0,4.2,2,theta_084,DE/rand,none,1%,crowding-pruned,repair+feasible-first,3,rand2,none,0.01,20,0.0769230769230769,5,0,0,rank,1,4.2,2
train,syn_n200_k10_cluster_corr_skewed_high_vol_r01_s20260741,20,theta_086,1.0094091075364922,0.0461075061001055,0.6427777777777777,0.0542599687343443,0.8027053592514839,2.6284480866666664,7.0,2.0,2.0,6.0,5.0,4.4,3,theta_086,DE/rand,none,5%,crowding-pruned,repair+feasible-first,3,rand2,none,0.05,10,0.0769230769230769,5,0,0,rank,1,4.2,3
train,syn_n200_k10_cluster_corr_skewed_high_vol_r01_s20260741,20,theta_089,1.0094091075364922,0.0461075061001055,0.6427777777777777,0.0542599687343443,0.8027053592514839,3.547835736666667,7.0,2.0,2.0,6.0,19.0,7.2,4,theta_089,DE/rand,none,10%,crowding-pruned,repair+feasible-first,3,rand2,none,0.1,10,0.0769230769230769,5,0,0,rank,1,4.2,4
train,syn_n200_k10_cluster_corr_skewed_high_vol_r01_s20260741,20,theta_164,1.0110637527531667,0.0487914572757006,0.551111111111111,0.0839978006174069,0.8393751426658252,3.3300472233333327,3.5,6.5,6.5,21.5,10.0,9.6,5,theta_164,DE/rand,none,1%,crowding-pruned,repair+feasible-first,5,rand2,none,0.01,10,0.0769230769230769,5,0,0,rank,1,10.4,5
train,syn_n200_k10_cluster_corr_skewed_high_vol_r01_s20260741,20,theta_170,1.0110637527531667,0.0487914572757006,0.551111111111111,0.0839978006174069,0.8393751426658252,3.4640868466666666,3.5,6.5,6.5,21.5,17.0,11.0,7,theta_170,DE/rand,none,10%,crowding-pruned,repair+feasible-first,5,rand2,none,0.1,10,0.0769230769230769,5,0,0,rank,1,10.4,6
train,syn_n200_k10_cluster_corr_skewed_high_vol_r01_s20260741,20,theta_175,1.0110637527531667,0.0487914572757006,0.551111111111111,0.0839978006174069,0.8393751426658252,3.368068553333333,3.5,6.5,6.5,21.5,13.0,10.2,6,theta_175,DE/rand,fixed,5%,crowding-pruned,repair+feasible-first,5,rand2,paper,0.05,5,0.0769230769230769,5,0,0,rank,1,10.4,7
train,syn_n200_k10_cluster_corr_skewed_high_vol_r01_s20260741,20,theta_189,1.0110637527531667,0.0487914572757006,0.551111111111111,0.0839978006174069,0.8393751426658252,7.71313112,3.5,6.5,6.5,21.5,24.0,12.4,11,theta_189,DE/rand,adaptive,10%,crowding-pruned,repair+feasible-first,5,rand2,stable,0.1,20,0.0769230769230769,5,0,0,rank,1,10.4,8
train,syn_n200_k10_cluster_corr_skewed_high_vol_r01_s20260741,20,theta_067,0.9690988545863852,0.0640572243076358,0.3491666666666667,0.0522395875128271,0.7353927572541437,3.8316410366666673,17.0,17.0,12.0,3.0,20.0,13.8,17,theta_067,mixed,fixed,5%,crowding-pruned,repair+feasible-first,2,mixed,paper,0.05,5,0.0769230769230769,5,0,0,rank,1,11.3,9
train,syn_n200_k10_cluster_corr_skewed_high_vol_r01_s20260741,20,theta_076,0.9690988545863852,0.0640572243076358,0.3491666666666667,0.0522395875128271,0.7353927572541437,2.9534089000000003,17.0,17.0,12.0,3.0,8.0,11.4,8,theta_076,mixed,adaptive,5%,crowding-pruned,repair+feasible-first,2,mixed,stable,0.05,5,0.0769230769230769,5,0,0,rank,1,11.3,10
train,syn_n200_k10_cluster_corr_skewed_high_vol_r01_s20260741,20,theta_078,0.9690988545863852,0.0640572243076358,0.3491666666666667,0.0522395875128271,0.7353927572541437,3.41436959,17.0,17.0,12.0,3.0,16.0,13.0,13,theta_078,mixed,adaptive,5%,crowding-pruned,repair+feasible-first,2,mixed,stable,0.05,20,0.0769230769230769,5,0,0,rank,1,11.3,11
train,syn_n200_k10_cluster_corr_skewed_high_vol_r01_s20260741,20,theta_118,1.00020438000491,0.0541703918121262,0.2677777777777778,0.0560862348090587,0.8829752719987777,3.52306033,10.0,10.0,18.0,9.0,18.0,13.0,14,theta_118,DE/best,fixed,1%,crowding-pruned,repair+feasible-first,3,best2,paper,0.01,5,0.0769230769230769,5,0,0,rank,1,12.099999999999998,12
train,syn_n200_k10_cluster_corr_skewed_high_vol_r01_s20260741,20,theta_131,1.00020438000491,0.0541703918121262,0.2677777777777778,0.0560862348090587,0.8829752719987777,3.372591776666667,10.0,10.0,18.0,9.0,14.0,12.2,9,theta_131,DE/best,adaptive,5%,crowding-pruned,repair+feasible-first,3,best2,stable,0.05,10,0.0769230769230769,5,0,0,rank,1,12.099999999999998,13
train,syn_n200_k10_cluster_corr_skewed_high_vol_r01_s20260741,20,theta_132,1.00020438000491,0.0541703918121262,0.2677777777777778,0.0560862348090587,0.8829752719987777,3.3858974833333333,10.0,10.0,18.0,9.0,15.0,12.4,10,theta_132,DE/best,adaptive,5%,crowding-pruned,repair+feasible-first,3,best2,stable,0.05,20,0.0769230769230769,5,0,0,rank,1,12.099999999999998,14
train,syn_n200_k10_cluster_corr_skewed_high_vol_r01_s20260741,20,theta_144,0.9607751010659918,0.0681630679327734,0.3658333333333333,0.0586010325713159,0.741827459782904,2.644104456666667,19.5,19.5,9.5,11.5,6.0,13.2,15,theta_144,mixed,none,10%,crowding-pruned,repair+feasible-first,3,mixed,none,0.1,20,0.0769230769230769,5,0,0,rank,1,14.1,15
train,syn_n200_k10_cluster_corr_skewed_high_vol_r01_s20260741,20,theta_159,0.9607751010659918,0.0681630679327734,0.3658333333333333,0.0586010325713159,0.741827459782904,3.35338589,19.5,19.5,9.5,11.5,12.0,14.4,18,theta_159,mixed,adaptive,5%,crowding-pruned,repair+feasible-first,3,mixed,stable,0.05,20,0.0769230769230769,5,0,0,rank,1,14.1,16
train,syn_n200_k10_cluster_corr_skewed_high_vol_r01_s20260741,20,theta_223,0.9856925086819563,0.0588876096923429,0.3311111111111111,0.0674366217152629,0.8010830897358462,7.4026901600000015,14.0,14.0,15.0,14.0,23.0,16.0,19,theta_223,mixed,none,10%,crowding-pruned,repair+feasible-first,5,mixed,none,0.1,5,0.0769230769230769,5,0,0,rank,1,14.3,17
train,syn_n200_k10_cluster_corr_skewed_high_vol_r01_s20260741,20,theta_234,0.9856925086819563,0.0588876096923429,0.3311111111111111,0.0674366217152629,0.8010830897358462,2.93670389,14.0,14.0,15.0,14.0,7.0,12.8,12,theta_234,mixed,fixed,10%,crowding-pruned,repair+feasible-first,5,mixed,paper,0.1,20,0.0769230769230769,5,0,0,rank,1,14.3,18
train,syn_n200_k10_cluster_corr_skewed_high_vol_r01_s20260741,20,theta_237,0.9856925086819563,0.0588876096923429,0.3311111111111111,0.0674366217152629,0.8010830897358462,3.3500053200000006,14.0,14.0,15.0,14.0,11.0,13.6,16,theta_237,mixed,adaptive,1%,crowding-pruned,repair+feasible-first,5,mixed,stable,0.01,20,0.0769230769230769,5,0,0,rank,1,14.3,19
train,syn_n200_k10_cluster_corr_skewed_high_vol_r01_s20260741,20,theta_200,0.998296584153008,0.0573722921874199,0.2477777777777778,0.085299830112695,0.9189838714269576,7.361986986666667,12.0,12.0,24.0,24.0,22.0,18.8,23,theta_200,DE/best,fixed,1%,crowding-pruned,repair+feasible-first,5,best2,paper,0.01,10,0.0769230769230769,5,0,0,rank,1,19.2,20
train,syn_n200_k10_cluster_corr_skewed_high_vol_r01_s20260741,20,theta_034,0.9444339600817032,0.0767237598115297,0.2530555555555555,0.0676764608181655,0.7996822704757068,2.471820393333333,22.5,22.5,21.5,17.5,2.0,17.2,20,theta_034,DE/best,none,10%,crowding-pruned,repair+feasible-first,2,best2,none,0.1,5,0.0769230769230769,5,0,0,rank,1,20.7,21
train,syn_n200_k10_cluster_corr_skewed_high_vol_r01_s20260741,20,theta_037,0.9444339600817032,0.0767237598115297,0.2530555555555555,0.0676764608181655,0.7996822704757068,2.494185373333333,22.5,22.5,21.5,17.5,3.0,17.4,21,theta_037,DE/best,fixed,1%,crowding-pruned,repair+feasible-first,2,best2,paper,0.01,5,0.0769230769230769,5,0,0,rank,1,20.7,22
train,syn_n200_k10_cluster_corr_skewed_high_vol_r01_s20260741,20,theta_045,0.9444339600817032,0.0767237598115297,0.2530555555555555,0.0676764608181655,0.7996822704757068,3.021123853333333,22.5,22.5,21.5,17.5,9.0,18.6,22,theta_045,DE/best,fixed,10%,crowding-pruned,repair+feasible-first,2,best2,paper,0.1,20,0.0769230769230769,5,0,0,rank,1,20.7,23
train,syn_n200_k10_cluster_corr_skewed_high_vol_r01_s20260741,20,theta_047,0.9444339600817032,0.0767237598115297,0.2530555555555555,0.0676764608181655,0.7996822704757068,3.91212488,22.5,22.5,21.5,17.5,21.0,21.0,24,theta_047,DE/best,adaptive,1%,crowding-pruned,repair+feasible-first,2,best2,stable,0.01,10,0.0769230769230769,5,0,0,rank,1,20.7,24
train,syn_n200_k10_high_corr_mixed_high_vol_r02_s20260737,20,theta_164,1.0909580698402264,0.0929541862614521,0.6269444444444444,0.1113244495216236,0.7666315474719506,3.0992096733333336,2.5,2.5,2.5,18.5,9.0,7.0,1,theta_164,DE/rand,none,1%,crowding-pruned,repair+feasible-first,5,rand2,none,0.01,10,0.0769230769230769,5,0,0,rank,1,7.3,1
train,syn_n200_k10_high_corr_mixed_high_vol_r02_s20260737,20,theta_170,1.0909580698402264,0.0929541862614521,0.6269444444444444,0.1113244495216236,0.7666315474719506,3.225739816666666,2.5,2.5,2.5,18.5,10.0,7.2,2,theta_170,DE/rand,none,10%,crowding-pruned,repair+feasible-first,5,rand2,none,0.1,10,0.0769230769230769,5,0,0,rank,1,7.3,2
train,syn_n200_k10_high_corr_mixed_high_vol_r02_s20260737,20,theta_175,1.0909580698402264,0.0929541862614521,0.6269444444444444,0.1113244495216236,0.7666315474719506,3.417826706666667,2.5,2.5,2.5,18.5,20.0,9.2,6,theta_175,DE/rand,fixed,5%,crowding-pruned,repair+feasible-first,5,rand2,paper,0.05,5,0.0769230769230769,5,0,0,rank,1,7.3,3
train,syn_n200_k10_high_corr_mixed_high_vol_r02_s20260737,20,theta_189,1.0909580698402264,0.0929541862614521,0.6269444444444444,0.1113244495216236,0.7666315474719506,7.4452297833333345,2.5,2.5,2.5,18.5,24.0,10.0,7,theta_189,DE/rand,adaptive,10%,crowding-pruned,repair+feasible-first,5,rand2,stable,0.1,20,0.0769230769230769,5,0,0,rank,1,7.3,4
train,syn_n200_k10_high_corr_mixed_high_vol_r02_s20260737,20,theta_084,1.0737505422350089,0.1141933107468772,0.5399999999999999,0.0669891984610867,0.6223610274235531,2.4660310233333336,6.0,19.0,7.0,2.0,4.0,7.6,3,theta_084,DE/rand,none,1%,crowding-pruned,repair+feasible-first,3,rand2,none,0.01,20,0.0769230769230769,5,0,0,rank,1,7.699999999999999,5
train,syn_n200_k10_high_corr_mixed_high_vol_r02_s20260737,20,theta_086,1.0737505422350089,0.1141933107468772,0.5399999999999999,0.0669891984610867,0.6223610274235531,2.5420443066666665,6.0,19.0,7.0,2.0,6.0,8.0,4,theta_086,DE/rand,none,5%,crowding-pruned,repair+feasible-first,3,rand2,none,0.05,10,0.0769230769230769,5,0,0,rank,1,7.699999999999999,6
train,syn_n200_k10_high_corr_mixed_high_vol_r02_s20260737,20,theta_089,1.0737505422350089,0.1141933107468772,0.5399999999999999,0.0669891984610867,0.6223610274235531,3.390829773333334,6.0,19.0,7.0,2.0,19.0,10.6,9,theta_089,DE/rand,none,10%,crowding-pruned,repair+feasible-first,3,rand2,none,0.1,10,0.0769230769230769,5,0,0,rank,1,7.699999999999999,7
train,syn_n200_k10_high_corr_mixed_high_vol_r02_s20260737,20,theta_011,1.0709107268882414,0.1160318760413525,0.5427777777777777,0.0800489013175072,0.5799452961146606,1.7151263000000003,11.0,21.0,5.0,4.0,1.0,8.4,5,theta_011,DE/rand,fixed,1%,crowding-pruned,repair+feasible-first,2,rand2,paper,0.01,10,0.0769230769230769,5,0,0,rank,1,9.1,8
train,syn_n200_k10_high_corr_mixed_high_vol_r02_s20260737,20,theta_223,1.0719006706124736,0.1014037655601174,0.4991666666666666,0.0995917423415448,0.746030686146256,7.141725123333335,9.0,9.0,10.0,15.0,23.0,13.2,13,theta_223,mixed,none,10%,crowding-pruned,repair+feasible-first,5,mixed,none,0.1,5,0.0769230769230769,5,0,0,rank,1,11.1,9
train,syn_n200_k10_high_corr_mixed_high_vol_r02_s20260737,20,theta_234,1.0719006706124736,0.1014037655601174,0.4991666666666666,0.0995917423415448,0.746030686146256,2.8994828933333334,9.0,9.0,10.0,15.0,8.0,10.2,8,theta_234,mixed,fixed,10%,crowding-pruned,repair+feasible-first,5,mixed,paper,0.1,20,0.0769230769230769,5,0,0,rank,1,11.1,10
train,syn_n200_k10_high_corr_mixed_high_vol_r02_s20260737,20,theta_237,1.0719006706124736,0.1014037655601174,0.4991666666666666,0.0995917423415448,0.746030686146256,3.2737927000000004,9.0,9.0,10.0,15.0,13.0,11.2,11,theta_237,mixed,adaptive,1%,crowding-pruned,repair+feasible-first,5,mixed,stable,0.01,20,0.0769230769230769,5,0,0,rank,1,11.1,11
train,syn_n200_k10_high_corr_mixed_high_vol_r02_s20260737,20,theta_144,1.0705545073608476,0.1094878181165757,0.4963888888888889,0.0947824726364607,0.7048117861669425,2.501898676666667,12.5,12.5,12.5,12.5,5.0,11.0,10,theta_144,mixed,none,10%,crowding-pruned,repair+feasible-first,3,mixed,none,0.1,20,0.0769230769230769,5,0,0,rank,1,12.5,12
train,syn_n200_k10_high_corr_mixed_high_vol_r02_s20260737,20,theta_159,1.0705545073608476,0.1094878181165757,0.4963888888888889,0.0947824726364607,0.7048117861669425,3.3364426666666662,12.5,12.5,12.5,12.5,15.0,13.0,12,theta_159,mixed,adaptive,5%,crowding-pruned,repair+feasible-first,3,mixed,stable,0.05,20,0.0769230769230769,5,0,0,rank,1,12.5,13
train,syn_n200_k10_high_corr_mixed_high_vol_r02_s20260737,20,theta_067,1.055730773983777,0.1237780522821364,0.4608333333333334,0.0913906167282942,0.6675672012798206,3.35837274,23.0,23.0,15.0,6.0,18.0,17.0,22,theta_067,mixed,fixed,5%,crowding-pruned,repair+feasible-first,2,mixed,paper,0.05,5,0.0769230769230769,5,0,0,rank,1,15.5,14
train,syn_n200_k10_high_corr_mixed_high_vol_r02_s20260737,20,theta_076,1.055730773983777,0.1237780522821364,0.4608333333333334,0.0913906167282942,0.6675672012798206,3.2401842366666664,23.0,23.0,15.0,6.0,11.0,15.6,18,theta_076,mixed,adaptive,5%,crowding-pruned,repair+feasible-first,2,mixed,stable,0.05,5,0.0769230769230769,5,0,0,rank,1,15.5,15
train,syn_n200_k10_high_corr_mixed_high_vol_r02_s20260737,20,theta_078,1.055730773983777,0.1237780522821364,0.4608333333333334,0.0913906167282942,0.6675672012798206,3.291813856666667,23.0,23.0,15.0,6.0,14.0,16.2,21,theta_078,mixed,adaptive,5%,crowding-pruned,repair+feasible-first,2,mixed,stable,0.05,20,0.0769230769230769,5,0,0,rank,1,15.5,16
train,syn_n200_k10_high_corr_mixed_high_vol_r02_s20260737,20,theta_118,1.0658600442468096,0.0973589104897288,0.4225,0.1287167744407129,0.8387587204540939,3.3496838966666664,16.0,6.0,18.0,22.0,16.0,15.6,19,theta_118,DE/best,fixed,1%,crowding-pruned,repair+feasible-first,3,best2,paper,0.01,5,0.0769230769230769,5,0,0,rank,1,16.4,17
train,syn_n200_k10_high_corr_mixed_high_vol_r02_s20260737,20,theta_131,1.0658600442468096,0.0973589104897288,0.4225,0.1287167744407129,0.8387587204540939,3.25660939,16.0,6.0,18.0,22.0,12.0,14.8,17,theta_131,DE/best,adaptive,5%,crowding-pruned,repair+feasible-first,3,best2,stable,0.05,10,0.0769230769230769,5,0,0,rank,1,16.4,18
train,syn_n200_k10_high_corr_mixed_high_vol_r02_s20260737,20,theta_132,1.0658600442468096,0.0973589104897288,0.4225,0.1287167744407129,0.8387587204540939,3.35149293,16.0,6.0,18.0,22.0,17.0,15.8,20,theta_132,DE/best,adaptive,5%,crowding-pruned,repair+feasible-first,3,best2,stable,0.05,20,0.0769230769230769,5,0,0,rank,1,16.4,19
train,syn_n200_k10_high_corr_mixed_high_vol_r02_s20260737,20,theta_034,1.0612497160427024,0.1115751555299125,0.3613888888888888,0.0928963669899415,0.8016776628507363,2.443843826666667,19.5,15.5,22.5,9.5,3.0,14.0,15,theta_034,DE/best,none,10%,crowding-pruned,repair+feasible-first,2,best2,none,0.1,5,0.0769230769230769,5,0,0,rank,1,16.6,20
train,syn_n200_k10_high_corr_mixed_high_vol_r02_s20260737,20,theta_037,1.0612497160427024,0.1115751555299125,0.3613888888888888,0.0928963669899415,0.8016776628507363,2.3623701400000003,19.5,15.5,22.5,9.5,2.0,13.8,14,theta_037,DE/best,fixed,1%,crowding-pruned,repair+feasible-first,2,best2,paper,0.01,5,0.0769230769230769,5,0,0,rank,1,16.6,21
train,syn_n200_k10_high_corr_mixed_high_vol_r02_s20260737,20,theta_045,1.0612497160427024,0.1115751555299125,0.3613888888888888,0.0928963669899415,0.8016776628507363,2.860030553333333,19.5,15.5,22.5,9.5,7.0,14.8,16,theta_045,DE/best,fixed,10%,crowding-pruned,repair+feasible-first,2,best2,paper,0.1,20,0.0769230769230769,5,0,0,rank,1,16.6,22
train,syn_n200_k10_high_corr_mixed_high_vol_r02_s20260737,20,theta_047,1.0612497160427024,0.1115751555299125,0.3613888888888888,0.0928963669899415,0.8016776628507363,3.488477853333333,19.5,15.5,22.5,9.5,21.0,17.6,23,theta_047,DE/best,adaptive,1%,crowding-pruned,repair+feasible-first,2,best2,stable,0.01,10,0.0769230769230769,5,0,0,rank,1,16.6,23
train,syn_n200_k10_high_corr_mixed_high_vol_r02_s20260737,20,theta_200,1.0679876263785235,0.1028921944343752,0.4213888888888888,0.1502571133517611,0.8210611775682782,7.136438619999999,14.0,11.0,20.0,24.0,22.0,18.2,24,theta_200,DE/best,fixed,1%,crowding-pruned,repair+feasible-first,5,best2,paper,0.01,10,0.0769230769230769,5,0,0,rank,1,18.2,24
train,syn_n200_k10_low_corr_heavy_tail_high_vol_r03_s20260740,20,theta_011,1.0183441085936855,0.0492218196934438,0.6416666666666667,0.0315649206806346,0.6795441533265619,1.6613532733333334,8.0,8.0,4.0,1.0,1.0,4.4,1,theta_011,DE/rand,fixed,1%,crowding-pruned,repair+feasible-first,2,rand2,paper,0.01,10,0.0769230769230769,5,0,0,rank,1,4.7,1
train,syn_n200_k10_low_corr_heavy_tail_high_vol_r03_s20260740,20,theta_084,1.0435185621865537,0.0441060073056262,0.6616666666666666,0.0523674038319619,0.731793068073898,2.227646213333334,2.0,2.0,2.0,16.0,2.0,4.8,2,theta_084,DE/rand,none,1%,crowding-pruned,repair+feasible-first,3,rand2,none,0.01,20,0.0769230769230769,5,0,0,rank,1,6.199999999999999,2
train,syn_n200_k10_low_corr_heavy_tail_high_vol_r03_s20260740,20,theta_086,1.0435185621865537,0.0441060073056262,0.6616666666666666,0.0523674038319619,0.731793068073898,2.58626075,2.0,2.0,2.0,16.0,6.0,5.6,3,theta_086,DE/rand,none,5%,crowding-pruned,repair+feasible-first,3,rand2,none,0.05,10,0.0769230769230769,5,0,0,rank,1,6.199999999999999,3
train,syn_n200_k10_low_corr_heavy_tail_high_vol_r03_s20260740,20,theta_089,1.0435185621865537,0.0441060073056262,0.6616666666666666,0.0523674038319619,0.731793068073898,3.421194406666667,2.0,2.0,2.0,16.0,18.0,8.0,5,theta_089,DE/rand,none,10%,crowding-pruned,repair+feasible-first,3,rand2,none,0.1,10,0.0769230769230769,5,0,0,rank,1,6.199999999999999,4
train,syn_n200_k10_low_corr_heavy_tail_high_vol_r03_s20260740,20,theta_164,1.029085566533642,0.0476437364890796,0.6008333333333334,0.0452278459478289,0.754663247108132,3.110532183333333,5.5,5.5,8.5,5.5,8.0,6.6,4,theta_164,DE/rand,none,1%,crowding-pruned,repair+feasible-first,5,rand2,none,0.01,10,0.0769230769230769,5,0,0,rank,1,6.4,5
train,syn_n200_k10_low_corr_heavy_tail_high_vol_r03_s20260740,20,theta_170,1.029085566533642,0.0476437364890796,0.6008333333333334,0.0452278459478289,0.754663247108132,3.3386508333333333,5.5,5.5,8.5,5.5,16.0,8.2,6,theta_170,DE/rand,none,10%,crowding-pruned,repair+feasible-first,5,rand2,none,0.1,10,0.0769230769230769,5,0,0,rank,1,6.4,6
train,syn_n200_k10_low_corr_heavy_tail_high_vol_r03_s20260740,20,theta_175,1.029085566533642,0.0476437364890796,0.6008333333333334,0.0452278459478289,0.754663247108132,3.5661874166666667,5.5,5.5,8.5,5.5,20.0,9.0,7,theta_175,DE/rand,fixed,5%,crowding-pruned,repair+feasible-first,5,rand2,paper,0.05,5,0.0769230769230769,5,0,0,rank,1,6.4,7
train,syn_n200_k10_low_corr_heavy_tail_high_vol_r03_s20260740,20,theta_189,1.029085566533642,0.0476437364890796,0.6008333333333334,0.0452278459478289,0.754663247108132,7.317645283333333,5.5,5.5,8.5,5.5,24.0,9.8,8,theta_189,DE/rand,adaptive,10%,crowding-pruned,repair+feasible-first,5,rand2,stable,0.1,20,0.0769230769230769,5,0,0,rank,1,6.4,8
train,syn_n200_k10_low_corr_heavy_tail_high_vol_r03_s20260740,20,theta_144,0.9533870590543468,0.0657308522594525,0.6030555555555556,0.0426380096457315,0.5818897145059269,2.5046505333333333,23.5,23.5,5.5,2.5,5.0,12.0,12,theta_144,mixed,none,10%,crowding-pruned,repair+feasible-first,3,mixed,none,0.1,20,0.0769230769230769,5,0,0,rank,1,11.8,9
train,syn_n200_k10_low_corr_heavy_tail_high_vol_r03_s20260740,20,theta_159,0.9533870590543468,0.0657308522594525,0.6030555555555556,0.0426380096457315,0.5818897145059269,3.251661466666667,23.5,23.5,5.5,2.5,10.0,13.0,13,theta_159,mixed,adaptive,5%,crowding-pruned,repair+feasible-first,3,mixed,stable,0.05,20,0.0769230769230769,5,0,0,rank,1,11.8,10
train,syn_n200_k10_low_corr_heavy_tail_high_vol_r03_s20260740,20,theta_034,1.006662281878048,0.0543358151305057,0.4861111111111112,0.0460069339334497,0.7774595682908705,2.4006197133333336,11.5,10.5,18.5,9.5,3.0,10.6,9,theta_034,DE/best,none,10%,crowding-pruned,repair+feasible-first,2,best2,none,0.1,5,0.0769230769230769,5,0,0,rank,1,12.799999999999999,11
train,syn_n200_k10_low_corr_heavy_tail_high_vol_r03_s20260740,20,theta_037,1.006662281878048,0.0543358151305057,0.4861111111111112,0.0460069339334497,0.7774595682908705,2.4146070299999995,11.5,10.5,18.5,9.5,4.0,10.8,10,theta_037,DE/best,fixed,1%,crowding-pruned,repair+feasible-first,2,best2,paper,0.01,5,0.0769230769230769,5,0,0,rank,1,12.799999999999999,12
train,syn_n200_k10_low_corr_heavy_tail_high_vol_r03_s20260740,20,theta_045,1.006662281878048,0.0543358151305057,0.4861111111111112,0.0460069339334497,0.7774595682908705,2.918968253333334,11.5,10.5,18.5,9.5,7.0,11.4,11,theta_045,DE/best,fixed,10%,crowding-pruned,repair+feasible-first,2,best2,paper,0.1,20,0.0769230769230769,5,0,0,rank,1,12.799999999999999,13
train,syn_n200_k10_low_corr_heavy_tail_high_vol_r03_s20260740,20,theta_047,1.006662281878048,0.0543358151305057,0.4861111111111112,0.0460069339334497,0.7774595682908705,3.73440609,11.5,10.5,18.5,9.5,21.0,14.2,14,theta_047,DE/best,adaptive,1%,crowding-pruned,repair+feasible-first,2,best2,stable,0.01,10,0.0769230769230769,5,0,0,rank,1,12.799999999999999,14
train,syn_n200_k10_low_corr_heavy_tail_high_vol_r03_s20260740,20,theta_067,0.991160893982808,0.0567737432464951,0.5625000000000001,0.0506496572263538,0.6951396582551891,3.4912208866666665,21.0,18.0,12.0,13.0,19.0,16.6,19,theta_067,mixed,fixed,5%,crowding-pruned,repair+feasible-first,2,mixed,paper,0.05,5,0.0769230769230769,5,0,0,rank,1,15.3,15
train,syn_n200_k10_low_corr_heavy_tail_high_vol_r03_s20260740,20,theta_076,0.991160893982808,0.0567737432464951,0.5625000000000001,0.0506496572263538,0.6951396582551891,3.163830463333333,21.0,18.0,12.0,13.0,9.0,14.6,15,theta_076,mixed,adaptive,5%,crowding-pruned,repair+feasible-first,2,mixed,stable,0.05,5,0.0769230769230769,5,0,0,rank,1,15.3,16
train,syn_n200_k10_low_corr_heavy_tail_high_vol_r03_s20260740,20,theta_078,0.991160893982808,0.0567737432464951,0.5625000000000001,0.0506496572263538,0.6951396582551891,3.285393036666667,21.0,18.0,12.0,13.0,13.0,15.4,16,theta_078,mixed,adaptive,5%,crowding-pruned,repair+feasible-first,2,mixed,stable,0.05,20,0.0769230769230769,5,0,0,rank,1,15.3,17
train,syn_n200_k10_low_corr_heavy_tail_high_vol_r03_s20260740,20,theta_223,0.998920431762084,0.0544340680805697,0.5597222222222221,0.0669860880841473,0.7446144576698193,7.103640536666665,15.0,14.0,15.0,22.0,23.0,17.8,20,theta_223,mixed,none,10%,crowding-pruned,repair+feasible-first,5,mixed,none,0.1,5,0.0769230769230769,5,0,0,rank,1,16.9,18
train,syn_n200_k10_low_corr_heavy_tail_high_vol_r03_s20260740,20,theta_234,0.998920431762084,0.0544340680805697,0.5597222222222221,0.0669860880841473,0.7446144576698193,3.2547062833333333,15.0,14.0,15.0,22.0,11.0,15.4,17,theta_234,mixed,fixed,10%,crowding-pruned,repair+feasible-first,5,mixed,paper,0.1,20,0.0769230769230769,5,0,0,rank,1,16.9,19
train,syn_n200_k10_low_corr_heavy_tail_high_vol_r03_s20260740,20,theta_237,0.998920431762084,0.0544340680805697,0.5597222222222221,0.0669860880841473,0.7446144576698193,3.3014088500000005,15.0,14.0,15.0,22.0,14.0,16.0,18,theta_237,mixed,adaptive,1%,crowding-pruned,repair+feasible-first,5,mixed,stable,0.01,20,0.0769230769230769,5,0,0,rank,1,16.9,20
train,syn_n200_k10_low_corr_heavy_tail_high_vol_r03_s20260740,20,theta_200,1.013313528119537,0.0552623936283065,0.4338888888888889,0.0717759963696759,0.8442389345947431,7.071545613333331,9.0,16.0,24.0,24.0,22.0,19.0,23,theta_200,DE/best,fixed,1%,crowding-pruned,repair+feasible-first,5,best2,paper,0.01,10,0.0769230769230769,5,0,0,rank,1,19.4,21
train,syn_n200_k10_low_corr_heavy_tail_high_vol_r03_s20260740,20,theta_118,0.9970627106902552,0.0584604222017138,0.4716666666666667,0.0626574948790277,0.7759957521766071,3.319968983333333,18.0,21.0,22.0,19.0,15.0,19.0,22,theta_118,DE/best,fixed,1%,crowding-pruned,repair+feasible-first,3,best2,paper,0.01,5,0.0769230769230769,5,0,0,rank,1,20.1,22
train,syn_n200_k10_low_corr_heavy_tail_high_vol_r03_s20260740,20,theta_131,0.9970627106902552,0.0584604222017138,0.4716666666666667,0.0626574948790277,0.7759957521766071,3.2652693,18.0,21.0,22.0,19.0,12.0,18.4,21,theta_131,DE/best,adaptive,5%,crowding-pruned,repair+feasible-first,3,best2,stable,0.05,10,0.0769230769230769,5,0,0,rank,1,20.1,23
train,syn_n200_k10_low_corr_heavy_tail_high_vol_r03_s20260740,20,theta_132,0.9970627106902552,0.0584604222017138,0.4716666666666667,0.0626574948790277,0.7759957521766071,3.4037881133333343,18.0,21.0,22.0,19.0,17.0,19.4,24,theta_132,DE/best,adaptive,5%,crowding-pruned,repair+feasible-first,3,best2,stable,0.05,20,0.0769230769230769,5,0,0,rank,1,20.1,24
train,syn_n200_k10_low_corr_normal_low_vol_r01_s20260735,20,theta_084,1.0553372668463672,0.0328767790283732,0.6944444444444446,0.0349410190749892,0.7986122634346429,3.0988972033333337,2.0,2.0,2.0,2.0,7.0,3.0,2,theta_084,DE/rand,none,1%,crowding-pruned,repair+feasible-first,3,rand2,none,0.01,20,0.0769230769230769,5,0,0,rank,1,2.0,1
train,syn_n200_k10_low_corr_normal_low_vol_r01_s20260735,20,theta_086,1.0553372668463672,0.0328767790283732,0.6944444444444446,0.0349410190749892,0.7986122634346429,2.66912398,2.0,2.0,2.0,2.0,5.0,2.6,1,theta_086,DE/rand,none,5%,crowding-pruned,repair+feasible-first,3,rand2,none,0.05,10,0.0769230769230769,5,0,0,rank,1,2.0,2
train,syn_n200_k10_low_corr_normal_low_vol_r01_s20260735,20,theta_089,1.0553372668463672,0.0328767790283732,0.6944444444444446,0.0349410190749892,0.7986122634346429,3.30066198,2.0,2.0,2.0,2.0,12.0,4.0,3,theta_089,DE/rand,none,10%,crowding-pruned,repair+feasible-first,3,rand2,none,0.1,10,0.0769230769230769,5,0,0,rank,1,2.0,3
train,syn_n200_k10_low_corr_normal_low_vol_r01_s20260735,20,theta_011,1.032599536720302,0.0381410133098431,0.6475000000000001,0.0425795212570453,0.7794274530951208,1.70811047,8.0,4.0,4.0,4.0,1.0,4.2,4,theta_011,DE/rand,fixed,1%,crowding-pruned,repair+feasible-first,2,rand2,paper,0.01,10,0.0769230769230769,5,0,0,rank,1,4.800000000000001,4
train,syn_n200_k10_low_corr_normal_low_vol_r01_s20260735,20,theta_164,1.034702822432075,0.0413488441375301,0.5361111111111111,0.0639345921667054,0.8182723451668045,3.3305027800000007,5.5,6.5,8.5,11.5,13.0,9.0,6,theta_164,DE/rand,none,1%,crowding-pruned,repair+feasible-first,5,rand2,none,0.01,10,0.0769230769230769,5,0,0,rank,1,8.4,5
train,syn_n200_k10_low_corr_normal_low_vol_r01_s20260735,20,theta_170,1.034702822432075,0.0413488441375301,0.5361111111111111,0.0639345921667054,0.8182723451668045,3.3543532933333324,5.5,6.5,8.5,11.5,15.0,9.4,7,theta_170,DE/rand,none,10%,crowding-pruned,repair+feasible-first,5,rand2,none,0.1,10,0.0769230769230769,5,0,0,rank,1,8.4,6
train,syn_n200_k10_low_corr_normal_low_vol_r01_s20260735,20,theta_175,1.034702822432075,0.0413488441375301,0.5361111111111111,0.0639345921667054,0.8182723451668045,3.3940650333333333,5.5,6.5,8.5,11.5,16.0,9.6,8,theta_175,DE/rand,fixed,5%,crowding-pruned,repair+feasible-first,5,rand2,paper,0.05,5,0.0769230769230769,5,0,0,rank,1,8.4,7
train,syn_n200_k10_low_corr_normal_low_vol_r01_s20260735,20,theta_189,1.034702822432075,0.0413488441375301,0.5361111111111111,0.0639345921667054,0.8182723451668045,7.532358543333333,5.5,6.5,8.5,11.5,24.0,11.2,10,theta_189,DE/rand,adaptive,10%,crowding-pruned,repair+feasible-first,5,rand2,stable,0.1,20,0.0769230769230769,5,0,0,rank,1,8.4,8
train,syn_n200_k10_low_corr_normal_low_vol_r01_s20260735,20,theta_144,0.993294433184679,0.0486703044929363,0.5483333333333333,0.0637161775260666,0.7831531120068753,2.514314403333334,17.5,9.5,5.5,8.5,4.0,9.0,5,theta_144,mixed,none,10%,crowding-pruned,repair+feasible-first,3,mixed,none,0.1,20,0.0769230769230769,5,0,0,rank,1,9.600000000000001,9
train,syn_n200_k10_low_corr_normal_low_vol_r01_s20260735,20,theta_159,0.993294433184679,0.0486703044929363,0.5483333333333333,0.0637161775260666,0.7831531120068753,3.258374796666666,17.5,9.5,5.5,8.5,10.0,10.2,9,theta_159,mixed,adaptive,5%,crowding-pruned,repair+feasible-first,3,mixed,stable,0.05,20,0.0769230769230769,5,0,0,rank,1,9.600000000000001,10
train,syn_n200_k10_low_corr_normal_low_vol_r01_s20260735,20,theta_223,0.9662923635674358,0.0569140269293227,0.4686111111111112,0.0440930462493089,0.7209879253295579,7.194311889999999,20.0,20.0,12.0,6.0,22.0,16.0,17,theta_223,mixed,none,10%,crowding-pruned,repair+feasible-first,5,mixed,none,0.1,5,0.0769230769230769,5,0,0,rank,1,13.399999999999999,11
train,syn_n200_k10_low_corr_normal_low_vol_r01_s20260735,20,theta_234,0.9662923635674358,0.0569140269293227,0.4686111111111112,0.0440930462493089,0.7209879253295579,3.8261683033333336,20.0,20.0,12.0,6.0,20.0,15.6,16,theta_234,mixed,fixed,10%,crowding-pruned,repair+feasible-first,5,mixed,paper,0.1,20,0.0769230769230769,5,0,0,rank,1,13.399999999999999,12
train,syn_n200_k10_low_corr_normal_low_vol_r01_s20260735,20,theta_237,0.9662923635674358,0.0569140269293227,0.4686111111111112,0.0440930462493089,0.7209879253295579,3.252066166666666,20.0,20.0,12.0,6.0,9.0,13.4,13,theta_237,mixed,adaptive,1%,crowding-pruned,repair+feasible-first,5,mixed,stable,0.01,20,0.0769230769230769,5,0,0,rank,1,13.399999999999999,13
train,syn_n200_k10_low_corr_normal_low_vol_r01_s20260735,20,theta_034,1.0039441805880611,0.0505897085339277,0.4169444444444445,0.0650318304334222,0.8840687908294559,2.4079762166666665,14.5,13.5,18.5,15.5,2.0,12.8,11,theta_034,DE/best,none,10%,crowding-pruned,repair+feasible-first,2,best2,none,0.1,5,0.0769230769230769,5,0,0,rank,1,15.8,14
train,syn_n200_k10_low_corr_normal_low_vol_r01_s20260735,20,theta_037,1.0039441805880611,0.0505897085339277,0.4169444444444445,0.0650318304334222,0.8840687908294559,2.4222022233333336,14.5,13.5,18.5,15.5,3.0,13.0,12,theta_037,DE/best,fixed,1%,crowding-pruned,repair+feasible-first,2,best2,paper,0.01,5,0.0769230769230769,5,0,0,rank,1,15.8,15
train,syn_n200_k10_low_corr_normal_low_vol_r01_s20260735,20,theta_045,1.0039441805880611,0.0505897085339277,0.4169444444444445,0.0650318304334222,0.8840687908294559,3.04249898,14.5,13.5,18.5,15.5,6.0,13.6,14,theta_045,DE/best,fixed,10%,crowding-pruned,repair+feasible-first,2,best2,paper,0.1,20,0.0769230769230769,5,0,0,rank,1,15.8,16
train,syn_n200_k10_low_corr_normal_low_vol_r01_s20260735,20,theta_047,1.0039441805880611,0.0505897085339277,0.4169444444444445,0.0650318304334222,0.8840687908294559,5.8921116966666665,14.5,13.5,18.5,15.5,21.0,16.6,18,theta_047,DE/best,adaptive,1%,crowding-pruned,repair+feasible-first,2,best2,stable,0.01,10,0.0769230769230769,5,0,0,rank,1,15.8,17
train,syn_n200_k10_low_corr_normal_low_vol_r01_s20260735,20,theta_118,1.00542008872586,0.0521281792127287,0.3986111111111111,0.0682499424743343,0.8945907730312734,3.4726615200000004,11.0,17.0,22.0,19.0,17.0,17.2,19,theta_118,DE/best,fixed,1%,crowding-pruned,repair+feasible-first,3,best2,paper,0.01,5,0.0769230769230769,5,0,0,rank,1,17.9,18
train,syn_n200_k10_low_corr_normal_low_vol_r01_s20260735,20,theta_131,1.00542008872586,0.0521281792127287,0.3986111111111111,0.0682499424743343,0.8945907730312734,3.49325056,11.0,17.0,22.0,19.0,18.0,17.4,20,theta_131,DE/best,adaptive,5%,crowding-pruned,repair+feasible-first,3,best2,stable,0.05,10,0.0769230769230769,5,0,0,rank,1,17.9,19
train,syn_n200_k10_low_corr_normal_low_vol_r01_s20260735,20,theta_132,1.00542008872586,0.0521281792127287,0.3986111111111111,0.0682499424743343,0.8945907730312734,3.218112526666667,11.0,17.0,22.0,19.0,8.0,15.4,15,theta_132,DE/best,adaptive,5%,crowding-pruned,repair+feasible-first,3,best2,stable,0.05,20,0.0769230769230769,5,0,0,rank,1,17.9,20
train,syn_n200_k10_low_corr_normal_low_vol_r01_s20260735,20,theta_200,1.0215219420494166,0.0504933082689479,0.3955555555555555,0.0772176487651631,0.9428353787202862,7.21571265,9.0,11.0,24.0,24.0,23.0,18.2,21,theta_200,DE/best,fixed,1%,crowding-pruned,repair+feasible-first,5,best2,paper,0.01,10,0.0769230769230769,5,0,0,rank,1,18.4,21
train,syn_n200_k10_low_corr_normal_low_vol_r01_s20260735,20,theta_067,0.9590268838423712,0.0604462299223821,0.4472222222222222,0.0741677557976611,0.7302018458497168,3.4998827133333337,23.0,23.0,15.0,22.0,19.0,20.4,24,theta_067,mixed,fixed,5%,crowding-pruned,repair+feasible-first,2,mixed,paper,0.05,5,0.0769230769230769,5,0,0,rank,1,20.3,22
train,syn_n200_k10_low_corr_normal_low_vol_r01_s20260735,20,theta_076,0.9590268838423712,0.0604462299223821,0.4472222222222222,0.0741677557976611,0.7302018458497168,3.27363247,23.0,23.0,15.0,22.0,11.0,18.8,22,theta_076,mixed,adaptive,5%,crowding-pruned,repair+feasible-first,2,mixed,stable,0.05,5,0.0769230769230769,5,0,0,rank,1,20.3,23
train,syn_n200_k10_low_corr_normal_low_vol_r01_s20260735,20,theta_078,0.9590268838423712,0.0604462299223821,0.4472222222222222,0.0741677557976611,0.7302018458497168,3.3388343533333336,23.0,23.0,15.0,22.0,14.0,19.4,23,theta_078,mixed,adaptive,5%,crowding-pruned,repair+feasible-first,2,mixed,stable,0.05,20,0.0769230769230769,5,0,0,rank,1,20.3,24
train,syn_n200_k10_low_corr_skewed_extreme_events_r02_s20260736,20,theta_084,1.0165486786461737,0.055769115310364,0.5438888888888889,0.0307072142329643,0.7151732630175728,3.251387306666667,8.0,15.0,2.0,2.0,8.0,7.0,3,theta_084,DE/rand,none,1%,crowding-pruned,repair+feasible-first,3,rand2,none,0.01,20,0.0769230769230769,5,0,0,rank,1,5.799999999999999,1
train,syn_n200_k10_low_corr_skewed_extreme_events_r02_s20260736,20,theta_086,1.0165486786461737,0.055769115310364,0.5438888888888889,0.0307072142329643,0.7151732630175728,2.61539617,8.0,15.0,2.0,2.0,5.0,6.4,2,theta_086,DE/rand,none,5%,crowding-pruned,repair+feasible-first,3,rand2,none,0.05,10,0.0769230769230769,5,0,0,rank,1,5.799999999999999,2
train,syn_n200_k10_low_corr_skewed_extreme_events_r02_s20260736,20,theta_089,1.0165486786461737,0.055769115310364,0.5438888888888889,0.0307072142329643,0.7151732630175728,3.47980006,8.0,15.0,2.0,2.0,17.0,8.8,5,theta_089,DE/rand,none,10%,crowding-pruned,repair+feasible-first,3,rand2,none,0.1,10,0.0769230769230769,5,0,0,rank,1,5.799999999999999,3
train,syn_n200_k10_low_corr_skewed_extreme_events_r02_s20260736,20,theta_144,1.0170639557364254,0.0531690720960179,0.4088888888888889,0.0482905946320645,0.8473579537076384,2.5724843466666667,5.5,4.5,9.5,5.5,3.0,5.6,1,theta_144,mixed,none,10%,crowding-pruned,repair+feasible-first,3,mixed,none,0.1,20,0.0769230769230769,5,0,0,rank,1,6.5,4
train,syn_n200_k10_low_corr_skewed_extreme_events_r02_s20260736,20,theta_159,1.0170639557364254,0.0531690720960179,0.4088888888888889,0.0482905946320645,0.8473579537076384,3.33897161,5.5,4.5,9.5,5.5,11.0,7.2,4,theta_159,mixed,adaptive,5%,crowding-pruned,repair+feasible-first,3,mixed,stable,0.05,20,0.0769230769230769,5,0,0,rank,1,6.5,5
train,syn_n200_k10_low_corr_skewed_extreme_events_r02_s20260736,20,theta_223,1.025136950580324,0.0519080638416795,0.345,0.058601720272837,0.9148679899006824,7.380529346666666,3.0,2.0,15.0,11.0,23.0,10.8,8,theta_223,mixed,none,10%,crowding-pruned,repair+feasible-first,5,mixed,none,0.1,5,0.0769230769230769,5,0,0,rank,1,8.8,6
train,syn_n200_k10_low_corr_skewed_extreme_events_r02_s20260736,20,theta_234,1.025136950580324,0.0519080638416795,0.345,0.058601720272837,0.9148679899006824,3.4956740833333337,3.0,2.0,15.0,11.0,18.0,9.8,7,theta_234,mixed,fixed,10%,crowding-pruned,repair+feasible-first,5,mixed,paper,0.1,20,0.0769230769230769,5,0,0,rank,1,8.8,7
train,syn_n200_k10_low_corr_skewed_extreme_events_r02_s20260736,20,theta_237,1.025136950580324,0.0519080638416795,0.345,0.058601720272837,0.9148679899006824,3.434357993333334,3.0,2.0,15.0,11.0,15.0,9.2,6,theta_237,mixed,adaptive,1%,crowding-pruned,repair+feasible-first,5,mixed,stable,0.01,20,0.0769230769230769,5,0,0,rank,1,8.8,8
train,syn_n200_k10_low_corr_skewed_extreme_events_r02_s20260736,20,theta_011,1.005054329934136,0.059250597022825,0.5363888888888889,0.0370741812700554,0.7338358118763366,1.7323806166666664,24.0,24.0,4.0,4.0,1.0,11.4,9,theta_011,DE/rand,fixed,1%,crowding-pruned,repair+feasible-first,2,rand2,paper,0.01,10,0.0769230769230769,5,0,0,rank,1,12.0,9
train,syn_n200_k10_low_corr_skewed_extreme_events_r02_s20260736,20,theta_067,1.011957110459616,0.0557495308125718,0.3694444444444445,0.0529699072923822,0.849008363719181,3.540731030000001,22.0,12.0,12.0,8.0,19.0,14.6,18,theta_067,mixed,fixed,5%,crowding-pruned,repair+feasible-first,2,mixed,paper,0.05,5,0.0769230769230769,5,0,0,rank,1,12.8,10
train,syn_n200_k10_low_corr_skewed_extreme_events_r02_s20260736,20,theta_076,1.011957110459616,0.0557495308125718,0.3694444444444445,0.0529699072923822,0.849008363719181,3.4315221066666663,22.0,12.0,12.0,8.0,14.0,13.6,13,theta_076,mixed,adaptive,5%,crowding-pruned,repair+feasible-first,2,mixed,stable,0.05,5,0.0769230769230769,5,0,0,rank,1,12.8,11
train,syn_n200_k10_low_corr_skewed_extreme_events_r02_s20260736,20,theta_078,1.011957110459616,0.0557495308125718,0.3694444444444445,0.0529699072923822,0.849008363719181,3.320198483333334,22.0,12.0,12.0,8.0,9.0,12.6,11,theta_078,mixed,adaptive,5%,crowding-pruned,repair+feasible-first,2,mixed,stable,0.05,20,0.0769230769230769,5,0,0,rank,1,12.8,12
train,syn_n200_k10_low_corr_skewed_extreme_events_r02_s20260736,20,theta_164,1.0148720620426426,0.0553878402557526,0.4397222222222223,0.0653332554321775,0.8382418038362048,3.23361876,15.5,8.5,6.5,21.5,6.0,11.6,10,theta_164,DE/rand,none,1%,crowding-pruned,repair+feasible-first,5,rand2,none,0.01,10,0.0769230769230769,5,0,0,rank,1,13.200000000000001,13
train,syn_n200_k10_low_corr_skewed_extreme_events_r02_s20260736,20,theta_170,1.0148720620426426,0.0553878402557526,0.4397222222222223,0.0653332554321775,0.8382418038362048,3.453068916666666,15.5,8.5,6.5,21.5,16.0,13.6,14,theta_170,DE/rand,none,10%,crowding-pruned,repair+feasible-first,5,rand2,none,0.1,10,0.0769230769230769,5,0,0,rank,1,13.200000000000001,14
train,syn_n200_k10_low_corr_skewed_extreme_events_r02_s20260736,20,theta_175,1.0148720620426426,0.0553878402557526,0.4397222222222223,0.0653332554321775,0.8382418038362048,3.3412524700000006,15.5,8.5,6.5,21.5,12.0,12.8,12,theta_175,DE/rand,fixed,5%,crowding-pruned,repair+feasible-first,5,rand2,paper,0.05,5,0.0769230769230769,5,0,0,rank,1,13.200000000000001,15
train,syn_n200_k10_low_corr_skewed_extreme_events_r02_s20260736,20,theta_189,1.0148720620426426,0.0553878402557526,0.4397222222222223,0.0653332554321775,0.8382418038362048,7.702418710000001,15.5,8.5,6.5,21.5,24.0,15.2,19,theta_189,DE/rand,adaptive,10%,crowding-pruned,repair+feasible-first,5,rand2,stable,0.1,20,0.0769230769230769,5,0,0,rank,1,13.200000000000001,16
train,syn_n200_k10_low_corr_skewed_extreme_events_r02_s20260736,20,theta_200,1.031449322597004,0.053296139950695,0.3069444444444444,0.0736698454040656,1.015260564442026,7.271355826666666,1.0,6.0,17.0,24.0,22.0,14.0,16,theta_200,DE/best,fixed,1%,crowding-pruned,repair+feasible-first,5,best2,paper,0.01,10,0.0769230769230769,5,0,0,rank,1,13.7,17
train,syn_n200_k10_low_corr_skewed_extreme_events_r02_s20260736,20,theta_034,1.0160378487510056,0.0565207161639528,0.2936111111111111,0.0606167137290436,0.9372017545828092,2.5914537,11.5,21.5,19.5,14.5,4.0,14.2,17,theta_034,DE/best,none,10%,crowding-pruned,repair+feasible-first,2,best2,none,0.1,5,0.0769230769230769,5,0,0,rank,1,16.799999999999997,18
train,syn_n200_k10_low_corr_skewed_extreme_events_r02_s20260736,20,theta_037,1.0160378487510056,0.0565207161639528,0.2936111111111111,0.0606167137290436,0.9372017545828092,2.44380543,11.5,21.5,19.5,14.5,2.0,13.8,15,theta_037,DE/best,fixed,1%,crowding-pruned,repair+feasible-first,2,best2,paper,0.01,5,0.0769230769230769,5,0,0,rank,1,16.799999999999997,19
train,syn_n200_k10_low_corr_skewed_extreme_events_r02_s20260736,20,theta_045,1.0160378487510056,0.0565207161639528,0.2936111111111111,0.0606167137290436,0.9372017545828092,3.674691623333333,11.5,21.5,19.5,14.5,20.0,17.4,21,theta_045,DE/best,fixed,10%,crowding-pruned,repair+feasible-first,2,best2,paper,0.1,20,0.0769230769230769,5,0,0,rank,1,16.799999999999997,20
train,syn_n200_k10_low_corr_skewed_extreme_events_r02_s20260736,20,theta_047,1.0160378487510056,0.0565207161639528,0.2936111111111111,0.0606167137290436,0.9372017545828092,5.007181910000001,11.5,21.5,19.5,14.5,21.0,17.6,22,theta_047,DE/best,adaptive,1%,crowding-pruned,repair+feasible-first,2,best2,stable,0.01,10,0.0769230769230769,5,0,0,rank,1,16.799999999999997,21
train,syn_n200_k10_low_corr_skewed_extreme_events_r02_s20260736,20,theta_118,1.0148669622251143,0.0564691150367373,0.2858333333333334,0.0635534513234643,0.9840038784133038,3.2469397666666664,19.0,18.0,23.0,18.0,7.0,17.0,20,theta_118,DE/best,fixed,1%,crowding-pruned,repair+feasible-first,3,best2,paper,0.01,5,0.0769230769230769,5,0,0,rank,1,19.7,22
train,syn_n200_k10_low_corr_skewed_extreme_events_r02_s20260736,20,theta_131,1.0148669622251143,0.0564691150367373,0.2858333333333334,0.0635534513234643,0.9840038784133038,3.4097364633333327,19.0,18.0,23.0,18.0,13.0,18.2,24,theta_131,DE/best,adaptive,5%,crowding-pruned,repair+feasible-first,3,best2,stable,0.05,10,0.0769230769230769,5,0,0,rank,1,19.7,23
train,syn_n200_k10_low_corr_skewed_extreme_events_r02_s20260736,20,theta_132,1.0148669622251143,0.0564691150367373,0.2858333333333334,0.0635534513234643,0.9840038784133038,3.3220818766666667,19.0,18.0,23.0,18.0,10.0,17.6,23,theta_132,DE/best,adaptive,5%,crowding-pruned,repair+feasible-first,3,best2,stable,0.05,20,0.0769230769230769,5,0,0,rank,1,19.7,24
train,syn_n200_k10_pathological_cov_normal_extreme_events_r02_s20260739,20,theta_144,1.1176840220070077,0.0212712660445915,0.7202777777777778,0.0381993714321021,0.5770902872942403,2.5496382166666667,4.5,1.5,4.5,1.5,5.0,3.4,1,theta_144,mixed,none,10%,crowding-pruned,repair+feasible-first,3,mixed,none,0.1,20,0.0769230769230769,5,0,0,rank,1,3.0,1
train,syn_n200_k10_pathological_cov_normal_extreme_events_r02_s20260739,20,theta_159,1.1176840220070077,0.0212712660445915,0.7202777777777778,0.0381993714321021,0.5770902872942403,3.299946133333333,4.5,1.5,4.5,1.5,14.0,5.2,2,theta_159,mixed,adaptive,5%,crowding-pruned,repair+feasible-first,3,mixed,stable,0.05,20,0.0769230769230769,5,0,0,rank,1,3.0,2
train,syn_n200_k10_pathological_cov_normal_extreme_events_r02_s20260739,20,theta_223,1.127376609013152,0.0295632034231805,0.6252777777777777,0.0564947522262997,0.5713745224374664,7.361590453333334,2.0,7.0,10.0,7.0,23.0,9.8,10,theta_223,mixed,none,10%,crowding-pruned,repair+feasible-first,5,mixed,none,0.1,5,0.0769230769230769,5,0,0,rank,1,6.9,3
train,syn_n200_k10_pathological_cov_normal_extreme_events_r02_s20260739,20,theta_234,1.127376609013152,0.0295632034231805,0.6252777777777777,0.0564947522262997,0.5713745224374664,3.0160228866666667,2.0,7.0,10.0,7.0,8.0,6.8,3,theta_234,mixed,fixed,10%,crowding-pruned,repair+feasible-first,5,mixed,paper,0.1,20,0.0769230769230769,5,0,0,rank,1,6.9,4
train,syn_n200_k10_pathological_cov_normal_extreme_events_r02_s20260739,20,theta_237,1.127376609013152,0.0295632034231805,0.6252777777777777,0.0564947522262997,0.5713745224374664,3.3937435866666665,2.0,7.0,10.0,7.0,17.0,8.6,7,theta_237,mixed,adaptive,1%,crowding-pruned,repair+feasible-first,5,mixed,stable,0.01,20,0.0769230769230769,5,0,0,rank,1,6.9,5
train,syn_n200_k10_pathological_cov_normal_extreme_events_r02_s20260739,20,theta_084,1.100467463136021,0.032158182756905,0.7536111111111111,0.0562247992236022,0.6093428404187277,2.79550775,14.0,13.0,2.0,4.0,6.0,7.8,5,theta_084,DE/rand,none,1%,crowding-pruned,repair+feasible-first,3,rand2,none,0.01,20,0.0769230769230769,5,0,0,rank,1,7.2,6
train,syn_n200_k10_pathological_cov_normal_extreme_events_r02_s20260739,20,theta_086,1.100467463136021,0.032158182756905,0.7536111111111111,0.0562247992236022,0.6093428404187277,2.48158023,14.0,13.0,2.0,4.0,3.0,7.2,4,theta_086,DE/rand,none,5%,crowding-pruned,repair+feasible-first,3,rand2,none,0.05,10,0.0769230769230769,5,0,0,rank,1,7.2,7
train,syn_n200_k10_pathological_cov_normal_extreme_events_r02_s20260739,20,theta_089,1.100467463136021,0.032158182756905,0.7536111111111111,0.0562247992236022,0.6093428404187277,3.5235573399999995,14.0,13.0,2.0,4.0,19.0,10.4,11,theta_089,DE/rand,none,10%,crowding-pruned,repair+feasible-first,3,rand2,none,0.1,10,0.0769230769230769,5,0,0,rank,1,7.2,8
train,syn_n200_k10_pathological_cov_normal_extreme_events_r02_s20260739,20,theta_067,1.1157041476111025,0.0265133402362989,0.6880555555555555,0.0594281767491924,0.5584744428854683,3.4245546533333333,7.0,4.0,7.0,13.0,18.0,9.8,9,theta_067,mixed,fixed,5%,crowding-pruned,repair+feasible-first,2,mixed,paper,0.05,5,0.0769230769230769,5,0,0,rank,1,8.200000000000001,9
train,syn_n200_k10_pathological_cov_normal_extreme_events_r02_s20260739,20,theta_076,1.1157041476111025,0.0265133402362989,0.6880555555555555,0.0594281767491924,0.5584744428854683,3.2930437166666664,7.0,4.0,7.0,13.0,13.0,8.8,8,theta_076,mixed,adaptive,5%,crowding-pruned,repair+feasible-first,2,mixed,stable,0.05,5,0.0769230769230769,5,0,0,rank,1,8.200000000000001,10
train,syn_n200_k10_pathological_cov_normal_extreme_events_r02_s20260739,20,theta_078,1.1157041476111025,0.0265133402362989,0.6880555555555555,0.0594281767491924,0.5584744428854683,3.29017201,7.0,4.0,7.0,13.0,12.0,8.6,6,theta_078,mixed,adaptive,5%,crowding-pruned,repair+feasible-first,2,mixed,stable,0.05,20,0.0769230769230769,5,0,0,rank,1,8.200000000000001,11
train,syn_n200_k10_pathological_cov_normal_extreme_events_r02_s20260739,20,theta_118,1.11035542037833,0.0311658853979285,0.5736111111111111,0.0593515375938,0.58740487994918,3.30341239,10.0,10.0,18.0,10.0,15.0,12.6,12,theta_118,DE/best,fixed,1%,crowding-pruned,repair+feasible-first,3,best2,paper,0.01,5,0.0769230769230769,5,0,0,rank,1,12.399999999999999,12
train,syn_n200_k10_pathological_cov_normal_extreme_events_r02_s20260739,20,theta_131,1.11035542037833,0.0311658853979285,0.5736111111111111,0.0593515375938,0.58740487994918,3.3297271200000003,10.0,10.0,18.0,10.0,16.0,12.8,13,theta_131,DE/best,adaptive,5%,crowding-pruned,repair+feasible-first,3,best2,stable,0.05,10,0.0769230769230769,5,0,0,rank,1,12.399999999999999,13
train,syn_n200_k10_pathological_cov_normal_extreme_events_r02_s20260739,20,theta_132,1.11035542037833,0.0311658853979285,0.5736111111111111,0.0593515375938,0.58740487994918,3.557777906666667,10.0,10.0,18.0,10.0,20.0,13.6,14,theta_132,DE/best,adaptive,5%,crowding-pruned,repair+feasible-first,3,best2,stable,0.05,20,0.0769230769230769,5,0,0,rank,1,12.399999999999999,14
train,syn_n200_k10_pathological_cov_normal_extreme_events_r02_s20260739,20,theta_200,1.1079753126159002,0.0381930333389081,0.6102777777777778,0.070327836120048,0.5777849499462265,7.261400476666666,12.0,15.0,12.0,19.0,22.0,16.0,15,theta_200,DE/best,fixed,1%,crowding-pruned,repair+feasible-first,5,best2,paper,0.01,10,0.0769230769230769,5,0,0,rank,1,14.7,15
train,syn_n200_k10_pathological_cov_normal_extreme_events_r02_s20260739,20,theta_164,1.0835404287161814,0.0417700517703824,0.5641666666666666,0.0647431614341912,0.5899292425740844,3.048527663333333,17.5,18.5,21.5,16.5,9.0,16.6,17,theta_164,DE/rand,none,1%,crowding-pruned,repair+feasible-first,5,rand2,none,0.01,10,0.0769230769230769,5,0,0,rank,1,18.6,16
train,syn_n200_k10_pathological_cov_normal_extreme_events_r02_s20260739,20,theta_170,1.0835404287161814,0.0417700517703824,0.5641666666666666,0.0647431614341912,0.5899292425740844,3.2582104200000006,17.5,18.5,21.5,16.5,10.0,16.8,18,theta_170,DE/rand,none,10%,crowding-pruned,repair+feasible-first,5,rand2,none,0.1,10,0.0769230769230769,5,0,0,rank,1,18.6,17
train,syn_n200_k10_pathological_cov_normal_extreme_events_r02_s20260739,20,theta_175,1.0835404287161814,0.0417700517703824,0.5641666666666666,0.0647431614341912,0.5899292425740844,3.280433626666668,17.5,18.5,21.5,16.5,11.0,17.0,21,theta_175,DE/rand,fixed,5%,crowding-pruned,repair+feasible-first,5,rand2,paper,0.05,5,0.0769230769230769,5,0,0,rank,1,18.6,18
train,syn_n200_k10_pathological_cov_normal_extreme_events_r02_s20260739,20,theta_189,1.0835404287161814,0.0417700517703824,0.5641666666666666,0.0647431614341912,0.5899292425740844,7.887600876666667,17.5,18.5,21.5,16.5,24.0,19.6,23,theta_189,DE/rand,adaptive,10%,crowding-pruned,repair+feasible-first,5,rand2,stable,0.1,20,0.0769230769230769,5,0,0,rank,1,18.6,19
train,syn_n200_k10_pathological_cov_normal_extreme_events_r02_s20260739,20,theta_034,1.0832981441100882,0.0430017869059468,0.5763888888888887,0.090298966224414,0.6063427337602663,2.4290822700000003,21.5,22.5,14.5,22.5,2.0,16.6,16,theta_034,DE/best,none,10%,crowding-pruned,repair+feasible-first,2,best2,none,0.1,5,0.0769230769230769,5,0,0,rank,1,19.9,20
train,syn_n200_k10_pathological_cov_normal_extreme_events_r02_s20260739,20,theta_037,1.0832981441100882,0.0430017869059468,0.5763888888888887,0.090298966224414,0.6063427337602663,2.4848055466666668,21.5,22.5,14.5,22.5,4.0,17.0,20,theta_037,DE/best,fixed,1%,crowding-pruned,repair+feasible-first,2,best2,paper,0.01,5,0.0769230769230769,5,0,0,rank,1,19.9,21
train,syn_n200_k10_pathological_cov_normal_extreme_events_r02_s20260739,20,theta_045,1.0832981441100882,0.0430017869059468,0.5763888888888887,0.090298966224414,0.6063427337602663,3.00732035,21.5,22.5,14.5,22.5,7.0,17.6,22,theta_045,DE/best,fixed,10%,crowding-pruned,repair+feasible-first,2,best2,paper,0.1,20,0.0769230769230769,5,0,0,rank,1,19.9,22
train,syn_n200_k10_pathological_cov_normal_extreme_events_r02_s20260739,20,theta_047,1.0832981441100882,0.0430017869059468,0.5763888888888887,0.090298966224414,0.6063427337602663,5.980640066666666,21.5,22.5,14.5,22.5,21.0,20.4,24,theta_047,DE/best,adaptive,1%,crowding-pruned,repair+feasible-first,2,best2,stable,0.01,10,0.0769230769230769,5,0,0,rank,1,19.9,23
train,syn_n200_k10_pathological_cov_normal_extreme_events_r02_s20260739,20,theta_011,1.0704913605716253,0.041468138697903,0.5177777777777778,0.0718524976676889,0.4957839947248735,1.6129922,24.0,16.0,24.0,20.0,1.0,17.0,19,theta_011,DE/rand,fixed,1%,crowding-pruned,repair+feasible-first,2,rand2,paper,0.01,10,0.0769230769230769,5,0,0,rank,1,21.2,24
train,syn_n200_k20_cluster_corr_heavy_tail_low_vol_r02_s20260747,40,theta_084,0.986907824579678,0.0350273487980937,0.7380555555555556,0.0324656699385062,0.7067089900613662,3.11169827,10.0,6.0,2.0,3.0,7.0,5.6,2,theta_084,DE/rand,none,1%,crowding-pruned,repair+feasible-first,3,rand2,none,0.01,20,0.0769230769230769,5,0,0,rank,1,4.7,1
train,syn_n200_k20_cluster_corr_heavy_tail_low_vol_r02_s20260747,40,theta_086,0.986907824579678,0.0350273487980937,0.7380555555555556,0.0324656699385062,0.7067089900613662,2.5281967466666666,10.0,6.0,2.0,3.0,3.0,4.8,1,theta_086,DE/rand,none,5%,crowding-pruned,repair+feasible-first,3,rand2,none,0.05,10,0.0769230769230769,5,0,0,rank,1,4.7,2
train,syn_n200_k20_cluster_corr_heavy_tail_low_vol_r02_s20260747,40,theta_089,0.986907824579678,0.0350273487980937,0.7380555555555556,0.0324656699385062,0.7067089900613662,3.7146607333333335,10.0,6.0,2.0,3.0,20.0,8.2,7,theta_089,DE/rand,none,10%,crowding-pruned,repair+feasible-first,3,rand2,none,0.1,10,0.0769230769230769,5,0,0,rank,1,4.7,3
train,syn_n200_k20_cluster_corr_heavy_tail_low_vol_r02_s20260747,40,theta_164,1.0017039826744307,0.0332787356082085,0.7174999999999999,0.0385950406059521,0.74937759464479,3.219520156666667,6.5,2.5,6.5,6.5,8.0,6.0,4,theta_164,DE/rand,none,1%,crowding-pruned,repair+feasible-first,5,rand2,none,0.01,10,0.0769230769230769,5,0,0,rank,1,5.7,4
train,syn_n200_k20_cluster_corr_heavy_tail_low_vol_r02_s20260747,40,theta_170,1.0017039826744307,0.0332787356082085,0.7174999999999999,0.0385950406059521,0.74937759464479,3.365464170000001,6.5,2.5,6.5,6.5,14.0,7.2,5,theta_170,DE/rand,none,10%,crowding-pruned,repair+feasible-first,5,rand2,none,0.1,10,0.0769230769230769,5,0,0,rank,1,5.7,5
train,syn_n200_k20_cluster_corr_heavy_tail_low_vol_r02_s20260747,40,theta_175,1.0017039826744307,0.0332787356082085,0.7174999999999999,0.0385950406059521,0.74937759464479,3.5142756100000003,6.5,2.5,6.5,6.5,18.0,8.0,6,theta_175,DE/rand,fixed,5%,crowding-pruned,repair+feasible-first,5,rand2,paper,0.05,5,0.0769230769230769,5,0,0,rank,1,5.7,6
train,syn_n200_k20_cluster_corr_heavy_tail_low_vol_r02_s20260747,40,theta_189,1.0017039826744307,0.0332787356082085,0.7174999999999999,0.0385950406059521,0.74937759464479,7.70095002,6.5,2.5,6.5,6.5,24.0,9.2,8,theta_189,DE/rand,adaptive,10%,crowding-pruned,repair+feasible-first,5,rand2,stable,0.1,20,0.0769230769230769,5,0,0,rank,1,5.7,7
train,syn_n200_k20_cluster_corr_heavy_tail_low_vol_r02_s20260747,40,theta_011,0.9766475050085922,0.0382395276142627,0.725833333333333,0.0283488472856936,0.6879341136309943,1.7040353100000003,16.0,8.0,4.0,1.0,1.0,6.0,3,theta_011,DE/rand,fixed,1%,crowding-pruned,repair+feasible-first,2,rand2,paper,0.01,10,0.0769230769230769,5,0,0,rank,1,6.300000000000001,8
train,syn_n200_k20_cluster_corr_heavy_tail_low_vol_r02_s20260747,40,theta_200,1.0083424990105327,0.0420342242611218,0.4669444444444444,0.0671725030028831,0.9115253955202328,7.365236363333333,1.0,16.0,17.0,21.0,23.0,15.6,19,theta_200,DE/best,fixed,1%,crowding-pruned,repair+feasible-first,5,best2,paper,0.01,10,0.0769230769230769,5,0,0,rank,1,14.8,9
train,syn_n200_k20_cluster_corr_heavy_tail_low_vol_r02_s20260747,40,theta_067,0.9618707400452736,0.0420904002105903,0.6222222222222221,0.0417650684105914,0.7177110612002772,3.362606336666666,21.0,18.0,12.0,13.0,13.0,15.4,16,theta_067,mixed,fixed,5%,crowding-pruned,repair+feasible-first,2,mixed,paper,0.05,5,0.0769230769230769,5,0,0,rank,1,15.3,10
train,syn_n200_k20_cluster_corr_heavy_tail_low_vol_r02_s20260747,40,theta_076,0.9618707400452736,0.0420904002105903,0.6222222222222221,0.0417650684105914,0.7177110612002772,3.3530103866666665,21.0,18.0,12.0,13.0,11.0,15.0,15,theta_076,mixed,adaptive,5%,crowding-pruned,repair+feasible-first,2,mixed,stable,0.05,5,0.0769230769230769,5,0,0,rank,1,15.3,11
train,syn_n200_k20_cluster_corr_heavy_tail_low_vol_r02_s20260747,40,theta_078,0.9618707400452736,0.0420904002105903,0.6222222222222221,0.0417650684105914,0.7177110612002772,3.45013057,21.0,18.0,12.0,13.0,17.0,16.2,21,theta_078,mixed,adaptive,5%,crowding-pruned,repair+feasible-first,2,mixed,stable,0.05,20,0.0769230769230769,5,0,0,rank,1,15.3,12
train,syn_n200_k20_cluster_corr_heavy_tail_low_vol_r02_s20260747,40,theta_223,0.965464040878272,0.0422222905026336,0.5950000000000001,0.04000878485685,0.7387346340434419,7.346940460000001,18.0,21.0,15.0,10.0,22.0,17.2,23,theta_223,mixed,none,10%,crowding-pruned,repair+feasible-first,5,mixed,none,0.1,5,0.0769230769230769,5,0,0,rank,1,15.3,13
train,syn_n200_k20_cluster_corr_heavy_tail_low_vol_r02_s20260747,40,theta_234,0.965464040878272,0.0422222905026336,0.5950000000000001,0.04000878485685,0.7387346340434419,3.242050443333333,18.0,21.0,15.0,10.0,9.0,14.6,14,theta_234,mixed,fixed,10%,crowding-pruned,repair+feasible-first,5,mixed,paper,0.1,20,0.0769230769230769,5,0,0,rank,1,15.3,14
train,syn_n200_k20_cluster_corr_heavy_tail_low_vol_r02_s20260747,40,theta_237,0.965464040878272,0.0422222905026336,0.5950000000000001,0.04000878485685,0.7387346340434419,3.41968076,18.0,21.0,15.0,10.0,15.0,15.8,20,theta_237,mixed,adaptive,1%,crowding-pruned,repair+feasible-first,5,mixed,stable,0.01,20,0.0769230769230769,5,0,0,rank,1,15.3,15
train,syn_n200_k20_cluster_corr_heavy_tail_low_vol_r02_s20260747,40,theta_118,1.0051313433737623,0.0398700409676276,0.458611111111111,0.0715194769968522,0.8855997176203572,3.327593606666668,3.0,10.0,23.0,23.0,10.0,13.8,11,theta_118,DE/best,fixed,1%,crowding-pruned,repair+feasible-first,3,best2,paper,0.01,5,0.0769230769230769,5,0,0,rank,1,16.4,16
train,syn_n200_k20_cluster_corr_heavy_tail_low_vol_r02_s20260747,40,theta_131,1.0051313433737623,0.0398700409676276,0.458611111111111,0.0715194769968522,0.8855997176203572,3.554356543333333,3.0,10.0,23.0,23.0,19.0,15.6,18,theta_131,DE/best,adaptive,5%,crowding-pruned,repair+feasible-first,3,best2,stable,0.05,10,0.0769230769230769,5,0,0,rank,1,16.4,17
train,syn_n200_k20_cluster_corr_heavy_tail_low_vol_r02_s20260747,40,theta_132,1.0051313433737623,0.0398700409676276,0.458611111111111,0.0715194769968522,0.8855997176203572,3.359027226666667,3.0,10.0,23.0,23.0,12.0,14.2,13,theta_132,DE/best,adaptive,5%,crowding-pruned,repair+feasible-first,3,best2,stable,0.05,20,0.0769230769230769,5,0,0,rank,1,16.4,18
train,syn_n200_k20_cluster_corr_heavy_tail_low_vol_r02_s20260747,40,theta_034,0.982615721906612,0.0414111249829611,0.463611111111111,0.0470260393202682,0.8104114153719385,2.49321551,13.5,13.5,19.5,18.5,2.0,13.4,9,theta_034,DE/best,none,10%,crowding-pruned,repair+feasible-first,2,best2,none,0.1,5,0.0769230769230769,5,0,0,rank,1,16.8,19
train,syn_n200_k20_cluster_corr_heavy_tail_low_vol_r02_s20260747,40,theta_037,0.982615721906612,0.0414111249829611,0.463611111111111,0.0470260393202682,0.8104114153719385,2.546818416666666,13.5,13.5,19.5,18.5,4.0,13.8,10,theta_037,DE/best,fixed,1%,crowding-pruned,repair+feasible-first,2,best2,paper,0.01,5,0.0769230769230769,5,0,0,rank,1,16.8,20
train,syn_n200_k20_cluster_corr_heavy_tail_low_vol_r02_s20260747,40,theta_045,0.982615721906612,0.0414111249829611,0.463611111111111,0.0470260393202682,0.8104114153719385,2.9855855066666663,13.5,13.5,19.5,18.5,6.0,14.2,12,theta_045,DE/best,fixed,10%,crowding-pruned,repair+feasible-first,2,best2,paper,0.1,20,0.0769230769230769,5,0,0,rank,1,16.8,21
train,syn_n200_k20_cluster_corr_heavy_tail_low_vol_r02_s20260747,40,theta_047,0.982615721906612,0.0414111249829611,0.463611111111111,0.0470260393202682,0.8104114153719385,4.41936925,13.5,13.5,19.5,18.5,21.0,17.2,22,theta_047,DE/best,adaptive,1%,crowding-pruned,repair+feasible-first,2,best2,stable,0.01,10,0.0769230769230769,5,0,0,rank,1,16.8,22
train,syn_n200_k20_cluster_corr_heavy_tail_low_vol_r02_s20260747,40,theta_144,0.9512498134370396,0.0437892244745597,0.6572222222222223,0.0426021057585588,0.7022522600672959,2.64825845,23.5,23.5,9.5,15.5,5.0,15.4,17,theta_144,mixed,none,10%,crowding-pruned,repair+feasible-first,3,mixed,none,0.1,20,0.0769230769230769,5,0,0,rank,1,16.9,23
train,syn_n200_k20_cluster_corr_heavy_tail_low_vol_r02_s20260747,40,theta_159,0.9512498134370396,0.0437892244745597,0.6572222222222223,0.0426021057585588,0.7022522600672959,3.430560436666667,23.5,23.5,9.5,15.5,16.0,17.6,24,theta_159,mixed,adaptive,5%,crowding-pruned,repair+feasible-first,3,mixed,stable,0.05,20,0.0769230769230769,5,0,0,rank,1,16.9,24
train,syn_n200_k20_cluster_corr_mixed_extreme_events_r03_s20260752,40,theta_011,0.9704735860837592,0.0692934362866894,0.5661111111111111,0.0491531808700495,0.6459446404871307,1.7005597433333328,13.0,12.0,4.0,1.0,1.0,6.2,2,theta_011,DE/rand,fixed,1%,crowding-pruned,repair+feasible-first,2,rand2,paper,0.01,10,0.0769230769230769,5,0,0,rank,1,6.5,1
train,syn_n200_k20_cluster_corr_mixed_extreme_events_r03_s20260752,40,theta_084,1.0047424228032145,0.0559698106514559,0.6063888888888888,0.06016851586357,0.7541705046326288,2.6432503500000006,2.0,2.0,2.0,19.0,6.0,6.2,3,theta_084,DE/rand,none,1%,crowding-pruned,repair+feasible-first,3,rand2,none,0.01,20,0.0769230769230769,5,0,0,rank,1,7.1,2
train,syn_n200_k20_cluster_corr_mixed_extreme_events_r03_s20260752,40,theta_086,1.0047424228032145,0.0559698106514559,0.6063888888888888,0.06016851586357,0.7541705046326288,2.495051263333333,2.0,2.0,2.0,19.0,3.0,5.6,1,theta_086,DE/rand,none,5%,crowding-pruned,repair+feasible-first,3,rand2,none,0.05,10,0.0769230769230769,5,0,0,rank,1,7.1,3
train,syn_n200_k20_cluster_corr_mixed_extreme_events_r03_s20260752,40,theta_089,1.0047424228032145,0.0559698106514559,0.6063888888888888,0.06016851586357,0.7541705046326288,3.425396243333333,2.0,2.0,2.0,19.0,19.0,8.8,5,theta_089,DE/rand,none,10%,crowding-pruned,repair+feasible-first,3,rand2,none,0.1,10,0.0769230769230769,5,0,0,rank,1,7.1,4
train,syn_n200_k20_cluster_corr_mixed_extreme_events_r03_s20260752,40,theta_164,0.997758480078762,0.060276380781821,0.5538888888888888,0.0557055160719416,0.6975845041847194,3.15224516,5.5,5.5,6.5,12.5,10.0,8.0,4,theta_164,DE/rand,none,1%,crowding-pruned,repair+feasible-first,5,rand2,none,0.01,10,0.0769230769230769,5,0,0,rank,1,7.9,5
train,syn_n200_k20_cluster_corr_mixed_extreme_events_r03_s20260752,40,theta_170,0.997758480078762,0.060276380781821,0.5538888888888888,0.0557055160719416,0.6975845041847194,3.41304161,5.5,5.5,6.5,12.5,18.0,9.6,7,theta_170,DE/rand,none,10%,crowding-pruned,repair+feasible-first,5,rand2,none,0.1,10,0.0769230769230769,5,0,0,rank,1,7.9,6
train,syn_n200_k20_cluster_corr_mixed_extreme_events_r03_s20260752,40,theta_175,0.997758480078762,0.060276380781821,0.5538888888888888,0.0557055160719416,0.6975845041847194,3.3885399266666667,5.5,5.5,6.5,12.5,17.0,9.4,6,theta_175,DE/rand,fixed,5%,crowding-pruned,repair+feasible-first,5,rand2,paper,0.05,5,0.0769230769230769,5,0,0,rank,1,7.9,7
train,syn_n200_k20_cluster_corr_mixed_extreme_events_r03_s20260752,40,theta_189,0.997758480078762,0.060276380781821,0.5538888888888888,0.0557055160719416,0.6975845041847194,7.1567736433333335,5.5,5.5,6.5,12.5,22.0,10.4,8,theta_189,DE/rand,adaptive,10%,crowding-pruned,repair+feasible-first,5,rand2,stable,0.1,20,0.0769230769230769,5,0,0,rank,1,7.9,8
train,syn_n200_k20_cluster_corr_mixed_extreme_events_r03_s20260752,40,theta_144,0.9623429228100346,0.0716598033813235,0.3655555555555556,0.0529442294311674,0.7134781248024105,2.52929432,20.5,17.5,9.5,5.5,5.0,11.6,10,theta_144,mixed,none,10%,crowding-pruned,repair+feasible-first,3,mixed,none,0.1,20,0.0769230769230769,5,0,0,rank,1,12.100000000000001,9
train,syn_n200_k20_cluster_corr_mixed_extreme_events_r03_s20260752,40,theta_159,0.9623429228100346,0.0716598033813235,0.3655555555555556,0.0529442294311674,0.7134781248024105,3.2159528833333337,20.5,17.5,9.5,5.5,11.0,12.8,14,theta_159,mixed,adaptive,5%,crowding-pruned,repair+feasible-first,3,mixed,stable,0.05,20,0.0769230769230769,5,0,0,rank,1,12.100000000000001,10
train,syn_n200_k20_cluster_corr_mixed_extreme_events_r03_s20260752,40,theta_223,0.970255833331336,0.0683842650587057,0.3341666666666666,0.0566103823228305,0.7462917808863208,7.1774965633333325,15.0,10.0,12.0,16.0,23.0,15.2,19,theta_223,mixed,none,10%,crowding-pruned,repair+feasible-first,5,mixed,none,0.1,5,0.0769230769230769,5,0,0,rank,1,13.399999999999999,11
train,syn_n200_k20_cluster_corr_mixed_extreme_events_r03_s20260752,40,theta_234,0.970255833331336,0.0683842650587057,0.3341666666666666,0.0566103823228305,0.7462917808863208,3.0120681166666663,15.0,10.0,12.0,16.0,8.0,12.2,12,theta_234,mixed,fixed,10%,crowding-pruned,repair+feasible-first,5,mixed,paper,0.1,20,0.0769230769230769,5,0,0,rank,1,13.399999999999999,12
train,syn_n200_k20_cluster_corr_mixed_extreme_events_r03_s20260752,40,theta_237,0.970255833331336,0.0683842650587057,0.3341666666666666,0.0566103823228305,0.7462917808863208,3.317767896666667,15.0,10.0,12.0,16.0,14.0,13.4,15,theta_237,mixed,adaptive,1%,crowding-pruned,repair+feasible-first,5,mixed,stable,0.01,20,0.0769230769230769,5,0,0,rank,1,13.399999999999999,13
train,syn_n200_k20_cluster_corr_mixed_extreme_events_r03_s20260752,40,theta_034,0.9756802192719244,0.0701501139668983,0.1825,0.0555863081566616,0.8603150167635701,2.507341116666667,10.5,14.5,21.5,8.5,4.0,11.8,11,theta_034,DE/best,none,10%,crowding-pruned,repair+feasible-first,2,best2,none,0.1,5,0.0769230769230769,5,0,0,rank,1,14.0,14
train,syn_n200_k20_cluster_corr_mixed_extreme_events_r03_s20260752,40,theta_037,0.9756802192719244,0.0701501139668983,0.1825,0.0555863081566616,0.8603150167635701,2.484416953333333,10.5,14.5,21.5,8.5,2.0,11.4,9,theta_037,DE/best,fixed,1%,crowding-pruned,repair+feasible-first,2,best2,paper,0.01,5,0.0769230769230769,5,0,0,rank,1,14.0,15
train,syn_n200_k20_cluster_corr_mixed_extreme_events_r03_s20260752,40,theta_045,0.9756802192719244,0.0701501139668983,0.1825,0.0555863081566616,0.8603150167635701,2.96113219,10.5,14.5,21.5,8.5,7.0,12.4,13,theta_045,DE/best,fixed,10%,crowding-pruned,repair+feasible-first,2,best2,paper,0.1,20,0.0769230769230769,5,0,0,rank,1,14.0,16
train,syn_n200_k20_cluster_corr_mixed_extreme_events_r03_s20260752,40,theta_047,0.9756802192719244,0.0701501139668983,0.1825,0.0555863081566616,0.8603150167635701,4.527817366666668,10.5,14.5,21.5,8.5,21.0,15.2,17,theta_047,DE/best,adaptive,1%,crowding-pruned,repair+feasible-first,2,best2,stable,0.01,10,0.0769230769230769,5,0,0,rank,1,14.0,17
train,syn_n200_k20_cluster_corr_mixed_extreme_events_r03_s20260752,40,theta_067,0.9618556466636003,0.072353755104688,0.3002777777777778,0.0510034541777591,0.727881374592586,3.069236763333333,23.0,23.0,15.0,3.0,9.0,14.6,16,theta_067,mixed,fixed,5%,crowding-pruned,repair+feasible-first,2,mixed,paper,0.05,5,0.0769230769230769,5,0,0,rank,1,14.600000000000001,18
train,syn_n200_k20_cluster_corr_mixed_extreme_events_r03_s20260752,40,theta_076,0.9618556466636003,0.072353755104688,0.3002777777777778,0.0510034541777591,0.727881374592586,3.279064513333333,23.0,23.0,15.0,3.0,12.0,15.2,18,theta_076,mixed,adaptive,5%,crowding-pruned,repair+feasible-first,2,mixed,stable,0.05,5,0.0769230769230769,5,0,0,rank,1,14.600000000000001,19
train,syn_n200_k20_cluster_corr_mixed_extreme_events_r03_s20260752,40,theta_078,0.9618556466636003,0.072353755104688,0.3002777777777778,0.0510034541777591,0.727881374592586,3.3816753766666663,23.0,23.0,15.0,3.0,16.0,16.0,20,theta_078,mixed,adaptive,5%,crowding-pruned,repair+feasible-first,2,mixed,stable,0.05,20,0.0769230769230769,5,0,0,rank,1,14.600000000000001,20
train,syn_n200_k20_cluster_corr_mixed_extreme_events_r03_s20260752,40,theta_200,0.9839588643510714,0.0654492699200142,0.1788888888888889,0.0643525307206286,0.9579682133717607,7.1875277566666655,8.0,8.0,24.0,21.0,24.0,17.0,21,theta_200,DE/best,fixed,1%,crowding-pruned,repair+feasible-first,5,best2,paper,0.01,10,0.0769230769230769,5,0,0,rank,1,16.7,21
train,syn_n200_k20_cluster_corr_mixed_extreme_events_r03_s20260752,40,theta_118,0.9642058559556675,0.0717957683183,0.1930555555555556,0.0816805177667125,0.8689767598316648,3.29979908,18.0,20.0,18.0,23.0,13.0,18.4,22,theta_118,DE/best,fixed,1%,crowding-pruned,repair+feasible-first,3,best2,paper,0.01,5,0.0769230769230769,5,0,0,rank,1,19.9,22
train,syn_n200_k20_cluster_corr_mixed_extreme_events_r03_s20260752,40,theta_131,0.9642058559556675,0.0717957683183,0.1930555555555556,0.0816805177667125,0.8689767598316648,3.4818004899999995,18.0,20.0,18.0,23.0,20.0,19.8,24,theta_131,DE/best,adaptive,5%,crowding-pruned,repair+feasible-first,3,best2,stable,0.05,10,0.0769230769230769,5,0,0,rank,1,19.9,23
train,syn_n200_k20_cluster_corr_mixed_extreme_events_r03_s20260752,40,theta_132,0.9642058559556675,0.0717957683183,0.1930555555555556,0.0816805177667125,0.8689767598316648,3.3404559833333334,18.0,20.0,18.0,23.0,15.0,18.8,23,theta_132,DE/best,adaptive,5%,crowding-pruned,repair+feasible-first,3,best2,stable,0.05,20,0.0769230769230769,5,0,0,rank,1,19.9,24
train,syn_n200_k20_cluster_corr_skewed_high_vol_r01_s20260750,40,theta_084,0.9947279410579806,0.0510998971482697,0.6527777777777779,0.0352523844031945,0.6065011231718584,2.8550463233333327,22.0,9.0,2.0,2.0,7.0,8.4,4,theta_084,DE/rand,none,1%,crowding-pruned,repair+feasible-first,3,rand2,none,0.01,20,0.0769230769230769,5,0,0,rank,1,7.3999999999999995,1
train,syn_n200_k20_cluster_corr_skewed_high_vol_r01_s20260750,40,theta_086,0.9947279410579806,0.0510998971482697,0.6527777777777779,0.0352523844031945,0.6065011231718584,2.434791836666667,22.0,9.0,2.0,2.0,2.0,7.4,2,theta_086,DE/rand,none,5%,crowding-pruned,repair+feasible-first,3,rand2,none,0.05,10,0.0769230769230769,5,0,0,rank,1,7.3999999999999995,2
train,syn_n200_k20_cluster_corr_skewed_high_vol_r01_s20260750,40,theta_089,0.9947279410579806,0.0510998971482697,0.6527777777777779,0.0352523844031945,0.6065011231718584,3.197052796666667,22.0,9.0,2.0,2.0,12.0,9.4,7,theta_089,DE/rand,none,10%,crowding-pruned,repair+feasible-first,3,rand2,none,0.1,10,0.0769230769230769,5,0,0,rank,1,7.3999999999999995,3
train,syn_n200_k20_cluster_corr_skewed_high_vol_r01_s20260750,40,theta_144,1.0037911725574804,0.0483707888355781,0.5313888888888889,0.0394855133838461,0.6569055253681404,2.55676651,9.5,6.5,9.5,5.5,4.0,7.0,1,theta_144,mixed,none,10%,crowding-pruned,repair+feasible-first,3,mixed,none,0.1,20,0.0769230769230769,5,0,0,rank,1,7.700000000000001,4
train,syn_n200_k20_cluster_corr_skewed_high_vol_r01_s20260750,40,theta_159,1.0037911725574804,0.0483707888355781,0.5313888888888889,0.0394855133838461,0.6569055253681404,3.19255432,9.5,6.5,9.5,5.5,11.0,8.4,5,theta_159,mixed,adaptive,5%,crowding-pruned,repair+feasible-first,3,mixed,stable,0.05,20,0.0769230769230769,5,0,0,rank,1,7.700000000000001,5
train,syn_n200_k20_cluster_corr_skewed_high_vol_r01_s20260750,40,theta_164,1.0095656083580606,0.0470411462709366,0.6525000000000001,0.0503703972839345,0.632659548308734,3.0586902466666666,3.5,2.5,5.5,18.5,9.0,7.8,3,theta_164,DE/rand,none,1%,crowding-pruned,repair+feasible-first,5,rand2,none,0.01,10,0.0769230769230769,5,0,0,rank,1,8.4,6
train,syn_n200_k20_cluster_corr_skewed_high_vol_r01_s20260750,40,theta_170,1.0095656083580606,0.0470411462709366,0.6525000000000001,0.0503703972839345,0.632659548308734,3.2876913033333333,3.5,2.5,5.5,18.5,14.0,8.8,6,theta_170,DE/rand,none,10%,crowding-pruned,repair+feasible-first,5,rand2,none,0.1,10,0.0769230769230769,5,0,0,rank,1,8.4,7
train,syn_n200_k20_cluster_corr_skewed_high_vol_r01_s20260750,40,theta_175,1.0095656083580606,0.0470411462709366,0.6525000000000001,0.0503703972839345,0.632659548308734,3.347993086666667,3.5,2.5,5.5,18.5,17.0,9.4,8,theta_175,DE/rand,fixed,5%,crowding-pruned,repair+feasible-first,5,rand2,paper,0.05,5,0.0769230769230769,5,0,0,rank,1,8.4,8
train,syn_n200_k20_cluster_corr_skewed_high_vol_r01_s20260750,40,theta_189,1.0095656083580606,0.0470411462709366,0.6525000000000001,0.0503703972839345,0.632659548308734,7.074630290000001,3.5,2.5,5.5,18.5,22.0,10.4,9,theta_189,DE/rand,adaptive,10%,crowding-pruned,repair+feasible-first,5,rand2,stable,0.1,20,0.0769230769230769,5,0,0,rank,1,8.4,9
train,syn_n200_k20_cluster_corr_skewed_high_vol_r01_s20260750,40,theta_223,0.9970824769992434,0.0519213627642229,0.5016666666666666,0.0415977968523144,0.6654776234946844,7.110421463333334,16.0,12.0,12.0,8.0,23.0,14.2,16,theta_223,mixed,none,10%,crowding-pruned,repair+feasible-first,5,mixed,none,0.1,5,0.0769230769230769,5,0,0,rank,1,11.6,10
train,syn_n200_k20_cluster_corr_skewed_high_vol_r01_s20260750,40,theta_234,0.9970824769992434,0.0519213627642229,0.5016666666666666,0.0415977968523144,0.6654776234946844,2.9496053966666675,16.0,12.0,12.0,8.0,8.0,11.2,11,theta_234,mixed,fixed,10%,crowding-pruned,repair+feasible-first,5,mixed,paper,0.1,20,0.0769230769230769,5,0,0,rank,1,11.6,11
train,syn_n200_k20_cluster_corr_skewed_high_vol_r01_s20260750,40,theta_237,0.9970824769992434,0.0519213627642229,0.5016666666666666,0.0415977968523144,0.6654776234946844,3.297922353333333,16.0,12.0,12.0,8.0,15.0,12.6,12,theta_237,mixed,adaptive,1%,crowding-pruned,repair+feasible-first,5,mixed,stable,0.01,20,0.0769230769230769,5,0,0,rank,1,11.6,12
train,syn_n200_k20_cluster_corr_skewed_high_vol_r01_s20260750,40,theta_011,0.9873943343245044,0.0540708650956602,0.6352777777777778,0.037826188554587,0.5933329608492972,1.6656952633333333,24.0,17.0,8.0,4.0,1.0,10.8,10,theta_011,DE/rand,fixed,1%,crowding-pruned,repair+feasible-first,2,rand2,paper,0.01,10,0.0769230769230769,5,0,0,rank,1,11.8,13
train,syn_n200_k20_cluster_corr_skewed_high_vol_r01_s20260750,40,theta_200,1.0355204787951702,0.0483638923148252,0.3002777777777777,0.0550912299206924,0.8323633471746444,7.148003293333334,1.0,5.0,21.0,21.0,24.0,14.4,18,theta_200,DE/best,fixed,1%,crowding-pruned,repair+feasible-first,5,best2,paper,0.01,10,0.0769230769230769,5,0,0,rank,1,13.8,14
train,syn_n200_k20_cluster_corr_skewed_high_vol_r01_s20260750,40,theta_034,1.0027143862850467,0.0542040299734643,0.3019444444444444,0.0468474657791468,0.7450487200895461,2.56196859,12.5,19.5,18.5,11.5,5.0,13.4,14,theta_034,DE/best,none,10%,crowding-pruned,repair+feasible-first,2,best2,none,0.1,5,0.0769230769230769,5,0,0,rank,1,15.399999999999999,15
train,syn_n200_k20_cluster_corr_skewed_high_vol_r01_s20260750,40,theta_037,1.0027143862850467,0.0542040299734643,0.3019444444444444,0.0468474657791468,0.7450487200895461,2.4762303266666668,12.5,19.5,18.5,11.5,3.0,13.0,13,theta_037,DE/best,fixed,1%,crowding-pruned,repair+feasible-first,2,best2,paper,0.01,5,0.0769230769230769,5,0,0,rank,1,15.399999999999999,16
train,syn_n200_k20_cluster_corr_skewed_high_vol_r01_s20260750,40,theta_045,1.0027143862850467,0.0542040299734643,0.3019444444444444,0.0468474657791468,0.7450487200895461,3.1361322266666662,12.5,19.5,18.5,11.5,10.0,14.4,17,theta_045,DE/best,fixed,10%,crowding-pruned,repair+feasible-first,2,best2,paper,0.1,20,0.0769230769230769,5,0,0,rank,1,15.399999999999999,17
train,syn_n200_k20_cluster_corr_skewed_high_vol_r01_s20260750,40,theta_047,1.0027143862850467,0.0542040299734643,0.3019444444444444,0.0468474657791468,0.7450487200895461,4.592806133333334,12.5,19.5,18.5,11.5,21.0,16.6,20,theta_047,DE/best,adaptive,1%,crowding-pruned,repair+feasible-first,2,best2,stable,0.01,10,0.0769230769230769,5,0,0,rank,1,15.399999999999999,18
train,syn_n200_k20_cluster_corr_skewed_high_vol_r01_s20260750,40,theta_067,0.996929902953083,0.0528843660778598,0.4,0.0486765813150557,0.6756528435667445,2.6695953133333328,19.0,15.0,15.0,15.0,6.0,14.0,15,theta_067,mixed,fixed,5%,crowding-pruned,repair+feasible-first,2,mixed,paper,0.05,5,0.0769230769230769,5,0,0,rank,1,15.8,19
train,syn_n200_k20_cluster_corr_skewed_high_vol_r01_s20260750,40,theta_076,0.996929902953083,0.0528843660778598,0.4,0.0486765813150557,0.6756528435667445,3.299537623333334,19.0,15.0,15.0,15.0,16.0,16.0,19,theta_076,mixed,adaptive,5%,crowding-pruned,repair+feasible-first,2,mixed,stable,0.05,5,0.0769230769230769,5,0,0,rank,1,15.8,20
train,syn_n200_k20_cluster_corr_skewed_high_vol_r01_s20260750,40,theta_078,0.996929902953083,0.0528843660778598,0.4,0.0486765813150557,0.6756528435667445,3.7308960866666663,19.0,15.0,15.0,15.0,20.0,16.8,21,theta_078,mixed,adaptive,5%,crowding-pruned,repair+feasible-first,2,mixed,stable,0.05,20,0.0769230769230769,5,0,0,rank,1,15.8,21
train,syn_n200_k20_cluster_corr_skewed_high_vol_r01_s20260750,40,theta_118,1.0091368193738195,0.0552022444221508,0.2927777777777777,0.0696808236359987,0.8230988180081147,3.3966632433333337,7.0,23.0,23.0,23.0,18.0,18.8,23,theta_118,DE/best,fixed,1%,crowding-pruned,repair+feasible-first,3,best2,paper,0.01,5,0.0769230769230769,5,0,0,rank,1,19.8,22
train,syn_n200_k20_cluster_corr_skewed_high_vol_r01_s20260750,40,theta_131,1.0091368193738195,0.0552022444221508,0.2927777777777777,0.0696808236359987,0.8230988180081147,3.2204939733333338,7.0,23.0,23.0,23.0,13.0,17.8,22,theta_131,DE/best,adaptive,5%,crowding-pruned,repair+feasible-first,3,best2,stable,0.05,10,0.0769230769230769,5,0,0,rank,1,19.8,23
train,syn_n200_k20_cluster_corr_skewed_high_vol_r01_s20260750,40,theta_132,1.0091368193738195,0.0552022444221508,0.2927777777777777,0.0696808236359987,0.8230988180081147,3.4291513966666667,7.0,23.0,23.0,23.0,19.0,19.0,24,theta_132,DE/best,adaptive,5%,crowding-pruned,repair+feasible-first,3,best2,stable,0.05,20,0.0769230769230769,5,0,0,rank,1,19.8,24
train,syn_n200_k20_high_corr_mixed_high_vol_r02_s20260749,40,theta_084,1.0356833349725387,0.0278721083930449,0.6144444444444443,0.0514334377429015,0.8567618676589495,3.141473463333333,2.0,2.0,2.0,7.0,7.0,4.0,2,theta_084,DE/rand,none,1%,crowding-pruned,repair+feasible-first,3,rand2,none,0.01,20,0.0769230769230769,5,0,0,rank,1,3.5,1
train,syn_n200_k20_high_corr_mixed_high_vol_r02_s20260749,40,theta_086,1.0356833349725387,0.0278721083930449,0.6144444444444443,0.0514334377429015,0.8567618676589495,2.474865213333333,2.0,2.0,2.0,7.0,3.0,3.2,1,theta_086,DE/rand,none,5%,crowding-pruned,repair+feasible-first,3,rand2,none,0.05,10,0.0769230769230769,5,0,0,rank,1,3.5,2
train,syn_n200_k20_high_corr_mixed_high_vol_r02_s20260749,40,theta_089,1.0356833349725387,0.0278721083930449,0.6144444444444443,0.0514334377429015,0.8567618676589495,3.2231487566666663,2.0,2.0,2.0,7.0,9.0,4.4,3,theta_089,DE/rand,none,10%,crowding-pruned,repair+feasible-first,3,rand2,none,0.1,10,0.0769230769230769,5,0,0,rank,1,3.5,3
train,syn_n200_k20_high_corr_mixed_high_vol_r02_s20260749,40,theta_164,1.0325476763771906,0.0294066071959443,0.5275000000000001,0.0400390995091032,0.9017953077226272,3.162143103333334,5.5,5.5,5.5,2.5,8.0,5.4,4,theta_164,DE/rand,none,1%,crowding-pruned,repair+feasible-first,5,rand2,none,0.01,10,0.0769230769230769,5,0,0,rank,1,4.6,4
train,syn_n200_k20_high_corr_mixed_high_vol_r02_s20260749,40,theta_170,1.0325476763771906,0.0294066071959443,0.5275000000000001,0.0400390995091032,0.9017953077226272,3.23284588,5.5,5.5,5.5,2.5,10.0,5.8,5,theta_170,DE/rand,none,10%,crowding-pruned,repair+feasible-first,5,rand2,none,0.1,10,0.0769230769230769,5,0,0,rank,1,4.6,5
train,syn_n200_k20_high_corr_mixed_high_vol_r02_s20260749,40,theta_175,1.0325476763771906,0.0294066071959443,0.5275000000000001,0.0400390995091032,0.9017953077226272,3.3424151333333336,5.5,5.5,5.5,2.5,14.0,6.6,7,theta_175,DE/rand,fixed,5%,crowding-pruned,repair+feasible-first,5,rand2,paper,0.05,5,0.0769230769230769,5,0,0,rank,1,4.6,6
train,syn_n200_k20_high_corr_mixed_high_vol_r02_s20260749,40,theta_189,1.0325476763771906,0.0294066071959443,0.5275000000000001,0.0400390995091032,0.9017953077226272,7.359384713333332,5.5,5.5,5.5,2.5,24.0,8.6,8,theta_189,DE/rand,adaptive,10%,crowding-pruned,repair+feasible-first,5,rand2,stable,0.1,20,0.0769230769230769,5,0,0,rank,1,4.6,7
train,syn_n200_k20_high_corr_mixed_high_vol_r02_s20260749,40,theta_011,1.0181432072892955,0.0357212527521698,0.5225000000000001,0.0496708170100576,0.7588907966876945,1.672778403333333,8.0,8.0,8.0,5.0,1.0,6.0,6,theta_011,DE/rand,fixed,1%,crowding-pruned,repair+feasible-first,2,rand2,paper,0.01,10,0.0769230769230769,5,0,0,rank,1,7.1,8
train,syn_n200_k20_high_corr_mixed_high_vol_r02_s20260749,40,theta_067,0.9897869673014242,0.0583901186113347,0.1238888888888889,0.0598294932357482,0.832510215609928,3.356873379999999,10.0,10.0,10.0,10.0,15.0,11.0,9,theta_067,mixed,fixed,5%,crowding-pruned,repair+feasible-first,2,mixed,paper,0.05,5,0.0769230769230769,5,0,0,rank,1,10.0,9
train,syn_n200_k20_high_corr_mixed_high_vol_r02_s20260749,40,theta_076,0.9897869673014242,0.0583901186113347,0.1238888888888889,0.0598294932357482,0.832510215609928,3.379920773333333,10.0,10.0,10.0,10.0,17.0,11.4,10,theta_076,mixed,adaptive,5%,crowding-pruned,repair+feasible-first,2,mixed,stable,0.05,5,0.0769230769230769,5,0,0,rank,1,10.0,10
train,syn_n200_k20_high_corr_mixed_high_vol_r02_s20260749,40,theta_078,0.9897869673014242,0.0583901186113347,0.1238888888888889,0.0598294932357482,0.832510215609928,3.4396899700000003,10.0,10.0,10.0,10.0,18.0,11.6,11,theta_078,mixed,adaptive,5%,crowding-pruned,repair+feasible-first,2,mixed,stable,0.05,20,0.0769230769230769,5,0,0,rank,1,10.0,11
train,syn_n200_k20_high_corr_mixed_high_vol_r02_s20260749,40,theta_118,0.9800558659924524,0.0718123421114477,0.0688888888888888,0.0656218363625155,0.9578405360161668,3.3671595066666664,14.0,13.0,17.0,13.0,16.0,14.6,14,theta_118,DE/best,fixed,1%,crowding-pruned,repair+feasible-first,3,best2,paper,0.01,5,0.0769230769230769,5,0,0,rank,1,14.4,12
train,syn_n200_k20_high_corr_mixed_high_vol_r02_s20260749,40,theta_131,0.9800558659924524,0.0718123421114477,0.0688888888888888,0.0656218363625155,0.9578405360161668,3.291465623333333,14.0,13.0,17.0,13.0,12.0,13.8,12,theta_131,DE/best,adaptive,5%,crowding-pruned,repair+feasible-first,3,best2,stable,0.05,10,0.0769230769230769,5,0,0,rank,1,14.4,13
train,syn_n200_k20_high_corr_mixed_high_vol_r02_s20260749,40,theta_132,0.9800558659924524,0.0718123421114477,0.0688888888888888,0.0656218363625155,0.9578405360161668,3.554178503333333,14.0,13.0,17.0,13.0,20.0,15.4,18,theta_132,DE/best,adaptive,5%,crowding-pruned,repair+feasible-first,3,best2,stable,0.05,20,0.0769230769230769,5,0,0,rank,1,14.4,14
train,syn_n200_k20_high_corr_mixed_high_vol_r02_s20260749,40,theta_034,0.9696914845723056,0.0795665770992243,0.0711111111111111,0.0807855643555433,0.946336622870612,2.4667054666666663,19.5,19.5,13.5,18.5,2.0,14.6,13,theta_034,DE/best,none,10%,crowding-pruned,repair+feasible-first,2,best2,none,0.1,5,0.0769230769230769,5,0,0,rank,1,17.400000000000002,15
train,syn_n200_k20_high_corr_mixed_high_vol_r02_s20260749,40,theta_037,0.9696914845723056,0.0795665770992243,0.0711111111111111,0.0807855643555433,0.946336622870612,2.488362986666667,19.5,19.5,13.5,18.5,4.0,15.0,15,theta_037,DE/best,fixed,1%,crowding-pruned,repair+feasible-first,2,best2,paper,0.01,5,0.0769230769230769,5,0,0,rank,1,17.400000000000002,16
train,syn_n200_k20_high_corr_mixed_high_vol_r02_s20260749,40,theta_045,0.9696914845723056,0.0795665770992243,0.0711111111111111,0.0807855643555433,0.946336622870612,3.0397869566666667,19.5,19.5,13.5,18.5,6.0,15.4,17,theta_045,DE/best,fixed,10%,crowding-pruned,repair+feasible-first,2,best2,paper,0.1,20,0.0769230769230769,5,0,0,rank,1,17.400000000000002,17
train,syn_n200_k20_high_corr_mixed_high_vol_r02_s20260749,40,theta_047,0.9696914845723056,0.0795665770992243,0.0711111111111111,0.0807855643555433,0.946336622870612,4.644481123333335,19.5,19.5,13.5,18.5,21.0,18.4,20,theta_047,DE/best,adaptive,1%,crowding-pruned,repair+feasible-first,2,best2,stable,0.01,10,0.0769230769230769,5,0,0,rank,1,17.400000000000002,18
train,syn_n200_k20_high_corr_mixed_high_vol_r02_s20260749,40,theta_144,0.9722260807932236,0.07331815687377,0.0486111111111111,0.0666176120904249,0.8277170568547813,2.5319435500000003,16.5,15.5,23.5,15.5,5.0,15.2,16,theta_144,mixed,none,10%,crowding-pruned,repair+feasible-first,3,mixed,none,0.1,20,0.0769230769230769,5,0,0,rank,1,18.099999999999998,19
train,syn_n200_k20_high_corr_mixed_high_vol_r02_s20260749,40,theta_159,0.9722260807932236,0.07331815687377,0.0486111111111111,0.0666176120904249,0.8277170568547813,3.27523998,16.5,15.5,23.5,15.5,11.0,16.4,19,theta_159,mixed,adaptive,5%,crowding-pruned,repair+feasible-first,3,mixed,stable,0.05,20,0.0769230769230769,5,0,0,rank,1,18.099999999999998,20
train,syn_n200_k20_high_corr_mixed_high_vol_r02_s20260749,40,theta_200,0.981787664937802,0.0754044787544645,0.0527777777777777,0.0849536348242357,0.9830388786064748,7.18149915,12.0,17.0,22.0,24.0,23.0,19.6,21,theta_200,DE/best,fixed,1%,crowding-pruned,repair+feasible-first,5,best2,paper,0.01,10,0.0769230769230769,5,0,0,rank,1,19.6,21
train,syn_n200_k20_high_corr_mixed_high_vol_r02_s20260749,40,theta_223,0.9621919788497396,0.0796532538210303,0.0683333333333333,0.0820935364621189,0.8694851503408055,7.134587856666667,23.0,23.0,20.0,22.0,22.0,22.0,24,theta_223,mixed,none,10%,crowding-pruned,repair+feasible-first,5,mixed,none,0.1,5,0.0769230769230769,5,0,0,rank,1,21.8,22
train,syn_n200_k20_high_corr_mixed_high_vol_r02_s20260749,40,theta_234,0.9621919788497396,0.0796532538210303,0.0683333333333333,0.0820935364621189,0.8694851503408055,3.5472714233333336,23.0,23.0,20.0,22.0,19.0,21.4,23,theta_234,mixed,fixed,10%,crowding-pruned,repair+feasible-first,5,mixed,paper,0.1,20,0.0769230769230769,5,0,0,rank,1,21.8,23
train,syn_n200_k20_high_corr_mixed_high_vol_r02_s20260749,40,theta_237,0.9621919788497396,0.0796532538210303,0.0683333333333333,0.0820935364621189,0.8694851503408055,3.3266687200000007,23.0,23.0,20.0,22.0,13.0,20.2,22,theta_237,mixed,adaptive,1%,crowding-pruned,repair+feasible-first,5,mixed,stable,0.01,20,0.0769230769230769,5,0,0,rank,1,21.8,24
train,syn_n200_k20_low_corr_skewed_extreme_events_r02_s20260751,40,theta_084,0.975588332520786,0.0659308895680088,0.6558333333333334,0.0488103875636785,0.6443609020037753,2.634643336666667,2.0,2.0,2.0,7.0,6.0,3.8,2,theta_084,DE/rand,none,1%,crowding-pruned,repair+feasible-first,3,rand2,none,0.01,20,0.0769230769230769,5,0,0,rank,1,3.5,1
train,syn_n200_k20_low_corr_skewed_extreme_events_r02_s20260751,40,theta_086,0.975588332520786,0.0659308895680088,0.6558333333333334,0.0488103875636785,0.6443609020037753,2.43470517,2.0,2.0,2.0,7.0,3.0,3.2,1,theta_086,DE/rand,none,5%,crowding-pruned,repair+feasible-first,3,rand2,none,0.05,10,0.0769230769230769,5,0,0,rank,1,3.5,2
train,syn_n200_k20_low_corr_skewed_extreme_events_r02_s20260751,40,theta_089,0.975588332520786,0.0659308895680088,0.6558333333333334,0.0488103875636785,0.6443609020037753,3.1986326066666675,2.0,2.0,2.0,7.0,14.0,5.4,3,theta_089,DE/rand,none,10%,crowding-pruned,repair+feasible-first,3,rand2,none,0.1,10,0.0769230769230769,5,0,0,rank,1,3.5,3
train,syn_n200_k20_low_corr_skewed_extreme_events_r02_s20260751,40,theta_164,0.9687769295790116,0.0683716806491612,0.6280555555555555,0.0443111016972425,0.6469134171259959,3.09944196,5.5,5.5,6.5,2.5,9.0,5.8,4,theta_164,DE/rand,none,1%,crowding-pruned,repair+feasible-first,5,rand2,none,0.01,10,0.0769230769230769,5,0,0,rank,1,4.9,4
train,syn_n200_k20_low_corr_skewed_extreme_events_r02_s20260751,40,theta_170,0.9687769295790116,0.0683716806491612,0.6280555555555555,0.0443111016972425,0.6469134171259959,3.3287165,5.5,5.5,6.5,2.5,19.0,7.8,7,theta_170,DE/rand,none,10%,crowding-pruned,repair+feasible-first,5,rand2,none,0.1,10,0.0769230769230769,5,0,0,rank,1,4.9,5
train,syn_n200_k20_low_corr_skewed_extreme_events_r02_s20260751,40,theta_175,0.9687769295790116,0.0683716806491612,0.6280555555555555,0.0443111016972425,0.6469134171259959,3.1983747533333333,5.5,5.5,6.5,2.5,13.0,6.6,5,theta_175,DE/rand,fixed,5%,crowding-pruned,repair+feasible-first,5,rand2,paper,0.05,5,0.0769230769230769,5,0,0,rank,1,4.9,6
train,syn_n200_k20_low_corr_skewed_extreme_events_r02_s20260751,40,theta_189,0.9687769295790116,0.0683716806491612,0.6280555555555555,0.0443111016972425,0.6469134171259959,7.017969096666668,5.5,5.5,6.5,2.5,23.0,8.6,8,theta_189,DE/rand,adaptive,10%,crowding-pruned,repair+feasible-first,5,rand2,stable,0.1,20,0.0769230769230769,5,0,0,rank,1,4.9,7
train,syn_n200_k20_low_corr_skewed_extreme_events_r02_s20260751,40,theta_011,0.9598729601912148,0.0716740632336385,0.6338888888888888,0.0474563245667209,0.6017514721114909,1.6178290166666665,16.0,11.0,4.0,5.0,1.0,7.4,6,theta_011,DE/rand,fixed,1%,crowding-pruned,repair+feasible-first,2,rand2,paper,0.01,10,0.0769230769230769,5,0,0,rank,1,8.100000000000001,8
train,syn_n200_k20_low_corr_skewed_extreme_events_r02_s20260751,40,theta_223,0.9621741461819636,0.0692879824258194,0.5213888888888889,0.0531428709727792,0.6689646981044647,7.033216743333332,10.0,9.0,12.0,10.0,24.0,13.0,11,theta_223,mixed,none,10%,crowding-pruned,repair+feasible-first,5,mixed,none,0.1,5,0.0769230769230769,5,0,0,rank,1,10.399999999999999,9
train,syn_n200_k20_low_corr_skewed_extreme_events_r02_s20260751,40,theta_234,0.9621741461819636,0.0692879824258194,0.5213888888888889,0.0531428709727792,0.6689646981044647,2.926155993333333,10.0,9.0,12.0,10.0,8.0,9.8,9,theta_234,mixed,fixed,10%,crowding-pruned,repair+feasible-first,5,mixed,paper,0.1,20,0.0769230769230769,5,0,0,rank,1,10.399999999999999,10
train,syn_n200_k20_low_corr_skewed_extreme_events_r02_s20260751,40,theta_237,0.9621741461819636,0.0692879824258194,0.5213888888888889,0.0531428709727792,0.6689646981044647,3.305271326666667,10.0,9.0,12.0,10.0,17.0,11.6,10,theta_237,mixed,adaptive,1%,crowding-pruned,repair+feasible-first,5,mixed,stable,0.01,20,0.0769230769230769,5,0,0,rank,1,10.399999999999999,11
train,syn_n200_k20_low_corr_skewed_extreme_events_r02_s20260751,40,theta_067,0.9495904253535716,0.0729724252140724,0.361388888888889,0.0544843724728448,0.7106356813884784,3.2265211366666664,23.0,13.0,15.0,13.0,15.0,15.8,18,theta_067,mixed,fixed,5%,crowding-pruned,repair+feasible-first,2,mixed,paper,0.05,5,0.0769230769230769,5,0,0,rank,1,15.600000000000001,12
train,syn_n200_k20_low_corr_skewed_extreme_events_r02_s20260751,40,theta_076,0.9495904253535716,0.0729724252140724,0.361388888888889,0.0544843724728448,0.7106356813884784,3.3722740866666667,23.0,13.0,15.0,13.0,20.0,16.8,19,theta_076,mixed,adaptive,5%,crowding-pruned,repair+feasible-first,2,mixed,stable,0.05,5,0.0769230769230769,5,0,0,rank,1,15.600000000000001,13
train,syn_n200_k20_low_corr_skewed_extreme_events_r02_s20260751,40,theta_078,0.9495904253535716,0.0729724252140724,0.361388888888889,0.0544843724728448,0.7106356813884784,3.110623916666667,23.0,13.0,15.0,13.0,10.0,14.8,15,theta_078,mixed,adaptive,5%,crowding-pruned,repair+feasible-first,2,mixed,stable,0.05,20,0.0769230769230769,5,0,0,rank,1,15.600000000000001,14
train,syn_n200_k20_low_corr_skewed_extreme_events_r02_s20260751,40,theta_144,0.9500361336360644,0.073109944319919,0.5597222222222221,0.070205758351483,0.6392009439578433,2.55022127,20.5,15.5,9.5,19.5,5.0,14.0,12,theta_144,mixed,none,10%,crowding-pruned,repair+feasible-first,3,mixed,none,0.1,20,0.0769230769230769,5,0,0,rank,1,15.9,15
train,syn_n200_k20_low_corr_skewed_extreme_events_r02_s20260751,40,theta_159,0.9500361336360644,0.073109944319919,0.5597222222222221,0.070205758351483,0.6392009439578433,3.148528883333333,20.5,15.5,9.5,19.5,11.0,15.2,16,theta_159,mixed,adaptive,5%,crowding-pruned,repair+feasible-first,3,mixed,stable,0.05,20,0.0769230769230769,5,0,0,rank,1,15.9,16
train,syn_n200_k20_low_corr_skewed_extreme_events_r02_s20260751,40,theta_034,0.9615682275291828,0.0733225382518857,0.2547222222222222,0.0658973647097136,0.794384596377071,2.4311503,13.5,18.5,21.5,16.5,2.0,14.4,13,theta_034,DE/best,none,10%,crowding-pruned,repair+feasible-first,2,best2,none,0.1,5,0.0769230769230769,5,0,0,rank,1,17.8,17
train,syn_n200_k20_low_corr_skewed_extreme_events_r02_s20260751,40,theta_037,0.9615682275291828,0.0733225382518857,0.2547222222222222,0.0658973647097136,0.794384596377071,2.456234453333333,13.5,18.5,21.5,16.5,4.0,14.8,14,theta_037,DE/best,fixed,1%,crowding-pruned,repair+feasible-first,2,best2,paper,0.01,5,0.0769230769230769,5,0,0,rank,1,17.8,18
train,syn_n200_k20_low_corr_skewed_extreme_events_r02_s20260751,40,theta_045,0.9615682275291828,0.0733225382518857,0.2547222222222222,0.0658973647097136,0.794384596377071,2.8815296000000004,13.5,18.5,21.5,16.5,7.0,15.4,17,theta_045,DE/best,fixed,10%,crowding-pruned,repair+feasible-first,2,best2,paper,0.1,20,0.0769230769230769,5,0,0,rank,1,17.8,19
train,syn_n200_k20_low_corr_skewed_extreme_events_r02_s20260751,40,theta_047,0.9615682275291828,0.0733225382518857,0.2547222222222222,0.0658973647097136,0.794384596377071,3.546909153333333,13.5,18.5,21.5,16.5,21.0,18.2,20,theta_047,DE/best,adaptive,1%,crowding-pruned,repair+feasible-first,2,best2,stable,0.01,10,0.0769230769230769,5,0,0,rank,1,17.8,20
train,syn_n200_k20_low_corr_skewed_extreme_events_r02_s20260751,40,theta_118,0.9557441839141606,0.0734553398441434,0.315,0.0760814624989729,0.7828763809877928,3.2766969366666663,18.0,22.0,18.0,22.0,16.0,19.2,22,theta_118,DE/best,fixed,1%,crowding-pruned,repair+feasible-first,3,best2,paper,0.01,5,0.0769230769230769,5,0,0,rank,1,20.0,21
train,syn_n200_k20_low_corr_skewed_extreme_events_r02_s20260751,40,theta_131,0.9557441839141606,0.0734553398441434,0.315,0.0760814624989729,0.7828763809877928,3.1790264166666664,18.0,22.0,18.0,22.0,12.0,18.4,21,theta_131,DE/best,adaptive,5%,crowding-pruned,repair+feasible-first,3,best2,stable,0.05,10,0.0769230769230769,5,0,0,rank,1,20.0,22
train,syn_n200_k20_low_corr_skewed_extreme_events_r02_s20260751,40,theta_132,0.9557441839141606,0.0734553398441434,0.315,0.0760814624989729,0.7828763809877928,3.32070297,18.0,22.0,18.0,22.0,18.0,19.6,23,theta_132,DE/best,adaptive,5%,crowding-pruned,repair+feasible-first,3,best2,stable,0.05,20,0.0769230769230769,5,0,0,rank,1,20.0,23
train,syn_n200_k20_low_corr_skewed_extreme_events_r02_s20260751,40,theta_200,0.9670867175292008,0.0740147166858711,0.2413888888888888,0.0772960883182417,0.8490179701695071,6.83732885,8.0,24.0,24.0,24.0,22.0,20.4,24,theta_200,DE/best,fixed,1%,crowding-pruned,repair+feasible-first,5,best2,paper,0.01,10,0.0769230769230769,5,0,0,rank,1,20.799999999999997,24
train,syn_n200_k20_pathological_cov_mixed_low_vol_r01_s20260753,40,theta_223,1.1611947768527158,0.0607374968752723,0.406845238095238,0.0823694432239229,0.3760035679953225,6.807791916666665,2.0,2.0,2.0,15.0,23.0,8.8,6,theta_223,mixed,none,10%,crowding-pruned,repair+feasible-first,5,mixed,none,0.1,5,0.0769230769230769,5,0,0,rank,1,5.9,1
train,syn_n200_k20_pathological_cov_mixed_low_vol_r01_s20260753,40,theta_234,1.1611947768527158,0.0607374968752723,0.406845238095238,0.0823694432239229,0.3760035679953225,2.9745614466666668,2.0,2.0,2.0,15.0,9.0,6.0,1,theta_234,mixed,fixed,10%,crowding-pruned,repair+feasible-first,5,mixed,paper,0.1,20,0.0769230769230769,5,0,0,rank,1,5.9,2
train,syn_n200_k20_pathological_cov_mixed_low_vol_r01_s20260753,40,theta_237,1.1611947768527158,0.0607374968752723,0.406845238095238,0.0823694432239229,0.3760035679953225,3.1918070200000006,2.0,2.0,2.0,15.0,15.0,7.2,2,theta_237,mixed,adaptive,1%,crowding-pruned,repair+feasible-first,5,mixed,stable,0.01,20,0.0769230769230769,5,0,0,rank,1,5.9,3
train,syn_n200_k20_pathological_cov_mixed_low_vol_r01_s20260753,40,theta_164,1.1401330595888832,0.0685533170994359,0.312797619047619,0.0607213119117357,0.2938128334370079,2.955033656666666,11.5,8.5,5.5,6.5,8.0,8.0,3,theta_164,DE/rand,none,1%,crowding-pruned,repair+feasible-first,5,rand2,none,0.01,10,0.0769230769230769,5,0,0,rank,1,7.6000000000000005,4
train,syn_n200_k20_pathological_cov_mixed_low_vol_r01_s20260753,40,theta_170,1.1401330595888832,0.0685533170994359,0.312797619047619,0.0607213119117357,0.2938128334370079,3.3375280300000005,11.5,8.5,5.5,6.5,18.0,10.0,9,theta_170,DE/rand,none,10%,crowding-pruned,repair+feasible-first,5,rand2,none,0.1,10,0.0769230769230769,5,0,0,rank,1,7.6000000000000005,5
train,syn_n200_k20_pathological_cov_mixed_low_vol_r01_s20260753,40,theta_175,1.1401330595888832,0.0685533170994359,0.312797619047619,0.0607213119117357,0.2938128334370079,3.1062184966666666,11.5,8.5,5.5,6.5,12.0,8.8,5,theta_175,DE/rand,fixed,5%,crowding-pruned,repair+feasible-first,5,rand2,paper,0.05,5,0.0769230769230769,5,0,0,rank,1,7.6000000000000005,6
train,syn_n200_k20_pathological_cov_mixed_low_vol_r01_s20260753,40,theta_189,1.1401330595888832,0.0685533170994359,0.312797619047619,0.0607213119117357,0.2938128334370079,6.824710386666666,11.5,8.5,5.5,6.5,24.0,11.2,15,theta_189,DE/rand,adaptive,10%,crowding-pruned,repair+feasible-first,5,rand2,stable,0.1,20,0.0769230769230769,5,0,0,rank,1,7.6000000000000005,7
train,syn_n200_k20_pathological_cov_mixed_low_vol_r01_s20260753,40,theta_067,1.152202264021425,0.0656224623425128,0.2800595238095238,0.0686627755663491,0.4038109741931013,3.17823401,7.0,5.0,12.0,10.0,13.0,9.4,7,theta_067,mixed,fixed,5%,crowding-pruned,repair+feasible-first,2,mixed,paper,0.05,5,0.0769230769230769,5,0,0,rank,1,9.0,8
train,syn_n200_k20_pathological_cov_mixed_low_vol_r01_s20260753,40,theta_076,1.152202264021425,0.0656224623425128,0.2800595238095238,0.0686627755663491,0.4038109741931013,3.3610462633333333,7.0,5.0,12.0,10.0,20.0,10.8,13,theta_076,mixed,adaptive,5%,crowding-pruned,repair+feasible-first,2,mixed,stable,0.05,5,0.0769230769230769,5,0,0,rank,1,9.0,9
train,syn_n200_k20_pathological_cov_mixed_low_vol_r01_s20260753,40,theta_078,1.152202264021425,0.0656224623425128,0.2800595238095238,0.0686627755663491,0.4038109741931013,3.345049433333334,7.0,5.0,12.0,10.0,19.0,10.6,10,theta_078,mixed,adaptive,5%,crowding-pruned,repair+feasible-first,2,mixed,stable,0.05,20,0.0769230769230769,5,0,0,rank,1,9.0,10
train,syn_n200_k20_pathological_cov_mixed_low_vol_r01_s20260753,40,theta_144,1.1530941294051176,0.0721172286324652,0.288095238095238,0.0722563434438436,0.3244830533944387,2.3918128500000004,4.5,11.5,9.5,12.5,4.0,8.4,4,theta_144,mixed,none,10%,crowding-pruned,repair+feasible-first,3,mixed,none,0.1,20,0.0769230769230769,5,0,0,rank,1,9.8,11
train,syn_n200_k20_pathological_cov_mixed_low_vol_r01_s20260753,40,theta_159,1.1530941294051176,0.0721172286324652,0.288095238095238,0.0722563434438436,0.3244830533944387,3.0914802033333326,4.5,11.5,9.5,12.5,11.0,9.8,8,theta_159,mixed,adaptive,5%,crowding-pruned,repair+feasible-first,3,mixed,stable,0.05,20,0.0769230769230769,5,0,0,rank,1,9.8,12
train,syn_n200_k20_pathological_cov_mixed_low_vol_r01_s20260753,40,theta_084,1.139806156834313,0.0769202915141398,0.2032738095238095,0.0545917118474925,0.242319288329701,2.5179563566666667,15.0,14.0,16.0,3.0,6.0,10.8,14,theta_084,DE/rand,none,1%,crowding-pruned,repair+feasible-first,3,rand2,none,0.01,20,0.0769230769230769,5,0,0,rank,1,11.500000000000002,13
train,syn_n200_k20_pathological_cov_mixed_low_vol_r01_s20260753,40,theta_086,1.139806156834313,0.0769202915141398,0.2032738095238095,0.0545917118474925,0.242319288329701,2.4101133500000005,15.0,14.0,16.0,3.0,5.0,10.6,11,theta_086,DE/rand,none,5%,crowding-pruned,repair+feasible-first,3,rand2,none,0.05,10,0.0769230769230769,5,0,0,rank,1,11.500000000000002,14
train,syn_n200_k20_pathological_cov_mixed_low_vol_r01_s20260753,40,theta_089,1.139806156834313,0.0769202915141398,0.2032738095238095,0.0545917118474925,0.242319288329701,3.186991426666667,15.0,14.0,16.0,3.0,14.0,12.4,16,theta_089,DE/rand,none,10%,crowding-pruned,repair+feasible-first,3,rand2,none,0.1,10,0.0769230769230769,5,0,0,rank,1,11.500000000000002,15
train,syn_n200_k20_pathological_cov_mixed_low_vol_r01_s20260753,40,theta_011,1.1250277280100087,0.0796354087370988,0.2247023809523809,0.0409502319493894,0.1776311100192735,1.5829751366666664,21.0,17.0,14.0,1.0,1.0,10.8,12,theta_011,DE/rand,fixed,1%,crowding-pruned,repair+feasible-first,2,rand2,paper,0.01,10,0.0769230769230769,5,0,0,rank,1,12.100000000000001,16
train,syn_n200_k20_pathological_cov_mixed_low_vol_r01_s20260753,40,theta_200,1.143784477160554,0.0778609324846056,0.3020833333333333,0.1321923143655143,0.4578470222485485,6.673540110000001,9.0,16.0,8.0,21.0,22.0,15.2,17,theta_200,DE/best,fixed,1%,crowding-pruned,repair+feasible-first,5,best2,paper,0.01,10,0.0769230769230769,5,0,0,rank,1,13.7,17
train,syn_n200_k20_pathological_cov_mixed_low_vol_r01_s20260753,40,theta_034,1.1266458161482873,0.08091605787769,0.1351190476190476,0.0990990310314026,0.4228033376908125,2.3629540200000005,18.5,19.5,22.5,18.5,2.0,16.2,18,theta_034,DE/best,none,10%,crowding-pruned,repair+feasible-first,2,best2,none,0.1,5,0.0769230769230769,5,0,0,rank,1,19.900000000000002,18
train,syn_n200_k20_pathological_cov_mixed_low_vol_r01_s20260753,40,theta_037,1.1266458161482873,0.08091605787769,0.1351190476190476,0.0990990310314026,0.4228033376908125,2.371392353333333,18.5,19.5,22.5,18.5,3.0,16.4,19,theta_037,DE/best,fixed,1%,crowding-pruned,repair+feasible-first,2,best2,paper,0.01,5,0.0769230769230769,5,0,0,rank,1,19.900000000000002,19
train,syn_n200_k20_pathological_cov_mixed_low_vol_r01_s20260753,40,theta_045,1.1266458161482873,0.08091605787769,0.1351190476190476,0.0990990310314026,0.4228033376908125,2.822236156666667,18.5,19.5,22.5,18.5,7.0,17.2,20,theta_045,DE/best,fixed,10%,crowding-pruned,repair+feasible-first,2,best2,paper,0.1,20,0.0769230769230769,5,0,0,rank,1,19.900000000000002,20
train,syn_n200_k20_pathological_cov_mixed_low_vol_r01_s20260753,40,theta_047,1.1266458161482873,0.08091605787769,0.1351190476190476,0.0990990310314026,0.4228033376908125,3.2739299133333333,18.5,19.5,22.5,18.5,17.0,19.2,21,theta_047,DE/best,adaptive,1%,crowding-pruned,repair+feasible-first,2,best2,stable,0.01,10,0.0769230769230769,5,0,0,rank,1,19.900000000000002,21
train,syn_n200_k20_pathological_cov_mixed_low_vol_r01_s20260753,40,theta_118,1.1079193192920036,0.1062834507644431,0.1351190476190476,0.143562058452595,0.6009724194858852,3.267550303333334,23.0,23.0,19.0,23.0,16.0,20.8,23,theta_118,DE/best,fixed,1%,crowding-pruned,repair+feasible-first,3,best2,paper,0.01,5,0.0769230769230769,5,0,0,rank,1,21.8,22
train,syn_n200_k20_pathological_cov_mixed_low_vol_r01_s20260753,40,theta_131,1.1079193192920036,0.1062834507644431,0.1351190476190476,0.143562058452595,0.6009724194858852,3.0205608766666665,23.0,23.0,19.0,23.0,10.0,19.6,22,theta_131,DE/best,adaptive,5%,crowding-pruned,repair+feasible-first,3,best2,stable,0.05,10,0.0769230769230769,5,0,0,rank,1,21.8,23
train,syn_n200_k20_pathological_cov_mixed_low_vol_r01_s20260753,40,theta_132,1.1079193192920036,0.1062834507644431,0.1351190476190476,0.143562058452595,0.6009724194858852,3.47668825,23.0,23.0,19.0,23.0,21.0,21.8,24,theta_132,DE/best,adaptive,5%,crowding-pruned,repair+feasible-first,3,best2,stable,0.05,20,0.0769230769230769,5,0,0,rank,1,21.8,24
train,syn_n200_k20_pathological_cov_skewed_high_vol_r03_s20260748,40,theta_200,0.9940255166715322,0.1729139205340636,0.2872222222222222,0.1917932795203884,0.8963272345329969,6.872743533333333,1.0,1.0,1.0,9.0,23.0,7.0,1,theta_200,DE/best,fixed,1%,crowding-pruned,repair+feasible-first,5,best2,paper,0.01,10,0.0769230769230769,5,0,0,rank,1,3.3999999999999995,1
train,syn_n200_k20_pathological_cov_skewed_high_vol_r03_s20260748,40,theta_223,0.9799327093696134,0.1938155513163696,0.1530555555555555,0.1956850579757363,0.7417142742159922,6.985128869999999,5.0,11.0,5.0,11.0,24.0,11.2,8,theta_223,mixed,none,10%,crowding-pruned,repair+feasible-first,5,mixed,none,0.1,5,0.0769230769230769,5,0,0,rank,1,8.0,2
train,syn_n200_k20_pathological_cov_skewed_high_vol_r03_s20260748,40,theta_234,0.9799327093696134,0.1938155513163696,0.1530555555555555,0.1956850579757363,0.7417142742159922,3.25888061,5.0,11.0,5.0,11.0,18.0,10.0,5,theta_234,mixed,fixed,10%,crowding-pruned,repair+feasible-first,5,mixed,paper,0.1,20,0.0769230769230769,5,0,0,rank,1,8.0,3
train,syn_n200_k20_pathological_cov_skewed_high_vol_r03_s20260748,40,theta_237,0.9799327093696134,0.1938155513163696,0.1530555555555555,0.1956850579757363,0.7417142742159922,3.240216573333333,5.0,11.0,5.0,11.0,15.0,9.4,4,theta_237,mixed,adaptive,1%,crowding-pruned,repair+feasible-first,5,mixed,stable,0.01,20,0.0769230769230769,5,0,0,rank,1,8.0,4
train,syn_n200_k20_pathological_cov_skewed_high_vol_r03_s20260748,40,theta_144,0.9913630704487068,0.1890726842109605,0.1919444444444444,0.2036242787102664,0.8165806685653033,2.4675641066666665,2.5,8.5,2.5,19.5,6.0,7.8,2,theta_144,mixed,none,10%,crowding-pruned,repair+feasible-first,3,mixed,none,0.1,20,0.0769230769230769,5,0,0,rank,1,8.8,5
train,syn_n200_k20_pathological_cov_skewed_high_vol_r03_s20260748,40,theta_159,0.9913630704487068,0.1890726842109605,0.1919444444444444,0.2036242787102664,0.8165806685653033,3.0402320666666665,2.5,8.5,2.5,19.5,10.0,8.6,3,theta_159,mixed,adaptive,5%,crowding-pruned,repair+feasible-first,3,mixed,stable,0.05,20,0.0769230769230769,5,0,0,rank,1,8.8,6
train,syn_n200_k20_pathological_cov_skewed_high_vol_r03_s20260748,40,theta_067,0.9788817377564406,0.1751428158671597,0.1130555555555555,0.2026553961808796,0.78163451567156,3.29689017,8.0,3.0,12.0,17.0,19.0,11.8,10,theta_067,mixed,fixed,5%,crowding-pruned,repair+feasible-first,2,mixed,paper,0.05,5,0.0769230769230769,5,0,0,rank,1,10.899999999999999,7
train,syn_n200_k20_pathological_cov_skewed_high_vol_r03_s20260748,40,theta_076,0.9788817377564406,0.1751428158671597,0.1130555555555555,0.2026553961808796,0.78163451567156,3.25538197,8.0,3.0,12.0,17.0,17.0,11.4,9,theta_076,mixed,adaptive,5%,crowding-pruned,repair+feasible-first,2,mixed,stable,0.05,5,0.0769230769230769,5,0,0,rank,1,10.899999999999999,8
train,syn_n200_k20_pathological_cov_skewed_high_vol_r03_s20260748,40,theta_078,0.9788817377564406,0.1751428158671597,0.1130555555555555,0.2026553961808796,0.78163451567156,3.30599458,8.0,3.0,12.0,17.0,20.0,12.0,11,theta_078,mixed,adaptive,5%,crowding-pruned,repair+feasible-first,2,mixed,stable,0.05,20,0.0769230769230769,5,0,0,rank,1,10.899999999999999,9
train,syn_n200_k20_pathological_cov_skewed_high_vol_r03_s20260748,40,theta_084,0.939234822620827,0.179524284016185,0.0,0.1166764407436147,0.5351414411075108,2.408369823333333,18.0,6.0,20.5,2.0,5.0,10.3,7,theta_084,DE/rand,none,1%,crowding-pruned,repair+feasible-first,3,rand2,none,0.01,20,0.0769230769230769,5,0,0,rank,1,11.549999999999999,10
train,syn_n200_k20_pathological_cov_skewed_high_vol_r03_s20260748,40,theta_086,0.939234822620827,0.179524284016185,0.0,0.1166764407436147,0.5351414411075108,2.38173477,18.0,6.0,20.5,2.0,4.0,10.1,6,theta_086,DE/rand,none,5%,crowding-pruned,repair+feasible-first,3,rand2,none,0.05,10,0.0769230769230769,5,0,0,rank,1,11.549999999999999,11
train,syn_n200_k20_pathological_cov_skewed_high_vol_r03_s20260748,40,theta_089,0.939234822620827,0.179524284016185,0.0,0.1166764407436147,0.5351414411075108,3.24936209,18.0,6.0,20.5,2.0,16.0,12.5,13,theta_089,DE/rand,none,10%,crowding-pruned,repair+feasible-first,3,rand2,none,0.1,10,0.0769230769230769,5,0,0,rank,1,11.549999999999999,12
train,syn_n200_k20_pathological_cov_skewed_high_vol_r03_s20260748,40,theta_118,0.9710945616371636,0.2104559257982651,0.093611111111111,0.1993570005690025,0.7253412121806021,2.702859673333333,11.0,19.0,15.0,14.0,7.0,13.2,15,theta_118,DE/best,fixed,1%,crowding-pruned,repair+feasible-first,3,best2,paper,0.01,5,0.0769230769230769,5,0,0,rank,1,14.7,13
train,syn_n200_k20_pathological_cov_skewed_high_vol_r03_s20260748,40,theta_131,0.9710945616371636,0.2104559257982651,0.093611111111111,0.1993570005690025,0.7253412121806021,3.1885397333333336,11.0,19.0,15.0,14.0,12.0,14.2,19,theta_131,DE/best,adaptive,5%,crowding-pruned,repair+feasible-first,3,best2,stable,0.05,10,0.0769230769230769,5,0,0,rank,1,14.7,14
train,syn_n200_k20_pathological_cov_skewed_high_vol_r03_s20260748,40,theta_132,0.9710945616371636,0.2104559257982651,0.093611111111111,0.1993570005690025,0.7253412121806021,3.3597029000000003,11.0,19.0,15.0,14.0,21.0,16.0,20,theta_132,DE/best,adaptive,5%,crowding-pruned,repair+feasible-first,3,best2,stable,0.05,20,0.0769230769230769,5,0,0,rank,1,14.7,15
train,syn_n200_k20_pathological_cov_skewed_high_vol_r03_s20260748,40,theta_034,0.9667722250530714,0.2042262008294441,0.1333333333333333,0.2208225619530161,0.7990375934620387,2.3679850966666662,14.5,14.5,8.5,22.5,3.0,12.6,14,theta_034,DE/best,none,10%,crowding-pruned,repair+feasible-first,2,best2,none,0.1,5,0.0769230769230769,5,0,0,rank,1,15.100000000000001,16
train,syn_n200_k20_pathological_cov_skewed_high_vol_r03_s20260748,40,theta_037,0.9667722250530714,0.2042262008294441,0.1333333333333333,0.2208225619530161,0.7990375934620387,2.338188303333333,14.5,14.5,8.5,22.5,2.0,12.4,12,theta_037,DE/best,fixed,1%,crowding-pruned,repair+feasible-first,2,best2,paper,0.01,5,0.0769230769230769,5,0,0,rank,1,15.100000000000001,17
train,syn_n200_k20_pathological_cov_skewed_high_vol_r03_s20260748,40,theta_045,0.9667722250530714,0.2042262008294441,0.1333333333333333,0.2208225619530161,0.7990375934620387,2.855943546666666,14.5,14.5,8.5,22.5,8.0,13.6,17,theta_045,DE/best,fixed,10%,crowding-pruned,repair+feasible-first,2,best2,paper,0.1,20,0.0769230769230769,5,0,0,rank,1,15.100000000000001,18
train,syn_n200_k20_pathological_cov_skewed_high_vol_r03_s20260748,40,theta_047,0.9667722250530714,0.2042262008294441,0.1333333333333333,0.2208225619530161,0.7990375934620387,3.0667606499999995,14.5,14.5,8.5,22.5,11.0,14.2,18,theta_047,DE/best,adaptive,1%,crowding-pruned,repair+feasible-first,2,best2,stable,0.01,10,0.0769230769230769,5,0,0,rank,1,15.100000000000001,19
train,syn_n200_k20_pathological_cov_skewed_high_vol_r03_s20260748,40,theta_011,0.89006047091313,0.207402401583714,0.0,0.1363874414797871,0.5982677012174442,1.6488565333333332,24.0,17.0,20.5,4.0,1.0,13.3,16,theta_011,DE/rand,fixed,1%,crowding-pruned,repair+feasible-first,2,rand2,paper,0.01,10,0.0769230769230769,5,0,0,rank,1,15.55,20
train,syn_n200_k20_pathological_cov_skewed_high_vol_r03_s20260748,40,theta_175,0.897308659804708,0.2121881363273879,0.0,0.1705859620132642,0.6130567008817522,3.19342379,20.0,21.0,20.5,5.0,14.0,16.1,21,theta_175,DE/rand,fixed,5%,crowding-pruned,repair+feasible-first,5,rand2,paper,0.05,5,0.0769230769230769,5,0,0,rank,1,15.849999999999998,21
train,syn_n200_k20_pathological_cov_skewed_high_vol_r03_s20260748,40,theta_164,0.8958815513189538,0.2133629236569011,0.0,0.1706802955948302,0.611398833695068,3.0143041833333326,22.0,23.0,20.5,7.0,9.0,16.3,22,theta_164,DE/rand,none,1%,crowding-pruned,repair+feasible-first,5,rand2,none,0.01,10,0.0769230769230769,5,0,0,rank,1,17.25,22
train,syn_n200_k20_pathological_cov_skewed_high_vol_r03_s20260748,40,theta_170,0.8958815513189538,0.2133629236569011,0.0,0.1706802955948302,0.611398833695068,3.19341928,22.0,23.0,20.5,7.0,13.0,17.1,23,theta_170,DE/rand,none,10%,crowding-pruned,repair+feasible-first,5,rand2,none,0.1,10,0.0769230769230769,5,0,0,rank,1,17.25,23
train,syn_n200_k20_pathological_cov_skewed_high_vol_r03_s20260748,40,theta_189,0.8958815513189538,0.2133629236569011,0.0,0.1706802955948302,0.611398833695068,6.8110619733333335,22.0,23.0,20.5,7.0,22.0,18.9,24,theta_189,DE/rand,adaptive,10%,crowding-pruned,repair+feasible-first,5,rand2,stable,0.1,20,0.0769230769230769,5,0,0,rank,1,17.25,24
train,syn_n200_k30_cluster_corr_heavy_tail_low_vol_r02_s20260763,60,theta_011,0.910418708617574,0.0569240573496325,0.5597222222222222,0.0379283900516594,0.7948823480650717,1.8177478133333331,5.0,5.0,1.0,1.0,1.0,2.6,1,theta_011,DE/rand,fixed,1%,crowding-pruned,repair+feasible-first,2,rand2,paper,0.01,10,0.0769230769230769,5,0,0,rank,1,2.5999999999999996,1
train,syn_n200_k30_cluster_corr_heavy_tail_low_vol_r02_s20260763,60,theta_164,0.9280995325219497,0.0464527850784981,0.5494444444444445,0.0520100612685318,0.9014115346920848,3.22089332,2.5,2.5,6.5,3.5,9.0,4.8,2,theta_164,DE/rand,none,1%,crowding-pruned,repair+feasible-first,5,rand2,none,0.01,10,0.0769230769230769,5,0,0,rank,1,4.0,2
train,syn_n200_k30_cluster_corr_heavy_tail_low_vol_r02_s20260763,60,theta_170,0.9280995325219497,0.0464527850784981,0.5494444444444445,0.0520100612685318,0.9014115346920848,3.3594168200000003,2.5,2.5,6.5,3.5,11.0,5.2,4,theta_170,DE/rand,none,10%,crowding-pruned,repair+feasible-first,5,rand2,none,0.1,10,0.0769230769230769,5,0,0,rank,1,4.0,3
train,syn_n200_k30_cluster_corr_heavy_tail_low_vol_r02_s20260763,60,theta_175,0.9280995325219497,0.0464527850784981,0.5494444444444445,0.0520100612685318,0.9014115346920848,3.376928056666665,2.5,2.5,6.5,3.5,13.0,5.6,6,theta_175,DE/rand,fixed,5%,crowding-pruned,repair+feasible-first,5,rand2,paper,0.05,5,0.0769230769230769,5,0,0,rank,1,4.0,4
train,syn_n200_k30_cluster_corr_heavy_tail_low_vol_r02_s20260763,60,theta_189,0.9280995325219497,0.0464527850784981,0.5494444444444445,0.0520100612685318,0.9014115346920848,7.255168756666667,2.5,2.5,6.5,3.5,22.0,7.4,7,theta_189,DE/rand,adaptive,10%,crowding-pruned,repair+feasible-first,5,rand2,stable,0.1,20,0.0769230769230769,5,0,0,rank,1,4.0,5
train,syn_n200_k30_cluster_corr_heavy_tail_low_vol_r02_s20260763,60,theta_084,0.8979110878213181,0.0625230721191984,0.5566666666666666,0.0531544533344589,0.7957016691212954,2.5359997,7.0,7.0,3.0,7.0,2.0,5.2,3,theta_084,DE/rand,none,1%,crowding-pruned,repair+feasible-first,3,rand2,none,0.01,20,0.0769230769230769,5,0,0,rank,1,5.800000000000001,6
train,syn_n200_k30_cluster_corr_heavy_tail_low_vol_r02_s20260763,60,theta_086,0.8979110878213181,0.0625230721191984,0.5566666666666666,0.0531544533344589,0.7957016691212954,2.5685537866666666,7.0,7.0,3.0,7.0,3.0,5.4,5,theta_086,DE/rand,none,5%,crowding-pruned,repair+feasible-first,3,rand2,none,0.05,10,0.0769230769230769,5,0,0,rank,1,5.800000000000001,7
train,syn_n200_k30_cluster_corr_heavy_tail_low_vol_r02_s20260763,60,theta_089,0.8979110878213181,0.0625230721191984,0.5566666666666666,0.0531544533344589,0.7957016691212954,3.4894101366666663,7.0,7.0,3.0,7.0,19.0,8.6,8,theta_089,DE/rand,none,10%,crowding-pruned,repair+feasible-first,3,rand2,none,0.1,10,0.0769230769230769,5,0,0,rank,1,5.800000000000001,8
train,syn_n200_k30_cluster_corr_heavy_tail_low_vol_r02_s20260763,60,theta_067,0.8657027233075704,0.0789608565117947,0.2252777777777778,0.0599425629791212,0.8458472145180245,3.481321483333333,18.0,14.0,15.0,10.0,18.0,15.0,15,theta_067,mixed,fixed,5%,crowding-pruned,repair+feasible-first,2,mixed,paper,0.05,5,0.0769230769230769,5,0,0,rank,1,13.9,9
train,syn_n200_k30_cluster_corr_heavy_tail_low_vol_r02_s20260763,60,theta_076,0.8657027233075704,0.0789608565117947,0.2252777777777778,0.0599425629791212,0.8458472145180245,3.3632689300000007,18.0,14.0,15.0,10.0,12.0,13.8,10,theta_076,mixed,adaptive,5%,crowding-pruned,repair+feasible-first,2,mixed,stable,0.05,5,0.0769230769230769,5,0,0,rank,1,13.9,10
train,syn_n200_k30_cluster_corr_heavy_tail_low_vol_r02_s20260763,60,theta_078,0.8657027233075704,0.0789608565117947,0.2252777777777778,0.0599425629791212,0.8458472145180245,3.545434866666666,18.0,14.0,15.0,10.0,20.0,15.4,16,theta_078,mixed,adaptive,5%,crowding-pruned,repair+feasible-first,2,mixed,stable,0.05,20,0.0769230769230769,5,0,0,rank,1,13.9,11
train,syn_n200_k30_cluster_corr_heavy_tail_low_vol_r02_s20260763,60,theta_118,0.8758855343283446,0.0777418621467138,0.1747222222222222,0.0770820859214691,0.9376384803968028,2.7964642800000004,11.0,11.0,18.0,18.0,7.0,13.0,9,theta_118,DE/best,fixed,1%,crowding-pruned,repair+feasible-first,3,best2,paper,0.01,5,0.0769230769230769,5,0,0,rank,1,15.2,12
train,syn_n200_k30_cluster_corr_heavy_tail_low_vol_r02_s20260763,60,theta_131,0.8758855343283446,0.0777418621467138,0.1747222222222222,0.0770820859214691,0.9376384803968028,3.418445603333333,11.0,11.0,18.0,18.0,15.0,14.6,13,theta_131,DE/best,adaptive,5%,crowding-pruned,repair+feasible-first,3,best2,stable,0.05,10,0.0769230769230769,5,0,0,rank,1,15.2,13
train,syn_n200_k30_cluster_corr_heavy_tail_low_vol_r02_s20260763,60,theta_132,0.8758855343283446,0.0777418621467138,0.1747222222222222,0.0770820859214691,0.9376384803968028,3.606454059999999,11.0,11.0,18.0,18.0,21.0,15.8,17,theta_132,DE/best,adaptive,5%,crowding-pruned,repair+feasible-first,3,best2,stable,0.05,20,0.0769230769230769,5,0,0,rank,1,15.2,14
train,syn_n200_k30_cluster_corr_heavy_tail_low_vol_r02_s20260763,60,theta_200,0.8878639994963449,0.0708396028025386,0.1644444444444444,0.074570783143427,0.9983770623265618,7.367285133333334,9.0,9.0,24.0,16.0,23.0,16.2,18,theta_200,DE/best,fixed,1%,crowding-pruned,repair+feasible-first,5,best2,paper,0.01,10,0.0769230769230769,5,0,0,rank,1,15.599999999999998,15
train,syn_n200_k30_cluster_corr_heavy_tail_low_vol_r02_s20260763,60,theta_034,0.8673942113931218,0.0804741653708992,0.17,0.063644173173535,0.9207478671226816,2.5701600466666665,14.5,17.5,21.5,13.5,4.0,14.2,11,theta_034,DE/best,none,10%,crowding-pruned,repair+feasible-first,2,best2,none,0.1,5,0.0769230769230769,5,0,0,rank,1,16.900000000000002,16
train,syn_n200_k30_cluster_corr_heavy_tail_low_vol_r02_s20260763,60,theta_037,0.8673942113931218,0.0804741653708992,0.17,0.063644173173535,0.9207478671226816,2.7484092933333333,14.5,17.5,21.5,13.5,6.0,14.6,12,theta_037,DE/best,fixed,1%,crowding-pruned,repair+feasible-first,2,best2,paper,0.01,5,0.0769230769230769,5,0,0,rank,1,16.900000000000002,17
train,syn_n200_k30_cluster_corr_heavy_tail_low_vol_r02_s20260763,60,theta_045,0.8673942113931218,0.0804741653708992,0.17,0.063644173173535,0.9207478671226816,3.135000816666667,14.5,17.5,21.5,13.5,8.0,15.0,14,theta_045,DE/best,fixed,10%,crowding-pruned,repair+feasible-first,2,best2,paper,0.1,20,0.0769230769230769,5,0,0,rank,1,16.900000000000002,18
train,syn_n200_k30_cluster_corr_heavy_tail_low_vol_r02_s20260763,60,theta_047,0.8673942113931218,0.0804741653708992,0.17,0.063644173173535,0.9207478671226816,3.4713447766666667,14.5,17.5,21.5,13.5,17.0,16.8,19,theta_047,DE/best,adaptive,1%,crowding-pruned,repair+feasible-first,2,best2,stable,0.01,10,0.0769230769230769,5,0,0,rank,1,16.900000000000002,19
train,syn_n200_k30_cluster_corr_heavy_tail_low_vol_r02_s20260763,60,theta_223,0.8582105326825357,0.0844795147328189,0.2344444444444444,0.083799629255136,0.826714549517287,7.420305936666668,21.0,21.0,12.0,21.0,24.0,19.8,24,theta_223,mixed,none,10%,crowding-pruned,repair+feasible-first,5,mixed,none,0.1,5,0.0769230769230769,5,0,0,rank,1,18.3,20
train,syn_n200_k30_cluster_corr_heavy_tail_low_vol_r02_s20260763,60,theta_234,0.8582105326825357,0.0844795147328189,0.2344444444444444,0.083799629255136,0.826714549517287,3.334550243333333,21.0,21.0,12.0,21.0,10.0,17.0,21,theta_234,mixed,fixed,10%,crowding-pruned,repair+feasible-first,5,mixed,paper,0.1,20,0.0769230769230769,5,0,0,rank,1,18.3,21
train,syn_n200_k30_cluster_corr_heavy_tail_low_vol_r02_s20260763,60,theta_237,0.8582105326825357,0.0844795147328189,0.2344444444444444,0.083799629255136,0.826714549517287,3.4487285533333334,21.0,21.0,12.0,21.0,16.0,18.2,22,theta_237,mixed,adaptive,1%,crowding-pruned,repair+feasible-first,5,mixed,stable,0.01,20,0.0769230769230769,5,0,0,rank,1,18.3,22
train,syn_n200_k30_cluster_corr_heavy_tail_low_vol_r02_s20260763,60,theta_144,0.8210210970614022,0.1059196996827625,0.2466666666666666,0.0889958570899418,0.7214664546768927,2.604539153333333,23.5,23.5,9.5,23.5,5.0,17.0,20,theta_144,mixed,none,10%,crowding-pruned,repair+feasible-first,3,mixed,none,0.1,20,0.0769230769230769,5,0,0,rank,1,19.3,23
train,syn_n200_k30_cluster_corr_heavy_tail_low_vol_r02_s20260763,60,theta_159,0.8210210970614022,0.1059196996827625,0.2466666666666666,0.0889958570899418,0.7214664546768927,3.390629846666666,23.5,23.5,9.5,23.5,14.0,18.8,23,theta_159,mixed,adaptive,5%,crowding-pruned,repair+feasible-first,3,mixed,stable,0.05,20,0.0769230769230769,5,0,0,rank,1,19.3,24
train,syn_n200_k30_cluster_corr_skewed_high_vol_r01_s20260765,60,theta_164,0.9556381082927968,0.0492865681721365,0.6347222222222223,0.035476373859592,0.7038964199207075,3.1717481200000006,2.5,2.5,2.5,3.5,8.0,3.8,1,theta_164,DE/rand,none,1%,crowding-pruned,repair+feasible-first,5,rand2,none,0.01,10,0.0769230769230769,5,0,0,rank,1,2.8,1
train,syn_n200_k30_cluster_corr_skewed_high_vol_r01_s20260765,60,theta_170,0.9556381082927968,0.0492865681721365,0.6347222222222223,0.035476373859592,0.7038964199207075,3.5484452300000004,2.5,2.5,2.5,3.5,20.0,6.2,5,theta_170,DE/rand,none,10%,crowding-pruned,repair+feasible-first,5,rand2,none,0.1,10,0.0769230769230769,5,0,0,rank,1,2.8,2
train,syn_n200_k30_cluster_corr_skewed_high_vol_r01_s20260765,60,theta_175,0.9556381082927968,0.0492865681721365,0.6347222222222223,0.035476373859592,0.7038964199207075,3.335091983333333,2.5,2.5,2.5,3.5,11.0,4.4,2,theta_175,DE/rand,fixed,5%,crowding-pruned,repair+feasible-first,5,rand2,paper,0.05,5,0.0769230769230769,5,0,0,rank,1,2.8,3
train,syn_n200_k30_cluster_corr_skewed_high_vol_r01_s20260765,60,theta_189,0.9556381082927968,0.0492865681721365,0.6347222222222223,0.035476373859592,0.7038964199207075,7.134622770000001,2.5,2.5,2.5,3.5,22.0,6.6,7,theta_189,DE/rand,adaptive,10%,crowding-pruned,repair+feasible-first,5,rand2,stable,0.1,20,0.0769230769230769,5,0,0,rank,1,2.8,4
train,syn_n200_k30_cluster_corr_skewed_high_vol_r01_s20260765,60,theta_011,0.9477539123890608,0.0522016046094971,0.6241666666666669,0.0281465780602868,0.6750150370448403,1.7233775166666665,8.0,8.0,5.0,1.0,1.0,4.6,3,theta_011,DE/rand,fixed,1%,crowding-pruned,repair+feasible-first,2,rand2,paper,0.01,10,0.0769230769230769,5,0,0,rank,1,5.0,5
train,syn_n200_k30_cluster_corr_skewed_high_vol_r01_s20260765,60,theta_084,0.9518745276690068,0.0502242798837087,0.6133333333333333,0.0372729685292534,0.7063639183736254,3.104583103333333,6.0,6.0,7.0,7.0,6.0,6.4,6,theta_084,DE/rand,none,1%,crowding-pruned,repair+feasible-first,3,rand2,none,0.01,20,0.0769230769230769,5,0,0,rank,1,6.6,6
train,syn_n200_k30_cluster_corr_skewed_high_vol_r01_s20260765,60,theta_086,0.9518745276690068,0.0502242798837087,0.6133333333333333,0.0372729685292534,0.7063639183736254,2.5347852733333336,6.0,6.0,7.0,7.0,3.0,5.8,4,theta_086,DE/rand,none,5%,crowding-pruned,repair+feasible-first,3,rand2,none,0.05,10,0.0769230769230769,5,0,0,rank,1,6.6,7
train,syn_n200_k30_cluster_corr_skewed_high_vol_r01_s20260765,60,theta_089,0.9518745276690068,0.0502242798837087,0.6133333333333333,0.0372729685292534,0.7063639183736254,3.3972066266666667,6.0,6.0,7.0,7.0,14.0,8.0,8,theta_089,DE/rand,none,10%,crowding-pruned,repair+feasible-first,3,rand2,none,0.1,10,0.0769230769230769,5,0,0,rank,1,6.6,8
train,syn_n200_k30_cluster_corr_skewed_high_vol_r01_s20260765,60,theta_223,0.9258450656416976,0.06939370447461,0.3977777777777778,0.0653696140663817,0.7765424215624883,7.928584523333333,10.0,10.0,10.0,15.0,24.0,13.8,12,theta_223,mixed,none,10%,crowding-pruned,repair+feasible-first,5,mixed,none,0.1,5,0.0769230769230769,5,0,0,rank,1,11.5,9
train,syn_n200_k30_cluster_corr_skewed_high_vol_r01_s20260765,60,theta_234,0.9258450656416976,0.06939370447461,0.3977777777777778,0.0653696140663817,0.7765424215624883,3.1090708400000007,10.0,10.0,10.0,15.0,7.0,10.4,9,theta_234,mixed,fixed,10%,crowding-pruned,repair+feasible-first,5,mixed,paper,0.1,20,0.0769230769230769,5,0,0,rank,1,11.5,10
train,syn_n200_k30_cluster_corr_skewed_high_vol_r01_s20260765,60,theta_237,0.9258450656416976,0.06939370447461,0.3977777777777778,0.0653696140663817,0.7765424215624883,3.369613903333333,10.0,10.0,10.0,15.0,13.0,11.6,10,theta_237,mixed,adaptive,1%,crowding-pruned,repair+feasible-first,5,mixed,stable,0.01,20,0.0769230769230769,5,0,0,rank,1,11.5,11
train,syn_n200_k30_cluster_corr_skewed_high_vol_r01_s20260765,60,theta_067,0.9127429986415432,0.0746777954781339,0.3258333333333333,0.0550866061856252,0.7446593258414756,3.3539315366666664,21.0,13.0,15.0,10.0,12.0,14.2,13,theta_067,mixed,fixed,5%,crowding-pruned,repair+feasible-first,2,mixed,paper,0.05,5,0.0769230769230769,5,0,0,rank,1,14.3,12
train,syn_n200_k30_cluster_corr_skewed_high_vol_r01_s20260765,60,theta_076,0.9127429986415432,0.0746777954781339,0.3258333333333333,0.0550866061856252,0.7446593258414756,3.4472669033333334,21.0,13.0,15.0,10.0,16.0,15.0,16,theta_076,mixed,adaptive,5%,crowding-pruned,repair+feasible-first,2,mixed,stable,0.05,5,0.0769230769230769,5,0,0,rank,1,14.3,13
train,syn_n200_k30_cluster_corr_skewed_high_vol_r01_s20260765,60,theta_078,0.9127429986415432,0.0746777954781339,0.3258333333333333,0.0550866061856252,0.7446593258414756,3.4064646666666665,21.0,13.0,15.0,10.0,15.0,14.8,15,theta_078,mixed,adaptive,5%,crowding-pruned,repair+feasible-first,2,mixed,stable,0.05,20,0.0769230769230769,5,0,0,rank,1,14.3,14
train,syn_n200_k30_cluster_corr_skewed_high_vol_r01_s20260765,60,theta_144,0.9113781315035928,0.0761166852665019,0.3894444444444444,0.0604582525433382,0.7751288275278045,2.657671516666667,23.5,15.5,12.5,12.5,4.0,13.6,11,theta_144,mixed,none,10%,crowding-pruned,repair+feasible-first,3,mixed,none,0.1,20,0.0769230769230769,5,0,0,rank,1,15.3,15
train,syn_n200_k30_cluster_corr_skewed_high_vol_r01_s20260765,60,theta_159,0.9113781315035928,0.0761166852665019,0.3894444444444444,0.0604582525433382,0.7751288275278045,3.218254336666667,23.5,15.5,12.5,12.5,9.0,14.6,14,theta_159,mixed,adaptive,5%,crowding-pruned,repair+feasible-first,3,mixed,stable,0.05,20,0.0769230769230769,5,0,0,rank,1,15.3,16
train,syn_n200_k30_cluster_corr_skewed_high_vol_r01_s20260765,60,theta_118,0.9218698330553942,0.0764878400877232,0.2366666666666667,0.067488801238102,0.8261027653322398,3.539875456666668,14.0,18.0,18.0,18.0,19.0,17.4,20,theta_118,DE/best,fixed,1%,crowding-pruned,repair+feasible-first,3,best2,paper,0.01,5,0.0769230769230769,5,0,0,rank,1,17.2,17
train,syn_n200_k30_cluster_corr_skewed_high_vol_r01_s20260765,60,theta_131,0.9218698330553942,0.0764878400877232,0.2366666666666667,0.067488801238102,0.8261027653322398,3.4763923266666668,14.0,18.0,18.0,18.0,17.0,17.0,19,theta_131,DE/best,adaptive,5%,crowding-pruned,repair+feasible-first,3,best2,stable,0.05,10,0.0769230769230769,5,0,0,rank,1,17.2,18
train,syn_n200_k30_cluster_corr_skewed_high_vol_r01_s20260765,60,theta_132,0.9218698330553942,0.0764878400877232,0.2366666666666667,0.067488801238102,0.8261027653322398,3.2931341166666663,14.0,18.0,18.0,18.0,10.0,15.6,17,theta_132,DE/best,adaptive,5%,crowding-pruned,repair+feasible-first,3,best2,stable,0.05,20,0.0769230769230769,5,0,0,rank,1,17.2,19
train,syn_n200_k30_cluster_corr_skewed_high_vol_r01_s20260765,60,theta_200,0.925290921830588,0.0833521895706943,0.2297222222222222,0.0902786603553478,0.924481649226708,7.198289563333333,12.0,24.0,20.0,24.0,23.0,20.6,23,theta_200,DE/best,fixed,1%,crowding-pruned,repair+feasible-first,5,best2,paper,0.01,10,0.0769230769230769,5,0,0,rank,1,20.4,20
train,syn_n200_k30_cluster_corr_skewed_high_vol_r01_s20260765,60,theta_034,0.9153187412796472,0.0825774465764601,0.2219444444444444,0.0687878991623297,0.868448690403252,2.5064217266666664,17.5,21.5,22.5,21.5,2.0,17.0,18,theta_034,DE/best,none,10%,crowding-pruned,repair+feasible-first,2,best2,none,0.1,5,0.0769230769230769,5,0,0,rank,1,21.0,21
train,syn_n200_k30_cluster_corr_skewed_high_vol_r01_s20260765,60,theta_037,0.9153187412796472,0.0825774465764601,0.2219444444444444,0.0687878991623297,0.868448690403252,4.8185853100000005,17.5,21.5,22.5,21.5,21.0,20.8,24,theta_037,DE/best,fixed,1%,crowding-pruned,repair+feasible-first,2,best2,paper,0.01,5,0.0769230769230769,5,0,0,rank,1,21.0,22
train,syn_n200_k30_cluster_corr_skewed_high_vol_r01_s20260765,60,theta_045,0.9153187412796472,0.0825774465764601,0.2219444444444444,0.0687878991623297,0.868448690403252,2.9527777433333338,17.5,21.5,22.5,21.5,5.0,17.6,21,theta_045,DE/best,fixed,10%,crowding-pruned,repair+feasible-first,2,best2,paper,0.1,20,0.0769230769230769,5,0,0,rank,1,21.0,23
train,syn_n200_k30_cluster_corr_skewed_high_vol_r01_s20260765,60,theta_047,0.9153187412796472,0.0825774465764601,0.2219444444444444,0.0687878991623297,0.868448690403252,3.5311620000000006,17.5,21.5,22.5,21.5,18.0,20.2,22,theta_047,DE/best,adaptive,1%,crowding-pruned,repair+feasible-first,2,best2,stable,0.01,10,0.0769230769230769,5,0,0,rank,1,21.0,24
train,syn_n200_k30_high_corr_heavy_tail_extreme_events_r01_s20260761,60,theta_164,0.912480172242941,0.0411160783277505,0.6477777777777778,0.0711580194273411,0.9812574704981052,3.2796281599999992,2.5,2.5,2.5,2.5,7.0,3.4,1,theta_164,DE/rand,none,1%,crowding-pruned,repair+feasible-first,5,rand2,none,0.01,10,0.0769230769230769,5,0,0,rank,1,2.5,1
train,syn_n200_k30_high_corr_heavy_tail_extreme_events_r01_s20260761,60,theta_170,0.912480172242941,0.0411160783277505,0.6477777777777778,0.0711580194273411,0.9812574704981052,3.3100969799999995,2.5,2.5,2.5,2.5,9.0,3.8,2,theta_170,DE/rand,none,10%,crowding-pruned,repair+feasible-first,5,rand2,none,0.1,10,0.0769230769230769,5,0,0,rank,1,2.5,2
train,syn_n200_k30_high_corr_heavy_tail_extreme_events_r01_s20260761,60,theta_175,0.912480172242941,0.0411160783277505,0.6477777777777778,0.0711580194273411,0.9812574704981052,3.4101329866666665,2.5,2.5,2.5,2.5,13.0,4.6,3,theta_175,DE/rand,fixed,5%,crowding-pruned,repair+feasible-first,5,rand2,paper,0.05,5,0.0769230769230769,5,0,0,rank,1,2.5,3
train,syn_n200_k30_high_corr_heavy_tail_extreme_events_r01_s20260761,60,theta_189,0.912480172242941,0.0411160783277505,0.6477777777777778,0.0711580194273411,0.9812574704981052,7.430526043333332,2.5,2.5,2.5,2.5,23.0,6.6,7,theta_189,DE/rand,adaptive,10%,crowding-pruned,repair+feasible-first,5,rand2,stable,0.1,20,0.0769230769230769,5,0,0,rank,1,2.5,4
train,syn_n200_k30_high_corr_heavy_tail_extreme_events_r01_s20260761,60,theta_084,0.907609888803148,0.0450642782270403,0.6177777777777779,0.0846166429121857,0.940433483726394,3.247479576666666,6.0,6.0,6.0,7.0,6.0,6.2,6,theta_084,DE/rand,none,1%,crowding-pruned,repair+feasible-first,3,rand2,none,0.01,20,0.0769230769230769,5,0,0,rank,1,6.300000000000001,5
train,syn_n200_k30_high_corr_heavy_tail_extreme_events_r01_s20260761,60,theta_086,0.907609888803148,0.0450642782270403,0.6177777777777779,0.0846166429121857,0.940433483726394,2.563127293333333,6.0,6.0,6.0,7.0,4.0,5.8,4,theta_086,DE/rand,none,5%,crowding-pruned,repair+feasible-first,3,rand2,none,0.05,10,0.0769230769230769,5,0,0,rank,1,6.300000000000001,6
train,syn_n200_k30_high_corr_heavy_tail_extreme_events_r01_s20260761,60,theta_089,0.907609888803148,0.0450642782270403,0.6177777777777779,0.0846166429121857,0.940433483726394,3.3414447533333336,6.0,6.0,6.0,7.0,10.0,7.0,8,theta_089,DE/rand,none,10%,crowding-pruned,repair+feasible-first,3,rand2,none,0.1,10,0.0769230769230769,5,0,0,rank,1,6.300000000000001,7
train,syn_n200_k30_high_corr_heavy_tail_extreme_events_r01_s20260761,60,theta_011,0.9000192524787507,0.0515110020695984,0.5383333333333333,0.0731412729595066,0.8981569012802616,1.76630493,8.0,8.0,8.0,5.0,1.0,6.0,5,theta_011,DE/rand,fixed,1%,crowding-pruned,repair+feasible-first,2,rand2,paper,0.01,10,0.0769230769230769,5,0,0,rank,1,7.1,8
train,syn_n200_k30_high_corr_heavy_tail_extreme_events_r01_s20260761,60,theta_067,0.8971189706681624,0.054138517132302,0.4163888888888888,0.1055545514827677,1.0049324487081266,3.3796928766666667,10.0,10.0,10.0,15.0,12.0,11.4,10,theta_067,mixed,fixed,5%,crowding-pruned,repair+feasible-first,2,mixed,paper,0.05,5,0.0769230769230769,5,0,0,rank,1,11.5,9
train,syn_n200_k30_high_corr_heavy_tail_extreme_events_r01_s20260761,60,theta_076,0.8971189706681624,0.054138517132302,0.4163888888888888,0.1055545514827677,1.0049324487081266,3.543966063333333,10.0,10.0,10.0,15.0,16.0,12.2,12,theta_076,mixed,adaptive,5%,crowding-pruned,repair+feasible-first,2,mixed,stable,0.05,5,0.0769230769230769,5,0,0,rank,1,11.5,10
train,syn_n200_k30_high_corr_heavy_tail_extreme_events_r01_s20260761,60,theta_078,0.8971189706681624,0.054138517132302,0.4163888888888888,0.1055545514827677,1.0049324487081266,3.5576157900000007,10.0,10.0,10.0,15.0,17.0,12.4,13,theta_078,mixed,adaptive,5%,crowding-pruned,repair+feasible-first,2,mixed,stable,0.05,20,0.0769230769230769,5,0,0,rank,1,11.5,11
train,syn_n200_k30_high_corr_heavy_tail_extreme_events_r01_s20260761,60,theta_144,0.8826050221133578,0.0628808964407381,0.2616666666666666,0.0858085920880309,0.958420527472726,2.5317288733333334,12.5,12.5,15.5,9.5,2.0,10.4,9,theta_144,mixed,none,10%,crowding-pruned,repair+feasible-first,3,mixed,none,0.1,20,0.0769230769230769,5,0,0,rank,1,12.499999999999998,12
train,syn_n200_k30_high_corr_heavy_tail_extreme_events_r01_s20260761,60,theta_159,0.8826050221133578,0.0628808964407381,0.2616666666666666,0.0858085920880309,0.958420527472726,3.3043025066666663,12.5,12.5,15.5,9.5,8.0,11.6,11,theta_159,mixed,adaptive,5%,crowding-pruned,repair+feasible-first,3,mixed,stable,0.05,20,0.0769230769230769,5,0,0,rank,1,12.499999999999998,13
train,syn_n200_k30_high_corr_heavy_tail_extreme_events_r01_s20260761,60,theta_223,0.8761845285905171,0.0724110749115048,0.3686111111111111,0.1018405288274499,0.9230597635295472,7.993412940000001,15.0,16.0,13.0,12.0,24.0,16.0,16,theta_223,mixed,none,10%,crowding-pruned,repair+feasible-first,5,mixed,none,0.1,5,0.0769230769230769,5,0,0,rank,1,13.7,14
train,syn_n200_k30_high_corr_heavy_tail_extreme_events_r01_s20260761,60,theta_234,0.8761845285905171,0.0724110749115048,0.3686111111111111,0.1018405288274499,0.9230597635295472,3.574587626666666,15.0,16.0,13.0,12.0,18.0,14.8,15,theta_234,mixed,fixed,10%,crowding-pruned,repair+feasible-first,5,mixed,paper,0.1,20,0.0769230769230769,5,0,0,rank,1,13.7,15
train,syn_n200_k30_high_corr_heavy_tail_extreme_events_r01_s20260761,60,theta_237,0.8761845285905171,0.0724110749115048,0.3686111111111111,0.1018405288274499,0.9230597635295472,3.3723594566666666,15.0,16.0,13.0,12.0,11.0,13.4,14,theta_237,mixed,adaptive,1%,crowding-pruned,repair+feasible-first,5,mixed,stable,0.01,20,0.0769230769230769,5,0,0,rank,1,13.7,16
train,syn_n200_k30_high_corr_heavy_tail_extreme_events_r01_s20260761,60,theta_200,0.8698919456029165,0.07049366879885,0.2555555555555556,0.1066143680160399,1.051884805206169,7.411088403333334,17.0,14.0,17.0,17.0,22.0,17.4,18,theta_200,DE/best,fixed,1%,crowding-pruned,repair+feasible-first,5,best2,paper,0.01,10,0.0769230769230769,5,0,0,rank,1,16.4,17
train,syn_n200_k30_high_corr_heavy_tail_extreme_events_r01_s20260761,60,theta_034,0.8458397247522443,0.0852752535305541,0.1369444444444444,0.1087399226628789,1.0291605958326424,2.541891993333333,22.5,22.5,19.5,19.5,3.0,17.4,17,theta_034,DE/best,none,10%,crowding-pruned,repair+feasible-first,2,best2,none,0.1,5,0.0769230769230769,5,0,0,rank,1,20.7,18
train,syn_n200_k30_high_corr_heavy_tail_extreme_events_r01_s20260761,60,theta_037,0.8458397247522443,0.0852752535305541,0.1369444444444444,0.1087399226628789,1.0291605958326424,4.249479140000001,22.5,22.5,19.5,19.5,21.0,21.0,24,theta_037,DE/best,fixed,1%,crowding-pruned,repair+feasible-first,2,best2,paper,0.01,5,0.0769230769230769,5,0,0,rank,1,20.7,19
train,syn_n200_k30_high_corr_heavy_tail_extreme_events_r01_s20260761,60,theta_045,0.8458397247522443,0.0852752535305541,0.1369444444444444,0.1087399226628789,1.0291605958326424,3.072401416666666,22.5,22.5,19.5,19.5,5.0,17.8,19,theta_045,DE/best,fixed,10%,crowding-pruned,repair+feasible-first,2,best2,paper,0.1,20,0.0769230769230769,5,0,0,rank,1,20.7,20
train,syn_n200_k30_high_corr_heavy_tail_extreme_events_r01_s20260761,60,theta_047,0.8458397247522443,0.0852752535305541,0.1369444444444444,0.1087399226628789,1.0291605958326424,3.69080933,22.5,22.5,19.5,19.5,20.0,20.8,23,theta_047,DE/best,adaptive,1%,crowding-pruned,repair+feasible-first,2,best2,stable,0.01,10,0.0769230769230769,5,0,0,rank,1,20.7,21
train,syn_n200_k30_high_corr_heavy_tail_extreme_events_r01_s20260761,60,theta_118,0.8528621987836508,0.0833327216262653,0.0713888888888888,0.1119596215226844,1.039501725379655,3.6016224333333327,19.0,19.0,23.0,23.0,19.0,20.6,22,theta_118,DE/best,fixed,1%,crowding-pruned,repair+feasible-first,3,best2,paper,0.01,5,0.0769230769230769,5,0,0,rank,1,21.4,22
train,syn_n200_k30_high_corr_heavy_tail_extreme_events_r01_s20260761,60,theta_131,0.8528621987836508,0.0833327216262653,0.0713888888888888,0.1119596215226844,1.039501725379655,3.4813442866666664,19.0,19.0,23.0,23.0,14.0,19.6,20,theta_131,DE/best,adaptive,5%,crowding-pruned,repair+feasible-first,3,best2,stable,0.05,10,0.0769230769230769,5,0,0,rank,1,21.4,23
train,syn_n200_k30_high_corr_heavy_tail_extreme_events_r01_s20260761,60,theta_132,0.8528621987836508,0.0833327216262653,0.0713888888888888,0.1119596215226844,1.039501725379655,3.4998992466666663,19.0,19.0,23.0,23.0,15.0,19.8,21,theta_132,DE/best,adaptive,5%,crowding-pruned,repair+feasible-first,3,best2,stable,0.05,20,0.0769230769230769,5,0,0,rank,1,21.4,24
train,syn_n200_k30_high_corr_mixed_high_vol_r02_s20260760,60,theta_084,1.036874192518872,0.0533475784989647,0.3877777777777778,0.0395635347959445,0.5461261846187558,3.0651996033333333,2.0,2.0,2.0,2.0,6.0,2.8,2,theta_084,DE/rand,none,1%,crowding-pruned,repair+feasible-first,3,rand2,none,0.01,20,0.0769230769230769,5,0,0,rank,1,2.0,1
train,syn_n200_k30_high_corr_mixed_high_vol_r02_s20260760,60,theta_086,1.036874192518872,0.0533475784989647,0.3877777777777778,0.0395635347959445,0.5461261846187558,2.4289482466666668,2.0,2.0,2.0,2.0,3.0,2.2,1,theta_086,DE/rand,none,5%,crowding-pruned,repair+feasible-first,3,rand2,none,0.05,10,0.0769230769230769,5,0,0,rank,1,2.0,2
train,syn_n200_k30_high_corr_mixed_high_vol_r02_s20260760,60,theta_089,1.036874192518872,0.0533475784989647,0.3877777777777778,0.0395635347959445,0.5461261846187558,3.23800824,2.0,2.0,2.0,2.0,10.0,3.6,3,theta_089,DE/rand,none,10%,crowding-pruned,repair+feasible-first,3,rand2,none,0.1,10,0.0769230769230769,5,0,0,rank,1,2.0,3
train,syn_n200_k30_high_corr_mixed_high_vol_r02_s20260760,60,theta_164,1.0315728408893718,0.0572002824900783,0.3227777777777778,0.0540447955615842,0.5935000852549664,3.1148432400000003,5.5,5.5,5.5,5.5,7.0,5.8,4,theta_164,DE/rand,none,1%,crowding-pruned,repair+feasible-first,5,rand2,none,0.01,10,0.0769230769230769,5,0,0,rank,1,5.5,4
train,syn_n200_k30_high_corr_mixed_high_vol_r02_s20260760,60,theta_170,1.0315728408893718,0.0572002824900783,0.3227777777777778,0.0540447955615842,0.5935000852549664,3.285996703333333,5.5,5.5,5.5,5.5,12.0,6.8,5,theta_170,DE/rand,none,10%,crowding-pruned,repair+feasible-first,5,rand2,none,0.1,10,0.0769230769230769,5,0,0,rank,1,5.5,5
train,syn_n200_k30_high_corr_mixed_high_vol_r02_s20260760,60,theta_175,1.0315728408893718,0.0572002824900783,0.3227777777777778,0.0540447955615842,0.5935000852549664,3.3231165733333325,5.5,5.5,5.5,5.5,14.0,7.2,6,theta_175,DE/rand,fixed,5%,crowding-pruned,repair+feasible-first,5,rand2,paper,0.05,5,0.0769230769230769,5,0,0,rank,1,5.5,6
train,syn_n200_k30_high_corr_mixed_high_vol_r02_s20260760,60,theta_189,1.0315728408893718,0.0572002824900783,0.3227777777777778,0.0540447955615842,0.5935000852549664,6.933298493333334,5.5,5.5,5.5,5.5,21.0,8.6,8,theta_189,DE/rand,adaptive,10%,crowding-pruned,repair+feasible-first,5,rand2,stable,0.1,20,0.0769230769230769,5,0,0,rank,1,5.5,7
train,syn_n200_k30_high_corr_mixed_high_vol_r02_s20260760,60,theta_011,1.024342404127991,0.0654143499685139,0.205,0.0597914401083612,0.5591768473028044,1.6370112966666668,11.0,8.0,11.0,8.0,1.0,7.8,7,theta_011,DE/rand,fixed,1%,crowding-pruned,repair+feasible-first,2,rand2,paper,0.01,10,0.0769230769230769,5,0,0,rank,1,9.5,8
train,syn_n200_k30_high_corr_mixed_high_vol_r02_s20260760,60,theta_223,1.010854460600001,0.0834988881624532,0.0927777777777777,0.081701998556932,0.7771990693835296,7.794345513333332,13.0,13.0,13.0,10.0,24.0,14.6,16,theta_223,mixed,none,10%,crowding-pruned,repair+feasible-first,5,mixed,none,0.1,5,0.0769230769230769,5,0,0,rank,1,12.1,9
train,syn_n200_k30_high_corr_mixed_high_vol_r02_s20260760,60,theta_234,1.010854460600001,0.0834988881624532,0.0927777777777777,0.081701998556932,0.7771990693835296,7.515510676666667,13.0,13.0,13.0,10.0,23.0,14.4,15,theta_234,mixed,fixed,10%,crowding-pruned,repair+feasible-first,5,mixed,paper,0.1,20,0.0769230769230769,5,0,0,rank,1,12.1,10
train,syn_n200_k30_high_corr_mixed_high_vol_r02_s20260760,60,theta_237,1.010854460600001,0.0834988881624532,0.0927777777777777,0.081701998556932,0.7771990693835296,3.314204556666667,13.0,13.0,13.0,10.0,13.0,12.4,10,theta_237,mixed,adaptive,1%,crowding-pruned,repair+feasible-first,5,mixed,stable,0.01,20,0.0769230769230769,5,0,0,rank,1,12.1,11
train,syn_n200_k30_high_corr_mixed_high_vol_r02_s20260760,60,theta_067,1.0284376149679453,0.0674322989994306,0.2211111111111111,0.0879876797797306,0.7455601417022957,3.3315919066666666,9.0,10.0,9.0,22.0,15.0,13.0,12,theta_067,mixed,fixed,5%,crowding-pruned,repair+feasible-first,2,mixed,paper,0.05,5,0.0769230769230769,5,0,0,rank,1,13.1,12
train,syn_n200_k30_high_corr_mixed_high_vol_r02_s20260760,60,theta_076,1.0284376149679453,0.0674322989994306,0.2211111111111111,0.0879876797797306,0.7455601417022957,3.2750025433333336,9.0,10.0,9.0,22.0,11.0,12.2,9,theta_076,mixed,adaptive,5%,crowding-pruned,repair+feasible-first,2,mixed,stable,0.05,5,0.0769230769230769,5,0,0,rank,1,13.1,13
train,syn_n200_k30_high_corr_mixed_high_vol_r02_s20260760,60,theta_078,1.0284376149679453,0.0674322989994306,0.2211111111111111,0.0879876797797306,0.7455601417022957,3.4012582633333333,9.0,10.0,9.0,22.0,18.0,13.6,14,theta_078,mixed,adaptive,5%,crowding-pruned,repair+feasible-first,2,mixed,stable,0.05,20,0.0769230769230769,5,0,0,rank,1,13.1,14
train,syn_n200_k30_high_corr_mixed_high_vol_r02_s20260760,60,theta_144,0.9968401233303844,0.088962369386749,0.0891666666666666,0.0835781244610833,0.7070189174631349,2.63783918,15.5,15.5,15.5,12.5,4.0,12.6,11,theta_144,mixed,none,10%,crowding-pruned,repair+feasible-first,3,mixed,none,0.1,20,0.0769230769230769,5,0,0,rank,1,14.6,15
train,syn_n200_k30_high_corr_mixed_high_vol_r02_s20260760,60,theta_159,0.9968401233303844,0.088962369386749,0.0891666666666666,0.0835781244610833,0.7070189174631349,3.1777192666666667,15.5,15.5,15.5,12.5,8.0,13.4,13,theta_159,mixed,adaptive,5%,crowding-pruned,repair+feasible-first,3,mixed,stable,0.05,20,0.0769230769230769,5,0,0,rank,1,14.6,16
train,syn_n200_k30_high_corr_mixed_high_vol_r02_s20260760,60,theta_034,0.9912558028768784,0.0995349293019387,0.0788888888888888,0.0842113858119323,0.8142269858802903,2.4237722133333333,19.5,18.5,19.5,15.5,2.0,15.0,17,theta_034,DE/best,none,10%,crowding-pruned,repair+feasible-first,2,best2,none,0.1,5,0.0769230769230769,5,0,0,rank,1,18.099999999999998,17
train,syn_n200_k30_high_corr_mixed_high_vol_r02_s20260760,60,theta_037,0.9912558028768784,0.0995349293019387,0.0788888888888888,0.0842113858119323,0.8142269858802903,4.3784052,19.5,18.5,19.5,15.5,20.0,18.6,20,theta_037,DE/best,fixed,1%,crowding-pruned,repair+feasible-first,2,best2,paper,0.01,5,0.0769230769230769,5,0,0,rank,1,18.099999999999998,18
train,syn_n200_k30_high_corr_mixed_high_vol_r02_s20260760,60,theta_045,0.9912558028768784,0.0995349293019387,0.0788888888888888,0.0842113858119323,0.8142269858802903,2.9479373533333333,19.5,18.5,19.5,15.5,5.0,15.6,18,theta_045,DE/best,fixed,10%,crowding-pruned,repair+feasible-first,2,best2,paper,0.1,20,0.0769230769230769,5,0,0,rank,1,18.099999999999998,19
train,syn_n200_k30_high_corr_mixed_high_vol_r02_s20260760,60,theta_047,0.9912558028768784,0.0995349293019387,0.0788888888888888,0.0842113858119323,0.8142269858802903,3.5421504466666667,19.5,18.5,19.5,15.5,19.0,18.4,19,theta_047,DE/best,adaptive,1%,crowding-pruned,repair+feasible-first,2,best2,stable,0.01,10,0.0769230769230769,5,0,0,rank,1,18.099999999999998,20
train,syn_n200_k30_high_corr_mixed_high_vol_r02_s20260760,60,theta_200,0.9951946834725612,0.1008687690748796,0.0855555555555555,0.0957847062808476,0.9105749242066016,7.037676436666667,17.0,21.0,17.0,24.0,22.0,20.2,22,theta_200,DE/best,fixed,1%,crowding-pruned,repair+feasible-first,5,best2,paper,0.01,10,0.0769230769230769,5,0,0,rank,1,19.9,21
train,syn_n200_k30_high_corr_mixed_high_vol_r02_s20260760,60,theta_118,0.9800405606049012,0.1042409877469982,0.0563888888888888,0.087306808437144,0.8235291797379105,3.372691813333333,23.0,23.0,23.0,19.0,16.0,20.8,23,theta_118,DE/best,fixed,1%,crowding-pruned,repair+feasible-first,3,best2,paper,0.01,5,0.0769230769230769,5,0,0,rank,1,21.8,22
train,syn_n200_k30_high_corr_mixed_high_vol_r02_s20260760,60,theta_131,0.9800405606049012,0.1042409877469982,0.0563888888888888,0.087306808437144,0.8235291797379105,3.230294733333333,23.0,23.0,23.0,19.0,9.0,19.4,21,theta_131,DE/best,adaptive,5%,crowding-pruned,repair+feasible-first,3,best2,stable,0.05,10,0.0769230769230769,5,0,0,rank,1,21.8,23
train,syn_n200_k30_high_corr_mixed_high_vol_r02_s20260760,60,theta_132,0.9800405606049012,0.1042409877469982,0.0563888888888888,0.087306808437144,0.8235291797379105,3.3752802799999992,23.0,23.0,23.0,19.0,17.0,21.0,24,theta_132,DE/best,adaptive,5%,crowding-pruned,repair+feasible-first,3,best2,stable,0.05,20,0.0769230769230769,5,0,0,rank,1,21.8,24
train,syn_n200_k30_low_corr_normal_low_vol_r01_s20260762,60,theta_011,0.8725086432741858,0.1112472034016043,0.4429824561403509,0.0366059731399669,0.5142649559287598,1.6448229533333334,8.0,8.0,6.0,4.0,1.0,5.4,2,theta_011,DE/rand,fixed,1%,crowding-pruned,repair+feasible-first,2,rand2,paper,0.01,10,0.0769230769230769,5,0,0,rank,1,6.2,1
train,syn_n200_k30_low_corr_normal_low_vol_r01_s20260762,60,theta_084,0.909955819448934,0.0986839237525839,0.460233918128655,0.050660586348843,0.5673666062938156,2.93957434,2.0,2.0,4.0,15.0,6.0,5.8,3,theta_084,DE/rand,none,1%,crowding-pruned,repair+feasible-first,3,rand2,none,0.01,20,0.0769230769230769,5,0,0,rank,1,6.5,2
train,syn_n200_k30_low_corr_normal_low_vol_r01_s20260762,60,theta_086,0.909955819448934,0.0986839237525839,0.460233918128655,0.050660586348843,0.5673666062938156,2.47645633,2.0,2.0,4.0,15.0,3.0,5.2,1,theta_086,DE/rand,none,5%,crowding-pruned,repair+feasible-first,3,rand2,none,0.05,10,0.0769230769230769,5,0,0,rank,1,6.5,3
train,syn_n200_k30_low_corr_normal_low_vol_r01_s20260762,60,theta_089,0.909955819448934,0.0986839237525839,0.460233918128655,0.050660586348843,0.5673666062938156,3.2200375866666664,2.0,2.0,4.0,15.0,17.0,8.0,5,theta_089,DE/rand,none,10%,crowding-pruned,repair+feasible-first,3,rand2,none,0.1,10,0.0769230769230769,5,0,0,rank,1,6.5,4
train,syn_n200_k30_low_corr_normal_low_vol_r01_s20260762,60,theta_223,0.8515984443573532,0.1224017429830402,0.4330409356725146,0.028360123537898,0.430962449914406,7.8278613266666675,10.0,10.0,8.0,2.0,24.0,10.8,12,theta_223,mixed,none,10%,crowding-pruned,repair+feasible-first,5,mixed,none,0.1,5,0.0769230769230769,5,0,0,rank,1,7.0,5
train,syn_n200_k30_low_corr_normal_low_vol_r01_s20260762,60,theta_234,0.8515984443573532,0.1224017429830402,0.4330409356725146,0.028360123537898,0.430962449914406,7.517605546666666,10.0,10.0,8.0,2.0,23.0,10.6,10,theta_234,mixed,fixed,10%,crowding-pruned,repair+feasible-first,5,mixed,paper,0.1,20,0.0769230769230769,5,0,0,rank,1,7.0,6
train,syn_n200_k30_low_corr_normal_low_vol_r01_s20260762,60,theta_237,0.8515984443573532,0.1224017429830402,0.4330409356725146,0.028360123537898,0.430962449914406,3.26412588,10.0,10.0,8.0,2.0,18.0,9.6,7,theta_237,mixed,adaptive,1%,crowding-pruned,repair+feasible-first,5,mixed,stable,0.01,20,0.0769230769230769,5,0,0,rank,1,7.0,7
train,syn_n200_k30_low_corr_normal_low_vol_r01_s20260762,60,theta_144,0.84458881014439,0.1248649569084205,0.4771929824561404,0.0395731852165687,0.4017782380295401,2.545023023333333,12.5,12.5,1.5,5.5,4.0,7.2,4,theta_144,mixed,none,10%,crowding-pruned,repair+feasible-first,3,mixed,none,0.1,20,0.0769230769230769,5,0,0,rank,1,7.1,8
train,syn_n200_k30_low_corr_normal_low_vol_r01_s20260762,60,theta_159,0.84458881014439,0.1248649569084205,0.4771929824561404,0.0395731852165687,0.4017782380295401,3.1191030299999998,12.5,12.5,1.5,5.5,9.0,8.2,6,theta_159,mixed,adaptive,5%,crowding-pruned,repair+feasible-first,3,mixed,stable,0.05,20,0.0769230769230769,5,0,0,rank,1,7.1,9
train,syn_n200_k30_low_corr_normal_low_vol_r01_s20260762,60,theta_164,0.9007078337395671,0.1015548879225292,0.4052631578947368,0.0586304263401055,0.6103341679469293,3.089499653333333,5.5,5.5,11.5,19.5,8.0,10.0,8,theta_164,DE/rand,none,1%,crowding-pruned,repair+feasible-first,5,rand2,none,0.01,10,0.0769230769230769,5,0,0,rank,1,11.5,10
train,syn_n200_k30_low_corr_normal_low_vol_r01_s20260762,60,theta_170,0.9007078337395671,0.1015548879225292,0.4052631578947368,0.0586304263401055,0.6103341679469293,3.1526637,5.5,5.5,11.5,19.5,12.0,10.8,11,theta_170,DE/rand,none,10%,crowding-pruned,repair+feasible-first,5,rand2,none,0.1,10,0.0769230769230769,5,0,0,rank,1,11.5,11
train,syn_n200_k30_low_corr_normal_low_vol_r01_s20260762,60,theta_175,0.9007078337395671,0.1015548879225292,0.4052631578947368,0.0586304263401055,0.6103341679469293,3.149862216666667,5.5,5.5,11.5,19.5,11.0,10.6,9,theta_175,DE/rand,fixed,5%,crowding-pruned,repair+feasible-first,5,rand2,paper,0.05,5,0.0769230769230769,5,0,0,rank,1,11.5,12
train,syn_n200_k30_low_corr_normal_low_vol_r01_s20260762,60,theta_189,0.9007078337395671,0.1015548879225292,0.4052631578947368,0.0586304263401055,0.6103341679469293,6.857696486666668,5.5,5.5,11.5,19.5,22.0,12.8,13,theta_189,DE/rand,adaptive,10%,crowding-pruned,repair+feasible-first,5,rand2,stable,0.1,20,0.0769230769230769,5,0,0,rank,1,11.5,13
train,syn_n200_k30_low_corr_normal_low_vol_r01_s20260762,60,theta_118,0.7992497339386896,0.1470738618288761,0.133625730994152,0.0422664432219581,0.5218403812282325,3.176766646666666,19.0,19.0,18.0,12.0,13.0,16.2,17,theta_118,DE/best,fixed,1%,crowding-pruned,repair+feasible-first,3,best2,paper,0.01,5,0.0769230769230769,5,0,0,rank,1,16.6,14
train,syn_n200_k30_low_corr_normal_low_vol_r01_s20260762,60,theta_131,0.7992497339386896,0.1470738618288761,0.133625730994152,0.0422664432219581,0.5218403812282325,3.12103831,19.0,19.0,18.0,12.0,10.0,15.6,15,theta_131,DE/best,adaptive,5%,crowding-pruned,repair+feasible-first,3,best2,stable,0.05,10,0.0769230769230769,5,0,0,rank,1,16.6,15
train,syn_n200_k30_low_corr_normal_low_vol_r01_s20260762,60,theta_132,0.7992497339386896,0.1470738618288761,0.133625730994152,0.0422664432219581,0.5218403812282325,3.207228026666667,19.0,19.0,18.0,12.0,15.0,16.6,19,theta_132,DE/best,adaptive,5%,crowding-pruned,repair+feasible-first,3,best2,stable,0.05,20,0.0769230769230769,5,0,0,rank,1,16.6,16
train,syn_n200_k30_low_corr_normal_low_vol_r01_s20260762,60,theta_067,0.8260004668111611,0.1346943660729954,0.1891812865497075,0.066283849764649,0.5395261841739486,3.2134471566666667,15.0,15.0,15.0,23.0,16.0,16.8,20,theta_067,mixed,fixed,5%,crowding-pruned,repair+feasible-first,2,mixed,paper,0.05,5,0.0769230769230769,5,0,0,rank,1,17.4,17
train,syn_n200_k30_low_corr_normal_low_vol_r01_s20260762,60,theta_076,0.8260004668111611,0.1346943660729954,0.1891812865497075,0.066283849764649,0.5395261841739486,3.2031552933333334,15.0,15.0,15.0,23.0,14.0,16.4,18,theta_076,mixed,adaptive,5%,crowding-pruned,repair+feasible-first,2,mixed,stable,0.05,5,0.0769230769230769,5,0,0,rank,1,17.4,18
train,syn_n200_k30_low_corr_normal_low_vol_r01_s20260762,60,theta_078,0.8260004668111611,0.1346943660729954,0.1891812865497075,0.066283849764649,0.5395261841739486,3.35919484,15.0,15.0,15.0,23.0,19.0,17.4,22,theta_078,mixed,adaptive,5%,crowding-pruned,repair+feasible-first,2,mixed,stable,0.05,20,0.0769230769230769,5,0,0,rank,1,17.4,19
train,syn_n200_k30_low_corr_normal_low_vol_r01_s20260762,60,theta_034,0.7812457297220282,0.1535975478023226,0.1298245614035087,0.0417651639413798,0.5117265346089976,2.3562792166666666,22.0,22.0,21.0,9.0,2.0,15.2,14,theta_034,DE/best,none,10%,crowding-pruned,repair+feasible-first,2,best2,none,0.1,5,0.0769230769230769,5,0,0,rank,1,17.8,20
train,syn_n200_k30_low_corr_normal_low_vol_r01_s20260762,60,theta_045,0.7812457297220282,0.1535975478023226,0.1298245614035087,0.0417651639413798,0.5117265346089976,2.8605396733333337,22.0,22.0,21.0,9.0,5.0,15.8,16,theta_045,DE/best,fixed,10%,crowding-pruned,repair+feasible-first,2,best2,paper,0.1,20,0.0769230769230769,5,0,0,rank,1,17.8,21
train,syn_n200_k30_low_corr_normal_low_vol_r01_s20260762,60,theta_047,0.7812457297220282,0.1535975478023226,0.1298245614035087,0.0417651639413798,0.5117265346089976,3.89752483,22.0,22.0,21.0,9.0,20.0,18.8,23,theta_047,DE/best,adaptive,1%,crowding-pruned,repair+feasible-first,2,best2,stable,0.01,10,0.0769230769230769,5,0,0,rank,1,17.8,22
train,syn_n200_k30_low_corr_normal_low_vol_r01_s20260762,60,theta_037,0.7763760616611853,0.1560269764226364,0.12953216374269,0.0416324343267933,0.5005427201490684,3.04687724,24.0,24.0,23.0,7.0,7.0,17.0,21,theta_037,DE/best,fixed,1%,crowding-pruned,repair+feasible-first,2,best2,paper,0.01,5,0.0769230769230769,5,0,0,rank,1,18.6,23
train,syn_n200_k30_low_corr_normal_low_vol_r01_s20260762,60,theta_200,0.8206619860734776,0.139435819131875,0.1134502923976608,0.0532638437662095,0.5932605318466533,6.791075136666666,17.0,17.0,24.0,17.0,21.0,19.2,24,theta_200,DE/best,fixed,1%,crowding-pruned,repair+feasible-first,5,best2,paper,0.01,10,0.0769230769230769,5,0,0,rank,1,19.1,24
train,syn_n200_k30_pathological_cov_mixed_low_vol_r01_s20260759,60,theta_164,1.049022207854764,0.1843148217336105,0.2533333333333333,0.096638128444125,0.4718584851841825,3.0267701033333334,2.5,16.5,2.5,6.5,8.0,7.2,1,theta_164,DE/rand,none,1%,crowding-pruned,repair+feasible-first,5,rand2,none,0.01,10,0.0769230769230769,5,0,0,rank,1,6.500000000000001,1
train,syn_n200_k30_pathological_cov_mixed_low_vol_r01_s20260759,60,theta_170,1.049022207854764,0.1843148217336105,0.2533333333333333,0.096638128444125,0.4718584851841825,3.1276377066666665,2.5,16.5,2.5,6.5,10.0,7.6,2,theta_170,DE/rand,none,10%,crowding-pruned,repair+feasible-first,5,rand2,none,0.1,10,0.0769230769230769,5,0,0,rank,1,6.500000000000001,2
train,syn_n200_k30_pathological_cov_mixed_low_vol_r01_s20260759,60,theta_175,1.049022207854764,0.1843148217336105,0.2533333333333333,0.096638128444125,0.4718584851841825,3.237063446666667,2.5,16.5,2.5,6.5,12.0,8.0,4,theta_175,DE/rand,fixed,5%,crowding-pruned,repair+feasible-first,5,rand2,paper,0.05,5,0.0769230769230769,5,0,0,rank,1,6.500000000000001,3
train,syn_n200_k30_pathological_cov_mixed_low_vol_r01_s20260759,60,theta_189,1.049022207854764,0.1843148217336105,0.2533333333333333,0.096638128444125,0.4718584851841825,6.803338456666667,2.5,16.5,2.5,6.5,21.0,9.8,7,theta_189,DE/rand,adaptive,10%,crowding-pruned,repair+feasible-first,5,rand2,stable,0.1,20,0.0769230769230769,5,0,0,rank,1,6.500000000000001,4
train,syn_n200_k30_pathological_cov_mixed_low_vol_r01_s20260759,60,theta_011,1.0317199275462765,0.2185697687816181,0.2138888888888888,0.0705958564265737,0.3287355890853976,1.61321632,8.0,24.0,5.0,1.0,1.0,7.8,3,theta_011,DE/rand,fixed,1%,crowding-pruned,repair+feasible-first,2,rand2,paper,0.01,10,0.0769230769230769,5,0,0,rank,1,8.200000000000001,5
train,syn_n200_k30_pathological_cov_mixed_low_vol_r01_s20260759,60,theta_084,1.0445995769262784,0.197395005744176,0.2088888888888889,0.0892514201008741,0.4311945214679928,2.892634960000001,6.0,22.0,7.0,3.0,5.0,8.6,6,theta_084,DE/rand,none,1%,crowding-pruned,repair+feasible-first,3,rand2,none,0.01,20,0.0769230769230769,5,0,0,rank,1,8.600000000000001,6
train,syn_n200_k30_pathological_cov_mixed_low_vol_r01_s20260759,60,theta_086,1.0445995769262784,0.197395005744176,0.2088888888888889,0.0892514201008741,0.4311945214679928,2.66586569,6.0,22.0,7.0,3.0,3.0,8.2,5,theta_086,DE/rand,none,5%,crowding-pruned,repair+feasible-first,3,rand2,none,0.05,10,0.0769230769230769,5,0,0,rank,1,8.600000000000001,7
train,syn_n200_k30_pathological_cov_mixed_low_vol_r01_s20260759,60,theta_089,1.0445995769262784,0.197395005744176,0.2088888888888889,0.0892514201008741,0.4311945214679928,3.3290731000000005,6.0,22.0,7.0,3.0,17.0,11.0,9,theta_089,DE/rand,none,10%,crowding-pruned,repair+feasible-first,3,rand2,none,0.1,10,0.0769230769230769,5,0,0,rank,1,8.600000000000001,8
train,syn_n200_k30_pathological_cov_mixed_low_vol_r01_s20260759,60,theta_067,1.0267164161790467,0.1759047428585093,0.0977777777777777,0.0993214323070496,0.5629446758703435,3.2749918633333324,10.0,13.0,10.0,10.0,14.0,11.4,10,theta_067,mixed,fixed,5%,crowding-pruned,repair+feasible-first,2,mixed,paper,0.05,5,0.0769230769230769,5,0,0,rank,1,10.6,9
train,syn_n200_k30_pathological_cov_mixed_low_vol_r01_s20260759,60,theta_076,1.0267164161790467,0.1759047428585093,0.0977777777777777,0.0993214323070496,0.5629446758703435,3.18964331,10.0,13.0,10.0,10.0,11.0,10.8,8,theta_076,mixed,adaptive,5%,crowding-pruned,repair+feasible-first,2,mixed,stable,0.05,5,0.0769230769230769,5,0,0,rank,1,10.6,10
train,syn_n200_k30_pathological_cov_mixed_low_vol_r01_s20260759,60,theta_078,1.0267164161790467,0.1759047428585093,0.0977777777777777,0.0993214323070496,0.5629446758703435,3.3098921433333337,10.0,13.0,10.0,10.0,16.0,11.8,11,theta_078,mixed,adaptive,5%,crowding-pruned,repair+feasible-first,2,mixed,stable,0.05,20,0.0769230769230769,5,0,0,rank,1,10.6,11
train,syn_n200_k30_pathological_cov_mixed_low_vol_r01_s20260759,60,theta_118,1.0008726551438485,0.1421233295096713,0.0508333333333333,0.1501675455878907,0.8907817493180147,3.3883780333333324,16.0,2.0,18.0,16.0,19.0,14.2,15,theta_118,DE/best,fixed,1%,crowding-pruned,repair+feasible-first,3,best2,paper,0.01,5,0.0769230769230769,5,0,0,rank,1,13.8,12
train,syn_n200_k30_pathological_cov_mixed_low_vol_r01_s20260759,60,theta_131,1.0008726551438485,0.1421233295096713,0.0508333333333333,0.1501675455878907,0.8907817493180147,3.365878136666667,16.0,2.0,18.0,16.0,18.0,14.0,14,theta_131,DE/best,adaptive,5%,crowding-pruned,repair+feasible-first,3,best2,stable,0.05,10,0.0769230769230769,5,0,0,rank,1,13.8,13
train,syn_n200_k30_pathological_cov_mixed_low_vol_r01_s20260759,60,theta_132,1.0008726551438485,0.1421233295096713,0.0508333333333333,0.1501675455878907,0.8907817493180147,3.265243936666666,16.0,2.0,18.0,16.0,13.0,13.0,12,theta_132,DE/best,adaptive,5%,crowding-pruned,repair+feasible-first,3,best2,stable,0.05,20,0.0769230769230769,5,0,0,rank,1,13.8,14
train,syn_n200_k30_pathological_cov_mixed_low_vol_r01_s20260759,60,theta_223,1.0170849311300816,0.1664353610283812,0.0811111111111111,0.1637191389826916,0.7006337869478944,7.421148166666667,13.0,10.0,13.0,23.0,24.0,16.6,23,theta_223,mixed,none,10%,crowding-pruned,repair+feasible-first,5,mixed,none,0.1,5,0.0769230769230769,5,0,0,rank,1,15.399999999999999,15
train,syn_n200_k30_pathological_cov_mixed_low_vol_r01_s20260759,60,theta_234,1.0170849311300816,0.1664353610283812,0.0811111111111111,0.1637191389826916,0.7006337869478944,6.906921833333334,13.0,10.0,13.0,23.0,22.0,16.2,21,theta_234,mixed,fixed,10%,crowding-pruned,repair+feasible-first,5,mixed,paper,0.1,20,0.0769230769230769,5,0,0,rank,1,15.399999999999999,16
train,syn_n200_k30_pathological_cov_mixed_low_vol_r01_s20260759,60,theta_237,1.0170849311300816,0.1664353610283812,0.0811111111111111,0.1637191389826916,0.7006337869478944,3.2945399966666664,13.0,10.0,13.0,23.0,15.0,14.8,17,theta_237,mixed,adaptive,1%,crowding-pruned,repair+feasible-first,5,mixed,stable,0.01,20,0.0769230769230769,5,0,0,rank,1,15.399999999999999,17
train,syn_n200_k30_pathological_cov_mixed_low_vol_r01_s20260759,60,theta_200,1.0007797643863567,0.1468080958656028,0.0322222222222222,0.1422253156242917,0.8866004273594292,6.983809103333334,18.0,4.0,24.0,14.0,23.0,16.6,22,theta_200,DE/best,fixed,1%,crowding-pruned,repair+feasible-first,5,best2,paper,0.01,10,0.0769230769230769,5,0,0,rank,1,15.8,18
train,syn_n200_k30_pathological_cov_mixed_low_vol_r01_s20260759,60,theta_144,0.9971080859463772,0.1969953395461208,0.0702777777777777,0.1171924974640702,0.5511739635743402,2.843291980000001,23.5,19.5,15.5,12.5,4.0,15.0,19,theta_144,mixed,none,10%,crowding-pruned,repair+feasible-first,3,mixed,none,0.1,20,0.0769230769230769,5,0,0,rank,1,17.0,19
train,syn_n200_k30_pathological_cov_mixed_low_vol_r01_s20260759,60,theta_159,0.9971080859463772,0.1969953395461208,0.0702777777777777,0.1171924974640702,0.5511739635743402,3.08333647,23.5,19.5,15.5,12.5,9.0,16.0,20,theta_159,mixed,adaptive,5%,crowding-pruned,repair+feasible-first,3,mixed,stable,0.05,20,0.0769230769230769,5,0,0,rank,1,17.0,20
train,syn_n200_k30_pathological_cov_mixed_low_vol_r01_s20260759,60,theta_034,0.9992677672873912,0.1611843358673606,0.0375,0.152475027215802,0.8393610689924726,2.4010825966666665,20.5,6.5,21.5,19.5,2.0,14.0,13,theta_034,DE/best,none,10%,crowding-pruned,repair+feasible-first,2,best2,none,0.1,5,0.0769230769230769,5,0,0,rank,1,17.700000000000003,21
train,syn_n200_k30_pathological_cov_mixed_low_vol_r01_s20260759,60,theta_037,0.9992677672873912,0.1611843358673606,0.0375,0.152475027215802,0.8393610689924726,3.00641567,20.5,6.5,21.5,19.5,7.0,15.0,18,theta_037,DE/best,fixed,1%,crowding-pruned,repair+feasible-first,2,best2,paper,0.01,5,0.0769230769230769,5,0,0,rank,1,17.700000000000003,22
train,syn_n200_k30_pathological_cov_mixed_low_vol_r01_s20260759,60,theta_045,0.9992677672873912,0.1611843358673606,0.0375,0.152475027215802,0.8393610689924726,2.92834447,20.5,6.5,21.5,19.5,6.0,14.8,16,theta_045,DE/best,fixed,10%,crowding-pruned,repair+feasible-first,2,best2,paper,0.1,20,0.0769230769230769,5,0,0,rank,1,17.700000000000003,23
train,syn_n200_k30_pathological_cov_mixed_low_vol_r01_s20260759,60,theta_047,0.9992677672873912,0.1611843358673606,0.0375,0.152475027215802,0.8393610689924726,4.068342736666667,20.5,6.5,21.5,19.5,20.0,17.6,24,theta_047,DE/best,adaptive,1%,crowding-pruned,repair+feasible-first,2,best2,stable,0.01,10,0.0769230769230769,5,0,0,rank,1,17.700000000000003,24
train,syn_n200_k30_pathological_cov_skewed_high_vol_r03_s20260764,60,theta_164,1.09325787088545,0.0990011522251919,0.1341666666666666,0.060940000274154,0.340615789159335,3.0542744,2.5,6.5,6.5,3.5,8.0,5.4,1,theta_164,DE/rand,none,1%,crowding-pruned,repair+feasible-first,5,rand2,none,0.01,10,0.0769230769230769,5,0,0,rank,1,4.8,1
train,syn_n200_k30_pathological_cov_skewed_high_vol_r03_s20260764,60,theta_170,1.09325787088545,0.0990011522251919,0.1341666666666666,0.060940000274154,0.340615789159335,3.157754686666666,2.5,6.5,6.5,3.5,10.0,5.8,2,theta_170,DE/rand,none,10%,crowding-pruned,repair+feasible-first,5,rand2,none,0.1,10,0.0769230769230769,5,0,0,rank,1,4.8,2
train,syn_n200_k30_pathological_cov_skewed_high_vol_r03_s20260764,60,theta_175,1.09325787088545,0.0990011522251919,0.1341666666666666,0.060940000274154,0.340615789159335,3.2338640200000004,2.5,6.5,6.5,3.5,15.0,6.8,3,theta_175,DE/rand,fixed,5%,crowding-pruned,repair+feasible-first,5,rand2,paper,0.05,5,0.0769230769230769,5,0,0,rank,1,4.8,3
train,syn_n200_k30_pathological_cov_skewed_high_vol_r03_s20260764,60,theta_189,1.09325787088545,0.0990011522251919,0.1341666666666666,0.060940000274154,0.340615789159335,6.7356207433333335,2.5,6.5,6.5,3.5,22.0,8.2,7,theta_189,DE/rand,adaptive,10%,crowding-pruned,repair+feasible-first,5,rand2,stable,0.1,20,0.0769230769230769,5,0,0,rank,1,4.8,4
train,syn_n200_k30_pathological_cov_skewed_high_vol_r03_s20260764,60,theta_067,1.0889399690308812,0.08847001031876,0.0974999999999999,0.078052749485228,0.4888587259233197,3.2018223600000004,6.0,2.0,10.0,10.0,14.0,8.4,8,theta_067,mixed,fixed,5%,crowding-pruned,repair+feasible-first,2,mixed,paper,0.05,5,0.0769230769230769,5,0,0,rank,1,7.6,5
train,syn_n200_k30_pathological_cov_skewed_high_vol_r03_s20260764,60,theta_076,1.0889399690308812,0.08847001031876,0.0974999999999999,0.078052749485228,0.4888587259233197,3.309573603333333,6.0,2.0,10.0,10.0,18.0,9.2,9,theta_076,mixed,adaptive,5%,crowding-pruned,repair+feasible-first,2,mixed,stable,0.05,5,0.0769230769230769,5,0,0,rank,1,7.6,6
train,syn_n200_k30_pathological_cov_skewed_high_vol_r03_s20260764,60,theta_078,1.0889399690308812,0.08847001031876,0.0974999999999999,0.078052749485228,0.4888587259233197,3.462571476666666,6.0,2.0,10.0,10.0,19.0,9.4,10,theta_078,mixed,adaptive,5%,crowding-pruned,repair+feasible-first,2,mixed,stable,0.05,20,0.0769230769230769,5,0,0,rank,1,7.6,7
train,syn_n200_k30_pathological_cov_skewed_high_vol_r03_s20260764,60,theta_011,1.0797609846636325,0.1185495967975101,0.1469444444444444,0.0368560180525231,0.1847338512473622,1.6013806866666669,11.0,24.0,1.0,1.0,1.0,7.6,4,theta_011,DE/rand,fixed,1%,crowding-pruned,repair+feasible-first,2,rand2,paper,0.01,10,0.0769230769230769,5,0,0,rank,1,7.6000000000000005,8
train,syn_n200_k30_pathological_cov_skewed_high_vol_r03_s20260764,60,theta_084,1.0866136776128597,0.1055714576735882,0.1427777777777777,0.0767965610077167,0.3070999120690593,2.651098723333334,9.0,16.0,3.0,7.0,5.0,8.0,6,theta_084,DE/rand,none,1%,crowding-pruned,repair+feasible-first,3,rand2,none,0.01,20,0.0769230769230769,5,0,0,rank,1,8.0,9
train,syn_n200_k30_pathological_cov_skewed_high_vol_r03_s20260764,60,theta_086,1.0866136776128597,0.1055714576735882,0.1427777777777777,0.0767965610077167,0.3070999120690593,2.5604348433333333,9.0,16.0,3.0,7.0,4.0,7.8,5,theta_086,DE/rand,none,5%,crowding-pruned,repair+feasible-first,3,rand2,none,0.05,10,0.0769230769230769,5,0,0,rank,1,8.0,10
train,syn_n200_k30_pathological_cov_skewed_high_vol_r03_s20260764,60,theta_089,1.0866136776128597,0.1055714576735882,0.1427777777777777,0.0767965610077167,0.3070999120690593,3.299120626666666,9.0,16.0,3.0,7.0,17.0,10.4,11,theta_089,DE/rand,none,10%,crowding-pruned,repair+feasible-first,3,rand2,none,0.1,10,0.0769230769230769,5,0,0,rank,1,8.0,11
train,syn_n200_k30_pathological_cov_skewed_high_vol_r03_s20260764,60,theta_200,1.0787865925179416,0.0892025620678519,0.0683333333333333,0.0977489624175047,0.577300014312129,6.883772383333334,12.0,4.0,17.0,21.0,23.0,15.4,15,theta_200,DE/best,fixed,1%,crowding-pruned,repair+feasible-first,5,best2,paper,0.01,10,0.0769230769230769,5,0,0,rank,1,14.600000000000001,12
train,syn_n200_k30_pathological_cov_skewed_high_vol_r03_s20260764,60,theta_223,1.067204832161842,0.103617261805017,0.0927777777777777,0.0974644898586626,0.4349697035116512,7.05712109,17.0,13.0,13.0,19.0,24.0,17.2,21,theta_223,mixed,none,10%,crowding-pruned,repair+feasible-first,5,mixed,none,0.1,5,0.0769230769230769,5,0,0,rank,1,15.600000000000001,13
train,syn_n200_k30_pathological_cov_skewed_high_vol_r03_s20260764,60,theta_234,1.067204832161842,0.103617261805017,0.0927777777777777,0.0974644898586626,0.4349697035116512,6.636343633333332,17.0,13.0,13.0,19.0,21.0,16.6,19,theta_234,mixed,fixed,10%,crowding-pruned,repair+feasible-first,5,mixed,paper,0.1,20,0.0769230769230769,5,0,0,rank,1,15.600000000000001,14
train,syn_n200_k30_pathological_cov_skewed_high_vol_r03_s20260764,60,theta_237,1.067204832161842,0.103617261805017,0.0927777777777777,0.0974644898586626,0.4349697035116512,3.268582546666667,17.0,13.0,13.0,19.0,16.0,15.6,17,theta_237,mixed,adaptive,1%,crowding-pruned,repair+feasible-first,5,mixed,stable,0.01,20,0.0769230769230769,5,0,0,rank,1,15.600000000000001,15
train,syn_n200_k30_pathological_cov_skewed_high_vol_r03_s20260764,60,theta_144,1.063587412812033,0.1084791526874639,0.0702777777777777,0.0860828761328249,0.4199238770152861,2.42754299,19.5,18.5,15.5,12.5,3.0,13.8,12,theta_144,mixed,none,10%,crowding-pruned,repair+feasible-first,3,mixed,none,0.1,20,0.0769230769230769,5,0,0,rank,1,16.0,16
train,syn_n200_k30_pathological_cov_skewed_high_vol_r03_s20260764,60,theta_159,1.063587412812033,0.1084791526874639,0.0702777777777777,0.0860828761328249,0.4199238770152861,3.0597794133333336,19.5,18.5,15.5,12.5,9.0,15.0,13,theta_159,mixed,adaptive,5%,crowding-pruned,repair+feasible-first,3,mixed,stable,0.05,20,0.0769230769230769,5,0,0,rank,1,16.0,17
train,syn_n200_k30_pathological_cov_skewed_high_vol_r03_s20260764,60,theta_118,1.069422685037452,0.102885808965688,0.0325,0.1152691237555769,0.608513447453314,3.1816503566666667,14.0,10.0,19.0,23.0,13.0,15.8,18,theta_118,DE/best,fixed,1%,crowding-pruned,repair+feasible-first,3,best2,paper,0.01,5,0.0769230769230769,5,0,0,rank,1,17.4,18
train,syn_n200_k30_pathological_cov_skewed_high_vol_r03_s20260764,60,theta_131,1.069422685037452,0.102885808965688,0.0325,0.1152691237555769,0.608513447453314,3.1688602266666672,14.0,10.0,19.0,23.0,11.0,15.4,14,theta_131,DE/best,adaptive,5%,crowding-pruned,repair+feasible-first,3,best2,stable,0.05,10,0.0769230769230769,5,0,0,rank,1,17.4,19
train,syn_n200_k30_pathological_cov_skewed_high_vol_r03_s20260764,60,theta_132,1.069422685037452,0.102885808965688,0.0325,0.1152691237555769,0.608513447453314,3.1807762266666675,14.0,10.0,19.0,23.0,12.0,15.6,16,theta_132,DE/best,adaptive,5%,crowding-pruned,repair+feasible-first,3,best2,stable,0.05,20,0.0769230769230769,5,0,0,rank,1,17.4,20
train,syn_n200_k30_pathological_cov_skewed_high_vol_r03_s20260764,60,theta_034,1.05216495129655,0.1113186053775327,0.0147222222222222,0.0964126477737403,0.6303017787237623,2.33241675,22.5,21.5,22.5,15.5,2.0,16.8,20,theta_034,DE/best,none,10%,crowding-pruned,repair+feasible-first,2,best2,none,0.1,5,0.0769230769230769,5,0,0,rank,1,20.2,21
train,syn_n200_k30_pathological_cov_skewed_high_vol_r03_s20260764,60,theta_037,1.05216495129655,0.1113186053775327,0.0147222222222222,0.0964126477737403,0.6303017787237623,2.9127057566666674,22.5,21.5,22.5,15.5,7.0,17.8,23,theta_037,DE/best,fixed,1%,crowding-pruned,repair+feasible-first,2,best2,paper,0.01,5,0.0769230769230769,5,0,0,rank,1,20.2,22
train,syn_n200_k30_pathological_cov_skewed_high_vol_r03_s20260764,60,theta_045,1.05216495129655,0.1113186053775327,0.0147222222222222,0.0964126477737403,0.6303017787237623,2.8589781466666664,22.5,21.5,22.5,15.5,6.0,17.6,22,theta_045,DE/best,fixed,10%,crowding-pruned,repair+feasible-first,2,best2,paper,0.1,20,0.0769230769230769,5,0,0,rank,1,20.2,23
train,syn_n200_k30_pathological_cov_skewed_high_vol_r03_s20260764,60,theta_047,1.05216495129655,0.1113186053775327,0.0147222222222222,0.0964126477737403,0.6303017787237623,4.561937336666667,22.5,21.5,22.5,15.5,20.0,20.4,24,theta_047,DE/best,adaptive,1%,crowding-pruned,repair+feasible-first,2,best2,stable,0.01,10,0.0769230769230769,5,0,0,rank,1,20.2,24
train,syn_n50_k05_cluster_corr_skewed_high_vol_r01_s20260632,3,theta_118,1.0791551967727977,0.0161414069169435,0.8922222222222224,0.0328238614270456,1.1985112646800988,4.839997319999999,8.0,2.0,4.0,8.0,15.0,7.4,4,theta_118,DE/best,fixed,1%,crowding-pruned,repair+feasible-first,3,best2,paper,0.01,5,0.0769230769230769,5,0,0,rank,1,5.6,1
train,syn_n50_k05_cluster_corr_skewed_high_vol_r01_s20260632,3,theta_131,1.0791551967727977,0.0161414069169435,0.8922222222222224,0.0328238614270456,1.1985112646800988,4.8394603,8.0,2.0,4.0,8.0,14.0,7.2,3,theta_131,DE/best,adaptive,5%,crowding-pruned,repair+feasible-first,3,best2,stable,0.05,10,0.0769230769230769,5,0,0,rank,1,5.6,2
train,syn_n50_k05_cluster_corr_skewed_high_vol_r01_s20260632,3,theta_132,1.0791551967727977,0.0161414069169435,0.8922222222222224,0.0328238614270456,1.1985112646800988,4.871351286666667,8.0,2.0,4.0,8.0,16.0,7.6,5,theta_132,DE/best,adaptive,5%,crowding-pruned,repair+feasible-first,3,best2,stable,0.05,20,0.0769230769230769,5,0,0,rank,1,5.6,3
train,syn_n50_k05_cluster_corr_skewed_high_vol_r01_s20260632,3,theta_144,1.07939152009559,0.0161900746888001,0.8941666666666668,0.0362827875247677,1.2170560370760828,3.936068886666667,1.5,4.5,1.5,14.5,2.0,4.8,1,theta_144,mixed,none,10%,crowding-pruned,repair+feasible-first,3,mixed,none,0.1,20,0.0769230769230769,5,0,0,rank,1,6.0,4
train,syn_n50_k05_cluster_corr_skewed_high_vol_r01_s20260632,3,theta_159,1.07939152009559,0.0161900746888001,0.8941666666666668,0.0362827875247677,1.2170560370760828,4.4501066,1.5,4.5,1.5,14.5,7.0,5.8,2,theta_159,mixed,adaptive,5%,crowding-pruned,repair+feasible-first,3,mixed,stable,0.05,20,0.0769230769230769,5,0,0,rank,1,6.0,5
train,syn_n50_k05_cluster_corr_skewed_high_vol_r01_s20260632,3,theta_223,1.078025212700517,0.0175187590261957,0.8766666666666666,0.0318947220267138,1.2125889369831846,11.760429816666669,11.0,15.0,11.0,2.0,23.0,12.4,15,theta_223,mixed,none,10%,crowding-pruned,repair+feasible-first,5,mixed,none,0.1,5,0.0769230769230769,5,0,0,rank,1,9.1,6
train,syn_n50_k05_cluster_corr_skewed_high_vol_r01_s20260632,3,theta_234,1.078025212700517,0.0175187590261957,0.8766666666666666,0.0318947220267138,1.2125889369831846,13.59461154,11.0,15.0,11.0,2.0,24.0,12.6,16,theta_234,mixed,fixed,10%,crowding-pruned,repair+feasible-first,5,mixed,paper,0.1,20,0.0769230769230769,5,0,0,rank,1,9.1,7
train,syn_n50_k05_cluster_corr_skewed_high_vol_r01_s20260632,3,theta_237,1.078025212700517,0.0175187590261957,0.8766666666666666,0.0318947220267138,1.2125889369831846,4.7771626766666655,11.0,15.0,11.0,2.0,13.0,10.4,9,theta_237,mixed,adaptive,1%,crowding-pruned,repair+feasible-first,5,mixed,stable,0.01,20,0.0769230769230769,5,0,0,rank,1,9.1,8
train,syn_n50_k05_cluster_corr_skewed_high_vol_r01_s20260632,3,theta_034,1.0793705745851447,0.0165164523351674,0.8813888888888889,0.0370741751058224,1.215000872188288,4.344819206666666,4.5,7.5,7.5,18.5,5.0,8.6,8,theta_034,DE/best,none,10%,crowding-pruned,repair+feasible-first,2,best2,none,0.1,5,0.0769230769230769,5,0,0,rank,1,10.2,9
train,syn_n50_k05_cluster_corr_skewed_high_vol_r01_s20260632,3,theta_037,1.0793705745851447,0.0165164523351674,0.8813888888888889,0.0370741751058224,1.215000872188288,4.26592343,4.5,7.5,7.5,18.5,3.0,8.2,6,theta_037,DE/best,fixed,1%,crowding-pruned,repair+feasible-first,2,best2,paper,0.01,5,0.0769230769230769,5,0,0,rank,1,10.2,10
train,syn_n50_k05_cluster_corr_skewed_high_vol_r01_s20260632,3,theta_045,1.0793705745851447,0.0165164523351674,0.8813888888888889,0.0370741751058224,1.215000872188288,4.293086506666667,4.5,7.5,7.5,18.5,4.0,8.4,7,theta_045,DE/best,fixed,10%,crowding-pruned,repair+feasible-first,2,best2,paper,0.1,20,0.0769230769230769,5,0,0,rank,1,10.2,11
train,syn_n50_k05_cluster_corr_skewed_high_vol_r01_s20260632,3,theta_047,1.0793705745851447,0.0165164523351674,0.8813888888888889,0.0370741751058224,1.215000872188288,4.88964284,4.5,7.5,7.5,18.5,17.0,11.0,11,theta_047,DE/best,adaptive,1%,crowding-pruned,repair+feasible-first,2,best2,stable,0.01,10,0.0769230769230769,5,0,0,rank,1,10.2,12
train,syn_n50_k05_cluster_corr_skewed_high_vol_r01_s20260632,3,theta_067,1.077092382594021,0.0174714935209772,0.8608333333333332,0.0327320378117166,1.2095614998741704,4.623068646666667,15.0,12.0,15.0,5.0,10.0,11.4,13,theta_067,mixed,fixed,5%,crowding-pruned,repair+feasible-first,2,mixed,paper,0.05,5,0.0769230769230769,5,0,0,rank,1,11.4,13
train,syn_n50_k05_cluster_corr_skewed_high_vol_r01_s20260632,3,theta_076,1.077092382594021,0.0174714935209772,0.8608333333333332,0.0327320378117166,1.2095614998741704,4.5608544166666665,15.0,12.0,15.0,5.0,9.0,11.2,12,theta_076,mixed,adaptive,5%,crowding-pruned,repair+feasible-first,2,mixed,stable,0.05,5,0.0769230769230769,5,0,0,rank,1,11.4,14
train,syn_n50_k05_cluster_corr_skewed_high_vol_r01_s20260632,3,theta_078,1.077092382594021,0.0174714935209772,0.8608333333333332,0.0327320378117166,1.2095614998741704,4.738444143333334,15.0,12.0,15.0,5.0,12.0,11.8,14,theta_078,mixed,adaptive,5%,crowding-pruned,repair+feasible-first,2,mixed,stable,0.05,20,0.0769230769230769,5,0,0,rank,1,11.4,15
train,syn_n50_k05_cluster_corr_skewed_high_vol_r01_s20260632,3,theta_011,1.0777196500016162,0.0173421200993942,0.8661111111111112,0.0366434515074628,1.2113204855970874,3.0047502633333343,13.0,10.0,13.0,16.0,1.0,10.6,10,theta_011,DE/rand,fixed,1%,crowding-pruned,repair+feasible-first,2,rand2,paper,0.01,10,0.0769230769230769,5,0,0,rank,1,13.3,16
train,syn_n50_k05_cluster_corr_skewed_high_vol_r01_s20260632,3,theta_164,1.076890039741594,0.0178599422350921,0.8599999999999999,0.0345778821218398,1.2084431233477289,4.425346443333334,18.5,18.5,18.5,11.5,6.0,14.6,17,theta_164,DE/rand,none,1%,crowding-pruned,repair+feasible-first,5,rand2,none,0.01,10,0.0769230769230769,5,0,0,rank,1,16.4,17
train,syn_n50_k05_cluster_corr_skewed_high_vol_r01_s20260632,3,theta_170,1.076890039741594,0.0178599422350921,0.8599999999999999,0.0345778821218398,1.2084431233477289,5.077071506666666,18.5,18.5,18.5,11.5,19.0,17.2,18,theta_170,DE/rand,none,10%,crowding-pruned,repair+feasible-first,5,rand2,none,0.1,10,0.0769230769230769,5,0,0,rank,1,16.4,18
train,syn_n50_k05_cluster_corr_skewed_high_vol_r01_s20260632,3,theta_175,1.076890039741594,0.0178599422350921,0.8599999999999999,0.0345778821218398,1.2084431233477289,5.191484346666667,18.5,18.5,18.5,11.5,20.0,17.4,19,theta_175,DE/rand,fixed,5%,crowding-pruned,repair+feasible-first,5,rand2,paper,0.05,5,0.0769230769230769,5,0,0,rank,1,16.4,19
train,syn_n50_k05_cluster_corr_skewed_high_vol_r01_s20260632,3,theta_189,1.076890039741594,0.0178599422350921,0.8599999999999999,0.0345778821218398,1.2084431233477289,11.466977750000002,18.5,18.5,18.5,11.5,21.0,17.6,20,theta_189,DE/rand,adaptive,10%,crowding-pruned,repair+feasible-first,5,rand2,stable,0.1,20,0.0769230769230769,5,0,0,rank,1,16.4,20
train,syn_n50_k05_cluster_corr_skewed_high_vol_r01_s20260632,3,theta_084,1.0759798344047364,0.0185638911477151,0.8483333333333334,0.0379117976877452,1.2103683146968798,4.998062656666665,22.0,22.0,22.0,22.0,18.0,21.2,23,theta_084,DE/rand,none,1%,crowding-pruned,repair+feasible-first,3,rand2,none,0.01,20,0.0769230769230769,5,0,0,rank,1,22.0,21
train,syn_n50_k05_cluster_corr_skewed_high_vol_r01_s20260632,3,theta_086,1.0759798344047364,0.0185638911477151,0.8483333333333334,0.0379117976877452,1.2103683146968798,4.510721336666666,22.0,22.0,22.0,22.0,8.0,19.2,21,theta_086,DE/rand,none,5%,crowding-pruned,repair+feasible-first,3,rand2,none,0.05,10,0.0769230769230769,5,0,0,rank,1,22.0,22
train,syn_n50_k05_cluster_corr_skewed_high_vol_r01_s20260632,3,theta_089,1.0759798344047364,0.0185638911477151,0.8483333333333334,0.0379117976877452,1.2103683146968798,4.68628651,22.0,22.0,22.0,22.0,11.0,19.8,22,theta_089,DE/rand,none,10%,crowding-pruned,repair+feasible-first,3,rand2,none,0.1,10,0.0769230769230769,5,0,0,rank,1,22.0,23
train,syn_n50_k05_cluster_corr_skewed_high_vol_r01_s20260632,3,theta_200,1.0686606038593476,0.0253897397405448,0.8269444444444446,0.0446812070748916,1.2011189692168378,11.688774096666668,24.0,24.0,24.0,24.0,22.0,23.6,24,theta_200,DE/best,fixed,1%,crowding-pruned,repair+feasible-first,5,best2,paper,0.01,10,0.0769230769230769,5,0,0,rank,1,24.0,24
train,syn_n50_k05_high_corr_heavy_tail_extreme_events_r01_s20260630,3,theta_118,1.1354931062327096,0.043166101433866,0.9022222222222224,0.0667641093787985,1.266465775882093,4.895813323333333,2.0,5.0,2.0,5.0,13.0,5.4,3,theta_118,DE/best,fixed,1%,crowding-pruned,repair+feasible-first,3,best2,paper,0.01,5,0.0769230769230769,5,0,0,rank,1,3.5,1
train,syn_n50_k05_high_corr_heavy_tail_extreme_events_r01_s20260630,3,theta_131,1.1354931062327096,0.043166101433866,0.9022222222222224,0.0667641093787985,1.266465775882093,4.96106456,2.0,5.0,2.0,5.0,16.0,6.0,6,theta_131,DE/best,adaptive,5%,crowding-pruned,repair+feasible-first,3,best2,stable,0.05,10,0.0769230769230769,5,0,0,rank,1,3.5,2
train,syn_n50_k05_high_corr_heavy_tail_extreme_events_r01_s20260630,3,theta_132,1.1354931062327096,0.043166101433866,0.9022222222222224,0.0667641093787985,1.266465775882093,4.918297793333334,2.0,5.0,2.0,5.0,14.0,5.6,4,theta_132,DE/best,adaptive,5%,crowding-pruned,repair+feasible-first,3,best2,stable,0.05,20,0.0769230769230769,5,0,0,rank,1,3.5,3
train,syn_n50_k05_high_corr_heavy_tail_extreme_events_r01_s20260630,3,theta_067,1.1336033206175626,0.0371060267268676,0.8936111111111112,0.0518080176600536,1.2799062925212288,4.683934316666667,9.0,2.0,5.0,2.0,9.0,5.4,2,theta_067,mixed,fixed,5%,crowding-pruned,repair+feasible-first,2,mixed,paper,0.05,5,0.0769230769230769,5,0,0,rank,1,4.3,4
train,syn_n50_k05_high_corr_heavy_tail_extreme_events_r01_s20260630,3,theta_076,1.1336033206175626,0.0371060267268676,0.8936111111111112,0.0518080176600536,1.2799062925212288,4.799347569999998,9.0,2.0,5.0,2.0,11.0,5.8,5,theta_076,mixed,adaptive,5%,crowding-pruned,repair+feasible-first,2,mixed,stable,0.05,5,0.0769230769230769,5,0,0,rank,1,4.3,5
train,syn_n50_k05_high_corr_heavy_tail_extreme_events_r01_s20260630,3,theta_078,1.1336033206175626,0.0371060267268676,0.8936111111111112,0.0518080176600536,1.2799062925212288,4.60188646,9.0,2.0,5.0,2.0,8.0,5.2,1,theta_078,mixed,adaptive,5%,crowding-pruned,repair+feasible-first,2,mixed,stable,0.05,20,0.0769230769230769,5,0,0,rank,1,4.3,6
train,syn_n50_k05_high_corr_heavy_tail_extreme_events_r01_s20260630,3,theta_223,1.133782247071074,0.0525075094207916,0.8825000000000001,0.0793052229684911,1.2498363649692763,12.39633256,5.0,12.0,8.5,8.0,23.0,11.3,8,theta_223,mixed,none,10%,crowding-pruned,repair+feasible-first,5,mixed,none,0.1,5,0.0769230769230769,5,0,0,rank,1,8.35,7
train,syn_n50_k05_high_corr_heavy_tail_extreme_events_r01_s20260630,3,theta_234,1.133782247071074,0.0525075094207916,0.8825000000000001,0.0793052229684911,1.2498363649692763,17.607993976666666,5.0,12.0,8.5,8.0,24.0,11.5,9,theta_234,mixed,fixed,10%,crowding-pruned,repair+feasible-first,5,mixed,paper,0.1,20,0.0769230769230769,5,0,0,rank,1,8.35,8
train,syn_n50_k05_high_corr_heavy_tail_extreme_events_r01_s20260630,3,theta_237,1.133782247071074,0.0525075094207916,0.8825000000000001,0.0793052229684911,1.2498363649692763,4.791867523333335,5.0,12.0,8.5,8.0,10.0,8.7,7,theta_237,mixed,adaptive,1%,crowding-pruned,repair+feasible-first,5,mixed,stable,0.01,20,0.0769230769230769,5,0,0,rank,1,8.35,9
train,syn_n50_k05_high_corr_heavy_tail_extreme_events_r01_s20260630,3,theta_200,1.1337486173811064,0.0528192119988433,0.8825000000000001,0.079802143190155,1.2341020279788957,11.714379106666664,7.0,14.0,8.5,10.0,21.0,12.1,12,theta_200,DE/best,fixed,1%,crowding-pruned,repair+feasible-first,5,best2,paper,0.01,10,0.0769230769230769,5,0,0,rank,1,9.75,10
train,syn_n50_k05_high_corr_heavy_tail_extreme_events_r01_s20260630,3,theta_034,1.131339140258354,0.0549594142284697,0.8600000000000001,0.0806539041663491,1.2595035257427445,3.976874500000001,14.5,16.5,12.5,12.5,2.0,11.6,10,theta_034,DE/best,none,10%,crowding-pruned,repair+feasible-first,2,best2,none,0.1,5,0.0769230769230769,5,0,0,rank,1,13.700000000000001,11
train,syn_n50_k05_high_corr_heavy_tail_extreme_events_r01_s20260630,3,theta_037,1.131339140258354,0.0549594142284697,0.8600000000000001,0.0806539041663491,1.2595035257427445,4.454858063333334,14.5,16.5,12.5,12.5,5.0,12.2,13,theta_037,DE/best,fixed,1%,crowding-pruned,repair+feasible-first,2,best2,paper,0.01,5,0.0769230769230769,5,0,0,rank,1,13.700000000000001,12
train,syn_n50_k05_high_corr_heavy_tail_extreme_events_r01_s20260630,3,theta_045,1.131339140258354,0.0549594142284697,0.8600000000000001,0.0806539041663491,1.2595035257427445,4.38066512,14.5,16.5,12.5,12.5,4.0,12.0,11,theta_045,DE/best,fixed,10%,crowding-pruned,repair+feasible-first,2,best2,paper,0.1,20,0.0769230769230769,5,0,0,rank,1,13.700000000000001,13
train,syn_n50_k05_high_corr_heavy_tail_extreme_events_r01_s20260630,3,theta_047,1.131339140258354,0.0549594142284697,0.8600000000000001,0.0806539041663491,1.2595035257427445,5.986672923333332,14.5,16.5,12.5,12.5,20.0,15.2,16,theta_047,DE/best,adaptive,1%,crowding-pruned,repair+feasible-first,2,best2,stable,0.01,10,0.0769230769230769,5,0,0,rank,1,13.700000000000001,14
train,syn_n50_k05_high_corr_heavy_tail_extreme_events_r01_s20260630,3,theta_144,1.1325728507082664,0.0630039787149337,0.8463888888888891,0.0973875498665237,1.2410353771305604,4.157095590000001,11.5,19.5,15.5,20.5,3.0,14.0,14,theta_144,mixed,none,10%,crowding-pruned,repair+feasible-first,3,mixed,none,0.1,20,0.0769230769230769,5,0,0,rank,1,17.0,15
train,syn_n50_k05_high_corr_heavy_tail_extreme_events_r01_s20260630,3,theta_159,1.1325728507082664,0.0630039787149337,0.8463888888888891,0.0973875498665237,1.2410353771305604,4.48862346,11.5,19.5,15.5,20.5,6.0,14.6,15,theta_159,mixed,adaptive,5%,crowding-pruned,repair+feasible-first,3,mixed,stable,0.05,20,0.0769230769230769,5,0,0,rank,1,17.0,16
train,syn_n50_k05_high_corr_heavy_tail_extreme_events_r01_s20260630,3,theta_164,1.126813374843362,0.0502952500513767,0.7947222222222224,0.085748782541578,1.2863393552381877,4.5146242333333335,22.5,8.5,22.5,16.5,7.0,15.4,17,theta_164,DE/rand,none,1%,crowding-pruned,repair+feasible-first,5,rand2,none,0.01,10,0.0769230769230769,5,0,0,rank,1,17.9,17
train,syn_n50_k05_high_corr_heavy_tail_extreme_events_r01_s20260630,3,theta_170,1.126813374843362,0.0502952500513767,0.7947222222222224,0.085748782541578,1.2863393552381877,5.052254186666668,22.5,8.5,22.5,16.5,17.0,17.4,19,theta_170,DE/rand,none,10%,crowding-pruned,repair+feasible-first,5,rand2,none,0.1,10,0.0769230769230769,5,0,0,rank,1,17.9,18
train,syn_n50_k05_high_corr_heavy_tail_extreme_events_r01_s20260630,3,theta_175,1.126813374843362,0.0502952500513767,0.7947222222222224,0.085748782541578,1.2863393552381877,5.110396456666667,22.5,8.5,22.5,16.5,18.0,17.6,20,theta_175,DE/rand,fixed,5%,crowding-pruned,repair+feasible-first,5,rand2,paper,0.05,5,0.0769230769230769,5,0,0,rank,1,17.9,19
train,syn_n50_k05_high_corr_heavy_tail_extreme_events_r01_s20260630,3,theta_189,1.126813374843362,0.0502952500513767,0.7947222222222224,0.085748782541578,1.2863393552381877,12.052612606666663,22.5,8.5,22.5,16.5,22.0,18.4,21,theta_189,DE/rand,adaptive,10%,crowding-pruned,repair+feasible-first,5,rand2,stable,0.1,20,0.0769230769230769,5,0,0,rank,1,17.9,20
train,syn_n50_k05_high_corr_heavy_tail_extreme_events_r01_s20260630,3,theta_011,1.1285833224395805,0.0668516168813805,0.8183333333333334,0.0972283447538114,1.2372600347789164,3.145766696666667,20.0,21.0,17.0,19.0,1.0,15.6,18,theta_011,DE/rand,fixed,1%,crowding-pruned,repair+feasible-first,2,rand2,paper,0.01,10,0.0769230769230769,5,0,0,rank,1,19.0,21
train,syn_n50_k05_high_corr_heavy_tail_extreme_events_r01_s20260630,3,theta_084,1.1298646445745482,0.0745993024461439,0.8125,0.1115064175953276,1.2087207637141633,5.326201433333333,18.0,23.0,19.0,23.0,19.0,20.4,24,theta_084,DE/rand,none,1%,crowding-pruned,repair+feasible-first,3,rand2,none,0.01,20,0.0769230769230769,5,0,0,rank,1,20.8,22
train,syn_n50_k05_high_corr_heavy_tail_extreme_events_r01_s20260630,3,theta_086,1.1298646445745482,0.0745993024461439,0.8125,0.1115064175953276,1.2087207637141633,4.823798829999999,18.0,23.0,19.0,23.0,12.0,19.0,22,theta_086,DE/rand,none,5%,crowding-pruned,repair+feasible-first,3,rand2,none,0.05,10,0.0769230769230769,5,0,0,rank,1,20.8,23
train,syn_n50_k05_high_corr_heavy_tail_extreme_events_r01_s20260630,3,theta_089,1.1298646445745482,0.0745993024461439,0.8125,0.1115064175953276,1.2087207637141633,4.932254816666668,18.0,23.0,19.0,23.0,15.0,19.6,23,theta_089,DE/rand,none,10%,crowding-pruned,repair+feasible-first,3,rand2,none,0.1,10,0.0769230769230769,5,0,0,rank,1,20.8,24
train,syn_n50_k05_low_corr_heavy_tail_high_vol_r03_s20260631,3,theta_011,1.015029286201208,0.0080653706065836,0.9175,0.0181863807239892,1.2994081652559035,2.786983223333334,1.0,1.0,1.0,14.0,1.0,3.6,1,theta_011,DE/rand,fixed,1%,crowding-pruned,repair+feasible-first,2,rand2,paper,0.01,10,0.0769230769230769,5,0,0,rank,1,4.9,1
train,syn_n50_k05_low_corr_heavy_tail_high_vol_r03_s20260631,3,theta_034,1.0128060230570184,0.0089181936811207,0.9044444444444444,0.0178877330641477,1.3134352403036471,3.4710487466666664,5.5,3.5,3.5,11.5,2.0,5.2,2,theta_034,DE/best,none,10%,crowding-pruned,repair+feasible-first,2,best2,none,0.1,5,0.0769230769230769,5,0,0,rank,1,6.300000000000001,2
train,syn_n50_k05_low_corr_heavy_tail_high_vol_r03_s20260631,3,theta_037,1.0128060230570184,0.0089181936811207,0.9044444444444444,0.0178877330641477,1.3134352403036471,3.964740986666667,5.5,3.5,3.5,11.5,4.0,5.6,3,theta_037,DE/best,fixed,1%,crowding-pruned,repair+feasible-first,2,best2,paper,0.01,5,0.0769230769230769,5,0,0,rank,1,6.300000000000001,3
train,syn_n50_k05_low_corr_heavy_tail_high_vol_r03_s20260631,3,theta_045,1.0128060230570184,0.0089181936811207,0.9044444444444444,0.0178877330641477,1.3134352403036471,4.021006123333333,5.5,3.5,3.5,11.5,5.0,5.8,4,theta_045,DE/best,fixed,10%,crowding-pruned,repair+feasible-first,2,best2,paper,0.1,20,0.0769230769230769,5,0,0,rank,1,6.300000000000001,4
train,syn_n50_k05_low_corr_heavy_tail_high_vol_r03_s20260631,3,theta_047,1.0128060230570184,0.0089181936811207,0.9044444444444444,0.0178877330641477,1.3134352403036471,7.28217559,5.5,3.5,3.5,11.5,20.0,8.8,6,theta_047,DE/best,adaptive,1%,crowding-pruned,repair+feasible-first,2,best2,stable,0.01,10,0.0769230769230769,5,0,0,rank,1,6.300000000000001,5
train,syn_n50_k05_low_corr_heavy_tail_high_vol_r03_s20260631,3,theta_118,1.0109032311332933,0.0099617501624406,0.8819444444444445,0.0174307486166826,1.3112798135598858,4.467706793333333,12.0,12.0,9.0,2.0,11.0,9.2,8,theta_118,DE/best,fixed,1%,crowding-pruned,repair+feasible-first,3,best2,paper,0.01,5,0.0769230769230769,5,0,0,rank,1,8.1,6
train,syn_n50_k05_low_corr_heavy_tail_high_vol_r03_s20260631,3,theta_131,1.0109032311332933,0.0099617501624406,0.8819444444444445,0.0174307486166826,1.3112798135598858,4.582200369999999,12.0,12.0,9.0,2.0,16.0,10.2,9,theta_131,DE/best,adaptive,5%,crowding-pruned,repair+feasible-first,3,best2,stable,0.05,10,0.0769230769230769,5,0,0,rank,1,8.1,7
train,syn_n50_k05_low_corr_heavy_tail_high_vol_r03_s20260631,3,theta_132,1.0109032311332933,0.0099617501624406,0.8819444444444445,0.0174307486166826,1.3112798135598858,4.673607763333334,12.0,12.0,9.0,2.0,17.0,10.4,10,theta_132,DE/best,adaptive,5%,crowding-pruned,repair+feasible-first,3,best2,stable,0.05,20,0.0769230769230769,5,0,0,rank,1,8.1,8
train,syn_n50_k05_low_corr_heavy_tail_high_vol_r03_s20260631,3,theta_144,1.0128136509151726,0.0089635215637754,0.8991666666666667,0.0209329316700646,1.2960536400799816,3.71864259,2.5,6.5,6.5,19.5,3.0,7.6,5,theta_144,mixed,none,10%,crowding-pruned,repair+feasible-first,3,mixed,none,0.1,20,0.0769230769230769,5,0,0,rank,1,9.6,9
train,syn_n50_k05_low_corr_heavy_tail_high_vol_r03_s20260631,3,theta_159,1.0128136509151726,0.0089635215637754,0.8991666666666667,0.0209329316700646,1.2960536400799816,4.30824237,2.5,6.5,6.5,19.5,9.0,8.8,7,theta_159,mixed,adaptive,5%,crowding-pruned,repair+feasible-first,3,mixed,stable,0.05,20,0.0769230769230769,5,0,0,rank,1,9.6,10
train,syn_n50_k05_low_corr_heavy_tail_high_vol_r03_s20260631,3,theta_067,1.011210576332275,0.009712091235456,0.8805555555555558,0.0193974062111281,1.3052037565164485,4.357455673333334,9.0,9.0,12.0,16.0,10.0,11.2,12,theta_067,mixed,fixed,5%,crowding-pruned,repair+feasible-first,2,mixed,paper,0.05,5,0.0769230769230769,5,0,0,rank,1,12.0,11
train,syn_n50_k05_low_corr_heavy_tail_high_vol_r03_s20260631,3,theta_076,1.011210576332275,0.009712091235456,0.8805555555555558,0.0193974062111281,1.3052037565164485,4.4899021633333325,9.0,9.0,12.0,16.0,12.0,11.6,13,theta_076,mixed,adaptive,5%,crowding-pruned,repair+feasible-first,2,mixed,stable,0.05,5,0.0769230769230769,5,0,0,rank,1,12.0,12
train,syn_n50_k05_low_corr_heavy_tail_high_vol_r03_s20260631,3,theta_078,1.011210576332275,0.009712091235456,0.8805555555555558,0.0193974062111281,1.3052037565164485,4.3039457400000005,9.0,9.0,12.0,16.0,8.0,10.8,11,theta_078,mixed,adaptive,5%,crowding-pruned,repair+feasible-first,2,mixed,stable,0.05,20,0.0769230769230769,5,0,0,rank,1,12.0,13
train,syn_n50_k05_low_corr_heavy_tail_high_vol_r03_s20260631,3,theta_084,1.0090483326579625,0.0110759679531135,0.8477777777777777,0.0175248588268727,1.3081994652455615,4.168405506666667,16.0,16.0,16.0,8.0,7.0,12.6,14,theta_084,DE/rand,none,1%,crowding-pruned,repair+feasible-first,3,rand2,none,0.01,20,0.0769230769230769,5,0,0,rank,1,13.6,14
train,syn_n50_k05_low_corr_heavy_tail_high_vol_r03_s20260631,3,theta_086,1.0090483326579625,0.0110759679531135,0.8477777777777777,0.0175248588268727,1.3081994652455615,4.5453387733333335,16.0,16.0,16.0,8.0,14.0,14.0,15,theta_086,DE/rand,none,5%,crowding-pruned,repair+feasible-first,3,rand2,none,0.05,10,0.0769230769230769,5,0,0,rank,1,13.6,15
train,syn_n50_k05_low_corr_heavy_tail_high_vol_r03_s20260631,3,theta_089,1.0090483326579625,0.0110759679531135,0.8477777777777777,0.0175248588268727,1.3081994652455615,4.579604326666666,16.0,16.0,16.0,8.0,15.0,14.2,16,theta_089,DE/rand,none,10%,crowding-pruned,repair+feasible-first,3,rand2,none,0.1,10,0.0769230769230769,5,0,0,rank,1,13.6,16
train,syn_n50_k05_low_corr_heavy_tail_high_vol_r03_s20260631,3,theta_200,1.0097260911463832,0.0104353289004939,0.8572222222222223,0.0204530643027929,1.310646832110688,10.716186456666666,14.0,14.0,14.0,18.0,21.0,16.2,17,theta_200,DE/best,fixed,1%,crowding-pruned,repair+feasible-first,5,best2,paper,0.01,10,0.0769230769230769,5,0,0,rank,1,15.2,17
train,syn_n50_k05_low_corr_heavy_tail_high_vol_r03_s20260631,3,theta_223,1.0057521268798817,0.0123639952656202,0.8222222222222223,0.0174784366221917,1.307976587270058,11.7916219,23.0,23.0,19.0,5.0,23.0,18.6,20,theta_223,mixed,none,10%,crowding-pruned,repair+feasible-first,5,mixed,none,0.1,5,0.0769230769230769,5,0,0,rank,1,16.400000000000002,18
train,syn_n50_k05_low_corr_heavy_tail_high_vol_r03_s20260631,3,theta_234,1.0057521268798817,0.0123639952656202,0.8222222222222223,0.0174784366221917,1.307976587270058,13.710255743333333,23.0,23.0,19.0,5.0,24.0,18.8,21,theta_234,mixed,fixed,10%,crowding-pruned,repair+feasible-first,5,mixed,paper,0.1,20,0.0769230769230769,5,0,0,rank,1,16.400000000000002,19
train,syn_n50_k05_low_corr_heavy_tail_high_vol_r03_s20260631,3,theta_237,1.0057521268798817,0.0123639952656202,0.8222222222222223,0.0174784366221917,1.307976587270058,4.53001421,23.0,23.0,19.0,5.0,13.0,16.6,18,theta_237,mixed,adaptive,1%,crowding-pruned,repair+feasible-first,5,mixed,stable,0.01,20,0.0769230769230769,5,0,0,rank,1,16.400000000000002,20
train,syn_n50_k05_low_corr_heavy_tail_high_vol_r03_s20260631,3,theta_164,1.0071955870422509,0.0119739264893429,0.8211111111111112,0.0213816990899984,1.2995998015711372,4.158469133333333,19.5,19.5,22.5,22.5,6.0,18.0,19,theta_164,DE/rand,none,1%,crowding-pruned,repair+feasible-first,5,rand2,none,0.01,10,0.0769230769230769,5,0,0,rank,1,21.3,21
train,syn_n50_k05_low_corr_heavy_tail_high_vol_r03_s20260631,3,theta_170,1.0071955870422509,0.0119739264893429,0.8211111111111112,0.0213816990899984,1.2995998015711372,4.704277763333334,19.5,19.5,22.5,22.5,18.0,20.4,22,theta_170,DE/rand,none,10%,crowding-pruned,repair+feasible-first,5,rand2,none,0.1,10,0.0769230769230769,5,0,0,rank,1,21.3,22
train,syn_n50_k05_low_corr_heavy_tail_high_vol_r03_s20260631,3,theta_175,1.0071955870422509,0.0119739264893429,0.8211111111111112,0.0213816990899984,1.2995998015711372,4.743282386666667,19.5,19.5,22.5,22.5,19.0,20.6,23,theta_175,DE/rand,fixed,5%,crowding-pruned,repair+feasible-first,5,rand2,paper,0.05,5,0.0769230769230769,5,0,0,rank,1,21.3,23
train,syn_n50_k05_low_corr_heavy_tail_high_vol_r03_s20260631,3,theta_189,1.0071955870422509,0.0119739264893429,0.8211111111111112,0.0213816990899984,1.2995998015711372,11.02889213,19.5,19.5,22.5,22.5,22.0,21.2,24,theta_189,DE/rand,adaptive,10%,crowding-pruned,repair+feasible-first,5,rand2,stable,0.1,20,0.0769230769230769,5,0,0,rank,1,21.3,24
train,syn_n50_k05_low_corr_normal_low_vol_r01_s20260629,3,theta_011,1.1567443185168285,0.015907917059606,0.8633333333333335,0.0334061748438758,1.239650290276006,2.881385039999999,2.0,1.0,1.0,9.0,1.0,2.8,1,theta_011,DE/rand,fixed,1%,crowding-pruned,repair+feasible-first,2,rand2,paper,0.01,10,0.0769230769230769,5,0,0,rank,1,3.5999999999999996,1
train,syn_n50_k05_low_corr_normal_low_vol_r01_s20260629,3,theta_223,1.1556951203628216,0.0171441745083853,0.8555555555555557,0.0320802452686596,1.222384057617536,11.941999363333334,13.0,4.0,4.0,5.0,23.0,9.8,8,theta_223,mixed,none,10%,crowding-pruned,repair+feasible-first,5,mixed,none,0.1,5,0.0769230769230769,5,0,0,rank,1,6.1000000000000005,2
train,syn_n50_k05_low_corr_normal_low_vol_r01_s20260629,3,theta_234,1.1556951203628216,0.0171441745083853,0.8555555555555557,0.0320802452686596,1.222384057617536,13.943784200000003,13.0,4.0,4.0,5.0,24.0,10.0,10,theta_234,mixed,fixed,10%,crowding-pruned,repair+feasible-first,5,mixed,paper,0.1,20,0.0769230769230769,5,0,0,rank,1,6.1000000000000005,3
train,syn_n50_k05_low_corr_normal_low_vol_r01_s20260629,3,theta_237,1.1556951203628216,0.0171441745083853,0.8555555555555557,0.0320802452686596,1.222384057617536,4.6489409833333335,13.0,4.0,4.0,5.0,15.0,8.2,6,theta_237,mixed,adaptive,1%,crowding-pruned,repair+feasible-first,5,mixed,stable,0.01,20,0.0769230769230769,5,0,0,rank,1,6.1000000000000005,4
train,syn_n50_k05_low_corr_normal_low_vol_r01_s20260629,3,theta_144,1.1564397803876,0.0182932681676219,0.8447222222222223,0.0325516938702899,1.2173137299434984,3.768417510000001,3.5,9.5,9.5,7.5,3.0,6.6,2,theta_144,mixed,none,10%,crowding-pruned,repair+feasible-first,3,mixed,none,0.1,20,0.0769230769230769,5,0,0,rank,1,7.7,5
train,syn_n50_k05_low_corr_normal_low_vol_r01_s20260629,3,theta_159,1.1564397803876,0.0182932681676219,0.8447222222222223,0.0325516938702899,1.2173137299434984,4.307670996666667,3.5,9.5,9.5,7.5,7.0,7.4,4,theta_159,mixed,adaptive,5%,crowding-pruned,repair+feasible-first,3,mixed,stable,0.05,20,0.0769230769230769,5,0,0,rank,1,7.7,6
train,syn_n50_k05_low_corr_normal_low_vol_r01_s20260629,3,theta_067,1.1558668342455551,0.0177095558813198,0.8469444444444444,0.0337477713427204,1.206641784689724,4.20450116,6.0,7.0,7.0,11.0,6.0,7.4,3,theta_067,mixed,fixed,5%,crowding-pruned,repair+feasible-first,2,mixed,paper,0.05,5,0.0769230769230769,5,0,0,rank,1,8.0,7
train,syn_n50_k05_low_corr_normal_low_vol_r01_s20260629,3,theta_076,1.1558668342455551,0.0177095558813198,0.8469444444444444,0.0337477713427204,1.206641784689724,4.48711626,6.0,7.0,7.0,11.0,10.0,8.2,5,theta_076,mixed,adaptive,5%,crowding-pruned,repair+feasible-first,2,mixed,stable,0.05,5,0.0769230769230769,5,0,0,rank,1,8.0,8
train,syn_n50_k05_low_corr_normal_low_vol_r01_s20260629,3,theta_078,1.1558668342455551,0.0177095558813198,0.8469444444444444,0.0337477713427204,1.206641784689724,4.581162393333333,6.0,7.0,7.0,11.0,12.0,8.6,7,theta_078,mixed,adaptive,5%,crowding-pruned,repair+feasible-first,2,mixed,stable,0.05,20,0.0769230769230769,5,0,0,rank,1,8.0,9
train,syn_n50_k05_low_corr_normal_low_vol_r01_s20260629,3,theta_200,1.1568385704289603,0.0169044008108651,0.8580555555555556,0.0386941925402835,1.2074851152328352,11.200651473333334,1.0,2.0,2.0,24.0,21.0,10.0,9,theta_200,DE/best,fixed,1%,crowding-pruned,repair+feasible-first,5,best2,paper,0.01,10,0.0769230769230769,5,0,0,rank,1,8.399999999999999,10
train,syn_n50_k05_low_corr_normal_low_vol_r01_s20260629,3,theta_084,1.1550221947230035,0.0193096506328006,0.8291666666666667,0.0305565569071151,1.2379291920396254,4.3508441866666665,16.0,12.0,12.0,2.0,9.0,10.2,11,theta_084,DE/rand,none,1%,crowding-pruned,repair+feasible-first,3,rand2,none,0.01,20,0.0769230769230769,5,0,0,rank,1,9.799999999999999,11
train,syn_n50_k05_low_corr_normal_low_vol_r01_s20260629,3,theta_086,1.1550221947230035,0.0193096506328006,0.8291666666666667,0.0305565569071151,1.2379291920396254,4.645767983333333,16.0,12.0,12.0,2.0,14.0,11.2,12,theta_086,DE/rand,none,5%,crowding-pruned,repair+feasible-first,3,rand2,none,0.05,10,0.0769230769230769,5,0,0,rank,1,9.799999999999999,12
train,syn_n50_k05_low_corr_normal_low_vol_r01_s20260629,3,theta_089,1.1550221947230035,0.0193096506328006,0.8291666666666667,0.0305565569071151,1.2379291920396254,4.684731506666666,16.0,12.0,12.0,2.0,17.0,11.8,15,theta_089,DE/rand,none,10%,crowding-pruned,repair+feasible-first,3,rand2,none,0.1,10,0.0769230769230769,5,0,0,rank,1,9.799999999999999,13
train,syn_n50_k05_low_corr_normal_low_vol_r01_s20260629,3,theta_034,1.1558304142315672,0.0197486304647844,0.8286111111111112,0.0371460764558209,1.209058397245382,3.64307377,9.5,15.5,15.5,14.5,2.0,11.4,13,theta_034,DE/best,none,10%,crowding-pruned,repair+feasible-first,2,best2,none,0.1,5,0.0769230769230769,5,0,0,rank,1,13.999999999999998,14
train,syn_n50_k05_low_corr_normal_low_vol_r01_s20260629,3,theta_037,1.1558304142315672,0.0197486304647844,0.8286111111111112,0.0371460764558209,1.209058397245382,4.119923233333333,9.5,15.5,15.5,14.5,5.0,12.0,16,theta_037,DE/best,fixed,1%,crowding-pruned,repair+feasible-first,2,best2,paper,0.01,5,0.0769230769230769,5,0,0,rank,1,13.999999999999998,15
train,syn_n50_k05_low_corr_normal_low_vol_r01_s20260629,3,theta_045,1.1558304142315672,0.0197486304647844,0.8286111111111112,0.0371460764558209,1.209058397245382,4.0896551400000005,9.5,15.5,15.5,14.5,4.0,11.8,14,theta_045,DE/best,fixed,10%,crowding-pruned,repair+feasible-first,2,best2,paper,0.1,20,0.0769230769230769,5,0,0,rank,1,13.999999999999998,16
train,syn_n50_k05_low_corr_normal_low_vol_r01_s20260629,3,theta_047,1.1558304142315672,0.0197486304647844,0.8286111111111112,0.0371460764558209,1.209058397245382,9.1403673,9.5,15.5,15.5,14.5,20.0,15.0,17,theta_047,DE/best,adaptive,1%,crowding-pruned,repair+feasible-first,2,best2,stable,0.01,10,0.0769230769230769,5,0,0,rank,1,13.999999999999998,17
train,syn_n50_k05_low_corr_normal_low_vol_r01_s20260629,3,theta_118,1.1541142059756169,0.0207418720793332,0.8041666666666667,0.0378042385636565,1.236856262691572,4.537534766666666,19.0,19.0,19.0,18.0,11.0,17.2,18,theta_118,DE/best,fixed,1%,crowding-pruned,repair+feasible-first,3,best2,paper,0.01,5,0.0769230769230769,5,0,0,rank,1,18.7,18
train,syn_n50_k05_low_corr_normal_low_vol_r01_s20260629,3,theta_131,1.1541142059756169,0.0207418720793332,0.8041666666666667,0.0378042385636565,1.236856262691572,4.590505583333334,19.0,19.0,19.0,18.0,13.0,17.6,19,theta_131,DE/best,adaptive,5%,crowding-pruned,repair+feasible-first,3,best2,stable,0.05,10,0.0769230769230769,5,0,0,rank,1,18.7,19
train,syn_n50_k05_low_corr_normal_low_vol_r01_s20260629,3,theta_132,1.1541142059756169,0.0207418720793332,0.8041666666666667,0.0378042385636565,1.236856262691572,4.679887730000001,19.0,19.0,19.0,18.0,16.0,18.2,20,theta_132,DE/best,adaptive,5%,crowding-pruned,repair+feasible-first,3,best2,stable,0.05,20,0.0769230769230769,5,0,0,rank,1,18.7,20
train,syn_n50_k05_low_corr_normal_low_vol_r01_s20260629,3,theta_164,1.1456580525876248,0.0267027995024955,0.7077777777777778,0.0384477457220809,1.2222307383710096,4.316260086666667,22.5,22.5,22.5,21.5,8.0,19.4,21,theta_164,DE/rand,none,1%,crowding-pruned,repair+feasible-first,5,rand2,none,0.01,10,0.0769230769230769,5,0,0,rank,1,22.2,21
train,syn_n50_k05_low_corr_normal_low_vol_r01_s20260629,3,theta_170,1.1456580525876248,0.0267027995024955,0.7077777777777778,0.0384477457220809,1.2222307383710096,4.812763296666668,22.5,22.5,22.5,21.5,19.0,21.6,23,theta_170,DE/rand,none,10%,crowding-pruned,repair+feasible-first,5,rand2,none,0.1,10,0.0769230769230769,5,0,0,rank,1,22.2,22
train,syn_n50_k05_low_corr_normal_low_vol_r01_s20260629,3,theta_175,1.1456580525876248,0.0267027995024955,0.7077777777777778,0.0384477457220809,1.2222307383710096,4.698130269999999,22.5,22.5,22.5,21.5,18.0,21.4,22,theta_175,DE/rand,fixed,5%,crowding-pruned,repair+feasible-first,5,rand2,paper,0.05,5,0.0769230769230769,5,0,0,rank,1,22.2,23
train,syn_n50_k05_low_corr_normal_low_vol_r01_s20260629,3,theta_189,1.1456580525876248,0.0267027995024955,0.7077777777777778,0.0384477457220809,1.2222307383710096,11.451967376666666,22.5,22.5,22.5,21.5,22.0,22.2,24,theta_189,DE/rand,adaptive,10%,crowding-pruned,repair+feasible-first,5,rand2,stable,0.1,20,0.0769230769230769,5,0,0,rank,1,22.2,24
train,syn_n50_k05_low_corr_skewed_extreme_events_r02_s20260627,3,theta_118,1.064435843385137,0.0063618593381439,0.9608333333333332,0.0168920127063223,1.2657357448063409,4.778342946666666,3.0,3.0,3.0,2.0,15.0,5.2,1,theta_118,DE/best,fixed,1%,crowding-pruned,repair+feasible-first,3,best2,paper,0.01,5,0.0769230769230769,5,0,0,rank,1,2.7,1
train,syn_n50_k05_low_corr_skewed_extreme_events_r02_s20260627,3,theta_131,1.064435843385137,0.0063618593381439,0.9608333333333332,0.0168920127063223,1.2657357448063409,4.795190160000001,3.0,3.0,3.0,2.0,16.0,5.4,2,theta_131,DE/best,adaptive,5%,crowding-pruned,repair+feasible-first,3,best2,stable,0.05,10,0.0769230769230769,5,0,0,rank,1,2.7,2
train,syn_n50_k05_low_corr_skewed_extreme_events_r02_s20260627,3,theta_132,1.064435843385137,0.0063618593381439,0.9608333333333332,0.0168920127063223,1.2657357448063409,5.00259327,3.0,3.0,3.0,2.0,18.0,5.8,3,theta_132,DE/best,adaptive,5%,crowding-pruned,repair+feasible-first,3,best2,stable,0.05,20,0.0769230769230769,5,0,0,rank,1,2.7,3
train,syn_n50_k05_low_corr_skewed_extreme_events_r02_s20260627,3,theta_200,1.0663410962013766,0.0057167605584377,0.982777777777778,0.0206389703238837,1.260548587090306,11.912464026666669,1.0,1.0,1.0,7.0,22.0,6.4,6,theta_200,DE/best,fixed,1%,crowding-pruned,repair+feasible-first,5,best2,paper,0.01,10,0.0769230769230769,5,0,0,rank,1,2.8,4
train,syn_n50_k05_low_corr_skewed_extreme_events_r02_s20260627,3,theta_084,1.0618504231406132,0.0081935070007889,0.9225,0.0186863126362128,1.2594198344799976,4.050309376666666,6.0,6.0,10.0,5.0,4.0,6.2,4,theta_084,DE/rand,none,1%,crowding-pruned,repair+feasible-first,3,rand2,none,0.01,20,0.0769230769230769,5,0,0,rank,1,6.9,5
train,syn_n50_k05_low_corr_skewed_extreme_events_r02_s20260627,3,theta_086,1.0618504231406132,0.0081935070007889,0.9225,0.0186863126362128,1.2594198344799976,4.106991066666668,6.0,6.0,10.0,5.0,5.0,6.4,5,theta_086,DE/rand,none,5%,crowding-pruned,repair+feasible-first,3,rand2,none,0.05,10,0.0769230769230769,5,0,0,rank,1,6.9,6
train,syn_n50_k05_low_corr_skewed_extreme_events_r02_s20260627,3,theta_089,1.0618504231406132,0.0081935070007889,0.9225,0.0186863126362128,1.2594198344799976,4.690563643333334,6.0,6.0,10.0,5.0,13.0,8.0,7,theta_089,DE/rand,none,10%,crowding-pruned,repair+feasible-first,3,rand2,none,0.1,10,0.0769230769230769,5,0,0,rank,1,6.9,7
train,syn_n50_k05_low_corr_skewed_extreme_events_r02_s20260627,3,theta_067,1.0611031744664297,0.0106789030952492,0.9511111111111112,0.0206905558011018,1.2670682013063426,4.6823660233333335,9.0,9.0,6.0,9.0,12.0,9.0,10,theta_067,mixed,fixed,5%,crowding-pruned,repair+feasible-first,2,mixed,paper,0.05,5,0.0769230769230769,5,0,0,rank,1,8.1,8
train,syn_n50_k05_low_corr_skewed_extreme_events_r02_s20260627,3,theta_076,1.0611031744664297,0.0106789030952492,0.9511111111111112,0.0206905558011018,1.2670682013063426,4.61110894,9.0,9.0,6.0,9.0,11.0,8.8,9,theta_076,mixed,adaptive,5%,crowding-pruned,repair+feasible-first,2,mixed,stable,0.05,5,0.0769230769230769,5,0,0,rank,1,8.1,9
train,syn_n50_k05_low_corr_skewed_extreme_events_r02_s20260627,3,theta_078,1.0611031744664297,0.0106789030952492,0.9511111111111112,0.0206905558011018,1.2670682013063426,4.58037392,9.0,9.0,6.0,9.0,10.0,8.6,8,theta_078,mixed,adaptive,5%,crowding-pruned,repair+feasible-first,2,mixed,stable,0.05,20,0.0769230769230769,5,0,0,rank,1,8.1,10
train,syn_n50_k05_low_corr_skewed_extreme_events_r02_s20260627,3,theta_011,1.06066944734934,0.0112377729702028,0.9361111111111112,0.0218838421210008,1.2589013648627592,3.058540256666667,11.0,11.0,8.0,15.0,1.0,9.2,11,theta_011,DE/rand,fixed,1%,crowding-pruned,repair+feasible-first,2,rand2,paper,0.01,10,0.0769230769230769,5,0,0,rank,1,11.3,11
train,syn_n50_k05_low_corr_skewed_extreme_events_r02_s20260627,3,theta_034,1.0595683423911866,0.0117235991846848,0.9197222222222222,0.0215608346525416,1.2678481803775912,3.8183704,13.5,13.5,13.5,12.5,2.0,11.0,12,theta_034,DE/best,none,10%,crowding-pruned,repair+feasible-first,2,best2,none,0.1,5,0.0769230769230769,5,0,0,rank,1,13.2,12
train,syn_n50_k05_low_corr_skewed_extreme_events_r02_s20260627,3,theta_037,1.0595683423911866,0.0117235991846848,0.9197222222222222,0.0215608346525416,1.2678481803775912,4.208126056666667,13.5,13.5,13.5,12.5,6.0,11.8,13,theta_037,DE/best,fixed,1%,crowding-pruned,repair+feasible-first,2,best2,paper,0.01,5,0.0769230769230769,5,0,0,rank,1,13.2,13
train,syn_n50_k05_low_corr_skewed_extreme_events_r02_s20260627,3,theta_045,1.0595683423911866,0.0117235991846848,0.9197222222222222,0.0215608346525416,1.2678481803775912,4.278624186666667,13.5,13.5,13.5,12.5,7.0,12.0,14,theta_045,DE/best,fixed,10%,crowding-pruned,repair+feasible-first,2,best2,paper,0.1,20,0.0769230769230769,5,0,0,rank,1,13.2,14
train,syn_n50_k05_low_corr_skewed_extreme_events_r02_s20260627,3,theta_047,1.0595683423911866,0.0117235991846848,0.9197222222222222,0.0215608346525416,1.2678481803775912,6.478544683333334,13.5,13.5,13.5,12.5,20.0,14.6,15,theta_047,DE/best,adaptive,1%,crowding-pruned,repair+feasible-first,2,best2,stable,0.01,10,0.0769230769230769,5,0,0,rank,1,13.2,15
train,syn_n50_k05_low_corr_skewed_extreme_events_r02_s20260627,3,theta_223,1.0565819553950893,0.0133873369745777,0.88,0.0231526945531587,1.2621928423837407,12.45471408,17.0,23.0,19.0,17.0,23.0,19.8,21,theta_223,mixed,none,10%,crowding-pruned,repair+feasible-first,5,mixed,none,0.1,5,0.0769230769230769,5,0,0,rank,1,18.799999999999997,16
train,syn_n50_k05_low_corr_skewed_extreme_events_r02_s20260627,3,theta_234,1.0565819553950893,0.0133873369745777,0.88,0.0231526945531587,1.2621928423837407,13.639825796666663,17.0,23.0,19.0,17.0,24.0,20.0,23,theta_234,mixed,fixed,10%,crowding-pruned,repair+feasible-first,5,mixed,paper,0.1,20,0.0769230769230769,5,0,0,rank,1,18.799999999999997,17
train,syn_n50_k05_low_corr_skewed_extreme_events_r02_s20260627,3,theta_237,1.0565819553950893,0.0133873369745777,0.88,0.0231526945531587,1.2621928423837407,4.890744003333334,17.0,23.0,19.0,17.0,17.0,18.6,19,theta_237,mixed,adaptive,1%,crowding-pruned,repair+feasible-first,5,mixed,stable,0.01,20,0.0769230769230769,5,0,0,rank,1,18.799999999999997,18
train,syn_n50_k05_low_corr_skewed_extreme_events_r02_s20260627,3,theta_164,1.056472949911906,0.0117554883030057,0.8377777777777777,0.0233447282843707,1.258445023999575,4.407595630000001,20.5,17.5,22.5,20.5,9.0,18.0,17,theta_164,DE/rand,none,1%,crowding-pruned,repair+feasible-first,5,rand2,none,0.01,10,0.0769230769230769,5,0,0,rank,1,20.5,19
train,syn_n50_k05_low_corr_skewed_extreme_events_r02_s20260627,3,theta_170,1.056472949911906,0.0117554883030057,0.8377777777777777,0.0233447282843707,1.258445023999575,5.03202719,20.5,17.5,22.5,20.5,19.0,20.0,22,theta_170,DE/rand,none,10%,crowding-pruned,repair+feasible-first,5,rand2,none,0.1,10,0.0769230769230769,5,0,0,rank,1,20.5,20
train,syn_n50_k05_low_corr_skewed_extreme_events_r02_s20260627,3,theta_175,1.056472949911906,0.0117554883030057,0.8377777777777777,0.0233447282843707,1.258445023999575,4.710151846666665,20.5,17.5,22.5,20.5,14.0,19.0,20,theta_175,DE/rand,fixed,5%,crowding-pruned,repair+feasible-first,5,rand2,paper,0.05,5,0.0769230769230769,5,0,0,rank,1,20.5,21
train,syn_n50_k05_low_corr_skewed_extreme_events_r02_s20260627,3,theta_189,1.056472949911906,0.0117554883030057,0.8377777777777777,0.0233447282843707,1.258445023999575,11.642884196666667,20.5,17.5,22.5,20.5,21.0,20.4,24,theta_189,DE/rand,adaptive,10%,crowding-pruned,repair+feasible-first,5,rand2,stable,0.1,20,0.0769230769230769,5,0,0,rank,1,20.5,22
train,syn_n50_k05_low_corr_skewed_extreme_events_r02_s20260627,3,theta_144,1.0562872261691592,0.0130734047225418,0.9008333333333334,0.0247832150213444,1.2596513912246583,3.880881956666667,23.5,20.5,16.5,23.5,3.0,17.4,16,theta_144,mixed,none,10%,crowding-pruned,repair+feasible-first,3,mixed,none,0.1,20,0.0769230769230769,5,0,0,rank,1,20.8,23
train,syn_n50_k05_low_corr_skewed_extreme_events_r02_s20260627,3,theta_159,1.0562872261691592,0.0130734047225418,0.9008333333333334,0.0247832150213444,1.2596513912246583,4.38323126,23.5,20.5,16.5,23.5,8.0,18.4,18,theta_159,mixed,adaptive,5%,crowding-pruned,repair+feasible-first,3,mixed,stable,0.05,20,0.0769230769230769,5,0,0,rank,1,20.8,24
train,syn_n50_k05_pathological_cov_normal_extreme_events_r02_s20260628,3,theta_067,1.0671569158512446,0.0153019520016214,0.9272222222222224,0.0479543083307428,1.3645584917705913,4.707426393333333,9.0,2.0,2.0,5.0,8.0,5.2,1,theta_067,mixed,fixed,5%,crowding-pruned,repair+feasible-first,2,mixed,paper,0.05,5,0.0769230769230769,5,0,0,rank,1,4.300000000000001,1
train,syn_n50_k05_pathological_cov_normal_extreme_events_r02_s20260628,3,theta_076,1.0671569158512446,0.0153019520016214,0.9272222222222224,0.0479543083307428,1.3645584917705913,4.802413763333334,9.0,2.0,2.0,5.0,10.0,5.6,2,theta_076,mixed,adaptive,5%,crowding-pruned,repair+feasible-first,2,mixed,stable,0.05,5,0.0769230769230769,5,0,0,rank,1,4.300000000000001,2
train,syn_n50_k05_pathological_cov_normal_extreme_events_r02_s20260628,3,theta_078,1.0671569158512446,0.0153019520016214,0.9272222222222224,0.0479543083307428,1.3645584917705913,4.93874364,9.0,2.0,2.0,5.0,13.0,6.2,3,theta_078,mixed,adaptive,5%,crowding-pruned,repair+feasible-first,2,mixed,stable,0.05,20,0.0769230769230769,5,0,0,rank,1,4.300000000000001,3
train,syn_n50_k05_pathological_cov_normal_extreme_events_r02_s20260628,3,theta_118,1.064188851456078,0.0192496808537364,0.9211111111111112,0.0429645482110823,1.355898524625171,4.712870260000001,23.0,7.0,5.0,2.0,9.0,9.2,5,theta_118,DE/best,fixed,1%,crowding-pruned,repair+feasible-first,3,best2,paper,0.01,5,0.0769230769230769,5,0,0,rank,1,8.100000000000001,4
train,syn_n50_k05_pathological_cov_normal_extreme_events_r02_s20260628,3,theta_131,1.064188851456078,0.0192496808537364,0.9211111111111112,0.0429645482110823,1.355898524625171,4.822486586666667,23.0,7.0,5.0,2.0,11.0,9.6,7,theta_131,DE/best,adaptive,5%,crowding-pruned,repair+feasible-first,3,best2,stable,0.05,10,0.0769230769230769,5,0,0,rank,1,8.100000000000001,5
train,syn_n50_k05_pathological_cov_normal_extreme_events_r02_s20260628,3,theta_132,1.064188851456078,0.0192496808537364,0.9211111111111112,0.0429645482110823,1.355898524625171,4.944833056666666,23.0,7.0,5.0,2.0,14.0,10.2,9,theta_132,DE/best,adaptive,5%,crowding-pruned,repair+feasible-first,3,best2,stable,0.05,20,0.0769230769230769,5,0,0,rank,1,8.100000000000001,6
train,syn_n50_k05_pathological_cov_normal_extreme_events_r02_s20260628,3,theta_144,1.066749945471508,0.018434429034821,0.9113888888888888,0.0524471315174918,1.3446964635295902,4.048463363333334,12.5,4.5,17.5,7.5,3.0,9.0,4,theta_144,mixed,none,10%,crowding-pruned,repair+feasible-first,3,mixed,none,0.1,20,0.0769230769230769,5,0,0,rank,1,10.9,7
train,syn_n50_k05_pathological_cov_normal_extreme_events_r02_s20260628,3,theta_159,1.066749945471508,0.018434429034821,0.9113888888888888,0.0524471315174918,1.3446964635295902,4.662518333333334,12.5,4.5,17.5,7.5,7.0,9.8,8,theta_159,mixed,adaptive,5%,crowding-pruned,repair+feasible-first,3,mixed,stable,0.05,20,0.0769230769230769,5,0,0,rank,1,10.9,8
train,syn_n50_k05_pathological_cov_normal_extreme_events_r02_s20260628,3,theta_084,1.0677239500889293,0.0196003507069734,0.9175,0.065190483870123,1.3446964635295902,4.09252287,6.0,13.0,8.0,17.0,4.0,9.6,6,theta_084,DE/rand,none,1%,crowding-pruned,repair+feasible-first,3,rand2,none,0.01,20,0.0769230769230769,5,0,0,rank,1,11.3,9
train,syn_n50_k05_pathological_cov_normal_extreme_events_r02_s20260628,3,theta_086,1.0677239500889293,0.0196003507069734,0.9175,0.065190483870123,1.3446964635295902,5.143165716666666,6.0,13.0,8.0,17.0,16.0,12.0,12,theta_086,DE/rand,none,5%,crowding-pruned,repair+feasible-first,3,rand2,none,0.05,10,0.0769230769230769,5,0,0,rank,1,11.3,10
train,syn_n50_k05_pathological_cov_normal_extreme_events_r02_s20260628,3,theta_089,1.0677239500889293,0.0196003507069734,0.9175,0.065190483870123,1.3446964635295902,4.832567516666667,6.0,13.0,8.0,17.0,12.0,11.2,10,theta_089,DE/rand,none,10%,crowding-pruned,repair+feasible-first,3,rand2,none,0.1,10,0.0769230769230769,5,0,0,rank,1,11.3,11
train,syn_n50_k05_pathological_cov_normal_extreme_events_r02_s20260628,3,theta_223,1.066483377092091,0.0195247372071536,0.911388888888889,0.0626374548218039,1.3378455133316822,12.322717073333331,15.0,10.0,15.0,10.0,24.0,14.8,18,theta_223,mixed,none,10%,crowding-pruned,repair+feasible-first,5,mixed,none,0.1,5,0.0769230769230769,5,0,0,rank,1,12.5,12
train,syn_n50_k05_pathological_cov_normal_extreme_events_r02_s20260628,3,theta_234,1.066483377092091,0.0195247372071536,0.911388888888889,0.0626374548218039,1.3378455133316822,5.894078046666667,15.0,10.0,15.0,10.0,20.0,14.0,16,theta_234,mixed,fixed,10%,crowding-pruned,repair+feasible-first,5,mixed,paper,0.1,20,0.0769230769230769,5,0,0,rank,1,12.5,13
train,syn_n50_k05_pathological_cov_normal_extreme_events_r02_s20260628,3,theta_237,1.066483377092091,0.0195247372071536,0.911388888888889,0.0626374548218039,1.3378455133316822,4.9752986366666665,15.0,10.0,15.0,10.0,15.0,13.0,15,theta_237,mixed,adaptive,1%,crowding-pruned,repair+feasible-first,5,mixed,stable,0.01,20,0.0769230769230769,5,0,0,rank,1,12.5,14
train,syn_n50_k05_pathological_cov_normal_extreme_events_r02_s20260628,3,theta_034,1.067991730626315,0.0228430301049298,0.915,0.0689043589227631,1.3149034211680886,4.02088816,2.5,20.5,11.5,22.5,2.0,11.8,11,theta_034,DE/best,none,10%,crowding-pruned,repair+feasible-first,2,best2,none,0.1,5,0.0769230769230769,5,0,0,rank,1,14.8,15
train,syn_n50_k05_pathological_cov_normal_extreme_events_r02_s20260628,3,theta_037,1.067991730626315,0.0228430301049298,0.915,0.0689043589227631,1.3149034211680886,4.324962656666667,2.5,20.5,11.5,22.5,5.0,12.4,13,theta_037,DE/best,fixed,1%,crowding-pruned,repair+feasible-first,2,best2,paper,0.01,5,0.0769230769230769,5,0,0,rank,1,14.8,16
train,syn_n50_k05_pathological_cov_normal_extreme_events_r02_s20260628,3,theta_045,1.067991730626315,0.0228430301049298,0.915,0.0689043589227631,1.3149034211680886,4.38340463,2.5,20.5,11.5,22.5,6.0,12.6,14,theta_045,DE/best,fixed,10%,crowding-pruned,repair+feasible-first,2,best2,paper,0.1,20,0.0769230769230769,5,0,0,rank,1,14.8,17
train,syn_n50_k05_pathological_cov_normal_extreme_events_r02_s20260628,3,theta_047,1.067991730626315,0.0228430301049298,0.915,0.0689043589227631,1.3149034211680886,11.533607656666668,2.5,20.5,11.5,22.5,21.0,15.6,19,theta_047,DE/best,adaptive,1%,crowding-pruned,repair+feasible-first,2,best2,stable,0.01,10,0.0769230769230769,5,0,0,rank,1,14.8,18
train,syn_n50_k05_pathological_cov_normal_extreme_events_r02_s20260628,3,theta_164,1.0646174759137206,0.0216957819386586,0.8577777777777779,0.0642670243918685,1.340458361451995,5.159796556666668,19.5,16.5,22.5,13.5,17.0,17.8,20,theta_164,DE/rand,none,1%,crowding-pruned,repair+feasible-first,5,rand2,none,0.01,10,0.0769230769230769,5,0,0,rank,1,18.0,19
train,syn_n50_k05_pathological_cov_normal_extreme_events_r02_s20260628,3,theta_170,1.0646174759137206,0.0216957819386586,0.8577777777777779,0.0642670243918685,1.340458361451995,5.416818700000002,19.5,16.5,22.5,13.5,19.0,18.2,22,theta_170,DE/rand,none,10%,crowding-pruned,repair+feasible-first,5,rand2,none,0.1,10,0.0769230769230769,5,0,0,rank,1,18.0,20
train,syn_n50_k05_pathological_cov_normal_extreme_events_r02_s20260628,3,theta_175,1.0646174759137206,0.0216957819386586,0.8577777777777779,0.0642670243918685,1.340458361451995,5.177205243333333,19.5,16.5,22.5,13.5,18.0,18.0,21,theta_175,DE/rand,fixed,5%,crowding-pruned,repair+feasible-first,5,rand2,paper,0.05,5,0.0769230769230769,5,0,0,rank,1,18.0,21
train,syn_n50_k05_pathological_cov_normal_extreme_events_r02_s20260628,3,theta_189,1.0646174759137206,0.0216957819386586,0.8577777777777779,0.0642670243918685,1.340458361451995,12.111053326666667,19.5,16.5,22.5,13.5,23.0,19.0,23,theta_189,DE/rand,adaptive,10%,crowding-pruned,repair+feasible-first,5,rand2,stable,0.1,20,0.0769230769230769,5,0,0,rank,1,18.0,22
train,syn_n50_k05_pathological_cov_normal_extreme_events_r02_s20260628,3,theta_011,1.0671557060545054,0.0228570389219758,0.9016666666666666,0.0666284592283565,1.324834435288589,3.307404796666667,11.0,23.0,19.0,19.0,1.0,14.6,17,theta_011,DE/rand,fixed,1%,crowding-pruned,repair+feasible-first,2,rand2,paper,0.01,10,0.0769230769230769,5,0,0,rank,1,18.2,23
train,syn_n50_k05_pathological_cov_normal_extreme_events_r02_s20260628,3,theta_200,1.0646798696987845,0.0259108759012927,0.9005555555555557,0.067449762213403,1.3161744681431682,11.595168696666663,17.0,24.0,20.0,20.0,22.0,20.6,24,theta_200,DE/best,fixed,1%,crowding-pruned,repair+feasible-first,5,best2,paper,0.01,10,0.0769230769230769,5,0,0,rank,1,20.200000000000003,24
train,syn_n50_k05_pathological_cov_skewed_high_vol_r03_s20260633,3,theta_034,0.8974170390569375,0.0059019914098435,0.9833333333333332,0.0140516450549286,1.3005627542561224,3.815450773333333,3.5,2.5,2.5,2.5,2.0,2.6,1,theta_034,DE/best,none,10%,crowding-pruned,repair+feasible-first,2,best2,none,0.1,5,0.0769230769230769,5,0,0,rank,1,2.7,1
train,syn_n50_k05_pathological_cov_skewed_high_vol_r03_s20260633,3,theta_037,0.8974170390569375,0.0059019914098435,0.9833333333333332,0.0140516450549286,1.3005627542561224,4.260929756666666,3.5,2.5,2.5,2.5,4.0,3.0,2,theta_037,DE/best,fixed,1%,crowding-pruned,repair+feasible-first,2,best2,paper,0.01,5,0.0769230769230769,5,0,0,rank,1,2.7,2
train,syn_n50_k05_pathological_cov_skewed_high_vol_r03_s20260633,3,theta_045,0.8974170390569375,0.0059019914098435,0.9833333333333332,0.0140516450549286,1.3005627542561224,4.299002003333333,3.5,2.5,2.5,2.5,5.0,3.2,3,theta_045,DE/best,fixed,10%,crowding-pruned,repair+feasible-first,2,best2,paper,0.1,20,0.0769230769230769,5,0,0,rank,1,2.7,3
train,syn_n50_k05_pathological_cov_skewed_high_vol_r03_s20260633,3,theta_047,0.8974170390569375,0.0059019914098435,0.9833333333333332,0.0140516450549286,1.3005627542561224,8.739108006666667,3.5,2.5,2.5,2.5,21.0,6.4,5,theta_047,DE/best,adaptive,1%,crowding-pruned,repair+feasible-first,2,best2,stable,0.01,10,0.0769230769230769,5,0,0,rank,1,2.7,4
train,syn_n50_k05_pathological_cov_skewed_high_vol_r03_s20260633,3,theta_011,0.897665175492002,0.0061607306040186,0.9708333333333332,0.0191752513864101,1.2751258834491532,3.2768412499999995,1.0,5.0,7.0,8.0,1.0,4.4,4,theta_011,DE/rand,fixed,1%,crowding-pruned,repair+feasible-first,2,rand2,paper,0.01,10,0.0769230769230769,5,0,0,rank,1,5.699999999999999,5
train,syn_n50_k05_pathological_cov_skewed_high_vol_r03_s20260633,3,theta_144,0.8969783185011256,0.0064274242055349,0.9766666666666666,0.0223645107141178,1.2863421309681418,4.062105679999999,6.5,6.5,5.5,12.5,3.0,6.8,6,theta_144,mixed,none,10%,crowding-pruned,repair+feasible-first,3,mixed,none,0.1,20,0.0769230769230769,5,0,0,rank,1,8.0,6
train,syn_n50_k05_pathological_cov_skewed_high_vol_r03_s20260633,3,theta_159,0.8969783185011256,0.0064274242055349,0.9766666666666666,0.0223645107141178,1.2863421309681418,4.535278883333333,6.5,6.5,5.5,12.5,7.0,7.6,7,theta_159,mixed,adaptive,5%,crowding-pruned,repair+feasible-first,3,mixed,stable,0.05,20,0.0769230769230769,5,0,0,rank,1,8.0,7
train,syn_n50_k05_pathological_cov_skewed_high_vol_r03_s20260633,3,theta_118,0.8968173487844237,0.0072912282966662,0.9666666666666666,0.0172886350619198,1.2863369942914011,4.645121123333333,9.0,9.0,9.0,6.0,8.0,8.2,8,theta_118,DE/best,fixed,1%,crowding-pruned,repair+feasible-first,3,best2,paper,0.01,5,0.0769230769230769,5,0,0,rank,1,8.1,8
train,syn_n50_k05_pathological_cov_skewed_high_vol_r03_s20260633,3,theta_131,0.8968173487844237,0.0072912282966662,0.9666666666666666,0.0172886350619198,1.2863369942914011,4.814283886666668,9.0,9.0,9.0,6.0,11.0,8.8,9,theta_131,DE/best,adaptive,5%,crowding-pruned,repair+feasible-first,3,best2,stable,0.05,10,0.0769230769230769,5,0,0,rank,1,8.1,9
train,syn_n50_k05_pathological_cov_skewed_high_vol_r03_s20260633,3,theta_132,0.8968173487844237,0.0072912282966662,0.9666666666666666,0.0172886350619198,1.2863369942914011,4.853920336666667,9.0,9.0,9.0,6.0,12.0,9.0,10,theta_132,DE/best,adaptive,5%,crowding-pruned,repair+feasible-first,3,best2,stable,0.05,20,0.0769230769230769,5,0,0,rank,1,8.1,10
train,syn_n50_k05_pathological_cov_skewed_high_vol_r03_s20260633,3,theta_067,0.8963078493208259,0.0073741291781298,0.9636111111111112,0.0212088976606116,1.283788571862591,4.524875926666667,12.0,12.0,13.0,10.0,6.0,10.6,11,theta_067,mixed,fixed,5%,crowding-pruned,repair+feasible-first,2,mixed,paper,0.05,5,0.0769230769230769,5,0,0,rank,1,11.700000000000001,11
train,syn_n50_k05_pathological_cov_skewed_high_vol_r03_s20260633,3,theta_076,0.8963078493208259,0.0073741291781298,0.9636111111111112,0.0212088976606116,1.283788571862591,4.703114673333333,12.0,12.0,13.0,10.0,9.0,11.2,12,theta_076,mixed,adaptive,5%,crowding-pruned,repair+feasible-first,2,mixed,stable,0.05,5,0.0769230769230769,5,0,0,rank,1,11.700000000000001,12
train,syn_n50_k05_pathological_cov_skewed_high_vol_r03_s20260633,3,theta_078,0.8963078493208259,0.0073741291781298,0.9636111111111112,0.0212088976606116,1.283788571862591,4.731658236666666,12.0,12.0,13.0,10.0,10.0,11.4,13,theta_078,mixed,adaptive,5%,crowding-pruned,repair+feasible-first,2,mixed,stable,0.05,20,0.0769230769230769,5,0,0,rank,1,11.700000000000001,13
train,syn_n50_k05_pathological_cov_skewed_high_vol_r03_s20260633,3,theta_200,0.8962491546729814,0.0075324510943838,0.9638888888888888,0.0262815032211567,1.2794000676271915,11.532742273333334,14.0,14.0,11.0,21.0,22.0,16.4,14,theta_200,DE/best,fixed,1%,crowding-pruned,repair+feasible-first,5,best2,paper,0.01,10,0.0769230769230769,5,0,0,rank,1,15.2,14
train,syn_n50_k05_pathological_cov_skewed_high_vol_r03_s20260633,3,theta_084,0.8958992693882853,0.0077149672977755,0.9583333333333331,0.0243625073392632,1.2701629434176884,5.28893056,19.0,19.0,19.0,15.0,19.0,18.2,19,theta_084,DE/rand,none,1%,crowding-pruned,repair+feasible-first,3,rand2,none,0.01,20,0.0769230769230769,5,0,0,rank,1,17.8,15
train,syn_n50_k05_pathological_cov_skewed_high_vol_r03_s20260633,3,theta_086,0.8958992693882853,0.0077149672977755,0.9583333333333331,0.0243625073392632,1.2701629434176884,5.183324693333333,19.0,19.0,19.0,15.0,18.0,18.0,18,theta_086,DE/rand,none,5%,crowding-pruned,repair+feasible-first,3,rand2,none,0.05,10,0.0769230769230769,5,0,0,rank,1,17.8,16
train,syn_n50_k05_pathological_cov_skewed_high_vol_r03_s20260633,3,theta_089,0.8958992693882853,0.0077149672977755,0.9583333333333331,0.0243625073392632,1.2701629434176884,4.906361556666668,19.0,19.0,19.0,15.0,13.0,17.0,15,theta_089,DE/rand,none,10%,crowding-pruned,repair+feasible-first,3,rand2,none,0.1,10,0.0769230769230769,5,0,0,rank,1,17.8,17
train,syn_n50_k05_pathological_cov_skewed_high_vol_r03_s20260633,3,theta_223,0.8960292217386758,0.0075640200700583,0.9625,0.0275793281954082,1.2778985687516955,12.12399887,16.0,16.0,16.0,23.0,23.0,18.8,20,theta_223,mixed,none,10%,crowding-pruned,repair+feasible-first,5,mixed,none,0.1,5,0.0769230769230769,5,0,0,rank,1,18.099999999999998,18
train,syn_n50_k05_pathological_cov_skewed_high_vol_r03_s20260633,3,theta_234,0.8960292217386758,0.0075640200700583,0.9625,0.0275793281954082,1.2778985687516955,5.139952916666666,16.0,16.0,16.0,23.0,15.0,17.2,17,theta_234,mixed,fixed,10%,crowding-pruned,repair+feasible-first,5,mixed,paper,0.1,20,0.0769230769230769,5,0,0,rank,1,18.099999999999998,19
train,syn_n50_k05_pathological_cov_skewed_high_vol_r03_s20260633,3,theta_237,0.8960292217386758,0.0075640200700583,0.9625,0.0275793281954082,1.2778985687516955,4.91259024,16.0,16.0,16.0,23.0,14.0,17.0,16,theta_237,mixed,adaptive,1%,crowding-pruned,repair+feasible-first,5,mixed,stable,0.01,20,0.0769230769230769,5,0,0,rank,1,18.099999999999998,20
train,syn_n50_k05_pathological_cov_skewed_high_vol_r03_s20260633,3,theta_164,0.8948225681441413,0.0091323604579856,0.9472222222222222,0.0253856891041838,1.2756421512643648,5.172024333333334,22.5,22.5,22.5,18.5,17.0,20.6,22,theta_164,DE/rand,none,1%,crowding-pruned,repair+feasible-first,5,rand2,none,0.01,10,0.0769230769230769,5,0,0,rank,1,21.3,21
train,syn_n50_k05_pathological_cov_skewed_high_vol_r03_s20260633,3,theta_170,0.8948225681441413,0.0091323604579856,0.9472222222222222,0.0253856891041838,1.2756421512643648,5.652659476666666,22.5,22.5,22.5,18.5,20.0,21.2,23,theta_170,DE/rand,none,10%,crowding-pruned,repair+feasible-first,5,rand2,none,0.1,10,0.0769230769230769,5,0,0,rank,1,21.3,22
train,syn_n50_k05_pathological_cov_skewed_high_vol_r03_s20260633,3,theta_175,0.8948225681441413,0.0091323604579856,0.9472222222222222,0.0253856891041838,1.2756421512643648,5.145328186666666,22.5,22.5,22.5,18.5,16.0,20.4,21,theta_175,DE/rand,fixed,5%,crowding-pruned,repair+feasible-first,5,rand2,paper,0.05,5,0.0769230769230769,5,0,0,rank,1,21.3,23
train,syn_n50_k05_pathological_cov_skewed_high_vol_r03_s20260633,3,theta_189,0.8948225681441413,0.0091323604579856,0.9472222222222222,0.0253856891041838,1.2756421512643648,12.301757833333332,22.5,22.5,22.5,18.5,24.0,22.0,24,theta_189,DE/rand,adaptive,10%,crowding-pruned,repair+feasible-first,5,rand2,stable,0.1,20,0.0769230769230769,5,0,0,rank,1,21.3,24
train,syn_n50_k10_cluster_corr_mixed_extreme_events_r03_s20260640,5,theta_067,1.0091271906796122,0.0061711316232698,0.986388888888889,0.0142644421948745,1.3397805873169193,3.6646824,3.0,2.0,2.0,3.0,7.0,3.4,2,theta_067,mixed,fixed,5%,crowding-pruned,repair+feasible-first,2,mixed,paper,0.05,5,0.0769230769230769,5,0,0,rank,1,2.5,1
train,syn_n50_k10_cluster_corr_mixed_extreme_events_r03_s20260640,5,theta_076,1.0091271906796122,0.0061711316232698,0.986388888888889,0.0142644421948745,1.3397805873169193,3.7994470933333337,3.0,2.0,2.0,3.0,10.0,4.0,4,theta_076,mixed,adaptive,5%,crowding-pruned,repair+feasible-first,2,mixed,stable,0.05,5,0.0769230769230769,5,0,0,rank,1,2.5,2
train,syn_n50_k10_cluster_corr_mixed_extreme_events_r03_s20260640,5,theta_078,1.0091271906796122,0.0061711316232698,0.986388888888889,0.0142644421948745,1.3397805873169193,3.791293546666666,3.0,2.0,2.0,3.0,9.0,3.8,3,theta_078,mixed,adaptive,5%,crowding-pruned,repair+feasible-first,2,mixed,stable,0.05,20,0.0769230769230769,5,0,0,rank,1,2.5,3
train,syn_n50_k10_cluster_corr_mixed_extreme_events_r03_s20260640,5,theta_011,1.0094417557691446,0.0062497321835657,0.9838888888888891,0.015708370261575,1.3231955760041352,2.2497891100000005,1.0,4.0,4.0,5.0,1.0,3.0,1,theta_011,DE/rand,fixed,1%,crowding-pruned,repair+feasible-first,2,rand2,paper,0.01,10,0.0769230769230769,5,0,0,rank,1,3.7,4
train,syn_n50_k10_cluster_corr_mixed_extreme_events_r03_s20260640,5,theta_200,1.0073624289949012,0.0066659139369226,0.9791666666666669,0.0141758882517023,1.3344542522155007,9.38205013,18.0,12.0,5.0,1.0,22.0,11.6,9,theta_200,DE/best,fixed,1%,crowding-pruned,repair+feasible-first,5,best2,paper,0.01,10,0.0769230769230769,5,0,0,rank,1,7.8,5
train,syn_n50_k10_cluster_corr_mixed_extreme_events_r03_s20260640,5,theta_084,1.0083873816939957,0.0066591188108603,0.9733333333333332,0.0175819537385612,1.3341346175213955,3.238544183333333,6.0,10.0,17.0,11.0,4.0,9.6,5,theta_084,DE/rand,none,1%,crowding-pruned,repair+feasible-first,3,rand2,none,0.01,20,0.0769230769230769,5,0,0,rank,1,11.600000000000001,6
train,syn_n50_k10_cluster_corr_mixed_extreme_events_r03_s20260640,5,theta_086,1.0083873816939957,0.0066591188108603,0.9733333333333332,0.0175819537385612,1.3341346175213955,5.761751876666667,6.0,10.0,17.0,11.0,21.0,13.0,11,theta_086,DE/rand,none,5%,crowding-pruned,repair+feasible-first,3,rand2,none,0.05,10,0.0769230769230769,5,0,0,rank,1,11.600000000000001,7
train,syn_n50_k10_cluster_corr_mixed_extreme_events_r03_s20260640,5,theta_089,1.0083873816939957,0.0066591188108603,0.9733333333333332,0.0175819537385612,1.3341346175213955,4.170299300000001,6.0,10.0,17.0,11.0,18.0,12.4,10,theta_089,DE/rand,none,10%,crowding-pruned,repair+feasible-first,3,rand2,none,0.1,10,0.0769230769230769,5,0,0,rank,1,11.600000000000001,8
train,syn_n50_k10_cluster_corr_mixed_extreme_events_r03_s20260640,5,theta_034,1.0077775497221415,0.0066536028840494,0.976388888888889,0.0201740107509965,1.3266911534924022,2.9095430500000004,9.5,6.5,7.5,22.5,3.0,9.8,6,theta_034,DE/best,none,10%,crowding-pruned,repair+feasible-first,2,best2,none,0.1,5,0.0769230769230769,5,0,0,rank,1,12.2,9
train,syn_n50_k10_cluster_corr_mixed_extreme_events_r03_s20260640,5,theta_037,1.0077775497221415,0.0066536028840494,0.976388888888889,0.0201740107509965,1.3266911534924022,3.4656173533333337,9.5,6.5,7.5,22.5,6.0,10.4,8,theta_037,DE/best,fixed,1%,crowding-pruned,repair+feasible-first,2,best2,paper,0.01,5,0.0769230769230769,5,0,0,rank,1,12.2,10
train,syn_n50_k10_cluster_corr_mixed_extreme_events_r03_s20260640,5,theta_045,1.0077775497221415,0.0066536028840494,0.976388888888889,0.0201740107509965,1.3266911534924022,3.3939483666666663,9.5,6.5,7.5,22.5,5.0,10.2,7,theta_045,DE/best,fixed,10%,crowding-pruned,repair+feasible-first,2,best2,paper,0.1,20,0.0769230769230769,5,0,0,rank,1,12.2,11
train,syn_n50_k10_cluster_corr_mixed_extreme_events_r03_s20260640,5,theta_047,1.0077775497221415,0.0066536028840494,0.976388888888889,0.0201740107509965,1.3266911534924022,4.660741333333334,9.5,6.5,7.5,22.5,20.0,13.2,12,theta_047,DE/best,adaptive,1%,crowding-pruned,repair+feasible-first,2,best2,stable,0.01,10,0.0769230769230769,5,0,0,rank,1,12.2,12
train,syn_n50_k10_cluster_corr_mixed_extreme_events_r03_s20260640,5,theta_118,1.0075752522525554,0.0067164739779002,0.9761111111111112,0.0188611211800193,1.3354172127925523,3.883750016666667,13.0,14.0,11.0,17.0,13.0,13.6,14,theta_118,DE/best,fixed,1%,crowding-pruned,repair+feasible-first,3,best2,paper,0.01,5,0.0769230769230769,5,0,0,rank,1,13.799999999999999,13
train,syn_n50_k10_cluster_corr_mixed_extreme_events_r03_s20260640,5,theta_131,1.0075752522525554,0.0067164739779002,0.9761111111111112,0.0188611211800193,1.3354172127925523,3.876163226666667,13.0,14.0,11.0,17.0,12.0,13.4,13,theta_131,DE/best,adaptive,5%,crowding-pruned,repair+feasible-first,3,best2,stable,0.05,10,0.0769230769230769,5,0,0,rank,1,13.799999999999999,14
train,syn_n50_k10_cluster_corr_mixed_extreme_events_r03_s20260640,5,theta_132,1.0075752522525554,0.0067164739779002,0.9761111111111112,0.0188611211800193,1.3354172127925523,3.925539286666667,13.0,14.0,11.0,17.0,15.0,14.0,15,theta_132,DE/best,adaptive,5%,crowding-pruned,repair+feasible-first,3,best2,stable,0.05,20,0.0769230769230769,5,0,0,rank,1,13.799999999999999,15
train,syn_n50_k10_cluster_corr_mixed_extreme_events_r03_s20260640,5,theta_223,1.0074522305731646,0.0068194960542493,0.9761111111111112,0.0182427426363202,1.3349535998195816,9.42838448,16.0,17.0,14.0,14.0,23.0,16.8,19,theta_223,mixed,none,10%,crowding-pruned,repair+feasible-first,5,mixed,none,0.1,5,0.0769230769230769,5,0,0,rank,1,15.0,16
train,syn_n50_k10_cluster_corr_mixed_extreme_events_r03_s20260640,5,theta_234,1.0074522305731646,0.0068194960542493,0.9761111111111112,0.0182427426363202,1.3349535998195816,3.9497486066666654,16.0,17.0,14.0,14.0,16.0,15.4,17,theta_234,mixed,fixed,10%,crowding-pruned,repair+feasible-first,5,mixed,paper,0.1,20,0.0769230769230769,5,0,0,rank,1,15.0,17
train,syn_n50_k10_cluster_corr_mixed_extreme_events_r03_s20260640,5,theta_237,1.0074522305731646,0.0068194960542493,0.9761111111111112,0.0182427426363202,1.3349535998195816,3.898042760000001,16.0,17.0,14.0,14.0,14.0,15.0,16,theta_237,mixed,adaptive,1%,crowding-pruned,repair+feasible-first,5,mixed,stable,0.01,20,0.0769230769230769,5,0,0,rank,1,15.0,18
train,syn_n50_k10_cluster_corr_mixed_extreme_events_r03_s20260640,5,theta_164,1.0059991555348788,0.0075912444113349,0.9597222222222224,0.0160987630079078,1.3232239127933343,3.849823803333333,22.5,22.5,22.5,7.5,11.0,17.2,21,theta_164,DE/rand,none,1%,crowding-pruned,repair+feasible-first,5,rand2,none,0.01,10,0.0769230769230769,5,0,0,rank,1,18.0,19
train,syn_n50_k10_cluster_corr_mixed_extreme_events_r03_s20260640,5,theta_170,1.0059991555348788,0.0075912444113349,0.9597222222222224,0.0160987630079078,1.3232239127933343,4.292343493333333,22.5,22.5,22.5,7.5,19.0,18.8,23,theta_170,DE/rand,none,10%,crowding-pruned,repair+feasible-first,5,rand2,none,0.1,10,0.0769230769230769,5,0,0,rank,1,18.0,20
train,syn_n50_k10_cluster_corr_mixed_extreme_events_r03_s20260640,5,theta_175,1.0059991555348788,0.0075912444113349,0.9597222222222224,0.0160987630079078,1.3232239127933343,4.0725747766666665,22.5,22.5,22.5,7.5,17.0,18.4,22,theta_175,DE/rand,fixed,5%,crowding-pruned,repair+feasible-first,5,rand2,paper,0.05,5,0.0769230769230769,5,0,0,rank,1,18.0,21
train,syn_n50_k10_cluster_corr_mixed_extreme_events_r03_s20260640,5,theta_189,1.0059991555348788,0.0075912444113349,0.9597222222222224,0.0160987630079078,1.3232239127933343,9.860335100000002,22.5,22.5,22.5,7.5,24.0,19.8,24,theta_189,DE/rand,adaptive,10%,crowding-pruned,repair+feasible-first,5,rand2,stable,0.1,20,0.0769230769230769,5,0,0,rank,1,18.0,22
train,syn_n50_k10_cluster_corr_mixed_extreme_events_r03_s20260640,5,theta_144,1.0073463228496602,0.0072051956201414,0.9638888888888888,0.0192080390265944,1.3344636010548745,2.5370150033333334,19.5,19.5,19.5,19.5,2.0,16.0,18,theta_144,mixed,none,10%,crowding-pruned,repair+feasible-first,3,mixed,none,0.1,20,0.0769230769230769,5,0,0,rank,1,19.5,23
train,syn_n50_k10_cluster_corr_mixed_extreme_events_r03_s20260640,5,theta_159,1.0073463228496602,0.0072051956201414,0.9638888888888888,0.0192080390265944,1.3344636010548745,3.6664443533333335,19.5,19.5,19.5,19.5,8.0,17.2,20,theta_159,mixed,adaptive,5%,crowding-pruned,repair+feasible-first,3,mixed,stable,0.05,20,0.0769230769230769,5,0,0,rank,1,19.5,24
train,syn_n50_k10_high_corr_heavy_tail_extreme_events_r01_s20260645,5,theta_144,0.98743127829538,0.004627291117134,0.9975,0.0128263896790094,1.226779705513708,3.5438812333333334,5.5,5.5,5.5,4.5,3.0,4.8,1,theta_144,mixed,none,10%,crowding-pruned,repair+feasible-first,3,mixed,none,0.1,20,0.0769230769230769,5,0,0,rank,1,5.2,1
train,syn_n50_k10_high_corr_heavy_tail_extreme_events_r01_s20260645,5,theta_159,0.98743127829538,0.004627291117134,0.9975,0.0128263896790094,1.226779705513708,4.039694296666666,5.5,5.5,5.5,4.5,9.0,6.0,4,theta_159,mixed,adaptive,5%,crowding-pruned,repair+feasible-first,3,mixed,stable,0.05,20,0.0769230769230769,5,0,0,rank,1,5.2,2
train,syn_n50_k10_high_corr_heavy_tail_extreme_events_r01_s20260645,5,theta_011,0.987585952174874,0.0044995355556854,0.9983333333333334,0.0153512243784912,1.226382857967063,2.7142619233333334,4.0,1.0,4.0,17.0,1.0,5.4,2,theta_011,DE/rand,fixed,1%,crowding-pruned,repair+feasible-first,2,rand2,paper,0.01,10,0.0769230769230769,5,0,0,rank,1,7.3,3
train,syn_n50_k10_high_corr_heavy_tail_extreme_events_r01_s20260645,5,theta_084,0.987646137807028,0.0045578686726919,0.9986111111111112,0.0161955417800068,1.226572539767374,3.690987506666666,2.0,3.0,2.0,19.0,4.0,6.0,3,theta_084,DE/rand,none,1%,crowding-pruned,repair+feasible-first,3,rand2,none,0.01,20,0.0769230769230769,5,0,0,rank,1,7.300000000000001,4
train,syn_n50_k10_high_corr_heavy_tail_extreme_events_r01_s20260645,5,theta_086,0.987646137807028,0.0045578686726919,0.9986111111111112,0.0161955417800068,1.226572539767374,6.358112076666668,2.0,3.0,2.0,19.0,21.0,9.4,7,theta_086,DE/rand,none,5%,crowding-pruned,repair+feasible-first,3,rand2,none,0.05,10,0.0769230769230769,5,0,0,rank,1,7.300000000000001,5
train,syn_n50_k10_high_corr_heavy_tail_extreme_events_r01_s20260645,5,theta_089,0.987646137807028,0.0045578686726919,0.9986111111111112,0.0161955417800068,1.226572539767374,4.551998380000001,2.0,3.0,2.0,19.0,17.0,8.6,5,theta_089,DE/rand,none,10%,crowding-pruned,repair+feasible-first,3,rand2,none,0.1,10,0.0769230769230769,5,0,0,rank,1,7.300000000000001,6
train,syn_n50_k10_high_corr_heavy_tail_extreme_events_r01_s20260645,5,theta_067,0.9865162855586166,0.0052801000980654,0.977777777777778,0.0126685674354475,1.2266572562067597,4.248022633333333,12.0,12.0,19.0,2.0,12.0,11.4,13,theta_067,mixed,fixed,5%,crowding-pruned,repair+feasible-first,2,mixed,paper,0.05,5,0.0769230769230769,5,0,0,rank,1,11.1,7
train,syn_n50_k10_high_corr_heavy_tail_extreme_events_r01_s20260645,5,theta_076,0.9865162855586166,0.0052801000980654,0.977777777777778,0.0126685674354475,1.2266572562067597,4.221346530000001,12.0,12.0,19.0,2.0,10.0,11.0,12,theta_076,mixed,adaptive,5%,crowding-pruned,repair+feasible-first,2,mixed,stable,0.05,5,0.0769230769230769,5,0,0,rank,1,11.1,8
train,syn_n50_k10_high_corr_heavy_tail_extreme_events_r01_s20260645,5,theta_078,0.9865162855586166,0.0052801000980654,0.977777777777778,0.0126685674354475,1.2266572562067597,3.90103506,12.0,12.0,19.0,2.0,7.0,10.4,11,theta_078,mixed,adaptive,5%,crowding-pruned,repair+feasible-first,2,mixed,stable,0.05,20,0.0769230769230769,5,0,0,rank,1,11.1,9
train,syn_n50_k10_high_corr_heavy_tail_extreme_events_r01_s20260645,5,theta_034,0.986817629486518,0.0052098169314969,0.9788888888888888,0.0150572237419289,1.22683985904892,3.358641926666666,8.5,8.5,15.5,11.5,2.0,9.2,6,theta_034,DE/best,none,10%,crowding-pruned,repair+feasible-first,2,best2,none,0.1,5,0.0769230769230769,5,0,0,rank,1,11.5,10
train,syn_n50_k10_high_corr_heavy_tail_extreme_events_r01_s20260645,5,theta_037,0.986817629486518,0.0052098169314969,0.9788888888888888,0.0150572237419289,1.22683985904892,3.823113943333333,8.5,8.5,15.5,11.5,5.0,9.8,8,theta_037,DE/best,fixed,1%,crowding-pruned,repair+feasible-first,2,best2,paper,0.01,5,0.0769230769230769,5,0,0,rank,1,11.5,11
train,syn_n50_k10_high_corr_heavy_tail_extreme_events_r01_s20260645,5,theta_045,0.986817629486518,0.0052098169314969,0.9788888888888888,0.0150572237419289,1.22683985904892,3.860584603333333,8.5,8.5,15.5,11.5,6.0,10.0,9,theta_045,DE/best,fixed,10%,crowding-pruned,repair+feasible-first,2,best2,paper,0.1,20,0.0769230769230769,5,0,0,rank,1,11.5,12
train,syn_n50_k10_high_corr_heavy_tail_extreme_events_r01_s20260645,5,theta_047,0.986817629486518,0.0052098169314969,0.9788888888888888,0.0150572237419289,1.22683985904892,3.9898220666666666,8.5,8.5,15.5,11.5,8.0,10.4,10,theta_047,DE/best,adaptive,1%,crowding-pruned,repair+feasible-first,2,best2,stable,0.01,10,0.0769230769230769,5,0,0,rank,1,11.5,13
train,syn_n50_k10_high_corr_heavy_tail_extreme_events_r01_s20260645,5,theta_164,0.9855696039202722,0.0058550239035184,0.9833333333333332,0.0150473934432429,1.225231879473316,4.368208163333334,18.5,15.5,11.5,7.5,14.0,13.4,14,theta_164,DE/rand,none,1%,crowding-pruned,repair+feasible-first,5,rand2,none,0.01,10,0.0769230769230769,5,0,0,rank,1,12.5,14
train,syn_n50_k10_high_corr_heavy_tail_extreme_events_r01_s20260645,5,theta_170,0.9855696039202722,0.0058550239035184,0.9833333333333332,0.0150473934432429,1.225231879473316,5.320914639999999,18.5,15.5,11.5,7.5,20.0,14.6,18,theta_170,DE/rand,none,10%,crowding-pruned,repair+feasible-first,5,rand2,none,0.1,10,0.0769230769230769,5,0,0,rank,1,12.5,15
train,syn_n50_k10_high_corr_heavy_tail_extreme_events_r01_s20260645,5,theta_175,0.9855696039202722,0.0058550239035184,0.9833333333333332,0.0150473934432429,1.225231879473316,4.705930066666666,18.5,15.5,11.5,7.5,19.0,14.4,16,theta_175,DE/rand,fixed,5%,crowding-pruned,repair+feasible-first,5,rand2,paper,0.05,5,0.0769230769230769,5,0,0,rank,1,12.5,16
train,syn_n50_k10_high_corr_heavy_tail_extreme_events_r01_s20260645,5,theta_189,0.9855696039202722,0.0058550239035184,0.9833333333333332,0.0150473934432429,1.225231879473316,10.77648433,18.5,15.5,11.5,7.5,23.0,15.2,19,theta_189,DE/rand,adaptive,10%,crowding-pruned,repair+feasible-first,5,rand2,stable,0.1,20,0.0769230769230769,5,0,0,rank,1,12.5,17
train,syn_n50_k10_high_corr_heavy_tail_extreme_events_r01_s20260645,5,theta_223,0.9865041559204268,0.0059166460440523,0.9875000000000002,0.0152908557747555,1.2172984318213849,11.062943533333335,15.0,19.0,8.0,15.0,24.0,16.2,20,theta_223,mixed,none,10%,crowding-pruned,repair+feasible-first,5,mixed,none,0.1,5,0.0769230769230769,5,0,0,rank,1,13.700000000000001,18
train,syn_n50_k10_high_corr_heavy_tail_extreme_events_r01_s20260645,5,theta_234,0.9865041559204268,0.0059166460440523,0.9875000000000002,0.0152908557747555,1.2172984318213849,4.240914953333334,15.0,19.0,8.0,15.0,11.0,13.6,15,theta_234,mixed,fixed,10%,crowding-pruned,repair+feasible-first,5,mixed,paper,0.1,20,0.0769230769230769,5,0,0,rank,1,13.700000000000001,19
train,syn_n50_k10_high_corr_heavy_tail_extreme_events_r01_s20260645,5,theta_237,0.9865041559204268,0.0059166460440523,0.9875000000000002,0.0152908557747555,1.2172984318213849,4.515205723333334,15.0,19.0,8.0,15.0,15.0,14.4,17,theta_237,mixed,adaptive,1%,crowding-pruned,repair+feasible-first,5,mixed,stable,0.01,20,0.0769230769230769,5,0,0,rank,1,13.700000000000001,20
train,syn_n50_k10_high_corr_heavy_tail_extreme_events_r01_s20260645,5,theta_200,0.9845963407702676,0.0072434372950879,0.9708333333333332,0.0176387289585909,1.2216072816462051,10.411778133333335,21.0,21.0,21.0,21.0,22.0,21.2,22,theta_200,DE/best,fixed,1%,crowding-pruned,repair+feasible-first,5,best2,paper,0.01,10,0.0769230769230769,5,0,0,rank,1,21.0,21
train,syn_n50_k10_high_corr_heavy_tail_extreme_events_r01_s20260645,5,theta_118,0.9828046698183374,0.0083235072986675,0.9575,0.0177850657618967,1.217304060334913,4.36657157,23.0,23.0,23.0,23.0,13.0,21.0,21,theta_118,DE/best,fixed,1%,crowding-pruned,repair+feasible-first,3,best2,paper,0.01,5,0.0769230769230769,5,0,0,rank,1,23.0,22
train,syn_n50_k10_high_corr_heavy_tail_extreme_events_r01_s20260645,5,theta_131,0.9828046698183374,0.0083235072986675,0.9575,0.0177850657618967,1.217304060334913,4.639862186666666,23.0,23.0,23.0,23.0,18.0,22.0,24,theta_131,DE/best,adaptive,5%,crowding-pruned,repair+feasible-first,3,best2,stable,0.05,10,0.0769230769230769,5,0,0,rank,1,23.0,23
train,syn_n50_k10_high_corr_heavy_tail_extreme_events_r01_s20260645,5,theta_132,0.9828046698183374,0.0083235072986675,0.9575,0.0177850657618967,1.217304060334913,4.52833431,23.0,23.0,23.0,23.0,16.0,21.6,23,theta_132,DE/best,adaptive,5%,crowding-pruned,repair+feasible-first,3,best2,stable,0.05,20,0.0769230769230769,5,0,0,rank,1,23.0,24
train,syn_n50_k10_high_corr_mixed_high_vol_r02_s20260639,5,theta_067,1.039957055934141,0.0059657007127823,0.9844444444444446,0.0171551977525166,1.22853624420817,3.9573881333333336,2.0,2.0,2.0,2.0,9.0,3.4,1,theta_067,mixed,fixed,5%,crowding-pruned,repair+feasible-first,2,mixed,paper,0.05,5,0.0769230769230769,5,0,0,rank,1,2.0,1
train,syn_n50_k10_high_corr_mixed_high_vol_r02_s20260639,5,theta_076,1.039957055934141,0.0059657007127823,0.9844444444444446,0.0171551977525166,1.22853624420817,4.084431573333333,2.0,2.0,2.0,2.0,10.0,3.6,2,theta_076,mixed,adaptive,5%,crowding-pruned,repair+feasible-first,2,mixed,stable,0.05,5,0.0769230769230769,5,0,0,rank,1,2.0,2
train,syn_n50_k10_high_corr_mixed_high_vol_r02_s20260639,5,theta_078,1.039957055934141,0.0059657007127823,0.9844444444444446,0.0171551977525166,1.22853624420817,5.617815093333334,2.0,2.0,2.0,2.0,19.0,5.4,3,theta_078,mixed,adaptive,5%,crowding-pruned,repair+feasible-first,2,mixed,stable,0.05,20,0.0769230769230769,5,0,0,rank,1,2.0,3
train,syn_n50_k10_high_corr_mixed_high_vol_r02_s20260639,5,theta_200,1.0353068055995214,0.0074983254903948,0.9666666666666668,0.0249850078500846,1.217656861145933,9.996427426666664,15.0,8.0,8.0,6.0,22.0,11.8,6,theta_200,DE/best,fixed,1%,crowding-pruned,repair+feasible-first,5,best2,paper,0.01,10,0.0769230769230769,5,0,0,rank,1,8.8,4
train,syn_n50_k10_high_corr_mixed_high_vol_r02_s20260639,5,theta_011,1.036900744650055,0.0110492967635159,0.9580555555555555,0.0262649601666026,1.1873405363609697,2.5325225766666666,7.0,12.0,10.5,10.0,1.0,8.1,4,theta_011,DE/rand,fixed,1%,crowding-pruned,repair+feasible-first,2,rand2,paper,0.01,10,0.0769230769230769,5,0,0,rank,1,9.950000000000001,5
train,syn_n50_k10_high_corr_mixed_high_vol_r02_s20260639,5,theta_164,1.0338532553239197,0.0074082062749797,0.9675,0.0280333658266802,1.2250697885956527,6.065252856666667,20.5,5.5,5.5,12.5,20.0,12.8,10,theta_164,DE/rand,none,1%,crowding-pruned,repair+feasible-first,5,rand2,none,0.01,10,0.0769230769230769,5,0,0,rank,1,10.600000000000001,6
train,syn_n50_k10_high_corr_mixed_high_vol_r02_s20260639,5,theta_170,1.0338532553239197,0.0074082062749797,0.9675,0.0280333658266802,1.2250697885956527,4.806911840000001,20.5,5.5,5.5,12.5,18.0,12.4,9,theta_170,DE/rand,none,10%,crowding-pruned,repair+feasible-first,5,rand2,none,0.1,10,0.0769230769230769,5,0,0,rank,1,10.600000000000001,7
train,syn_n50_k10_high_corr_mixed_high_vol_r02_s20260639,5,theta_175,1.0338532553239197,0.0074082062749797,0.9675,0.0280333658266802,1.2250697885956527,4.325263109999999,20.5,5.5,5.5,12.5,16.0,12.0,7,theta_175,DE/rand,fixed,5%,crowding-pruned,repair+feasible-first,5,rand2,paper,0.05,5,0.0769230769230769,5,0,0,rank,1,10.600000000000001,8
train,syn_n50_k10_high_corr_mixed_high_vol_r02_s20260639,5,theta_189,1.0338532553239197,0.0074082062749797,0.9675,0.0280333658266802,1.2250697885956527,10.379482983333336,20.5,5.5,5.5,12.5,23.0,13.4,13,theta_189,DE/rand,adaptive,10%,crowding-pruned,repair+feasible-first,5,rand2,stable,0.1,20,0.0769230769230769,5,0,0,rank,1,10.600000000000001,9
train,syn_n50_k10_high_corr_mixed_high_vol_r02_s20260639,5,theta_223,1.036467884130578,0.0109202296408662,0.9580555555555555,0.0307046116795161,1.207696312399547,11.45775892,9.0,10.0,10.5,16.0,24.0,13.9,15,theta_223,mixed,none,10%,crowding-pruned,repair+feasible-first,5,mixed,none,0.1,5,0.0769230769230769,5,0,0,rank,1,11.75,10
train,syn_n50_k10_high_corr_mixed_high_vol_r02_s20260639,5,theta_234,1.036467884130578,0.0109202296408662,0.9580555555555555,0.0307046116795161,1.207696312399547,4.2529639,9.0,10.0,10.5,16.0,13.0,11.7,5,theta_234,mixed,fixed,10%,crowding-pruned,repair+feasible-first,5,mixed,paper,0.1,20,0.0769230769230769,5,0,0,rank,1,11.75,11
train,syn_n50_k10_high_corr_mixed_high_vol_r02_s20260639,5,theta_237,1.036467884130578,0.0109202296408662,0.9580555555555555,0.0307046116795161,1.207696312399547,4.285161886666667,9.0,10.0,10.5,16.0,15.0,12.1,8,theta_237,mixed,adaptive,1%,crowding-pruned,repair+feasible-first,5,mixed,stable,0.01,20,0.0769230769230769,5,0,0,rank,1,11.75,12
train,syn_n50_k10_high_corr_mixed_high_vol_r02_s20260639,5,theta_084,1.0350942404236954,0.0117376509705241,0.9458333333333332,0.0257062708710269,1.1895696053155629,3.4754347966666663,17.0,18.0,18.0,8.0,4.0,13.0,11,theta_084,DE/rand,none,1%,crowding-pruned,repair+feasible-first,3,rand2,none,0.01,20,0.0769230769230769,5,0,0,rank,1,14.799999999999999,13
train,syn_n50_k10_high_corr_mixed_high_vol_r02_s20260639,5,theta_086,1.0350942404236954,0.0117376509705241,0.9458333333333332,0.0257062708710269,1.1895696053155629,6.723762393333334,17.0,18.0,18.0,8.0,21.0,16.4,22,theta_086,DE/rand,none,5%,crowding-pruned,repair+feasible-first,3,rand2,none,0.05,10,0.0769230769230769,5,0,0,rank,1,14.799999999999999,14
train,syn_n50_k10_high_corr_mixed_high_vol_r02_s20260639,5,theta_089,1.0350942404236954,0.0117376509705241,0.9458333333333332,0.0257062708710269,1.1895696053155629,4.415895173333334,17.0,18.0,18.0,8.0,17.0,15.6,20,theta_089,DE/rand,none,10%,crowding-pruned,repair+feasible-first,3,rand2,none,0.1,10,0.0769230769230769,5,0,0,rank,1,14.799999999999999,15
train,syn_n50_k10_high_corr_mixed_high_vol_r02_s20260639,5,theta_144,1.0338408787894693,0.0119339700554978,0.9388888888888888,0.0234752045269213,1.204873754537406,2.7588595666666667,23.5,20.5,20.5,4.5,2.0,14.2,18,theta_144,mixed,none,10%,crowding-pruned,repair+feasible-first,3,mixed,none,0.1,20,0.0769230769230769,5,0,0,rank,1,16.3,16
train,syn_n50_k10_high_corr_mixed_high_vol_r02_s20260639,5,theta_159,1.0338408787894693,0.0119339700554978,0.9388888888888888,0.0234752045269213,1.204873754537406,3.82335433,23.5,20.5,20.5,4.5,8.0,15.4,19,theta_159,mixed,adaptive,5%,crowding-pruned,repair+feasible-first,3,mixed,stable,0.05,20,0.0769230769230769,5,0,0,rank,1,16.3,17
train,syn_n50_k10_high_corr_mixed_high_vol_r02_s20260639,5,theta_034,1.035532854315026,0.011475204515601,0.9480555555555557,0.0322235986256615,1.2091036593526487,3.1908345033333334,12.5,14.5,14.5,22.5,3.0,13.4,12,theta_034,DE/best,none,10%,crowding-pruned,repair+feasible-first,2,best2,none,0.1,5,0.0769230769230769,5,0,0,rank,1,16.5,18
train,syn_n50_k10_high_corr_mixed_high_vol_r02_s20260639,5,theta_037,1.035532854315026,0.011475204515601,0.9480555555555557,0.0322235986256615,1.2091036593526487,3.5542959566666665,12.5,14.5,14.5,22.5,5.0,13.8,14,theta_037,DE/best,fixed,1%,crowding-pruned,repair+feasible-first,2,best2,paper,0.01,5,0.0769230769230769,5,0,0,rank,1,16.5,19
train,syn_n50_k10_high_corr_mixed_high_vol_r02_s20260639,5,theta_045,1.035532854315026,0.011475204515601,0.9480555555555557,0.0322235986256615,1.2091036593526487,3.5919837,12.5,14.5,14.5,22.5,6.0,14.0,16,theta_045,DE/best,fixed,10%,crowding-pruned,repair+feasible-first,2,best2,paper,0.1,20,0.0769230769230769,5,0,0,rank,1,16.5,20
train,syn_n50_k10_high_corr_mixed_high_vol_r02_s20260639,5,theta_047,1.035532854315026,0.011475204515601,0.9480555555555557,0.0322235986256615,1.2091036593526487,3.69531517,12.5,14.5,14.5,22.5,7.0,14.2,17,theta_047,DE/best,adaptive,1%,crowding-pruned,repair+feasible-first,2,best2,stable,0.01,10,0.0769230769230769,5,0,0,rank,1,16.5,21
train,syn_n50_k10_high_corr_mixed_high_vol_r02_s20260639,5,theta_118,1.0372644682349828,0.0147907221248608,0.936388888888889,0.0316822381992471,1.208546577021714,4.182266683333333,5.0,23.0,23.0,19.0,11.0,16.2,21,theta_118,DE/best,fixed,1%,crowding-pruned,repair+feasible-first,3,best2,paper,0.01,5,0.0769230769230769,5,0,0,rank,1,18.2,22
train,syn_n50_k10_high_corr_mixed_high_vol_r02_s20260639,5,theta_131,1.0372644682349828,0.0147907221248608,0.936388888888889,0.0316822381992471,1.208546577021714,4.231269919999999,5.0,23.0,23.0,19.0,12.0,16.4,23,theta_131,DE/best,adaptive,5%,crowding-pruned,repair+feasible-first,3,best2,stable,0.05,10,0.0769230769230769,5,0,0,rank,1,18.2,23
train,syn_n50_k10_high_corr_mixed_high_vol_r02_s20260639,5,theta_132,1.0372644682349828,0.0147907221248608,0.936388888888889,0.0316822381992471,1.208546577021714,4.280381623333333,5.0,23.0,23.0,19.0,14.0,16.8,24,theta_132,DE/best,adaptive,5%,crowding-pruned,repair+feasible-first,3,best2,stable,0.05,20,0.0769230769230769,5,0,0,rank,1,18.2,24
train,syn_n50_k10_high_corr_normal_low_vol_r03_s20260643,5,theta_118,0.8916868123680407,0.0073012604944081,0.9663888888888889,0.0199431103453924,1.3671934522266829,4.363395420000001,5.0,2.0,2.0,9.0,13.0,6.2,4,theta_118,DE/best,fixed,1%,crowding-pruned,repair+feasible-first,3,best2,paper,0.01,5,0.0769230769230769,5,0,0,rank,1,4.699999999999999,1
train,syn_n50_k10_high_corr_normal_low_vol_r03_s20260643,5,theta_131,0.8916868123680407,0.0073012604944081,0.9663888888888889,0.0199431103453924,1.3671934522266829,4.442358389999999,5.0,2.0,2.0,9.0,16.0,6.8,5,theta_131,DE/best,adaptive,5%,crowding-pruned,repair+feasible-first,3,best2,stable,0.05,10,0.0769230769230769,5,0,0,rank,1,4.699999999999999,2
train,syn_n50_k10_high_corr_normal_low_vol_r03_s20260643,5,theta_132,0.8916868123680407,0.0073012604944081,0.9663888888888889,0.0199431103453924,1.3671934522266829,4.540020336666666,5.0,2.0,2.0,9.0,17.0,7.0,6,theta_132,DE/best,adaptive,5%,crowding-pruned,repair+feasible-first,3,best2,stable,0.05,20,0.0769230769230769,5,0,0,rank,1,4.699999999999999,3
train,syn_n50_k10_high_corr_normal_low_vol_r03_s20260643,5,theta_223,0.8919263892139078,0.0073555528311037,0.9658333333333332,0.018122014695909,1.3577944637728383,11.989666803333334,2.0,6.0,5.0,6.0,24.0,8.6,7,theta_223,mixed,none,10%,crowding-pruned,repair+feasible-first,5,mixed,none,0.1,5,0.0769230769230769,5,0,0,rank,1,4.9,4
train,syn_n50_k10_high_corr_normal_low_vol_r03_s20260643,5,theta_234,0.8919263892139078,0.0073555528311037,0.9658333333333332,0.018122014695909,1.3577944637728383,4.29409315,2.0,6.0,5.0,6.0,11.0,6.0,3,theta_234,mixed,fixed,10%,crowding-pruned,repair+feasible-first,5,mixed,paper,0.1,20,0.0769230769230769,5,0,0,rank,1,4.9,5
train,syn_n50_k10_high_corr_normal_low_vol_r03_s20260643,5,theta_237,0.8919263892139078,0.0073555528311037,0.9658333333333332,0.018122014695909,1.3577944637728383,4.29124629,2.0,6.0,5.0,6.0,10.0,5.8,2,theta_237,mixed,adaptive,1%,crowding-pruned,repair+feasible-first,5,mixed,stable,0.01,20,0.0769230769230769,5,0,0,rank,1,4.9,6
train,syn_n50_k10_high_corr_normal_low_vol_r03_s20260643,5,theta_011,0.8907781206694202,0.0073072509388242,0.9430555555555554,0.0166443960144694,1.3505018581318065,2.6978747933333334,7.0,4.0,13.0,4.0,1.0,5.8,1,theta_011,DE/rand,fixed,1%,crowding-pruned,repair+feasible-first,2,rand2,paper,0.01,10,0.0769230769230769,5,0,0,rank,1,7.3,7
train,syn_n50_k10_high_corr_normal_low_vol_r03_s20260643,5,theta_067,0.8893913647015881,0.0078375226425444,0.9380555555555556,0.0157279962661793,1.3680181838078904,4.282056796666666,18.0,9.0,15.0,2.0,9.0,10.6,8,theta_067,mixed,fixed,5%,crowding-pruned,repair+feasible-first,2,mixed,paper,0.05,5,0.0769230769230769,5,0,0,rank,1,10.5,8
train,syn_n50_k10_high_corr_normal_low_vol_r03_s20260643,5,theta_076,0.8893913647015881,0.0078375226425444,0.9380555555555556,0.0157279962661793,1.3680181838078904,4.315132973333333,18.0,9.0,15.0,2.0,12.0,11.2,11,theta_076,mixed,adaptive,5%,crowding-pruned,repair+feasible-first,2,mixed,stable,0.05,5,0.0769230769230769,5,0,0,rank,1,10.5,9
train,syn_n50_k10_high_corr_normal_low_vol_r03_s20260643,5,theta_078,0.8893913647015881,0.0078375226425444,0.9380555555555556,0.0157279962661793,1.3680181838078904,6.394929753333333,18.0,9.0,15.0,2.0,21.0,13.0,14,theta_078,mixed,adaptive,5%,crowding-pruned,repair+feasible-first,2,mixed,stable,0.05,20,0.0769230769230769,5,0,0,rank,1,10.5,10
train,syn_n50_k10_high_corr_normal_low_vol_r03_s20260643,5,theta_034,0.8907110360631407,0.0086214346393604,0.9508333333333332,0.0237866718749957,1.355535555399293,3.462341863333333,9.5,12.5,8.5,20.5,3.0,10.8,9,theta_034,DE/best,none,10%,crowding-pruned,repair+feasible-first,2,best2,none,0.1,5,0.0769230769230769,5,0,0,rank,1,13.1,11
train,syn_n50_k10_high_corr_normal_low_vol_r03_s20260643,5,theta_037,0.8907110360631407,0.0086214346393604,0.9508333333333332,0.0237866718749957,1.355535555399293,3.9111179533333336,9.5,12.5,8.5,20.5,6.0,11.4,12,theta_037,DE/best,fixed,1%,crowding-pruned,repair+feasible-first,2,best2,paper,0.01,5,0.0769230769230769,5,0,0,rank,1,13.1,12
train,syn_n50_k10_high_corr_normal_low_vol_r03_s20260643,5,theta_045,0.8907110360631407,0.0086214346393604,0.9508333333333332,0.0237866718749957,1.355535555399293,3.880457473333333,9.5,12.5,8.5,20.5,5.0,11.2,10,theta_045,DE/best,fixed,10%,crowding-pruned,repair+feasible-first,2,best2,paper,0.1,20,0.0769230769230769,5,0,0,rank,1,13.1,13
train,syn_n50_k10_high_corr_normal_low_vol_r03_s20260643,5,theta_047,0.8907110360631407,0.0086214346393604,0.9508333333333332,0.0237866718749957,1.355535555399293,4.051948333333333,9.5,12.5,8.5,20.5,7.0,11.6,13,theta_047,DE/best,adaptive,1%,crowding-pruned,repair+feasible-first,2,best2,stable,0.01,10,0.0769230769230769,5,0,0,rank,1,13.1,14
train,syn_n50_k10_high_corr_normal_low_vol_r03_s20260643,5,theta_084,0.8895910115118144,0.0094532380408245,0.9283333333333332,0.0219060391227421,1.3426522978450028,3.56362299,15.0,17.0,18.0,13.0,4.0,13.4,15,theta_084,DE/rand,none,1%,crowding-pruned,repair+feasible-first,3,rand2,none,0.01,20,0.0769230769230769,5,0,0,rank,1,15.700000000000001,15
train,syn_n50_k10_high_corr_normal_low_vol_r03_s20260643,5,theta_086,0.8895910115118144,0.0094532380408245,0.9283333333333332,0.0219060391227421,1.3426522978450028,5.972157316666666,15.0,17.0,18.0,13.0,20.0,16.6,19,theta_086,DE/rand,none,5%,crowding-pruned,repair+feasible-first,3,rand2,none,0.05,10,0.0769230769230769,5,0,0,rank,1,15.700000000000001,16
train,syn_n50_k10_high_corr_normal_low_vol_r03_s20260643,5,theta_089,0.8895910115118144,0.0094532380408245,0.9283333333333332,0.0219060391227421,1.3426522978450028,4.3995427933333335,15.0,17.0,18.0,13.0,15.0,15.6,18,theta_089,DE/rand,none,10%,crowding-pruned,repair+feasible-first,3,rand2,none,0.1,10,0.0769230769230769,5,0,0,rank,1,15.700000000000001,17
train,syn_n50_k10_high_corr_normal_low_vol_r03_s20260643,5,theta_144,0.8899119557175833,0.0098656214350824,0.9433333333333334,0.0244710004434773,1.3460805343131854,3.346155823333333,12.5,19.5,11.5,23.5,2.0,13.8,16,theta_144,mixed,none,10%,crowding-pruned,repair+feasible-first,3,mixed,none,0.1,20,0.0769230769230769,5,0,0,rank,1,16.9,18
train,syn_n50_k10_high_corr_normal_low_vol_r03_s20260643,5,theta_159,0.8899119557175833,0.0098656214350824,0.9433333333333334,0.0244710004434773,1.3460805343131854,4.173386603333333,12.5,19.5,11.5,23.5,8.0,15.0,17,theta_159,mixed,adaptive,5%,crowding-pruned,repair+feasible-first,3,mixed,stable,0.05,20,0.0769230769230769,5,0,0,rank,1,16.9,19
train,syn_n50_k10_high_corr_normal_low_vol_r03_s20260643,5,theta_200,0.8885765130293498,0.0093968767547068,0.9172222222222222,0.0209512355704963,1.3597085238346007,10.515534136666666,24.0,15.0,24.0,11.0,23.0,19.4,21,theta_200,DE/best,fixed,1%,crowding-pruned,repair+feasible-first,5,best2,paper,0.01,10,0.0769230769230769,5,0,0,rank,1,18.3,20
train,syn_n50_k10_high_corr_normal_low_vol_r03_s20260643,5,theta_164,0.8889200082406086,0.0104904979462286,0.9258333333333332,0.0226186220046081,1.3404495305295725,4.5805893766666665,21.5,22.5,21.5,16.5,18.0,20.0,22,theta_164,DE/rand,none,1%,crowding-pruned,repair+feasible-first,5,rand2,none,0.01,10,0.0769230769230769,5,0,0,rank,1,20.2,21
train,syn_n50_k10_high_corr_normal_low_vol_r03_s20260643,5,theta_170,0.8889200082406086,0.0104904979462286,0.9258333333333332,0.0226186220046081,1.3404495305295725,4.845456966666666,21.5,22.5,21.5,16.5,19.0,20.2,23,theta_170,DE/rand,none,10%,crowding-pruned,repair+feasible-first,5,rand2,none,0.1,10,0.0769230769230769,5,0,0,rank,1,20.2,22
train,syn_n50_k10_high_corr_normal_low_vol_r03_s20260643,5,theta_175,0.8889200082406086,0.0104904979462286,0.9258333333333332,0.0226186220046081,1.3404495305295725,4.3909255,21.5,22.5,21.5,16.5,14.0,19.2,20,theta_175,DE/rand,fixed,5%,crowding-pruned,repair+feasible-first,5,rand2,paper,0.05,5,0.0769230769230769,5,0,0,rank,1,20.2,23
train,syn_n50_k10_high_corr_normal_low_vol_r03_s20260643,5,theta_189,0.8889200082406086,0.0104904979462286,0.9258333333333332,0.0226186220046081,1.3404495305295725,10.285285743333333,21.5,22.5,21.5,16.5,22.0,20.8,24,theta_189,DE/rand,adaptive,10%,crowding-pruned,repair+feasible-first,5,rand2,stable,0.1,20,0.0769230769230769,5,0,0,rank,1,20.2,24
train,syn_n50_k10_low_corr_heavy_tail_high_vol_r03_s20260641,5,theta_011,1.082992987135408,0.0053350560135462,0.9947222222222224,0.0166211669604675,1.2460166627273928,2.09506109,1.0,1.0,1.0,6.0,1.0,2.0,1,theta_011,DE/rand,fixed,1%,crowding-pruned,repair+feasible-first,2,rand2,paper,0.01,10,0.0769230769230769,5,0,0,rank,1,2.5,1
train,syn_n50_k10_low_corr_heavy_tail_high_vol_r03_s20260641,5,theta_200,1.0819139980398624,0.0055031503868251,0.9925,0.0140814691148068,1.248055523552847,9.23103052,10.0,2.0,9.0,1.0,23.0,9.0,6,theta_200,DE/best,fixed,1%,crowding-pruned,repair+feasible-first,5,best2,paper,0.01,10,0.0769230769230769,5,0,0,rank,1,5.3999999999999995,2
train,syn_n50_k10_low_corr_heavy_tail_high_vol_r03_s20260641,5,theta_164,1.0814151958388307,0.0055780337865263,0.9933333333333336,0.0142715631600778,1.2493961864630336,4.70766734,12.5,4.5,6.5,3.5,20.0,9.4,8,theta_164,DE/rand,none,1%,crowding-pruned,repair+feasible-first,5,rand2,none,0.01,10,0.0769230769230769,5,0,0,rank,1,6.3999999999999995,3
train,syn_n50_k10_low_corr_heavy_tail_high_vol_r03_s20260641,5,theta_170,1.0814151958388307,0.0055780337865263,0.9933333333333336,0.0142715631600778,1.2493961864630336,4.196928056666667,12.5,4.5,6.5,3.5,18.0,9.0,5,theta_170,DE/rand,none,10%,crowding-pruned,repair+feasible-first,5,rand2,none,0.1,10,0.0769230769230769,5,0,0,rank,1,6.3999999999999995,4
train,syn_n50_k10_low_corr_heavy_tail_high_vol_r03_s20260641,5,theta_175,1.0814151958388307,0.0055780337865263,0.9933333333333336,0.0142715631600778,1.2493961864630336,3.7143698499999993,12.5,4.5,6.5,3.5,10.0,7.4,3,theta_175,DE/rand,fixed,5%,crowding-pruned,repair+feasible-first,5,rand2,paper,0.05,5,0.0769230769230769,5,0,0,rank,1,6.3999999999999995,5
train,syn_n50_k10_low_corr_heavy_tail_high_vol_r03_s20260641,5,theta_189,1.0814151958388307,0.0055780337865263,0.9933333333333336,0.0142715631600778,1.2493961864630336,9.220942313333332,12.5,4.5,6.5,3.5,22.0,9.8,9,theta_189,DE/rand,adaptive,10%,crowding-pruned,repair+feasible-first,5,rand2,stable,0.1,20,0.0769230769230769,5,0,0,rank,1,6.3999999999999995,6
train,syn_n50_k10_low_corr_heavy_tail_high_vol_r03_s20260641,5,theta_067,1.082371670681996,0.0055809381138253,0.993888888888889,0.0208773484409689,1.2494875699395047,3.644438406666666,5.0,8.0,3.0,11.0,9.0,7.2,2,theta_067,mixed,fixed,5%,crowding-pruned,repair+feasible-first,2,mixed,paper,0.05,5,0.0769230769230769,5,0,0,rank,1,6.8,7
train,syn_n50_k10_low_corr_heavy_tail_high_vol_r03_s20260641,5,theta_076,1.082371670681996,0.0055809381138253,0.993888888888889,0.0208773484409689,1.2494875699395047,3.812475783333333,5.0,8.0,3.0,11.0,11.0,7.6,4,theta_076,mixed,adaptive,5%,crowding-pruned,repair+feasible-first,2,mixed,stable,0.05,5,0.0769230769230769,5,0,0,rank,1,6.8,8
train,syn_n50_k10_low_corr_heavy_tail_high_vol_r03_s20260641,5,theta_078,1.082371670681996,0.0055809381138253,0.993888888888889,0.0208773484409689,1.2494875699395047,4.421699143333332,5.0,8.0,3.0,11.0,19.0,9.2,7,theta_078,mixed,adaptive,5%,crowding-pruned,repair+feasible-first,2,mixed,stable,0.05,20,0.0769230769230769,5,0,0,rank,1,6.8,9
train,syn_n50_k10_low_corr_heavy_tail_high_vol_r03_s20260641,5,theta_223,1.0813948083782967,0.0057199446664247,0.9911111111111112,0.0174104391748063,1.2533939181873823,10.40655568,16.0,14.0,11.0,8.0,24.0,14.6,17,theta_223,mixed,none,10%,crowding-pruned,repair+feasible-first,5,mixed,none,0.1,5,0.0769230769230769,5,0,0,rank,1,11.700000000000001,10
train,syn_n50_k10_low_corr_heavy_tail_high_vol_r03_s20260641,5,theta_234,1.0813948083782967,0.0057199446664247,0.9911111111111112,0.0174104391748063,1.2533939181873823,4.106814773333334,16.0,14.0,11.0,8.0,17.0,13.2,14,theta_234,mixed,fixed,10%,crowding-pruned,repair+feasible-first,5,mixed,paper,0.1,20,0.0769230769230769,5,0,0,rank,1,11.700000000000001,11
train,syn_n50_k10_low_corr_heavy_tail_high_vol_r03_s20260641,5,theta_237,1.0813948083782967,0.0057199446664247,0.9911111111111112,0.0174104391748063,1.2533939181873823,3.9510016133333337,16.0,14.0,11.0,8.0,15.0,12.8,13,theta_237,mixed,adaptive,1%,crowding-pruned,repair+feasible-first,5,mixed,stable,0.01,20,0.0769230769230769,5,0,0,rank,1,11.700000000000001,12
train,syn_n50_k10_low_corr_heavy_tail_high_vol_r03_s20260641,5,theta_118,1.0822458090293468,0.0056751346716529,0.9872222222222222,0.0212707571997646,1.2488793611352038,3.929933373333333,8.0,11.0,14.0,14.0,13.0,12.0,11,theta_118,DE/best,fixed,1%,crowding-pruned,repair+feasible-first,3,best2,paper,0.01,5,0.0769230769230769,5,0,0,rank,1,12.2,13
train,syn_n50_k10_low_corr_heavy_tail_high_vol_r03_s20260641,5,theta_131,1.0822458090293468,0.0056751346716529,0.9872222222222222,0.0212707571997646,1.2488793611352038,3.877457436666666,8.0,11.0,14.0,14.0,12.0,11.8,10,theta_131,DE/best,adaptive,5%,crowding-pruned,repair+feasible-first,3,best2,stable,0.05,10,0.0769230769230769,5,0,0,rank,1,12.2,14
train,syn_n50_k10_low_corr_heavy_tail_high_vol_r03_s20260641,5,theta_132,1.0822458090293468,0.0056751346716529,0.9872222222222222,0.0212707571997646,1.2488793611352038,3.94883758,8.0,11.0,14.0,14.0,14.0,12.2,12,theta_132,DE/best,adaptive,5%,crowding-pruned,repair+feasible-first,3,best2,stable,0.05,20,0.0769230769230769,5,0,0,rank,1,12.2,15
train,syn_n50_k10_low_corr_heavy_tail_high_vol_r03_s20260641,5,theta_144,1.0824727762118782,0.0073632949757507,0.9558333333333332,0.0353379979127358,1.2418687917840288,3.5890439033333337,2.5,16.5,20.5,20.5,8.0,13.6,16,theta_144,mixed,none,10%,crowding-pruned,repair+feasible-first,3,mixed,none,0.1,20,0.0769230769230769,5,0,0,rank,1,16.099999999999998,16
train,syn_n50_k10_low_corr_heavy_tail_high_vol_r03_s20260641,5,theta_159,1.0824727762118782,0.0073632949757507,0.9558333333333332,0.0353379979127358,1.2418687917840288,3.5603503999999995,2.5,16.5,20.5,20.5,7.0,13.4,15,theta_159,mixed,adaptive,5%,crowding-pruned,repair+feasible-first,3,mixed,stable,0.05,20,0.0769230769230769,5,0,0,rank,1,16.099999999999998,17
train,syn_n50_k10_low_corr_heavy_tail_high_vol_r03_s20260641,5,theta_034,1.076617567749132,0.0149928360614849,0.9616666666666666,0.0231844820873064,1.229419225505328,2.9419782066666667,19.5,19.5,17.5,17.5,2.0,15.2,18,theta_034,DE/best,none,10%,crowding-pruned,repair+feasible-first,2,best2,none,0.1,5,0.0769230769230769,5,0,0,rank,1,18.3,18
train,syn_n50_k10_low_corr_heavy_tail_high_vol_r03_s20260641,5,theta_037,1.076617567749132,0.0149928360614849,0.9616666666666666,0.0231844820873064,1.229419225505328,3.2752344,19.5,19.5,17.5,17.5,5.0,15.8,20,theta_037,DE/best,fixed,1%,crowding-pruned,repair+feasible-first,2,best2,paper,0.01,5,0.0769230769230769,5,0,0,rank,1,18.3,19
train,syn_n50_k10_low_corr_heavy_tail_high_vol_r03_s20260641,5,theta_045,1.076617567749132,0.0149928360614849,0.9616666666666666,0.0231844820873064,1.229419225505328,3.26828757,19.5,19.5,17.5,17.5,4.0,15.6,19,theta_045,DE/best,fixed,10%,crowding-pruned,repair+feasible-first,2,best2,paper,0.1,20,0.0769230769230769,5,0,0,rank,1,18.3,20
train,syn_n50_k10_low_corr_heavy_tail_high_vol_r03_s20260641,5,theta_047,1.076617567749132,0.0149928360614849,0.9616666666666666,0.0231844820873064,1.229419225505328,3.37428256,19.5,19.5,17.5,17.5,6.0,16.0,21,theta_047,DE/best,adaptive,1%,crowding-pruned,repair+feasible-first,2,best2,stable,0.01,10,0.0769230769230769,5,0,0,rank,1,18.3,21
train,syn_n50_k10_low_corr_heavy_tail_high_vol_r03_s20260641,5,theta_084,1.0662516072787738,0.034088129153642,0.8936111111111112,0.0504200786923509,1.193954693563756,3.10614041,23.0,23.0,23.0,23.0,3.0,19.0,22,theta_084,DE/rand,none,1%,crowding-pruned,repair+feasible-first,3,rand2,none,0.01,20,0.0769230769230769,5,0,0,rank,1,23.0,22
train,syn_n50_k10_low_corr_heavy_tail_high_vol_r03_s20260641,5,theta_086,1.0662516072787738,0.034088129153642,0.8936111111111112,0.0504200786923509,1.193954693563756,5.119630300000001,23.0,23.0,23.0,23.0,21.0,22.6,24,theta_086,DE/rand,none,5%,crowding-pruned,repair+feasible-first,3,rand2,none,0.05,10,0.0769230769230769,5,0,0,rank,1,23.0,23
train,syn_n50_k10_low_corr_heavy_tail_high_vol_r03_s20260641,5,theta_089,1.0662516072787738,0.034088129153642,0.8936111111111112,0.0504200786923509,1.193954693563756,4.01768476,23.0,23.0,23.0,23.0,16.0,21.6,23,theta_089,DE/rand,none,10%,crowding-pruned,repair+feasible-first,3,rand2,none,0.1,10,0.0769230769230769,5,0,0,rank,1,23.0,24
train,syn_n50_k10_low_corr_normal_low_vol_r01_s20260642,5,theta_011,1.0108851890078503,0.0061158380191864,0.9891666666666667,0.0132481372473463,1.3323837874483573,2.1220319233333336,4.0,7.0,2.5,1.0,1.0,3.1,1,theta_011,DE/rand,fixed,1%,crowding-pruned,repair+feasible-first,2,rand2,paper,0.01,10,0.0769230769230769,5,0,0,rank,1,3.25,1
train,syn_n50_k10_low_corr_normal_low_vol_r01_s20260642,5,theta_067,1.0108799500381502,0.0061021427563795,0.9891666666666667,0.0136452187321592,1.335938938811167,3.75094881,6.0,5.0,2.5,3.0,11.0,5.5,3,theta_067,mixed,fixed,5%,crowding-pruned,repair+feasible-first,2,mixed,paper,0.05,5,0.0769230769230769,5,0,0,rank,1,3.85,2
train,syn_n50_k10_low_corr_normal_low_vol_r01_s20260642,5,theta_076,1.0108799500381502,0.0061021427563795,0.9891666666666667,0.0136452187321592,1.335938938811167,3.770775843333333,6.0,5.0,2.5,3.0,12.0,5.7,5,theta_076,mixed,adaptive,5%,crowding-pruned,repair+feasible-first,2,mixed,stable,0.05,5,0.0769230769230769,5,0,0,rank,1,3.85,3
train,syn_n50_k10_low_corr_normal_low_vol_r01_s20260642,5,theta_078,1.0108799500381502,0.0061021427563795,0.9891666666666667,0.0136452187321592,1.335938938811167,3.4122667466666665,6.0,5.0,2.5,3.0,7.0,4.7,2,theta_078,mixed,adaptive,5%,crowding-pruned,repair+feasible-first,2,mixed,stable,0.05,20,0.0769230769230769,5,0,0,rank,1,3.85,4
train,syn_n50_k10_low_corr_normal_low_vol_r01_s20260642,5,theta_118,1.010976069678775,0.0059981505759707,0.9883333333333334,0.0140621984583788,1.343553904341357,4.007330816666667,2.0,2.0,9.0,6.0,15.0,6.8,7,theta_118,DE/best,fixed,1%,crowding-pruned,repair+feasible-first,3,best2,paper,0.01,5,0.0769230769230769,5,0,0,rank,1,5.3,5
train,syn_n50_k10_low_corr_normal_low_vol_r01_s20260642,5,theta_131,1.010976069678775,0.0059981505759707,0.9883333333333334,0.0140621984583788,1.343553904341357,3.6098433266666654,2.0,2.0,9.0,6.0,9.0,5.6,4,theta_131,DE/best,adaptive,5%,crowding-pruned,repair+feasible-first,3,best2,stable,0.05,10,0.0769230769230769,5,0,0,rank,1,5.3,6
train,syn_n50_k10_low_corr_normal_low_vol_r01_s20260642,5,theta_132,1.010976069678775,0.0059981505759707,0.9883333333333334,0.0140621984583788,1.343553904341357,3.9624760766666673,2.0,2.0,9.0,6.0,14.0,6.6,6,theta_132,DE/best,adaptive,5%,crowding-pruned,repair+feasible-first,3,best2,stable,0.05,20,0.0769230769230769,5,0,0,rank,1,5.3,7
train,syn_n50_k10_low_corr_normal_low_vol_r01_s20260642,5,theta_084,1.0100712440875603,0.0061969028256849,0.9886111111111112,0.014627948244091,1.341327971813333,3.17356525,9.0,10.0,6.0,14.0,5.0,8.8,8,theta_084,DE/rand,none,1%,crowding-pruned,repair+feasible-first,3,rand2,none,0.01,20,0.0769230769230769,5,0,0,rank,1,9.8,8
train,syn_n50_k10_low_corr_normal_low_vol_r01_s20260642,5,theta_086,1.0100712440875603,0.0061969028256849,0.9886111111111112,0.014627948244091,1.341327971813333,4.472012633333335,9.0,10.0,6.0,14.0,18.0,11.4,10,theta_086,DE/rand,none,5%,crowding-pruned,repair+feasible-first,3,rand2,none,0.05,10,0.0769230769230769,5,0,0,rank,1,9.8,9
train,syn_n50_k10_low_corr_normal_low_vol_r01_s20260642,5,theta_089,1.0100712440875603,0.0061969028256849,0.9886111111111112,0.014627948244091,1.341327971813333,3.8928937633333343,9.0,10.0,6.0,14.0,13.0,10.4,9,theta_089,DE/rand,none,10%,crowding-pruned,repair+feasible-first,3,rand2,none,0.1,10,0.0769230769230769,5,0,0,rank,1,9.8,10
train,syn_n50_k10_low_corr_normal_low_vol_r01_s20260642,5,theta_200,1.0100443262895114,0.0061473357082367,0.9863888888888892,0.0141834541075032,1.3382446490737008,9.264265173333332,11.0,8.0,14.0,8.0,22.0,12.6,11,theta_200,DE/best,fixed,1%,crowding-pruned,repair+feasible-first,5,best2,paper,0.01,10,0.0769230769230769,5,0,0,rank,1,10.4,11
train,syn_n50_k10_low_corr_normal_low_vol_r01_s20260642,5,theta_223,1.009815178107387,0.0062813704312472,0.9866666666666668,0.0148236956737923,1.3384550538193545,10.168703413333334,13.0,13.0,12.0,17.0,24.0,15.8,17,theta_223,mixed,none,10%,crowding-pruned,repair+feasible-first,5,mixed,none,0.1,5,0.0769230769230769,5,0,0,rank,1,13.9,12
train,syn_n50_k10_low_corr_normal_low_vol_r01_s20260642,5,theta_234,1.009815178107387,0.0062813704312472,0.9866666666666668,0.0148236956737923,1.3384550538193545,4.1469077966666665,13.0,13.0,12.0,17.0,16.0,14.2,13,theta_234,mixed,fixed,10%,crowding-pruned,repair+feasible-first,5,mixed,paper,0.1,20,0.0769230769230769,5,0,0,rank,1,13.9,13
train,syn_n50_k10_low_corr_normal_low_vol_r01_s20260642,5,theta_237,1.009815178107387,0.0062813704312472,0.9866666666666668,0.0148236956737923,1.3384550538193545,3.680967016666666,13.0,13.0,12.0,17.0,10.0,13.0,12,theta_237,mixed,adaptive,1%,crowding-pruned,repair+feasible-first,5,mixed,stable,0.01,20,0.0769230769230769,5,0,0,rank,1,13.9,14
train,syn_n50_k10_low_corr_normal_low_vol_r01_s20260642,5,theta_034,1.0086845212620388,0.0066919321152191,0.9755555555555556,0.0146098486621167,1.3458734663493457,2.8154754333333343,20.5,20.5,20.5,10.5,2.0,14.8,14,theta_034,DE/best,none,10%,crowding-pruned,repair+feasible-first,2,best2,none,0.1,5,0.0769230769230769,5,0,0,rank,1,17.5,15
train,syn_n50_k10_low_corr_normal_low_vol_r01_s20260642,5,theta_037,1.0086845212620388,0.0066919321152191,0.9755555555555556,0.0146098486621167,1.3458734663493457,3.2436332400000003,20.5,20.5,20.5,10.5,6.0,15.6,16,theta_037,DE/best,fixed,1%,crowding-pruned,repair+feasible-first,2,best2,paper,0.01,5,0.0769230769230769,5,0,0,rank,1,17.5,16
train,syn_n50_k10_low_corr_normal_low_vol_r01_s20260642,5,theta_045,1.0086845212620388,0.0066919321152191,0.9755555555555556,0.0146098486621167,1.3458734663493457,3.1675889033333333,20.5,20.5,20.5,10.5,4.0,15.2,15,theta_045,DE/best,fixed,10%,crowding-pruned,repair+feasible-first,2,best2,paper,0.1,20,0.0769230769230769,5,0,0,rank,1,17.5,17
train,syn_n50_k10_low_corr_normal_low_vol_r01_s20260642,5,theta_047,1.0086845212620388,0.0066919321152191,0.9755555555555556,0.0146098486621167,1.3458734663493457,5.263308879999999,20.5,20.5,20.5,10.5,21.0,18.6,21,theta_047,DE/best,adaptive,1%,crowding-pruned,repair+feasible-first,2,best2,stable,0.01,10,0.0769230769230769,5,0,0,rank,1,17.5,18
train,syn_n50_k10_low_corr_normal_low_vol_r01_s20260642,5,theta_164,1.0090100531156168,0.0065583149206805,0.9775,0.014875258429088,1.3320279311775212,4.7068602366666665,16.5,16.5,16.5,20.5,20.0,18.0,20,theta_164,DE/rand,none,1%,crowding-pruned,repair+feasible-first,5,rand2,none,0.01,10,0.0769230769230769,5,0,0,rank,1,17.7,19
train,syn_n50_k10_low_corr_normal_low_vol_r01_s20260642,5,theta_170,1.0090100531156168,0.0065583149206805,0.9775,0.014875258429088,1.3320279311775212,4.225846346666667,16.5,16.5,16.5,20.5,17.0,17.4,18,theta_170,DE/rand,none,10%,crowding-pruned,repair+feasible-first,5,rand2,none,0.1,10,0.0769230769230769,5,0,0,rank,1,17.7,20
train,syn_n50_k10_low_corr_normal_low_vol_r01_s20260642,5,theta_175,1.0090100531156168,0.0065583149206805,0.9775,0.014875258429088,1.3320279311775212,4.49947068,16.5,16.5,16.5,20.5,19.0,17.8,19,theta_175,DE/rand,fixed,5%,crowding-pruned,repair+feasible-first,5,rand2,paper,0.05,5,0.0769230769230769,5,0,0,rank,1,17.7,21
train,syn_n50_k10_low_corr_normal_low_vol_r01_s20260642,5,theta_189,1.0090100531156168,0.0065583149206805,0.9775,0.014875258429088,1.3320279311775212,9.480337100000002,16.5,16.5,16.5,20.5,23.0,18.6,22,theta_189,DE/rand,adaptive,10%,crowding-pruned,repair+feasible-first,5,rand2,stable,0.1,20,0.0769230769230769,5,0,0,rank,1,17.7,22
train,syn_n50_k10_low_corr_normal_low_vol_r01_s20260642,5,theta_144,1.00828043628032,0.0071052797314137,0.9663888888888889,0.0206787047834374,1.3453554934823246,3.130530023333333,23.5,23.5,23.5,23.5,3.0,19.4,23,theta_144,mixed,none,10%,crowding-pruned,repair+feasible-first,3,mixed,none,0.1,20,0.0769230769230769,5,0,0,rank,1,23.5,23
train,syn_n50_k10_low_corr_normal_low_vol_r01_s20260642,5,theta_159,1.00828043628032,0.0071052797314137,0.9663888888888889,0.0206787047834374,1.3453554934823246,3.579731016666668,23.5,23.5,23.5,23.5,8.0,20.4,24,theta_159,mixed,adaptive,5%,crowding-pruned,repair+feasible-first,3,mixed,stable,0.05,20,0.0769230769230769,5,0,0,rank,1,23.5,24
train,syn_n50_k10_pathological_cov_skewed_high_vol_r03_s20260644,5,theta_200,0.8118256962549351,0.0048435082565123,0.9891666666666667,0.0158209627871322,1.3470227055679849,11.288834579999998,4.0,7.0,4.0,1.0,22.0,7.6,4,theta_200,DE/best,fixed,1%,crowding-pruned,repair+feasible-first,5,best2,paper,0.01,10,0.0769230769230769,5,0,0,rank,1,3.7,1
train,syn_n50_k10_pathological_cov_skewed_high_vol_r03_s20260644,5,theta_118,0.8118944989660025,0.0047472777079686,0.9894444444444446,0.0182962786165539,1.3452738367099597,4.76496548,2.0,2.0,2.0,11.0,16.0,6.6,1,theta_118,DE/best,fixed,1%,crowding-pruned,repair+feasible-first,3,best2,paper,0.01,5,0.0769230769230769,5,0,0,rank,1,4.699999999999999,2
train,syn_n50_k10_pathological_cov_skewed_high_vol_r03_s20260644,5,theta_131,0.8118944989660025,0.0047472777079686,0.9894444444444446,0.0182962786165539,1.3452738367099597,4.784311579999999,2.0,2.0,2.0,11.0,17.0,6.8,2,theta_131,DE/best,adaptive,5%,crowding-pruned,repair+feasible-first,3,best2,stable,0.05,10,0.0769230769230769,5,0,0,rank,1,4.699999999999999,3
train,syn_n50_k10_pathological_cov_skewed_high_vol_r03_s20260644,5,theta_132,0.8118944989660025,0.0047472777079686,0.9894444444444446,0.0182962786165539,1.3452738367099597,4.874719533333335,2.0,2.0,2.0,11.0,18.0,7.0,3,theta_132,DE/best,adaptive,5%,crowding-pruned,repair+feasible-first,3,best2,stable,0.05,20,0.0769230769230769,5,0,0,rank,1,4.699999999999999,4
train,syn_n50_k10_pathological_cov_skewed_high_vol_r03_s20260644,5,theta_223,0.8117424877907221,0.00482758755203,0.987777777777778,0.0199253418072152,1.345309234433304,12.84624332,8.0,5.0,6.0,16.0,24.0,11.8,10,theta_223,mixed,none,10%,crowding-pruned,repair+feasible-first,5,mixed,none,0.1,5,0.0769230769230769,5,0,0,rank,1,9.2,5
train,syn_n50_k10_pathological_cov_skewed_high_vol_r03_s20260644,5,theta_234,0.8117424877907221,0.00482758755203,0.987777777777778,0.0199253418072152,1.345309234433304,4.696795183333333,8.0,5.0,6.0,16.0,15.0,10.0,8,theta_234,mixed,fixed,10%,crowding-pruned,repair+feasible-first,5,mixed,paper,0.1,20,0.0769230769230769,5,0,0,rank,1,9.2,6
train,syn_n50_k10_pathological_cov_skewed_high_vol_r03_s20260644,5,theta_237,0.8117424877907221,0.00482758755203,0.987777777777778,0.0199253418072152,1.345309234433304,4.688304006666667,8.0,5.0,6.0,16.0,14.0,9.8,7,theta_237,mixed,adaptive,1%,crowding-pruned,repair+feasible-first,5,mixed,stable,0.01,20,0.0769230769230769,5,0,0,rank,1,9.2,7
train,syn_n50_k10_pathological_cov_skewed_high_vol_r03_s20260644,5,theta_144,0.8117889005904354,0.0048621033757957,0.9872222222222224,0.0189359384847792,1.3455792282638366,4.005757096666667,5.5,8.5,8.5,13.5,4.0,8.0,5,theta_144,mixed,none,10%,crowding-pruned,repair+feasible-first,3,mixed,none,0.1,20,0.0769230769230769,5,0,0,rank,1,9.399999999999999,8
train,syn_n50_k10_pathological_cov_skewed_high_vol_r03_s20260644,5,theta_159,0.8117889005904354,0.0048621033757957,0.9872222222222224,0.0189359384847792,1.3455792282638366,4.34186484,5.5,8.5,8.5,13.5,7.0,8.6,6,theta_159,mixed,adaptive,5%,crowding-pruned,repair+feasible-first,3,mixed,stable,0.05,20,0.0769230769230769,5,0,0,rank,1,9.399999999999999,9
train,syn_n50_k10_pathological_cov_skewed_high_vol_r03_s20260644,5,theta_164,0.8103323432655318,0.0053876575233067,0.9822222222222224,0.0161773284411752,1.3455380401958903,6.343739893333334,14.5,14.5,14.5,3.5,21.0,13.6,16,theta_164,DE/rand,none,1%,crowding-pruned,repair+feasible-first,5,rand2,none,0.01,10,0.0769230769230769,5,0,0,rank,1,11.200000000000001,10
train,syn_n50_k10_pathological_cov_skewed_high_vol_r03_s20260644,5,theta_170,0.8103323432655318,0.0053876575233067,0.9822222222222224,0.0161773284411752,1.3455380401958903,4.464161936666667,14.5,14.5,14.5,3.5,9.0,11.2,9,theta_170,DE/rand,none,10%,crowding-pruned,repair+feasible-first,5,rand2,none,0.1,10,0.0769230769230769,5,0,0,rank,1,11.200000000000001,11
train,syn_n50_k10_pathological_cov_skewed_high_vol_r03_s20260644,5,theta_175,0.8103323432655318,0.0053876575233067,0.9822222222222224,0.0161773284411752,1.3455380401958903,4.6335897133333335,14.5,14.5,14.5,3.5,13.0,12.0,12,theta_175,DE/rand,fixed,5%,crowding-pruned,repair+feasible-first,5,rand2,paper,0.05,5,0.0769230769230769,5,0,0,rank,1,11.200000000000001,12
train,syn_n50_k10_pathological_cov_skewed_high_vol_r03_s20260644,5,theta_189,0.8103323432655318,0.0053876575233067,0.9822222222222224,0.0161773284411752,1.3455380401958903,11.540008940000002,14.5,14.5,14.5,3.5,23.0,14.0,17,theta_189,DE/rand,adaptive,10%,crowding-pruned,repair+feasible-first,5,rand2,stable,0.1,20,0.0769230769230769,5,0,0,rank,1,11.200000000000001,13
train,syn_n50_k10_pathological_cov_skewed_high_vol_r03_s20260644,5,theta_067,0.8114951610706315,0.0049274111136166,0.9861111111111112,0.0222690409646913,1.34475436032403,4.510565336666667,11.0,11.0,11.0,19.0,10.0,12.4,13,theta_067,mixed,fixed,5%,crowding-pruned,repair+feasible-first,2,mixed,paper,0.05,5,0.0769230769230769,5,0,0,rank,1,13.4,14
train,syn_n50_k10_pathological_cov_skewed_high_vol_r03_s20260644,5,theta_076,0.8114951610706315,0.0049274111136166,0.9861111111111112,0.0222690409646913,1.34475436032403,4.562603216666667,11.0,11.0,11.0,19.0,11.0,12.6,14,theta_076,mixed,adaptive,5%,crowding-pruned,repair+feasible-first,2,mixed,stable,0.05,5,0.0769230769230769,5,0,0,rank,1,13.4,15
train,syn_n50_k10_pathological_cov_skewed_high_vol_r03_s20260644,5,theta_078,0.8114951610706315,0.0049274111136166,0.9861111111111112,0.0222690409646913,1.34475436032403,4.46053255,11.0,11.0,11.0,19.0,8.0,12.0,11,theta_078,mixed,adaptive,5%,crowding-pruned,repair+feasible-first,2,mixed,stable,0.05,20,0.0769230769230769,5,0,0,rank,1,13.4,16
train,syn_n50_k10_pathological_cov_skewed_high_vol_r03_s20260644,5,theta_084,0.8097739178849677,0.0057844740500726,0.9683333333333336,0.0173449050418609,1.3445509509394804,3.738405673333333,18.0,18.0,18.0,8.0,2.0,12.8,15,theta_084,DE/rand,none,1%,crowding-pruned,repair+feasible-first,3,rand2,none,0.01,20,0.0769230769230769,5,0,0,rank,1,15.0,17
train,syn_n50_k10_pathological_cov_skewed_high_vol_r03_s20260644,5,theta_086,0.8097739178849677,0.0057844740500726,0.9683333333333336,0.0173449050418609,1.3445509509394804,4.988154833333334,18.0,18.0,18.0,8.0,19.0,16.2,20,theta_086,DE/rand,none,5%,crowding-pruned,repair+feasible-first,3,rand2,none,0.05,10,0.0769230769230769,5,0,0,rank,1,15.0,18
train,syn_n50_k10_pathological_cov_skewed_high_vol_r03_s20260644,5,theta_089,0.8097739178849677,0.0057844740500726,0.9683333333333336,0.0173449050418609,1.3445509509394804,4.618792646666666,18.0,18.0,18.0,8.0,12.0,14.8,18,theta_089,DE/rand,none,10%,crowding-pruned,repair+feasible-first,3,rand2,none,0.1,10,0.0769230769230769,5,0,0,rank,1,15.0,19
train,syn_n50_k10_pathological_cov_skewed_high_vol_r03_s20260644,5,theta_011,0.8076094678010014,0.0068670525943252,0.9591666666666668,0.0162130916455165,1.3443722722979403,2.871900473333333,24.0,24.0,24.0,6.0,1.0,15.8,19,theta_011,DE/rand,fixed,1%,crowding-pruned,repair+feasible-first,2,rand2,paper,0.01,10,0.0769230769230769,5,0,0,rank,1,18.6,20
train,syn_n50_k10_pathological_cov_skewed_high_vol_r03_s20260644,5,theta_034,0.8088915999737519,0.0064817695540074,0.96,0.0236461433363482,1.3466945054670136,3.75793002,21.5,21.5,21.5,22.5,3.0,18.0,21,theta_034,DE/best,none,10%,crowding-pruned,repair+feasible-first,2,best2,none,0.1,5,0.0769230769230769,5,0,0,rank,1,21.8,21
train,syn_n50_k10_pathological_cov_skewed_high_vol_r03_s20260644,5,theta_037,0.8088915999737519,0.0064817695540074,0.96,0.0236461433363482,1.3466945054670136,4.16964947,21.5,21.5,21.5,22.5,5.0,18.4,22,theta_037,DE/best,fixed,1%,crowding-pruned,repair+feasible-first,2,best2,paper,0.01,5,0.0769230769230769,5,0,0,rank,1,21.8,22
train,syn_n50_k10_pathological_cov_skewed_high_vol_r03_s20260644,5,theta_045,0.8088915999737519,0.0064817695540074,0.96,0.0236461433363482,1.3466945054670136,4.190201953333333,21.5,21.5,21.5,22.5,6.0,18.6,23,theta_045,DE/best,fixed,10%,crowding-pruned,repair+feasible-first,2,best2,paper,0.1,20,0.0769230769230769,5,0,0,rank,1,21.8,23
train,syn_n50_k10_pathological_cov_skewed_high_vol_r03_s20260644,5,theta_047,0.8088915999737519,0.0064817695540074,0.96,0.0236461433363482,1.3466945054670136,5.776025953333334,21.5,21.5,21.5,22.5,20.0,21.4,24,theta_047,DE/best,adaptive,1%,crowding-pruned,repair+feasible-first,2,best2,stable,0.01,10,0.0769230769230769,5,0,0,rank,1,21.8,24
train,syn_n50_k20_cluster_corr_mixed_extreme_events_r03_s20260657,10,theta_200,0.9419002845645956,0.0081444467178126,0.9797222222222224,0.0146875406947282,1.3304650903760218,7.856218326666668,9.0,9.0,1.0,1.0,22.0,8.4,6,theta_200,DE/best,fixed,1%,crowding-pruned,repair+feasible-first,5,best2,paper,0.01,10,0.0769230769230769,5,0,0,rank,1,4.2,1
train,syn_n50_k20_cluster_corr_mixed_extreme_events_r03_s20260657,10,theta_164,0.9429104861225104,0.0074880640911098,0.9677777777777776,0.0193222868504732,1.311228667739327,4.358772196666666,6.5,5.5,3.5,4.5,21.0,8.2,5,theta_164,DE/rand,none,1%,crowding-pruned,repair+feasible-first,5,rand2,none,0.01,10,0.0769230769230769,5,0,0,rank,1,4.8,2
train,syn_n50_k20_cluster_corr_mixed_extreme_events_r03_s20260657,10,theta_170,0.9429104861225104,0.0074880640911098,0.9677777777777776,0.0193222868504732,1.311228667739327,3.6273558166666655,6.5,5.5,3.5,4.5,15.0,7.0,3,theta_170,DE/rand,none,10%,crowding-pruned,repair+feasible-first,5,rand2,none,0.1,10,0.0769230769230769,5,0,0,rank,1,4.8,3
train,syn_n50_k20_cluster_corr_mixed_extreme_events_r03_s20260657,10,theta_175,0.9429104861225104,0.0074880640911098,0.9677777777777776,0.0193222868504732,1.311228667739327,3.741093916666667,6.5,5.5,3.5,4.5,18.0,7.6,4,theta_175,DE/rand,fixed,5%,crowding-pruned,repair+feasible-first,5,rand2,paper,0.05,5,0.0769230769230769,5,0,0,rank,1,4.8,4
train,syn_n50_k20_cluster_corr_mixed_extreme_events_r03_s20260657,10,theta_189,0.9429104861225104,0.0074880640911098,0.9677777777777776,0.0193222868504732,1.311228667739327,8.419340266666667,6.5,5.5,3.5,4.5,23.0,8.6,7,theta_189,DE/rand,adaptive,10%,crowding-pruned,repair+feasible-first,5,rand2,stable,0.1,20,0.0769230769230769,5,0,0,rank,1,4.8,5
train,syn_n50_k20_cluster_corr_mixed_extreme_events_r03_s20260657,10,theta_084,0.9444179439110606,0.0073517767273751,0.9658333333333332,0.0222734384597988,1.2958169547516634,2.7773985800000007,2.0,2.0,14.0,12.0,3.0,6.6,1,theta_084,DE/rand,none,1%,crowding-pruned,repair+feasible-first,3,rand2,none,0.01,20,0.0769230769230769,5,0,0,rank,1,8.6,6
train,syn_n50_k20_cluster_corr_mixed_extreme_events_r03_s20260657,10,theta_086,0.9444179439110606,0.0073517767273751,0.9658333333333332,0.0222734384597988,1.2958169547516634,4.023903550000001,2.0,2.0,14.0,12.0,19.0,9.8,9,theta_086,DE/rand,none,5%,crowding-pruned,repair+feasible-first,3,rand2,none,0.05,10,0.0769230769230769,5,0,0,rank,1,8.6,7
train,syn_n50_k20_cluster_corr_mixed_extreme_events_r03_s20260657,10,theta_089,0.9444179439110606,0.0073517767273751,0.9658333333333332,0.0222734384597988,1.2958169547516634,3.67649509,2.0,2.0,14.0,12.0,17.0,9.4,8,theta_089,DE/rand,none,10%,crowding-pruned,repair+feasible-first,3,rand2,none,0.1,10,0.0769230769230769,5,0,0,rank,1,8.6,8
train,syn_n50_k20_cluster_corr_mixed_extreme_events_r03_s20260657,10,theta_011,0.9438648675683524,0.0075917260065165,0.9552777777777778,0.0160367426359599,1.2893847902114213,1.909110083333333,4.0,8.0,19.0,2.0,1.0,6.8,2,theta_011,DE/rand,fixed,1%,crowding-pruned,repair+feasible-first,2,rand2,paper,0.01,10,0.0769230769230769,5,0,0,rank,1,8.700000000000001,9
train,syn_n50_k20_cluster_corr_mixed_extreme_events_r03_s20260657,10,theta_034,0.9399945734270402,0.009154060603991,0.9675,0.0211336732882038,1.3227775583453512,2.51279468,22.5,14.5,7.5,8.5,2.0,11.0,10,theta_034,DE/best,none,10%,crowding-pruned,repair+feasible-first,2,best2,none,0.1,5,0.0769230769230769,5,0,0,rank,1,12.2,10
train,syn_n50_k20_cluster_corr_mixed_extreme_events_r03_s20260657,10,theta_037,0.9399945734270402,0.009154060603991,0.9675,0.0211336732882038,1.3227775583453512,2.912211013333333,22.5,14.5,7.5,8.5,5.0,11.6,11,theta_037,DE/best,fixed,1%,crowding-pruned,repair+feasible-first,2,best2,paper,0.01,5,0.0769230769230769,5,0,0,rank,1,12.2,11
train,syn_n50_k20_cluster_corr_mixed_extreme_events_r03_s20260657,10,theta_045,0.9399945734270402,0.009154060603991,0.9675,0.0211336732882038,1.3227775583453512,2.96721836,22.5,14.5,7.5,8.5,6.0,11.8,12,theta_045,DE/best,fixed,10%,crowding-pruned,repair+feasible-first,2,best2,paper,0.1,20,0.0769230769230769,5,0,0,rank,1,12.2,12
train,syn_n50_k20_cluster_corr_mixed_extreme_events_r03_s20260657,10,theta_047,0.9399945734270402,0.009154060603991,0.9675,0.0211336732882038,1.3227775583453512,4.072712163333334,22.5,14.5,7.5,8.5,20.0,14.6,15,theta_047,DE/best,adaptive,1%,crowding-pruned,repair+feasible-first,2,best2,stable,0.01,10,0.0769230769230769,5,0,0,rank,1,12.2,13
train,syn_n50_k20_cluster_corr_mixed_extreme_events_r03_s20260657,10,theta_223,0.9416228291872616,0.0087523148796418,0.9661111111111113,0.0227385943292178,1.3080961964850295,9.007405653333334,11.0,11.0,11.0,18.0,24.0,15.0,16,theta_223,mixed,none,10%,crowding-pruned,repair+feasible-first,5,mixed,none,0.1,5,0.0769230769230769,5,0,0,rank,1,13.1,14
train,syn_n50_k20_cluster_corr_mixed_extreme_events_r03_s20260657,10,theta_234,0.9416228291872616,0.0087523148796418,0.9661111111111113,0.0227385943292178,1.3080961964850295,3.6398128499999993,11.0,11.0,11.0,18.0,16.0,13.4,14,theta_234,mixed,fixed,10%,crowding-pruned,repair+feasible-first,5,mixed,paper,0.1,20,0.0769230769230769,5,0,0,rank,1,13.1,15
train,syn_n50_k20_cluster_corr_mixed_extreme_events_r03_s20260657,10,theta_237,0.9416228291872616,0.0087523148796418,0.9661111111111113,0.0227385943292178,1.3080961964850295,3.46889204,11.0,11.0,11.0,18.0,11.0,12.4,13,theta_237,mixed,adaptive,1%,crowding-pruned,repair+feasible-first,5,mixed,stable,0.01,20,0.0769230769230769,5,0,0,rank,1,13.1,16
train,syn_n50_k20_cluster_corr_mixed_extreme_events_r03_s20260657,10,theta_118,0.9404177148695432,0.0093283964712448,0.9636111111111112,0.0235592082240925,1.3178824942581555,3.4506182966666663,16.0,18.0,17.0,21.0,10.0,16.4,18,theta_118,DE/best,fixed,1%,crowding-pruned,repair+feasible-first,3,best2,paper,0.01,5,0.0769230769230769,5,0,0,rank,1,18.2,17
train,syn_n50_k20_cluster_corr_mixed_extreme_events_r03_s20260657,10,theta_131,0.9404177148695432,0.0093283964712448,0.9636111111111112,0.0235592082240925,1.3178824942581555,3.20134862,16.0,18.0,17.0,21.0,8.0,16.0,17,theta_131,DE/best,adaptive,5%,crowding-pruned,repair+feasible-first,3,best2,stable,0.05,10,0.0769230769230769,5,0,0,rank,1,18.2,18
train,syn_n50_k20_cluster_corr_mixed_extreme_events_r03_s20260657,10,theta_132,0.9404177148695432,0.0093283964712448,0.9636111111111112,0.0235592082240925,1.3178824942581555,3.5441470133333337,16.0,18.0,17.0,21.0,14.0,17.2,21,theta_132,DE/best,adaptive,5%,crowding-pruned,repair+feasible-first,3,best2,stable,0.05,20,0.0769230769230769,5,0,0,rank,1,18.2,19
train,syn_n50_k20_cluster_corr_mixed_extreme_events_r03_s20260657,10,theta_067,0.9402720219314048,0.0100716211530313,0.9497222222222222,0.0223426395083574,1.2904451031496054,3.4817344200000004,19.0,23.0,23.0,15.0,12.0,18.4,23,theta_067,mixed,fixed,5%,crowding-pruned,repair+feasible-first,2,mixed,paper,0.05,5,0.0769230769230769,5,0,0,rank,1,19.8,20
train,syn_n50_k20_cluster_corr_mixed_extreme_events_r03_s20260657,10,theta_076,0.9402720219314048,0.0100716211530313,0.9497222222222222,0.0223426395083574,1.2904451031496054,3.4972688766666664,19.0,23.0,23.0,15.0,13.0,18.6,24,theta_076,mixed,adaptive,5%,crowding-pruned,repair+feasible-first,2,mixed,stable,0.05,5,0.0769230769230769,5,0,0,rank,1,19.8,21
train,syn_n50_k20_cluster_corr_mixed_extreme_events_r03_s20260657,10,theta_078,0.9402720219314048,0.0100716211530313,0.9497222222222222,0.0223426395083574,1.2904451031496054,2.794175623333335,19.0,23.0,23.0,15.0,4.0,16.8,19,theta_078,mixed,adaptive,5%,crowding-pruned,repair+feasible-first,2,mixed,stable,0.05,20,0.0769230769230769,5,0,0,rank,1,19.8,22
train,syn_n50_k20_cluster_corr_mixed_extreme_events_r03_s20260657,10,theta_144,0.9409823751860312,0.0098247473983314,0.9516666666666668,0.0259900208415044,1.2912238645997602,3.01616998,13.5,20.5,20.5,23.5,7.0,17.0,20,theta_144,mixed,none,10%,crowding-pruned,repair+feasible-first,3,mixed,none,0.1,20,0.0769230769230769,5,0,0,rank,1,20.0,23
train,syn_n50_k20_cluster_corr_mixed_extreme_events_r03_s20260657,10,theta_159,0.9409823751860312,0.0098247473983314,0.9516666666666668,0.0259900208415044,1.2912238645997602,3.331716043333334,13.5,20.5,20.5,23.5,9.0,17.4,22,theta_159,mixed,adaptive,5%,crowding-pruned,repair+feasible-first,3,mixed,stable,0.05,20,0.0769230769230769,5,0,0,rank,1,20.0,24
train,syn_n50_k20_high_corr_mixed_high_vol_r02_s20260654,10,theta_200,0.9384170225592446,0.0064935010302808,0.9836111111111112,0.0246916593493326,1.3301483227788051,7.847520423333334,1.0,1.0,1.0,9.0,22.0,6.8,3,theta_200,DE/best,fixed,1%,crowding-pruned,repair+feasible-first,5,best2,paper,0.01,10,0.0769230769230769,5,0,0,rank,1,3.3999999999999995,1
train,syn_n50_k20_high_corr_mixed_high_vol_r02_s20260654,10,theta_034,0.9352277813144928,0.0080945570822592,0.9716666666666668,0.0244168026055968,1.3149947044129793,2.60527047,9.5,6.5,6.5,6.5,2.0,6.2,1,theta_034,DE/best,none,10%,crowding-pruned,repair+feasible-first,2,best2,none,0.1,5,0.0769230769230769,5,0,0,rank,1,7.1000000000000005,2
train,syn_n50_k20_high_corr_mixed_high_vol_r02_s20260654,10,theta_037,0.9352277813144928,0.0080945570822592,0.9716666666666668,0.0244168026055968,1.3149947044129793,2.9124399166666657,9.5,6.5,6.5,6.5,6.0,7.0,4,theta_037,DE/best,fixed,1%,crowding-pruned,repair+feasible-first,2,best2,paper,0.01,5,0.0769230769230769,5,0,0,rank,1,7.1000000000000005,3
train,syn_n50_k20_high_corr_mixed_high_vol_r02_s20260654,10,theta_045,0.9352277813144928,0.0080945570822592,0.9716666666666668,0.0244168026055968,1.3149947044129793,2.88922169,9.5,6.5,6.5,6.5,5.0,6.8,2,theta_045,DE/best,fixed,10%,crowding-pruned,repair+feasible-first,2,best2,paper,0.1,20,0.0769230769230769,5,0,0,rank,1,7.1000000000000005,4
train,syn_n50_k20_high_corr_mixed_high_vol_r02_s20260654,10,theta_047,0.9352277813144928,0.0080945570822592,0.9716666666666668,0.0244168026055968,1.3149947044129793,3.9950924466666655,9.5,6.5,6.5,6.5,20.0,9.8,9,theta_047,DE/best,adaptive,1%,crowding-pruned,repair+feasible-first,2,best2,stable,0.01,10,0.0769230769230769,5,0,0,rank,1,7.1000000000000005,5
train,syn_n50_k20_high_corr_mixed_high_vol_r02_s20260654,10,theta_118,0.9367241344918344,0.0076298175990889,0.9772222222222224,0.0306203257053244,1.3120409018386303,3.36686874,3.0,3.0,3.0,19.0,8.0,7.2,5,theta_118,DE/best,fixed,1%,crowding-pruned,repair+feasible-first,3,best2,paper,0.01,5,0.0769230769230769,5,0,0,rank,1,7.800000000000001,6
train,syn_n50_k20_high_corr_mixed_high_vol_r02_s20260654,10,theta_131,0.9367241344918344,0.0076298175990889,0.9772222222222224,0.0306203257053244,1.3120409018386303,3.4021963200000007,3.0,3.0,3.0,19.0,10.0,7.6,7,theta_131,DE/best,adaptive,5%,crowding-pruned,repair+feasible-first,3,best2,stable,0.05,10,0.0769230769230769,5,0,0,rank,1,7.800000000000001,7
train,syn_n50_k20_high_corr_mixed_high_vol_r02_s20260654,10,theta_132,0.9367241344918344,0.0076298175990889,0.9772222222222224,0.0306203257053244,1.3120409018386303,3.392947433333333,3.0,3.0,3.0,19.0,9.0,7.4,6,theta_132,DE/best,adaptive,5%,crowding-pruned,repair+feasible-first,3,best2,stable,0.05,20,0.0769230769230769,5,0,0,rank,1,7.800000000000001,8
train,syn_n50_k20_high_corr_mixed_high_vol_r02_s20260654,10,theta_223,0.9360684494609336,0.0082510834387705,0.9708333333333332,0.0251394434012171,1.2979818776993846,8.11555968,6.0,10.0,10.0,11.0,23.0,12.0,13,theta_223,mixed,none,10%,crowding-pruned,repair+feasible-first,5,mixed,none,0.1,5,0.0769230769230769,5,0,0,rank,1,9.5,9
train,syn_n50_k20_high_corr_mixed_high_vol_r02_s20260654,10,theta_234,0.9360684494609336,0.0082510834387705,0.9708333333333332,0.0251394434012171,1.2979818776993846,3.5717947866666666,6.0,10.0,10.0,11.0,14.0,10.2,11,theta_234,mixed,fixed,10%,crowding-pruned,repair+feasible-first,5,mixed,paper,0.1,20,0.0769230769230769,5,0,0,rank,1,9.5,10
train,syn_n50_k20_high_corr_mixed_high_vol_r02_s20260654,10,theta_237,0.9360684494609336,0.0082510834387705,0.9708333333333332,0.0251394434012171,1.2979818776993846,3.4112789,6.0,10.0,10.0,11.0,11.0,9.6,8,theta_237,mixed,adaptive,1%,crowding-pruned,repair+feasible-first,5,mixed,stable,0.01,20,0.0769230769230769,5,0,0,rank,1,9.5,11
train,syn_n50_k20_high_corr_mixed_high_vol_r02_s20260654,10,theta_067,0.933802321426251,0.0096095559667949,0.9622222222222222,0.0233129590649923,1.2708791735156415,3.448757163333333,18.0,13.0,13.0,3.0,12.0,11.8,12,theta_067,mixed,fixed,5%,crowding-pruned,repair+feasible-first,2,mixed,paper,0.05,5,0.0769230769230769,5,0,0,rank,1,11.0,12
train,syn_n50_k20_high_corr_mixed_high_vol_r02_s20260654,10,theta_076,0.933802321426251,0.0096095559667949,0.9622222222222222,0.0233129590649923,1.2708791735156415,3.5925757966666665,18.0,13.0,13.0,3.0,16.0,12.6,14,theta_076,mixed,adaptive,5%,crowding-pruned,repair+feasible-first,2,mixed,stable,0.05,5,0.0769230769230769,5,0,0,rank,1,11.0,13
train,syn_n50_k20_high_corr_mixed_high_vol_r02_s20260654,10,theta_078,0.933802321426251,0.0096095559667949,0.9622222222222222,0.0233129590649923,1.2708791735156415,2.788090690000001,18.0,13.0,13.0,3.0,3.0,10.0,10,theta_078,mixed,adaptive,5%,crowding-pruned,repair+feasible-first,2,mixed,stable,0.05,20,0.0769230769230769,5,0,0,rank,1,11.0,14
train,syn_n50_k20_high_corr_mixed_high_vol_r02_s20260654,10,theta_084,0.93411035388326,0.0102177903157308,0.9508333333333334,0.0274510448011408,1.2516396556782388,2.82902387,13.0,18.0,18.0,14.0,4.0,13.4,15,theta_084,DE/rand,none,1%,crowding-pruned,repair+feasible-first,3,rand2,none,0.01,20,0.0769230769230769,5,0,0,rank,1,15.8,15
train,syn_n50_k20_high_corr_mixed_high_vol_r02_s20260654,10,theta_086,0.93411035388326,0.0102177903157308,0.9508333333333334,0.0274510448011408,1.2516396556782388,3.626725483333333,13.0,18.0,18.0,14.0,17.0,16.0,19,theta_086,DE/rand,none,5%,crowding-pruned,repair+feasible-first,3,rand2,none,0.05,10,0.0769230769230769,5,0,0,rank,1,15.8,16
train,syn_n50_k20_high_corr_mixed_high_vol_r02_s20260654,10,theta_089,0.93411035388326,0.0102177903157308,0.9508333333333334,0.0274510448011408,1.2516396556782388,3.643679160000001,13.0,18.0,18.0,14.0,18.0,16.2,20,theta_089,DE/rand,none,10%,crowding-pruned,repair+feasible-first,3,rand2,none,0.1,10,0.0769230769230769,5,0,0,rank,1,15.8,17
train,syn_n50_k20_high_corr_mixed_high_vol_r02_s20260654,10,theta_144,0.9340711227334604,0.0097715568634954,0.9602777777777778,0.0293715116228966,1.2704872180192506,3.516636913333334,15.5,15.5,15.5,16.5,13.0,15.2,18,theta_144,mixed,none,10%,crowding-pruned,repair+feasible-first,3,mixed,none,0.1,20,0.0769230769230769,5,0,0,rank,1,15.8,18
train,syn_n50_k20_high_corr_mixed_high_vol_r02_s20260654,10,theta_159,0.9340711227334604,0.0097715568634954,0.9602777777777778,0.0293715116228966,1.2704872180192506,3.25844741,15.5,15.5,15.5,16.5,7.0,14.0,17,theta_159,mixed,adaptive,5%,crowding-pruned,repair+feasible-first,3,mixed,stable,0.05,20,0.0769230769230769,5,0,0,rank,1,15.8,19
train,syn_n50_k20_high_corr_mixed_high_vol_r02_s20260654,10,theta_011,0.9319080248797972,0.0118493532869255,0.9333333333333336,0.0187612283749918,1.2276331960030509,1.9383229033333336,24.0,24.0,20.0,1.0,1.0,14.0,16,theta_011,DE/rand,fixed,1%,crowding-pruned,repair+feasible-first,2,rand2,paper,0.01,10,0.0769230769230769,5,0,0,rank,1,15.900000000000002,20
train,syn_n50_k20_high_corr_mixed_high_vol_r02_s20260654,10,theta_164,0.9329212173876236,0.010601792584991,0.9269444444444443,0.0306699289994857,1.268216256275568,4.287476846666666,21.5,21.5,22.5,22.5,21.0,21.8,23,theta_164,DE/rand,none,1%,crowding-pruned,repair+feasible-first,5,rand2,none,0.01,10,0.0769230769230769,5,0,0,rank,1,22.1,21
train,syn_n50_k20_high_corr_mixed_high_vol_r02_s20260654,10,theta_170,0.9329212173876236,0.010601792584991,0.9269444444444443,0.0306699289994857,1.268216256275568,3.578180853333333,21.5,21.5,22.5,22.5,15.0,20.6,21,theta_170,DE/rand,none,10%,crowding-pruned,repair+feasible-first,5,rand2,none,0.1,10,0.0769230769230769,5,0,0,rank,1,22.1,22
train,syn_n50_k20_high_corr_mixed_high_vol_r02_s20260654,10,theta_175,0.9329212173876236,0.010601792584991,0.9269444444444443,0.0306699289994857,1.268216256275568,3.6832632333333337,21.5,21.5,22.5,22.5,19.0,21.4,22,theta_175,DE/rand,fixed,5%,crowding-pruned,repair+feasible-first,5,rand2,paper,0.05,5,0.0769230769230769,5,0,0,rank,1,22.1,23
train,syn_n50_k20_high_corr_mixed_high_vol_r02_s20260654,10,theta_189,0.9329212173876236,0.010601792584991,0.9269444444444443,0.0306699289994857,1.268216256275568,8.427475996666667,21.5,21.5,22.5,22.5,24.0,22.4,24,theta_189,DE/rand,adaptive,10%,crowding-pruned,repair+feasible-first,5,rand2,stable,0.1,20,0.0769230769230769,5,0,0,rank,1,22.1,24
train,syn_n50_k20_high_corr_normal_low_vol_r03_s20260655,10,theta_200,0.9228144724833036,0.0088055040111528,0.961111111111111,0.023514694212299,1.339521432661664,7.713232286666666,4.0,1.0,1.0,5.0,22.0,6.6,2,theta_200,DE/best,fixed,1%,crowding-pruned,repair+feasible-first,5,best2,paper,0.01,10,0.0769230769230769,5,0,0,rank,1,2.8,1
train,syn_n50_k20_high_corr_normal_low_vol_r03_s20260655,10,theta_118,0.918981685368386,0.0114253767846945,0.9325,0.0214134455267984,1.3062941106929649,3.37356893,17.0,10.0,3.0,2.0,9.0,8.2,4,theta_118,DE/best,fixed,1%,crowding-pruned,repair+feasible-first,3,best2,paper,0.01,5,0.0769230769230769,5,0,0,rank,1,6.9,2
train,syn_n50_k20_high_corr_normal_low_vol_r03_s20260655,10,theta_131,0.918981685368386,0.0114253767846945,0.9325,0.0214134455267984,1.3062941106929649,3.34436211,17.0,10.0,3.0,2.0,8.0,8.0,3,theta_131,DE/best,adaptive,5%,crowding-pruned,repair+feasible-first,3,best2,stable,0.05,10,0.0769230769230769,5,0,0,rank,1,6.9,3
train,syn_n50_k20_high_corr_normal_low_vol_r03_s20260655,10,theta_132,0.918981685368386,0.0114253767846945,0.9325,0.0214134455267984,1.3062941106929649,3.4548119366666663,17.0,10.0,3.0,2.0,11.0,8.6,6,theta_132,DE/best,adaptive,5%,crowding-pruned,repair+feasible-first,3,best2,stable,0.05,20,0.0769230769230769,5,0,0,rank,1,6.9,4
train,syn_n50_k20_high_corr_normal_low_vol_r03_s20260655,10,theta_084,0.9234136069320668,0.0101692038170585,0.915277777777778,0.0235733832147065,1.2477988464442975,2.8328215,2.0,3.0,13.0,7.0,3.0,5.6,1,theta_084,DE/rand,none,1%,crowding-pruned,repair+feasible-first,3,rand2,none,0.01,20,0.0769230769230769,5,0,0,rank,1,7.0,5
train,syn_n50_k20_high_corr_normal_low_vol_r03_s20260655,10,theta_086,0.9234136069320668,0.0101692038170585,0.915277777777778,0.0235733832147065,1.2477988464442975,4.07633197,2.0,3.0,13.0,7.0,20.0,9.0,7,theta_086,DE/rand,none,5%,crowding-pruned,repair+feasible-first,3,rand2,none,0.05,10,0.0769230769230769,5,0,0,rank,1,7.0,6
train,syn_n50_k20_high_corr_normal_low_vol_r03_s20260655,10,theta_089,0.9234136069320668,0.0101692038170585,0.915277777777778,0.0235733832147065,1.2477988464442975,3.890750666666667,2.0,3.0,13.0,7.0,18.0,8.6,5,theta_089,DE/rand,none,10%,crowding-pruned,repair+feasible-first,3,rand2,none,0.1,10,0.0769230769230769,5,0,0,rank,1,7.0,7
train,syn_n50_k20_high_corr_normal_low_vol_r03_s20260655,10,theta_164,0.9224163787675728,0.0108926119048673,0.9172222222222224,0.0329358808058714,1.241023117363903,4.14819082,6.5,6.5,9.5,18.5,21.0,12.4,15,theta_164,DE/rand,none,1%,crowding-pruned,repair+feasible-first,5,rand2,none,0.01,10,0.0769230769230769,5,0,0,rank,1,11.0,8
train,syn_n50_k20_high_corr_normal_low_vol_r03_s20260655,10,theta_170,0.9224163787675728,0.0108926119048673,0.9172222222222224,0.0329358808058714,1.241023117363903,3.678426,6.5,6.5,9.5,18.5,15.0,11.2,9,theta_170,DE/rand,none,10%,crowding-pruned,repair+feasible-first,5,rand2,none,0.1,10,0.0769230769230769,5,0,0,rank,1,11.0,9
train,syn_n50_k20_high_corr_normal_low_vol_r03_s20260655,10,theta_175,0.9224163787675728,0.0108926119048673,0.9172222222222224,0.0329358808058714,1.241023117363903,3.799671743333333,6.5,6.5,9.5,18.5,17.0,11.6,11,theta_175,DE/rand,fixed,5%,crowding-pruned,repair+feasible-first,5,rand2,paper,0.05,5,0.0769230769230769,5,0,0,rank,1,11.0,10
train,syn_n50_k20_high_corr_normal_low_vol_r03_s20260655,10,theta_189,0.9224163787675728,0.0108926119048673,0.9172222222222224,0.0329358808058714,1.241023117363903,8.708980446666667,6.5,6.5,9.5,18.5,24.0,13.0,17,theta_189,DE/rand,adaptive,10%,crowding-pruned,repair+feasible-first,5,rand2,stable,0.1,20,0.0769230769230769,5,0,0,rank,1,11.0,11
train,syn_n50_k20_high_corr_normal_low_vol_r03_s20260655,10,theta_223,0.9196274475791444,0.011912446649756,0.9219444444444445,0.0308143425724531,1.2701783566423757,8.243713886666667,14.0,16.0,6.0,13.0,23.0,14.4,18,theta_223,mixed,none,10%,crowding-pruned,repair+feasible-first,5,mixed,none,0.1,5,0.0769230769230769,5,0,0,rank,1,11.7,12
train,syn_n50_k20_high_corr_normal_low_vol_r03_s20260655,10,theta_234,0.9196274475791444,0.011912446649756,0.9219444444444445,0.0308143425724531,1.2701783566423757,3.4392090333333343,14.0,16.0,6.0,13.0,10.0,11.8,12,theta_234,mixed,fixed,10%,crowding-pruned,repair+feasible-first,5,mixed,paper,0.1,20,0.0769230769230769,5,0,0,rank,1,11.7,13
train,syn_n50_k20_high_corr_normal_low_vol_r03_s20260655,10,theta_237,0.9196274475791444,0.011912446649756,0.9219444444444445,0.0308143425724531,1.2701783566423757,3.4974343300000004,14.0,16.0,6.0,13.0,12.0,12.2,13,theta_237,mixed,adaptive,1%,crowding-pruned,repair+feasible-first,5,mixed,stable,0.01,20,0.0769230769230769,5,0,0,rank,1,11.7,14
train,syn_n50_k20_high_corr_normal_low_vol_r03_s20260655,10,theta_067,0.921436658101896,0.0114815216574342,0.9152777777777776,0.024323814151849,1.2572396402644583,3.626265276666667,10.0,13.0,16.0,10.0,14.0,12.6,16,theta_067,mixed,fixed,5%,crowding-pruned,repair+feasible-first,2,mixed,paper,0.05,5,0.0769230769230769,5,0,0,rank,1,12.399999999999999,15
train,syn_n50_k20_high_corr_normal_low_vol_r03_s20260655,10,theta_076,0.921436658101896,0.0114815216574342,0.9152777777777776,0.024323814151849,1.2572396402644583,3.5998289400000005,10.0,13.0,16.0,10.0,13.0,12.4,14,theta_076,mixed,adaptive,5%,crowding-pruned,repair+feasible-first,2,mixed,stable,0.05,5,0.0769230769230769,5,0,0,rank,1,12.399999999999999,16
train,syn_n50_k20_high_corr_normal_low_vol_r03_s20260655,10,theta_078,0.921436658101896,0.0114815216574342,0.9152777777777776,0.024323814151849,1.2572396402644583,3.1557821200000005,10.0,13.0,16.0,10.0,6.0,11.0,8,theta_078,mixed,adaptive,5%,crowding-pruned,repair+feasible-first,2,mixed,stable,0.05,20,0.0769230769230769,5,0,0,rank,1,12.399999999999999,17
train,syn_n50_k20_high_corr_normal_low_vol_r03_s20260655,10,theta_011,0.9209848100066708,0.0124998357277777,0.896388888888889,0.0218482292665016,1.1920943511716924,2.00122921,12.0,18.0,22.0,4.0,1.0,11.4,10,theta_011,DE/rand,fixed,1%,crowding-pruned,repair+feasible-first,2,rand2,paper,0.01,10,0.0769230769230769,5,0,0,rank,1,13.799999999999999,18
train,syn_n50_k20_high_corr_normal_low_vol_r03_s20260655,10,theta_144,0.9176825571847116,0.0138549146096331,0.8883333333333335,0.0326535697862669,1.237826367944998,3.70663089,19.5,23.5,23.5,15.5,16.0,19.6,23,theta_144,mixed,none,10%,crowding-pruned,repair+feasible-first,3,mixed,none,0.1,20,0.0769230769230769,5,0,0,rank,1,20.3,19
train,syn_n50_k20_high_corr_normal_low_vol_r03_s20260655,10,theta_159,0.9176825571847116,0.0138549146096331,0.8883333333333335,0.0326535697862669,1.237826367944998,3.2939815133333337,19.5,23.5,23.5,15.5,7.0,17.8,21,theta_159,mixed,adaptive,5%,crowding-pruned,repair+feasible-first,3,mixed,stable,0.05,20,0.0769230769230769,5,0,0,rank,1,20.3,20
train,syn_n50_k20_high_corr_normal_low_vol_r03_s20260655,10,theta_034,0.9174771748916876,0.0128012597058601,0.9069444444444444,0.0334619085036297,1.2831762250339125,2.523119049999999,22.5,20.5,19.5,22.5,2.0,17.4,19,theta_034,DE/best,none,10%,crowding-pruned,repair+feasible-first,2,best2,none,0.1,5,0.0769230769230769,5,0,0,rank,1,21.200000000000003,21
train,syn_n50_k20_high_corr_normal_low_vol_r03_s20260655,10,theta_037,0.9174771748916876,0.0128012597058601,0.9069444444444444,0.0334619085036297,1.2831762250339125,2.948147896666668,22.5,20.5,19.5,22.5,4.0,17.8,20,theta_037,DE/best,fixed,1%,crowding-pruned,repair+feasible-first,2,best2,paper,0.01,5,0.0769230769230769,5,0,0,rank,1,21.200000000000003,22
train,syn_n50_k20_high_corr_normal_low_vol_r03_s20260655,10,theta_045,0.9174771748916876,0.0128012597058601,0.9069444444444444,0.0334619085036297,1.2831762250339125,2.9996524999999994,22.5,20.5,19.5,22.5,5.0,18.0,22,theta_045,DE/best,fixed,10%,crowding-pruned,repair+feasible-first,2,best2,paper,0.1,20,0.0769230769230769,5,0,0,rank,1,21.200000000000003,23
train,syn_n50_k20_high_corr_normal_low_vol_r03_s20260655,10,theta_047,0.9174771748916876,0.0128012597058601,0.9069444444444444,0.0334619085036297,1.2831762250339125,4.0522788133333325,22.5,20.5,19.5,22.5,19.0,20.8,24,theta_047,DE/best,adaptive,1%,crowding-pruned,repair+feasible-first,2,best2,stable,0.01,10,0.0769230769230769,5,0,0,rank,1,21.200000000000003,24
train,syn_n50_k20_low_corr_heavy_tail_high_vol_r03_s20260651,10,theta_164,1.0340467786177998,0.0084203927791432,0.9688888888888892,0.0237418565870366,1.295561256407196,3.423701733333333,6.5,6.5,2.5,2.5,20.0,7.6,7,theta_164,DE/rand,none,1%,crowding-pruned,repair+feasible-first,5,rand2,none,0.01,10,0.0769230769230769,5,0,0,rank,1,4.1,1
train,syn_n50_k20_low_corr_heavy_tail_high_vol_r03_s20260651,10,theta_170,1.0340467786177998,0.0084203927791432,0.9688888888888892,0.0237418565870366,1.295561256407196,3.3972228033333334,6.5,6.5,2.5,2.5,19.0,7.4,6,theta_170,DE/rand,none,10%,crowding-pruned,repair+feasible-first,5,rand2,none,0.1,10,0.0769230769230769,5,0,0,rank,1,4.1,2
train,syn_n50_k20_low_corr_heavy_tail_high_vol_r03_s20260651,10,theta_175,1.0340467786177998,0.0084203927791432,0.9688888888888892,0.0237418565870366,1.295561256407196,3.343142763333334,6.5,6.5,2.5,2.5,17.0,7.0,5,theta_175,DE/rand,fixed,5%,crowding-pruned,repair+feasible-first,5,rand2,paper,0.05,5,0.0769230769230769,5,0,0,rank,1,4.1,3
train,syn_n50_k20_low_corr_heavy_tail_high_vol_r03_s20260651,10,theta_189,1.0340467786177998,0.0084203927791432,0.9688888888888892,0.0237418565870366,1.295561256407196,7.82569789,6.5,6.5,2.5,2.5,24.0,8.4,8,theta_189,DE/rand,adaptive,10%,crowding-pruned,repair+feasible-first,5,rand2,stable,0.1,20,0.0769230769230769,5,0,0,rank,1,4.1,4
train,syn_n50_k20_low_corr_heavy_tail_high_vol_r03_s20260651,10,theta_084,1.0356616015594733,0.007928460148936,0.9677777777777776,0.0239036107982597,1.2774823717806818,2.540559473333333,3.0,2.0,6.0,6.0,3.0,4.0,1,theta_084,DE/rand,none,1%,crowding-pruned,repair+feasible-first,3,rand2,none,0.01,20,0.0769230769230769,5,0,0,rank,1,4.6,5
train,syn_n50_k20_low_corr_heavy_tail_high_vol_r03_s20260651,10,theta_086,1.0356616015594733,0.007928460148936,0.9677777777777776,0.0239036107982597,1.2774823717806818,3.2750903300000003,3.0,2.0,6.0,6.0,15.0,6.4,3,theta_086,DE/rand,none,5%,crowding-pruned,repair+feasible-first,3,rand2,none,0.05,10,0.0769230769230769,5,0,0,rank,1,4.6,6
train,syn_n50_k20_low_corr_heavy_tail_high_vol_r03_s20260651,10,theta_089,1.0356616015594733,0.007928460148936,0.9677777777777776,0.0239036107982597,1.2774823717806818,3.305881733333334,3.0,2.0,6.0,6.0,16.0,6.6,4,theta_089,DE/rand,none,10%,crowding-pruned,repair+feasible-first,3,rand2,none,0.1,10,0.0769230769230769,5,0,0,rank,1,4.6,7
train,syn_n50_k20_low_corr_heavy_tail_high_vol_r03_s20260651,10,theta_011,1.0358078324894384,0.0082133596536584,0.9525000000000002,0.024718921951392,1.2631374169670997,1.6873184233333332,1.0,4.0,8.0,8.0,1.0,4.4,2,theta_011,DE/rand,fixed,1%,crowding-pruned,repair+feasible-first,2,rand2,paper,0.01,10,0.0769230769230769,5,0,0,rank,1,5.8,8
train,syn_n50_k20_low_corr_heavy_tail_high_vol_r03_s20260651,10,theta_118,1.0292193518277284,0.0121487796809305,0.913888888888889,0.0328890439474586,1.2612527330216825,2.885980533333333,10.0,11.0,10.0,10.0,7.0,9.6,9,theta_118,DE/best,fixed,1%,crowding-pruned,repair+feasible-first,3,best2,paper,0.01,5,0.0769230769230769,5,0,0,rank,1,10.2,9
train,syn_n50_k20_low_corr_heavy_tail_high_vol_r03_s20260651,10,theta_131,1.0292193518277284,0.0121487796809305,0.913888888888889,0.0328890439474586,1.2612527330216825,3.1462044,10.0,11.0,10.0,10.0,12.0,10.6,10,theta_131,DE/best,adaptive,5%,crowding-pruned,repair+feasible-first,3,best2,stable,0.05,10,0.0769230769230769,5,0,0,rank,1,10.2,10
train,syn_n50_k20_low_corr_heavy_tail_high_vol_r03_s20260651,10,theta_132,1.0292193518277284,0.0121487796809305,0.913888888888889,0.0328890439474586,1.2612527330216825,3.237515023333334,10.0,11.0,10.0,10.0,14.0,11.0,11,theta_132,DE/best,adaptive,5%,crowding-pruned,repair+feasible-first,3,best2,stable,0.05,20,0.0769230769230769,5,0,0,rank,1,10.2,11
train,syn_n50_k20_low_corr_heavy_tail_high_vol_r03_s20260651,10,theta_200,1.0282446073353677,0.0117477659327667,0.8783333333333333,0.032971876947216,1.3041627149330104,7.1346587,12.0,9.0,12.0,12.0,22.0,13.4,12,theta_200,DE/best,fixed,1%,crowding-pruned,repair+feasible-first,5,best2,paper,0.01,10,0.0769230769230769,5,0,0,rank,1,11.399999999999999,12
train,syn_n50_k20_low_corr_heavy_tail_high_vol_r03_s20260651,10,theta_034,1.024875246502456,0.0188026296464182,0.81,0.0602302800586686,1.2351777867066998,2.3141605166666666,17.5,14.5,20.5,14.5,2.0,13.8,13,theta_034,DE/best,none,10%,crowding-pruned,repair+feasible-first,2,best2,none,0.1,5,0.0769230769230769,5,0,0,rank,1,16.9,13
train,syn_n50_k20_low_corr_heavy_tail_high_vol_r03_s20260651,10,theta_037,1.024875246502456,0.0188026296464182,0.81,0.0602302800586686,1.2351777867066998,2.6405505166666665,17.5,14.5,20.5,14.5,4.0,14.2,14,theta_037,DE/best,fixed,1%,crowding-pruned,repair+feasible-first,2,best2,paper,0.01,5,0.0769230769230769,5,0,0,rank,1,16.9,14
train,syn_n50_k20_low_corr_heavy_tail_high_vol_r03_s20260651,10,theta_045,1.024875246502456,0.0188026296464182,0.81,0.0602302800586686,1.2351777867066998,2.689956683333333,17.5,14.5,20.5,14.5,5.0,14.4,15,theta_045,DE/best,fixed,10%,crowding-pruned,repair+feasible-first,2,best2,paper,0.1,20,0.0769230769230769,5,0,0,rank,1,16.9,15
train,syn_n50_k20_low_corr_heavy_tail_high_vol_r03_s20260651,10,theta_047,1.024875246502456,0.0188026296464182,0.81,0.0602302800586686,1.2351777867066998,3.648152146666667,17.5,14.5,20.5,14.5,21.0,17.6,21,theta_047,DE/best,adaptive,1%,crowding-pruned,repair+feasible-first,2,best2,stable,0.01,10,0.0769230769230769,5,0,0,rank,1,16.9,16
train,syn_n50_k20_low_corr_heavy_tail_high_vol_r03_s20260651,10,theta_223,1.0245719408978105,0.027115457028083,0.8480555555555558,0.066536350719287,1.2106161031948033,7.224682739999999,21.0,21.0,14.0,18.0,23.0,19.4,22,theta_223,mixed,none,10%,crowding-pruned,repair+feasible-first,5,mixed,none,0.1,5,0.0769230769230769,5,0,0,rank,1,18.0,17
train,syn_n50_k20_low_corr_heavy_tail_high_vol_r03_s20260651,10,theta_234,1.0245719408978105,0.027115457028083,0.8480555555555558,0.066536350719287,1.2106161031948033,3.1921131266666665,21.0,21.0,14.0,18.0,13.0,17.4,20,theta_234,mixed,fixed,10%,crowding-pruned,repair+feasible-first,5,mixed,paper,0.1,20,0.0769230769230769,5,0,0,rank,1,18.0,18
train,syn_n50_k20_low_corr_heavy_tail_high_vol_r03_s20260651,10,theta_237,1.0245719408978105,0.027115457028083,0.8480555555555558,0.066536350719287,1.2106161031948033,3.091151023333333,21.0,21.0,14.0,18.0,10.0,16.8,19,theta_237,mixed,adaptive,1%,crowding-pruned,repair+feasible-first,5,mixed,stable,0.01,20,0.0769230769230769,5,0,0,rank,1,18.0,19
train,syn_n50_k20_low_corr_heavy_tail_high_vol_r03_s20260651,10,theta_067,1.0252082601331485,0.0229258268849022,0.8186111111111111,0.0772545228590703,1.1905265785360988,3.028161666666667,14.0,18.0,17.0,23.0,9.0,16.2,17,theta_067,mixed,fixed,5%,crowding-pruned,repair+feasible-first,2,mixed,paper,0.05,5,0.0769230769230769,5,0,0,rank,1,18.4,20
train,syn_n50_k20_low_corr_heavy_tail_high_vol_r03_s20260651,10,theta_076,1.0252082601331485,0.0229258268849022,0.8186111111111111,0.0772545228590703,1.1905265785360988,3.1091111933333333,14.0,18.0,17.0,23.0,11.0,16.6,18,theta_076,mixed,adaptive,5%,crowding-pruned,repair+feasible-first,2,mixed,stable,0.05,5,0.0769230769230769,5,0,0,rank,1,18.4,21
train,syn_n50_k20_low_corr_heavy_tail_high_vol_r03_s20260651,10,theta_078,1.0252082601331485,0.0229258268849022,0.8186111111111111,0.0772545228590703,1.1905265785360988,2.6981304666666666,14.0,18.0,17.0,23.0,6.0,15.6,16,theta_078,mixed,adaptive,5%,crowding-pruned,repair+feasible-first,2,mixed,stable,0.05,20,0.0769230769230769,5,0,0,rank,1,18.4,22
train,syn_n50_k20_low_corr_heavy_tail_high_vol_r03_s20260651,10,theta_144,1.01618693738996,0.0481576805993057,0.7408333333333335,0.0739561009149738,1.1251775759890743,3.3856464866666665,23.5,23.5,23.5,20.5,18.0,21.8,24,theta_144,mixed,none,10%,crowding-pruned,repair+feasible-first,3,mixed,none,0.1,20,0.0769230769230769,5,0,0,rank,1,22.599999999999998,23
train,syn_n50_k20_low_corr_heavy_tail_high_vol_r03_s20260651,10,theta_159,1.01618693738996,0.0481576805993057,0.7408333333333335,0.0739561009149738,1.1251775759890743,2.9822578966666664,23.5,23.5,23.5,20.5,8.0,19.8,23,theta_159,mixed,adaptive,5%,crowding-pruned,repair+feasible-first,3,mixed,stable,0.05,20,0.0769230769230769,5,0,0,rank,1,22.599999999999998,24
train,syn_n50_k20_low_corr_normal_low_vol_r01_s20260656,10,theta_084,1.0823486631985004,0.0277768734956668,0.7794444444444444,0.0389446592507791,1.1506077299087478,2.4355213700000005,2.0,3.0,2.0,3.0,4.0,2.8,1,theta_084,DE/rand,none,1%,crowding-pruned,repair+feasible-first,3,rand2,none,0.01,20,0.0769230769230769,5,0,0,rank,1,2.5,1
train,syn_n50_k20_low_corr_normal_low_vol_r01_s20260656,10,theta_086,1.0823486631985004,0.0277768734956668,0.7794444444444444,0.0389446592507791,1.1506077299087478,3.2022086600000006,2.0,3.0,2.0,3.0,16.0,5.2,2,theta_086,DE/rand,none,5%,crowding-pruned,repair+feasible-first,3,rand2,none,0.05,10,0.0769230769230769,5,0,0,rank,1,2.5,2
train,syn_n50_k20_low_corr_normal_low_vol_r01_s20260656,10,theta_089,1.0823486631985004,0.0277768734956668,0.7794444444444444,0.0389446592507791,1.1506077299087478,3.267171123333333,2.0,3.0,2.0,3.0,17.0,5.4,3,theta_089,DE/rand,none,10%,crowding-pruned,repair+feasible-first,3,rand2,none,0.1,10,0.0769230769230769,5,0,0,rank,1,2.5,3
train,syn_n50_k20_low_corr_normal_low_vol_r01_s20260656,10,theta_164,1.0805381545981652,0.0284974672282258,0.7611111111111111,0.0533576363693316,1.1411827268137886,3.3035162500000004,5.5,9.5,5.5,6.5,18.0,9.0,6,theta_164,DE/rand,none,1%,crowding-pruned,repair+feasible-first,5,rand2,none,0.01,10,0.0769230769230769,5,0,0,rank,1,6.6000000000000005,4
train,syn_n50_k20_low_corr_normal_low_vol_r01_s20260656,10,theta_170,1.0805381545981652,0.0284974672282258,0.7611111111111111,0.0533576363693316,1.1411827268137886,3.3808149,5.5,9.5,5.5,6.5,19.0,9.2,7,theta_170,DE/rand,none,10%,crowding-pruned,repair+feasible-first,5,rand2,none,0.1,10,0.0769230769230769,5,0,0,rank,1,6.6000000000000005,5
train,syn_n50_k20_low_corr_normal_low_vol_r01_s20260656,10,theta_175,1.0805381545981652,0.0284974672282258,0.7611111111111111,0.0533576363693316,1.1411827268137886,3.114153283333333,5.5,9.5,5.5,6.5,14.0,8.2,5,theta_175,DE/rand,fixed,5%,crowding-pruned,repair+feasible-first,5,rand2,paper,0.05,5,0.0769230769230769,5,0,0,rank,1,6.6000000000000005,6
train,syn_n50_k20_low_corr_normal_low_vol_r01_s20260656,10,theta_189,1.0805381545981652,0.0284974672282258,0.7611111111111111,0.0533576363693316,1.1411827268137886,7.347275050000001,5.5,9.5,5.5,6.5,23.0,10.0,8,theta_189,DE/rand,adaptive,10%,crowding-pruned,repair+feasible-first,5,rand2,stable,0.1,20,0.0769230769230769,5,0,0,rank,1,6.6000000000000005,7
train,syn_n50_k20_low_corr_normal_low_vol_r01_s20260656,10,theta_011,1.076103263999607,0.039347383984061,0.7002777777777777,0.0380105782362508,1.09644465852576,1.59924352,8.0,16.0,8.0,1.0,1.0,6.8,4,theta_011,DE/rand,fixed,1%,crowding-pruned,repair+feasible-first,2,rand2,paper,0.01,10,0.0769230769230769,5,0,0,rank,1,7.500000000000001,8
train,syn_n50_k20_low_corr_normal_low_vol_r01_s20260656,10,theta_200,1.0749934286907317,0.0191723592456131,0.6900000000000002,0.0805923237254464,1.2607875156390902,7.074488060000001,9.0,1.0,9.0,13.0,22.0,10.8,9,theta_200,DE/best,fixed,1%,crowding-pruned,repair+feasible-first,5,best2,paper,0.01,10,0.0769230769230769,5,0,0,rank,1,8.6,9
train,syn_n50_k20_low_corr_normal_low_vol_r01_s20260656,10,theta_118,1.0688213534468562,0.0284803276110994,0.6525,0.0970182254574831,1.2182794788684357,2.9183198433333333,11.0,6.0,11.0,21.0,8.0,11.4,11,theta_118,DE/best,fixed,1%,crowding-pruned,repair+feasible-first,3,best2,paper,0.01,5,0.0769230769230769,5,0,0,rank,1,13.0,10
train,syn_n50_k20_low_corr_normal_low_vol_r01_s20260656,10,theta_131,1.0688213534468562,0.0284803276110994,0.6525,0.0970182254574831,1.2182794788684357,2.92098076,11.0,6.0,11.0,21.0,9.0,11.6,12,theta_131,DE/best,adaptive,5%,crowding-pruned,repair+feasible-first,3,best2,stable,0.05,10,0.0769230769230769,5,0,0,rank,1,13.0,11
train,syn_n50_k20_low_corr_normal_low_vol_r01_s20260656,10,theta_132,1.0688213534468562,0.0284803276110994,0.6525,0.0970182254574831,1.2182794788684357,3.0388327966666666,11.0,6.0,11.0,21.0,10.0,11.8,13,theta_132,DE/best,adaptive,5%,crowding-pruned,repair+feasible-first,3,best2,stable,0.05,20,0.0769230769230769,5,0,0,rank,1,13.0,12
train,syn_n50_k20_low_corr_normal_low_vol_r01_s20260656,10,theta_034,1.0680835910151505,0.0310702382531463,0.6133333333333333,0.0742627050828054,1.205473869497561,2.2201674300000005,14.5,13.5,16.5,10.5,2.0,11.4,10,theta_034,DE/best,none,10%,crowding-pruned,repair+feasible-first,2,best2,none,0.1,5,0.0769230769230769,5,0,0,rank,1,13.700000000000001,13
train,syn_n50_k20_low_corr_normal_low_vol_r01_s20260656,10,theta_037,1.0680835910151505,0.0310702382531463,0.6133333333333333,0.0742627050828054,1.205473869497561,2.6046588266666664,14.5,13.5,16.5,10.5,5.0,12.0,14,theta_037,DE/best,fixed,1%,crowding-pruned,repair+feasible-first,2,best2,paper,0.01,5,0.0769230769230769,5,0,0,rank,1,13.700000000000001,14
train,syn_n50_k20_low_corr_normal_low_vol_r01_s20260656,10,theta_045,1.0680835910151505,0.0310702382531463,0.6133333333333333,0.0742627050828054,1.205473869497561,2.6595532566666678,14.5,13.5,16.5,10.5,6.0,12.2,15,theta_045,DE/best,fixed,10%,crowding-pruned,repair+feasible-first,2,best2,paper,0.1,20,0.0769230769230769,5,0,0,rank,1,13.700000000000001,15
train,syn_n50_k20_low_corr_normal_low_vol_r01_s20260656,10,theta_047,1.0680835910151505,0.0310702382531463,0.6133333333333333,0.0742627050828054,1.205473869497561,3.5778111966666666,14.5,13.5,16.5,10.5,21.0,15.2,16,theta_047,DE/best,adaptive,1%,crowding-pruned,repair+feasible-first,2,best2,stable,0.01,10,0.0769230769230769,5,0,0,rank,1,13.700000000000001,16
train,syn_n50_k20_low_corr_normal_low_vol_r01_s20260656,10,theta_067,1.0611112475824092,0.0526398399914518,0.5947222222222222,0.0837435647667075,1.1039701572656822,3.0733848333333333,18.0,18.0,23.0,15.0,12.0,17.2,19,theta_067,mixed,fixed,5%,crowding-pruned,repair+feasible-first,2,mixed,paper,0.05,5,0.0769230769230769,5,0,0,rank,1,18.6,17
train,syn_n50_k20_low_corr_normal_low_vol_r01_s20260656,10,theta_076,1.0611112475824092,0.0526398399914518,0.5947222222222222,0.0837435647667075,1.1039701572656822,2.773885683333333,18.0,18.0,23.0,15.0,7.0,16.2,18,theta_076,mixed,adaptive,5%,crowding-pruned,repair+feasible-first,2,mixed,stable,0.05,5,0.0769230769230769,5,0,0,rank,1,18.6,18
train,syn_n50_k20_low_corr_normal_low_vol_r01_s20260656,10,theta_078,1.0611112475824092,0.0526398399914518,0.5947222222222222,0.0837435647667075,1.1039701572656822,2.3026480966666667,18.0,18.0,23.0,15.0,3.0,15.4,17,theta_078,mixed,adaptive,5%,crowding-pruned,repair+feasible-first,2,mixed,stable,0.05,20,0.0769230769230769,5,0,0,rank,1,18.6,19
train,syn_n50_k20_low_corr_normal_low_vol_r01_s20260656,10,theta_223,1.059121742922437,0.061895329144917,0.6016666666666666,0.092942161470473,1.0726821919373697,7.559831426666666,21.0,21.0,20.0,18.0,24.0,20.8,24,theta_223,mixed,none,10%,crowding-pruned,repair+feasible-first,5,mixed,none,0.1,5,0.0769230769230769,5,0,0,rank,1,19.8,20
train,syn_n50_k20_low_corr_normal_low_vol_r01_s20260656,10,theta_234,1.059121742922437,0.061895329144917,0.6016666666666666,0.092942161470473,1.0726821919373697,3.1521331833333326,21.0,21.0,20.0,18.0,15.0,19.0,22,theta_234,mixed,fixed,10%,crowding-pruned,repair+feasible-first,5,mixed,paper,0.1,20,0.0769230769230769,5,0,0,rank,1,19.8,21
train,syn_n50_k20_low_corr_normal_low_vol_r01_s20260656,10,theta_237,1.059121742922437,0.061895329144917,0.6016666666666666,0.092942161470473,1.0726821919373697,3.0734794500000007,21.0,21.0,20.0,18.0,13.0,18.6,20,theta_237,mixed,adaptive,1%,crowding-pruned,repair+feasible-first,5,mixed,stable,0.01,20,0.0769230769230769,5,0,0,rank,1,19.8,22
train,syn_n50_k20_low_corr_normal_low_vol_r01_s20260656,10,theta_144,1.0572532172415685,0.0680759574088873,0.6469444444444444,0.1092030151808571,1.0825757600246375,3.4234936199999995,23.5,23.5,13.5,23.5,20.0,20.8,23,theta_144,mixed,none,10%,crowding-pruned,repair+feasible-first,3,mixed,none,0.1,20,0.0769230769230769,5,0,0,rank,1,20.5,23
train,syn_n50_k20_low_corr_normal_low_vol_r01_s20260656,10,theta_159,1.0572532172415685,0.0680759574088873,0.6469444444444444,0.1092030151808571,1.0825757600246375,3.0496062433333333,23.5,23.5,13.5,23.5,11.0,19.0,21,theta_159,mixed,adaptive,5%,crowding-pruned,repair+feasible-first,3,mixed,stable,0.05,20,0.0769230769230769,5,0,0,rank,1,20.5,24
train,syn_n50_k20_low_corr_skewed_extreme_events_r02_s20260653,10,theta_200,1.0826539586587007,0.0244699235732536,0.7794444444444445,0.092977828832253,1.2634299250462784,6.955420213333334,8.0,1.0,1.0,24.0,22.0,11.2,9,theta_200,DE/best,fixed,1%,crowding-pruned,repair+feasible-first,5,best2,paper,0.01,10,0.0769230769230769,5,0,0,rank,1,9.299999999999999,1
train,syn_n50_k20_low_corr_skewed_extreme_events_r02_s20260653,10,theta_223,1.0834573579896534,0.0411368279968164,0.7516666666666667,0.08981274875022,1.1574620676408125,7.6171687566666675,6.0,3.0,3.0,22.0,24.0,11.6,12,theta_223,mixed,none,10%,crowding-pruned,repair+feasible-first,5,mixed,none,0.1,5,0.0769230769230769,5,0,0,rank,1,9.3,2
train,syn_n50_k20_low_corr_skewed_extreme_events_r02_s20260653,10,theta_234,1.0834573579896534,0.0411368279968164,0.7516666666666667,0.08981274875022,1.1574620676408125,3.08441257,6.0,3.0,3.0,22.0,13.0,9.4,3,theta_234,mixed,fixed,10%,crowding-pruned,repair+feasible-first,5,mixed,paper,0.1,20,0.0769230769230769,5,0,0,rank,1,9.3,3
train,syn_n50_k20_low_corr_skewed_extreme_events_r02_s20260653,10,theta_237,1.0834573579896534,0.0411368279968164,0.7516666666666667,0.08981274875022,1.1574620676408125,2.98668381,6.0,3.0,3.0,22.0,11.0,9.0,1,theta_237,mixed,adaptive,1%,crowding-pruned,repair+feasible-first,5,mixed,stable,0.01,20,0.0769230769230769,5,0,0,rank,1,9.3,4
train,syn_n50_k20_low_corr_skewed_extreme_events_r02_s20260653,10,theta_164,1.0847682777693977,0.0629461847037614,0.735,0.0780748755155449,1.048353762328114,3.28490113,2.5,13.5,6.5,16.5,18.0,11.4,10,theta_164,DE/rand,none,1%,crowding-pruned,repair+feasible-first,5,rand2,none,0.01,10,0.0769230769230769,5,0,0,rank,1,10.100000000000001,5
train,syn_n50_k20_low_corr_skewed_extreme_events_r02_s20260653,10,theta_170,1.0847682777693977,0.0629461847037614,0.735,0.0780748755155449,1.048353762328114,3.350742866666667,2.5,13.5,6.5,16.5,19.0,11.6,11,theta_170,DE/rand,none,10%,crowding-pruned,repair+feasible-first,5,rand2,none,0.1,10,0.0769230769230769,5,0,0,rank,1,10.100000000000001,6
train,syn_n50_k20_low_corr_skewed_extreme_events_r02_s20260653,10,theta_175,1.0847682777693977,0.0629461847037614,0.735,0.0780748755155449,1.048353762328114,3.16875748,2.5,13.5,6.5,16.5,14.0,10.6,7,theta_175,DE/rand,fixed,5%,crowding-pruned,repair+feasible-first,5,rand2,paper,0.05,5,0.0769230769230769,5,0,0,rank,1,10.100000000000001,7
train,syn_n50_k20_low_corr_skewed_extreme_events_r02_s20260653,10,theta_189,1.0847682777693977,0.0629461847037614,0.735,0.0780748755155449,1.048353762328114,7.487913853333334,2.5,13.5,6.5,16.5,23.0,12.4,14,theta_189,DE/rand,adaptive,10%,crowding-pruned,repair+feasible-first,5,rand2,stable,0.1,20,0.0769230769230769,5,0,0,rank,1,10.100000000000001,8
train,syn_n50_k20_low_corr_skewed_extreme_events_r02_s20260653,10,theta_084,1.0822960613460293,0.0771800823658435,0.7180555555555556,0.0722893895454184,1.0140127957512626,2.375633056666667,10.0,17.0,10.0,6.0,4.0,9.4,2,theta_084,DE/rand,none,1%,crowding-pruned,repair+feasible-first,3,rand2,none,0.01,20,0.0769230769230769,5,0,0,rank,1,10.2,9
train,syn_n50_k20_low_corr_skewed_extreme_events_r02_s20260653,10,theta_086,1.0822960613460293,0.0771800823658435,0.7180555555555556,0.0722893895454184,1.0140127957512626,3.3597728066666663,10.0,17.0,10.0,6.0,20.0,12.6,15,theta_086,DE/rand,none,5%,crowding-pruned,repair+feasible-first,3,rand2,none,0.05,10,0.0769230769230769,5,0,0,rank,1,10.2,10
train,syn_n50_k20_low_corr_skewed_extreme_events_r02_s20260653,10,theta_089,1.0822960613460293,0.0771800823658435,0.7180555555555556,0.0722893895454184,1.0140127957512626,3.2239975966666674,10.0,17.0,10.0,6.0,16.0,11.8,13,theta_089,DE/rand,none,10%,crowding-pruned,repair+feasible-first,3,rand2,none,0.1,10,0.0769230769230769,5,0,0,rank,1,10.2,11
train,syn_n50_k20_low_corr_skewed_extreme_events_r02_s20260653,10,theta_034,1.078741997326666,0.0498442169446332,0.6813888888888892,0.0779657571629545,1.1482377637677403,2.1981530433333334,14.5,6.5,13.5,12.5,2.0,9.8,4,theta_034,DE/best,none,10%,crowding-pruned,repair+feasible-first,2,best2,none,0.1,5,0.0769230769230769,5,0,0,rank,1,12.0,12
train,syn_n50_k20_low_corr_skewed_extreme_events_r02_s20260653,10,theta_037,1.078741997326666,0.0498442169446332,0.6813888888888892,0.0779657571629545,1.1482377637677403,2.5860846166666662,14.5,6.5,13.5,12.5,5.0,10.4,5,theta_037,DE/best,fixed,1%,crowding-pruned,repair+feasible-first,2,best2,paper,0.01,5,0.0769230769230769,5,0,0,rank,1,12.0,13
train,syn_n50_k20_low_corr_skewed_extreme_events_r02_s20260653,10,theta_045,1.078741997326666,0.0498442169446332,0.6813888888888892,0.0779657571629545,1.1482377637677403,2.634986743333333,14.5,6.5,13.5,12.5,6.0,10.6,6,theta_045,DE/best,fixed,10%,crowding-pruned,repair+feasible-first,2,best2,paper,0.1,20,0.0769230769230769,5,0,0,rank,1,12.0,14
train,syn_n50_k20_low_corr_skewed_extreme_events_r02_s20260653,10,theta_047,1.078741997326666,0.0498442169446332,0.6813888888888892,0.0779657571629545,1.1482377637677403,3.516180266666667,14.5,6.5,13.5,12.5,21.0,13.6,17,theta_047,DE/best,adaptive,1%,crowding-pruned,repair+feasible-first,2,best2,stable,0.01,10,0.0769230769230769,5,0,0,rank,1,12.0,15
train,syn_n50_k20_low_corr_skewed_extreme_events_r02_s20260653,10,theta_011,1.0788646953540193,0.0986273129130306,0.6558333333333335,0.0259093093768984,0.932219107761145,1.6234588166666666,12.0,24.0,16.0,1.0,1.0,10.8,8,theta_011,DE/rand,fixed,1%,crowding-pruned,repair+feasible-first,2,rand2,paper,0.01,10,0.0769230769230769,5,0,0,rank,1,12.3,16
train,syn_n50_k20_low_corr_skewed_extreme_events_r02_s20260653,10,theta_118,1.0689190887639597,0.0593835951116814,0.6069444444444444,0.0730630627420283,1.106167256367677,2.967075799999999,23.0,10.0,20.0,9.0,7.0,13.8,18,theta_118,DE/best,fixed,1%,crowding-pruned,repair+feasible-first,3,best2,paper,0.01,5,0.0769230769230769,5,0,0,rank,1,15.3,17
train,syn_n50_k20_low_corr_skewed_extreme_events_r02_s20260653,10,theta_131,1.0689190887639597,0.0593835951116814,0.6069444444444444,0.0730630627420283,1.106167256367677,3.208953323333333,23.0,10.0,20.0,9.0,15.0,15.4,22,theta_131,DE/best,adaptive,5%,crowding-pruned,repair+feasible-first,3,best2,stable,0.05,10,0.0769230769230769,5,0,0,rank,1,15.3,18
train,syn_n50_k20_low_corr_skewed_extreme_events_r02_s20260653,10,theta_132,1.0689190887639597,0.0593835951116814,0.6069444444444444,0.0730630627420283,1.106167256367677,2.973100286666667,23.0,10.0,20.0,9.0,8.0,14.0,19,theta_132,DE/best,adaptive,5%,crowding-pruned,repair+feasible-first,3,best2,stable,0.05,20,0.0769230769230769,5,0,0,rank,1,15.3,19
train,syn_n50_k20_low_corr_skewed_extreme_events_r02_s20260653,10,theta_067,1.0705823805998511,0.0787152055005405,0.5894444444444443,0.050586679073917,1.01879997127934,2.983608203333333,18.0,20.0,23.0,3.0,10.0,14.8,20,theta_067,mixed,fixed,5%,crowding-pruned,repair+feasible-first,2,mixed,paper,0.05,5,0.0769230769230769,5,0,0,rank,1,15.4,20
train,syn_n50_k20_low_corr_skewed_extreme_events_r02_s20260653,10,theta_076,1.0705823805998511,0.0787152055005405,0.5894444444444443,0.050586679073917,1.01879997127934,3.0379699833333333,18.0,20.0,23.0,3.0,12.0,15.2,21,theta_076,mixed,adaptive,5%,crowding-pruned,repair+feasible-first,2,mixed,stable,0.05,5,0.0769230769230769,5,0,0,rank,1,15.4,21
train,syn_n50_k20_low_corr_skewed_extreme_events_r02_s20260653,10,theta_078,1.0705823805998511,0.0787152055005405,0.5894444444444443,0.050586679073917,1.01879997127934,2.2893992466666666,18.0,20.0,23.0,3.0,3.0,13.4,16,theta_078,mixed,adaptive,5%,crowding-pruned,repair+feasible-first,2,mixed,stable,0.05,20,0.0769230769230769,5,0,0,rank,1,15.4,22
train,syn_n50_k20_low_corr_skewed_extreme_events_r02_s20260653,10,theta_144,1.0699109260097008,0.0837373329470223,0.6208333333333333,0.0833003056445051,1.0209718338206146,3.283798983333333,20.5,22.5,17.5,19.5,17.0,19.4,24,theta_144,mixed,none,10%,crowding-pruned,repair+feasible-first,3,mixed,none,0.1,20,0.0769230769230769,5,0,0,rank,1,19.700000000000003,23
train,syn_n50_k20_low_corr_skewed_extreme_events_r02_s20260653,10,theta_159,1.0699109260097008,0.0837373329470223,0.6208333333333333,0.0833003056445051,1.0209718338206146,2.977495676666668,20.5,22.5,17.5,19.5,9.0,17.8,23,theta_159,mixed,adaptive,5%,crowding-pruned,repair+feasible-first,3,mixed,stable,0.05,20,0.0769230769230769,5,0,0,rank,1,19.700000000000003,24
train,syn_n50_k20_pathological_cov_mixed_low_vol_r01_s20260652,10,theta_200,0.9720491051713754,0.0051135104169964,0.997777777777778,0.0114296020194923,1.395904452838247,7.844505859999999,1.0,1.0,1.0,1.0,23.0,5.4,3,theta_200,DE/best,fixed,1%,crowding-pruned,repair+feasible-first,5,best2,paper,0.01,10,0.0769230769230769,5,0,0,rank,1,1.0,1
train,syn_n50_k20_pathological_cov_mixed_low_vol_r01_s20260652,10,theta_118,0.9708541441074344,0.0055148918763671,0.9883333333333334,0.0117599063860779,1.3958739322954254,3.3651607433333326,3.0,3.0,3.0,3.0,15.0,5.4,2,theta_118,DE/best,fixed,1%,crowding-pruned,repair+feasible-first,3,best2,paper,0.01,5,0.0769230769230769,5,0,0,rank,1,3.0,2
train,syn_n50_k20_pathological_cov_mixed_low_vol_r01_s20260652,10,theta_131,0.9708541441074344,0.0055148918763671,0.9883333333333334,0.0117599063860779,1.3958739322954254,3.7044433033333335,3.0,3.0,3.0,3.0,20.0,6.4,5,theta_131,DE/best,adaptive,5%,crowding-pruned,repair+feasible-first,3,best2,stable,0.05,10,0.0769230769230769,5,0,0,rank,1,3.0,3
train,syn_n50_k20_pathological_cov_mixed_low_vol_r01_s20260652,10,theta_132,0.9708541441074344,0.0055148918763671,0.9883333333333334,0.0117599063860779,1.3958739322954254,3.341603736666667,3.0,3.0,3.0,3.0,14.0,5.2,1,theta_132,DE/best,adaptive,5%,crowding-pruned,repair+feasible-first,3,best2,stable,0.05,20,0.0769230769230769,5,0,0,rank,1,3.0,4
train,syn_n50_k20_pathological_cov_mixed_low_vol_r01_s20260652,10,theta_067,0.968623599338655,0.0064655234536875,0.9830555555555556,0.0161985487352829,1.3954390487146842,3.2742721233333336,9.0,6.0,6.0,6.0,12.0,7.8,6,theta_067,mixed,fixed,5%,crowding-pruned,repair+feasible-first,2,mixed,paper,0.05,5,0.0769230769230769,5,0,0,rank,1,6.6,5
train,syn_n50_k20_pathological_cov_mixed_low_vol_r01_s20260652,10,theta_076,0.968623599338655,0.0064655234536875,0.9830555555555556,0.0161985487352829,1.3954390487146842,3.439393183333333,9.0,6.0,6.0,6.0,18.0,9.0,9,theta_076,mixed,adaptive,5%,crowding-pruned,repair+feasible-first,2,mixed,stable,0.05,5,0.0769230769230769,5,0,0,rank,1,6.6,6
train,syn_n50_k20_pathological_cov_mixed_low_vol_r01_s20260652,10,theta_078,0.968623599338655,0.0064655234536875,0.9830555555555556,0.0161985487352829,1.3954390487146842,2.5310086300000005,9.0,6.0,6.0,6.0,4.0,6.2,4,theta_078,mixed,adaptive,5%,crowding-pruned,repair+feasible-first,2,mixed,stable,0.05,20,0.0769230769230769,5,0,0,rank,1,6.6,7
train,syn_n50_k20_pathological_cov_mixed_low_vol_r01_s20260652,10,theta_223,0.9687335731766562,0.0082034978067438,0.9741666666666666,0.022767501101564,1.3819526468857206,8.2195974,6.0,9.0,9.0,9.0,24.0,11.4,11,theta_223,mixed,none,10%,crowding-pruned,repair+feasible-first,5,mixed,none,0.1,5,0.0769230769230769,5,0,0,rank,1,8.399999999999999,8
train,syn_n50_k20_pathological_cov_mixed_low_vol_r01_s20260652,10,theta_234,0.9687335731766562,0.0082034978067438,0.9741666666666666,0.022767501101564,1.3819526468857206,3.2537932266666663,6.0,9.0,9.0,9.0,10.0,8.6,7,theta_234,mixed,fixed,10%,crowding-pruned,repair+feasible-first,5,mixed,paper,0.1,20,0.0769230769230769,5,0,0,rank,1,8.399999999999999,9
train,syn_n50_k20_pathological_cov_mixed_low_vol_r01_s20260652,10,theta_237,0.9687335731766562,0.0082034978067438,0.9741666666666666,0.022767501101564,1.3819526468857206,3.330320026666667,6.0,9.0,9.0,9.0,13.0,9.2,10,theta_237,mixed,adaptive,1%,crowding-pruned,repair+feasible-first,5,mixed,stable,0.01,20,0.0769230769230769,5,0,0,rank,1,8.399999999999999,10
train,syn_n50_k20_pathological_cov_mixed_low_vol_r01_s20260652,10,theta_011,0.965020781827762,0.0095681008530784,0.9575,0.0230670139206346,1.376070627971937,1.5819689133333332,11.0,11.0,11.0,11.0,1.0,9.0,8,theta_011,DE/rand,fixed,1%,crowding-pruned,repair+feasible-first,2,rand2,paper,0.01,10,0.0769230769230769,5,0,0,rank,1,11.0,11
train,syn_n50_k20_pathological_cov_mixed_low_vol_r01_s20260652,10,theta_164,0.9636882714362784,0.0115827879309451,0.94,0.0335462763751405,1.3650761902771835,3.39103843,13.5,13.5,13.5,15.5,17.0,14.6,15,theta_164,DE/rand,none,1%,crowding-pruned,repair+feasible-first,5,rand2,none,0.01,10,0.0769230769230769,5,0,0,rank,1,14.099999999999998,12
train,syn_n50_k20_pathological_cov_mixed_low_vol_r01_s20260652,10,theta_170,0.9636882714362784,0.0115827879309451,0.94,0.0335462763751405,1.3650761902771835,3.3792656733333337,13.5,13.5,13.5,15.5,16.0,14.4,14,theta_170,DE/rand,none,10%,crowding-pruned,repair+feasible-first,5,rand2,none,0.1,10,0.0769230769230769,5,0,0,rank,1,14.099999999999998,13
train,syn_n50_k20_pathological_cov_mixed_low_vol_r01_s20260652,10,theta_175,0.9636882714362784,0.0115827879309451,0.94,0.0335462763751405,1.3650761902771835,3.11209757,13.5,13.5,13.5,15.5,8.0,12.8,12,theta_175,DE/rand,fixed,5%,crowding-pruned,repair+feasible-first,5,rand2,paper,0.05,5,0.0769230769230769,5,0,0,rank,1,14.099999999999998,14
train,syn_n50_k20_pathological_cov_mixed_low_vol_r01_s20260652,10,theta_189,0.9636882714362784,0.0115827879309451,0.94,0.0335462763751405,1.3650761902771835,7.534070920000001,13.5,13.5,13.5,15.5,22.0,15.6,16,theta_189,DE/rand,adaptive,10%,crowding-pruned,repair+feasible-first,5,rand2,stable,0.1,20,0.0769230769230769,5,0,0,rank,1,14.099999999999998,15
train,syn_n50_k20_pathological_cov_mixed_low_vol_r01_s20260652,10,theta_144,0.9621883555925432,0.0118621880157923,0.9375,0.0285535205160472,1.3734960302887516,3.6102518666666663,16.5,16.5,16.5,12.5,19.0,16.2,17,theta_144,mixed,none,10%,crowding-pruned,repair+feasible-first,3,mixed,none,0.1,20,0.0769230769230769,5,0,0,rank,1,15.3,16
train,syn_n50_k20_pathological_cov_mixed_low_vol_r01_s20260652,10,theta_159,0.9621883555925432,0.0118621880157923,0.9375,0.0285535205160472,1.3734960302887516,3.10244645,16.5,16.5,16.5,12.5,7.0,13.8,13,theta_159,mixed,adaptive,5%,crowding-pruned,repair+feasible-first,3,mixed,stable,0.05,20,0.0769230769230769,5,0,0,rank,1,15.3,17
train,syn_n50_k20_pathological_cov_mixed_low_vol_r01_s20260652,10,theta_034,0.95952222351721,0.0165914493436256,0.9277777777777776,0.0571179035702857,1.3538823042564097,2.40280751,19.5,19.5,19.5,22.5,2.0,16.6,18,theta_034,DE/best,none,10%,crowding-pruned,repair+feasible-first,2,best2,none,0.1,5,0.0769230769230769,5,0,0,rank,1,20.4,18
train,syn_n50_k20_pathological_cov_mixed_low_vol_r01_s20260652,10,theta_037,0.95952222351721,0.0165914493436256,0.9277777777777776,0.0571179035702857,1.3538823042564097,2.8236998200000003,19.5,19.5,19.5,22.5,6.0,17.4,20,theta_037,DE/best,fixed,1%,crowding-pruned,repair+feasible-first,2,best2,paper,0.01,5,0.0769230769230769,5,0,0,rank,1,20.4,19
train,syn_n50_k20_pathological_cov_mixed_low_vol_r01_s20260652,10,theta_045,0.95952222351721,0.0165914493436256,0.9277777777777776,0.0571179035702857,1.3538823042564097,2.7824905133333333,19.5,19.5,19.5,22.5,5.0,17.2,19,theta_045,DE/best,fixed,10%,crowding-pruned,repair+feasible-first,2,best2,paper,0.1,20,0.0769230769230769,5,0,0,rank,1,20.4,20
train,syn_n50_k20_pathological_cov_mixed_low_vol_r01_s20260652,10,theta_047,0.95952222351721,0.0165914493436256,0.9277777777777776,0.0571179035702857,1.3538823042564097,3.890786236666668,19.5,19.5,19.5,22.5,21.0,20.4,24,theta_047,DE/best,adaptive,1%,crowding-pruned,repair+feasible-first,2,best2,stable,0.01,10,0.0769230769230769,5,0,0,rank,1,20.4,21
train,syn_n50_k20_pathological_cov_mixed_low_vol_r01_s20260652,10,theta_084,0.954166301041721,0.0168082142550172,0.8872222222222224,0.0401110689632114,1.3777865380892476,2.48548118,23.0,23.0,23.0,19.0,3.0,18.2,21,theta_084,DE/rand,none,1%,crowding-pruned,repair+feasible-first,3,rand2,none,0.01,20,0.0769230769230769,5,0,0,rank,1,21.8,22
train,syn_n50_k20_pathological_cov_mixed_low_vol_r01_s20260652,10,theta_086,0.954166301041721,0.0168082142550172,0.8872222222222224,0.0401110689632114,1.3777865380892476,3.1905418266666667,23.0,23.0,23.0,19.0,9.0,19.4,22,theta_086,DE/rand,none,5%,crowding-pruned,repair+feasible-first,3,rand2,none,0.05,10,0.0769230769230769,5,0,0,rank,1,21.8,23
train,syn_n50_k20_pathological_cov_mixed_low_vol_r01_s20260652,10,theta_089,0.954166301041721,0.0168082142550172,0.8872222222222224,0.0401110689632114,1.3777865380892476,3.2597254599999994,23.0,23.0,23.0,19.0,11.0,19.8,23,theta_089,DE/rand,none,10%,crowding-pruned,repair+feasible-first,3,rand2,none,0.1,10,0.0769230769230769,5,0,0,rank,1,21.8,24
train,syn_n50_k30_cluster_corr_mixed_extreme_events_r03_s20260664,15,theta_084,0.9531474754992256,0.0139551444854282,0.8911111111111113,0.047761819967486,1.241481304595253,2.480944986666666,6.0,6.0,6.0,8.0,3.0,5.8,1,theta_084,DE/rand,none,1%,crowding-pruned,repair+feasible-first,3,rand2,none,0.01,20,0.0769230769230769,5,0,0,rank,1,6.6,1
train,syn_n50_k30_cluster_corr_mixed_extreme_events_r03_s20260664,15,theta_086,0.9531474754992256,0.0139551444854282,0.8911111111111113,0.047761819967486,1.241481304595253,3.2612579033333327,6.0,6.0,6.0,8.0,13.0,7.8,3,theta_086,DE/rand,none,5%,crowding-pruned,repair+feasible-first,3,rand2,none,0.05,10,0.0769230769230769,5,0,0,rank,1,6.6,2
train,syn_n50_k30_cluster_corr_mixed_extreme_events_r03_s20260664,15,theta_089,0.9531474754992256,0.0139551444854282,0.8911111111111113,0.047761819967486,1.241481304595253,3.31021034,6.0,6.0,6.0,8.0,14.0,8.0,4,theta_089,DE/rand,none,10%,crowding-pruned,repair+feasible-first,3,rand2,none,0.1,10,0.0769230769230769,5,0,0,rank,1,6.6,3
train,syn_n50_k30_cluster_corr_mixed_extreme_events_r03_s20260664,15,theta_011,0.9451970545889622,0.0190484394846306,0.8538888888888889,0.0283963030207454,1.1829412306408575,1.6645736633333332,8.0,12.0,8.0,1.0,1.0,6.0,2,theta_011,DE/rand,fixed,1%,crowding-pruned,repair+feasible-first,2,rand2,paper,0.01,10,0.0769230769230769,5,0,0,rank,1,6.7,4
train,syn_n50_k30_cluster_corr_mixed_extreme_events_r03_s20260664,15,theta_164,0.9547114007784168,0.0133585662923472,0.9158333333333334,0.0505156993925262,1.2549465281125982,3.476809573333334,2.5,2.5,2.5,17.5,17.0,8.4,6,theta_164,DE/rand,none,1%,crowding-pruned,repair+feasible-first,5,rand2,none,0.01,10,0.0769230769230769,5,0,0,rank,1,7.0,5
train,syn_n50_k30_cluster_corr_mixed_extreme_events_r03_s20260664,15,theta_170,0.9547114007784168,0.0133585662923472,0.9158333333333334,0.0505156993925262,1.2549465281125982,3.364083723333333,2.5,2.5,2.5,17.5,15.0,8.0,5,theta_170,DE/rand,none,10%,crowding-pruned,repair+feasible-first,5,rand2,none,0.1,10,0.0769230769230769,5,0,0,rank,1,7.0,6
train,syn_n50_k30_cluster_corr_mixed_extreme_events_r03_s20260664,15,theta_175,0.9547114007784168,0.0133585662923472,0.9158333333333334,0.0505156993925262,1.2549465281125982,3.954744883333333,2.5,2.5,2.5,17.5,20.0,9.0,7,theta_175,DE/rand,fixed,5%,crowding-pruned,repair+feasible-first,5,rand2,paper,0.05,5,0.0769230769230769,5,0,0,rank,1,7.0,7
train,syn_n50_k30_cluster_corr_mixed_extreme_events_r03_s20260664,15,theta_189,0.9547114007784168,0.0133585662923472,0.9158333333333334,0.0505156993925262,1.2549465281125982,7.495887983333333,2.5,2.5,2.5,17.5,24.0,9.8,8,theta_189,DE/rand,adaptive,10%,crowding-pruned,repair+feasible-first,5,rand2,stable,0.1,20,0.0769230769230769,5,0,0,rank,1,7.0,8
train,syn_n50_k30_cluster_corr_mixed_extreme_events_r03_s20260664,15,theta_200,0.9445202472596572,0.0181301724286029,0.6125000000000002,0.0332774545107504,1.3399067745320348,7.247623823333333,9.0,8.0,17.0,2.0,22.0,11.6,13,theta_200,DE/best,fixed,1%,crowding-pruned,repair+feasible-first,5,best2,paper,0.01,10,0.0769230769230769,5,0,0,rank,1,9.1,9
train,syn_n50_k30_cluster_corr_mixed_extreme_events_r03_s20260664,15,theta_223,0.9438156121456288,0.0183074394341744,0.7188888888888888,0.0490517470625415,1.2833200075688866,7.458332956666665,11.0,10.0,10.0,11.0,23.0,13.0,14,theta_223,mixed,none,10%,crowding-pruned,repair+feasible-first,5,mixed,none,0.1,5,0.0769230769230769,5,0,0,rank,1,10.5,10
train,syn_n50_k30_cluster_corr_mixed_extreme_events_r03_s20260664,15,theta_234,0.9438156121456288,0.0183074394341744,0.7188888888888888,0.0490517470625415,1.2833200075688866,3.1727354766666664,11.0,10.0,10.0,11.0,10.0,10.4,9,theta_234,mixed,fixed,10%,crowding-pruned,repair+feasible-first,5,mixed,paper,0.1,20,0.0769230769230769,5,0,0,rank,1,10.5,11
train,syn_n50_k30_cluster_corr_mixed_extreme_events_r03_s20260664,15,theta_237,0.9438156121456288,0.0183074394341744,0.7188888888888888,0.0490517470625415,1.2833200075688866,3.1751699066666665,11.0,10.0,10.0,11.0,11.0,10.6,10,theta_237,mixed,adaptive,1%,crowding-pruned,repair+feasible-first,5,mixed,stable,0.01,20,0.0769230769230769,5,0,0,rank,1,10.5,12
train,syn_n50_k30_cluster_corr_mixed_extreme_events_r03_s20260664,15,theta_034,0.9362120633051144,0.0218727665866582,0.5447222222222222,0.0428015385050141,1.2838380594333607,2.349373386666667,14.5,14.5,19.5,4.5,2.0,11.0,11,theta_034,DE/best,none,10%,crowding-pruned,repair+feasible-first,2,best2,none,0.1,5,0.0769230769230769,5,0,0,rank,1,13.0,13
train,syn_n50_k30_cluster_corr_mixed_extreme_events_r03_s20260664,15,theta_037,0.9362120633051144,0.0218727665866582,0.5447222222222222,0.0428015385050141,1.2838380594333607,2.75991278,14.5,14.5,19.5,4.5,5.0,11.6,12,theta_037,DE/best,fixed,1%,crowding-pruned,repair+feasible-first,2,best2,paper,0.01,5,0.0769230769230769,5,0,0,rank,1,13.0,14
train,syn_n50_k30_cluster_corr_mixed_extreme_events_r03_s20260664,15,theta_045,0.9362120633051144,0.0218727665866582,0.5447222222222222,0.0428015385050141,1.2838380594333607,3.7057263900000006,14.5,14.5,19.5,4.5,18.0,14.2,15,theta_045,DE/best,fixed,10%,crowding-pruned,repair+feasible-first,2,best2,paper,0.1,20,0.0769230769230769,5,0,0,rank,1,13.0,15
train,syn_n50_k30_cluster_corr_mixed_extreme_events_r03_s20260664,15,theta_047,0.9362120633051144,0.0218727665866582,0.5447222222222222,0.0428015385050141,1.2838380594333607,4.542142966666666,14.5,14.5,19.5,4.5,21.0,14.8,16,theta_047,DE/best,adaptive,1%,crowding-pruned,repair+feasible-first,2,best2,stable,0.01,10,0.0769230769230769,5,0,0,rank,1,13.0,16
train,syn_n50_k30_cluster_corr_mixed_extreme_events_r03_s20260664,15,theta_067,0.9346815627532988,0.0233776004601364,0.6619444444444444,0.0511871619249098,1.2198381675481105,3.16711821,18.0,18.0,13.0,21.0,8.0,15.6,19,theta_067,mixed,fixed,5%,crowding-pruned,repair+feasible-first,2,mixed,paper,0.05,5,0.0769230769230769,5,0,0,rank,1,17.4,17
train,syn_n50_k30_cluster_corr_mixed_extreme_events_r03_s20260664,15,theta_076,0.9346815627532988,0.0233776004601364,0.6619444444444444,0.0511871619249098,1.2198381675481105,3.09221498,18.0,18.0,13.0,21.0,6.0,15.2,18,theta_076,mixed,adaptive,5%,crowding-pruned,repair+feasible-first,2,mixed,stable,0.05,5,0.0769230769230769,5,0,0,rank,1,17.4,18
train,syn_n50_k30_cluster_corr_mixed_extreme_events_r03_s20260664,15,theta_078,0.9346815627532988,0.0233776004601364,0.6619444444444444,0.0511871619249098,1.2198381675481105,2.539527423333334,18.0,18.0,13.0,21.0,4.0,14.8,17,theta_078,mixed,adaptive,5%,crowding-pruned,repair+feasible-first,2,mixed,stable,0.05,20,0.0769230769230769,5,0,0,rank,1,17.4,19
train,syn_n50_k30_cluster_corr_mixed_extreme_events_r03_s20260664,15,theta_118,0.934024594187502,0.0234771178274623,0.5113888888888888,0.0503456036120425,1.2770571383000258,3.16976124,23.0,21.0,23.0,14.0,9.0,18.0,20,theta_118,DE/best,fixed,1%,crowding-pruned,repair+feasible-first,3,best2,paper,0.01,5,0.0769230769230769,5,0,0,rank,1,19.9,20
train,syn_n50_k30_cluster_corr_mixed_extreme_events_r03_s20260664,15,theta_131,0.934024594187502,0.0234771178274623,0.5113888888888888,0.0503456036120425,1.2770571383000258,3.2175295233333334,23.0,21.0,23.0,14.0,12.0,18.6,22,theta_131,DE/best,adaptive,5%,crowding-pruned,repair+feasible-first,3,best2,stable,0.05,10,0.0769230769230769,5,0,0,rank,1,19.9,21
train,syn_n50_k30_cluster_corr_mixed_extreme_events_r03_s20260664,15,theta_132,0.934024594187502,0.0234771178274623,0.5113888888888888,0.0503456036120425,1.2770571383000258,3.86746884,23.0,21.0,23.0,14.0,19.0,20.0,24,theta_132,DE/best,adaptive,5%,crowding-pruned,repair+feasible-first,3,best2,stable,0.05,20,0.0769230769230769,5,0,0,rank,1,19.9,22
train,syn_n50_k30_cluster_corr_mixed_extreme_events_r03_s20260664,15,theta_144,0.9340721555206446,0.0247978762104539,0.6277777777777778,0.0584299187957881,1.222030880714579,3.40844928,20.5,23.5,15.5,23.5,16.0,19.8,23,theta_144,mixed,none,10%,crowding-pruned,repair+feasible-first,3,mixed,none,0.1,20,0.0769230769230769,5,0,0,rank,1,20.5,23
train,syn_n50_k30_cluster_corr_mixed_extreme_events_r03_s20260664,15,theta_159,0.9340721555206446,0.0247978762104539,0.6277777777777778,0.0584299187957881,1.222030880714579,3.1581652100000004,20.5,23.5,15.5,23.5,7.0,18.0,21,theta_159,mixed,adaptive,5%,crowding-pruned,repair+feasible-first,3,mixed,stable,0.05,20,0.0769230769230769,5,0,0,rank,1,20.5,24
train,syn_n500_k05_cluster_corr_skewed_high_vol_r01_s20260777,25,theta_084,0.9042766532416466,0.0698268024549083,0.4747222222222221,0.0545994737351171,0.7442809610685236,9.695279336666664,3.0,3.0,3.0,2.0,24.0,7.0,4,theta_084,DE/rand,none,1%,crowding-pruned,repair+feasible-first,3,rand2,none,0.01,20,0.0769230769230769,5,0,0,rank,1,2.7,1
train,syn_n500_k05_cluster_corr_skewed_high_vol_r01_s20260777,25,theta_086,0.9042766532416466,0.0698268024549083,0.4747222222222221,0.0545994737351171,0.7442809610685236,9.212568353333332,3.0,3.0,3.0,2.0,21.0,6.4,2,theta_086,DE/rand,none,5%,crowding-pruned,repair+feasible-first,3,rand2,none,0.05,10,0.0769230769230769,5,0,0,rank,1,2.7,2
train,syn_n500_k05_cluster_corr_skewed_high_vol_r01_s20260777,25,theta_089,0.9042766532416466,0.0698268024549083,0.4747222222222221,0.0545994737351171,0.7442809610685236,3.456972546666667,3.0,3.0,3.0,2.0,3.0,2.8,1,theta_089,DE/rand,none,10%,crowding-pruned,repair+feasible-first,3,rand2,none,0.1,10,0.0769230769230769,5,0,0,rank,1,2.7,3
train,syn_n500_k05_cluster_corr_skewed_high_vol_r01_s20260777,25,theta_011,0.90017362632854,0.0704989195232606,0.4825,0.0553808566723234,0.7133647491388203,5.166385336666666,9.0,5.0,1.0,4.0,15.0,6.8,3,theta_011,DE/rand,fixed,1%,crowding-pruned,repair+feasible-first,2,rand2,paper,0.01,10,0.0769230769230769,5,0,0,rank,1,4.3,4
train,syn_n500_k05_cluster_corr_skewed_high_vol_r01_s20260777,25,theta_164,0.9008524037260291,0.0737433589771502,0.4505555555555556,0.0664302954879936,0.7229373463981152,4.01868787,6.5,7.5,6.5,12.5,4.0,7.4,5,theta_164,DE/rand,none,1%,crowding-pruned,repair+feasible-first,5,rand2,none,0.01,10,0.0769230769230769,5,0,0,rank,1,8.5,5
train,syn_n500_k05_cluster_corr_skewed_high_vol_r01_s20260777,25,theta_170,0.9008524037260291,0.0737433589771502,0.4505555555555556,0.0664302954879936,0.7229373463981152,4.19621213,6.5,7.5,6.5,12.5,11.0,8.8,7,theta_170,DE/rand,none,10%,crowding-pruned,repair+feasible-first,5,rand2,none,0.1,10,0.0769230769230769,5,0,0,rank,1,8.5,6
train,syn_n500_k05_cluster_corr_skewed_high_vol_r01_s20260777,25,theta_175,0.9008524037260291,0.0737433589771502,0.4505555555555556,0.0664302954879936,0.7229373463981152,4.22748753,6.5,7.5,6.5,12.5,12.0,9.0,8,theta_175,DE/rand,fixed,5%,crowding-pruned,repair+feasible-first,5,rand2,paper,0.05,5,0.0769230769230769,5,0,0,rank,1,8.5,7
train,syn_n500_k05_cluster_corr_skewed_high_vol_r01_s20260777,25,theta_189,0.9008524037260291,0.0737433589771502,0.4505555555555556,0.0664302954879936,0.7229373463981152,4.137705836666667,6.5,7.5,6.5,12.5,8.0,8.2,6,theta_189,DE/rand,adaptive,10%,crowding-pruned,repair+feasible-first,5,rand2,stable,0.1,20,0.0769230769230769,5,0,0,rank,1,8.5,8
train,syn_n500_k05_cluster_corr_skewed_high_vol_r01_s20260777,25,theta_144,0.8935832196527164,0.0750373061977183,0.4313888888888888,0.0774609540983566,0.7530556082552772,8.570510496666666,10.5,10.5,9.5,15.5,17.0,12.6,13,theta_144,mixed,none,10%,crowding-pruned,repair+feasible-first,3,mixed,none,0.1,20,0.0769230769230769,5,0,0,rank,1,11.7,9
train,syn_n500_k05_cluster_corr_skewed_high_vol_r01_s20260777,25,theta_159,0.8935832196527164,0.0750373061977183,0.4313888888888888,0.0774609540983566,0.7530556082552772,4.554289493333332,10.5,10.5,9.5,15.5,14.0,12.0,11,theta_159,mixed,adaptive,5%,crowding-pruned,repair+feasible-first,3,mixed,stable,0.05,20,0.0769230769230769,5,0,0,rank,1,11.7,10
train,syn_n500_k05_cluster_corr_skewed_high_vol_r01_s20260777,25,theta_200,0.9271730915131352,0.0692172738391081,0.3094444444444444,0.0931772484744391,0.8827836981582085,4.046823816666666,1.0,1.0,17.0,24.0,5.0,9.6,9,theta_200,DE/best,fixed,1%,crowding-pruned,repair+feasible-first,5,best2,paper,0.01,10,0.0769230769230769,5,0,0,rank,1,12.7,11
train,syn_n500_k05_cluster_corr_skewed_high_vol_r01_s20260777,25,theta_223,0.8693424575913878,0.0844218340647621,0.3638888888888889,0.0606274539567705,0.7185601874634595,4.095602943333334,16.0,13.0,15.0,9.0,6.0,11.8,10,theta_223,mixed,none,10%,crowding-pruned,repair+feasible-first,5,mixed,none,0.1,5,0.0769230769230769,5,0,0,rank,1,13.0,12
train,syn_n500_k05_cluster_corr_skewed_high_vol_r01_s20260777,25,theta_234,0.8693424575913878,0.0844218340647621,0.3638888888888889,0.0606274539567705,0.7185601874634595,4.17577294,16.0,13.0,15.0,9.0,10.0,12.6,14,theta_234,mixed,fixed,10%,crowding-pruned,repair+feasible-first,5,mixed,paper,0.1,20,0.0769230769230769,5,0,0,rank,1,13.0,13
train,syn_n500_k05_cluster_corr_skewed_high_vol_r01_s20260777,25,theta_237,0.8693424575913878,0.0844218340647621,0.3638888888888889,0.0606274539567705,0.7185601874634595,4.109018683333334,16.0,13.0,15.0,9.0,7.0,12.0,12,theta_237,mixed,adaptive,1%,crowding-pruned,repair+feasible-first,5,mixed,stable,0.01,20,0.0769230769230769,5,0,0,rank,1,13.0,14
train,syn_n500_k05_cluster_corr_skewed_high_vol_r01_s20260777,25,theta_067,0.8600031947324962,0.0877967831977855,0.3722222222222222,0.0580283025048333,0.6833593008235972,9.260931680000002,23.0,19.0,12.0,6.0,23.0,16.6,20,theta_067,mixed,fixed,5%,crowding-pruned,repair+feasible-first,2,mixed,paper,0.05,5,0.0769230769230769,5,0,0,rank,1,13.8,15
train,syn_n500_k05_cluster_corr_skewed_high_vol_r01_s20260777,25,theta_076,0.8600031947324962,0.0877967831977855,0.3722222222222222,0.0580283025048333,0.6833593008235972,4.173081116666666,23.0,19.0,12.0,6.0,9.0,13.8,17,theta_076,mixed,adaptive,5%,crowding-pruned,repair+feasible-first,2,mixed,stable,0.05,5,0.0769230769230769,5,0,0,rank,1,13.8,16
train,syn_n500_k05_cluster_corr_skewed_high_vol_r01_s20260777,25,theta_078,0.8600031947324962,0.0877967831977855,0.3722222222222222,0.0580283025048333,0.6833593008235972,5.429870350000001,23.0,19.0,12.0,6.0,16.0,15.2,18,theta_078,mixed,adaptive,5%,crowding-pruned,repair+feasible-first,2,mixed,stable,0.05,20,0.0769230769230769,5,0,0,rank,1,13.8,17
train,syn_n500_k05_cluster_corr_skewed_high_vol_r01_s20260777,25,theta_118,0.8767780421696053,0.0874452100191633,0.2908333333333334,0.08199611089481,0.8067551034304178,3.1162269,13.0,16.0,19.0,18.0,2.0,13.6,16,theta_118,DE/best,fixed,1%,crowding-pruned,repair+feasible-first,3,best2,paper,0.01,5,0.0769230769230769,5,0,0,rank,1,16.9,18
train,syn_n500_k05_cluster_corr_skewed_high_vol_r01_s20260777,25,theta_131,0.8767780421696053,0.0874452100191633,0.2908333333333334,0.08199611089481,0.8067551034304178,2.852480576666666,13.0,16.0,19.0,18.0,1.0,13.4,15,theta_131,DE/best,adaptive,5%,crowding-pruned,repair+feasible-first,3,best2,stable,0.05,10,0.0769230769230769,5,0,0,rank,1,16.9,19
train,syn_n500_k05_cluster_corr_skewed_high_vol_r01_s20260777,25,theta_132,0.8767780421696053,0.0874452100191633,0.2908333333333334,0.08199611089481,0.8067551034304178,4.310591753333333,13.0,16.0,19.0,18.0,13.0,15.8,19,theta_132,DE/best,adaptive,5%,crowding-pruned,repair+feasible-first,3,best2,stable,0.05,20,0.0769230769230769,5,0,0,rank,1,16.9,20
train,syn_n500_k05_cluster_corr_skewed_high_vol_r01_s20260777,25,theta_034,0.8678128677112988,0.0915686148991598,0.2827777777777778,0.0915527082286376,0.8103139333298461,9.246965153333331,19.5,22.5,22.5,21.5,22.0,21.6,24,theta_034,DE/best,none,10%,crowding-pruned,repair+feasible-first,2,best2,none,0.1,5,0.0769230769230769,5,0,0,rank,1,21.6,21
train,syn_n500_k05_cluster_corr_skewed_high_vol_r01_s20260777,25,theta_037,0.8678128677112988,0.0915686148991598,0.2827777777777778,0.0915527082286376,0.8103139333298461,8.677966383333334,19.5,22.5,22.5,21.5,18.0,20.8,21,theta_037,DE/best,fixed,1%,crowding-pruned,repair+feasible-first,2,best2,paper,0.01,5,0.0769230769230769,5,0,0,rank,1,21.6,22
train,syn_n500_k05_cluster_corr_skewed_high_vol_r01_s20260777,25,theta_045,0.8678128677112988,0.0915686148991598,0.2827777777777778,0.0915527082286376,0.8103139333298461,9.089901703333334,19.5,22.5,22.5,21.5,19.0,21.0,22,theta_045,DE/best,fixed,10%,crowding-pruned,repair+feasible-first,2,best2,paper,0.1,20,0.0769230769230769,5,0,0,rank,1,21.6,23
train,syn_n500_k05_cluster_corr_skewed_high_vol_r01_s20260777,25,theta_047,0.8678128677112988,0.0915686148991598,0.2827777777777778,0.0915527082286376,0.8103139333298461,9.17359711,19.5,22.5,22.5,21.5,20.0,21.2,23,theta_047,DE/best,adaptive,1%,crowding-pruned,repair+feasible-first,2,best2,stable,0.01,10,0.0769230769230769,5,0,0,rank,1,21.6,24
train,syn_n500_k05_high_corr_heavy_tail_extreme_events_r01_s20260776,25,theta_067,0.964820669073086,0.0823537532300701,0.2463888888888889,0.0933756288576444,0.8927639495875915,9.217923403333334,3.0,2.0,2.0,5.0,22.0,6.8,2,theta_067,mixed,fixed,5%,crowding-pruned,repair+feasible-first,2,mixed,paper,0.05,5,0.0769230769230769,5,0,0,rank,1,3.1,1
train,syn_n500_k05_high_corr_heavy_tail_extreme_events_r01_s20260776,25,theta_076,0.964820669073086,0.0823537532300701,0.2463888888888889,0.0933756288576444,0.8927639495875915,4.130130446666667,3.0,2.0,2.0,5.0,12.0,4.8,1,theta_076,mixed,adaptive,5%,crowding-pruned,repair+feasible-first,2,mixed,stable,0.05,5,0.0769230769230769,5,0,0,rank,1,3.1,2
train,syn_n500_k05_high_corr_heavy_tail_extreme_events_r01_s20260776,25,theta_078,0.964820669073086,0.0823537532300701,0.2463888888888889,0.0933756288576444,0.8927639495875915,9.44908933,3.0,2.0,2.0,5.0,24.0,7.2,4,theta_078,mixed,adaptive,5%,crowding-pruned,repair+feasible-first,2,mixed,stable,0.05,20,0.0769230769230769,5,0,0,rank,1,3.1,3
train,syn_n500_k05_high_corr_heavy_tail_extreme_events_r01_s20260776,25,theta_223,0.95934600561209,0.0871872143815442,0.2055555555555555,0.1072238308667844,0.8986756300242917,3.9633687133333337,9.0,12.0,6.0,8.0,4.0,7.8,5,theta_223,mixed,none,10%,crowding-pruned,repair+feasible-first,5,mixed,none,0.1,5,0.0769230769230769,5,0,0,rank,1,8.4,4
train,syn_n500_k05_high_corr_heavy_tail_extreme_events_r01_s20260776,25,theta_234,0.95934600561209,0.0871872143815442,0.2055555555555555,0.1072238308667844,0.8986756300242917,3.9716624933333335,9.0,12.0,6.0,8.0,6.0,8.2,6,theta_234,mixed,fixed,10%,crowding-pruned,repair+feasible-first,5,mixed,paper,0.1,20,0.0769230769230769,5,0,0,rank,1,8.4,5
train,syn_n500_k05_high_corr_heavy_tail_extreme_events_r01_s20260776,25,theta_237,0.95934600561209,0.0871872143815442,0.2055555555555555,0.1072238308667844,0.8986756300242917,4.115905033333333,9.0,12.0,6.0,8.0,11.0,9.2,7,theta_237,mixed,adaptive,1%,crowding-pruned,repair+feasible-first,5,mixed,stable,0.01,20,0.0769230769230769,5,0,0,rank,1,8.4,6
train,syn_n500_k05_high_corr_heavy_tail_extreme_events_r01_s20260776,25,theta_084,0.9645780994640926,0.0835604322420878,0.1875,0.091491458040464,0.8607207177305942,9.036702856666668,6.0,5.0,19.0,2.0,21.0,10.6,9,theta_084,DE/rand,none,1%,crowding-pruned,repair+feasible-first,3,rand2,none,0.01,20,0.0769230769230769,5,0,0,rank,1,8.5,7
train,syn_n500_k05_high_corr_heavy_tail_extreme_events_r01_s20260776,25,theta_086,0.9645780994640926,0.0835604322420878,0.1875,0.091491458040464,0.8607207177305942,8.960124590000001,6.0,5.0,19.0,2.0,18.0,10.0,8,theta_086,DE/rand,none,5%,crowding-pruned,repair+feasible-first,3,rand2,none,0.05,10,0.0769230769230769,5,0,0,rank,1,8.5,8
train,syn_n500_k05_high_corr_heavy_tail_extreme_events_r01_s20260776,25,theta_089,0.9645780994640926,0.0835604322420878,0.1875,0.091491458040464,0.8607207177305942,3.44321841,6.0,5.0,19.0,2.0,3.0,7.0,3,theta_089,DE/rand,none,10%,crowding-pruned,repair+feasible-first,3,rand2,none,0.1,10,0.0769230769230769,5,0,0,rank,1,8.5,9
train,syn_n500_k05_high_corr_heavy_tail_extreme_events_r01_s20260776,25,theta_011,0.9658608468798896,0.0912953822605309,0.2383333333333333,0.1207349895666995,0.8009219785454355,4.867693326666668,1.0,14.0,4.0,21.0,15.0,11.0,10,theta_011,DE/rand,fixed,1%,crowding-pruned,repair+feasible-first,2,rand2,paper,0.01,10,0.0769230769230769,5,0,0,rank,1,10.5,10
train,syn_n500_k05_high_corr_heavy_tail_extreme_events_r01_s20260776,25,theta_034,0.9511519509662856,0.0855353146938529,0.1725,0.1109175164466751,0.998642954944203,9.360850923333334,14.5,8.5,22.5,11.5,23.0,16.0,22,theta_034,DE/best,none,10%,crowding-pruned,repair+feasible-first,2,best2,none,0.1,5,0.0769230769230769,5,0,0,rank,1,14.8,11
train,syn_n500_k05_high_corr_heavy_tail_extreme_events_r01_s20260776,25,theta_037,0.9511519509662856,0.0855353146938529,0.1725,0.1109175164466751,0.998642954944203,8.963842153333333,14.5,8.5,22.5,11.5,19.0,15.2,15,theta_037,DE/best,fixed,1%,crowding-pruned,repair+feasible-first,2,best2,paper,0.01,5,0.0769230769230769,5,0,0,rank,1,14.8,12
train,syn_n500_k05_high_corr_heavy_tail_extreme_events_r01_s20260776,25,theta_045,0.9511519509662856,0.0855353146938529,0.1725,0.1109175164466751,0.998642954944203,9.001575610000002,14.5,8.5,22.5,11.5,20.0,15.4,17,theta_045,DE/best,fixed,10%,crowding-pruned,repair+feasible-first,2,best2,paper,0.1,20,0.0769230769230769,5,0,0,rank,1,14.8,13
train,syn_n500_k05_high_corr_heavy_tail_extreme_events_r01_s20260776,25,theta_047,0.9511519509662856,0.0855353146938529,0.1725,0.1109175164466751,0.998642954944203,8.713701486666666,14.5,8.5,22.5,11.5,17.0,14.8,12,theta_047,DE/best,adaptive,1%,crowding-pruned,repair+feasible-first,2,best2,stable,0.01,10,0.0769230769230769,5,0,0,rank,1,14.8,14
train,syn_n500_k05_high_corr_heavy_tail_extreme_events_r01_s20260776,25,theta_144,0.9558340009695472,0.1003098269016162,0.1988888888888889,0.1231749655171412,0.8189983739639122,8.349800576666667,11.5,20.5,9.5,22.5,16.0,16.0,23,theta_144,mixed,none,10%,crowding-pruned,repair+feasible-first,3,mixed,none,0.1,20,0.0769230769230769,5,0,0,rank,1,16.0,15
train,syn_n500_k05_high_corr_heavy_tail_extreme_events_r01_s20260776,25,theta_159,0.9558340009695472,0.1003098269016162,0.1988888888888889,0.1231749655171412,0.8189983739639122,4.14376229,11.5,20.5,9.5,22.5,13.0,15.4,18,theta_159,mixed,adaptive,5%,crowding-pruned,repair+feasible-first,3,mixed,stable,0.05,20,0.0769230769230769,5,0,0,rank,1,16.0,16
train,syn_n500_k05_high_corr_heavy_tail_extreme_events_r01_s20260776,25,theta_164,0.947580397443774,0.0939545647669548,0.1938888888888889,0.1154685250414371,0.8715857491753772,4.057009333333332,19.5,16.5,15.5,15.5,9.0,15.2,16,theta_164,DE/rand,none,1%,crowding-pruned,repair+feasible-first,5,rand2,none,0.01,10,0.0769230769230769,5,0,0,rank,1,16.5,17
train,syn_n500_k05_high_corr_heavy_tail_extreme_events_r01_s20260776,25,theta_170,0.947580397443774,0.0939545647669548,0.1938888888888889,0.1154685250414371,0.8715857491753772,3.994392196666667,19.5,16.5,15.5,15.5,7.0,14.8,13,theta_170,DE/rand,none,10%,crowding-pruned,repair+feasible-first,5,rand2,none,0.1,10,0.0769230769230769,5,0,0,rank,1,16.5,18
train,syn_n500_k05_high_corr_heavy_tail_extreme_events_r01_s20260776,25,theta_175,0.947580397443774,0.0939545647669548,0.1938888888888889,0.1154685250414371,0.8715857491753772,4.011117463333334,19.5,16.5,15.5,15.5,8.0,15.0,14,theta_175,DE/rand,fixed,5%,crowding-pruned,repair+feasible-first,5,rand2,paper,0.05,5,0.0769230769230769,5,0,0,rank,1,16.5,19
train,syn_n500_k05_high_corr_heavy_tail_extreme_events_r01_s20260776,25,theta_189,0.947580397443774,0.0939545647669548,0.1938888888888889,0.1154685250414371,0.8715857491753772,3.967203053333333,19.5,16.5,15.5,15.5,5.0,14.4,11,theta_189,DE/rand,adaptive,10%,crowding-pruned,repair+feasible-first,5,rand2,stable,0.1,20,0.0769230769230769,5,0,0,rank,1,16.5,20
train,syn_n500_k05_high_corr_heavy_tail_extreme_events_r01_s20260776,25,theta_200,0.9501649145106092,0.0972902896417656,0.2033333333333333,0.1261972934740564,0.8861170664388555,4.061160203333333,17.0,19.0,8.0,24.0,10.0,15.6,20,theta_200,DE/best,fixed,1%,crowding-pruned,repair+feasible-first,5,best2,paper,0.01,10,0.0769230769230769,5,0,0,rank,1,16.8,21
train,syn_n500_k05_high_corr_heavy_tail_extreme_events_r01_s20260776,25,theta_118,0.9345968576416523,0.1067488457031229,0.1966666666666666,0.1160862951160631,0.9030565066471324,3.02846581,23.0,23.0,12.0,19.0,2.0,15.8,21,theta_118,DE/best,fixed,1%,crowding-pruned,repair+feasible-first,3,best2,paper,0.01,5,0.0769230769230769,5,0,0,rank,1,18.5,22
train,syn_n500_k05_high_corr_heavy_tail_extreme_events_r01_s20260776,25,theta_131,0.9345968576416523,0.1067488457031229,0.1966666666666666,0.1160862951160631,0.9030565066471324,2.7818205699999994,23.0,23.0,12.0,19.0,1.0,15.6,19,theta_131,DE/best,adaptive,5%,crowding-pruned,repair+feasible-first,3,best2,stable,0.05,10,0.0769230769230769,5,0,0,rank,1,18.5,23
train,syn_n500_k05_high_corr_heavy_tail_extreme_events_r01_s20260776,25,theta_132,0.9345968576416523,0.1067488457031229,0.1966666666666666,0.1160862951160631,0.9030565066471324,4.530999526666665,23.0,23.0,12.0,19.0,14.0,18.2,24,theta_132,DE/best,adaptive,5%,crowding-pruned,repair+feasible-first,3,best2,stable,0.05,20,0.0769230769230769,5,0,0,rank,1,18.5,24
train,syn_n500_k05_high_corr_mixed_high_vol_r02_s20260773,25,theta_011,1.0072007046335,0.0524773614715055,0.3225,0.079736133510406,0.8661592569158885,5.624270776666666,4.0,1.0,1.0,5.0,15.0,5.2,2,theta_011,DE/rand,fixed,1%,crowding-pruned,repair+feasible-first,2,rand2,paper,0.01,10,0.0769230769230769,5,0,0,rank,1,2.8,1
train,syn_n500_k05_high_corr_mixed_high_vol_r02_s20260773,25,theta_164,1.0022208231535643,0.0533498484918916,0.2797222222222222,0.0796687298859678,0.9553408653509728,4.1450247933333335,6.5,3.5,3.5,2.5,11.0,5.4,5,theta_164,DE/rand,none,1%,crowding-pruned,repair+feasible-first,5,rand2,none,0.01,10,0.0769230769230769,5,0,0,rank,1,3.8,2
train,syn_n500_k05_high_corr_mixed_high_vol_r02_s20260773,25,theta_170,1.0022208231535643,0.0533498484918916,0.2797222222222222,0.0796687298859678,0.9553408653509728,4.178626566666666,6.5,3.5,3.5,2.5,12.0,5.6,6,theta_170,DE/rand,none,10%,crowding-pruned,repair+feasible-first,5,rand2,none,0.1,10,0.0769230769230769,5,0,0,rank,1,3.8,3
train,syn_n500_k05_high_corr_mixed_high_vol_r02_s20260773,25,theta_175,1.0022208231535643,0.0533498484918916,0.2797222222222222,0.0796687298859678,0.9553408653509728,4.066176860000001,6.5,3.5,3.5,2.5,6.0,4.4,1,theta_175,DE/rand,fixed,5%,crowding-pruned,repair+feasible-first,5,rand2,paper,0.05,5,0.0769230769230769,5,0,0,rank,1,3.8,4
train,syn_n500_k05_high_corr_mixed_high_vol_r02_s20260773,25,theta_189,1.0022208231535643,0.0533498484918916,0.2797222222222222,0.0796687298859678,0.9553408653509728,4.14129382,6.5,3.5,3.5,2.5,10.0,5.2,4,theta_189,DE/rand,adaptive,10%,crowding-pruned,repair+feasible-first,5,rand2,stable,0.1,20,0.0769230769230769,5,0,0,rank,1,3.8,5
train,syn_n500_k05_high_corr_mixed_high_vol_r02_s20260773,25,theta_084,1.0076640767928962,0.0538742721935869,0.2752777777777778,0.0810159211054502,0.8644182446461665,9.234670923333336,2.0,7.0,7.0,7.0,22.0,9.0,7,theta_084,DE/rand,none,1%,crowding-pruned,repair+feasible-first,3,rand2,none,0.01,20,0.0769230769230769,5,0,0,rank,1,6.0,6
train,syn_n500_k05_high_corr_mixed_high_vol_r02_s20260773,25,theta_086,1.0076640767928962,0.0538742721935869,0.2752777777777778,0.0810159211054502,0.8644182446461665,9.575688163333332,2.0,7.0,7.0,7.0,23.0,9.2,8,theta_086,DE/rand,none,5%,crowding-pruned,repair+feasible-first,3,rand2,none,0.05,10,0.0769230769230769,5,0,0,rank,1,6.0,7
train,syn_n500_k05_high_corr_mixed_high_vol_r02_s20260773,25,theta_089,1.0076640767928962,0.0538742721935869,0.2752777777777778,0.0810159211054502,0.8644182446461665,3.43222971,2.0,7.0,7.0,7.0,3.0,5.2,3,theta_089,DE/rand,none,10%,crowding-pruned,repair+feasible-first,3,rand2,none,0.1,10,0.0769230769230769,5,0,0,rank,1,6.0,8
train,syn_n500_k05_high_corr_mixed_high_vol_r02_s20260773,25,theta_144,0.9829620580874024,0.0710245874329817,0.1027777777777777,0.081893961983711,0.880522029732546,8.182980193333334,9.5,15.5,12.5,9.5,17.0,12.8,11,theta_144,mixed,none,10%,crowding-pruned,repair+feasible-first,3,mixed,none,0.1,20,0.0769230769230769,5,0,0,rank,1,11.6,9
train,syn_n500_k05_high_corr_mixed_high_vol_r02_s20260773,25,theta_159,0.9829620580874024,0.0710245874329817,0.1027777777777777,0.081893961983711,0.880522029732546,4.043022783333333,9.5,15.5,12.5,9.5,5.0,10.4,9,theta_159,mixed,adaptive,5%,crowding-pruned,repair+feasible-first,3,mixed,stable,0.05,20,0.0769230769230769,5,0,0,rank,1,11.6,10
train,syn_n500_k05_high_corr_mixed_high_vol_r02_s20260773,25,theta_067,0.980708827562733,0.0702539337823723,0.1033333333333333,0.0942876762214901,0.9030825849760458,8.123456093333333,12.0,13.0,10.0,23.0,16.0,14.8,17,theta_067,mixed,fixed,5%,crowding-pruned,repair+feasible-first,2,mixed,paper,0.05,5,0.0769230769230769,5,0,0,rank,1,14.899999999999999,11
train,syn_n500_k05_high_corr_mixed_high_vol_r02_s20260773,25,theta_076,0.980708827562733,0.0702539337823723,0.1033333333333333,0.0942876762214901,0.9030825849760458,4.13624051,12.0,13.0,10.0,23.0,9.0,13.4,12,theta_076,mixed,adaptive,5%,crowding-pruned,repair+feasible-first,2,mixed,stable,0.05,5,0.0769230769230769,5,0,0,rank,1,14.899999999999999,12
train,syn_n500_k05_high_corr_mixed_high_vol_r02_s20260773,25,theta_078,0.980708827562733,0.0702539337823723,0.1033333333333333,0.0942876762214901,0.9030825849760458,9.658307696666666,12.0,13.0,10.0,23.0,24.0,16.4,18,theta_078,mixed,adaptive,5%,crowding-pruned,repair+feasible-first,2,mixed,stable,0.05,20,0.0769230769230769,5,0,0,rank,1,14.899999999999999,13
train,syn_n500_k05_high_corr_mixed_high_vol_r02_s20260773,25,theta_223,0.9802729178954656,0.0689267055116252,0.0916666666666666,0.0918205410207874,0.9608506312211798,4.218579856666668,15.0,10.0,15.0,19.0,13.0,14.4,15,theta_223,mixed,none,10%,crowding-pruned,repair+feasible-first,5,mixed,none,0.1,5,0.0769230769230769,5,0,0,rank,1,15.2,14
train,syn_n500_k05_high_corr_mixed_high_vol_r02_s20260773,25,theta_234,0.9802729178954656,0.0689267055116252,0.0916666666666666,0.0918205410207874,0.9608506312211798,4.130130970000001,15.0,10.0,15.0,19.0,8.0,13.4,13,theta_234,mixed,fixed,10%,crowding-pruned,repair+feasible-first,5,mixed,paper,0.1,20,0.0769230769230769,5,0,0,rank,1,15.2,15
train,syn_n500_k05_high_corr_mixed_high_vol_r02_s20260773,25,theta_237,0.9802729178954656,0.0689267055116252,0.0916666666666666,0.0918205410207874,0.9608506312211798,3.9734689633333335,15.0,10.0,15.0,19.0,4.0,12.6,10,theta_237,mixed,adaptive,1%,crowding-pruned,repair+feasible-first,5,mixed,stable,0.01,20,0.0769230769230769,5,0,0,rank,1,15.2,16
train,syn_n500_k05_high_corr_mixed_high_vol_r02_s20260773,25,theta_118,0.9728630136948406,0.0788415333852014,0.0638888888888888,0.0869515183754233,0.9915743162848808,3.094182316666667,19.0,18.0,18.0,16.0,2.0,14.6,16,theta_118,DE/best,fixed,1%,crowding-pruned,repair+feasible-first,3,best2,paper,0.01,5,0.0769230769230769,5,0,0,rank,1,17.6,17
train,syn_n500_k05_high_corr_mixed_high_vol_r02_s20260773,25,theta_131,0.9728630136948406,0.0788415333852014,0.0638888888888888,0.0869515183754233,0.9915743162848808,2.7888103866666665,19.0,18.0,18.0,16.0,1.0,14.4,14,theta_131,DE/best,adaptive,5%,crowding-pruned,repair+feasible-first,3,best2,stable,0.05,10,0.0769230769230769,5,0,0,rank,1,17.6,18
train,syn_n500_k05_high_corr_mixed_high_vol_r02_s20260773,25,theta_132,0.9728630136948406,0.0788415333852014,0.0638888888888888,0.0869515183754233,0.9915743162848808,4.35562164,19.0,18.0,18.0,16.0,14.0,17.0,19,theta_132,DE/best,adaptive,5%,crowding-pruned,repair+feasible-first,3,best2,stable,0.05,20,0.0769230769230769,5,0,0,rank,1,17.6,19
train,syn_n500_k05_high_corr_mixed_high_vol_r02_s20260773,25,theta_034,0.9713786700211452,0.0820865769743077,0.0372222222222222,0.0827069288346307,0.9986508200391684,9.03068498,22.5,22.5,22.5,12.5,21.0,20.2,24,theta_034,DE/best,none,10%,crowding-pruned,repair+feasible-first,2,best2,none,0.1,5,0.0769230769230769,5,0,0,rank,1,19.5,20
train,syn_n500_k05_high_corr_mixed_high_vol_r02_s20260773,25,theta_037,0.9713786700211452,0.0820865769743077,0.0372222222222222,0.0827069288346307,0.9986508200391684,8.81261684,22.5,22.5,22.5,12.5,19.0,19.8,22,theta_037,DE/best,fixed,1%,crowding-pruned,repair+feasible-first,2,best2,paper,0.01,5,0.0769230769230769,5,0,0,rank,1,19.5,21
train,syn_n500_k05_high_corr_mixed_high_vol_r02_s20260773,25,theta_045,0.9713786700211452,0.0820865769743077,0.0372222222222222,0.0827069288346307,0.9986508200391684,8.96813038,22.5,22.5,22.5,12.5,20.0,20.0,23,theta_045,DE/best,fixed,10%,crowding-pruned,repair+feasible-first,2,best2,paper,0.1,20,0.0769230769230769,5,0,0,rank,1,19.5,22
train,syn_n500_k05_high_corr_mixed_high_vol_r02_s20260773,25,theta_047,0.9713786700211452,0.0820865769743077,0.0372222222222222,0.0827069288346307,0.9986508200391684,8.802723236666667,22.5,22.5,22.5,12.5,18.0,19.6,21,theta_047,DE/best,adaptive,1%,crowding-pruned,repair+feasible-first,2,best2,stable,0.01,10,0.0769230769230769,5,0,0,rank,1,19.5,23
train,syn_n500_k05_high_corr_mixed_high_vol_r02_s20260773,25,theta_200,0.97403245587232,0.0793686074631458,0.0608333333333333,0.094170736340347,1.0367871386466132,4.088905493333333,17.0,20.0,20.0,21.0,7.0,17.0,20,theta_200,DE/best,fixed,1%,crowding-pruned,repair+feasible-first,5,best2,paper,0.01,10,0.0769230769230769,5,0,0,rank,1,19.7,24
train,syn_n500_k05_high_corr_normal_low_vol_r03_s20260775,25,theta_067,0.9951728428641876,0.1428216560423162,0.3525,0.1147401431515525,0.7610032745808917,3.129138756666665,2.0,5.0,2.0,2.0,3.0,2.8,1,theta_067,mixed,fixed,5%,crowding-pruned,repair+feasible-first,2,mixed,paper,0.05,5,0.0769230769230769,5,0,0,rank,1,2.6,1
train,syn_n500_k05_high_corr_normal_low_vol_r03_s20260775,25,theta_076,0.9951728428641876,0.1428216560423162,0.3525,0.1147401431515525,0.7610032745808917,4.057731666666667,2.0,5.0,2.0,2.0,13.0,4.8,2,theta_076,mixed,adaptive,5%,crowding-pruned,repair+feasible-first,2,mixed,stable,0.05,5,0.0769230769230769,5,0,0,rank,1,2.6,2
train,syn_n500_k05_high_corr_normal_low_vol_r03_s20260775,25,theta_078,0.9951728428641876,0.1428216560423162,0.3525,0.1147401431515525,0.7610032745808917,8.989456443333333,2.0,5.0,2.0,2.0,22.0,6.6,3,theta_078,mixed,adaptive,5%,crowding-pruned,repair+feasible-first,2,mixed,stable,0.05,20,0.0769230769230769,5,0,0,rank,1,2.6,3
train,syn_n500_k05_high_corr_normal_low_vol_r03_s20260775,25,theta_084,0.9770771841535384,0.1650804008088222,0.3366666666666665,0.1205442408587976,0.6302316003039067,9.080576313333331,12.0,14.0,7.0,9.0,23.0,13.0,15,theta_084,DE/rand,none,1%,crowding-pruned,repair+feasible-first,3,rand2,none,0.01,20,0.0769230769230769,5,0,0,rank,1,10.0,4
train,syn_n500_k05_high_corr_normal_low_vol_r03_s20260775,25,theta_086,0.9770771841535384,0.1650804008088222,0.3366666666666665,0.1205442408587976,0.6302316003039067,8.814290486666666,12.0,14.0,7.0,9.0,19.0,12.2,13,theta_086,DE/rand,none,5%,crowding-pruned,repair+feasible-first,3,rand2,none,0.05,10,0.0769230769230769,5,0,0,rank,1,10.0,5
train,syn_n500_k05_high_corr_normal_low_vol_r03_s20260775,25,theta_089,0.9770771841535384,0.1650804008088222,0.3366666666666665,0.1205442408587976,0.6302316003039067,3.1961488833333336,12.0,14.0,7.0,9.0,4.0,9.2,6,theta_089,DE/rand,none,10%,crowding-pruned,repair+feasible-first,3,rand2,none,0.1,10,0.0769230769230769,5,0,0,rank,1,10.0,6
train,syn_n500_k05_high_corr_normal_low_vol_r03_s20260775,25,theta_144,0.9667412660237964,0.1645034870342899,0.3372222222222223,0.1245924014668234,0.6614385340056946,7.92341953,14.5,11.5,4.5,12.5,17.0,12.0,12,theta_144,mixed,none,10%,crowding-pruned,repair+feasible-first,3,mixed,none,0.1,20,0.0769230769230769,5,0,0,rank,1,10.3,7
train,syn_n500_k05_high_corr_normal_low_vol_r03_s20260775,25,theta_159,0.9667412660237964,0.1645034870342899,0.3372222222222223,0.1245924014668234,0.6614385340056946,4.02874762,14.5,11.5,4.5,12.5,11.0,10.8,10,theta_159,mixed,adaptive,5%,crowding-pruned,repair+feasible-first,3,mixed,stable,0.05,20,0.0769230769230769,5,0,0,rank,1,10.3,8
train,syn_n500_k05_high_corr_normal_low_vol_r03_s20260775,25,theta_118,0.9772662250186624,0.1415575941064401,0.3152777777777777,0.1429877479140268,0.8143071576175303,2.810788546666666,9.0,2.0,13.0,15.0,2.0,8.2,5,theta_118,DE/best,fixed,1%,crowding-pruned,repair+feasible-first,3,best2,paper,0.01,5,0.0769230769230769,5,0,0,rank,1,10.6,9
train,syn_n500_k05_high_corr_normal_low_vol_r03_s20260775,25,theta_131,0.9772662250186624,0.1415575941064401,0.3152777777777777,0.1429877479140268,0.8143071576175303,2.6260603566666663,9.0,2.0,13.0,15.0,1.0,8.0,4,theta_131,DE/best,adaptive,5%,crowding-pruned,repair+feasible-first,3,best2,stable,0.05,10,0.0769230769230769,5,0,0,rank,1,10.6,10
train,syn_n500_k05_high_corr_normal_low_vol_r03_s20260775,25,theta_132,0.9772662250186624,0.1415575941064401,0.3152777777777777,0.1429877479140268,0.8143071576175303,4.159210066666667,9.0,2.0,13.0,15.0,15.0,10.8,9,theta_132,DE/best,adaptive,5%,crowding-pruned,repair+feasible-first,3,best2,stable,0.05,20,0.0769230769230769,5,0,0,rank,1,10.6,11
train,syn_n500_k05_high_corr_normal_low_vol_r03_s20260775,25,theta_223,0.9901925896663184,0.1449968374816753,0.3166666666666666,0.1430772922718906,0.7796439073727242,3.89306378,5.0,8.0,10.0,18.0,7.0,9.6,7,theta_223,mixed,none,10%,crowding-pruned,repair+feasible-first,5,mixed,none,0.1,5,0.0769230769230769,5,0,0,rank,1,11.0,12
train,syn_n500_k05_high_corr_normal_low_vol_r03_s20260775,25,theta_234,0.9901925896663184,0.1449968374816753,0.3166666666666666,0.1430772922718906,0.7796439073727242,3.980059733333333,5.0,8.0,10.0,18.0,9.0,10.0,8,theta_234,mixed,fixed,10%,crowding-pruned,repair+feasible-first,5,mixed,paper,0.1,20,0.0769230769230769,5,0,0,rank,1,11.0,13
train,syn_n500_k05_high_corr_normal_low_vol_r03_s20260775,25,theta_237,0.9901925896663184,0.1449968374816753,0.3166666666666666,0.1430772922718906,0.7796439073727242,4.109843006666668,5.0,8.0,10.0,18.0,14.0,11.0,11,theta_237,mixed,adaptive,1%,crowding-pruned,repair+feasible-first,5,mixed,stable,0.01,20,0.0769230769230769,5,0,0,rank,1,11.0,14
train,syn_n500_k05_high_corr_normal_low_vol_r03_s20260775,25,theta_200,0.9788435442258692,0.1632664691270656,0.3055555555555556,0.151579705259984,0.7208551870991043,3.82043683,7.0,10.0,19.0,20.0,6.0,12.4,14,theta_200,DE/best,fixed,1%,crowding-pruned,repair+feasible-first,5,best2,paper,0.01,10,0.0769230769230769,5,0,0,rank,1,15.100000000000001,15
train,syn_n500_k05_high_corr_normal_low_vol_r03_s20260775,25,theta_164,0.9420864198270748,0.178981972827958,0.3086111111111111,0.1190564093396307,0.5930821947370409,3.984791926666667,21.5,21.5,16.5,5.5,10.0,15.0,18,theta_164,DE/rand,none,1%,crowding-pruned,repair+feasible-first,5,rand2,none,0.01,10,0.0769230769230769,5,0,0,rank,1,15.200000000000001,16
train,syn_n500_k05_high_corr_normal_low_vol_r03_s20260775,25,theta_170,0.9420864198270748,0.178981972827958,0.3086111111111111,0.1190564093396307,0.5930821947370409,4.042686046666667,21.5,21.5,16.5,5.5,12.0,15.4,19,theta_170,DE/rand,none,10%,crowding-pruned,repair+feasible-first,5,rand2,none,0.1,10,0.0769230769230769,5,0,0,rank,1,15.200000000000001,17
train,syn_n500_k05_high_corr_normal_low_vol_r03_s20260775,25,theta_175,0.9420864198270748,0.178981972827958,0.3086111111111111,0.1190564093396307,0.5930821947370409,3.974320636666666,21.5,21.5,16.5,5.5,8.0,14.6,17,theta_175,DE/rand,fixed,5%,crowding-pruned,repair+feasible-first,5,rand2,paper,0.05,5,0.0769230769230769,5,0,0,rank,1,15.200000000000001,18
train,syn_n500_k05_high_corr_normal_low_vol_r03_s20260775,25,theta_189,0.9420864198270748,0.178981972827958,0.3086111111111111,0.1190564093396307,0.5930821947370409,3.80464364,21.5,21.5,16.5,5.5,5.0,14.0,16,theta_189,DE/rand,adaptive,10%,crowding-pruned,repair+feasible-first,5,rand2,stable,0.1,20,0.0769230769230769,5,0,0,rank,1,15.200000000000001,19
train,syn_n500_k05_high_corr_normal_low_vol_r03_s20260775,25,theta_011,0.9345444982306296,0.1955553780047925,0.3005555555555555,0.1207835181942484,0.5256948988016015,5.120026106666668,24.0,24.0,20.0,11.0,16.0,19.0,20,theta_011,DE/rand,fixed,1%,crowding-pruned,repair+feasible-first,2,rand2,paper,0.01,10,0.0769230769230769,5,0,0,rank,1,18.900000000000002,20
train,syn_n500_k05_high_corr_normal_low_vol_r03_s20260775,25,theta_034,0.9569534195389864,0.1757075478489934,0.2872222222222222,0.1605413482421141,0.7244186132260838,8.968303373333333,17.5,17.5,22.5,22.5,21.0,20.2,23,theta_034,DE/best,none,10%,crowding-pruned,repair+feasible-first,2,best2,none,0.1,5,0.0769230769230769,5,0,0,rank,1,20.5,21
train,syn_n500_k05_high_corr_normal_low_vol_r03_s20260775,25,theta_037,0.9569534195389864,0.1757075478489934,0.2872222222222222,0.1605413482421141,0.7244186132260838,9.29005247,17.5,17.5,22.5,22.5,24.0,20.8,24,theta_037,DE/best,fixed,1%,crowding-pruned,repair+feasible-first,2,best2,paper,0.01,5,0.0769230769230769,5,0,0,rank,1,20.5,22
train,syn_n500_k05_high_corr_normal_low_vol_r03_s20260775,25,theta_045,0.9569534195389864,0.1757075478489934,0.2872222222222222,0.1605413482421141,0.7244186132260838,8.86049938,17.5,17.5,22.5,22.5,20.0,20.0,22,theta_045,DE/best,fixed,10%,crowding-pruned,repair+feasible-first,2,best2,paper,0.1,20,0.0769230769230769,5,0,0,rank,1,20.5,23
train,syn_n500_k05_high_corr_normal_low_vol_r03_s20260775,25,theta_047,0.9569534195389864,0.1757075478489934,0.2872222222222222,0.1605413482421141,0.7244186132260838,8.563786613333333,17.5,17.5,22.5,22.5,18.0,19.6,21,theta_047,DE/best,adaptive,1%,crowding-pruned,repair+feasible-first,2,best2,stable,0.01,10,0.0769230769230769,5,0,0,rank,1,20.5,24
train,syn_n500_k05_low_corr_heavy_tail_high_vol_r03_s20260774,25,theta_084,0.9378027805234148,0.0688864693790102,0.4611111111111111,0.043143066014907,0.7545374296673912,9.09042128,2.0,2.0,3.0,2.0,22.0,6.2,3,theta_084,DE/rand,none,1%,crowding-pruned,repair+feasible-first,3,rand2,none,0.01,20,0.0769230769230769,5,0,0,rank,1,2.3,1
train,syn_n500_k05_low_corr_heavy_tail_high_vol_r03_s20260774,25,theta_086,0.9378027805234148,0.0688864693790102,0.4611111111111111,0.043143066014907,0.7545374296673912,9.191914993333334,2.0,2.0,3.0,2.0,24.0,6.6,4,theta_086,DE/rand,none,5%,crowding-pruned,repair+feasible-first,3,rand2,none,0.05,10,0.0769230769230769,5,0,0,rank,1,2.3,2
train,syn_n500_k05_low_corr_heavy_tail_high_vol_r03_s20260774,25,theta_089,0.9378027805234148,0.0688864693790102,0.4611111111111111,0.043143066014907,0.7545374296673912,3.298431266666666,2.0,2.0,3.0,2.0,4.0,2.6,1,theta_089,DE/rand,none,10%,crowding-pruned,repair+feasible-first,3,rand2,none,0.1,10,0.0769230769230769,5,0,0,rank,1,2.3,3
train,syn_n500_k05_low_corr_heavy_tail_high_vol_r03_s20260774,25,theta_011,0.916974236639994,0.0797259856716211,0.4708333333333333,0.0477091818814376,0.6815050393785318,5.340658876666668,4.0,4.0,1.0,4.0,16.0,5.8,2,theta_011,DE/rand,fixed,1%,crowding-pruned,repair+feasible-first,2,rand2,paper,0.01,10,0.0769230769230769,5,0,0,rank,1,3.1,4
train,syn_n500_k05_low_corr_heavy_tail_high_vol_r03_s20260774,25,theta_164,0.9070285932753592,0.0846980661109319,0.3874999999999999,0.0664363355389852,0.7273245405244629,4.015317876666667,6.5,6.5,6.5,9.5,7.0,7.2,5,theta_164,DE/rand,none,1%,crowding-pruned,repair+feasible-first,5,rand2,none,0.01,10,0.0769230769230769,5,0,0,rank,1,7.4,5
train,syn_n500_k05_low_corr_heavy_tail_high_vol_r03_s20260774,25,theta_170,0.9070285932753592,0.0846980661109319,0.3874999999999999,0.0664363355389852,0.7273245405244629,4.044581246666667,6.5,6.5,6.5,9.5,10.0,7.8,6,theta_170,DE/rand,none,10%,crowding-pruned,repair+feasible-first,5,rand2,none,0.1,10,0.0769230769230769,5,0,0,rank,1,7.4,6
train,syn_n500_k05_low_corr_heavy_tail_high_vol_r03_s20260774,25,theta_175,0.9070285932753592,0.0846980661109319,0.3874999999999999,0.0664363355389852,0.7273245405244629,4.09962999,6.5,6.5,6.5,9.5,13.0,8.4,7,theta_175,DE/rand,fixed,5%,crowding-pruned,repair+feasible-first,5,rand2,paper,0.05,5,0.0769230769230769,5,0,0,rank,1,7.4,7
train,syn_n500_k05_low_corr_heavy_tail_high_vol_r03_s20260774,25,theta_189,0.9070285932753592,0.0846980661109319,0.3874999999999999,0.0664363355389852,0.7273245405244629,4.18123335,6.5,6.5,6.5,9.5,14.0,8.6,8,theta_189,DE/rand,adaptive,10%,crowding-pruned,repair+feasible-first,5,rand2,stable,0.1,20,0.0769230769230769,5,0,0,rank,1,7.4,8
train,syn_n500_k05_low_corr_heavy_tail_high_vol_r03_s20260774,25,theta_223,0.819371519064855,0.1273261001549441,0.3513888888888888,0.0642483978521673,0.5991978189056139,4.066372046666666,18.0,21.0,12.0,6.0,11.0,13.6,11,theta_223,mixed,none,10%,crowding-pruned,repair+feasible-first,5,mixed,none,0.1,5,0.0769230769230769,5,0,0,rank,1,13.2,9
train,syn_n500_k05_low_corr_heavy_tail_high_vol_r03_s20260774,25,theta_234,0.819371519064855,0.1273261001549441,0.3513888888888888,0.0642483978521673,0.5991978189056139,4.00054259,18.0,21.0,12.0,6.0,5.0,12.4,9,theta_234,mixed,fixed,10%,crowding-pruned,repair+feasible-first,5,mixed,paper,0.1,20,0.0769230769230769,5,0,0,rank,1,13.2,10
train,syn_n500_k05_low_corr_heavy_tail_high_vol_r03_s20260774,25,theta_237,0.819371519064855,0.1273261001549441,0.3513888888888888,0.0642483978521673,0.5991978189056139,4.025380726666667,18.0,21.0,12.0,6.0,9.0,13.2,10,theta_237,mixed,adaptive,1%,crowding-pruned,repair+feasible-first,5,mixed,stable,0.01,20,0.0769230769230769,5,0,0,rank,1,13.2,11
train,syn_n500_k05_low_corr_heavy_tail_high_vol_r03_s20260774,25,theta_034,0.8272271015011513,0.1194604422363399,0.2761111111111111,0.074208464538966,0.67485961180229,8.794862506666666,11.5,11.5,18.5,16.5,20.0,15.6,16,theta_034,DE/best,none,10%,crowding-pruned,repair+feasible-first,2,best2,none,0.1,5,0.0769230769230769,5,0,0,rank,1,15.100000000000001,12
train,syn_n500_k05_low_corr_heavy_tail_high_vol_r03_s20260774,25,theta_037,0.8272271015011513,0.1194604422363399,0.2761111111111111,0.074208464538966,0.67485961180229,8.8639785,11.5,11.5,18.5,16.5,21.0,15.8,18,theta_037,DE/best,fixed,1%,crowding-pruned,repair+feasible-first,2,best2,paper,0.01,5,0.0769230769230769,5,0,0,rank,1,15.100000000000001,13
train,syn_n500_k05_low_corr_heavy_tail_high_vol_r03_s20260774,25,theta_045,0.8272271015011513,0.1194604422363399,0.2761111111111111,0.074208464538966,0.67485961180229,8.545913603333332,11.5,11.5,18.5,16.5,19.0,15.4,15,theta_045,DE/best,fixed,10%,crowding-pruned,repair+feasible-first,2,best2,paper,0.1,20,0.0769230769230769,5,0,0,rank,1,15.100000000000001,14
train,syn_n500_k05_low_corr_heavy_tail_high_vol_r03_s20260774,25,theta_047,0.8272271015011513,0.1194604422363399,0.2761111111111111,0.074208464538966,0.67485961180229,8.450950466666667,11.5,11.5,18.5,16.5,18.0,15.2,14,theta_047,DE/best,adaptive,1%,crowding-pruned,repair+feasible-first,2,best2,stable,0.01,10,0.0769230769230769,5,0,0,rank,1,15.100000000000001,15
train,syn_n500_k05_low_corr_heavy_tail_high_vol_r03_s20260774,25,theta_067,0.8247919914030644,0.1236487855806112,0.3341666666666666,0.0832878289783516,0.6203462888980645,3.1422939266666665,15.0,15.0,15.0,22.0,3.0,14.0,13,theta_067,mixed,fixed,5%,crowding-pruned,repair+feasible-first,2,mixed,paper,0.05,5,0.0769230769230769,5,0,0,rank,1,17.1,16
train,syn_n500_k05_low_corr_heavy_tail_high_vol_r03_s20260774,25,theta_076,0.8247919914030644,0.1236487855806112,0.3341666666666666,0.0832878289783516,0.6203462888980645,4.096677166666667,15.0,15.0,15.0,22.0,12.0,15.8,19,theta_076,mixed,adaptive,5%,crowding-pruned,repair+feasible-first,2,mixed,stable,0.05,5,0.0769230769230769,5,0,0,rank,1,17.1,17
train,syn_n500_k05_low_corr_heavy_tail_high_vol_r03_s20260774,25,theta_078,0.8247919914030644,0.1236487855806112,0.3341666666666666,0.0832878289783516,0.6203462888980645,9.18589066,15.0,15.0,15.0,22.0,23.0,18.0,22,theta_078,mixed,adaptive,5%,crowding-pruned,repair+feasible-first,2,mixed,stable,0.05,20,0.0769230769230769,5,0,0,rank,1,17.1,18
train,syn_n500_k05_low_corr_heavy_tail_high_vol_r03_s20260774,25,theta_200,0.8497059842847805,0.109600788584272,0.2572222222222222,0.0909900673649758,0.7582669946654139,4.010650963333333,9.0,9.0,21.0,24.0,6.0,13.8,12,theta_200,DE/best,fixed,1%,crowding-pruned,repair+feasible-first,5,best2,paper,0.01,10,0.0769230769230769,5,0,0,rank,1,17.1,19
train,syn_n500_k05_low_corr_heavy_tail_high_vol_r03_s20260774,25,theta_144,0.819127702080727,0.1313945377819795,0.3663888888888889,0.0809594581072887,0.5767353932521223,7.699725546666667,20.5,23.5,9.5,19.5,17.0,18.0,23,theta_144,mixed,none,10%,crowding-pruned,repair+feasible-first,3,mixed,none,0.1,20,0.0769230769230769,5,0,0,rank,1,17.5,20
train,syn_n500_k05_low_corr_heavy_tail_high_vol_r03_s20260774,25,theta_159,0.819127702080727,0.1313945377819795,0.3663888888888889,0.0809594581072887,0.5767353932521223,4.0219234733333336,20.5,23.5,9.5,19.5,8.0,16.2,21,theta_159,mixed,adaptive,5%,crowding-pruned,repair+feasible-first,3,mixed,stable,0.05,20,0.0769230769230769,5,0,0,rank,1,17.5,21
train,syn_n500_k05_low_corr_heavy_tail_high_vol_r03_s20260774,25,theta_118,0.8157348357956358,0.1238297499746562,0.2433333333333333,0.0717865151114726,0.6532270017106625,2.90431658,23.0,18.0,23.0,13.0,2.0,15.8,20,theta_118,DE/best,fixed,1%,crowding-pruned,repair+feasible-first,3,best2,paper,0.01,5,0.0769230769230769,5,0,0,rank,1,19.0,22
train,syn_n500_k05_low_corr_heavy_tail_high_vol_r03_s20260774,25,theta_131,0.8157348357956358,0.1238297499746562,0.2433333333333333,0.0717865151114726,0.6532270017106625,2.629960393333333,23.0,18.0,23.0,13.0,1.0,15.6,17,theta_131,DE/best,adaptive,5%,crowding-pruned,repair+feasible-first,3,best2,stable,0.05,10,0.0769230769230769,5,0,0,rank,1,19.0,23
train,syn_n500_k05_low_corr_heavy_tail_high_vol_r03_s20260774,25,theta_132,0.8157348357956358,0.1238297499746562,0.2433333333333333,0.0717865151114726,0.6532270017106625,4.238533296666666,23.0,18.0,23.0,13.0,15.0,18.4,24,theta_132,DE/best,adaptive,5%,crowding-pruned,repair+feasible-first,3,best2,stable,0.05,20,0.0769230769230769,5,0,0,rank,1,19.0,24
train,syn_n500_k05_low_corr_skewed_extreme_events_r02_s20260771,25,theta_011,0.944329637838814,0.0915316389906322,0.3680555555555556,0.0599312107981203,0.695307541093896,5.434374696666666,8.0,11.0,1.0,1.0,16.0,7.4,3,theta_011,DE/rand,fixed,1%,crowding-pruned,repair+feasible-first,2,rand2,paper,0.01,10,0.0769230769230769,5,0,0,rank,1,4.4,1
train,syn_n500_k05_low_corr_skewed_extreme_events_r02_s20260771,25,theta_164,0.9656420176366686,0.0816666988674653,0.2241666666666666,0.0765711281684188,0.8134488910941475,4.1448280466666665,2.5,2.5,11.5,10.5,10.0,7.4,4,theta_164,DE/rand,none,1%,crowding-pruned,repair+feasible-first,5,rand2,none,0.01,10,0.0769230769230769,5,0,0,rank,1,7.6,2
train,syn_n500_k05_low_corr_skewed_extreme_events_r02_s20260771,25,theta_170,0.9656420176366686,0.0816666988674653,0.2241666666666666,0.0765711281684188,0.8134488910941475,4.020846256666667,2.5,2.5,11.5,10.5,8.0,7.0,1,theta_170,DE/rand,none,10%,crowding-pruned,repair+feasible-first,5,rand2,none,0.1,10,0.0769230769230769,5,0,0,rank,1,7.6,3
train,syn_n500_k05_low_corr_skewed_extreme_events_r02_s20260771,25,theta_175,0.9656420176366686,0.0816666988674653,0.2241666666666666,0.0765711281684188,0.8134488910941475,4.046459076666667,2.5,2.5,11.5,10.5,9.0,7.2,2,theta_175,DE/rand,fixed,5%,crowding-pruned,repair+feasible-first,5,rand2,paper,0.05,5,0.0769230769230769,5,0,0,rank,1,7.6,4
train,syn_n500_k05_low_corr_skewed_extreme_events_r02_s20260771,25,theta_189,0.9656420176366686,0.0816666988674653,0.2241666666666666,0.0765711281684188,0.8134488910941475,4.216966963333333,2.5,2.5,11.5,10.5,12.0,7.8,5,theta_189,DE/rand,adaptive,10%,crowding-pruned,repair+feasible-first,5,rand2,stable,0.1,20,0.0769230769230769,5,0,0,rank,1,7.6,5
train,syn_n500_k05_low_corr_skewed_extreme_events_r02_s20260771,25,theta_067,0.9482765964644018,0.0894490306398134,0.1886111111111111,0.0730125631376689,0.7954768672492152,4.3229213500000006,6.0,6.0,15.0,7.0,14.0,9.6,8,theta_067,mixed,fixed,5%,crowding-pruned,repair+feasible-first,2,mixed,paper,0.05,5,0.0769230769230769,5,0,0,rank,1,9.0,6
train,syn_n500_k05_low_corr_skewed_extreme_events_r02_s20260771,25,theta_076,0.9482765964644018,0.0894490306398134,0.1886111111111111,0.0730125631376689,0.7954768672492152,4.161957096666666,6.0,6.0,15.0,7.0,11.0,9.0,7,theta_076,mixed,adaptive,5%,crowding-pruned,repair+feasible-first,2,mixed,stable,0.05,5,0.0769230769230769,5,0,0,rank,1,9.0,7
train,syn_n500_k05_low_corr_skewed_extreme_events_r02_s20260771,25,theta_078,0.9482765964644018,0.0894490306398134,0.1886111111111111,0.0730125631376689,0.7954768672492152,9.121756800000002,6.0,6.0,15.0,7.0,24.0,11.6,9,theta_078,mixed,adaptive,5%,crowding-pruned,repair+feasible-first,2,mixed,stable,0.05,20,0.0769230769230769,5,0,0,rank,1,9.0,8
train,syn_n500_k05_low_corr_skewed_extreme_events_r02_s20260771,25,theta_084,0.9425567601689768,0.090802196530804,0.3030555555555555,0.0791261050488431,0.7346040596903308,8.77742063,10.0,9.0,5.0,14.0,21.0,11.8,12,theta_084,DE/rand,none,1%,crowding-pruned,repair+feasible-first,3,rand2,none,0.01,20,0.0769230769230769,5,0,0,rank,1,9.5,9
train,syn_n500_k05_low_corr_skewed_extreme_events_r02_s20260771,25,theta_086,0.9425567601689768,0.090802196530804,0.3030555555555555,0.0791261050488431,0.7346040596903308,8.714341356666665,10.0,9.0,5.0,14.0,20.0,11.6,10,theta_086,DE/rand,none,5%,crowding-pruned,repair+feasible-first,3,rand2,none,0.05,10,0.0769230769230769,5,0,0,rank,1,9.5,10
train,syn_n500_k05_low_corr_skewed_extreme_events_r02_s20260771,25,theta_089,0.9425567601689768,0.090802196530804,0.3030555555555555,0.0791261050488431,0.7346040596903308,3.224552250000001,10.0,9.0,5.0,14.0,3.0,8.2,6,theta_089,DE/rand,none,10%,crowding-pruned,repair+feasible-first,3,rand2,none,0.1,10,0.0769230769230769,5,0,0,rank,1,9.5,11
train,syn_n500_k05_low_corr_skewed_extreme_events_r02_s20260771,25,theta_223,0.9218832961738718,0.099211926340111,0.2513888888888889,0.0842390581009167,0.7657179521412675,4.260095466666667,15.0,13.0,8.0,17.0,13.0,13.2,14,theta_223,mixed,none,10%,crowding-pruned,repair+feasible-first,5,mixed,none,0.1,5,0.0769230769230769,5,0,0,rank,1,13.1,12
train,syn_n500_k05_low_corr_skewed_extreme_events_r02_s20260771,25,theta_234,0.9218832961738718,0.099211926340111,0.2513888888888889,0.0842390581009167,0.7657179521412675,3.945706856666667,15.0,13.0,8.0,17.0,5.0,11.6,11,theta_234,mixed,fixed,10%,crowding-pruned,repair+feasible-first,5,mixed,paper,0.1,20,0.0769230769230769,5,0,0,rank,1,13.1,13
train,syn_n500_k05_low_corr_skewed_extreme_events_r02_s20260771,25,theta_237,0.9218832961738718,0.099211926340111,0.2513888888888889,0.0842390581009167,0.7657179521412675,4.335757993333333,15.0,13.0,8.0,17.0,15.0,13.6,15,theta_237,mixed,adaptive,1%,crowding-pruned,repair+feasible-first,5,mixed,stable,0.01,20,0.0769230769230769,5,0,0,rank,1,13.1,14
train,syn_n500_k05_low_corr_skewed_extreme_events_r02_s20260771,25,theta_144,0.92414409610216,0.0998936790763506,0.3305555555555555,0.0945676703632504,0.7277968781266171,7.942937506666666,12.5,15.5,2.5,23.5,17.0,14.2,16,theta_144,mixed,none,10%,crowding-pruned,repair+feasible-first,3,mixed,none,0.1,20,0.0769230769230769,5,0,0,rank,1,13.399999999999999,15
train,syn_n500_k05_low_corr_skewed_extreme_events_r02_s20260771,25,theta_159,0.92414409610216,0.0998936790763506,0.3305555555555555,0.0945676703632504,0.7277968781266171,3.981731833333334,12.5,15.5,2.5,23.5,7.0,12.2,13,theta_159,mixed,adaptive,5%,crowding-pruned,repair+feasible-first,3,mixed,stable,0.05,20,0.0769230769230769,5,0,0,rank,1,13.399999999999999,16
train,syn_n500_k05_low_corr_skewed_extreme_events_r02_s20260771,25,theta_034,0.8860925473366797,0.1152732601976271,0.1463888888888889,0.071866324175835,0.7191385212904323,8.894151293333334,22.5,22.5,21.5,3.5,22.0,18.4,23,theta_034,DE/best,none,10%,crowding-pruned,repair+feasible-first,2,best2,none,0.1,5,0.0769230769230769,5,0,0,rank,1,16.5,17
train,syn_n500_k05_low_corr_skewed_extreme_events_r02_s20260771,25,theta_037,0.8860925473366797,0.1152732601976271,0.1463888888888889,0.071866324175835,0.7191385212904323,8.94718748,22.5,22.5,21.5,3.5,23.0,18.6,24,theta_037,DE/best,fixed,1%,crowding-pruned,repair+feasible-first,2,best2,paper,0.01,5,0.0769230769230769,5,0,0,rank,1,16.5,18
train,syn_n500_k05_low_corr_skewed_extreme_events_r02_s20260771,25,theta_045,0.8860925473366797,0.1152732601976271,0.1463888888888889,0.071866324175835,0.7191385212904323,8.628769256666665,22.5,22.5,21.5,3.5,18.0,17.6,20,theta_045,DE/best,fixed,10%,crowding-pruned,repair+feasible-first,2,best2,paper,0.1,20,0.0769230769230769,5,0,0,rank,1,16.5,19
train,syn_n500_k05_low_corr_skewed_extreme_events_r02_s20260771,25,theta_047,0.8860925473366797,0.1152732601976271,0.1463888888888889,0.071866324175835,0.7191385212904323,8.639319083333334,22.5,22.5,21.5,3.5,19.0,17.8,21,theta_047,DE/best,adaptive,1%,crowding-pruned,repair+feasible-first,2,best2,stable,0.01,10,0.0769230769230769,5,0,0,rank,1,16.5,20
train,syn_n500_k05_low_corr_skewed_extreme_events_r02_s20260771,25,theta_118,0.9184737388459238,0.1004648291426766,0.1686111111111111,0.0867352433965253,0.8016027164529935,3.008776756666667,18.0,18.0,18.0,21.0,2.0,15.4,18,theta_118,DE/best,fixed,1%,crowding-pruned,repair+feasible-first,3,best2,paper,0.01,5,0.0769230769230769,5,0,0,rank,1,18.9,21
train,syn_n500_k05_low_corr_skewed_extreme_events_r02_s20260771,25,theta_131,0.9184737388459238,0.1004648291426766,0.1686111111111111,0.0867352433965253,0.8016027164529935,2.996811763333333,18.0,18.0,18.0,21.0,1.0,15.2,17,theta_131,DE/best,adaptive,5%,crowding-pruned,repair+feasible-first,3,best2,stable,0.05,10,0.0769230769230769,5,0,0,rank,1,18.9,22
train,syn_n500_k05_low_corr_skewed_extreme_events_r02_s20260771,25,theta_132,0.9184737388459238,0.1004648291426766,0.1686111111111111,0.0867352433965253,0.8016027164529935,3.94261498,18.0,18.0,18.0,21.0,4.0,15.8,19,theta_132,DE/best,adaptive,5%,crowding-pruned,repair+feasible-first,3,best2,stable,0.05,20,0.0769230769230769,5,0,0,rank,1,18.9,23
train,syn_n500_k05_low_corr_skewed_extreme_events_r02_s20260771,25,theta_200,0.9074136696878308,0.1061922490979704,0.1102777777777777,0.0852063909065597,0.8229979900137653,3.9791722366666655,20.0,20.0,24.0,19.0,6.0,17.8,22,theta_200,DE/best,fixed,1%,crowding-pruned,repair+feasible-first,5,best2,paper,0.01,10,0.0769230769230769,5,0,0,rank,1,20.9,24
train,syn_n500_k05_pathological_cov_skewed_high_vol_r03_s20260772,25,theta_011,1.1213575403600942,0.0445181273291686,0.3425000000000001,0.0434097561623114,0.2583693379821249,5.332181073333333,10.0,3.0,4.0,1.0,16.0,6.8,3,theta_011,DE/rand,fixed,1%,crowding-pruned,repair+feasible-first,2,rand2,paper,0.01,10,0.0769230769230769,5,0,0,rank,1,4.1,1
train,syn_n500_k05_pathological_cov_skewed_high_vol_r03_s20260772,25,theta_144,1.1344788165562725,0.0422937612108507,0.3247222222222222,0.0511884306185739,0.354830470860562,2.9843949333333337,4.5,1.5,5.5,6.5,3.0,4.2,1,theta_144,mixed,none,10%,crowding-pruned,repair+feasible-first,3,mixed,none,0.1,20,0.0769230769230769,5,0,0,rank,1,4.8,2
train,syn_n500_k05_pathological_cov_skewed_high_vol_r03_s20260772,25,theta_159,1.1344788165562725,0.0422937612108507,0.3247222222222222,0.0511884306185739,0.354830470860562,3.91816226,4.5,1.5,5.5,6.5,11.0,5.8,2,theta_159,mixed,adaptive,5%,crowding-pruned,repair+feasible-first,3,mixed,stable,0.05,20,0.0769230769230769,5,0,0,rank,1,4.8,3
train,syn_n500_k05_pathological_cov_skewed_high_vol_r03_s20260772,25,theta_067,1.1346411889746686,0.0461008019068194,0.3791666666666666,0.055169925996155,0.3556200286659541,4.15793073,2.0,5.0,2.0,12.0,15.0,7.2,5,theta_067,mixed,fixed,5%,crowding-pruned,repair+feasible-first,2,mixed,paper,0.05,5,0.0769230769230769,5,0,0,rank,1,5.6,4
train,syn_n500_k05_pathological_cov_skewed_high_vol_r03_s20260772,25,theta_076,1.1346411889746686,0.0461008019068194,0.3791666666666666,0.055169925996155,0.3556200286659541,4.006477126666666,2.0,5.0,2.0,12.0,13.0,6.8,4,theta_076,mixed,adaptive,5%,crowding-pruned,repair+feasible-first,2,mixed,stable,0.05,5,0.0769230769230769,5,0,0,rank,1,5.6,5
train,syn_n500_k05_pathological_cov_skewed_high_vol_r03_s20260772,25,theta_078,1.1346411889746686,0.0461008019068194,0.3791666666666666,0.055169925996155,0.3556200286659541,9.339482756666667,2.0,5.0,2.0,12.0,24.0,9.0,6,theta_078,mixed,adaptive,5%,crowding-pruned,repair+feasible-first,2,mixed,stable,0.05,20,0.0769230769230769,5,0,0,rank,1,5.6,6
train,syn_n500_k05_pathological_cov_skewed_high_vol_r03_s20260772,25,theta_223,1.1302773531284809,0.0465691378050414,0.3216666666666666,0.0591516942515781,0.3761968464156771,3.9569722033333337,7.0,8.0,8.0,15.0,12.0,10.0,8,theta_223,mixed,none,10%,crowding-pruned,repair+feasible-first,5,mixed,none,0.1,5,0.0769230769230769,5,0,0,rank,1,9.9,7
train,syn_n500_k05_pathological_cov_skewed_high_vol_r03_s20260772,25,theta_234,1.1302773531284809,0.0465691378050414,0.3216666666666666,0.0591516942515781,0.3761968464156771,3.9101499400000006,7.0,8.0,8.0,15.0,8.0,9.2,7,theta_234,mixed,fixed,10%,crowding-pruned,repair+feasible-first,5,mixed,paper,0.1,20,0.0769230769230769,5,0,0,rank,1,9.9,8
train,syn_n500_k05_pathological_cov_skewed_high_vol_r03_s20260772,25,theta_237,1.1302773531284809,0.0465691378050414,0.3216666666666666,0.0591516942515781,0.3761968464156771,4.020440730000001,7.0,8.0,8.0,15.0,14.0,10.4,9,theta_237,mixed,adaptive,1%,crowding-pruned,repair+feasible-first,5,mixed,stable,0.01,20,0.0769230769230769,5,0,0,rank,1,9.9,9
train,syn_n500_k05_pathological_cov_skewed_high_vol_r03_s20260772,25,theta_084,1.1195966064447107,0.0488450918317707,0.2083333333333333,0.0530960115781496,0.3449379669473553,8.572630896666668,12.0,11.0,19.0,9.0,21.0,14.4,16,theta_084,DE/rand,none,1%,crowding-pruned,repair+feasible-first,3,rand2,none,0.01,20,0.0769230769230769,5,0,0,rank,1,13.0,10
train,syn_n500_k05_pathological_cov_skewed_high_vol_r03_s20260772,25,theta_086,1.1195966064447107,0.0488450918317707,0.2083333333333333,0.0530960115781496,0.3449379669473553,8.612672320000001,12.0,11.0,19.0,9.0,22.0,14.6,18,theta_086,DE/rand,none,5%,crowding-pruned,repair+feasible-first,3,rand2,none,0.05,10,0.0769230769230769,5,0,0,rank,1,13.0,11
train,syn_n500_k05_pathological_cov_skewed_high_vol_r03_s20260772,25,theta_089,1.1195966064447107,0.0488450918317707,0.2083333333333333,0.0530960115781496,0.3449379669473553,3.085674553333333,12.0,11.0,19.0,9.0,4.0,11.0,10,theta_089,DE/rand,none,10%,crowding-pruned,repair+feasible-first,3,rand2,none,0.1,10,0.0769230769230769,5,0,0,rank,1,13.0,12
train,syn_n500_k05_pathological_cov_skewed_high_vol_r03_s20260772,25,theta_164,1.1114557668659542,0.050522702769593,0.1641666666666666,0.0452899417659509,0.2794127773042733,3.7324442066666665,22.5,14.5,22.5,3.5,5.0,13.6,12,theta_164,DE/rand,none,1%,crowding-pruned,repair+feasible-first,5,rand2,none,0.01,10,0.0769230769230769,5,0,0,rank,1,15.200000000000001,13
train,syn_n500_k05_pathological_cov_skewed_high_vol_r03_s20260772,25,theta_170,1.1114557668659542,0.050522702769593,0.1641666666666666,0.0452899417659509,0.2794127773042733,3.91192394,22.5,14.5,22.5,3.5,9.0,14.4,17,theta_170,DE/rand,none,10%,crowding-pruned,repair+feasible-first,5,rand2,none,0.1,10,0.0769230769230769,5,0,0,rank,1,15.200000000000001,14
train,syn_n500_k05_pathological_cov_skewed_high_vol_r03_s20260772,25,theta_175,1.1114557668659542,0.050522702769593,0.1641666666666666,0.0452899417659509,0.2794127773042733,3.839907006666667,22.5,14.5,22.5,3.5,7.0,14.0,15,theta_175,DE/rand,fixed,5%,crowding-pruned,repair+feasible-first,5,rand2,paper,0.05,5,0.0769230769230769,5,0,0,rank,1,15.200000000000001,15
train,syn_n500_k05_pathological_cov_skewed_high_vol_r03_s20260772,25,theta_189,1.1114557668659542,0.050522702769593,0.1641666666666666,0.0452899417659509,0.2794127773042733,3.917492603333333,22.5,14.5,22.5,3.5,10.0,14.6,19,theta_189,DE/rand,adaptive,10%,crowding-pruned,repair+feasible-first,5,rand2,stable,0.1,20,0.0769230769230769,5,0,0,rank,1,15.200000000000001,16
train,syn_n500_k05_pathological_cov_skewed_high_vol_r03_s20260772,25,theta_200,1.124760791815667,0.0567885092299487,0.2630555555555556,0.0683433539023487,0.4124328360291981,3.7768004066666654,9.0,17.0,17.0,17.0,6.0,13.2,11,theta_200,DE/best,fixed,1%,crowding-pruned,repair+feasible-first,5,best2,paper,0.01,10,0.0769230769230769,5,0,0,rank,1,15.4,17
train,syn_n500_k05_pathological_cov_skewed_high_vol_r03_s20260772,25,theta_118,1.1130758307963684,0.0581146863646692,0.2763888888888889,0.0694427590058627,0.3950173170346234,2.83596812,15.0,19.0,15.0,19.0,2.0,14.0,14,theta_118,DE/best,fixed,1%,crowding-pruned,repair+feasible-first,3,best2,paper,0.01,5,0.0769230769230769,5,0,0,rank,1,17.0,18
train,syn_n500_k05_pathological_cov_skewed_high_vol_r03_s20260772,25,theta_131,1.1130758307963684,0.0581146863646692,0.2763888888888889,0.0694427590058627,0.3950173170346234,2.3633466933333334,15.0,19.0,15.0,19.0,1.0,13.8,13,theta_131,DE/best,adaptive,5%,crowding-pruned,repair+feasible-first,3,best2,stable,0.05,10,0.0769230769230769,5,0,0,rank,1,17.0,19
train,syn_n500_k05_pathological_cov_skewed_high_vol_r03_s20260772,25,theta_132,1.1130758307963684,0.0581146863646692,0.2763888888888889,0.0694427590058627,0.3950173170346234,8.095767273333333,15.0,19.0,15.0,19.0,17.0,17.0,20,theta_132,DE/best,adaptive,5%,crowding-pruned,repair+feasible-first,3,best2,stable,0.05,20,0.0769230769230769,5,0,0,rank,1,17.0,20
train,syn_n500_k05_pathological_cov_skewed_high_vol_r03_s20260772,25,theta_034,1.1118810900342462,0.0604323704766319,0.2780555555555556,0.1058105923309352,0.4254833619573593,8.36879501,18.5,22.5,11.5,22.5,20.0,19.0,23,theta_034,DE/best,none,10%,crowding-pruned,repair+feasible-first,2,best2,none,0.1,5,0.0769230769230769,5,0,0,rank,1,18.4,21
train,syn_n500_k05_pathological_cov_skewed_high_vol_r03_s20260772,25,theta_037,1.1118810900342462,0.0604323704766319,0.2780555555555556,0.1058105923309352,0.4254833619573593,8.33278555,18.5,22.5,11.5,22.5,19.0,18.8,22,theta_037,DE/best,fixed,1%,crowding-pruned,repair+feasible-first,2,best2,paper,0.01,5,0.0769230769230769,5,0,0,rank,1,18.4,22
train,syn_n500_k05_pathological_cov_skewed_high_vol_r03_s20260772,25,theta_045,1.1118810900342462,0.0604323704766319,0.2780555555555556,0.1058105923309352,0.4254833619573593,8.90928557,18.5,22.5,11.5,22.5,23.0,19.6,24,theta_045,DE/best,fixed,10%,crowding-pruned,repair+feasible-first,2,best2,paper,0.1,20,0.0769230769230769,5,0,0,rank,1,18.4,23
train,syn_n500_k05_pathological_cov_skewed_high_vol_r03_s20260772,25,theta_047,1.1118810900342462,0.0604323704766319,0.2780555555555556,0.1058105923309352,0.4254833619573593,8.298256270000001,18.5,22.5,11.5,22.5,18.0,18.6,21,theta_047,DE/best,adaptive,1%,crowding-pruned,repair+feasible-first,2,best2,stable,0.01,10,0.0769230769230769,5,0,0,rank,1,18.4,24
train,syn_n500_k10_cluster_corr_heavy_tail_low_vol_r02_s20260783,50,theta_084,0.9597944393927718,0.0501706868645577,0.5286231884057971,0.0424136412763097,0.6482747916209883,8.460458123333334,6.0,6.0,2.0,2.0,18.0,6.8,7,theta_084,DE/rand,none,1%,crowding-pruned,repair+feasible-first,3,rand2,none,0.01,20,0.0769230769230769,5,0,0,rank,1,3.6000000000000005,1
train,syn_n500_k10_cluster_corr_heavy_tail_low_vol_r02_s20260783,50,theta_086,0.9597944393927718,0.0501706868645577,0.5286231884057971,0.0424136412763097,0.6482747916209883,8.40086847,6.0,6.0,2.0,2.0,17.0,6.6,6,theta_086,DE/rand,none,5%,crowding-pruned,repair+feasible-first,3,rand2,none,0.05,10,0.0769230769230769,5,0,0,rank,1,3.6000000000000005,2
train,syn_n500_k10_cluster_corr_heavy_tail_low_vol_r02_s20260783,50,theta_089,0.9597944393927718,0.0501706868645577,0.5286231884057971,0.0424136412763097,0.6482747916209883,3.223793563333333,6.0,6.0,2.0,2.0,3.0,3.8,1,theta_089,DE/rand,none,10%,crowding-pruned,repair+feasible-first,3,rand2,none,0.1,10,0.0769230769230769,5,0,0,rank,1,3.6000000000000005,3
train,syn_n500_k10_cluster_corr_heavy_tail_low_vol_r02_s20260783,50,theta_164,0.9681717769160691,0.0501468706780204,0.4902173913043478,0.0454806825569643,0.7075948654349229,4.037693576666666,2.5,2.5,6.5,5.5,9.0,5.2,3,theta_164,DE/rand,none,1%,crowding-pruned,repair+feasible-first,5,rand2,none,0.01,10,0.0769230769230769,5,0,0,rank,1,4.6,4
train,syn_n500_k10_cluster_corr_heavy_tail_low_vol_r02_s20260783,50,theta_170,0.9681717769160691,0.0501468706780204,0.4902173913043478,0.0454806825569643,0.7075948654349229,4.106819516666667,2.5,2.5,6.5,5.5,12.0,5.8,5,theta_170,DE/rand,none,10%,crowding-pruned,repair+feasible-first,5,rand2,none,0.1,10,0.0769230769230769,5,0,0,rank,1,4.6,5
train,syn_n500_k10_cluster_corr_heavy_tail_low_vol_r02_s20260783,50,theta_175,0.9681717769160691,0.0501468706780204,0.4902173913043478,0.0454806825569643,0.7075948654349229,4.05231298,2.5,2.5,6.5,5.5,10.0,5.4,4,theta_175,DE/rand,fixed,5%,crowding-pruned,repair+feasible-first,5,rand2,paper,0.05,5,0.0769230769230769,5,0,0,rank,1,4.6,6
train,syn_n500_k10_cluster_corr_heavy_tail_low_vol_r02_s20260783,50,theta_189,0.9681717769160691,0.0501468706780204,0.4902173913043478,0.0454806825569643,0.7075948654349229,4.003270163333333,2.5,2.5,6.5,5.5,5.0,4.4,2,theta_189,DE/rand,adaptive,10%,crowding-pruned,repair+feasible-first,5,rand2,stable,0.1,20,0.0769230769230769,5,0,0,rank,1,4.6,7
train,syn_n500_k10_cluster_corr_heavy_tail_low_vol_r02_s20260783,50,theta_011,0.9105299226650112,0.0650083169662913,0.4963768115942029,0.0468470928829756,0.6110858662579264,5.281285120000001,21.0,10.0,4.0,8.0,16.0,11.8,10,theta_011,DE/rand,fixed,1%,crowding-pruned,repair+feasible-first,2,rand2,paper,0.01,10,0.0769230769230769,5,0,0,rank,1,9.8,8
train,syn_n500_k10_cluster_corr_heavy_tail_low_vol_r02_s20260783,50,theta_144,0.9466037239270586,0.0588318647056041,0.4402173913043478,0.0553208139652471,0.7341085740203318,3.557525503333333,8.5,8.5,9.5,12.5,4.0,8.6,8,theta_144,mixed,none,10%,crowding-pruned,repair+feasible-first,3,mixed,none,0.1,20,0.0769230769230769,5,0,0,rank,1,10.0,9
train,syn_n500_k10_cluster_corr_heavy_tail_low_vol_r02_s20260783,50,theta_159,0.9466037239270586,0.0588318647056041,0.4402173913043478,0.0553208139652471,0.7341085740203318,4.012537776666666,8.5,8.5,9.5,12.5,6.0,9.0,9,theta_159,mixed,adaptive,5%,crowding-pruned,repair+feasible-first,3,mixed,stable,0.05,20,0.0769230769230769,5,0,0,rank,1,10.0,10
train,syn_n500_k10_cluster_corr_heavy_tail_low_vol_r02_s20260783,50,theta_118,0.9367325195284252,0.0704888222160762,0.2873188405797101,0.0656567340773134,0.818299684236726,2.9963462499999998,12.0,15.0,18.0,16.0,1.0,12.4,11,theta_118,DE/best,fixed,1%,crowding-pruned,repair+feasible-first,3,best2,paper,0.01,5,0.0769230769230769,5,0,0,rank,1,15.600000000000001,11
train,syn_n500_k10_cluster_corr_heavy_tail_low_vol_r02_s20260783,50,theta_131,0.9367325195284252,0.0704888222160762,0.2873188405797101,0.0656567340773134,0.818299684236726,3.1862798799999994,12.0,15.0,18.0,16.0,2.0,12.6,12,theta_131,DE/best,adaptive,5%,crowding-pruned,repair+feasible-first,3,best2,stable,0.05,10,0.0769230769230769,5,0,0,rank,1,15.600000000000001,12
train,syn_n500_k10_cluster_corr_heavy_tail_low_vol_r02_s20260783,50,theta_132,0.9367325195284252,0.0704888222160762,0.2873188405797101,0.0656567340773134,0.818299684236726,8.509496223333333,12.0,15.0,18.0,16.0,19.0,16.0,18,theta_132,DE/best,adaptive,5%,crowding-pruned,repair+feasible-first,3,best2,stable,0.05,20,0.0769230769230769,5,0,0,rank,1,15.600000000000001,13
train,syn_n500_k10_cluster_corr_heavy_tail_low_vol_r02_s20260783,50,theta_223,0.9321282354507548,0.0676725931428626,0.3735507246376812,0.0753483791977153,0.8067873485742789,4.071627670000001,15.0,12.0,12.0,23.0,11.0,14.6,13,theta_223,mixed,none,10%,crowding-pruned,repair+feasible-first,5,mixed,none,0.1,5,0.0769230769230769,5,0,0,rank,1,15.899999999999999,14
train,syn_n500_k10_cluster_corr_heavy_tail_low_vol_r02_s20260783,50,theta_234,0.9321282354507548,0.0676725931428626,0.3735507246376812,0.0753483791977153,0.8067873485742789,4.155126863333333,15.0,12.0,12.0,23.0,14.0,15.2,15,theta_234,mixed,fixed,10%,crowding-pruned,repair+feasible-first,5,mixed,paper,0.1,20,0.0769230769230769,5,0,0,rank,1,15.899999999999999,15
train,syn_n500_k10_cluster_corr_heavy_tail_low_vol_r02_s20260783,50,theta_237,0.9321282354507548,0.0676725931428626,0.3735507246376812,0.0753483791977153,0.8067873485742789,4.12944685,15.0,12.0,12.0,23.0,13.0,15.0,14,theta_237,mixed,adaptive,1%,crowding-pruned,repair+feasible-first,5,mixed,stable,0.01,20,0.0769230769230769,5,0,0,rank,1,15.899999999999999,16
train,syn_n500_k10_cluster_corr_heavy_tail_low_vol_r02_s20260783,50,theta_067,0.8727673617700874,0.0795645994144105,0.3681159420289855,0.0517937058649128,0.5969448238076972,4.397847756666667,23.0,23.0,15.0,10.0,15.0,17.2,19,theta_067,mixed,fixed,5%,crowding-pruned,repair+feasible-first,2,mixed,paper,0.05,5,0.0769230769230769,5,0,0,rank,1,16.700000000000003,17
train,syn_n500_k10_cluster_corr_heavy_tail_low_vol_r02_s20260783,50,theta_076,0.8727673617700874,0.0795645994144105,0.3681159420289855,0.0517937058649128,0.5969448238076972,4.016162943333333,23.0,23.0,15.0,10.0,7.0,15.6,17,theta_076,mixed,adaptive,5%,crowding-pruned,repair+feasible-first,2,mixed,stable,0.05,5,0.0769230769230769,5,0,0,rank,1,16.700000000000003,18
train,syn_n500_k10_cluster_corr_heavy_tail_low_vol_r02_s20260783,50,theta_078,0.8727673617700874,0.0795645994144105,0.3681159420289855,0.0517937058649128,0.5969448238076972,9.41683002,23.0,23.0,15.0,10.0,24.0,19.0,20,theta_078,mixed,adaptive,5%,crowding-pruned,repair+feasible-first,2,mixed,stable,0.05,20,0.0769230769230769,5,0,0,rank,1,16.700000000000003,19
train,syn_n500_k10_cluster_corr_heavy_tail_low_vol_r02_s20260783,50,theta_200,0.9401296029370588,0.075094346865763,0.2572463768115942,0.0574710335455812,0.872174338836673,4.022786336666666,10.0,21.0,24.0,14.0,8.0,15.4,16,theta_200,DE/best,fixed,1%,crowding-pruned,repair+feasible-first,5,best2,paper,0.01,10,0.0769230769230769,5,0,0,rank,1,17.599999999999998,20
train,syn_n500_k10_cluster_corr_heavy_tail_low_vol_r02_s20260783,50,theta_034,0.9285974060712678,0.0745492000469165,0.2695652173913043,0.0727991965337736,0.7595333221854133,9.19478873,18.5,18.5,21.5,19.5,23.0,20.2,24,theta_034,DE/best,none,10%,crowding-pruned,repair+feasible-first,2,best2,none,0.1,5,0.0769230769230769,5,0,0,rank,1,19.700000000000003,21
train,syn_n500_k10_cluster_corr_heavy_tail_low_vol_r02_s20260783,50,theta_037,0.9285974060712678,0.0745492000469165,0.2695652173913043,0.0727991965337736,0.7595333221854133,8.86913196,18.5,18.5,21.5,19.5,22.0,20.0,23,theta_037,DE/best,fixed,1%,crowding-pruned,repair+feasible-first,2,best2,paper,0.01,5,0.0769230769230769,5,0,0,rank,1,19.700000000000003,22
train,syn_n500_k10_cluster_corr_heavy_tail_low_vol_r02_s20260783,50,theta_045,0.9285974060712678,0.0745492000469165,0.2695652173913043,0.0727991965337736,0.7595333221854133,8.580224806666667,18.5,18.5,21.5,19.5,21.0,19.8,22,theta_045,DE/best,fixed,10%,crowding-pruned,repair+feasible-first,2,best2,paper,0.1,20,0.0769230769230769,5,0,0,rank,1,19.700000000000003,23
train,syn_n500_k10_cluster_corr_heavy_tail_low_vol_r02_s20260783,50,theta_047,0.9285974060712678,0.0745492000469165,0.2695652173913043,0.0727991965337736,0.7595333221854133,8.532029063333333,18.5,18.5,21.5,19.5,20.0,19.6,21,theta_047,DE/best,adaptive,1%,crowding-pruned,repair+feasible-first,2,best2,stable,0.01,10,0.0769230769230769,5,0,0,rank,1,19.700000000000003,24
train,syn_n500_k10_cluster_corr_mixed_extreme_events_r03_s20260789,50,theta_084,0.8549685415274267,0.0860891896681276,0.4799999999999999,0.0707216415113603,0.8845845145811,9.541155676666667,2.0,2.0,3.0,7.0,24.0,7.6,7,theta_084,DE/rand,none,1%,crowding-pruned,repair+feasible-first,3,rand2,none,0.01,20,0.0769230769230769,5,0,0,rank,1,3.8,1
train,syn_n500_k10_cluster_corr_mixed_extreme_events_r03_s20260789,50,theta_086,0.8549685415274267,0.0860891896681276,0.4799999999999999,0.0707216415113603,0.8845845145811,9.280079026666668,2.0,2.0,3.0,7.0,21.0,7.0,6,theta_086,DE/rand,none,5%,crowding-pruned,repair+feasible-first,3,rand2,none,0.05,10,0.0769230769230769,5,0,0,rank,1,3.8,2
train,syn_n500_k10_cluster_corr_mixed_extreme_events_r03_s20260789,50,theta_089,0.8549685415274267,0.0860891896681276,0.4799999999999999,0.0707216415113603,0.8845845145811,3.409142253333333,2.0,2.0,3.0,7.0,3.0,3.4,1,theta_089,DE/rand,none,10%,crowding-pruned,repair+feasible-first,3,rand2,none,0.1,10,0.0769230769230769,5,0,0,rank,1,3.8,3
train,syn_n500_k10_cluster_corr_mixed_extreme_events_r03_s20260789,50,theta_164,0.85139695057923,0.0889684547722271,0.3974999999999999,0.0630663642941207,0.8760972429586417,4.082127376666667,5.5,10.5,6.5,2.5,4.0,5.8,2,theta_164,DE/rand,none,1%,crowding-pruned,repair+feasible-first,5,rand2,none,0.01,10,0.0769230769230769,5,0,0,rank,1,5.9,4
train,syn_n500_k10_cluster_corr_mixed_extreme_events_r03_s20260789,50,theta_170,0.85139695057923,0.0889684547722271,0.3974999999999999,0.0630663642941207,0.8760972429586417,4.130173770000001,5.5,10.5,6.5,2.5,5.0,6.0,3,theta_170,DE/rand,none,10%,crowding-pruned,repair+feasible-first,5,rand2,none,0.1,10,0.0769230769230769,5,0,0,rank,1,5.9,5
train,syn_n500_k10_cluster_corr_mixed_extreme_events_r03_s20260789,50,theta_175,0.85139695057923,0.0889684547722271,0.3974999999999999,0.0630663642941207,0.8760972429586417,4.16455526,5.5,10.5,6.5,2.5,7.0,6.4,4,theta_175,DE/rand,fixed,5%,crowding-pruned,repair+feasible-first,5,rand2,paper,0.05,5,0.0769230769230769,5,0,0,rank,1,5.9,6
train,syn_n500_k10_cluster_corr_mixed_extreme_events_r03_s20260789,50,theta_189,0.85139695057923,0.0889684547722271,0.3974999999999999,0.0630663642941207,0.8760972429586417,4.195544673333333,5.5,10.5,6.5,2.5,9.0,6.8,5,theta_189,DE/rand,adaptive,10%,crowding-pruned,repair+feasible-first,5,rand2,stable,0.1,20,0.0769230769230769,5,0,0,rank,1,5.9,7
train,syn_n500_k10_cluster_corr_mixed_extreme_events_r03_s20260789,50,theta_011,0.8415558551998805,0.1005324195063391,0.5000000000000001,0.0639302027456957,0.8230229261811108,6.046570529999999,11.0,16.0,1.0,5.0,16.0,9.8,11,theta_011,DE/rand,fixed,1%,crowding-pruned,repair+feasible-first,2,rand2,paper,0.01,10,0.0769230769230769,5,0,0,rank,1,7.2,8
train,syn_n500_k10_cluster_corr_mixed_extreme_events_r03_s20260789,50,theta_223,0.8465487202333932,0.0868514719205778,0.2133333333333333,0.089496853672024,0.9450302559774144,4.182888223333333,9.0,5.0,12.0,10.0,8.0,8.8,8,theta_223,mixed,none,10%,crowding-pruned,repair+feasible-first,5,mixed,none,0.1,5,0.0769230769230769,5,0,0,rank,1,9.399999999999999,9
train,syn_n500_k10_cluster_corr_mixed_extreme_events_r03_s20260789,50,theta_234,0.8465487202333932,0.0868514719205778,0.2133333333333333,0.089496853672024,0.9450302559774144,4.219196506666666,9.0,5.0,12.0,10.0,10.0,9.2,9,theta_234,mixed,fixed,10%,crowding-pruned,repair+feasible-first,5,mixed,paper,0.1,20,0.0769230769230769,5,0,0,rank,1,9.399999999999999,10
train,syn_n500_k10_cluster_corr_mixed_extreme_events_r03_s20260789,50,theta_237,0.8465487202333932,0.0868514719205778,0.2133333333333333,0.089496853672024,0.9450302559774144,4.361685296666667,9.0,5.0,12.0,10.0,12.0,9.6,10,theta_237,mixed,adaptive,1%,crowding-pruned,repair+feasible-first,5,mixed,stable,0.01,20,0.0769230769230769,5,0,0,rank,1,9.399999999999999,11
train,syn_n500_k10_cluster_corr_mixed_extreme_events_r03_s20260789,50,theta_144,0.8407178127462797,0.0877150892664297,0.2374999999999999,0.0954179449527181,0.9481908123295352,4.364667796666667,12.5,7.5,9.5,15.5,13.0,11.6,12,theta_144,mixed,none,10%,crowding-pruned,repair+feasible-first,3,mixed,none,0.1,20,0.0769230769230769,5,0,0,rank,1,11.5,12
train,syn_n500_k10_cluster_corr_mixed_extreme_events_r03_s20260789,50,theta_159,0.8407178127462797,0.0877150892664297,0.2374999999999999,0.0954179449527181,0.9481908123295352,4.450313996666667,12.5,7.5,9.5,15.5,14.0,11.8,13,theta_159,mixed,adaptive,5%,crowding-pruned,repair+feasible-first,3,mixed,stable,0.05,20,0.0769230769230769,5,0,0,rank,1,11.5,13
train,syn_n500_k10_cluster_corr_mixed_extreme_events_r03_s20260789,50,theta_067,0.8260003451768089,0.0998529954861769,0.18,0.0897849104132148,0.9025386020153924,4.527269026666668,15.0,14.0,15.0,13.0,15.0,14.4,15,theta_067,mixed,fixed,5%,crowding-pruned,repair+feasible-first,2,mixed,paper,0.05,5,0.0769230769230769,5,0,0,rank,1,14.200000000000001,14
train,syn_n500_k10_cluster_corr_mixed_extreme_events_r03_s20260789,50,theta_076,0.8260003451768089,0.0998529954861769,0.18,0.0897849104132148,0.9025386020153924,4.2912263,15.0,14.0,15.0,13.0,11.0,13.6,14,theta_076,mixed,adaptive,5%,crowding-pruned,repair+feasible-first,2,mixed,stable,0.05,5,0.0769230769230769,5,0,0,rank,1,14.200000000000001,15
train,syn_n500_k10_cluster_corr_mixed_extreme_events_r03_s20260789,50,theta_078,0.8260003451768089,0.0998529954861769,0.18,0.0897849104132148,0.9025386020153924,9.359328453333337,15.0,14.0,15.0,13.0,22.0,15.8,18,theta_078,mixed,adaptive,5%,crowding-pruned,repair+feasible-first,2,mixed,stable,0.05,20,0.0769230769230769,5,0,0,rank,1,14.200000000000001,16
train,syn_n500_k10_cluster_corr_mixed_extreme_events_r03_s20260789,50,theta_118,0.8007035513243508,0.1070044076781103,0.155,0.1358739284071909,0.9910628147894498,3.2139429966666664,18.0,18.0,18.0,22.0,2.0,15.6,17,theta_118,DE/best,fixed,1%,crowding-pruned,repair+feasible-first,3,best2,paper,0.01,5,0.0769230769230769,5,0,0,rank,1,19.2,17
train,syn_n500_k10_cluster_corr_mixed_extreme_events_r03_s20260789,50,theta_131,0.8007035513243508,0.1070044076781103,0.155,0.1358739284071909,0.9910628147894498,2.9535235700000007,18.0,18.0,18.0,22.0,1.0,15.4,16,theta_131,DE/best,adaptive,5%,crowding-pruned,repair+feasible-first,3,best2,stable,0.05,10,0.0769230769230769,5,0,0,rank,1,19.2,18
train,syn_n500_k10_cluster_corr_mixed_extreme_events_r03_s20260789,50,theta_132,0.8007035513243508,0.1070044076781103,0.155,0.1358739284071909,0.9910628147894498,8.685587309999997,18.0,18.0,18.0,22.0,17.0,18.6,19,theta_132,DE/best,adaptive,5%,crowding-pruned,repair+feasible-first,3,best2,stable,0.05,20,0.0769230769230769,5,0,0,rank,1,19.2,19
train,syn_n500_k10_cluster_corr_mixed_extreme_events_r03_s20260789,50,theta_034,0.7833242988696936,0.1195033550298637,0.1444444444444444,0.1167001670424956,0.9230947962077242,9.127121890000002,21.5,21.5,21.5,18.5,19.0,20.4,21,theta_034,DE/best,none,10%,crowding-pruned,repair+feasible-first,2,best2,none,0.1,5,0.0769230769230769,5,0,0,rank,1,20.6,20
train,syn_n500_k10_cluster_corr_mixed_extreme_events_r03_s20260789,50,theta_037,0.7833242988696936,0.1195033550298637,0.1444444444444444,0.1167001670424956,0.9230947962077242,9.275060956666666,21.5,21.5,21.5,18.5,20.0,20.6,23,theta_037,DE/best,fixed,1%,crowding-pruned,repair+feasible-first,2,best2,paper,0.01,5,0.0769230769230769,5,0,0,rank,1,20.6,21
train,syn_n500_k10_cluster_corr_mixed_extreme_events_r03_s20260789,50,theta_045,0.7833242988696936,0.1195033550298637,0.1444444444444444,0.1167001670424956,0.9230947962077242,9.509109529999998,21.5,21.5,21.5,18.5,23.0,21.2,24,theta_045,DE/best,fixed,10%,crowding-pruned,repair+feasible-first,2,best2,paper,0.1,20,0.0769230769230769,5,0,0,rank,1,20.6,22
train,syn_n500_k10_cluster_corr_mixed_extreme_events_r03_s20260789,50,theta_047,0.7833242988696936,0.1195033550298637,0.1444444444444444,0.1167001670424956,0.9230947962077242,9.043940963333334,21.5,21.5,21.5,18.5,18.0,20.2,20,theta_047,DE/best,adaptive,1%,crowding-pruned,repair+feasible-first,2,best2,stable,0.01,10,0.0769230769230769,5,0,0,rank,1,20.6,23
train,syn_n500_k10_cluster_corr_mixed_extreme_events_r03_s20260789,50,theta_200,0.7622760040719776,0.1322895685509148,0.1369444444444444,0.1569882334879518,0.9186966757393252,4.150708943333333,24.0,24.0,24.0,24.0,6.0,20.4,22,theta_200,DE/best,fixed,1%,crowding-pruned,repair+feasible-first,5,best2,paper,0.01,10,0.0769230769230769,5,0,0,rank,1,24.0,24
train,syn_n500_k10_cluster_corr_skewed_high_vol_r01_s20260788,50,theta_011,0.8853781683743678,0.0839386573797277,0.6225,0.0407703764235373,0.6066987771201867,5.17456922,9.0,9.0,4.0,1.0,16.0,7.8,6,theta_011,DE/rand,fixed,1%,crowding-pruned,repair+feasible-first,2,rand2,paper,0.01,10,0.0769230769230769,5,0,0,rank,1,5.1,1
train,syn_n500_k10_cluster_corr_skewed_high_vol_r01_s20260788,50,theta_164,0.8950872037511941,0.0781758466651805,0.5588888888888889,0.0440678912092033,0.6789518797429167,4.007938923333333,3.5,2.5,6.5,8.5,5.0,5.2,1,theta_164,DE/rand,none,1%,crowding-pruned,repair+feasible-first,5,rand2,none,0.01,10,0.0769230769230769,5,0,0,rank,1,5.7,2
train,syn_n500_k10_cluster_corr_skewed_high_vol_r01_s20260788,50,theta_170,0.8950872037511941,0.0781758466651805,0.5588888888888889,0.0440678912092033,0.6789518797429167,4.150810076666667,3.5,2.5,6.5,8.5,13.0,6.8,5,theta_170,DE/rand,none,10%,crowding-pruned,repair+feasible-first,5,rand2,none,0.1,10,0.0769230769230769,5,0,0,rank,1,5.7,3
train,syn_n500_k10_cluster_corr_skewed_high_vol_r01_s20260788,50,theta_175,0.8950872037511941,0.0781758466651805,0.5588888888888889,0.0440678912092033,0.6789518797429167,4.08855006,3.5,2.5,6.5,8.5,9.0,6.0,4,theta_175,DE/rand,fixed,5%,crowding-pruned,repair+feasible-first,5,rand2,paper,0.05,5,0.0769230769230769,5,0,0,rank,1,5.7,4
train,syn_n500_k10_cluster_corr_skewed_high_vol_r01_s20260788,50,theta_189,0.8950872037511941,0.0781758466651805,0.5588888888888889,0.0440678912092033,0.6789518797429167,4.034342376666667,3.5,2.5,6.5,8.5,7.0,5.6,2,theta_189,DE/rand,adaptive,10%,crowding-pruned,repair+feasible-first,5,rand2,stable,0.1,20,0.0769230769230769,5,0,0,rank,1,5.7,5
train,syn_n500_k10_cluster_corr_skewed_high_vol_r01_s20260788,50,theta_084,0.8910885627447684,0.0795598253462438,0.6319444444444445,0.0462475466234676,0.6533181156438285,8.836800270000001,7.0,6.0,2.0,12.0,20.0,9.4,7,theta_084,DE/rand,none,1%,crowding-pruned,repair+feasible-first,3,rand2,none,0.01,20,0.0769230769230769,5,0,0,rank,1,6.800000000000001,6
train,syn_n500_k10_cluster_corr_skewed_high_vol_r01_s20260788,50,theta_086,0.8910885627447684,0.0795598253462438,0.6319444444444445,0.0462475466234676,0.6533181156438285,8.926608103333335,7.0,6.0,2.0,12.0,21.0,9.6,8,theta_086,DE/rand,none,5%,crowding-pruned,repair+feasible-first,3,rand2,none,0.05,10,0.0769230769230769,5,0,0,rank,1,6.800000000000001,7
train,syn_n500_k10_cluster_corr_skewed_high_vol_r01_s20260788,50,theta_089,0.8910885627447684,0.0795598253462438,0.6319444444444445,0.0462475466234676,0.6533181156438285,3.284757096666667,7.0,6.0,2.0,12.0,3.0,6.0,3,theta_089,DE/rand,none,10%,crowding-pruned,repair+feasible-first,3,rand2,none,0.1,10,0.0769230769230769,5,0,0,rank,1,6.800000000000001,8
train,syn_n500_k10_cluster_corr_skewed_high_vol_r01_s20260788,50,theta_223,0.8652412446206937,0.087589975657664,0.4166666666666667,0.0423681326512673,0.6706740232992708,4.097360293333334,15.0,11.0,12.0,3.0,11.0,10.4,11,theta_223,mixed,none,10%,crowding-pruned,repair+feasible-first,5,mixed,none,0.1,5,0.0769230769230769,5,0,0,rank,1,9.700000000000001,9
train,syn_n500_k10_cluster_corr_skewed_high_vol_r01_s20260788,50,theta_234,0.8652412446206937,0.087589975657664,0.4166666666666667,0.0423681326512673,0.6706740232992708,4.044569926666667,15.0,11.0,12.0,3.0,8.0,9.8,9,theta_234,mixed,fixed,10%,crowding-pruned,repair+feasible-first,5,mixed,paper,0.1,20,0.0769230769230769,5,0,0,rank,1,9.700000000000001,10
train,syn_n500_k10_cluster_corr_skewed_high_vol_r01_s20260788,50,theta_237,0.8652412446206937,0.087589975657664,0.4166666666666667,0.0423681326512673,0.6706740232992708,4.08903361,15.0,11.0,12.0,3.0,10.0,10.2,10,theta_237,mixed,adaptive,1%,crowding-pruned,repair+feasible-first,5,mixed,stable,0.01,20,0.0769230769230769,5,0,0,rank,1,9.700000000000001,11
train,syn_n500_k10_cluster_corr_skewed_high_vol_r01_s20260788,50,theta_144,0.8513349896032808,0.0925573128831366,0.446388888888889,0.0427358596184065,0.6369885926482737,3.9980099566666665,20.5,17.5,9.5,5.5,4.0,11.4,12,theta_144,mixed,none,10%,crowding-pruned,repair+feasible-first,3,mixed,none,0.1,20,0.0769230769230769,5,0,0,rank,1,12.100000000000001,12
train,syn_n500_k10_cluster_corr_skewed_high_vol_r01_s20260788,50,theta_159,0.8513349896032808,0.0925573128831366,0.446388888888889,0.0427358596184065,0.6369885926482737,4.192471873333333,20.5,17.5,9.5,5.5,14.0,13.4,14,theta_159,mixed,adaptive,5%,crowding-pruned,repair+feasible-first,3,mixed,stable,0.05,20,0.0769230769230769,5,0,0,rank,1,12.100000000000001,13
train,syn_n500_k10_cluster_corr_skewed_high_vol_r01_s20260788,50,theta_200,0.9028385360577856,0.0818192157288886,0.2358333333333333,0.0628681020313938,0.8884709301078054,4.018571513333334,1.0,8.0,24.0,21.0,6.0,12.0,13,theta_200,DE/best,fixed,1%,crowding-pruned,repair+feasible-first,5,best2,paper,0.01,10,0.0769230769230769,5,0,0,rank,1,15.3,14
train,syn_n500_k10_cluster_corr_skewed_high_vol_r01_s20260788,50,theta_034,0.8759593460653146,0.0909643476451902,0.2711111111111111,0.0583503830938572,0.7448290160847635,9.125228313333333,11.5,14.5,21.5,18.5,23.0,17.8,20,theta_034,DE/best,none,10%,crowding-pruned,repair+feasible-first,2,best2,none,0.1,5,0.0769230769230769,5,0,0,rank,1,17.200000000000003,15
train,syn_n500_k10_cluster_corr_skewed_high_vol_r01_s20260788,50,theta_037,0.8759593460653146,0.0909643476451902,0.2711111111111111,0.0583503830938572,0.7448290160847635,9.322997530000002,11.5,14.5,21.5,18.5,24.0,18.0,21,theta_037,DE/best,fixed,1%,crowding-pruned,repair+feasible-first,2,best2,paper,0.01,5,0.0769230769230769,5,0,0,rank,1,17.200000000000003,16
train,syn_n500_k10_cluster_corr_skewed_high_vol_r01_s20260788,50,theta_045,0.8759593460653146,0.0909643476451902,0.2711111111111111,0.0583503830938572,0.7448290160847635,8.436853090000001,11.5,14.5,21.5,18.5,17.0,16.6,17,theta_045,DE/best,fixed,10%,crowding-pruned,repair+feasible-first,2,best2,paper,0.1,20,0.0769230769230769,5,0,0,rank,1,17.200000000000003,17
train,syn_n500_k10_cluster_corr_skewed_high_vol_r01_s20260788,50,theta_047,0.8759593460653146,0.0909643476451902,0.2711111111111111,0.0583503830938572,0.7448290160847635,8.836451556666667,11.5,14.5,21.5,18.5,19.0,17.0,18,theta_047,DE/best,adaptive,1%,crowding-pruned,repair+feasible-first,2,best2,stable,0.01,10,0.0769230769230769,5,0,0,rank,1,17.200000000000003,18
train,syn_n500_k10_cluster_corr_skewed_high_vol_r01_s20260788,50,theta_067,0.8397727342988284,0.0980436429120294,0.3797222222222223,0.0581485672322899,0.6422338752690241,4.3686431966666674,23.0,23.0,15.0,15.0,15.0,18.2,22,theta_067,mixed,fixed,5%,crowding-pruned,repair+feasible-first,2,mixed,paper,0.05,5,0.0769230769230769,5,0,0,rank,1,18.200000000000003,19
train,syn_n500_k10_cluster_corr_skewed_high_vol_r01_s20260788,50,theta_076,0.8397727342988284,0.0980436429120294,0.3797222222222223,0.0581485672322899,0.6422338752690241,4.117097583333334,23.0,23.0,15.0,15.0,12.0,17.6,19,theta_076,mixed,adaptive,5%,crowding-pruned,repair+feasible-first,2,mixed,stable,0.05,5,0.0769230769230769,5,0,0,rank,1,18.200000000000003,20
train,syn_n500_k10_cluster_corr_skewed_high_vol_r01_s20260788,50,theta_078,0.8397727342988284,0.0980436429120294,0.3797222222222223,0.0581485672322899,0.6422338752690241,8.797220866666667,23.0,23.0,15.0,15.0,18.0,18.8,23,theta_078,mixed,adaptive,5%,crowding-pruned,repair+feasible-first,2,mixed,stable,0.05,20,0.0769230769230769,5,0,0,rank,1,18.200000000000003,21
train,syn_n500_k10_cluster_corr_skewed_high_vol_r01_s20260788,50,theta_118,0.852177895575921,0.0972652236930548,0.2736111111111111,0.0700938758665651,0.7296014238876779,3.0618606933333337,18.0,20.0,18.0,23.0,2.0,16.2,16,theta_118,DE/best,fixed,1%,crowding-pruned,repair+feasible-first,3,best2,paper,0.01,5,0.0769230769230769,5,0,0,rank,1,19.9,22
train,syn_n500_k10_cluster_corr_skewed_high_vol_r01_s20260788,50,theta_131,0.852177895575921,0.0972652236930548,0.2736111111111111,0.0700938758665651,0.7296014238876779,2.48520114,18.0,20.0,18.0,23.0,1.0,16.0,15,theta_131,DE/best,adaptive,5%,crowding-pruned,repair+feasible-first,3,best2,stable,0.05,10,0.0769230769230769,5,0,0,rank,1,19.9,23
train,syn_n500_k10_cluster_corr_skewed_high_vol_r01_s20260788,50,theta_132,0.852177895575921,0.0972652236930548,0.2736111111111111,0.0700938758665651,0.7296014238876779,8.975844700000001,18.0,20.0,18.0,23.0,22.0,20.2,24,theta_132,DE/best,adaptive,5%,crowding-pruned,repair+feasible-first,3,best2,stable,0.05,20,0.0769230769230769,5,0,0,rank,1,19.9,24
train,syn_n500_k10_high_corr_heavy_tail_extreme_events_r01_s20260787,50,theta_118,0.9076668456458028,0.1377159270013042,0.2130555555555555,0.1579142508328833,0.7552452256887805,2.998210283333333,4.0,2.0,15.0,9.0,2.0,6.4,2,theta_118,DE/best,fixed,1%,crowding-pruned,repair+feasible-first,3,best2,paper,0.01,5,0.0769230769230769,5,0,0,rank,1,8.4,1
train,syn_n500_k10_high_corr_heavy_tail_extreme_events_r01_s20260787,50,theta_131,0.9076668456458028,0.1377159270013042,0.2130555555555555,0.1579142508328833,0.7552452256887805,2.898339966666668,4.0,2.0,15.0,9.0,1.0,6.2,1,theta_131,DE/best,adaptive,5%,crowding-pruned,repair+feasible-first,3,best2,stable,0.05,10,0.0769230769230769,5,0,0,rank,1,8.4,2
train,syn_n500_k10_high_corr_heavy_tail_extreme_events_r01_s20260787,50,theta_132,0.9076668456458028,0.1377159270013042,0.2130555555555555,0.1579142508328833,0.7552452256887805,9.001407030000001,4.0,2.0,15.0,9.0,23.0,10.6,10,theta_132,DE/best,adaptive,5%,crowding-pruned,repair+feasible-first,3,best2,stable,0.05,20,0.0769230769230769,5,0,0,rank,1,8.4,3
train,syn_n500_k10_high_corr_heavy_tail_extreme_events_r01_s20260787,50,theta_144,0.9139463083577226,0.1432826903277197,0.32,0.1898570519605228,0.7121171025922034,4.13988121,1.5,4.5,1.5,22.5,14.0,8.8,4,theta_144,mixed,none,10%,crowding-pruned,repair+feasible-first,3,mixed,none,0.1,20,0.0769230769230769,5,0,0,rank,1,8.4,4
train,syn_n500_k10_high_corr_heavy_tail_extreme_events_r01_s20260787,50,theta_159,0.9139463083577226,0.1432826903277197,0.32,0.1898570519605228,0.7121171025922034,3.990443933333333,1.5,4.5,1.5,22.5,4.0,6.8,3,theta_159,mixed,adaptive,5%,crowding-pruned,repair+feasible-first,3,mixed,stable,0.05,20,0.0769230769230769,5,0,0,rank,1,8.4,5
train,syn_n500_k10_high_corr_heavy_tail_extreme_events_r01_s20260787,50,theta_067,0.90447811177561,0.1554174622502531,0.3005555555555555,0.1704149949293254,0.6425525239898915,4.2795730700000005,8.0,12.0,4.0,13.0,15.0,10.4,8,theta_067,mixed,fixed,5%,crowding-pruned,repair+feasible-first,2,mixed,paper,0.05,5,0.0769230769230769,5,0,0,rank,1,9.1,6
train,syn_n500_k10_high_corr_heavy_tail_extreme_events_r01_s20260787,50,theta_076,0.90447811177561,0.1554174622502531,0.3005555555555555,0.1704149949293254,0.6425525239898915,4.138697196666667,8.0,12.0,4.0,13.0,13.0,10.0,6,theta_076,mixed,adaptive,5%,crowding-pruned,repair+feasible-first,2,mixed,stable,0.05,5,0.0769230769230769,5,0,0,rank,1,9.1,7
train,syn_n500_k10_high_corr_heavy_tail_extreme_events_r01_s20260787,50,theta_078,0.90447811177561,0.1554174622502531,0.3005555555555555,0.1704149949293254,0.6425525239898915,8.944660653333333,8.0,12.0,4.0,13.0,22.0,11.8,12,theta_078,mixed,adaptive,5%,crowding-pruned,repair+feasible-first,2,mixed,stable,0.05,20,0.0769230769230769,5,0,0,rank,1,9.1,8
train,syn_n500_k10_high_corr_heavy_tail_extreme_events_r01_s20260787,50,theta_164,0.897106760089393,0.157158889045751,0.2794444444444445,0.1494968267462516,0.5969312293509426,4.019469596666666,11.5,15.5,10.5,5.5,7.0,10.0,7,theta_164,DE/rand,none,1%,crowding-pruned,repair+feasible-first,5,rand2,none,0.01,10,0.0769230769230769,5,0,0,rank,1,10.200000000000001,9
train,syn_n500_k10_high_corr_heavy_tail_extreme_events_r01_s20260787,50,theta_170,0.897106760089393,0.157158889045751,0.2794444444444445,0.1494968267462516,0.5969312293509426,4.029218886666667,11.5,15.5,10.5,5.5,9.0,10.4,9,theta_170,DE/rand,none,10%,crowding-pruned,repair+feasible-first,5,rand2,none,0.1,10,0.0769230769230769,5,0,0,rank,1,10.200000000000001,10
train,syn_n500_k10_high_corr_heavy_tail_extreme_events_r01_s20260787,50,theta_175,0.897106760089393,0.157158889045751,0.2794444444444445,0.1494968267462516,0.5969312293509426,4.031234373333335,11.5,15.5,10.5,5.5,10.0,10.6,11,theta_175,DE/rand,fixed,5%,crowding-pruned,repair+feasible-first,5,rand2,paper,0.05,5,0.0769230769230769,5,0,0,rank,1,10.200000000000001,11
train,syn_n500_k10_high_corr_heavy_tail_extreme_events_r01_s20260787,50,theta_189,0.897106760089393,0.157158889045751,0.2794444444444445,0.1494968267462516,0.5969312293509426,4.002259053333334,11.5,15.5,10.5,5.5,5.0,9.6,5,theta_189,DE/rand,adaptive,10%,crowding-pruned,repair+feasible-first,5,rand2,stable,0.1,20,0.0769230769230769,5,0,0,rank,1,10.200000000000001,12
train,syn_n500_k10_high_corr_heavy_tail_extreme_events_r01_s20260787,50,theta_200,0.906892766725564,0.1503481270394031,0.2736111111111111,0.2014361452088386,0.7212268290031617,4.02578992,6.0,10.0,13.0,24.0,8.0,12.2,13,theta_200,DE/best,fixed,1%,crowding-pruned,repair+feasible-first,5,best2,paper,0.01,10,0.0769230769230769,5,0,0,rank,1,14.299999999999999,13
train,syn_n500_k10_high_corr_heavy_tail_extreme_events_r01_s20260787,50,theta_084,0.8783683682794129,0.1810307135618035,0.1597222222222222,0.1462788867890434,0.5450500277646413,9.169261513333336,23.0,23.0,19.0,2.0,24.0,18.2,24,theta_084,DE/rand,none,1%,crowding-pruned,repair+feasible-first,3,rand2,none,0.01,20,0.0769230769230769,5,0,0,rank,1,15.500000000000002,14
train,syn_n500_k10_high_corr_heavy_tail_extreme_events_r01_s20260787,50,theta_086,0.8783683682794129,0.1810307135618035,0.1597222222222222,0.1462788867890434,0.5450500277646413,8.566561933333332,23.0,23.0,19.0,2.0,18.0,17.0,23,theta_086,DE/rand,none,5%,crowding-pruned,repair+feasible-first,3,rand2,none,0.05,10,0.0769230769230769,5,0,0,rank,1,15.500000000000002,15
train,syn_n500_k10_high_corr_heavy_tail_extreme_events_r01_s20260787,50,theta_089,0.8783683682794129,0.1810307135618035,0.1597222222222222,0.1462788867890434,0.5450500277646413,3.3043648200000004,23.0,23.0,19.0,2.0,3.0,14.0,14,theta_089,DE/rand,none,10%,crowding-pruned,repair+feasible-first,3,rand2,none,0.1,10,0.0769230769230769,5,0,0,rank,1,15.500000000000002,16
train,syn_n500_k10_high_corr_heavy_tail_extreme_events_r01_s20260787,50,theta_223,0.8915482054927828,0.1757647881235786,0.2894444444444444,0.1776125371922376,0.5987378126531735,4.073077813333333,19.0,20.0,7.0,20.0,12.0,15.6,17,theta_223,mixed,none,10%,crowding-pruned,repair+feasible-first,5,mixed,none,0.1,5,0.0769230769230769,5,0,0,rank,1,15.9,17
train,syn_n500_k10_high_corr_heavy_tail_extreme_events_r01_s20260787,50,theta_234,0.8915482054927828,0.1757647881235786,0.2894444444444444,0.1776125371922376,0.5987378126531735,4.060352320000001,19.0,20.0,7.0,20.0,11.0,15.4,16,theta_234,mixed,fixed,10%,crowding-pruned,repair+feasible-first,5,mixed,paper,0.1,20,0.0769230769230769,5,0,0,rank,1,15.9,18
train,syn_n500_k10_high_corr_heavy_tail_extreme_events_r01_s20260787,50,theta_237,0.8915482054927828,0.1757647881235786,0.2894444444444444,0.1776125371922376,0.5987378126531735,4.0034693,19.0,20.0,7.0,20.0,6.0,14.4,15,theta_237,mixed,adaptive,1%,crowding-pruned,repair+feasible-first,5,mixed,stable,0.01,20,0.0769230769230769,5,0,0,rank,1,15.9,19
train,syn_n500_k10_high_corr_heavy_tail_extreme_events_r01_s20260787,50,theta_011,0.8823639202548773,0.1739892246709996,0.2061111111111111,0.1587725164752159,0.5544120124092952,4.97977389,21.0,18.0,17.0,11.0,16.0,16.6,21,theta_011,DE/rand,fixed,1%,crowding-pruned,repair+feasible-first,2,rand2,paper,0.01,10,0.0769230769230769,5,0,0,rank,1,16.2,20
train,syn_n500_k10_high_corr_heavy_tail_extreme_events_r01_s20260787,50,theta_034,0.8955661418988428,0.1474145014628404,0.1455555555555555,0.1717284886670968,0.7880655560926356,8.86371259,15.5,7.5,22.5,16.5,21.0,16.6,22,theta_034,DE/best,none,10%,crowding-pruned,repair+feasible-first,2,best2,none,0.1,5,0.0769230769230769,5,0,0,rank,1,16.3,21
train,syn_n500_k10_high_corr_heavy_tail_extreme_events_r01_s20260787,50,theta_037,0.8955661418988428,0.1474145014628404,0.1455555555555555,0.1717284886670968,0.7880655560926356,8.659480563333334,15.5,7.5,22.5,16.5,19.0,16.2,19,theta_037,DE/best,fixed,1%,crowding-pruned,repair+feasible-first,2,best2,paper,0.01,5,0.0769230769230769,5,0,0,rank,1,16.3,22
train,syn_n500_k10_high_corr_heavy_tail_extreme_events_r01_s20260787,50,theta_045,0.8955661418988428,0.1474145014628404,0.1455555555555555,0.1717284886670968,0.7880655560926356,8.397211586666666,15.5,7.5,22.5,16.5,17.0,15.8,18,theta_045,DE/best,fixed,10%,crowding-pruned,repair+feasible-first,2,best2,paper,0.1,20,0.0769230769230769,5,0,0,rank,1,16.3,23
train,syn_n500_k10_high_corr_heavy_tail_extreme_events_r01_s20260787,50,theta_047,0.8955661418988428,0.1474145014628404,0.1455555555555555,0.1717284886670968,0.7880655560926356,8.67284413,15.5,7.5,22.5,16.5,20.0,16.4,20,theta_047,DE/best,adaptive,1%,crowding-pruned,repair+feasible-first,2,best2,stable,0.01,10,0.0769230769230769,5,0,0,rank,1,16.3,24
train,syn_n500_k10_high_corr_mixed_high_vol_r02_s20260786,50,theta_084,0.8519997073891618,0.0434814646251644,0.6494444444444446,0.0673786939736841,0.8818387245094511,9.971984836666667,2.0,2.0,2.0,3.0,24.0,6.6,4,theta_084,DE/rand,none,1%,crowding-pruned,repair+feasible-first,3,rand2,none,0.01,20,0.0769230769230769,5,0,0,rank,1,2.3,1
train,syn_n500_k10_high_corr_mixed_high_vol_r02_s20260786,50,theta_086,0.8519997073891618,0.0434814646251644,0.6494444444444446,0.0673786939736841,0.8818387245094511,9.32894514,2.0,2.0,2.0,3.0,20.0,5.8,3,theta_086,DE/rand,none,5%,crowding-pruned,repair+feasible-first,3,rand2,none,0.05,10,0.0769230769230769,5,0,0,rank,1,2.3,2
train,syn_n500_k10_high_corr_mixed_high_vol_r02_s20260786,50,theta_089,0.8519997073891618,0.0434814646251644,0.6494444444444446,0.0673786939736841,0.8818387245094511,3.53080154,2.0,2.0,2.0,3.0,2.0,2.2,1,theta_089,DE/rand,none,10%,crowding-pruned,repair+feasible-first,3,rand2,none,0.1,10,0.0769230769230769,5,0,0,rank,1,2.3,3
train,syn_n500_k10_high_corr_mixed_high_vol_r02_s20260786,50,theta_011,0.8474826474320885,0.0472929963451723,0.6269444444444443,0.0654744716697836,0.8680784790139153,5.816505810000001,4.0,4.0,4.0,1.0,16.0,5.8,2,theta_011,DE/rand,fixed,1%,crowding-pruned,repair+feasible-first,2,rand2,paper,0.01,10,0.0769230769230769,5,0,0,rank,1,3.0999999999999996,4
train,syn_n500_k10_high_corr_mixed_high_vol_r02_s20260786,50,theta_223,0.8182285510457669,0.0676172996085472,0.2761111111111111,0.0721866931832564,0.9433747631324138,4.29398997,8.0,6.0,15.0,6.0,12.0,9.4,7,theta_223,mixed,none,10%,crowding-pruned,repair+feasible-first,5,mixed,none,0.1,5,0.0769230769230769,5,0,0,rank,1,9.100000000000001,5
train,syn_n500_k10_high_corr_mixed_high_vol_r02_s20260786,50,theta_234,0.8182285510457669,0.0676172996085472,0.2761111111111111,0.0721866931832564,0.9433747631324138,4.276762876666666,8.0,6.0,15.0,6.0,9.0,8.8,6,theta_234,mixed,fixed,10%,crowding-pruned,repair+feasible-first,5,mixed,paper,0.1,20,0.0769230769230769,5,0,0,rank,1,9.100000000000001,6
train,syn_n500_k10_high_corr_mixed_high_vol_r02_s20260786,50,theta_237,0.8182285510457669,0.0676172996085472,0.2761111111111111,0.0721866931832564,0.9433747631324138,4.314054436666667,8.0,6.0,15.0,6.0,13.0,9.6,9,theta_237,mixed,adaptive,1%,crowding-pruned,repair+feasible-first,5,mixed,stable,0.01,20,0.0769230769230769,5,0,0,rank,1,9.100000000000001,7
train,syn_n500_k10_high_corr_mixed_high_vol_r02_s20260786,50,theta_144,0.8196983479231675,0.0683881032098313,0.3508333333333333,0.1016779071076458,0.8759553908886611,4.151788063333333,5.5,8.5,9.5,15.5,4.0,8.6,5,theta_144,mixed,none,10%,crowding-pruned,repair+feasible-first,3,mixed,none,0.1,20,0.0769230769230769,5,0,0,rank,1,10.3,8
train,syn_n500_k10_high_corr_mixed_high_vol_r02_s20260786,50,theta_159,0.8196983479231675,0.0683881032098313,0.3508333333333333,0.1016779071076458,0.8759553908886611,4.292743616666667,5.5,8.5,9.5,15.5,11.0,10.0,10,theta_159,mixed,adaptive,5%,crowding-pruned,repair+feasible-first,3,mixed,stable,0.05,20,0.0769230769230769,5,0,0,rank,1,10.3,9
train,syn_n500_k10_high_corr_mixed_high_vol_r02_s20260786,50,theta_164,0.8029873035715476,0.073838480365514,0.3847222222222222,0.0786988808029691,0.8589623021537991,4.22584855,14.5,14.5,6.5,9.5,6.0,10.2,12,theta_164,DE/rand,none,1%,crowding-pruned,repair+feasible-first,5,rand2,none,0.01,10,0.0769230769230769,5,0,0,rank,1,10.600000000000001,10
train,syn_n500_k10_high_corr_mixed_high_vol_r02_s20260786,50,theta_170,0.8029873035715476,0.073838480365514,0.3847222222222222,0.0786988808029691,0.8589623021537991,4.252737833333333,14.5,14.5,6.5,9.5,7.0,10.4,13,theta_170,DE/rand,none,10%,crowding-pruned,repair+feasible-first,5,rand2,none,0.1,10,0.0769230769230769,5,0,0,rank,1,10.600000000000001,11
train,syn_n500_k10_high_corr_mixed_high_vol_r02_s20260786,50,theta_175,0.8029873035715476,0.073838480365514,0.3847222222222222,0.0786988808029691,0.8589623021537991,4.19373335,14.5,14.5,6.5,9.5,5.0,10.0,11,theta_175,DE/rand,fixed,5%,crowding-pruned,repair+feasible-first,5,rand2,paper,0.05,5,0.0769230769230769,5,0,0,rank,1,10.600000000000001,12
train,syn_n500_k10_high_corr_mixed_high_vol_r02_s20260786,50,theta_189,0.8029873035715476,0.073838480365514,0.3847222222222222,0.0786988808029691,0.8589623021537991,4.146123916666667,14.5,14.5,6.5,9.5,3.0,9.6,8,theta_189,DE/rand,adaptive,10%,crowding-pruned,repair+feasible-first,5,rand2,stable,0.1,20,0.0769230769230769,5,0,0,rank,1,10.600000000000001,13
train,syn_n500_k10_high_corr_mixed_high_vol_r02_s20260786,50,theta_067,0.8104176696369004,0.0714433711342287,0.3191666666666667,0.092930910772805,0.8959984960466787,4.329075753333333,11.0,11.0,12.0,13.0,14.0,12.2,15,theta_067,mixed,fixed,5%,crowding-pruned,repair+feasible-first,2,mixed,paper,0.05,5,0.0769230769230769,5,0,0,rank,1,11.9,14
train,syn_n500_k10_high_corr_mixed_high_vol_r02_s20260786,50,theta_076,0.8104176696369004,0.0714433711342287,0.3191666666666667,0.092930910772805,0.8959984960466787,4.290544906666667,11.0,11.0,12.0,13.0,10.0,11.4,14,theta_076,mixed,adaptive,5%,crowding-pruned,repair+feasible-first,2,mixed,stable,0.05,5,0.0769230769230769,5,0,0,rank,1,11.9,15
train,syn_n500_k10_high_corr_mixed_high_vol_r02_s20260786,50,theta_078,0.8104176696369004,0.0714433711342287,0.3191666666666667,0.092930910772805,0.8959984960466787,8.895798213333332,11.0,11.0,12.0,13.0,18.0,13.0,16,theta_078,mixed,adaptive,5%,crowding-pruned,repair+feasible-first,2,mixed,stable,0.05,20,0.0769230769230769,5,0,0,rank,1,11.9,16
train,syn_n500_k10_high_corr_mixed_high_vol_r02_s20260786,50,theta_200,0.7728757064245532,0.099335163219443,0.2008333333333333,0.112380995333036,1.0061159990778212,4.2728366866666665,17.0,17.0,17.0,24.0,8.0,16.6,17,theta_200,DE/best,fixed,1%,crowding-pruned,repair+feasible-first,5,best2,paper,0.01,10,0.0769230769230769,5,0,0,rank,1,19.1,17
train,syn_n500_k10_high_corr_mixed_high_vol_r02_s20260786,50,theta_034,0.7596266451508262,0.1063061189179706,0.1636111111111111,0.1051276227425807,0.9324408757214008,9.202895153333332,22.5,22.5,19.5,18.5,19.0,20.4,21,theta_034,DE/best,none,10%,crowding-pruned,repair+feasible-first,2,best2,none,0.1,5,0.0769230769230769,5,0,0,rank,1,20.4,18
train,syn_n500_k10_high_corr_mixed_high_vol_r02_s20260786,50,theta_037,0.7596266451508262,0.1063061189179706,0.1636111111111111,0.1051276227425807,0.9324408757214008,9.461561096666664,22.5,22.5,19.5,18.5,21.0,20.8,22,theta_037,DE/best,fixed,1%,crowding-pruned,repair+feasible-first,2,best2,paper,0.01,5,0.0769230769230769,5,0,0,rank,1,20.4,19
train,syn_n500_k10_high_corr_mixed_high_vol_r02_s20260786,50,theta_045,0.7596266451508262,0.1063061189179706,0.1636111111111111,0.1051276227425807,0.9324408757214008,8.703206103333335,22.5,22.5,19.5,18.5,17.0,20.0,20,theta_045,DE/best,fixed,10%,crowding-pruned,repair+feasible-first,2,best2,paper,0.1,20,0.0769230769230769,5,0,0,rank,1,20.4,20
train,syn_n500_k10_high_corr_mixed_high_vol_r02_s20260786,50,theta_047,0.7596266451508262,0.1063061189179706,0.1636111111111111,0.1051276227425807,0.9324408757214008,9.54003956,22.5,22.5,19.5,18.5,22.0,21.0,23,theta_047,DE/best,adaptive,1%,crowding-pruned,repair+feasible-first,2,best2,stable,0.01,10,0.0769230769230769,5,0,0,rank,1,20.4,21
train,syn_n500_k10_high_corr_mixed_high_vol_r02_s20260786,50,theta_118,0.7685462952588367,0.1008632539140295,0.1527777777777778,0.108304271348462,0.9235222964844187,3.339808456666667,19.0,19.0,23.0,22.0,1.0,16.8,18,theta_118,DE/best,fixed,1%,crowding-pruned,repair+feasible-first,3,best2,paper,0.01,5,0.0769230769230769,5,0,0,rank,1,21.1,22
train,syn_n500_k10_high_corr_mixed_high_vol_r02_s20260786,50,theta_131,0.7685462952588367,0.1008632539140295,0.1527777777777778,0.108304271348462,0.9235222964844187,4.46219556,19.0,19.0,23.0,22.0,15.0,19.6,19,theta_131,DE/best,adaptive,5%,crowding-pruned,repair+feasible-first,3,best2,stable,0.05,10,0.0769230769230769,5,0,0,rank,1,21.1,23
train,syn_n500_k10_high_corr_mixed_high_vol_r02_s20260786,50,theta_132,0.7685462952588367,0.1008632539140295,0.1527777777777778,0.108304271348462,0.9235222964844187,9.576572663333335,19.0,19.0,23.0,22.0,23.0,21.2,24,theta_132,DE/best,adaptive,5%,crowding-pruned,repair+feasible-first,3,best2,stable,0.05,20,0.0769230769230769,5,0,0,rank,1,21.1,24
train,syn_n500_k10_high_corr_normal_low_vol_r03_s20260784,50,theta_084,0.938377093183532,0.041808874057528,0.3827777777777778,0.0582168886573627,0.8421911763354177,9.55242842,2.0,2.0,2.0,2.0,24.0,6.4,6,theta_084,DE/rand,none,1%,crowding-pruned,repair+feasible-first,3,rand2,none,0.01,20,0.0769230769230769,5,0,0,rank,1,2.0,1
train,syn_n500_k10_high_corr_normal_low_vol_r03_s20260784,50,theta_086,0.938377093183532,0.041808874057528,0.3827777777777778,0.0582168886573627,0.8421911763354177,8.746042926666666,2.0,2.0,2.0,2.0,17.0,5.0,2,theta_086,DE/rand,none,5%,crowding-pruned,repair+feasible-first,3,rand2,none,0.05,10,0.0769230769230769,5,0,0,rank,1,2.0,2
train,syn_n500_k10_high_corr_normal_low_vol_r03_s20260784,50,theta_089,0.938377093183532,0.041808874057528,0.3827777777777778,0.0582168886573627,0.8421911763354177,3.3749896500000007,2.0,2.0,2.0,2.0,2.0,2.0,1,theta_089,DE/rand,none,10%,crowding-pruned,repair+feasible-first,3,rand2,none,0.1,10,0.0769230769230769,5,0,0,rank,1,2.0,3
train,syn_n500_k10_high_corr_normal_low_vol_r03_s20260784,50,theta_164,0.9015126758779124,0.0586510041754667,0.2775,0.0753901244590641,0.819212926283273,3.95010629,5.5,5.5,6.5,5.5,3.0,5.2,3,theta_164,DE/rand,none,1%,crowding-pruned,repair+feasible-first,5,rand2,none,0.01,10,0.0769230769230769,5,0,0,rank,1,5.800000000000001,4
train,syn_n500_k10_high_corr_normal_low_vol_r03_s20260784,50,theta_170,0.9015126758779124,0.0586510041754667,0.2775,0.0753901244590641,0.819212926283273,4.02781785,5.5,5.5,6.5,5.5,5.0,5.6,5,theta_170,DE/rand,none,10%,crowding-pruned,repair+feasible-first,5,rand2,none,0.1,10,0.0769230769230769,5,0,0,rank,1,5.800000000000001,5
train,syn_n500_k10_high_corr_normal_low_vol_r03_s20260784,50,theta_175,0.9015126758779124,0.0586510041754667,0.2775,0.0753901244590641,0.819212926283273,4.105744763333333,5.5,5.5,6.5,5.5,9.0,6.4,7,theta_175,DE/rand,fixed,5%,crowding-pruned,repair+feasible-first,5,rand2,paper,0.05,5,0.0769230769230769,5,0,0,rank,1,5.800000000000001,6
train,syn_n500_k10_high_corr_normal_low_vol_r03_s20260784,50,theta_189,0.9015126758779124,0.0586510041754667,0.2775,0.0753901244590641,0.819212926283273,4.02582103,5.5,5.5,6.5,5.5,4.0,5.4,4,theta_189,DE/rand,adaptive,10%,crowding-pruned,repair+feasible-first,5,rand2,stable,0.1,20,0.0769230769230769,5,0,0,rank,1,5.800000000000001,7
train,syn_n500_k10_high_corr_normal_low_vol_r03_s20260784,50,theta_011,0.90020126450062,0.0632508118393384,0.3583333333333333,0.0793505005499528,0.7533586730603502,5.386014423333334,8.0,8.0,4.0,8.0,16.0,8.8,8,theta_011,DE/rand,fixed,1%,crowding-pruned,repair+feasible-first,2,rand2,paper,0.01,10,0.0769230769230769,5,0,0,rank,1,6.800000000000001,8
train,syn_n500_k10_high_corr_normal_low_vol_r03_s20260784,50,theta_223,0.863500787888083,0.0862581900559669,0.0630555555555555,0.0890056076499092,0.8563490609750791,4.1587716766666665,14.0,13.0,15.0,10.0,11.0,12.6,10,theta_223,mixed,none,10%,crowding-pruned,repair+feasible-first,5,mixed,none,0.1,5,0.0769230769230769,5,0,0,rank,1,12.9,9
train,syn_n500_k10_high_corr_normal_low_vol_r03_s20260784,50,theta_234,0.863500787888083,0.0862581900559669,0.0630555555555555,0.0890056076499092,0.8563490609750791,4.205497476666667,14.0,13.0,15.0,10.0,13.0,13.0,12,theta_234,mixed,fixed,10%,crowding-pruned,repair+feasible-first,5,mixed,paper,0.1,20,0.0769230769230769,5,0,0,rank,1,12.9,10
train,syn_n500_k10_high_corr_normal_low_vol_r03_s20260784,50,theta_237,0.863500787888083,0.0862581900559669,0.0630555555555555,0.0890056076499092,0.8563490609750791,4.09620653,14.0,13.0,15.0,10.0,8.0,12.0,9,theta_237,mixed,adaptive,1%,crowding-pruned,repair+feasible-first,5,mixed,stable,0.01,20,0.0769230769230769,5,0,0,rank,1,12.9,11
train,syn_n500_k10_high_corr_normal_low_vol_r03_s20260784,50,theta_067,0.8918104293797222,0.0710847301864884,0.1497222222222222,0.0965669978506263,0.8634539954622166,4.316341643333333,10.0,10.0,10.0,22.0,14.0,13.2,13,theta_067,mixed,fixed,5%,crowding-pruned,repair+feasible-first,2,mixed,paper,0.05,5,0.0769230769230769,5,0,0,rank,1,13.6,12
train,syn_n500_k10_high_corr_normal_low_vol_r03_s20260784,50,theta_076,0.8918104293797222,0.0710847301864884,0.1497222222222222,0.0965669978506263,0.8634539954622166,4.19145793,10.0,10.0,10.0,22.0,12.0,12.8,11,theta_076,mixed,adaptive,5%,crowding-pruned,repair+feasible-first,2,mixed,stable,0.05,5,0.0769230769230769,5,0,0,rank,1,13.6,13
train,syn_n500_k10_high_corr_normal_low_vol_r03_s20260784,50,theta_078,0.8918104293797222,0.0710847301864884,0.1497222222222222,0.0965669978506263,0.8634539954622166,9.24568943,10.0,10.0,10.0,22.0,21.0,14.6,15,theta_078,mixed,adaptive,5%,crowding-pruned,repair+feasible-first,2,mixed,stable,0.05,20,0.0769230769230769,5,0,0,rank,1,13.6,14
train,syn_n500_k10_high_corr_normal_low_vol_r03_s20260784,50,theta_144,0.8464704827494495,0.0954434435723821,0.0777777777777777,0.0951703634273633,0.765574003206594,4.0553156,19.5,19.5,12.5,19.5,6.0,15.4,17,theta_144,mixed,none,10%,crowding-pruned,repair+feasible-first,3,mixed,none,0.1,20,0.0769230769230769,5,0,0,rank,1,17.4,15
train,syn_n500_k10_high_corr_normal_low_vol_r03_s20260784,50,theta_159,0.8464704827494495,0.0954434435723821,0.0777777777777777,0.0951703634273633,0.765574003206594,4.122652013333333,19.5,19.5,12.5,19.5,10.0,16.2,18,theta_159,mixed,adaptive,5%,crowding-pruned,repair+feasible-first,3,mixed,stable,0.05,20,0.0769230769230769,5,0,0,rank,1,17.4,16
train,syn_n500_k10_high_corr_normal_low_vol_r03_s20260784,50,theta_118,0.8606792019414128,0.0941059766496393,0.0319444444444444,0.0937875575400166,0.8967573589647486,3.30703416,17.0,17.0,19.0,17.0,1.0,14.2,14,theta_118,DE/best,fixed,1%,crowding-pruned,repair+feasible-first,3,best2,paper,0.01,5,0.0769230769230769,5,0,0,rank,1,17.6,17
train,syn_n500_k10_high_corr_normal_low_vol_r03_s20260784,50,theta_131,0.8606792019414128,0.0941059766496393,0.0319444444444444,0.0937875575400166,0.8967573589647486,4.969717276666667,17.0,17.0,19.0,17.0,15.0,17.0,19,theta_131,DE/best,adaptive,5%,crowding-pruned,repair+feasible-first,3,best2,stable,0.05,10,0.0769230769230769,5,0,0,rank,1,17.6,18
train,syn_n500_k10_high_corr_normal_low_vol_r03_s20260784,50,theta_132,0.8606792019414128,0.0941059766496393,0.0319444444444444,0.0937875575400166,0.8967573589647486,9.265856446666666,17.0,17.0,19.0,17.0,22.0,18.4,20,theta_132,DE/best,adaptive,5%,crowding-pruned,repair+feasible-first,3,best2,stable,0.05,20,0.0769230769230769,5,0,0,rank,1,17.6,19
train,syn_n500_k10_high_corr_normal_low_vol_r03_s20260784,50,theta_200,0.8727412496840424,0.089426947912889,0.04,0.1015154993845922,0.9550301774662516,4.06250384,12.0,15.0,17.0,24.0,7.0,15.0,16,theta_200,DE/best,fixed,1%,crowding-pruned,repair+feasible-first,5,best2,paper,0.01,10,0.0769230769230769,5,0,0,rank,1,17.7,20
train,syn_n500_k10_high_corr_normal_low_vol_r03_s20260784,50,theta_034,0.8288868516492996,0.1086111828675857,0.0233333333333333,0.091502407467022,0.8479232714376658,9.200597086666669,22.5,22.5,22.5,13.5,20.0,20.2,23,theta_034,DE/best,none,10%,crowding-pruned,repair+feasible-first,2,best2,none,0.1,5,0.0769230769230769,5,0,0,rank,1,19.8,21
train,syn_n500_k10_high_corr_normal_low_vol_r03_s20260784,50,theta_037,0.8288868516492996,0.1086111828675857,0.0233333333333333,0.091502407467022,0.8479232714376658,9.082504316666668,22.5,22.5,22.5,13.5,19.0,20.0,22,theta_037,DE/best,fixed,1%,crowding-pruned,repair+feasible-first,2,best2,paper,0.01,5,0.0769230769230769,5,0,0,rank,1,19.8,22
train,syn_n500_k10_high_corr_normal_low_vol_r03_s20260784,50,theta_045,0.8288868516492996,0.1086111828675857,0.0233333333333333,0.091502407467022,0.8479232714376658,8.962741883333333,22.5,22.5,22.5,13.5,18.0,19.8,21,theta_045,DE/best,fixed,10%,crowding-pruned,repair+feasible-first,2,best2,paper,0.1,20,0.0769230769230769,5,0,0,rank,1,19.8,23
train,syn_n500_k10_high_corr_normal_low_vol_r03_s20260784,50,theta_047,0.8288868516492996,0.1086111828675857,0.0233333333333333,0.091502407467022,0.8479232714376658,9.354124553333332,22.5,22.5,22.5,13.5,23.0,20.8,24,theta_047,DE/best,adaptive,1%,crowding-pruned,repair+feasible-first,2,best2,stable,0.01,10,0.0769230769230769,5,0,0,rank,1,19.8,24
train,syn_n50_k30_high_corr_heavy_tail_extreme_events_r01_s20260663,15,theta_118,0.828805880492909,0.0062424531890906,0.9800000000000002,0.0120246232370746,1.3685910218222153,1.7807287733333337,7.0,7.0,8.0,2.0,1.0,5.0,1,theta_118,DE/best,fixed,1%,crowding-pruned,repair+feasible-first,3,best2,paper,0.01,5,0.0769230769230769,5,0,0,rank,1,5.8,1
train,syn_n50_k30_high_corr_heavy_tail_extreme_events_r01_s20260663,15,theta_131,0.828805880492909,0.0062424531890906,0.9800000000000002,0.0120246232370746,1.3685910218222153,3.5067483299999997,7.0,7.0,8.0,2.0,13.0,7.4,3,theta_131,DE/best,adaptive,5%,crowding-pruned,repair+feasible-first,3,best2,stable,0.05,10,0.0769230769230769,5,0,0,rank,1,5.8,2
train,syn_n50_k30_high_corr_heavy_tail_extreme_events_r01_s20260663,15,theta_132,0.828805880492909,0.0062424531890906,0.9800000000000002,0.0120246232370746,1.3685910218222153,7.848321516666668,7.0,7.0,8.0,2.0,24.0,9.6,8,theta_132,DE/best,adaptive,5%,crowding-pruned,repair+feasible-first,3,best2,stable,0.05,20,0.0769230769230769,5,0,0,rank,1,5.8,3
train,syn_n50_k30_high_corr_heavy_tail_extreme_events_r01_s20260663,15,theta_144,0.8290560167601498,0.0060597931393234,0.981388888888889,0.0155853884526269,1.36713098412526,7.641372659999999,4.5,4.5,1.5,15.5,21.0,9.4,7,theta_144,mixed,none,10%,crowding-pruned,repair+feasible-first,3,mixed,none,0.1,20,0.0769230769230769,5,0,0,rank,1,6.8999999999999995,4
train,syn_n50_k30_high_corr_heavy_tail_extreme_events_r01_s20260663,15,theta_159,0.8290560167601498,0.0060597931393234,0.981388888888889,0.0155853884526269,1.36713098412526,3.222027143333333,4.5,4.5,1.5,15.5,9.0,7.0,2,theta_159,mixed,adaptive,5%,crowding-pruned,repair+feasible-first,3,mixed,stable,0.05,20,0.0769230769230769,5,0,0,rank,1,6.8999999999999995,5
train,syn_n50_k30_high_corr_heavy_tail_extreme_events_r01_s20260663,15,theta_034,0.8277573341525225,0.0066051414588462,0.9811111111111112,0.0139034391836044,1.3674322088599256,7.709596396666668,10.5,10.5,4.5,9.5,23.0,11.6,12,theta_034,DE/best,none,10%,crowding-pruned,repair+feasible-first,2,best2,none,0.1,5,0.0769230769230769,5,0,0,rank,1,8.4,6
train,syn_n50_k30_high_corr_heavy_tail_extreme_events_r01_s20260663,15,theta_037,0.8277573341525225,0.0066051414588462,0.9811111111111112,0.0139034391836044,1.3674322088599256,7.467910366666667,10.5,10.5,4.5,9.5,18.0,10.6,9,theta_037,DE/best,fixed,1%,crowding-pruned,repair+feasible-first,2,best2,paper,0.01,5,0.0769230769230769,5,0,0,rank,1,8.4,7
train,syn_n50_k30_high_corr_heavy_tail_extreme_events_r01_s20260663,15,theta_045,0.8277573341525225,0.0066051414588462,0.9811111111111112,0.0139034391836044,1.3674322088599256,7.680817796666667,10.5,10.5,4.5,9.5,22.0,11.4,11,theta_045,DE/best,fixed,10%,crowding-pruned,repair+feasible-first,2,best2,paper,0.1,20,0.0769230769230769,5,0,0,rank,1,8.4,8
train,syn_n50_k30_high_corr_heavy_tail_extreme_events_r01_s20260663,15,theta_047,0.8277573341525225,0.0066051414588462,0.9811111111111112,0.0139034391836044,1.3674322088599256,7.525624346666667,10.5,10.5,4.5,9.5,19.0,10.8,10,theta_047,DE/best,adaptive,1%,crowding-pruned,repair+feasible-first,2,best2,stable,0.01,10,0.0769230769230769,5,0,0,rank,1,8.4,9
train,syn_n50_k30_high_corr_heavy_tail_extreme_events_r01_s20260663,15,theta_223,0.83000773794846,0.0057334976132696,0.9786111111111114,0.0166515877527532,1.3672125579145795,3.0374648266666657,2.0,2.0,11.0,18.0,6.0,7.8,4,theta_223,mixed,none,10%,crowding-pruned,repair+feasible-first,5,mixed,none,0.1,5,0.0769230769230769,5,0,0,rank,1,9.5,10
train,syn_n50_k30_high_corr_heavy_tail_extreme_events_r01_s20260663,15,theta_234,0.83000773794846,0.0057334976132696,0.9786111111111114,0.0166515877527532,1.3672125579145795,3.4803457966666667,2.0,2.0,11.0,18.0,12.0,9.0,6,theta_234,mixed,fixed,10%,crowding-pruned,repair+feasible-first,5,mixed,paper,0.1,20,0.0769230769230769,5,0,0,rank,1,9.5,11
train,syn_n50_k30_high_corr_heavy_tail_extreme_events_r01_s20260663,15,theta_237,0.83000773794846,0.0057334976132696,0.9786111111111114,0.0166515877527532,1.3672125579145795,3.30393417,2.0,2.0,11.0,18.0,11.0,8.8,5,theta_237,mixed,adaptive,1%,crowding-pruned,repair+feasible-first,5,mixed,stable,0.01,20,0.0769230769230769,5,0,0,rank,1,9.5,12
train,syn_n50_k30_high_corr_heavy_tail_extreme_events_r01_s20260663,15,theta_084,0.8184653536058977,0.0108208969493674,0.9463888888888892,0.0126015500462219,1.3575044221998385,7.378707256666667,17.0,17.0,17.0,5.0,17.0,14.6,17,theta_084,DE/rand,none,1%,crowding-pruned,repair+feasible-first,3,rand2,none,0.01,20,0.0769230769230769,5,0,0,rank,1,13.4,13
train,syn_n50_k30_high_corr_heavy_tail_extreme_events_r01_s20260663,15,theta_086,0.8184653536058977,0.0108208969493674,0.9463888888888892,0.0126015500462219,1.3575044221998385,7.291066683333333,17.0,17.0,17.0,5.0,16.0,14.4,16,theta_086,DE/rand,none,5%,crowding-pruned,repair+feasible-first,3,rand2,none,0.05,10,0.0769230769230769,5,0,0,rank,1,13.4,14
train,syn_n50_k30_high_corr_heavy_tail_extreme_events_r01_s20260663,15,theta_089,0.8184653536058977,0.0108208969493674,0.9463888888888892,0.0126015500462219,1.3575044221998385,7.249037383333333,17.0,17.0,17.0,5.0,15.0,14.2,15,theta_089,DE/rand,none,10%,crowding-pruned,repair+feasible-first,3,rand2,none,0.1,10,0.0769230769230769,5,0,0,rank,1,13.4,15
train,syn_n50_k30_high_corr_heavy_tail_extreme_events_r01_s20260663,15,theta_067,0.8267641361420054,0.0069982382027305,0.9780555555555556,0.0143553423575931,1.364908943324903,7.59071892,14.0,14.0,14.0,13.0,20.0,15.0,18,theta_067,mixed,fixed,5%,crowding-pruned,repair+feasible-first,2,mixed,paper,0.05,5,0.0769230769230769,5,0,0,rank,1,13.700000000000001,16
train,syn_n50_k30_high_corr_heavy_tail_extreme_events_r01_s20260663,15,theta_076,0.8267641361420054,0.0069982382027305,0.9780555555555556,0.0143553423575931,1.364908943324903,3.176665213333333,14.0,14.0,14.0,13.0,8.0,12.6,13,theta_076,mixed,adaptive,5%,crowding-pruned,repair+feasible-first,2,mixed,stable,0.05,5,0.0769230769230769,5,0,0,rank,1,13.700000000000001,17
train,syn_n50_k30_high_corr_heavy_tail_extreme_events_r01_s20260663,15,theta_078,0.8267641361420054,0.0069982382027305,0.9780555555555556,0.0143553423575931,1.364908943324903,3.231484126666667,14.0,14.0,14.0,13.0,10.0,13.0,14,theta_078,mixed,adaptive,5%,crowding-pruned,repair+feasible-first,2,mixed,stable,0.05,20,0.0769230769230769,5,0,0,rank,1,13.700000000000001,18
train,syn_n50_k30_high_corr_heavy_tail_extreme_events_r01_s20260663,15,theta_011,0.8155006779611609,0.0121842226938277,0.9308333333333336,0.0135458863827189,1.357183329104474,3.5417796266666675,19.0,19.0,20.0,7.0,14.0,15.8,19,theta_011,DE/rand,fixed,1%,crowding-pruned,repair+feasible-first,2,rand2,paper,0.01,10,0.0769230769230769,5,0,0,rank,1,15.700000000000001,19
train,syn_n50_k30_high_corr_heavy_tail_extreme_events_r01_s20260663,15,theta_164,0.813574885032127,0.0134248908375096,0.9072222222222224,0.0174475399739198,1.354485406605804,2.88239276,21.5,21.5,22.5,21.5,2.0,17.8,20,theta_164,DE/rand,none,1%,crowding-pruned,repair+feasible-first,5,rand2,none,0.01,10,0.0769230769230769,5,0,0,rank,1,21.8,20
train,syn_n50_k30_high_corr_heavy_tail_extreme_events_r01_s20260663,15,theta_170,0.813574885032127,0.0134248908375096,0.9072222222222224,0.0174475399739198,1.354485406605804,2.9994779266666662,21.5,21.5,22.5,21.5,5.0,18.4,23,theta_170,DE/rand,none,10%,crowding-pruned,repair+feasible-first,5,rand2,none,0.1,10,0.0769230769230769,5,0,0,rank,1,21.8,21
train,syn_n50_k30_high_corr_heavy_tail_extreme_events_r01_s20260663,15,theta_175,0.813574885032127,0.0134248908375096,0.9072222222222224,0.0174475399739198,1.354485406605804,2.9439766466666657,21.5,21.5,22.5,21.5,3.0,18.0,21,theta_175,DE/rand,fixed,5%,crowding-pruned,repair+feasible-first,5,rand2,paper,0.05,5,0.0769230769230769,5,0,0,rank,1,21.8,22
train,syn_n50_k30_high_corr_heavy_tail_extreme_events_r01_s20260663,15,theta_189,0.813574885032127,0.0134248908375096,0.9072222222222224,0.0174475399739198,1.354485406605804,2.9873476733333333,21.5,21.5,22.5,21.5,4.0,18.2,22,theta_189,DE/rand,adaptive,10%,crowding-pruned,repair+feasible-first,5,rand2,stable,0.1,20,0.0769230769230769,5,0,0,rank,1,21.8,23
train,syn_n50_k30_high_corr_heavy_tail_extreme_events_r01_s20260663,15,theta_200,0.8094260290993749,0.0255510543045084,0.9450000000000002,0.0462140047748417,1.322588343424096,3.1158958266666668,24.0,24.0,19.0,24.0,7.0,19.6,24,theta_200,DE/best,fixed,1%,crowding-pruned,repair+feasible-first,5,best2,paper,0.01,10,0.0769230769230769,5,0,0,rank,1,22.5,24
train,syn_n50_k30_high_corr_mixed_high_vol_r02_s20260667,15,theta_118,1.0514199570953289,0.0156285979452489,0.8186111111111113,0.0502063623833076,1.2858477766521867,1.8532733366666665,3.0,3.0,13.0,3.0,1.0,4.6,1,theta_118,DE/best,fixed,1%,crowding-pruned,repair+feasible-first,3,best2,paper,0.01,5,0.0769230769230769,5,0,0,rank,1,6.0,1
train,syn_n50_k30_high_corr_mixed_high_vol_r02_s20260667,15,theta_131,1.0514199570953289,0.0156285979452489,0.8186111111111113,0.0502063623833076,1.2858477766521867,3.150739403333334,3.0,3.0,13.0,3.0,13.0,7.0,3,theta_131,DE/best,adaptive,5%,crowding-pruned,repair+feasible-first,3,best2,stable,0.05,10,0.0769230769230769,5,0,0,rank,1,6.0,2
train,syn_n50_k30_high_corr_mixed_high_vol_r02_s20260667,15,theta_132,1.0514199570953289,0.0156285979452489,0.8186111111111113,0.0502063623833076,1.2858477766521867,3.7057034933333335,3.0,3.0,13.0,3.0,15.0,7.4,5,theta_132,DE/best,adaptive,5%,crowding-pruned,repair+feasible-first,3,best2,stable,0.05,20,0.0769230769230769,5,0,0,rank,1,6.0,3
train,syn_n50_k30_high_corr_mixed_high_vol_r02_s20260667,15,theta_200,1.053857603852734,0.0147442476553646,0.8858333333333334,0.0590417578378941,1.2613919166425192,2.7576840866666665,1.0,1.0,1.0,20.0,3.0,5.2,2,theta_200,DE/best,fixed,1%,crowding-pruned,repair+feasible-first,5,best2,paper,0.01,10,0.0769230769230769,5,0,0,rank,1,6.7,4
train,syn_n50_k30_high_corr_mixed_high_vol_r02_s20260667,15,theta_223,1.0509606848694537,0.0164562758957702,0.8341666666666666,0.0507532291235455,1.2629046752121016,2.92420899,6.0,6.0,10.0,6.0,11.0,7.8,7,theta_223,mixed,none,10%,crowding-pruned,repair+feasible-first,5,mixed,none,0.1,5,0.0769230769230769,5,0,0,rank,1,7.2,5
train,syn_n50_k30_high_corr_mixed_high_vol_r02_s20260667,15,theta_234,1.0509606848694537,0.0164562758957702,0.8341666666666666,0.0507532291235455,1.2629046752121016,2.820310693333333,6.0,6.0,10.0,6.0,7.0,7.0,4,theta_234,mixed,fixed,10%,crowding-pruned,repair+feasible-first,5,mixed,paper,0.1,20,0.0769230769230769,5,0,0,rank,1,7.2,6
train,syn_n50_k30_high_corr_mixed_high_vol_r02_s20260667,15,theta_237,1.0509606848694537,0.0164562758957702,0.8341666666666666,0.0507532291235455,1.2629046752121016,2.8666305800000003,6.0,6.0,10.0,6.0,10.0,7.6,6,theta_237,mixed,adaptive,1%,crowding-pruned,repair+feasible-first,5,mixed,stable,0.01,20,0.0769230769230769,5,0,0,rank,1,7.2,7
train,syn_n50_k30_high_corr_mixed_high_vol_r02_s20260667,15,theta_164,1.0478608250549777,0.0206152475845326,0.8425,0.0578653627504533,1.204683305219247,2.84765724,11.5,14.5,3.5,12.5,8.0,10.0,11,theta_164,DE/rand,none,1%,crowding-pruned,repair+feasible-first,5,rand2,none,0.01,10,0.0769230769230769,5,0,0,rank,1,10.0,8
train,syn_n50_k30_high_corr_mixed_high_vol_r02_s20260667,15,theta_170,1.0478608250549777,0.0206152475845326,0.8425,0.0578653627504533,1.204683305219247,2.7867924766666663,11.5,14.5,3.5,12.5,5.0,9.4,9,theta_170,DE/rand,none,10%,crowding-pruned,repair+feasible-first,5,rand2,none,0.1,10,0.0769230769230769,5,0,0,rank,1,10.0,9
train,syn_n50_k30_high_corr_mixed_high_vol_r02_s20260667,15,theta_175,1.0478608250549777,0.0206152475845326,0.8425,0.0578653627504533,1.204683305219247,2.7437797233333328,11.5,14.5,3.5,12.5,2.0,8.8,8,theta_175,DE/rand,fixed,5%,crowding-pruned,repair+feasible-first,5,rand2,paper,0.05,5,0.0769230769230769,5,0,0,rank,1,10.0,10
train,syn_n50_k30_high_corr_mixed_high_vol_r02_s20260667,15,theta_189,1.0478608250549777,0.0206152475845326,0.8425,0.0578653627504533,1.204683305219247,2.80570347,11.5,14.5,3.5,12.5,6.0,9.6,10,theta_189,DE/rand,adaptive,10%,crowding-pruned,repair+feasible-first,5,rand2,stable,0.1,20,0.0769230769230769,5,0,0,rank,1,10.0,11
train,syn_n50_k30_high_corr_mixed_high_vol_r02_s20260667,15,theta_067,1.0436374742518948,0.0203152953785126,0.7683333333333331,0.0553046928721759,1.2467723672591335,6.75777732,15.0,11.0,18.0,9.0,19.0,14.4,16,theta_067,mixed,fixed,5%,crowding-pruned,repair+feasible-first,2,mixed,paper,0.05,5,0.0769230769230769,5,0,0,rank,1,13.299999999999999,12
train,syn_n50_k30_high_corr_mixed_high_vol_r02_s20260667,15,theta_076,1.0436374742518948,0.0203152953785126,0.7683333333333331,0.0553046928721759,1.2467723672591335,2.988039486666666,15.0,11.0,18.0,9.0,12.0,13.0,14,theta_076,mixed,adaptive,5%,crowding-pruned,repair+feasible-first,2,mixed,stable,0.05,5,0.0769230769230769,5,0,0,rank,1,13.299999999999999,13
train,syn_n50_k30_high_corr_mixed_high_vol_r02_s20260667,15,theta_078,1.0436374742518948,0.0203152953785126,0.7683333333333331,0.0553046928721759,1.2467723672591335,2.8603263633333333,15.0,11.0,18.0,9.0,9.0,12.4,13,theta_078,mixed,adaptive,5%,crowding-pruned,repair+feasible-first,2,mixed,stable,0.05,20,0.0769230769230769,5,0,0,rank,1,13.299999999999999,14
train,syn_n50_k30_high_corr_mixed_high_vol_r02_s20260667,15,theta_144,1.049038002636165,0.0181298127062331,0.8141666666666667,0.0586758806566536,1.2530447647247436,6.574012929999999,8.5,8.5,15.5,18.5,17.0,13.6,15,theta_144,mixed,none,10%,crowding-pruned,repair+feasible-first,3,mixed,none,0.1,20,0.0769230769230769,5,0,0,rank,1,13.600000000000001,15
train,syn_n50_k30_high_corr_mixed_high_vol_r02_s20260667,15,theta_159,1.049038002636165,0.0181298127062331,0.8141666666666667,0.0586758806566536,1.2530447647247436,2.76148842,8.5,8.5,15.5,18.5,4.0,11.0,12,theta_159,mixed,adaptive,5%,crowding-pruned,repair+feasible-first,3,mixed,stable,0.05,20,0.0769230769230769,5,0,0,rank,1,13.600000000000001,16
train,syn_n50_k30_high_corr_mixed_high_vol_r02_s20260667,15,theta_084,1.0425581082809383,0.0258205645822336,0.8380555555555557,0.0581680468768619,1.1381881315532931,6.913475039999999,18.0,22.0,7.0,16.0,22.0,17.0,20,theta_084,DE/rand,none,1%,crowding-pruned,repair+feasible-first,3,rand2,none,0.01,20,0.0769230769230769,5,0,0,rank,1,14.899999999999999,17
train,syn_n50_k30_high_corr_mixed_high_vol_r02_s20260667,15,theta_086,1.0425581082809383,0.0258205645822336,0.8380555555555557,0.0581680468768619,1.1381881315532931,6.601614233333335,18.0,22.0,7.0,16.0,18.0,16.2,17,theta_086,DE/rand,none,5%,crowding-pruned,repair+feasible-first,3,rand2,none,0.05,10,0.0769230769230769,5,0,0,rank,1,14.899999999999999,18
train,syn_n50_k30_high_corr_mixed_high_vol_r02_s20260667,15,theta_089,1.0425581082809383,0.0258205645822336,0.8380555555555557,0.0581680468768619,1.1381881315532931,6.806028413333333,18.0,22.0,7.0,16.0,21.0,16.8,19,theta_089,DE/rand,none,10%,crowding-pruned,repair+feasible-first,3,rand2,none,0.1,10,0.0769230769230769,5,0,0,rank,1,14.899999999999999,19
train,syn_n50_k30_high_corr_mixed_high_vol_r02_s20260667,15,theta_011,1.0314820815936323,0.0338281828259076,0.7649999999999999,0.0330803261285066,1.053419460901773,3.5401824333333334,24.0,24.0,20.0,1.0,14.0,16.6,18,theta_011,DE/rand,fixed,1%,crowding-pruned,repair+feasible-first,2,rand2,paper,0.01,10,0.0769230769230769,5,0,0,rank,1,15.900000000000002,20
train,syn_n50_k30_high_corr_mixed_high_vol_r02_s20260667,15,theta_034,1.0414468246055664,0.0244809857614289,0.6958333333333333,0.0625230265052246,1.2177334425372213,6.968570609999999,21.5,18.5,22.5,22.5,23.0,21.6,23,theta_034,DE/best,none,10%,crowding-pruned,repair+feasible-first,2,best2,none,0.1,5,0.0769230769230769,5,0,0,rank,1,21.5,21
train,syn_n50_k30_high_corr_mixed_high_vol_r02_s20260667,15,theta_037,1.0414468246055664,0.0244809857614289,0.6958333333333333,0.0625230265052246,1.2177334425372213,6.7843654933333335,21.5,18.5,22.5,22.5,20.0,21.0,22,theta_037,DE/best,fixed,1%,crowding-pruned,repair+feasible-first,2,best2,paper,0.01,5,0.0769230769230769,5,0,0,rank,1,21.5,22
train,syn_n50_k30_high_corr_mixed_high_vol_r02_s20260667,15,theta_045,1.0414468246055664,0.0244809857614289,0.6958333333333333,0.0625230265052246,1.2177334425372213,6.520296756666667,21.5,18.5,22.5,22.5,16.0,20.2,21,theta_045,DE/best,fixed,10%,crowding-pruned,repair+feasible-first,2,best2,paper,0.1,20,0.0769230769230769,5,0,0,rank,1,21.5,23
train,syn_n50_k30_high_corr_mixed_high_vol_r02_s20260667,15,theta_047,1.0414468246055664,0.0244809857614289,0.6958333333333333,0.0625230265052246,1.2177334425372213,7.048051810000001,21.5,18.5,22.5,22.5,24.0,21.8,24,theta_047,DE/best,adaptive,1%,crowding-pruned,repair+feasible-first,2,best2,stable,0.01,10,0.0769230769230769,5,0,0,rank,1,21.5,24
train,syn_n50_k30_high_corr_normal_low_vol_r03_s20260666,15,theta_223,1.0186496082011642,0.0105427197297351,0.9480555555555554,0.0204725630632512,1.2715477365414742,2.947928183333333,5.0,5.0,5.0,2.0,6.0,4.6,3,theta_223,mixed,none,10%,crowding-pruned,repair+feasible-first,5,mixed,none,0.1,5,0.0769230769230769,5,0,0,rank,1,4.1,1
train,syn_n50_k30_high_corr_normal_low_vol_r03_s20260666,15,theta_234,1.0186496082011642,0.0105427197297351,0.9480555555555554,0.0204725630632512,1.2715477365414742,2.999436103333333,5.0,5.0,5.0,2.0,10.0,5.4,4,theta_234,mixed,fixed,10%,crowding-pruned,repair+feasible-first,5,mixed,paper,0.1,20,0.0769230769230769,5,0,0,rank,1,4.1,2
train,syn_n50_k30_high_corr_normal_low_vol_r03_s20260666,15,theta_237,1.0186496082011642,0.0105427197297351,0.9480555555555554,0.0204725630632512,1.2715477365414742,3.08490425,5.0,5.0,5.0,2.0,12.0,5.8,6,theta_237,mixed,adaptive,1%,crowding-pruned,repair+feasible-first,5,mixed,stable,0.01,20,0.0769230769230769,5,0,0,rank,1,4.1,3
train,syn_n50_k30_high_corr_normal_low_vol_r03_s20260666,15,theta_118,1.0195699961948956,0.0098318349224555,0.948888888888889,0.0247428110763734,1.2871656440464725,2.01420628,2.0,2.0,2.0,10.0,1.0,3.4,1,theta_118,DE/best,fixed,1%,crowding-pruned,repair+feasible-first,3,best2,paper,0.01,5,0.0769230769230769,5,0,0,rank,1,4.4,4
train,syn_n50_k30_high_corr_normal_low_vol_r03_s20260666,15,theta_131,1.0195699961948956,0.0098318349224555,0.948888888888889,0.0247428110763734,1.2871656440464725,3.2575930166666667,2.0,2.0,2.0,10.0,13.0,5.8,5,theta_131,DE/best,adaptive,5%,crowding-pruned,repair+feasible-first,3,best2,stable,0.05,10,0.0769230769230769,5,0,0,rank,1,4.4,5
train,syn_n50_k30_high_corr_normal_low_vol_r03_s20260666,15,theta_132,1.0195699961948956,0.0098318349224555,0.948888888888889,0.0247428110763734,1.2871656440464725,2.1431829166666665,2.0,2.0,2.0,10.0,2.0,3.6,2,theta_132,DE/best,adaptive,5%,crowding-pruned,repair+feasible-first,3,best2,stable,0.05,20,0.0769230769230769,5,0,0,rank,1,4.4,6
train,syn_n50_k30_high_corr_normal_low_vol_r03_s20260666,15,theta_144,1.0178847710610988,0.0112482107829097,0.9352777777777777,0.0227811607613919,1.2553064345539942,6.700188956666666,7.5,7.5,12.5,4.5,16.0,9.6,9,theta_144,mixed,none,10%,crowding-pruned,repair+feasible-first,3,mixed,none,0.1,20,0.0769230769230769,5,0,0,rank,1,8.1,7
train,syn_n50_k30_high_corr_normal_low_vol_r03_s20260666,15,theta_159,1.0178847710610988,0.0112482107829097,0.9352777777777777,0.0227811607613919,1.2553064345539942,2.982223113333333,7.5,7.5,12.5,4.5,8.0,8.0,7,theta_159,mixed,adaptive,5%,crowding-pruned,repair+feasible-first,3,mixed,stable,0.05,20,0.0769230769230769,5,0,0,rank,1,8.1,8
train,syn_n50_k30_high_corr_normal_low_vol_r03_s20260666,15,theta_164,1.0174434792690803,0.0114521890989662,0.942222222222222,0.0347408439178913,1.2538879318772316,2.9046705533333337,10.5,10.5,8.5,13.5,4.0,9.4,8,theta_164,DE/rand,none,1%,crowding-pruned,repair+feasible-first,5,rand2,none,0.01,10,0.0769230769230769,5,0,0,rank,1,10.8,9
train,syn_n50_k30_high_corr_normal_low_vol_r03_s20260666,15,theta_170,1.0174434792690803,0.0114521890989662,0.942222222222222,0.0347408439178913,1.2538879318772316,2.979685223333334,10.5,10.5,8.5,13.5,7.0,10.0,11,theta_170,DE/rand,none,10%,crowding-pruned,repair+feasible-first,5,rand2,none,0.1,10,0.0769230769230769,5,0,0,rank,1,10.8,10
train,syn_n50_k30_high_corr_normal_low_vol_r03_s20260666,15,theta_175,1.0174434792690803,0.0114521890989662,0.942222222222222,0.0347408439178913,1.2538879318772316,3.271115083333333,10.5,10.5,8.5,13.5,14.0,11.4,13,theta_175,DE/rand,fixed,5%,crowding-pruned,repair+feasible-first,5,rand2,paper,0.05,5,0.0769230769230769,5,0,0,rank,1,10.8,11
train,syn_n50_k30_high_corr_normal_low_vol_r03_s20260666,15,theta_189,1.0174434792690803,0.0114521890989662,0.942222222222222,0.0347408439178913,1.2538879318772316,2.920711776666667,10.5,10.5,8.5,13.5,5.0,9.6,10,theta_189,DE/rand,adaptive,10%,crowding-pruned,repair+feasible-first,5,rand2,stable,0.1,20,0.0769230769230769,5,0,0,rank,1,10.8,12
train,syn_n50_k30_high_corr_normal_low_vol_r03_s20260666,15,theta_067,1.015802355083525,0.0122793548148037,0.9280555555555556,0.0229923371697841,1.248010571028567,7.146433523333333,14.0,14.0,18.0,7.0,21.0,14.8,15,theta_067,mixed,fixed,5%,crowding-pruned,repair+feasible-first,2,mixed,paper,0.05,5,0.0769230769230769,5,0,0,rank,1,13.1,13
train,syn_n50_k30_high_corr_normal_low_vol_r03_s20260666,15,theta_076,1.015802355083525,0.0122793548148037,0.9280555555555556,0.0229923371697841,1.248010571028567,3.0269622933333333,14.0,14.0,18.0,7.0,11.0,12.8,14,theta_076,mixed,adaptive,5%,crowding-pruned,repair+feasible-first,2,mixed,stable,0.05,5,0.0769230769230769,5,0,0,rank,1,13.1,14
train,syn_n50_k30_high_corr_normal_low_vol_r03_s20260666,15,theta_078,1.015802355083525,0.0122793548148037,0.9280555555555556,0.0229923371697841,1.248010571028567,2.857631383333333,14.0,14.0,18.0,7.0,3.0,11.2,12,theta_078,mixed,adaptive,5%,crowding-pruned,repair+feasible-first,2,mixed,stable,0.05,20,0.0769230769230769,5,0,0,rank,1,13.1,15
train,syn_n50_k30_high_corr_normal_low_vol_r03_s20260666,15,theta_200,1.0133893968218537,0.0199478505344165,0.9419444444444444,0.0439383885681527,1.2721729564183486,2.996580923333333,19.0,19.0,11.0,17.0,9.0,15.0,16,theta_200,DE/best,fixed,1%,crowding-pruned,repair+feasible-first,5,best2,paper,0.01,10,0.0769230769230769,5,0,0,rank,1,16.0,16
train,syn_n50_k30_high_corr_normal_low_vol_r03_s20260666,15,theta_084,1.0135578138175236,0.0142833466824121,0.929722222222222,0.0459069970192341,1.246656104140554,7.493120503333334,17.0,17.0,15.0,19.0,24.0,18.4,19,theta_084,DE/rand,none,1%,crowding-pruned,repair+feasible-first,3,rand2,none,0.01,20,0.0769230769230769,5,0,0,rank,1,17.0,17
train,syn_n50_k30_high_corr_normal_low_vol_r03_s20260666,15,theta_086,1.0135578138175236,0.0142833466824121,0.929722222222222,0.0459069970192341,1.246656104140554,7.232911003333333,17.0,17.0,15.0,19.0,23.0,18.2,18,theta_086,DE/rand,none,5%,crowding-pruned,repair+feasible-first,3,rand2,none,0.05,10,0.0769230769230769,5,0,0,rank,1,17.0,18
train,syn_n50_k30_high_corr_normal_low_vol_r03_s20260666,15,theta_089,1.0135578138175236,0.0142833466824121,0.929722222222222,0.0459069970192341,1.246656104140554,7.145966523333334,17.0,17.0,15.0,19.0,20.0,17.6,17,theta_089,DE/rand,none,10%,crowding-pruned,repair+feasible-first,3,rand2,none,0.1,10,0.0769230769230769,5,0,0,rank,1,17.0,19
train,syn_n50_k30_high_corr_normal_low_vol_r03_s20260666,15,theta_011,1.0076225630977484,0.0208572344817347,0.8105555555555556,0.0412999470726014,1.1946110381255235,3.3317905800000003,20.0,20.0,24.0,16.0,15.0,19.0,20,theta_011,DE/rand,fixed,1%,crowding-pruned,repair+feasible-first,2,rand2,paper,0.01,10,0.0769230769230769,5,0,0,rank,1,20.0,20
train,syn_n50_k30_high_corr_normal_low_vol_r03_s20260666,15,theta_034,1.0060687587378747,0.0236672014450479,0.8769444444444444,0.0648170560032483,1.2673562330847803,6.744006003333333,22.5,22.5,21.5,22.5,17.0,21.2,21,theta_034,DE/best,none,10%,crowding-pruned,repair+feasible-first,2,best2,none,0.1,5,0.0769230769230769,5,0,0,rank,1,22.2,21
train,syn_n50_k30_high_corr_normal_low_vol_r03_s20260666,15,theta_037,1.0060687587378747,0.0236672014450479,0.8769444444444444,0.0648170560032483,1.2673562330847803,7.043759546666666,22.5,22.5,21.5,22.5,19.0,21.6,23,theta_037,DE/best,fixed,1%,crowding-pruned,repair+feasible-first,2,best2,paper,0.01,5,0.0769230769230769,5,0,0,rank,1,22.2,22
train,syn_n50_k30_high_corr_normal_low_vol_r03_s20260666,15,theta_045,1.0060687587378747,0.0236672014450479,0.8769444444444444,0.0648170560032483,1.2673562330847803,6.9788578166666655,22.5,22.5,21.5,22.5,18.0,21.4,22,theta_045,DE/best,fixed,10%,crowding-pruned,repair+feasible-first,2,best2,paper,0.1,20,0.0769230769230769,5,0,0,rank,1,22.2,23
train,syn_n50_k30_high_corr_normal_low_vol_r03_s20260666,15,theta_047,1.0060687587378747,0.0236672014450479,0.8769444444444444,0.0648170560032483,1.2673562330847803,7.207745563333333,22.5,22.5,21.5,22.5,22.0,22.2,24,theta_047,DE/best,adaptive,1%,crowding-pruned,repair+feasible-first,2,best2,stable,0.01,10,0.0769230769230769,5,0,0,rank,1,22.2,24
train,syn_n50_k30_low_corr_normal_low_vol_r01_s20260668,15,theta_084,1.0635721195910863,0.0511833550223936,0.7919444444444446,0.0334335056252745,0.8469771616077811,7.124189463333334,6.0,2.0,6.0,2.0,24.0,8.0,7,theta_084,DE/rand,none,1%,crowding-pruned,repair+feasible-first,3,rand2,none,0.01,20,0.0769230769230769,5,0,0,rank,1,4.0,1
train,syn_n50_k30_low_corr_normal_low_vol_r01_s20260668,15,theta_086,1.0635721195910863,0.0511833550223936,0.7919444444444446,0.0334335056252745,0.8469771616077811,6.940112456666667,6.0,2.0,6.0,2.0,22.0,7.6,6,theta_086,DE/rand,none,5%,crowding-pruned,repair+feasible-first,3,rand2,none,0.05,10,0.0769230769230769,5,0,0,rank,1,4.0,2
train,syn_n50_k30_low_corr_normal_low_vol_r01_s20260668,15,theta_089,1.0635721195910863,0.0511833550223936,0.7919444444444446,0.0334335056252745,0.8469771616077811,5.616116523333333,6.0,2.0,6.0,2.0,16.0,6.4,5,theta_089,DE/rand,none,10%,crowding-pruned,repair+feasible-first,3,rand2,none,0.1,10,0.0769230769230769,5,0,0,rank,1,4.0,3
train,syn_n50_k30_low_corr_normal_low_vol_r01_s20260668,15,theta_164,1.0689510566145917,0.052627451659023,0.8208333333333333,0.0355434761313401,0.8127737225043293,2.862636183333333,2.5,6.5,2.5,5.5,8.0,5.0,1,theta_164,DE/rand,none,1%,crowding-pruned,repair+feasible-first,5,rand2,none,0.01,10,0.0769230769230769,5,0,0,rank,1,4.199999999999999,4
train,syn_n50_k30_low_corr_normal_low_vol_r01_s20260668,15,theta_170,1.0689510566145917,0.052627451659023,0.8208333333333333,0.0355434761313401,0.8127737225043293,2.9295328966666663,2.5,6.5,2.5,5.5,12.0,5.8,3,theta_170,DE/rand,none,10%,crowding-pruned,repair+feasible-first,5,rand2,none,0.1,10,0.0769230769230769,5,0,0,rank,1,4.199999999999999,5
train,syn_n50_k30_low_corr_normal_low_vol_r01_s20260668,15,theta_175,1.0689510566145917,0.052627451659023,0.8208333333333333,0.0355434761313401,0.8127737225043293,3.0256652200000005,2.5,6.5,2.5,5.5,14.0,6.2,4,theta_175,DE/rand,fixed,5%,crowding-pruned,repair+feasible-first,5,rand2,paper,0.05,5,0.0769230769230769,5,0,0,rank,1,4.199999999999999,6
train,syn_n50_k30_low_corr_normal_low_vol_r01_s20260668,15,theta_189,1.0689510566145917,0.052627451659023,0.8208333333333333,0.0355434761313401,0.8127737225043293,2.8724901066666666,2.5,6.5,2.5,5.5,9.0,5.2,2,theta_189,DE/rand,adaptive,10%,crowding-pruned,repair+feasible-first,5,rand2,stable,0.1,20,0.0769230769230769,5,0,0,rank,1,4.199999999999999,7
train,syn_n50_k30_low_corr_normal_low_vol_r01_s20260668,15,theta_011,1.060572113352603,0.0519188894768666,0.767777777777778,0.0366591581908913,0.8437051551415234,3.388882653333333,8.0,4.0,8.0,8.0,15.0,8.6,8,theta_011,DE/rand,fixed,1%,crowding-pruned,repair+feasible-first,2,rand2,paper,0.01,10,0.0769230769230769,5,0,0,rank,1,7.200000000000001,8
train,syn_n50_k30_low_corr_normal_low_vol_r01_s20260668,15,theta_144,1.0085075792403824,0.0733482846700461,0.618611111111111,0.042669513155797,0.7567631108079387,7.0194967733333336,23.5,23.5,9.5,9.5,23.0,17.8,24,theta_144,mixed,none,10%,crowding-pruned,repair+feasible-first,3,mixed,none,0.1,20,0.0769230769230769,5,0,0,rank,1,15.1,9
train,syn_n50_k30_low_corr_normal_low_vol_r01_s20260668,15,theta_159,1.0085075792403824,0.0733482846700461,0.618611111111111,0.042669513155797,0.7567631108079387,2.894989333333333,23.5,23.5,9.5,9.5,11.0,15.4,16,theta_159,mixed,adaptive,5%,crowding-pruned,repair+feasible-first,3,mixed,stable,0.05,20,0.0769230769230769,5,0,0,rank,1,15.1,10
train,syn_n50_k30_low_corr_normal_low_vol_r01_s20260668,15,theta_118,1.0296994207952368,0.0607916534180876,0.4844444444444445,0.0465086245769646,0.8971944211478166,1.8386293,18.0,15.0,18.0,12.0,2.0,13.0,10,theta_118,DE/best,fixed,1%,crowding-pruned,repair+feasible-first,3,best2,paper,0.01,5,0.0769230769230769,5,0,0,rank,1,15.6,11
train,syn_n50_k30_low_corr_normal_low_vol_r01_s20260668,15,theta_131,1.0296994207952368,0.0607916534180876,0.4844444444444445,0.0465086245769646,0.8971944211478166,1.5991998400000005,18.0,15.0,18.0,12.0,1.0,12.8,9,theta_131,DE/best,adaptive,5%,crowding-pruned,repair+feasible-first,3,best2,stable,0.05,10,0.0769230769230769,5,0,0,rank,1,15.6,12
train,syn_n50_k30_low_corr_normal_low_vol_r01_s20260668,15,theta_132,1.0296994207952368,0.0607916534180876,0.4844444444444445,0.0465086245769646,0.8971944211478166,2.05279038,18.0,15.0,18.0,12.0,3.0,13.2,11,theta_132,DE/best,adaptive,5%,crowding-pruned,repair+feasible-first,3,best2,stable,0.05,20,0.0769230769230769,5,0,0,rank,1,15.6,13
train,syn_n50_k30_low_corr_normal_low_vol_r01_s20260668,15,theta_067,1.039753445547846,0.0625445517369928,0.6052777777777777,0.0489360302577361,0.8372590514933926,6.912973486666667,15.0,18.0,15.0,18.0,20.0,17.2,22,theta_067,mixed,fixed,5%,crowding-pruned,repair+feasible-first,2,mixed,paper,0.05,5,0.0769230769230769,5,0,0,rank,1,16.5,14
train,syn_n50_k30_low_corr_normal_low_vol_r01_s20260668,15,theta_076,1.039753445547846,0.0625445517369928,0.6052777777777777,0.0489360302577361,0.8372590514933926,3.0043402600000007,15.0,18.0,15.0,18.0,13.0,15.8,17,theta_076,mixed,adaptive,5%,crowding-pruned,repair+feasible-first,2,mixed,stable,0.05,5,0.0769230769230769,5,0,0,rank,1,16.5,15
train,syn_n50_k30_low_corr_normal_low_vol_r01_s20260668,15,theta_078,1.039753445547846,0.0625445517369928,0.6052777777777777,0.0489360302577361,0.8372590514933926,2.79992764,15.0,18.0,15.0,18.0,5.0,14.2,13,theta_078,mixed,adaptive,5%,crowding-pruned,repair+feasible-first,2,mixed,stable,0.05,20,0.0769230769230769,5,0,0,rank,1,16.5,16
train,syn_n50_k30_low_corr_normal_low_vol_r01_s20260668,15,theta_223,1.0148091249190831,0.0709241932000624,0.6083333333333332,0.0477721935019272,0.784612292908368,2.8371436533333325,21.0,21.0,12.0,15.0,7.0,15.2,15,theta_223,mixed,none,10%,crowding-pruned,repair+feasible-first,5,mixed,none,0.1,5,0.0769230769230769,5,0,0,rank,1,16.5,17
train,syn_n50_k30_low_corr_normal_low_vol_r01_s20260668,15,theta_234,1.0148091249190831,0.0709241932000624,0.6083333333333332,0.0477721935019272,0.784612292908368,2.8043767033333324,21.0,21.0,12.0,15.0,6.0,15.0,14,theta_234,mixed,fixed,10%,crowding-pruned,repair+feasible-first,5,mixed,paper,0.1,20,0.0769230769230769,5,0,0,rank,1,16.5,18
train,syn_n50_k30_low_corr_normal_low_vol_r01_s20260668,15,theta_237,1.0148091249190831,0.0709241932000624,0.6083333333333332,0.0477721935019272,0.784612292908368,2.8784212966666667,21.0,21.0,12.0,15.0,10.0,15.8,18,theta_237,mixed,adaptive,1%,crowding-pruned,repair+feasible-first,5,mixed,stable,0.01,20,0.0769230769230769,5,0,0,rank,1,16.5,19
train,syn_n50_k30_low_corr_normal_low_vol_r01_s20260668,15,theta_200,1.044542364945016,0.0547424862350416,0.4813888888888889,0.0640632680844176,0.9607662108958862,2.744955773333333,9.0,9.0,20.0,24.0,4.0,13.2,12,theta_200,DE/best,fixed,1%,crowding-pruned,repair+feasible-first,5,best2,paper,0.01,10,0.0769230769230769,5,0,0,rank,1,16.799999999999997,20
train,syn_n50_k30_low_corr_normal_low_vol_r01_s20260668,15,theta_034,1.042467665923407,0.0573864180139228,0.4741666666666667,0.0497714636284885,0.9219489498590696,6.870008563333333,11.5,11.5,22.5,21.5,19.0,17.2,21,theta_034,DE/best,none,10%,crowding-pruned,repair+feasible-first,2,best2,none,0.1,5,0.0769230769230769,5,0,0,rank,1,17.8,21
train,syn_n50_k30_low_corr_normal_low_vol_r01_s20260668,15,theta_037,1.042467665923407,0.0573864180139228,0.4741666666666667,0.0497714636284885,0.9219489498590696,6.658906743333334,11.5,11.5,22.5,21.5,18.0,17.0,20,theta_037,DE/best,fixed,1%,crowding-pruned,repair+feasible-first,2,best2,paper,0.01,5,0.0769230769230769,5,0,0,rank,1,17.8,22
train,syn_n50_k30_low_corr_normal_low_vol_r01_s20260668,15,theta_045,1.042467665923407,0.0573864180139228,0.4741666666666667,0.0497714636284885,0.9219489498590696,6.930106573333334,11.5,11.5,22.5,21.5,21.0,17.6,23,theta_045,DE/best,fixed,10%,crowding-pruned,repair+feasible-first,2,best2,paper,0.1,20,0.0769230769230769,5,0,0,rank,1,17.8,23
train,syn_n50_k30_low_corr_normal_low_vol_r01_s20260668,15,theta_047,1.042467665923407,0.0573864180139228,0.4741666666666667,0.0497714636284885,0.9219489498590696,6.549417516666666,11.5,11.5,22.5,21.5,17.0,16.8,19,theta_047,DE/best,adaptive,1%,crowding-pruned,repair+feasible-first,2,best2,stable,0.01,10,0.0769230769230769,5,0,0,rank,1,17.8,24
train,syn_n50_k30_pathological_cov_mixed_low_vol_r01_s20260665,15,theta_118,1.1691301805807373,0.0957078043959367,0.7675,0.1589527967131512,1.153471619634846,1.8390889233333332,2.0,14.0,8.0,5.0,2.0,6.2,2,theta_118,DE/best,fixed,1%,crowding-pruned,repair+feasible-first,3,best2,paper,0.01,5,0.0769230769230769,5,0,0,rank,1,7.1,1
train,syn_n50_k30_pathological_cov_mixed_low_vol_r01_s20260665,15,theta_131,1.1691301805807373,0.0957078043959367,0.7675,0.1589527967131512,1.153471619634846,1.57887587,2.0,14.0,8.0,5.0,1.0,6.0,1,theta_131,DE/best,adaptive,5%,crowding-pruned,repair+feasible-first,3,best2,stable,0.05,10,0.0769230769230769,5,0,0,rank,1,7.1,2
train,syn_n50_k30_pathological_cov_mixed_low_vol_r01_s20260665,15,theta_132,1.1691301805807373,0.0957078043959367,0.7675,0.1589527967131512,1.153471619634846,3.3468164466666663,2.0,14.0,8.0,5.0,16.0,9.0,7,theta_132,DE/best,adaptive,5%,crowding-pruned,repair+feasible-first,3,best2,stable,0.05,20,0.0769230769230769,5,0,0,rank,1,7.1,3
train,syn_n50_k30_pathological_cov_mixed_low_vol_r01_s20260665,15,theta_223,1.1684360922949646,0.0813532465294749,0.7916666666666666,0.1672288605020304,1.180828795413683,2.7994311666666665,5.0,5.0,5.0,12.0,9.0,7.2,3,theta_223,mixed,none,10%,crowding-pruned,repair+feasible-first,5,mixed,none,0.1,5,0.0769230769230769,5,0,0,rank,1,7.1,4
train,syn_n50_k30_pathological_cov_mixed_low_vol_r01_s20260665,15,theta_234,1.1684360922949646,0.0813532465294749,0.7916666666666666,0.1672288605020304,1.180828795413683,2.85336656,5.0,5.0,5.0,12.0,14.0,8.2,6,theta_234,mixed,fixed,10%,crowding-pruned,repair+feasible-first,5,mixed,paper,0.1,20,0.0769230769230769,5,0,0,rank,1,7.1,5
train,syn_n50_k30_pathological_cov_mixed_low_vol_r01_s20260665,15,theta_237,1.1684360922949646,0.0813532465294749,0.7916666666666666,0.1672288605020304,1.180828795413683,2.828710633333334,5.0,5.0,5.0,12.0,13.0,8.0,5,theta_237,mixed,adaptive,1%,crowding-pruned,repair+feasible-first,5,mixed,stable,0.01,20,0.0769230769230769,5,0,0,rank,1,7.1,6
train,syn_n50_k30_pathological_cov_mixed_low_vol_r01_s20260665,15,theta_084,1.1664160873295812,0.0796765877688703,0.7975,0.1700213870386077,1.1744769062061942,6.759449863333333,13.0,2.0,2.0,18.0,21.0,11.2,9,theta_084,DE/rand,none,1%,crowding-pruned,repair+feasible-first,3,rand2,none,0.01,20,0.0769230769230769,5,0,0,rank,1,9.0,7
train,syn_n50_k30_pathological_cov_mixed_low_vol_r01_s20260665,15,theta_086,1.1664160873295812,0.0796765877688703,0.7975,0.1700213870386077,1.1744769062061942,6.918263583333333,13.0,2.0,2.0,18.0,24.0,11.8,11,theta_086,DE/rand,none,5%,crowding-pruned,repair+feasible-first,3,rand2,none,0.05,10,0.0769230769230769,5,0,0,rank,1,9.0,8
train,syn_n50_k30_pathological_cov_mixed_low_vol_r01_s20260665,15,theta_089,1.1664160873295812,0.0796765877688703,0.7975,0.1700213870386077,1.1744769062061942,1.9420187566666665,13.0,2.0,2.0,18.0,3.0,7.6,4,theta_089,DE/rand,none,10%,crowding-pruned,repair+feasible-first,3,rand2,none,0.1,10,0.0769230769230769,5,0,0,rank,1,9.0,9
train,syn_n50_k30_pathological_cov_mixed_low_vol_r01_s20260665,15,theta_144,1.164617701721375,0.0940513838437588,0.7625,0.1354975046243996,1.1104016523852371,6.211155443333333,15.5,11.5,10.5,2.5,17.0,11.4,10,theta_144,mixed,none,10%,crowding-pruned,repair+feasible-first,3,mixed,none,0.1,20,0.0769230769230769,5,0,0,rank,1,9.3,10
train,syn_n50_k30_pathological_cov_mixed_low_vol_r01_s20260665,15,theta_159,1.164617701721375,0.0940513838437588,0.7625,0.1354975046243996,1.1104016523852371,2.7830436300000003,15.5,11.5,10.5,2.5,8.0,9.6,8,theta_159,mixed,adaptive,5%,crowding-pruned,repair+feasible-first,3,mixed,stable,0.05,20,0.0769230769230769,5,0,0,rank,1,9.3,11
train,syn_n50_k30_pathological_cov_mixed_low_vol_r01_s20260665,15,theta_034,1.1682773779014088,0.085984994226916,0.7508333333333334,0.1756760114466285,1.1946977158971797,6.41680089,8.5,8.5,14.5,21.5,18.0,14.2,12,theta_034,DE/best,none,10%,crowding-pruned,repair+feasible-first,2,best2,none,0.1,5,0.0769230769230769,5,0,0,rank,1,14.2,12
train,syn_n50_k30_pathological_cov_mixed_low_vol_r01_s20260665,15,theta_037,1.1682773779014088,0.085984994226916,0.7508333333333334,0.1756760114466285,1.1946977158971797,6.755857033333333,8.5,8.5,14.5,21.5,20.0,14.6,14,theta_037,DE/best,fixed,1%,crowding-pruned,repair+feasible-first,2,best2,paper,0.01,5,0.0769230769230769,5,0,0,rank,1,14.2,13
train,syn_n50_k30_pathological_cov_mixed_low_vol_r01_s20260665,15,theta_045,1.1682773779014088,0.085984994226916,0.7508333333333334,0.1756760114466285,1.1946977158971797,6.468594846666666,8.5,8.5,14.5,21.5,19.0,14.4,13,theta_045,DE/best,fixed,10%,crowding-pruned,repair+feasible-first,2,best2,paper,0.1,20,0.0769230769230769,5,0,0,rank,1,14.2,14
train,syn_n50_k30_pathological_cov_mixed_low_vol_r01_s20260665,15,theta_047,1.1682773779014088,0.085984994226916,0.7508333333333334,0.1756760114466285,1.1946977158971797,6.7608334333333335,8.5,8.5,14.5,21.5,22.0,15.0,16,theta_047,DE/best,adaptive,1%,crowding-pruned,repair+feasible-first,2,best2,stable,0.01,10,0.0769230769230769,5,0,0,rank,1,14.2,15
train,syn_n50_k30_pathological_cov_mixed_low_vol_r01_s20260665,15,theta_200,1.16655424035338,0.1034025508865057,0.7541666666666667,0.1829488496718859,1.107481969286105,2.810794516666667,11.0,16.0,12.0,24.0,11.0,14.8,15,theta_200,DE/best,fixed,1%,crowding-pruned,repair+feasible-first,5,best2,paper,0.01,10,0.0769230769230769,5,0,0,rank,1,16.2,16
train,syn_n50_k30_pathological_cov_mixed_low_vol_r01_s20260665,15,theta_011,1.149115248072618,0.1611383201130728,0.5622222222222223,0.0864154984882128,0.9176507479301556,2.7757011833333327,24.0,24.0,24.0,1.0,7.0,16.0,19,theta_011,DE/rand,fixed,1%,crowding-pruned,repair+feasible-first,2,rand2,paper,0.01,10,0.0769230769230769,5,0,0,rank,1,17.1,17
train,syn_n50_k30_pathological_cov_mixed_low_vol_r01_s20260665,15,theta_067,1.163752337564465,0.1083026089787607,0.7250000000000002,0.1696064614532179,1.0835419733823,6.882649196666666,18.0,18.0,18.0,15.0,23.0,18.4,24,theta_067,mixed,fixed,5%,crowding-pruned,repair+feasible-first,2,mixed,paper,0.05,5,0.0769230769230769,5,0,0,rank,1,17.1,18
train,syn_n50_k30_pathological_cov_mixed_low_vol_r01_s20260665,15,theta_076,1.163752337564465,0.1083026089787607,0.7250000000000002,0.1696064614532179,1.0835419733823,2.8852728033333337,18.0,18.0,18.0,15.0,15.0,16.8,23,theta_076,mixed,adaptive,5%,crowding-pruned,repair+feasible-first,2,mixed,stable,0.05,5,0.0769230769230769,5,0,0,rank,1,17.1,19
train,syn_n50_k30_pathological_cov_mixed_low_vol_r01_s20260665,15,theta_078,1.163752337564465,0.1083026089787607,0.7250000000000002,0.1696064614532179,1.0835419733823,2.820513503333333,18.0,18.0,18.0,15.0,12.0,16.2,20,theta_078,mixed,adaptive,5%,crowding-pruned,repair+feasible-first,2,mixed,stable,0.05,20,0.0769230769230769,5,0,0,rank,1,17.1,20
train,syn_n50_k30_pathological_cov_mixed_low_vol_r01_s20260665,15,theta_164,1.1624555366187337,0.113312741084817,0.716111111111111,0.1639667157994365,1.0884320611950995,2.695472483333333,21.0,21.0,21.0,9.0,4.0,15.2,17,theta_164,DE/rand,none,1%,crowding-pruned,repair+feasible-first,5,rand2,none,0.01,10,0.0769230769230769,5,0,0,rank,1,17.4,21
train,syn_n50_k30_pathological_cov_mixed_low_vol_r01_s20260665,15,theta_170,1.1624555366187337,0.113312741084817,0.716111111111111,0.1639667157994365,1.0884320611950995,2.8019391600000003,21.0,21.0,21.0,9.0,10.0,16.4,21,theta_170,DE/rand,none,10%,crowding-pruned,repair+feasible-first,5,rand2,none,0.1,10,0.0769230769230769,5,0,0,rank,1,17.4,22
train,syn_n50_k30_pathological_cov_mixed_low_vol_r01_s20260665,15,theta_189,1.1624555366187337,0.113312741084817,0.716111111111111,0.1639667157994365,1.0884320611950995,2.732328586666667,21.0,21.0,21.0,9.0,5.0,15.4,18,theta_189,DE/rand,adaptive,10%,crowding-pruned,repair+feasible-first,5,rand2,stable,0.1,20,0.0769230769230769,5,0,0,rank,1,17.4,23
train,syn_n50_k30_pathological_cov_mixed_low_vol_r01_s20260665,15,theta_175,1.161735296835075,0.1182527666553308,0.7058333333333332,0.1612571077405117,1.073243489597021,2.7687010066666677,23.0,23.0,23.0,7.0,6.0,16.4,22,theta_175,DE/rand,fixed,5%,crowding-pruned,repair+feasible-first,5,rand2,paper,0.05,5,0.0769230769230769,5,0,0,rank,1,18.200000000000003,24
train,syn_n50_k30_pathological_cov_normal_extreme_events_r02_s20260669,15,theta_200,1.0520753499897502,0.0046427669909264,0.9911111111111112,0.0109154902841842,0.8882743884699235,2.9408049833333334,1.0,1.0,1.0,9.0,4.0,3.2,1,theta_200,DE/best,fixed,1%,crowding-pruned,repair+feasible-first,5,best2,paper,0.01,10,0.0769230769230769,5,0,0,rank,1,3.3999999999999995,1
train,syn_n50_k30_pathological_cov_normal_extreme_events_r02_s20260669,15,theta_067,1.0477121926976816,0.0066376212335382,0.9880555555555558,0.0113613333337454,0.8708011423915915,7.56775387,8.0,10.0,3.0,11.0,22.0,10.8,9,theta_067,mixed,fixed,5%,crowding-pruned,repair+feasible-first,2,mixed,paper,0.05,5,0.0769230769230769,5,0,0,rank,1,7.8,2
train,syn_n50_k30_pathological_cov_normal_extreme_events_r02_s20260669,15,theta_076,1.0477121926976816,0.0066376212335382,0.9880555555555558,0.0113613333337454,0.8708011423915915,3.082500806666667,8.0,10.0,3.0,11.0,11.0,8.6,5,theta_076,mixed,adaptive,5%,crowding-pruned,repair+feasible-first,2,mixed,stable,0.05,5,0.0769230769230769,5,0,0,rank,1,7.8,3
train,syn_n50_k30_pathological_cov_normal_extreme_events_r02_s20260669,15,theta_078,1.0477121926976816,0.0066376212335382,0.9880555555555558,0.0113613333337454,0.8708011423915915,3.1430803466666664,8.0,10.0,3.0,11.0,14.0,9.2,7,theta_078,mixed,adaptive,5%,crowding-pruned,repair+feasible-first,2,mixed,stable,0.05,20,0.0769230769230769,5,0,0,rank,1,7.8,4
train,syn_n50_k30_pathological_cov_normal_extreme_events_r02_s20260669,15,theta_118,1.0488286413741554,0.0063657357861374,0.9869444444444446,0.0124667630950935,0.8896549205819947,2.1355381933333333,3.0,7.0,6.0,16.0,2.0,6.8,3,theta_118,DE/best,fixed,1%,crowding-pruned,repair+feasible-first,3,best2,paper,0.01,5,0.0769230769230769,5,0,0,rank,1,8.6,5
train,syn_n50_k30_pathological_cov_normal_extreme_events_r02_s20260669,15,theta_131,1.0488286413741554,0.0063657357861374,0.9869444444444446,0.0124667630950935,0.8896549205819947,1.7417997233333335,3.0,7.0,6.0,16.0,1.0,6.6,2,theta_131,DE/best,adaptive,5%,crowding-pruned,repair+feasible-first,3,best2,stable,0.05,10,0.0769230769230769,5,0,0,rank,1,8.6,6
train,syn_n50_k30_pathological_cov_normal_extreme_events_r02_s20260669,15,theta_132,1.0488286413741554,0.0063657357861374,0.9869444444444446,0.0124667630950935,0.8896549205819947,3.558625603333333,3.0,7.0,6.0,16.0,15.0,9.4,8,theta_132,DE/best,adaptive,5%,crowding-pruned,repair+feasible-first,3,best2,stable,0.05,20,0.0769230769230769,5,0,0,rank,1,8.6,7
train,syn_n50_k30_pathological_cov_normal_extreme_events_r02_s20260669,15,theta_084,1.0469448506781256,0.0055242826112551,0.9825000000000002,0.0078680674587725,0.8616790005290983,7.59756751,15.0,3.0,15.0,2.0,23.0,11.6,10,theta_084,DE/rand,none,1%,crowding-pruned,repair+feasible-first,3,rand2,none,0.01,20,0.0769230769230769,5,0,0,rank,1,8.7,8
train,syn_n50_k30_pathological_cov_normal_extreme_events_r02_s20260669,15,theta_086,1.0469448506781256,0.0055242826112551,0.9825000000000002,0.0078680674587725,0.8616790005290983,7.844541029999999,15.0,3.0,15.0,2.0,24.0,11.8,12,theta_086,DE/rand,none,5%,crowding-pruned,repair+feasible-first,3,rand2,none,0.05,10,0.0769230769230769,5,0,0,rank,1,8.7,9
train,syn_n50_k30_pathological_cov_normal_extreme_events_r02_s20260669,15,theta_089,1.0469448506781256,0.0055242826112551,0.9825000000000002,0.0078680674587725,0.8616790005290983,2.526640266666667,15.0,3.0,15.0,2.0,3.0,7.6,4,theta_089,DE/rand,none,10%,crowding-pruned,repair+feasible-first,3,rand2,none,0.1,10,0.0769230769230769,5,0,0,rank,1,8.7,10
train,syn_n50_k30_pathological_cov_normal_extreme_events_r02_s20260669,15,theta_144,1.0478841898220654,0.0069034771950734,0.9858333333333336,0.0115920656746322,0.8695083841664348,7.041777263333333,5.5,12.5,8.5,13.5,18.0,11.6,11,theta_144,mixed,none,10%,crowding-pruned,repair+feasible-first,3,mixed,none,0.1,20,0.0769230769230769,5,0,0,rank,1,10.2,11
train,syn_n50_k30_pathological_cov_normal_extreme_events_r02_s20260669,15,theta_159,1.0478841898220654,0.0069034771950734,0.9858333333333336,0.0115920656746322,0.8695083841664348,2.958316316666667,5.5,12.5,8.5,13.5,5.0,9.0,6,theta_159,mixed,adaptive,5%,crowding-pruned,repair+feasible-first,3,mixed,stable,0.05,20,0.0769230769230769,5,0,0,rank,1,10.2,12
train,syn_n50_k30_pathological_cov_normal_extreme_events_r02_s20260669,15,theta_034,1.047230814435531,0.0075319535030166,0.9847222222222224,0.0107239615418717,0.8724504636762264,7.039871283333333,11.5,15.5,11.5,6.5,17.0,12.4,14,theta_034,DE/best,none,10%,crowding-pruned,repair+feasible-first,2,best2,none,0.1,5,0.0769230769230769,5,0,0,rank,1,10.799999999999999,13
train,syn_n50_k30_pathological_cov_normal_extreme_events_r02_s20260669,15,theta_037,1.047230814435531,0.0075319535030166,0.9847222222222224,0.0107239615418717,0.8724504636762264,7.368137823333333,11.5,15.5,11.5,6.5,20.0,13.0,16,theta_037,DE/best,fixed,1%,crowding-pruned,repair+feasible-first,2,best2,paper,0.01,5,0.0769230769230769,5,0,0,rank,1,10.799999999999999,14
train,syn_n50_k30_pathological_cov_normal_extreme_events_r02_s20260669,15,theta_045,1.047230814435531,0.0075319535030166,0.9847222222222224,0.0107239615418717,0.8724504636762264,7.393891263333334,11.5,15.5,11.5,6.5,21.0,13.2,17,theta_045,DE/best,fixed,10%,crowding-pruned,repair+feasible-first,2,best2,paper,0.1,20,0.0769230769230769,5,0,0,rank,1,10.799999999999999,15
train,syn_n50_k30_pathological_cov_normal_extreme_events_r02_s20260669,15,theta_047,1.047230814435531,0.0075319535030166,0.9847222222222224,0.0107239615418717,0.8724504636762264,7.1462063733333325,11.5,15.5,11.5,6.5,19.0,12.8,15,theta_047,DE/best,adaptive,1%,crowding-pruned,repair+feasible-first,2,best2,stable,0.01,10,0.0769230769230769,5,0,0,rank,1,10.799999999999999,16
train,syn_n50_k30_pathological_cov_normal_extreme_events_r02_s20260669,15,theta_011,1.0450695185101735,0.0063151398590289,0.9794444444444446,0.0094135003311994,0.8515339403243224,3.742347826666666,20.0,5.0,17.0,4.0,16.0,12.4,13,theta_011,DE/rand,fixed,1%,crowding-pruned,repair+feasible-first,2,rand2,paper,0.01,10,0.0769230769230769,5,0,0,rank,1,11.299999999999999,17
train,syn_n50_k30_pathological_cov_normal_extreme_events_r02_s20260669,15,theta_223,1.0458018113259653,0.008447347357987,0.9602777777777778,0.0140299024139707,0.8742521766647028,3.012047126666667,18.0,23.0,19.0,19.0,7.0,17.2,19,theta_223,mixed,none,10%,crowding-pruned,repair+feasible-first,5,mixed,none,0.1,5,0.0769230769230769,5,0,0,rank,1,19.6,18
train,syn_n50_k30_pathological_cov_normal_extreme_events_r02_s20260669,15,theta_234,1.0458018113259653,0.008447347357987,0.9602777777777778,0.0140299024139707,0.8742521766647028,3.0358288166666667,18.0,23.0,19.0,19.0,9.0,17.6,20,theta_234,mixed,fixed,10%,crowding-pruned,repair+feasible-first,5,mixed,paper,0.1,20,0.0769230769230769,5,0,0,rank,1,19.6,19
train,syn_n50_k30_pathological_cov_normal_extreme_events_r02_s20260669,15,theta_237,1.0458018113259653,0.008447347357987,0.9602777777777778,0.0140299024139707,0.8742521766647028,3.0117126266666667,18.0,23.0,19.0,19.0,6.0,17.0,18,theta_237,mixed,adaptive,1%,crowding-pruned,repair+feasible-first,5,mixed,stable,0.01,20,0.0769230769230769,5,0,0,rank,1,19.6,20
train,syn_n50_k30_pathological_cov_normal_extreme_events_r02_s20260669,15,theta_164,1.0441540742903963,0.0083013822988566,0.9594444444444448,0.014705163940035,0.8729055480428092,3.0326194466666663,22.5,19.5,22.5,22.5,8.0,19.0,21,theta_164,DE/rand,none,1%,crowding-pruned,repair+feasible-first,5,rand2,none,0.01,10,0.0769230769230769,5,0,0,rank,1,21.9,21
train,syn_n50_k30_pathological_cov_normal_extreme_events_r02_s20260669,15,theta_170,1.0441540742903963,0.0083013822988566,0.9594444444444448,0.014705163940035,0.8729055480428092,3.0418158466666667,22.5,19.5,22.5,22.5,10.0,19.4,22,theta_170,DE/rand,none,10%,crowding-pruned,repair+feasible-first,5,rand2,none,0.1,10,0.0769230769230769,5,0,0,rank,1,21.9,22
train,syn_n50_k30_pathological_cov_normal_extreme_events_r02_s20260669,15,theta_175,1.0441540742903963,0.0083013822988566,0.9594444444444448,0.014705163940035,0.8729055480428092,3.12442272,22.5,19.5,22.5,22.5,13.0,20.0,24,theta_175,DE/rand,fixed,5%,crowding-pruned,repair+feasible-first,5,rand2,paper,0.05,5,0.0769230769230769,5,0,0,rank,1,21.9,23
train,syn_n50_k30_pathological_cov_normal_extreme_events_r02_s20260669,15,theta_189,1.0441540742903963,0.0083013822988566,0.9594444444444448,0.014705163940035,0.8729055480428092,3.10851098,22.5,19.5,22.5,22.5,12.0,19.8,23,theta_189,DE/rand,adaptive,10%,crowding-pruned,repair+feasible-first,5,rand2,stable,0.1,20,0.0769230769230769,5,0,0,rank,1,21.9,24
