dataset,split,instance,assets,K,k_ratio,method,run,HV,IGD,PF_Overlap,Runtime,PF_Size,PF_Feasible_Rate,Population_Feasible_Rate,PF_Mean_Violation,PF_Max_Violation,Population_Mean_Violation,Population_Max_Violation,Diversity,Spacing,Archive_Size,Archive_Diversity,Archive_Spacing,run_dir
Synthetic,train,syn_n50_k05_low_corr_skewed_extreme_events_r02_s20260627,50,3,0.05,NSGAII,24,1.0820960059614035,0.005213628392417634,0.9083333333333333,0.6949917,100,1.0,1.0,1.9317880628477724e-16,1.1102230246251563e-15,1.9317880628477724e-16,1.1102230246251563e-15,1.2367609397160215,0.006717683808172162,94,1.2367609397160215,0.0067176838081721,C:\Users\yiting\Documents\Playground\p0_lite_outputs\synthetic_constrained_portfolio\train\syn_n50_k05_low_corr_skewed_extreme_events_r02_s20260627\K_03\NSGAII\run_024
Synthetic,train,syn_n50_k05_low_corr_skewed_extreme_events_r02_s20260627,50,3,0.05,NSGAII,20,1.081664264019287,0.005489339457606273,0.9333333333333333,0.6684615,100,1.0,1.0,2.9087843245179103e-16,1.1102230246251563e-15,2.9087843245179103e-16,1.1102230246251563e-15,1.2390422401615344,0.0056950758022918865,96,1.2390422401615344,0.0056950758022918,C:\Users\yiting\Documents\Playground\p0_lite_outputs\synthetic_constrained_portfolio\train\syn_n50_k05_low_corr_skewed_extreme_events_r02_s20260627\K_03\NSGAII\run_020
Synthetic,train,syn_n50_k05_low_corr_skewed_extreme_events_r02_s20260627,50,3,0.05,NSGAII,9,1.0827482171348806,0.0045663602011901455,0.9166666666666666,0.729373,100,1.0,1.0,2.4091839634365896e-16,1.1102230246251563e-15,2.4091839634365896e-16,1.1102230246251563e-15,1.2377729788911906,0.0051620473692457845,98,1.2377729788911906,0.0051620473692457,C:\Users\yiting\Documents\Playground\p0_lite_outputs\synthetic_constrained_portfolio\train\syn_n50_k05_low_corr_skewed_extreme_events_r02_s20260627\K_03\NSGAII\run_009
Synthetic,train,syn_n50_k05_low_corr_skewed_extreme_events_r02_s20260627,50,3,0.05,NSGAII,3,1.0790151680567193,0.006264485740844622,0.8666666666666667,0.8525435,100,1.0,1.0,2.1316282072803002e-16,1.1102230246251563e-15,2.1316282072803002e-16,1.1102230246251563e-15,1.1489587298081911,0.005277221521791787,98,1.1489587298081911,0.0052772215217917,C:\Users\yiting\Documents\Playground\p0_lite_outputs\synthetic_constrained_portfolio\train\syn_n50_k05_low_corr_skewed_extreme_events_r02_s20260627\K_03\NSGAII\run_003
Synthetic,train,syn_n50_k05_low_corr_skewed_extreme_events_r02_s20260627,50,3,0.05,NSGAII,15,1.0822148164112917,0.004877366596964499,0.925,0.7275906,100,1.0,1.0,2.2648549702353194e-16,1.1102230246251563e-15,2.2648549702353194e-16,1.1102230246251563e-15,1.2270127445693648,0.005125497694965578,97,1.2270127445693648,0.0051254976949655,C:\Users\yiting\Documents\Playground\p0_lite_outputs\synthetic_constrained_portfolio\train\syn_n50_k05_low_corr_skewed_extreme_events_r02_s20260627\K_03\NSGAII\run_015
Synthetic,train,syn_n50_k05_low_corr_skewed_extreme_events_r02_s20260627,50,3,0.05,NSGAII,22,1.0815431704863594,0.005127838174741324,0.875,0.6968213,100,1.0,1.0,2.609024107869118e-16,1.1102230246251563e-15,2.609024107869118e-16,1.1102230246251563e-15,1.2352960113619333,0.0059935243912062975,98,1.2352960113619331,0.0059935243912062,C:\Users\yiting\Documents\Playground\p0_lite_outputs\synthetic_constrained_portfolio\train\syn_n50_k05_low_corr_skewed_extreme_events_r02_s20260627\K_03\NSGAII\run_022
Synthetic,train,syn_n50_k05_low_corr_skewed_extreme_events_r02_s20260627,50,3,0.05,NSGAII,5,1.081894721675561,0.0049588668213341,0.8833333333333333,0.7718954,100,1.0,1.0,1.887379141862766e-16,1.1102230246251563e-15,1.887379141862766e-16,1.1102230246251563e-15,1.2365612199303533,0.005223132442529342,98,1.2365612199303533,0.0052231324425293,C:\Users\yiting\Documents\Playground\p0_lite_outputs\synthetic_constrained_portfolio\train\syn_n50_k05_low_corr_skewed_extreme_events_r02_s20260627\K_03\NSGAII\run_005
Synthetic,train,syn_n50_k05_low_corr_skewed_extreme_events_r02_s20260627,50,3,0.05,NSGAII,2,1.082617242454375,0.005151719219174653,0.925,1.6078622,100,1.0,1.0,1.8207657603852566e-16,1.1102230246251563e-15,1.8207657603852566e-16,1.1102230246251563e-15,1.1760490424480767,0.005407731315845324,97,1.1760490424480767,0.0054077313158453,C:\Users\yiting\Documents\Playground\p0_lite_outputs\synthetic_constrained_portfolio\train\syn_n50_k05_low_corr_skewed_extreme_events_r02_s20260627\K_03\NSGAII\run_002
Synthetic,train,syn_n50_k05_low_corr_skewed_extreme_events_r02_s20260627,50,3,0.05,NSGAII,13,1.0793512651513018,0.005816678360333448,0.9333333333333333,0.7575087,100,1.0,1.0,2.0317081350640363e-16,1.1102230246251563e-15,2.0317081350640363e-16,1.1102230246251563e-15,1.1553084343006748,0.005393491321308386,94,1.1553084343006748,0.0053934913213083,C:\Users\yiting\Documents\Playground\p0_lite_outputs\synthetic_constrained_portfolio\train\syn_n50_k05_low_corr_skewed_extreme_events_r02_s20260627\K_03\NSGAII\run_013
Synthetic,train,syn_n50_k05_low_corr_skewed_extreme_events_r02_s20260627,50,3,0.05,NSGAII,19,1.0822324259462377,0.005598973590954505,0.9083333333333333,0.6814768,100,1.0,1.0,2.287059430727822e-16,1.1102230246251563e-15,2.287059430727822e-16,1.1102230246251563e-15,1.1776980681874782,0.004803763199700505,99,1.1776980681874782,0.0048037631997005,C:\Users\yiting\Documents\Playground\p0_lite_outputs\synthetic_constrained_portfolio\train\syn_n50_k05_low_corr_skewed_extreme_events_r02_s20260627\K_03\NSGAII\run_019
Synthetic,train,syn_n50_k05_low_corr_skewed_extreme_events_r02_s20260627,50,3,0.05,SPEA2,8,1.0770202667925977,0.0062317098967061444,0.7916666666666666,7.8008758,100,1.0,1.0,2.0761170560490426e-16,1.1102230246251563e-15,2.0761170560490426e-16,1.1102230246251563e-15,1.2128238076949607,0.008100448204524015,100,1.212823807694961,0.008100448204524,C:\Users\yiting\Documents\Playground\p0_lite_outputs\synthetic_constrained_portfolio\train\syn_n50_k05_low_corr_skewed_extreme_events_r02_s20260627\K_03\SPEA2\run_008
Synthetic,train,syn_n50_k05_low_corr_skewed_extreme_events_r02_s20260627,50,3,0.05,NSGAII,6,1.0820729896325558,0.00487241296970747,0.9,0.8218655,100,1.0,1.0,1.7208456881689927e-16,1.1102230246251563e-15,1.7208456881689927e-16,1.1102230246251563e-15,1.227213741518559,0.005882277386335153,99,1.227213741518559,0.0058822773863351,C:\Users\yiting\Documents\Playground\p0_lite_outputs\synthetic_constrained_portfolio\train\syn_n50_k05_low_corr_skewed_extreme_events_r02_s20260627\K_03\NSGAII\run_006
Synthetic,train,syn_n50_k05_low_corr_skewed_extreme_events_r02_s20260627,50,3,0.05,NSGAII,4,1.0746239409413474,0.00607471639074082,0.8416666666666667,0.7197401,100,1.0,1.0,1.965094753586527e-16,1.1102230246251563e-15,1.965094753586527e-16,1.1102230246251563e-15,1.1989363827711939,0.005206333069180786,97,1.198936382771194,0.0052063330691807,C:\Users\yiting\Documents\Playground\p0_lite_outputs\synthetic_constrained_portfolio\train\syn_n50_k05_low_corr_skewed_extreme_events_r02_s20260627\K_03\NSGAII\run_004
Synthetic,train,syn_n50_k05_low_corr_skewed_extreme_events_r02_s20260627,50,3,0.05,NSGAII,26,1.0821624154768488,0.00559112272974753,0.9083333333333333,0.7171419,100,1.0,1.0,2.5868196473766153e-16,1.1102230246251563e-15,2.5868196473766153e-16,1.1102230246251563e-15,1.1770103842991018,0.005929386376677859,97,1.1770103842991018,0.0059293863766778,C:\Users\yiting\Documents\Playground\p0_lite_outputs\synthetic_constrained_portfolio\train\syn_n50_k05_low_corr_skewed_extreme_events_r02_s20260627\K_03\NSGAII\run_026
Synthetic,train,syn_n50_k05_low_corr_skewed_extreme_events_r02_s20260627,50,3,0.05,NSGAII,21,1.0824287744331589,0.004824785909023326,0.9333333333333333,0.6771794,100,1.0,1.0,3.5749181392930043e-16,1.1102230246251563e-15,3.5749181392930043e-16,1.1102230246251563e-15,1.2274581499594615,0.004872689476828664,96,1.2274581499594617,0.0048726894768286,C:\Users\yiting\Documents\Playground\p0_lite_outputs\synthetic_constrained_portfolio\train\syn_n50_k05_low_corr_skewed_extreme_events_r02_s20260627\K_03\NSGAII\run_021
Synthetic,train,syn_n50_k05_low_corr_skewed_extreme_events_r02_s20260627,50,3,0.05,NSGAII,16,1.076914042557131,0.005730254292578329,0.8583333333333333,0.6784912,100,1.0,1.0,2.9087843245179103e-16,1.1102230246251563e-15,2.9087843245179103e-16,1.1102230246251563e-15,1.2150975331214338,0.0059157974569299145,96,1.2150975331214338,0.0059157974569299,C:\Users\yiting\Documents\Playground\p0_lite_outputs\synthetic_constrained_portfolio\train\syn_n50_k05_low_corr_skewed_extreme_events_r02_s20260627\K_03\NSGAII\run_016
Synthetic,train,syn_n50_k05_low_corr_skewed_extreme_events_r02_s20260627,50,3,0.05,NSGAII,12,1.079448888350629,0.005895808965368684,0.8666666666666667,0.7278042,100,1.0,1.0,1.9984014443252816e-16,1.1102230246251563e-15,1.9984014443252816e-16,1.1102230246251563e-15,1.1541784670664537,0.005027756877102983,96,1.1541784670664537,0.0050277568771029,C:\Users\yiting\Documents\Playground\p0_lite_outputs\synthetic_constrained_portfolio\train\syn_n50_k05_low_corr_skewed_extreme_events_r02_s20260627\K_03\NSGAII\run_012
Synthetic,train,syn_n50_k05_low_corr_skewed_extreme_events_r02_s20260627,50,3,0.05,NSGAII,11,1.081111969495497,0.005380424179663371,0.9166666666666666,0.7157293,100,1.0,1.0,1.787459069646502e-16,1.1102230246251563e-15,1.787459069646502e-16,1.1102230246251563e-15,1.1980691403303765,0.005815900772635195,97,1.1980691403303765,0.0058159007726351,C:\Users\yiting\Documents\Playground\p0_lite_outputs\synthetic_constrained_portfolio\train\syn_n50_k05_low_corr_skewed_extreme_events_r02_s20260627\K_03\NSGAII\run_011
Synthetic,train,syn_n50_k05_low_corr_skewed_extreme_events_r02_s20260627,50,3,0.05,SPEA2,3,1.0833545952371417,0.005106267058342359,0.85,10.1566873,100,1.0,1.0,2.2648549702353194e-16,1.1102230246251563e-15,2.2648549702353194e-16,1.1102230246251563e-15,1.2272266540215953,0.008082683646064891,100,1.2272266540215953,0.0080826836460648,C:\Users\yiting\Documents\Playground\p0_lite_outputs\synthetic_constrained_portfolio\train\syn_n50_k05_low_corr_skewed_extreme_events_r02_s20260627\K_03\SPEA2\run_003
Synthetic,train,syn_n50_k05_low_corr_skewed_extreme_events_r02_s20260627,50,3,0.05,NSGAII,17,1.0822289787019945,0.005208904807846605,0.9083333333333333,0.6707097,100,1.0,1.0,1.831867990631508e-16,1.1102230246251563e-15,1.831867990631508e-16,1.1102230246251563e-15,1.226999382583272,0.005425760392083782,94,1.226999382583272,0.0054257603920837,C:\Users\yiting\Documents\Playground\p0_lite_outputs\synthetic_constrained_portfolio\train\syn_n50_k05_low_corr_skewed_extreme_events_r02_s20260627\K_03\NSGAII\run_017
Synthetic,train,syn_n50_k05_low_corr_skewed_extreme_events_r02_s20260627,50,3,0.05,SPEA2,22,1.0816904276332482,0.005293402634456704,0.8,10.0059672,100,1.0,1.0,2.4424906541753446e-16,1.1102230246251563e-15,2.4424906541753446e-16,1.1102230246251563e-15,1.1970777933107182,0.007599337767209514,100,1.1970777933107182,0.0075993377672095,C:\Users\yiting\Documents\Playground\p0_lite_outputs\synthetic_constrained_portfolio\train\syn_n50_k05_low_corr_skewed_extreme_events_r02_s20260627\K_03\SPEA2\run_022
Synthetic,train,syn_n50_k05_low_corr_skewed_extreme_events_r02_s20260627,50,3,0.05,NSGAII,27,1.0821667384485063,0.005570714629564668,0.8666666666666667,0.7112097,100,1.0,1.0,2.19824158875781e-16,1.1102230246251563e-15,2.19824158875781e-16,1.1102230246251563e-15,1.1778860117307433,0.006627160853063245,95,1.1778860117307433,0.0066271608530632,C:\Users\yiting\Documents\Playground\p0_lite_outputs\synthetic_constrained_portfolio\train\syn_n50_k05_low_corr_skewed_extreme_events_r02_s20260627\K_03\NSGAII\run_027
Synthetic,train,syn_n50_k05_low_corr_skewed_extreme_events_r02_s20260627,50,3,0.05,NSGAII,23,1.0815645486761798,0.0057201135126379405,0.8833333333333333,0.6799535,100,1.0,1.0,1.6986412276764895e-16,1.1102230246251563e-15,1.6986412276764895e-16,1.1102230246251563e-15,1.1773525278232382,0.006510812109017152,97,1.1773525278232382,0.0065108121090171,C:\Users\yiting\Documents\Playground\p0_lite_outputs\synthetic_constrained_portfolio\train\syn_n50_k05_low_corr_skewed_extreme_events_r02_s20260627\K_03\NSGAII\run_023
Synthetic,train,syn_n50_k05_low_corr_skewed_extreme_events_r02_s20260627,50,3,0.05,SPEA2,6,1.083197445853332,0.005277802539179142,0.875,8.5975628,100,1.0,1.0,2.4424906541753446e-16,1.1102230246251563e-15,2.4424906541753446e-16,1.1102230246251563e-15,1.2275678670553194,0.007721853110807644,100,1.2275678670553194,0.0077218531108076,C:\Users\yiting\Documents\Playground\p0_lite_outputs\synthetic_constrained_portfolio\train\syn_n50_k05_low_corr_skewed_extreme_events_r02_s20260627\K_03\SPEA2\run_006
Synthetic,train,syn_n50_k05_low_corr_skewed_extreme_events_r02_s20260627,50,3,0.05,NSGAII,30,1.0820466772426005,0.005104245269238193,0.9166666666666666,0.7357304,100,1.0,1.0,1.687538997430238e-16,1.1102230246251563e-15,1.687538997430238e-16,1.1102230246251563e-15,1.2370593299725632,0.005199156494184791,98,1.2370593299725632,0.0051991564941847,C:\Users\yiting\Documents\Playground\p0_lite_outputs\synthetic_constrained_portfolio\train\syn_n50_k05_low_corr_skewed_extreme_events_r02_s20260627\K_03\NSGAII\run_030
Synthetic,train,syn_n50_k05_low_corr_skewed_extreme_events_r02_s20260627,50,3,0.05,NSGAII,1,1.0640393481797927,0.020061304012455837,0.325,2.5938877,99,1.0,1.0,1.3008673823890723e-16,1.1102230246251563e-15,1.2878587085651815e-16,1.1102230246251563e-15,1.2568396052351474,0.012906059569840195,83,1.2568396052351474,0.0129060595698401,C:\Users\yiting\Documents\Playground\p0_lite_outputs\synthetic_constrained_portfolio\train\syn_n50_k05_low_corr_skewed_extreme_events_r02_s20260627\K_03\NSGAII\run_001
Synthetic,train,syn_n50_k05_low_corr_skewed_extreme_events_r02_s20260627,50,3,0.05,NSGAII,18,1.0827095751977796,0.00549175962663188,0.875,0.6834713,100,1.0,1.0,2.020605904817785e-16,1.1102230246251563e-15,2.020605904817785e-16,1.1102230246251563e-15,1.1778667267637577,0.00580042675233911,95,1.1778667267637577,0.0058004267523391,C:\Users\yiting\Documents\Playground\p0_lite_outputs\synthetic_constrained_portfolio\train\syn_n50_k05_low_corr_skewed_extreme_events_r02_s20260627\K_03\NSGAII\run_018
Synthetic,train,syn_n50_k05_low_corr_skewed_extreme_events_r02_s20260627,50,3,0.05,NSGAII,8,1.07435725209946,0.0072459690585138774,0.875,0.7435691,100,1.0,1.0,2.7866597918091427e-16,1.1102230246251563e-15,2.7866597918091427e-16,1.1102230246251563e-15,1.1245808185678805,0.005171398410351442,95,1.1245808185678805,0.0051713984103514,C:\Users\yiting\Documents\Playground\p0_lite_outputs\synthetic_constrained_portfolio\train\syn_n50_k05_low_corr_skewed_extreme_events_r02_s20260627\K_03\NSGAII\run_008
Synthetic,train,syn_n50_k05_low_corr_skewed_extreme_events_r02_s20260627,50,3,0.05,NSGAII,25,1.0825543043819594,0.0045073283508993275,0.925,0.7030308,100,1.0,1.0,2.109423746787797e-16,1.1102230246251563e-15,2.109423746787797e-16,1.1102230246251563e-15,1.227077619246466,0.005870142365118666,96,1.227077619246466,0.0058701423651186,C:\Users\yiting\Documents\Playground\p0_lite_outputs\synthetic_constrained_portfolio\train\syn_n50_k05_low_corr_skewed_extreme_events_r02_s20260627\K_03\NSGAII\run_025
Synthetic,train,syn_n50_k05_low_corr_skewed_extreme_events_r02_s20260627,50,3,0.05,NSGAII,14,1.0823026020351716,0.005035888709347747,0.9083333333333333,0.736196,100,1.0,1.0,2.042810365310288e-16,1.1102230246251563e-15,2.042810365310288e-16,1.1102230246251563e-15,1.2354117658380008,0.005486715091117797,95,1.2354117658380008,0.0054867150911177,C:\Users\yiting\Documents\Playground\p0_lite_outputs\synthetic_constrained_portfolio\train\syn_n50_k05_low_corr_skewed_extreme_events_r02_s20260627\K_03\NSGAII\run_014
Synthetic,train,syn_n50_k05_low_corr_skewed_extreme_events_r02_s20260627,50,3,0.05,NSGAII,10,1.0822029017134622,0.004876736370038925,0.8833333333333333,0.7459337,100,1.0,1.0,3.0975222387041873e-16,1.1102230246251563e-15,3.0975222387041873e-16,1.1102230246251563e-15,1.2256061450291837,0.005121809036021965,98,1.2256061450291835,0.0051218090360219,C:\Users\yiting\Documents\Playground\p0_lite_outputs\synthetic_constrained_portfolio\train\syn_n50_k05_low_corr_skewed_extreme_events_r02_s20260627\K_03\NSGAII\run_010
Synthetic,train,syn_n50_k05_low_corr_skewed_extreme_events_r02_s20260627,50,3,0.05,NSGAII,7,1.0809483688640797,0.0060588303107536184,0.8583333333333333,0.7474428,100,1.0,1.0,2.0317081350640363e-16,1.1102230246251563e-15,2.0317081350640363e-16,1.1102230246251563e-15,1.2257743639168834,0.00548915452046766,97,1.2257743639168834,0.0054891545204676,C:\Users\yiting\Documents\Playground\p0_lite_outputs\synthetic_constrained_portfolio\train\syn_n50_k05_low_corr_skewed_extreme_events_r02_s20260627\K_03\NSGAII\run_007
Synthetic,train,syn_n50_k05_low_corr_skewed_extreme_events_r02_s20260627,50,3,0.05,SPEA2,7,1.0803129885433254,0.006037952129115673,0.7916666666666666,8.2364207,100,1.0,1.0,2.753353101070388e-16,1.1102230246251563e-15,2.753353101070388e-16,1.1102230246251563e-15,1.2274913603017676,0.007536383688619364,100,1.2274913603017676,0.0075363836886193,C:\Users\yiting\Documents\Playground\p0_lite_outputs\synthetic_constrained_portfolio\train\syn_n50_k05_low_corr_skewed_extreme_events_r02_s20260627\K_03\SPEA2\run_007
Synthetic,train,syn_n50_k05_low_corr_skewed_extreme_events_r02_s20260627,50,3,0.05,MOEAD,4,0.8972718972071171,0.18582841051684357,0.21666666666666667,13.8590411,89,1.0,1.0,2.644576193489137e-16,1.1102230246251563e-15,2.797762022055394e-16,1.1102230246251563e-15,0.32402211947160925,0.00129310167560458,73,0.3240221194716092,0.0012931016756045,C:\Users\yiting\Documents\Playground\p0_lite_outputs\synthetic_constrained_portfolio\train\syn_n50_k05_low_corr_skewed_extreme_events_r02_s20260627\K_03\MOEAD\run_004
Synthetic,train,syn_n50_k05_low_corr_skewed_extreme_events_r02_s20260627,50,3,0.05,MOEAD,1,0.8516953302886628,0.17777878125496768,0.0,1.2965394,40,1.0,1.0,2.1371793224034264e-16,1.1102230246251563e-15,2.76445533131664e-16,1.1102230246251563e-15,0.4258629406041296,0.012773243188404143,17,0.4258629406041296,0.0127732431884041,C:\Users\yiting\Documents\Playground\p0_lite_outputs\synthetic_constrained_portfolio\train\syn_n50_k05_low_corr_skewed_extreme_events_r02_s20260627\K_03\MOEAD\run_001
Synthetic,train,syn_n50_k05_low_corr_skewed_extreme_events_r02_s20260627,50,3,0.05,SPEA2,18,1.082998791203939,0.005353834688475032,0.8083333333333333,7.4523633,100,1.0,1.0,2.964295475749168e-16,1.1102230246251563e-15,2.964295475749168e-16,1.1102230246251563e-15,1.227464298015306,0.007730743003833467,100,1.227464298015306,0.0077307430038334,C:\Users\yiting\Documents\Playground\p0_lite_outputs\synthetic_constrained_portfolio\train\syn_n50_k05_low_corr_skewed_extreme_events_r02_s20260627\K_03\SPEA2\run_018
Synthetic,train,syn_n50_k05_low_corr_skewed_extreme_events_r02_s20260627,50,3,0.05,SPEA2,23,1.0832220236343169,0.005090949467931778,0.8416666666666667,9.9522406,100,1.0,1.0,2.542410726391608e-16,1.1102230246251563e-15,2.542410726391608e-16,1.1102230246251563e-15,1.227166605574141,0.007816979728527365,100,1.227166605574141,0.0078169797285273,C:\Users\yiting\Documents\Playground\p0_lite_outputs\synthetic_constrained_portfolio\train\syn_n50_k05_low_corr_skewed_extreme_events_r02_s20260627\K_03\SPEA2\run_023
Synthetic,train,syn_n50_k05_low_corr_skewed_extreme_events_r02_s20260627,50,3,0.05,SPEA2,5,1.0830682071226638,0.005544347703682042,0.8166666666666667,7.9645854,100,1.0,1.0,1.9206858326015208e-16,1.1102230246251563e-15,1.9206858326015208e-16,1.1102230246251563e-15,1.2371095200901083,0.007927973394817735,100,1.2371095200901083,0.0079279733948177,C:\Users\yiting\Documents\Playground\p0_lite_outputs\synthetic_constrained_portfolio\train\syn_n50_k05_low_corr_skewed_extreme_events_r02_s20260627\K_03\SPEA2\run_005
Synthetic,train,syn_n50_k05_low_corr_skewed_extreme_events_r02_s20260627,50,3,0.05,SPEA2,30,1.0826146557701541,0.005834777323074049,0.825,7.673614,100,1.0,1.0,2.6756374893466274e-16,1.1102230246251563e-15,2.6756374893466274e-16,1.1102230246251563e-15,1.235590273704087,0.008352817513015975,100,1.235590273704087,0.0083528175130159,C:\Users\yiting\Documents\Playground\p0_lite_outputs\synthetic_constrained_portfolio\train\syn_n50_k05_low_corr_skewed_extreme_events_r02_s20260627\K_03\SPEA2\run_030
Synthetic,train,syn_n50_k05_low_corr_skewed_extreme_events_r02_s20260627,50,3,0.05,NSGAII,29,1.0805361121916541,0.00530762221901378,0.8916666666666667,0.7397474,100,1.0,1.0,2.3647750424515833e-16,1.1102230246251563e-15,2.3647750424515833e-16,1.1102230246251563e-15,1.1852416385652573,0.005943101417486762,96,1.185241638565257,0.0059431014174867,C:\Users\yiting\Documents\Playground\p0_lite_outputs\synthetic_constrained_portfolio\train\syn_n50_k05_low_corr_skewed_extreme_events_r02_s20260627\K_03\NSGAII\run_029
Synthetic,train,syn_n50_k05_low_corr_skewed_extreme_events_r02_s20260627,50,3,0.05,SPEA2,21,1.0827928736638197,0.005352296696444715,0.85,9.9225442,100,1.0,1.0,1.8651746813702632e-16,1.1102230246251563e-15,1.8651746813702632e-16,1.1102230246251563e-15,1.2214320338855402,0.008154468808356996,100,1.2214320338855402,0.0081544688083569,C:\Users\yiting\Documents\Playground\p0_lite_outputs\synthetic_constrained_portfolio\train\syn_n50_k05_low_corr_skewed_extreme_events_r02_s20260627\K_03\SPEA2\run_021
Synthetic,train,syn_n50_k05_low_corr_skewed_extreme_events_r02_s20260627,50,3,0.05,SPEA2,4,1.0829426637838886,0.005175657137034664,0.8416666666666667,8.2582391,100,1.0,1.0,2.34257058195908e-16,1.1102230246251563e-15,2.34257058195908e-16,1.1102230246251563e-15,1.2365963453846627,0.0063837183053224115,100,1.236596345384663,0.0063837183053224,C:\Users\yiting\Documents\Playground\p0_lite_outputs\synthetic_constrained_portfolio\train\syn_n50_k05_low_corr_skewed_extreme_events_r02_s20260627\K_03\SPEA2\run_004
Synthetic,train,syn_n50_k05_low_corr_skewed_extreme_events_r02_s20260627,50,3,0.05,SPEA2,28,1.0829727961554427,0.005557798805743249,0.8166666666666667,7.6298354,100,1.0,1.0,2.0983215165415455e-16,1.1102230246251563e-15,2.0983215165415455e-16,1.1102230246251563e-15,1.2271511490396945,0.008159095668567807,100,1.2271511490396945,0.0081590956685678,C:\Users\yiting\Documents\Playground\p0_lite_outputs\synthetic_constrained_portfolio\train\syn_n50_k05_low_corr_skewed_extreme_events_r02_s20260627\K_03\SPEA2\run_028
Synthetic,train,syn_n50_k05_low_corr_skewed_extreme_events_r02_s20260627,50,3,0.05,SPEA2,20,1.0829907345458116,0.005568629501475986,0.8583333333333333,9.0989213,100,1.0,1.0,2.4646951146678477e-16,1.1102230246251563e-15,2.4646951146678477e-16,1.1102230246251563e-15,1.1777141434829874,0.008006476959820073,100,1.1777141434829874,0.00800647695982,C:\Users\yiting\Documents\Playground\p0_lite_outputs\synthetic_constrained_portfolio\train\syn_n50_k05_low_corr_skewed_extreme_events_r02_s20260627\K_03\SPEA2\run_020
Synthetic,train,syn_n50_k05_low_corr_skewed_extreme_events_r02_s20260627,50,3,0.05,NSGAII,28,1.082616422285327,0.004864455763767068,0.925,0.7046631,100,1.0,1.0,2.1871393585115584e-16,1.1102230246251563e-15,2.1871393585115584e-16,1.1102230246251563e-15,1.2271957720865627,0.004493424524368092,96,1.2271957720865627,0.004493424524368,C:\Users\yiting\Documents\Playground\p0_lite_outputs\synthetic_constrained_portfolio\train\syn_n50_k05_low_corr_skewed_extreme_events_r02_s20260627\K_03\NSGAII\run_028
Synthetic,train,syn_n50_k05_low_corr_skewed_extreme_events_r02_s20260627,50,3,0.05,SPEA2,15,1.0833552465691194,0.005090898086194473,0.85,7.3070767,100,1.0,1.0,2.109423746787797e-16,1.1102230246251563e-15,2.109423746787797e-16,1.1102230246251563e-15,1.2271412773775043,0.007785586983267615,100,1.2271412773775043,0.0077855869832676,C:\Users\yiting\Documents\Playground\p0_lite_outputs\synthetic_constrained_portfolio\train\syn_n50_k05_low_corr_skewed_extreme_events_r02_s20260627\K_03\SPEA2\run_015
Synthetic,train,syn_n50_k05_low_corr_skewed_extreme_events_r02_s20260627,50,3,0.05,SPEA2,14,1.0826832862097355,0.005705391916913644,0.8083333333333333,7.7764616,100,1.0,1.0,2.631228568361621e-16,1.1102230246251563e-15,2.631228568361621e-16,1.1102230246251563e-15,1.233843796120848,0.008234177118620005,100,1.233843796120848,0.00823417711862,C:\Users\yiting\Documents\Playground\p0_lite_outputs\synthetic_constrained_portfolio\train\syn_n50_k05_low_corr_skewed_extreme_events_r02_s20260627\K_03\SPEA2\run_014
Synthetic,train,syn_n50_k05_low_corr_skewed_extreme_events_r02_s20260627,50,3,0.05,SPEA2,9,1.0829931522309493,0.0052409240079278165,0.875,7.072827,100,1.0,1.0,1.9539925233402755e-16,1.1102230246251563e-15,1.9539925233402755e-16,1.1102230246251563e-15,1.2364909994810571,0.007889189298066169,100,1.2364909994810571,0.0078891892980661,C:\Users\yiting\Documents\Playground\p0_lite_outputs\synthetic_constrained_portfolio\train\syn_n50_k05_low_corr_skewed_extreme_events_r02_s20260627\K_03\SPEA2\run_009
Synthetic,train,syn_n50_k05_low_corr_skewed_extreme_events_r02_s20260627,50,3,0.05,SPEA2,27,1.0823667929747298,0.005502942054624583,0.8,8.2307698,100,1.0,1.0,3.2862601528904633e-16,1.1102230246251563e-15,3.2862601528904633e-16,1.1102230246251563e-15,1.218096535951341,0.007816713783966787,100,1.218096535951341,0.0078167137839667,C:\Users\yiting\Documents\Playground\p0_lite_outputs\synthetic_constrained_portfolio\train\syn_n50_k05_low_corr_skewed_extreme_events_r02_s20260627\K_03\SPEA2\run_027
Synthetic,train,syn_n50_k05_low_corr_skewed_extreme_events_r02_s20260627,50,3,0.05,SPEA2,24,1.083153921800424,0.005281696846299709,0.875,8.3564357,100,1.0,1.0,2.209343819004061e-16,1.1102230246251563e-15,2.209343819004061e-16,1.1102230246251563e-15,1.2277534818093634,0.007421411639057701,100,1.2277534818093634,0.0074214116390577,C:\Users\yiting\Documents\Playground\p0_lite_outputs\synthetic_constrained_portfolio\train\syn_n50_k05_low_corr_skewed_extreme_events_r02_s20260627\K_03\SPEA2\run_024
Synthetic,train,syn_n50_k05_low_corr_skewed_extreme_events_r02_s20260627,50,3,0.05,SPEA2,19,1.0800054837856496,0.006105745135711105,0.8583333333333333,7.4125279,100,1.0,1.0,2.4091839634365896e-16,1.1102230246251563e-15,2.4091839634365896e-16,1.1102230246251563e-15,1.1565261740258963,0.007374614378854356,100,1.1565261740258963,0.0073746143788543,C:\Users\yiting\Documents\Playground\p0_lite_outputs\synthetic_constrained_portfolio\train\syn_n50_k05_low_corr_skewed_extreme_events_r02_s20260627\K_03\SPEA2\run_019
Synthetic,train,syn_n50_k05_low_corr_skewed_extreme_events_r02_s20260627,50,3,0.05,SPEA2,12,1.082988352475588,0.005312753900116947,0.8416666666666667,8.6238291,100,1.0,1.0,2.34257058195908e-16,1.1102230246251563e-15,2.34257058195908e-16,1.1102230246251563e-15,1.236775183539329,0.008363522094096461,100,1.236775183539329,0.0083635220940964,C:\Users\yiting\Documents\Playground\p0_lite_outputs\synthetic_constrained_portfolio\train\syn_n50_k05_low_corr_skewed_extreme_events_r02_s20260627\K_03\SPEA2\run_012
Synthetic,train,syn_n50_k05_low_corr_skewed_extreme_events_r02_s20260627,50,3,0.05,SPEA2,10,1.0829806267032294,0.0054199763958863445,0.8583333333333333,7.6210513,100,1.0,1.0,1.4654943925052067e-16,1.1102230246251563e-15,1.4654943925052067e-16,1.1102230246251563e-15,1.1769617630339362,0.006697060424154062,100,1.1769617630339362,0.006697060424154,C:\Users\yiting\Documents\Playground\p0_lite_outputs\synthetic_constrained_portfolio\train\syn_n50_k05_low_corr_skewed_extreme_events_r02_s20260627\K_03\SPEA2\run_010
Synthetic,train,syn_n50_k05_low_corr_skewed_extreme_events_r02_s20260627,50,3,0.05,MOEAD,3,0.915358096346075,0.1540010908365744,0.10833333333333334,13.4975958,98,1.0,1.0,2.424364563977382e-16,1.1102230246251563e-15,2.4646951146678477e-16,1.1102230246251563e-15,0.4175474014740211,0.002262635475982477,93,0.4175474014740211,0.0022626354759824,C:\Users\yiting\Documents\Playground\p0_lite_outputs\synthetic_constrained_portfolio\train\syn_n50_k05_low_corr_skewed_extreme_events_r02_s20260627\K_03\MOEAD\run_003
Synthetic,train,syn_n50_k05_low_corr_skewed_extreme_events_r02_s20260627,50,3,0.05,SPEA2,2,1.0807465252659636,0.0054713065028650495,0.8333333333333334,12.017407,100,1.0,1.0,2.69784194983913e-16,1.1102230246251563e-15,2.69784194983913e-16,1.1102230246251563e-15,1.193841219874224,0.007590745741754912,100,1.193841219874224,0.0075907457417549,C:\Users\yiting\Documents\Playground\p0_lite_outputs\synthetic_constrained_portfolio\train\syn_n50_k05_low_corr_skewed_extreme_events_r02_s20260627\K_03\SPEA2\run_002
Synthetic,train,syn_n50_k05_low_corr_skewed_extreme_events_r02_s20260627,50,3,0.05,SPEA2,11,1.081545957101666,0.00588733257625554,0.8083333333333333,7.3710153,100,1.0,1.0,2.3980817331903383e-16,1.1102230246251563e-15,2.3980817331903383e-16,1.1102230246251563e-15,1.200695045950333,0.008167434533033762,100,1.200695045950333,0.0081674345330337,C:\Users\yiting\Documents\Playground\p0_lite_outputs\synthetic_constrained_portfolio\train\syn_n50_k05_low_corr_skewed_extreme_events_r02_s20260627\K_03\SPEA2\run_011
Synthetic,train,syn_n50_k05_low_corr_skewed_extreme_events_r02_s20260627,50,3,0.05,SPEA2,17,1.0830689443762476,0.005053895515558933,0.85,7.5113787,100,1.0,1.0,2.2315482794965644e-16,1.1102230246251563e-15,2.2315482794965644e-16,1.1102230246251563e-15,1.237254146125424,0.0067974509750484205,100,1.237254146125424,0.0067974509750484,C:\Users\yiting\Documents\Playground\p0_lite_outputs\synthetic_constrained_portfolio\train\syn_n50_k05_low_corr_skewed_extreme_events_r02_s20260627\K_03\SPEA2\run_017
Synthetic,train,syn_n50_k05_low_corr_skewed_extreme_events_r02_s20260627,50,3,0.05,SPEA2,29,1.0829405471868,0.005117601121769641,0.85,7.6600548,100,1.0,1.0,2.509104035652853e-16,1.1102230246251563e-15,2.509104035652853e-16,1.1102230246251563e-15,1.225436413764317,0.007563281305353454,100,1.225436413764317,0.0075632813053534,C:\Users\yiting\Documents\Playground\p0_lite_outputs\synthetic_constrained_portfolio\train\syn_n50_k05_low_corr_skewed_extreme_events_r02_s20260627\K_03\SPEA2\run_029
Synthetic,train,syn_n50_k05_low_corr_skewed_extreme_events_r02_s20260627,50,3,0.05,SPEA2,16,1.0833031916914646,0.004875766155549524,0.8583333333333333,7.3934954,100,1.0,1.0,2.708944180085382e-16,1.1102230246251563e-15,2.708944180085382e-16,1.1102230246251563e-15,1.226690011411685,0.007330052011092055,100,1.226690011411685,0.007330052011092,C:\Users\yiting\Documents\Playground\p0_lite_outputs\synthetic_constrained_portfolio\train\syn_n50_k05_low_corr_skewed_extreme_events_r02_s20260627\K_03\SPEA2\run_016
Synthetic,train,syn_n50_k05_low_corr_skewed_extreme_events_r02_s20260627,50,3,0.05,SPEA2,13,1.08020344833897,0.005887796804268732,0.8583333333333333,8.3155354,100,1.0,1.0,2.042810365310288e-16,1.1102230246251563e-15,2.042810365310288e-16,1.1102230246251563e-15,1.154810819652402,0.00699598339480389,100,1.154810819652402,0.0069959833948038,C:\Users\yiting\Documents\Playground\p0_lite_outputs\synthetic_constrained_portfolio\train\syn_n50_k05_low_corr_skewed_extreme_events_r02_s20260627\K_03\SPEA2\run_013
Synthetic,train,syn_n50_k05_low_corr_skewed_extreme_events_r02_s20260627,50,3,0.05,SPEA2,1,1.0574366872384005,0.02402703057744624,0.26666666666666666,1.3676891,100,1.0,1.0,3.05311331771918e-16,1.1102230246251563e-15,3.05311331771918e-16,1.1102230246251563e-15,1.1658905812924203,0.012188746780426786,97,1.1658905812924203,0.0121887467804267,C:\Users\yiting\Documents\Playground\p0_lite_outputs\synthetic_constrained_portfolio\train\syn_n50_k05_low_corr_skewed_extreme_events_r02_s20260627\K_03\SPEA2\run_001
Synthetic,train,syn_n50_k05_low_corr_skewed_extreme_events_r02_s20260627,50,3,0.05,SPEA2,26,1.0830531263098129,0.005495755495330664,0.8333333333333334,7.7441616,100,1.0,1.0,2.142730437526552e-16,1.1102230246251563e-15,2.142730437526552e-16,1.1102230246251563e-15,1.2369703645343049,0.008231036137265689,100,1.2369703645343049,0.0082310361372656,C:\Users\yiting\Documents\Playground\p0_lite_outputs\synthetic_constrained_portfolio\train\syn_n50_k05_low_corr_skewed_extreme_events_r02_s20260627\K_03\SPEA2\run_026
Synthetic,train,syn_n50_k05_low_corr_skewed_extreme_events_r02_s20260627,50,3,0.05,SPEA2,25,1.0801808801374335,0.005948936126952657,0.875,7.4905179,100,1.0,1.0,2.1760371282653068e-16,1.1102230246251563e-15,2.1760371282653068e-16,1.1102230246251563e-15,1.1542730847359972,0.006662612076821627,100,1.1542730847359972,0.0066626120768216,C:\Users\yiting\Documents\Playground\p0_lite_outputs\synthetic_constrained_portfolio\train\syn_n50_k05_low_corr_skewed_extreme_events_r02_s20260627\K_03\SPEA2\run_025
Synthetic,train,syn_n50_k05_low_corr_skewed_extreme_events_r02_s20260627,50,3,0.05,MOEAD,2,0.9112069669265689,0.07243802963333955,0.4666666666666667,15.7090534,95,1.0,1.0,3.0618782363346424e-16,1.1102230246251563e-15,2.9531932455029166e-16,1.1102230246251563e-15,0.7582011646099798,0.0037638035451585993,89,0.7582011646099798,0.0037638035451585,C:\Users\yiting\Documents\Playground\p0_lite_outputs\synthetic_constrained_portfolio\train\syn_n50_k05_low_corr_skewed_extreme_events_r02_s20260627\K_03\MOEAD\run_002
Synthetic,train,syn_n50_k05_low_corr_skewed_extreme_events_r02_s20260627,50,3,0.05,MOEAD,13,0.9110363332926793,0.15630873580228863,0.06666666666666667,13.0204277,92,1.0,1.0,2.944504543571067e-16,1.1102230246251563e-15,2.9198865547641616e-16,1.1102230246251563e-15,0.4108434817402033,0.002578511710872992,62,0.4108434817402033,0.0025785117108729,C:\Users\yiting\Documents\Playground\p0_lite_outputs\synthetic_constrained_portfolio\train\syn_n50_k05_low_corr_skewed_extreme_events_r02_s20260627\K_03\MOEAD\run_013
Synthetic,train,syn_n50_k05_low_corr_skewed_extreme_events_r02_s20260627,50,3,0.05,MOEAD,7,0.9824659411266534,0.15878793471674116,0.30833333333333335,13.4657544,95,1.0,1.0,3.43584809726101e-16,1.1102230246251563e-15,3.397282455352979e-16,1.1102230246251563e-15,0.44756913510452057,0.0023224859678116294,89,0.4475691351045205,0.0023224859678116,C:\Users\yiting\Documents\Playground\p0_lite_outputs\synthetic_constrained_portfolio\train\syn_n50_k05_low_corr_skewed_extreme_events_r02_s20260627\K_03\MOEAD\run_007
Synthetic,train,syn_n50_k05_low_corr_skewed_extreme_events_r02_s20260627,50,3,0.05,MOEAD,5,0.9857857860898187,0.0493860259404569,0.3416666666666667,13.9325932,84,1.0,1.0,2.934160850795056e-16,1.1102230246251563e-15,2.708944180085382e-16,1.1102230246251563e-15,0.8776916788563965,0.0039018797994253692,81,0.8776916788563965,0.0039018797994253,C:\Users\yiting\Documents\Playground\p0_lite_outputs\synthetic_constrained_portfolio\train\syn_n50_k05_low_corr_skewed_extreme_events_r02_s20260627\K_03\MOEAD\run_005
Synthetic,train,syn_n50_k05_low_corr_skewed_extreme_events_r02_s20260627,50,3,0.05,MOEAD,9,0.9165972183159246,0.1502819202963602,0.21666666666666667,13.4451977,93,1.0,1.0,2.37563851505813e-16,1.1102230246251563e-15,2.375877272697835e-16,1.1102230246251563e-15,0.4181633719462109,0.002519258732993351,83,0.4181633719462109,0.0025192587329933,C:\Users\yiting\Documents\Playground\p0_lite_outputs\synthetic_constrained_portfolio\train\syn_n50_k05_low_corr_skewed_extreme_events_r02_s20260627\K_03\MOEAD\run_009
Synthetic,train,syn_n50_k05_low_corr_skewed_extreme_events_r02_s20260627,50,3,0.05,MOEAD,10,0.9134369302472146,0.07249251810920535,0.008333333333333333,13.2749763,92,1.0,1.0,3.246195582871381e-16,1.1102230246251563e-15,3.108624468950438e-16,1.1102230246251563e-15,0.7436604600904584,0.004258543840143814,82,0.7436604600904584,0.0042585438401438,C:\Users\yiting\Documents\Playground\p0_lite_outputs\synthetic_constrained_portfolio\train\syn_n50_k05_low_corr_skewed_extreme_events_r02_s20260627\K_03\MOEAD\run_010
Synthetic,train,syn_n50_k05_low_corr_skewed_extreme_events_r02_s20260627,50,3,0.05,MOEAD,16,0.9274424258579865,0.06240672802821665,0.5333333333333333,13.1187299,93,1.0,1.0,2.8889674404224503e-16,1.1102230246251563e-15,2.831068712794149e-16,1.1102230246251563e-15,0.8433437891324932,0.0039017035938246577,89,0.8433437891324932,0.0039017035938246,C:\Users\yiting\Documents\Playground\p0_lite_outputs\synthetic_constrained_portfolio\train\syn_n50_k05_low_corr_skewed_extreme_events_r02_s20260627\K_03\MOEAD\run_016
Synthetic,train,syn_n50_k05_low_corr_skewed_extreme_events_r02_s20260627,50,3,0.05,MOEAD,21,0.9266952295430778,0.06246664401331745,0.5166666666666667,15.6807254,97,1.0,1.0,2.1861092546742772e-16,1.1102230246251563e-15,2.1760371282653068e-16,1.1102230246251563e-15,0.8390146554856334,0.003433954807850414,94,0.8390146554856334,0.0034339548078504,C:\Users\yiting\Documents\Playground\p0_lite_outputs\synthetic_constrained_portfolio\train\syn_n50_k05_low_corr_skewed_extreme_events_r02_s20260627\K_03\MOEAD\run_021
Synthetic,train,syn_n50_k05_low_corr_skewed_extreme_events_r02_s20260627,50,3,0.05,MOEAD,6,0.9132221849791677,0.07187544996383138,0.5333333333333333,14.4980242,99,1.0,1.0,3.196096586042117e-16,1.1102230246251563e-15,3.164135620181696e-16,1.1102230246251563e-15,0.8087973706062846,0.0034458348493948535,97,0.8087973706062846,0.0034458348493948,C:\Users\yiting\Documents\Playground\p0_lite_outputs\synthetic_constrained_portfolio\train\syn_n50_k05_low_corr_skewed_extreme_events_r02_s20260627\K_03\MOEAD\run_006
Synthetic,train,syn_n50_k05_low_corr_skewed_extreme_events_r02_s20260627,50,3,0.05,MOEAD,14,0.9114741965881837,0.11075117988917617,0.43333333333333335,12.4607807,98,1.0,1.0,3.2626962356331133e-16,1.1102230246251563e-15,3.1974423109204507e-16,1.1102230246251563e-15,0.523080747247417,0.0026140531534168654,96,0.523080747247417,0.0026140531534168,C:\Users\yiting\Documents\Playground\p0_lite_outputs\synthetic_constrained_portfolio\train\syn_n50_k05_low_corr_skewed_extreme_events_r02_s20260627\K_03\MOEAD\run_014
Synthetic,train,syn_n50_k05_low_corr_skewed_extreme_events_r02_s20260627,50,3,0.05,MOEAD,26,0.9154170289843485,0.0700628742344135,0.575,14.8271075,97,1.0,1.0,2.9758555299231003e-16,1.1102230246251563e-15,2.886579864025407e-16,1.1102230246251563e-15,0.8123774978319078,0.0037011155631749494,97,0.8123774978319078,0.0037011155631749,C:\Users\yiting\Documents\Playground\p0_lite_outputs\synthetic_constrained_portfolio\train\syn_n50_k05_low_corr_skewed_extreme_events_r02_s20260627\K_03\MOEAD\run_026
Synthetic,train,syn_n50_k05_low_corr_skewed_extreme_events_r02_s20260627,50,3,0.05,MOEAD,12,0.918470976232003,0.07659902614944906,0.6583333333333333,13.3052566,98,1.0,1.0,3.149408171895852e-16,1.1102230246251563e-15,3.086420008457935e-16,1.1102230246251563e-15,0.8055546365736088,0.0037713255163265764,97,0.8055546365736088,0.0037713255163265,C:\Users\yiting\Documents\Playground\p0_lite_outputs\synthetic_constrained_portfolio\train\syn_n50_k05_low_corr_skewed_extreme_events_r02_s20260627\K_03\MOEAD\run_012
Synthetic,train,syn_n50_k05_low_corr_skewed_extreme_events_r02_s20260627,50,3,0.05,MOEAD,19,0.9796311523308575,0.04794562537875662,0.7083333333333334,16.2799738,97,1.0,1.0,1.6596117378417286e-16,9.992007221626409e-16,1.7430501486614956e-16,1.1102230246251563e-15,0.8819808525723224,0.0034824551387394502,90,0.8819808525723224,0.0034824551387394,C:\Users\yiting\Documents\Playground\p0_lite_outputs\synthetic_constrained_portfolio\train\syn_n50_k05_low_corr_skewed_extreme_events_r02_s20260627\K_03\MOEAD\run_019
Synthetic,train,syn_n50_k05_low_corr_skewed_extreme_events_r02_s20260627,50,3,0.05,MOEAD,15,0.9094784206361356,0.13128929115908347,0.35,13.2175866,94,1.0,1.0,3.29523642415339e-16,1.1102230246251563e-15,3.3195668436292183e-16,1.1102230246251563e-15,0.45487334619199027,0.0035345648764415465,90,0.4548733461919902,0.0035345648764415,C:\Users\yiting\Documents\Playground\p0_lite_outputs\synthetic_constrained_portfolio\train\syn_n50_k05_low_corr_skewed_extreme_events_r02_s20260627\K_03\MOEAD\run_015
Synthetic,train,syn_n50_k05_low_corr_skewed_extreme_events_r02_s20260627,50,3,0.05,GDE3,1,0.7418287772433673,0.413869996156086,0.0,1.2154179,11,1.0,1.0,1.0092936587501424e-16,9.992007221626409e-16,1.8540724511240116e-16,1.1102230246251563e-15,0.6428770588708326,0.038290792675826024,11,0.6428770588708326,0.038290792675826,C:\Users\yiting\Documents\Playground\p0_lite_outputs\synthetic_constrained_portfolio\train\syn_n50_k05_low_corr_skewed_extreme_events_r02_s20260627\K_03\GDE3\run_001
Synthetic,train,syn_n50_k05_low_corr_skewed_extreme_events_r02_s20260627,50,3,0.05,MOEAD,17,0.9144433032341605,0.07919417634248774,0.39166666666666666,13.0822385,91,1.0,1.0,2.549852880732502e-16,1.1102230246251563e-15,2.498001805406602e-16,1.1102230246251563e-15,0.8055010016782369,0.004186290275950079,83,0.8055010016782369,0.00418629027595,C:\Users\yiting\Documents\Playground\p0_lite_outputs\synthetic_constrained_portfolio\train\syn_n50_k05_low_corr_skewed_extreme_events_r02_s20260627\K_03\MOEAD\run_017
Synthetic,train,syn_n50_k05_low_corr_skewed_extreme_events_r02_s20260627,50,3,0.05,MOEAD,30,0.9220727733830216,0.07327074264767526,0.675,13.617934,99,1.0,1.0,2.882094114430962e-16,1.1102230246251563e-15,2.8754776337791553e-16,1.1102230246251563e-15,0.808701146031334,0.0041229796855626185,99,0.808701146031334,0.0041229796855626,C:\Users\yiting\Documents\Playground\p0_lite_outputs\synthetic_constrained_portfolio\train\syn_n50_k05_low_corr_skewed_extreme_events_r02_s20260627\K_03\MOEAD\run_030
Synthetic,train,syn_n50_k05_low_corr_skewed_extreme_events_r02_s20260627,50,3,0.05,MOEAD,23,0.920993159130816,0.07509482774141765,0.6333333333333333,14.5182054,97,1.0,1.0,2.8728451461949933e-16,1.1102230246251563e-15,2.864375403532904e-16,1.1102230246251563e-15,0.8070828344184191,0.003195161112360047,97,0.8070828344184191,0.00319516111236,C:\Users\yiting\Documents\Playground\p0_lite_outputs\synthetic_constrained_portfolio\train\syn_n50_k05_low_corr_skewed_extreme_events_r02_s20260627\K_03\MOEAD\run_023
Synthetic,train,syn_n50_k05_low_corr_skewed_extreme_events_r02_s20260627,50,3,0.05,MOEAD,18,0.9158717199785434,0.09338235832827196,0.5083333333333333,14.8971612,97,1.0,1.0,3.6053634304837563e-16,1.1102230246251563e-15,3.552713678800501e-16,1.1102230246251563e-15,0.5982360341958698,0.002504279128653357,97,0.5982360341958698,0.0025042791286533,C:\Users\yiting\Documents\Playground\p0_lite_outputs\synthetic_constrained_portfolio\train\syn_n50_k05_low_corr_skewed_extreme_events_r02_s20260627\K_03\MOEAD\run_018
Synthetic,train,syn_n50_k05_low_corr_skewed_extreme_events_r02_s20260627,50,3,0.05,MOEAD,24,0.9766513312139121,0.15557104885637063,0.20833333333333334,14.4977309,91,1.0,1.0,2.8792597122146923e-16,1.1102230246251563e-15,2.6867397195928787e-16,1.1102230246251563e-15,0.45403233687687083,0.0027190736413223505,83,0.4540323368768708,0.0027190736413223,C:\Users\yiting\Documents\Playground\p0_lite_outputs\synthetic_constrained_portfolio\train\syn_n50_k05_low_corr_skewed_extreme_events_r02_s20260627\K_03\MOEAD\run_024
Synthetic,train,syn_n50_k05_low_corr_skewed_extreme_events_r02_s20260627,50,3,0.05,GDE3,6,1.0830988281384566,0.0042668368277173135,0.9916666666666667,8.4998208,100,1.0,1.0,2.1316282072803002e-16,1.1102230246251563e-15,2.1316282072803002e-16,1.1102230246251563e-15,1.1753150326910606,0.0034509889142895884,100,1.1753150326910606,0.0034509889142895,C:\Users\yiting\Documents\Playground\p0_lite_outputs\synthetic_constrained_portfolio\train\syn_n50_k05_low_corr_skewed_extreme_events_r02_s20260627\K_03\GDE3\run_006
Synthetic,train,syn_n50_k05_low_corr_skewed_extreme_events_r02_s20260627,50,3,0.05,MOEAD,28,0.9148235231849041,0.08356784583234297,0.0,13.7641733,87,1.0,1.0,2.628803943365313e-16,1.1102230246251563e-15,2.55351295663786e-16,1.1102230246251563e-15,0.6905115800817592,0.0035853904471541834,84,0.6905115800817592,0.0035853904471541,C:\Users\yiting\Documents\Playground\p0_lite_outputs\synthetic_constrained_portfolio\train\syn_n50_k05_low_corr_skewed_extreme_events_r02_s20260627\K_03\MOEAD\run_028
Synthetic,train,syn_n50_k05_low_corr_skewed_extreme_events_r02_s20260627,50,3,0.05,GDE3,2,1.0792969986512824,0.0045600673533315265,0.95,6.424954,100,1.0,1.0,1.965094753586527e-16,1.1102230246251563e-15,1.965094753586527e-16,1.1102230246251563e-15,1.2963904077334032,0.00307044289906862,99,1.2963904077334032,0.0030704428990686,C:\Users\yiting\Documents\Playground\p0_lite_outputs\synthetic_constrained_portfolio\train\syn_n50_k05_low_corr_skewed_extreme_events_r02_s20260627\K_03\GDE3\run_002
Synthetic,train,syn_n50_k05_low_corr_skewed_extreme_events_r02_s20260627,50,3,0.05,MOEAD,11,0.9120081058188948,0.12091155563558718,0.39166666666666666,14.0510265,96,1.0,1.0,2.868076146948321e-16,1.1102230246251563e-15,2.864375403532904e-16,1.1102230246251563e-15,0.48724880528750947,0.001940064798504676,89,0.4872488052875094,0.0019400647985046,C:\Users\yiting\Documents\Playground\p0_lite_outputs\synthetic_constrained_portfolio\train\syn_n50_k05_low_corr_skewed_extreme_events_r02_s20260627\K_03\MOEAD\run_011
Synthetic,train,syn_n50_k05_low_corr_skewed_extreme_events_r02_s20260627,50,3,0.05,MOEAD,20,0.899847743993614,0.14560710929187845,0.15,16.2577408,93,1.0,1.0,2.674085564688549e-16,1.1102230246251563e-15,2.6867397195928787e-16,1.1102230246251563e-15,0.4183019931353141,0.0019483069856930412,85,0.4183019931353141,0.001948306985693,C:\Users\yiting\Documents\Playground\p0_lite_outputs\synthetic_constrained_portfolio\train\syn_n50_k05_low_corr_skewed_extreme_events_r02_s20260627\K_03\MOEAD\run_020
Synthetic,train,syn_n50_k05_low_corr_skewed_extreme_events_r02_s20260627,50,3,0.05,MOEAD,29,0.918124498065343,0.07714881508035175,0.6583333333333333,14.3167565,94,1.0,1.0,2.4684745973048693e-16,1.1102230246251563e-15,2.475797344914099e-16,1.1102230246251563e-15,0.8039026362646807,0.004971719943247793,93,0.8039026362646807,0.0049717199432477,C:\Users\yiting\Documents\Playground\p0_lite_outputs\synthetic_constrained_portfolio\train\syn_n50_k05_low_corr_skewed_extreme_events_r02_s20260627\K_03\MOEAD\run_029
Synthetic,train,syn_n50_k05_low_corr_skewed_extreme_events_r02_s20260627,50,3,0.05,GDE3,5,1.080519310141135,0.004904371674563269,0.975,2.5868068,100,1.0,1.0,2.7755575615628914e-16,1.1102230246251563e-15,2.7755575615628914e-16,1.1102230246251563e-15,1.15583625296821,0.0033361856958137137,99,1.15583625296821,0.0033361856958137,C:\Users\yiting\Documents\Playground\p0_lite_outputs\synthetic_constrained_portfolio\train\syn_n50_k05_low_corr_skewed_extreme_events_r02_s20260627\K_03\GDE3\run_005
Synthetic,train,syn_n50_k05_low_corr_skewed_extreme_events_r02_s20260627,50,3,0.05,GDE3,8,1.0763054920566923,0.005182253361107932,0.9583333333333334,2.8374979,100,1.0,1.0,2.575717417130363e-16,1.1102230246251563e-15,2.575717417130363e-16,1.1102230246251563e-15,1.2379238729136195,0.002828754452367269,99,1.2379238729136195,0.0028287544523672,C:\Users\yiting\Documents\Playground\p0_lite_outputs\synthetic_constrained_portfolio\train\syn_n50_k05_low_corr_skewed_extreme_events_r02_s20260627\K_03\GDE3\run_008
Synthetic,train,syn_n50_k05_low_corr_skewed_extreme_events_r02_s20260627,50,3,0.05,GDE3,4,1.07929181253531,0.005006315171178164,0.9166666666666666,2.5696837,100,1.0,1.0,1.8984813721090174e-16,1.1102230246251563e-15,1.8984813721090174e-16,1.1102230246251563e-15,1.29758206026614,0.003545866842903331,99,1.29758206026614,0.0035458668429033,C:\Users\yiting\Documents\Playground\p0_lite_outputs\synthetic_constrained_portfolio\train\syn_n50_k05_low_corr_skewed_extreme_events_r02_s20260627\K_03\GDE3\run_004
Synthetic,train,syn_n50_k05_low_corr_skewed_extreme_events_r02_s20260627,50,3,0.05,MOEAD,22,0.9153014577107379,0.07815229998031879,0.39166666666666666,14.3844163,91,1.0,1.0,2.7206564229825267e-16,1.1102230246251563e-15,2.664535259100376e-16,1.1102230246251563e-15,0.7890937750289533,0.003924962015750559,85,0.7890937750289533,0.0039249620157505,C:\Users\yiting\Documents\Playground\p0_lite_outputs\synthetic_constrained_portfolio\train\syn_n50_k05_low_corr_skewed_extreme_events_r02_s20260627\K_03\MOEAD\run_022
Synthetic,train,syn_n50_k05_low_corr_skewed_extreme_events_r02_s20260627,50,3,0.05,MOEAD,25,0.9060111564701311,0.08266426722533407,0.20833333333333334,14.774868,86,1.0,1.0,2.091350348712504e-16,1.1102230246251563e-15,2.209343819004061e-16,1.1102230246251563e-15,0.6707048889472557,0.003429186708700819,82,0.6707048889472557,0.0034291867087008,C:\Users\yiting\Documents\Playground\p0_lite_outputs\synthetic_constrained_portfolio\train\syn_n50_k05_low_corr_skewed_extreme_events_r02_s20260627\K_03\MOEAD\run_025
Synthetic,train,syn_n50_k05_low_corr_skewed_extreme_events_r02_s20260627,50,3,0.05,MOEAD,8,0.9320253648522234,0.06334401548782445,0.3,13.5590795,86,1.0,1.0,3.098296812907413e-16,1.1102230246251563e-15,3.164135620181696e-16,1.1102230246251563e-15,0.8022176530179242,0.004040422871853053,83,0.8022176530179242,0.004040422871853,C:\Users\yiting\Documents\Playground\p0_lite_outputs\synthetic_constrained_portfolio\train\syn_n50_k05_low_corr_skewed_extreme_events_r02_s20260627\K_03\MOEAD\run_008
Synthetic,train,syn_n50_k05_low_corr_skewed_extreme_events_r02_s20260627,50,3,0.05,GDE3,7,1.0817682632565526,0.004478205670769523,0.95,3.1959646,100,1.0,1.0,2.886579864025407e-16,1.1102230246251563e-15,2.886579864025407e-16,1.1102230246251563e-15,1.234677569996061,0.0033859106836556948,99,1.234677569996061,0.0033859106836556,C:\Users\yiting\Documents\Playground\p0_lite_outputs\synthetic_constrained_portfolio\train\syn_n50_k05_low_corr_skewed_extreme_events_r02_s20260627\K_03\GDE3\run_007
Synthetic,train,syn_n50_k05_low_corr_skewed_extreme_events_r02_s20260627,50,3,0.05,GDE3,3,1.0783032039496065,0.010464882012966858,0.75,3.3117132,100,1.0,1.0,2.8754776337791553e-16,1.1102230246251563e-15,2.8754776337791553e-16,1.1102230246251563e-15,1.1410886581076813,0.002717992367655994,100,1.1410886581076811,0.0027179923676559,C:\Users\yiting\Documents\Playground\p0_lite_outputs\synthetic_constrained_portfolio\train\syn_n50_k05_low_corr_skewed_extreme_events_r02_s20260627\K_03\GDE3\run_003
Synthetic,train,syn_n50_k05_low_corr_skewed_extreme_events_r02_s20260627,50,3,0.05,A_MPMO,3,1.0821454775334602,0.005193499501862346,0.9166666666666666,4.213782,100,1.0,1.0,2.375877272697835e-16,1.1102230246251563e-15,2.375877272697835e-16,1.1102230246251563e-15,1.2364328210261502,0.007440302662308858,97,1.2364328210261502,0.0074403026623088,C:\Users\yiting\Documents\Playground\p0_lite_outputs\synthetic_constrained_portfolio\train\syn_n50_k05_low_corr_skewed_extreme_events_r02_s20260627\K_03\A_MPMO\run_003
Synthetic,train,syn_n50_k05_low_corr_skewed_extreme_events_r02_s20260627,50,3,0.05,GDE3,26,1.0369248586945865,0.16471633195242952,0.45,2.8282871,100,1.0,1.0,2.886579864025407e-16,1.1102230246251563e-15,2.886579864025407e-16,1.1102230246251563e-15,0.7005101208710385,0.004722538490083319,100,0.7005101208710385,0.0047225384900833,C:\Users\yiting\Documents\Playground\p0_lite_outputs\synthetic_constrained_portfolio\train\syn_n50_k05_low_corr_skewed_extreme_events_r02_s20260627\K_03\GDE3\run_026
Synthetic,train,syn_n50_k05_low_corr_skewed_extreme_events_r02_s20260627,50,3,0.05,GDE3,10,1.0788385285080322,0.006318195864178436,0.8333333333333334,3.1305896,100,1.0,1.0,2.420286193682841e-16,1.1102230246251563e-15,2.420286193682841e-16,1.1102230246251563e-15,1.2236890141510026,0.002677629984815418,100,1.2236890141510026,0.0026776299848154,C:\Users\yiting\Documents\Playground\p0_lite_outputs\synthetic_constrained_portfolio\train\syn_n50_k05_low_corr_skewed_extreme_events_r02_s20260627\K_03\GDE3\run_010
Synthetic,train,syn_n50_k05_low_corr_skewed_extreme_events_r02_s20260627,50,3,0.05,GDE3,19,1.0789795138714546,0.006536331662708647,0.825,2.8021413,100,1.0,1.0,2.575717417130363e-16,1.1102230246251563e-15,2.575717417130363e-16,1.1102230246251563e-15,1.2050589120014907,0.0027503631516937457,100,1.2050589120014907,0.0027503631516937,C:\Users\yiting\Documents\Playground\p0_lite_outputs\synthetic_constrained_portfolio\train\syn_n50_k05_low_corr_skewed_extreme_events_r02_s20260627\K_03\GDE3\run_019
Synthetic,train,syn_n50_k05_low_corr_skewed_extreme_events_r02_s20260627,50,3,0.05,GDE3,18,1.0821882317346323,0.004121536760120424,0.9666666666666667,2.7224559,100,1.0,1.0,2.7866597918091427e-16,1.1102230246251563e-15,2.7866597918091427e-16,1.1102230246251563e-15,1.1982923447997993,0.0029539113846501755,99,1.1982923447997993,0.0029539113846501,C:\Users\yiting\Documents\Playground\p0_lite_outputs\synthetic_constrained_portfolio\train\syn_n50_k05_low_corr_skewed_extreme_events_r02_s20260627\K_03\GDE3\run_018
Synthetic,train,syn_n50_k05_low_corr_skewed_extreme_events_r02_s20260627,50,3,0.05,MOEAD,27,0.9102402448298131,0.08271734272751462,0.625,14.6443468,96,1.0,1.0,4.012993641093014e-16,1.1102230246251563e-15,3.9968028886505636e-16,1.1102230246251563e-15,0.7922021769637105,0.0027614880962802744,86,0.7922021769637105,0.0027614880962802,C:\Users\yiting\Documents\Playground\p0_lite_outputs\synthetic_constrained_portfolio\train\syn_n50_k05_low_corr_skewed_extreme_events_r02_s20260627\K_03\MOEAD\run_027
Synthetic,train,syn_n50_k05_low_corr_skewed_extreme_events_r02_s20260627,50,3,0.05,A_MPMO,11,1.0783781199306124,0.00563879435049452,0.8666666666666667,1.6178058,100,1.0,1.0,2.3980817331903383e-16,1.1102230246251563e-15,2.3980817331903383e-16,1.1102230246251563e-15,1.2970973089201836,0.00584133610716824,98,1.2970973089201836,0.0058413361071682,C:\Users\yiting\Documents\Playground\p0_lite_outputs\synthetic_constrained_portfolio\train\syn_n50_k05_low_corr_skewed_extreme_events_r02_s20260627\K_03\A_MPMO\run_011
Synthetic,train,syn_n50_k05_low_corr_skewed_extreme_events_r02_s20260627,50,3,0.05,GDE3,22,1.0831668609601506,0.004252809919746607,0.975,2.8072091,100,1.0,1.0,1.765254609153999e-16,1.1102230246251563e-15,1.765254609153999e-16,1.1102230246251563e-15,1.2269192543588914,0.0034917436801506887,99,1.2269192543588914,0.0034917436801506,C:\Users\yiting\Documents\Playground\p0_lite_outputs\synthetic_constrained_portfolio\train\syn_n50_k05_low_corr_skewed_extreme_events_r02_s20260627\K_03\GDE3\run_022
Synthetic,train,syn_n50_k05_low_corr_skewed_extreme_events_r02_s20260627,50,3,0.05,A_MPMO,2,1.0756541609279442,0.006182171834302915,0.8416666666666667,2.1577271,100,1.0,1.0,2.287059430727822e-16,1.1102230246251563e-15,2.287059430727822e-16,1.1102230246251563e-15,1.1825013758443017,0.006240188029316122,93,1.1825013758443017,0.0062401880293161,C:\Users\yiting\Documents\Playground\p0_lite_outputs\synthetic_constrained_portfolio\train\syn_n50_k05_low_corr_skewed_extreme_events_r02_s20260627\K_03\A_MPMO\run_002
Synthetic,train,syn_n50_k05_low_corr_skewed_extreme_events_r02_s20260627,50,3,0.05,GDE3,14,1.0829215489625226,0.0038236885672813434,0.975,3.4422968,100,1.0,1.0,1.965094753586527e-16,1.1102230246251563e-15,1.965094753586527e-16,1.1102230246251563e-15,1.2343654774124464,0.003402426079050648,99,1.2343654774124464,0.0034024260790506,C:\Users\yiting\Documents\Playground\p0_lite_outputs\synthetic_constrained_portfolio\train\syn_n50_k05_low_corr_skewed_extreme_events_r02_s20260627\K_03\GDE3\run_014
Synthetic,train,syn_n50_k05_low_corr_skewed_extreme_events_r02_s20260627,50,3,0.05,GDE3,28,1.0768003629382776,0.004854040073038618,0.9333333333333333,2.725724,100,1.0,1.0,2.2759572004815707e-16,1.1102230246251563e-15,2.2759572004815707e-16,1.1102230246251563e-15,1.193446346733611,0.0033457640088638027,99,1.193446346733611,0.0033457640088638,C:\Users\yiting\Documents\Playground\p0_lite_outputs\synthetic_constrained_portfolio\train\syn_n50_k05_low_corr_skewed_extreme_events_r02_s20260627\K_03\GDE3\run_028
Synthetic,train,syn_n50_k05_low_corr_skewed_extreme_events_r02_s20260627,50,3,0.05,GDE3,25,1.083239896051831,0.003927581905732506,0.975,2.8359096,100,1.0,1.0,2.76445533131664e-16,1.1102230246251563e-15,2.76445533131664e-16,1.1102230246251563e-15,1.22516470637622,0.002919454572775387,99,1.22516470637622,0.0029194545727753,C:\Users\yiting\Documents\Playground\p0_lite_outputs\synthetic_constrained_portfolio\train\syn_n50_k05_low_corr_skewed_extreme_events_r02_s20260627\K_03\GDE3\run_025
Synthetic,train,syn_n50_k05_low_corr_skewed_extreme_events_r02_s20260627,50,3,0.05,GDE3,9,1.0823395423755853,0.003957294601427847,1.0,2.8461629,100,1.0,1.0,2.853273173286652e-16,1.1102230246251563e-15,2.853273173286652e-16,1.1102230246251563e-15,1.229695181522451,0.0031822215935890614,99,1.229695181522451,0.003182221593589,C:\Users\yiting\Documents\Playground\p0_lite_outputs\synthetic_constrained_portfolio\train\syn_n50_k05_low_corr_skewed_extreme_events_r02_s20260627\K_03\GDE3\run_009
Synthetic,train,syn_n50_k05_low_corr_skewed_extreme_events_r02_s20260627,50,3,0.05,GDE3,11,1.0832457483145848,0.003613586995697024,0.9833333333333333,2.7307665,100,1.0,1.0,2.353672812205332e-16,9.992007221626409e-16,2.353672812205332e-16,9.992007221626409e-16,1.2252074379774327,0.0027356493074593103,99,1.2252074379774327,0.0027356493074593,C:\Users\yiting\Documents\Playground\p0_lite_outputs\synthetic_constrained_portfolio\train\syn_n50_k05_low_corr_skewed_extreme_events_r02_s20260627\K_03\GDE3\run_011
Synthetic,train,syn_n50_k05_low_corr_skewed_extreme_events_r02_s20260627,50,3,0.05,GDE3,16,1.053731492865019,0.016704753896246594,0.6916666666666667,2.8241476,100,1.0,1.0,3.26405569239796e-16,1.1102230246251563e-15,3.26405569239796e-16,1.1102230246251563e-15,1.342023808116978,0.0030762848427498468,99,1.342023808116978,0.0030762848427498,C:\Users\yiting\Documents\Playground\p0_lite_outputs\synthetic_constrained_portfolio\train\syn_n50_k05_low_corr_skewed_extreme_events_r02_s20260627\K_03\GDE3\run_016
Synthetic,train,syn_n50_k05_low_corr_skewed_extreme_events_r02_s20260627,50,3,0.05,GDE3,12,1.083563882696813,0.003565613358721234,0.9916666666666667,3.5142532,100,1.0,1.0,2.475797344914099e-16,1.1102230246251563e-15,2.475797344914099e-16,1.1102230246251563e-15,1.2231086777839133,0.003080069603893763,99,1.2231086777839133,0.0030800696038937,C:\Users\yiting\Documents\Playground\p0_lite_outputs\synthetic_constrained_portfolio\train\syn_n50_k05_low_corr_skewed_extreme_events_r02_s20260627\K_03\GDE3\run_012
Synthetic,train,syn_n50_k05_low_corr_skewed_extreme_events_r02_s20260627,50,3,0.05,A_MPMO,10,1.0771860604256709,0.007268759814782583,0.8333333333333334,1.7603552,100,1.0,1.0,2.4313884239290933e-16,1.1102230246251563e-15,2.4313884239290933e-16,1.1102230246251563e-15,1.1887447579154988,0.005662473230289675,94,1.1887447579154988,0.0056624732302896,C:\Users\yiting\Documents\Playground\p0_lite_outputs\synthetic_constrained_portfolio\train\syn_n50_k05_low_corr_skewed_extreme_events_r02_s20260627\K_03\A_MPMO\run_010
Synthetic,train,syn_n50_k05_low_corr_skewed_extreme_events_r02_s20260627,50,3,0.05,A_MPMO,9,1.0820843622208787,0.0055190124986849035,0.9,1.7082979,100,1.0,1.0,2.042810365310288e-16,1.1102230246251563e-15,2.042810365310288e-16,1.1102230246251563e-15,1.177404059823485,0.005811597819871396,97,1.177404059823485,0.0058115978198713,C:\Users\yiting\Documents\Playground\p0_lite_outputs\synthetic_constrained_portfolio\train\syn_n50_k05_low_corr_skewed_extreme_events_r02_s20260627\K_03\A_MPMO\run_009
Synthetic,train,syn_n50_k05_low_corr_skewed_extreme_events_r02_s20260627,50,3,0.05,GDE3,20,1.083224655746631,0.004240571065663218,0.9916666666666667,2.8026229,100,1.0,1.0,2.0650148258027915e-16,1.1102230246251563e-15,2.0650148258027915e-16,1.1102230246251563e-15,1.1764023206456589,0.0030922075617680635,99,1.1764023206456589,0.003092207561768,C:\Users\yiting\Documents\Playground\p0_lite_outputs\synthetic_constrained_portfolio\train\syn_n50_k05_low_corr_skewed_extreme_events_r02_s20260627\K_03\GDE3\run_020
Synthetic,train,syn_n50_k05_low_corr_skewed_extreme_events_r02_s20260627,50,3,0.05,A_MPMO,5,1.0803446451557086,0.006041092747202934,0.8666666666666667,1.818837,100,1.0,1.0,2.69784194983913e-16,1.1102230246251563e-15,2.69784194983913e-16,1.1102230246251563e-15,1.2106627537679284,0.005802343895979502,98,1.2106627537679284,0.0058023438959795,C:\Users\yiting\Documents\Playground\p0_lite_outputs\synthetic_constrained_portfolio\train\syn_n50_k05_low_corr_skewed_extreme_events_r02_s20260627\K_03\A_MPMO\run_005
Synthetic,train,syn_n50_k05_low_corr_skewed_extreme_events_r02_s20260627,50,3,0.05,GDE3,13,1.0810809373885257,0.012718124809349637,0.825,3.6401464,100,1.0,1.0,2.7755575615628914e-16,1.1102230246251563e-15,2.7755575615628914e-16,1.1102230246251563e-15,1.1176917927959968,0.00684141005650058,100,1.1176917927959968,0.0068414100565005,C:\Users\yiting\Documents\Playground\p0_lite_outputs\synthetic_constrained_portfolio\train\syn_n50_k05_low_corr_skewed_extreme_events_r02_s20260627\K_03\GDE3\run_013
Synthetic,train,syn_n50_k05_low_corr_skewed_extreme_events_r02_s20260627,50,3,0.05,GDE3,17,1.0835288800580183,0.003717999964852724,1.0,2.6990852,100,1.0,1.0,1.8540724511240116e-16,1.1102230246251563e-15,1.8540724511240116e-16,1.1102230246251563e-15,1.224088626730863,0.0031479186180004446,99,1.224088626730863,0.0031479186180004,C:\Users\yiting\Documents\Playground\p0_lite_outputs\synthetic_constrained_portfolio\train\syn_n50_k05_low_corr_skewed_extreme_events_r02_s20260627\K_03\GDE3\run_017
Synthetic,train,syn_n50_k05_low_corr_skewed_extreme_events_r02_s20260627,50,3,0.05,A_MPMO,6,1.0818901061298225,0.006048657418551157,0.8583333333333333,1.4594594,100,1.0,1.0,2.609024107869118e-16,1.1102230246251563e-15,2.609024107869118e-16,1.1102230246251563e-15,1.1773537768553939,0.004906432080920243,97,1.177353776855394,0.0049064320809202,C:\Users\yiting\Documents\Playground\p0_lite_outputs\synthetic_constrained_portfolio\train\syn_n50_k05_low_corr_skewed_extreme_events_r02_s20260627\K_03\A_MPMO\run_006
Synthetic,train,syn_n50_k05_low_corr_skewed_extreme_events_r02_s20260627,50,3,0.05,GDE3,23,1.0790885379995219,0.004311094165874901,0.9333333333333333,2.7884346,100,1.0,1.0,3.1530333899354444e-16,1.1102230246251563e-15,3.1530333899354444e-16,1.1102230246251563e-15,1.297766318529272,0.003199784357726734,100,1.297766318529272,0.0031997843577267,C:\Users\yiting\Documents\Playground\p0_lite_outputs\synthetic_constrained_portfolio\train\syn_n50_k05_low_corr_skewed_extreme_events_r02_s20260627\K_03\GDE3\run_023
Synthetic,train,syn_n50_k05_low_corr_skewed_extreme_events_r02_s20260627,50,3,0.05,GDE3,21,1.053840621194346,0.01745586816900008,0.6916666666666667,2.5404921,100,1.0,1.0,2.320366121466577e-16,1.1102230246251563e-15,2.320366121466577e-16,1.1102230246251563e-15,1.34350872766924,0.0031915008739101824,99,1.34350872766924,0.0031915008739101,C:\Users\yiting\Documents\Playground\p0_lite_outputs\synthetic_constrained_portfolio\train\syn_n50_k05_low_corr_skewed_extreme_events_r02_s20260627\K_03\GDE3\run_021
Synthetic,train,syn_n50_k05_low_corr_skewed_extreme_events_r02_s20260627,50,3,0.05,GDE3,27,1.0823900496380363,0.004338064684921792,0.975,2.9119677,100,1.0,1.0,2.6201263381153693e-16,1.1102230246251563e-15,2.6201263381153693e-16,1.1102230246251563e-15,1.2228588360476387,0.002760765812477893,99,1.222858836047639,0.0027607658124778,C:\Users\yiting\Documents\Playground\p0_lite_outputs\synthetic_constrained_portfolio\train\syn_n50_k05_low_corr_skewed_extreme_events_r02_s20260627\K_03\GDE3\run_027
Synthetic,train,syn_n50_k05_low_corr_skewed_extreme_events_r02_s20260627,50,3,0.05,GDE3,24,1.0806010070624543,0.00501134153355567,0.9666666666666667,2.7840649,100,1.0,1.0,2.542410726391608e-16,1.1102230246251563e-15,2.542410726391608e-16,1.1102230246251563e-15,1.156311030352017,0.0033726652488068175,99,1.156311030352017,0.0033726652488068,C:\Users\yiting\Documents\Playground\p0_lite_outputs\synthetic_constrained_portfolio\train\syn_n50_k05_low_corr_skewed_extreme_events_r02_s20260627\K_03\GDE3\run_024
Synthetic,train,syn_n50_k05_low_corr_skewed_extreme_events_r02_s20260627,50,3,0.05,A_MPMO,18,1.082062002687905,0.0060695749081458635,0.8583333333333333,1.8068101,100,1.0,1.0,2.631228568361621e-16,1.1102230246251563e-15,2.631228568361621e-16,1.1102230246251563e-15,1.1772915390710137,0.005931434147562304,96,1.1772915390710137,0.0059314341475623,C:\Users\yiting\Documents\Playground\p0_lite_outputs\synthetic_constrained_portfolio\train\syn_n50_k05_low_corr_skewed_extreme_events_r02_s20260627\K_03\A_MPMO\run_018
Synthetic,train,syn_n50_k05_low_corr_skewed_extreme_events_r02_s20260627,50,3,0.05,A_MPMO,8,1.0821941838437656,0.005303031844304877,0.925,1.6495987,100,1.0,1.0,2.5868196473766153e-16,1.1102230246251563e-15,2.5868196473766153e-16,1.1102230246251563e-15,1.1772735998157513,0.006524238699466011,99,1.1772735998157513,0.006524238699466,C:\Users\yiting\Documents\Playground\p0_lite_outputs\synthetic_constrained_portfolio\train\syn_n50_k05_low_corr_skewed_extreme_events_r02_s20260627\K_03\A_MPMO\run_008
Synthetic,train,syn_n50_k05_low_corr_skewed_extreme_events_r02_s20260627,50,3,0.05,GDE3,29,1.0830972630287827,0.003925252649275329,0.975,2.9310008,100,1.0,1.0,2.742250870824137e-16,1.1102230246251563e-15,2.742250870824137e-16,1.1102230246251563e-15,1.2372146767208416,0.0031393902966521236,99,1.2372146767208416,0.0031393902966521,C:\Users\yiting\Documents\Playground\p0_lite_outputs\synthetic_constrained_portfolio\train\syn_n50_k05_low_corr_skewed_extreme_events_r02_s20260627\K_03\GDE3\run_029
Synthetic,train,syn_n50_k05_low_corr_skewed_extreme_events_r02_s20260627,50,3,0.05,GDE3,30,1.08060678174243,0.016107006065698648,0.7583333333333333,3.0582786,100,1.0,1.0,2.320366121466577e-16,1.1102230246251563e-15,2.320366121466577e-16,1.1102230246251563e-15,1.1072503389309005,0.01062543352477058,100,1.1072503389309003,0.0106254335247705,C:\Users\yiting\Documents\Playground\p0_lite_outputs\synthetic_constrained_portfolio\train\syn_n50_k05_low_corr_skewed_extreme_events_r02_s20260627\K_03\GDE3\run_030
Synthetic,train,syn_n50_k05_low_corr_skewed_extreme_events_r02_s20260627,50,3,0.05,GDE3,15,1.083680626961453,0.003446529079682811,0.9916666666666667,2.7651615,100,1.0,1.0,1.8984813721090174e-16,1.1102230246251563e-15,1.8984813721090174e-16,1.1102230246251563e-15,1.223148821288732,0.0024871508814770325,99,1.223148821288732,0.002487150881477,C:\Users\yiting\Documents\Playground\p0_lite_outputs\synthetic_constrained_portfolio\train\syn_n50_k05_low_corr_skewed_extreme_events_r02_s20260627\K_03\GDE3\run_015
Synthetic,train,syn_n50_k05_low_corr_skewed_extreme_events_r02_s20260627,50,3,0.05,A_MPMO,16,1.0662037468095384,0.009065898539385957,0.7,1.4553154,100,1.0,1.0,2.2315482794965644e-16,1.1102230246251563e-15,2.2315482794965644e-16,1.1102230246251563e-15,1.1443375876786446,0.005362884163577676,95,1.1443375876786446,0.0053628841635776,C:\Users\yiting\Documents\Playground\p0_lite_outputs\synthetic_constrained_portfolio\train\syn_n50_k05_low_corr_skewed_extreme_events_r02_s20260627\K_03\A_MPMO\run_016
Synthetic,train,syn_n50_k05_low_corr_skewed_extreme_events_r02_s20260627,50,3,0.05,A_MPMO,1,1.074949203059913,0.005867144776550998,0.8666666666666667,4.3171241,100,1.0,1.0,2.453592884421596e-16,1.1102230246251563e-15,2.453592884421596e-16,1.1102230246251563e-15,1.255359764728452,0.005012372470664381,95,1.255359764728452,0.0050123724706643,C:\Users\yiting\Documents\Playground\p0_lite_outputs\synthetic_constrained_portfolio\train\syn_n50_k05_low_corr_skewed_extreme_events_r02_s20260627\K_03\A_MPMO\run_001
Synthetic,train,syn_n50_k05_low_corr_skewed_extreme_events_r02_s20260627,50,3,0.05,A_MPMO,15,1.0801978129889904,0.0059286091800111,0.8583333333333333,1.748786,100,1.0,1.0,2.6756374893466274e-16,1.1102230246251563e-15,2.6756374893466274e-16,1.1102230246251563e-15,1.1969908643762333,0.005996488388151073,94,1.1969908643762333,0.005996488388151,C:\Users\yiting\Documents\Playground\p0_lite_outputs\synthetic_constrained_portfolio\train\syn_n50_k05_low_corr_skewed_extreme_events_r02_s20260627\K_03\A_MPMO\run_015
Synthetic,train,syn_n50_k05_low_corr_skewed_extreme_events_r02_s20260627,50,3,0.05,A_MPMO,4,1.0797520673478642,0.00550750334511942,0.9,1.8055405,100,1.0,1.0,1.9317880628477724e-16,1.1102230246251563e-15,1.9317880628477724e-16,1.1102230246251563e-15,1.1981126029111082,0.005589209788334003,99,1.1981126029111082,0.005589209788334,C:\Users\yiting\Documents\Playground\p0_lite_outputs\synthetic_constrained_portfolio\train\syn_n50_k05_low_corr_skewed_extreme_events_r02_s20260627\K_03\A_MPMO\run_004
Synthetic,train,syn_n50_k05_low_corr_skewed_extreme_events_r02_s20260627,50,3,0.05,A_MPMO,28,1.0817841895129061,0.005227094068291606,0.8916666666666667,2.0272727,100,1.0,1.0,1.5876189252139738e-16,1.1102230246251563e-15,1.5876189252139738e-16,1.1102230246251563e-15,1.2352413858464173,0.006193654073189955,94,1.2352413858464173,0.0061936540731899,C:\Users\yiting\Documents\Playground\p0_lite_outputs\synthetic_constrained_portfolio\train\syn_n50_k05_low_corr_skewed_extreme_events_r02_s20260627\K_03\A_MPMO\run_028
Synthetic,train,syn_n50_k05_low_corr_skewed_extreme_events_r02_s20260627,50,3,0.05,A_MPMO,17,1.0804090356805967,0.005152411000803387,0.925,1.5905772,100,1.0,1.0,1.965094753586527e-16,1.1102230246251563e-15,1.965094753586527e-16,1.1102230246251563e-15,1.206430793090033,0.006148060740270749,96,1.206430793090033,0.0061480607402707,C:\Users\yiting\Documents\Playground\p0_lite_outputs\synthetic_constrained_portfolio\train\syn_n50_k05_low_corr_skewed_extreme_events_r02_s20260627\K_03\A_MPMO\run_017
Synthetic,train,syn_n50_k05_low_corr_skewed_extreme_events_r02_s20260627,50,3,0.05,A_MPMO,12,1.0824694446707057,0.005319518162333227,0.9083333333333333,1.5666493,100,1.0,1.0,2.3869795029440865e-16,1.1102230246251563e-15,2.3869795029440865e-16,1.1102230246251563e-15,1.177320841769681,0.005456959368443158,97,1.177320841769681,0.0054569593684431,C:\Users\yiting\Documents\Playground\p0_lite_outputs\synthetic_constrained_portfolio\train\syn_n50_k05_low_corr_skewed_extreme_events_r02_s20260627\K_03\A_MPMO\run_012
Synthetic,train,syn_n50_k05_low_corr_skewed_extreme_events_r02_s20260627,50,3,0.05,A_MPMO,19,1.0814388476869596,0.005614759978639582,0.8666666666666667,1.7157116,100,1.0,1.0,2.142730437526552e-16,1.1102230246251563e-15,2.142730437526552e-16,1.1102230246251563e-15,1.2335725465977694,0.005424496708972336,96,1.2335725465977694,0.0054244967089723,C:\Users\yiting\Documents\Playground\p0_lite_outputs\synthetic_constrained_portfolio\train\syn_n50_k05_low_corr_skewed_extreme_events_r02_s20260627\K_03\A_MPMO\run_019
Synthetic,train,syn_n50_k05_low_corr_skewed_extreme_events_r02_s20260627,50,3,0.05,ECMADE_MOO,1,1.0820837654575068,0.005789549760055231,0.8583333333333333,9.9090232,100,1.0,1.0,1.9984014443252816e-16,1.1102230246251563e-15,1.9984014443252816e-16,1.1102230246251563e-15,1.2189136029019731,0.006626298348099846,87,1.2189136029019731,0.0066262983480998,C:\Users\yiting\Documents\Playground\p0_lite_outputs\synthetic_constrained_portfolio\train\syn_n50_k05_low_corr_skewed_extreme_events_r02_s20260627\K_03\ECMADE_MOO\run_001
Synthetic,train,syn_n50_k05_low_corr_skewed_extreme_events_r02_s20260627,50,3,0.05,A_MPMO,25,1.079284175806852,0.00634932058046428,0.8583333333333333,1.9056879,100,1.0,1.0,2.042810365310288e-16,1.1102230246251563e-15,2.042810365310288e-16,1.1102230246251563e-15,1.151134131992889,0.005438257105625958,93,1.151134131992889,0.0054382571056259,C:\Users\yiting\Documents\Playground\p0_lite_outputs\synthetic_constrained_portfolio\train\syn_n50_k05_low_corr_skewed_extreme_events_r02_s20260627\K_03\A_MPMO\run_025
Synthetic,train,syn_n50_k05_low_corr_skewed_extreme_events_r02_s20260627,50,3,0.05,A_MPMO,13,1.0795343216788538,0.005807099035907356,0.9416666666666667,1.5273447,100,1.0,1.0,2.6756374893466274e-16,1.1102230246251563e-15,2.6756374893466274e-16,1.1102230246251563e-15,1.1561780219210287,0.005676286800665556,97,1.1561780219210287,0.0056762868006655,C:\Users\yiting\Documents\Playground\p0_lite_outputs\synthetic_constrained_portfolio\train\syn_n50_k05_low_corr_skewed_extreme_events_r02_s20260627\K_03\A_MPMO\run_013
Synthetic,train,syn_n50_k05_low_corr_skewed_extreme_events_r02_s20260627,50,3,0.05,A_MPMO,7,1.0715065836480073,0.008084315581091468,0.7833333333333333,1.9157135,100,1.0,1.0,2.4646951146678477e-16,1.1102230246251563e-15,2.4646951146678477e-16,1.1102230246251563e-15,1.1970555123657036,0.005843165011318319,91,1.1970555123657036,0.0058431650113183,C:\Users\yiting\Documents\Playground\p0_lite_outputs\synthetic_constrained_portfolio\train\syn_n50_k05_low_corr_skewed_extreme_events_r02_s20260627\K_03\A_MPMO\run_007
Synthetic,train,syn_n50_k05_low_corr_skewed_extreme_events_r02_s20260627,50,3,0.05,A_MPMO,26,1.0795571326246158,0.005615202506698645,0.9083333333333333,1.7418049,100,1.0,1.0,2.4313884239290933e-16,1.1102230246251563e-15,2.4313884239290933e-16,1.1102230246251563e-15,1.179953160976829,0.006227258636282778,97,1.179953160976829,0.0062272586362827,C:\Users\yiting\Documents\Playground\p0_lite_outputs\synthetic_constrained_portfolio\train\syn_n50_k05_low_corr_skewed_extreme_events_r02_s20260627\K_03\A_MPMO\run_026
Synthetic,train,syn_n50_k05_low_corr_skewed_extreme_events_r02_s20260627,50,3,0.05,ECMADE_MOO,5,1.0766776770157713,0.00844789985933611,0.725,7.0192542,100,1.0,1.0,1.9761969838327787e-16,1.1102230246251563e-15,1.9761969838327787e-16,1.1102230246251563e-15,1.203545969536533,0.006136094643528036,89,1.203545969536533,0.006136094643528,C:\Users\yiting\Documents\Playground\p0_lite_outputs\synthetic_constrained_portfolio\train\syn_n50_k05_low_corr_skewed_extreme_events_r02_s20260627\K_03\ECMADE_MOO\run_005
Synthetic,train,syn_n50_k05_low_corr_skewed_extreme_events_r02_s20260627,50,3,0.05,ECMADE_MOO,4,1.0824669455205398,0.004907372748987673,0.925,6.2403366,100,1.0,1.0,2.320366121466577e-16,1.1102230246251563e-15,2.320366121466577e-16,1.1102230246251563e-15,1.222792633717887,0.005058863278396026,89,1.222792633717887,0.005058863278396,C:\Users\yiting\Documents\Playground\p0_lite_outputs\synthetic_constrained_portfolio\train\syn_n50_k05_low_corr_skewed_extreme_events_r02_s20260627\K_03\ECMADE_MOO\run_004
Synthetic,train,syn_n50_k05_low_corr_skewed_extreme_events_r02_s20260627,50,3,0.05,A_MPMO,20,1.0823571499937845,0.005553313910278106,0.9083333333333333,1.7879036,100,1.0,1.0,2.0872192862952942e-16,1.1102230246251563e-15,2.0872192862952942e-16,1.1102230246251563e-15,1.1766432722227707,0.006488321766243249,96,1.1766432722227709,0.0064883217662432,C:\Users\yiting\Documents\Playground\p0_lite_outputs\synthetic_constrained_portfolio\train\syn_n50_k05_low_corr_skewed_extreme_events_r02_s20260627\K_03\A_MPMO\run_020
Synthetic,train,syn_n50_k05_low_corr_skewed_extreme_events_r02_s20260627,50,3,0.05,A_MPMO,23,1.077955664067964,0.005330932423863297,0.8833333333333333,1.8202174,100,1.0,1.0,2.320366121466577e-16,1.1102230246251563e-15,2.320366121466577e-16,1.1102230246251563e-15,1.1999940028159561,0.0059186413678105464,95,1.199994002815956,0.0059186413678105,C:\Users\yiting\Documents\Playground\p0_lite_outputs\synthetic_constrained_portfolio\train\syn_n50_k05_low_corr_skewed_extreme_events_r02_s20260627\K_03\A_MPMO\run_023
Synthetic,train,syn_n50_k05_low_corr_skewed_extreme_events_r02_s20260627,50,3,0.05,A_MPMO,14,1.0818256794986432,0.00515246393097958,0.8916666666666667,1.7069451,100,1.0,1.0,2.6534330288541243e-16,1.1102230246251563e-15,2.6534330288541243e-16,1.1102230246251563e-15,1.236796756940959,0.00663016929676594,97,1.236796756940959,0.0066301692967659,C:\Users\yiting\Documents\Playground\p0_lite_outputs\synthetic_constrained_portfolio\train\syn_n50_k05_low_corr_skewed_extreme_events_r02_s20260627\K_03\A_MPMO\run_014
Synthetic,train,syn_n50_k05_low_corr_skewed_extreme_events_r02_s20260627,50,3,0.05,A_MPMO,24,1.0733708811698952,0.007675422522832823,0.8333333333333334,1.7198782,100,1.0,1.0,2.1316282072803002e-16,1.1102230246251563e-15,2.1316282072803002e-16,1.1102230246251563e-15,1.1725859098901645,0.009906823177870226,90,1.1725859098901643,0.0099068231778702,C:\Users\yiting\Documents\Playground\p0_lite_outputs\synthetic_constrained_portfolio\train\syn_n50_k05_low_corr_skewed_extreme_events_r02_s20260627\K_03\A_MPMO\run_024
Synthetic,train,syn_n50_k05_low_corr_skewed_extreme_events_r02_s20260627,50,3,0.05,ECMADE_MOO,2,1.0783551455242688,0.005482598622324839,0.9083333333333333,6.2232004,100,1.0,1.0,2.209343819004061e-16,1.1102230246251563e-15,2.209343819004061e-16,1.1102230246251563e-15,1.2976129400724516,0.005877772511738474,93,1.2976129400724516,0.0058777725117384,C:\Users\yiting\Documents\Playground\p0_lite_outputs\synthetic_constrained_portfolio\train\syn_n50_k05_low_corr_skewed_extreme_events_r02_s20260627\K_03\ECMADE_MOO\run_002
Synthetic,train,syn_n50_k05_low_corr_skewed_extreme_events_r02_s20260627,50,3,0.05,A_MPMO,22,1.0817961216541803,0.0052641712301452126,0.8666666666666667,1.5868741,100,1.0,1.0,2.3092638912203257e-16,1.1102230246251563e-15,2.3092638912203257e-16,1.1102230246251563e-15,1.2265466088873236,0.005308837837337077,98,1.2265466088873236,0.005308837837337,C:\Users\yiting\Documents\Playground\p0_lite_outputs\synthetic_constrained_portfolio\train\syn_n50_k05_low_corr_skewed_extreme_events_r02_s20260627\K_03\A_MPMO\run_022
Synthetic,train,syn_n50_k05_low_corr_skewed_extreme_events_r02_s20260627,50,3,0.05,A_MPMO,21,1.076121739933858,0.005741068164071261,0.875,1.705706,100,1.0,1.0,2.2315482794965644e-16,1.1102230246251563e-15,2.2315482794965644e-16,1.1102230246251563e-15,1.198731565795942,0.005310243241196735,96,1.198731565795942,0.0053102432411967,C:\Users\yiting\Documents\Playground\p0_lite_outputs\synthetic_constrained_portfolio\train\syn_n50_k05_low_corr_skewed_extreme_events_r02_s20260627\K_03\A_MPMO\run_021
Synthetic,train,syn_n50_k05_low_corr_skewed_extreme_events_r02_s20260627,50,3,0.05,ECMADE_MOO,9,1.0818886904904097,0.004862738387729108,0.9083333333333333,6.5764473,100,1.0,1.0,2.3647750424515833e-16,1.1102230246251563e-15,2.3647750424515833e-16,1.1102230246251563e-15,1.228041884228364,0.004611232573514889,98,1.228041884228364,0.0046112325735148,C:\Users\yiting\Documents\Playground\p0_lite_outputs\synthetic_constrained_portfolio\train\syn_n50_k05_low_corr_skewed_extreme_events_r02_s20260627\K_03\ECMADE_MOO\run_009
Synthetic,train,syn_n50_k05_low_corr_skewed_extreme_events_r02_s20260627,50,3,0.05,ECMADE_MOO,3,1.0787029514914281,0.007236956603530981,0.7833333333333333,7.2678901,100,1.0,1.0,2.542410726391608e-16,1.1102230246251563e-15,2.542410726391608e-16,1.1102230246251563e-15,1.2299918393603004,0.005860005685987674,98,1.2299918393603004,0.0058600056859876,C:\Users\yiting\Documents\Playground\p0_lite_outputs\synthetic_constrained_portfolio\train\syn_n50_k05_low_corr_skewed_extreme_events_r02_s20260627\K_03\ECMADE_MOO\run_003
Synthetic,train,syn_n50_k05_low_corr_skewed_extreme_events_r02_s20260627,50,3,0.05,ECMADE_MOO,15,1.082273290137387,0.005155491022280187,0.9333333333333333,6.9556007,100,1.0,1.0,2.6534330288541243e-16,1.1102230246251563e-15,2.6534330288541243e-16,1.1102230246251563e-15,1.177723835468118,0.004592602577601636,93,1.177723835468118,0.0045926025776016,C:\Users\yiting\Documents\Playground\p0_lite_outputs\synthetic_constrained_portfolio\train\syn_n50_k05_low_corr_skewed_extreme_events_r02_s20260627\K_03\ECMADE_MOO\run_015
Synthetic,train,syn_n50_k05_low_corr_skewed_extreme_events_r02_s20260627,50,3,0.05,A_MPMO,27,1.0815809326322607,0.005399852607426631,0.875,2.044337,100,1.0,1.0,2.69784194983913e-16,1.1102230246251563e-15,2.69784194983913e-16,1.1102230246251563e-15,1.227200820033316,0.005062580948881952,93,1.227200820033316,0.0050625809488819,C:\Users\yiting\Documents\Playground\p0_lite_outputs\synthetic_constrained_portfolio\train\syn_n50_k05_low_corr_skewed_extreme_events_r02_s20260627\K_03\A_MPMO\run_027
Synthetic,train,syn_n50_k05_low_corr_skewed_extreme_events_r02_s20260627,50,3,0.05,A_MPMO,30,1.081391376430157,0.005108761984679573,0.8916666666666667,1.7398383,100,1.0,1.0,2.253752739989068e-16,1.1102230246251563e-15,2.253752739989068e-16,1.1102230246251563e-15,1.2251784198575584,0.005991832674621192,98,1.2251784198575584,0.0059918326746211,C:\Users\yiting\Documents\Playground\p0_lite_outputs\synthetic_constrained_portfolio\train\syn_n50_k05_low_corr_skewed_extreme_events_r02_s20260627\K_03\A_MPMO\run_030
Synthetic,train,syn_n50_k05_low_corr_skewed_extreme_events_r02_s20260627,50,3,0.05,ECMADE_MOO,16,1.0773464047304402,0.00541543198739934,0.9,7.2717636,100,1.0,1.0,2.1760371282653068e-16,1.1102230246251563e-15,2.1760371282653068e-16,1.1102230246251563e-15,1.209812676789673,0.005100787843674021,97,1.209812676789673,0.005100787843674,C:\Users\yiting\Documents\Playground\p0_lite_outputs\synthetic_constrained_portfolio\train\syn_n50_k05_low_corr_skewed_extreme_events_r02_s20260627\K_03\ECMADE_MOO\run_016
Synthetic,train,syn_n50_k05_low_corr_skewed_extreme_events_r02_s20260627,50,3,0.05,ECMADE_MOO,6,1.0825738894200403,0.004488916625961801,0.925,6.7082133,100,1.0,1.0,2.2315482794965644e-16,1.1102230246251563e-15,2.2315482794965644e-16,1.1102230246251563e-15,1.2245531022992098,0.004882886534854535,89,1.2245531022992098,0.0048828865348545,C:\Users\yiting\Documents\Playground\p0_lite_outputs\synthetic_constrained_portfolio\train\syn_n50_k05_low_corr_skewed_extreme_events_r02_s20260627\K_03\ECMADE_MOO\run_006
Synthetic,train,syn_n50_k05_low_corr_skewed_extreme_events_r02_s20260627,50,3,0.05,ECMADE_MOO,10,1.060392246012473,0.016762983534038742,0.6666666666666666,6.6360272,100,1.0,1.0,2.220446049250313e-16,1.1102230246251563e-15,2.220446049250313e-16,1.1102230246251563e-15,1.338114754502424,0.005752371411729988,92,1.338114754502424,0.0057523714117299,C:\Users\yiting\Documents\Playground\p0_lite_outputs\synthetic_constrained_portfolio\train\syn_n50_k05_low_corr_skewed_extreme_events_r02_s20260627\K_03\ECMADE_MOO\run_010
Synthetic,train,syn_n50_k05_low_corr_skewed_extreme_events_r02_s20260627,50,3,0.05,A_MPMO,29,1.0820836238946339,0.005220038411335613,0.9166666666666666,1.7463855,100,1.0,1.0,2.4091839634365896e-16,1.1102230246251563e-15,2.4091839634365896e-16,1.1102230246251563e-15,1.2275269458075473,0.006306429731344461,91,1.2275269458075473,0.0063064297313444,C:\Users\yiting\Documents\Playground\p0_lite_outputs\synthetic_constrained_portfolio\train\syn_n50_k05_low_corr_skewed_extreme_events_r02_s20260627\K_03\A_MPMO\run_029
Synthetic,train,syn_n50_k05_low_corr_skewed_extreme_events_r02_s20260627,50,3,0.05,ECMADE_MOO,21,1.0542738270306908,0.02341633479909662,0.25833333333333336,6.3278098,100,1.0,1.0,1.6431300764452314e-16,1.1102230246251563e-15,1.6431300764452314e-16,1.1102230246251563e-15,1.2350842485122278,0.004941551751644457,97,1.2350842485122278,0.0049415517516444,C:\Users\yiting\Documents\Playground\p0_lite_outputs\synthetic_constrained_portfolio\train\syn_n50_k05_low_corr_skewed_extreme_events_r02_s20260627\K_03\ECMADE_MOO\run_021
Synthetic,train,syn_n50_k05_low_corr_skewed_extreme_events_r02_s20260627,50,3,0.05,ECMADE_MOO,13,0.914099347298454,0.13616383195787676,0.10833333333333334,5.5021548,100,1.0,1.0,2.8199664825478977e-16,1.1102230246251563e-15,2.8199664825478977e-16,1.1102230246251563e-15,0.9493972608238863,0.003573880868697386,90,0.9493972608238864,0.0035738808686973,C:\Users\yiting\Documents\Playground\p0_lite_outputs\synthetic_constrained_portfolio\train\syn_n50_k05_low_corr_skewed_extreme_events_r02_s20260627\K_03\ECMADE_MOO\run_013
Synthetic,train,syn_n50_k05_low_corr_skewed_extreme_events_r02_s20260627,50,3,0.05,ECMADE_MOO,11,1.0801023340279003,0.006616500215847042,0.8416666666666667,6.0542821,100,1.0,1.0,2.6867397195928787e-16,1.1102230246251563e-15,2.6867397195928787e-16,1.1102230246251563e-15,1.2278101587951114,0.0050881151731134895,94,1.2278101587951114,0.0050881151731134,C:\Users\yiting\Documents\Playground\p0_lite_outputs\synthetic_constrained_portfolio\train\syn_n50_k05_low_corr_skewed_extreme_events_r02_s20260627\K_03\ECMADE_MOO\run_011
Synthetic,train,syn_n50_k05_low_corr_skewed_extreme_events_r02_s20260627,50,3,0.05,ECMADE_MOO,22,1.0808371457288994,0.0055691664737085155,0.9,6.0168475,100,1.0,1.0,1.9872992140790302e-16,1.1102230246251563e-15,1.9872992140790302e-16,1.1102230246251563e-15,1.1957105171362126,0.006291092386234005,87,1.1957105171362126,0.006291092386234,C:\Users\yiting\Documents\Playground\p0_lite_outputs\synthetic_constrained_portfolio\train\syn_n50_k05_low_corr_skewed_extreme_events_r02_s20260627\K_03\ECMADE_MOO\run_022
Synthetic,train,syn_n50_k05_pathological_cov_normal_extreme_events_r02_s20260628,50,3,0.05,NSGAII,14,1.0692707581381278,0.005413238006475459,0.9083333333333333,0.6911109,100,1.0,1.0,2.520206265899105e-16,9.992007221626409e-16,2.520206265899105e-16,9.992007221626409e-16,1.4142135623730951,0.005426836475847575,97,1.4142135623730951,0.0054268364758475,C:\Users\yiting\Documents\Playground\p0_lite_outputs\synthetic_constrained_portfolio\train\syn_n50_k05_pathological_cov_normal_extreme_events_r02_s20260628\K_03\NSGAII\run_014
Synthetic,train,syn_n50_k05_low_corr_skewed_extreme_events_r02_s20260627,50,3,0.05,ECMADE_MOO,30,1.0814603555346651,0.006763804163060494,0.8166666666666667,6.480943,100,1.0,1.0,2.34257058195908e-16,1.1102230246251563e-15,2.34257058195908e-16,1.1102230246251563e-15,1.231054257013748,0.00453713384503393,92,1.231054257013748,0.0045371338450339,C:\Users\yiting\Documents\Playground\p0_lite_outputs\synthetic_constrained_portfolio\train\syn_n50_k05_low_corr_skewed_extreme_events_r02_s20260627\K_03\ECMADE_MOO\run_030
Synthetic,train,syn_n50_k05_low_corr_skewed_extreme_events_r02_s20260627,50,3,0.05,ECMADE_MOO,23,1.0819284110191891,0.004555658401402744,0.9333333333333333,5.6988198,100,1.0,1.0,2.475797344914099e-16,1.1102230246251563e-15,2.475797344914099e-16,1.1102230246251563e-15,1.2235089321877353,0.004278631494750709,95,1.2235089321877353,0.0042786314947507,C:\Users\yiting\Documents\Playground\p0_lite_outputs\synthetic_constrained_portfolio\train\syn_n50_k05_low_corr_skewed_extreme_events_r02_s20260627\K_03\ECMADE_MOO\run_023
Synthetic,train,syn_n50_k05_low_corr_skewed_extreme_events_r02_s20260627,50,3,0.05,ECMADE_MOO,18,1.0795711551723988,0.005328720996687563,0.9083333333333333,7.0149952,100,1.0,1.0,2.3980817331903383e-16,1.1102230246251563e-15,2.3980817331903383e-16,1.1102230246251563e-15,1.2558081171456996,0.0061731746261149455,94,1.2558081171456996,0.0061731746261149,C:\Users\yiting\Documents\Playground\p0_lite_outputs\synthetic_constrained_portfolio\train\syn_n50_k05_low_corr_skewed_extreme_events_r02_s20260627\K_03\ECMADE_MOO\run_018
Synthetic,train,syn_n50_k05_low_corr_skewed_extreme_events_r02_s20260627,50,3,0.05,ECMADE_MOO,12,1.082810910595356,0.004553125145603158,0.9416666666666667,5.8323309,100,1.0,1.0,2.597921877622866e-16,1.1102230246251563e-15,2.597921877622866e-16,1.1102230246251563e-15,1.2276144066189238,0.00557809261980707,96,1.2276144066189238,0.005578092619807,C:\Users\yiting\Documents\Playground\p0_lite_outputs\synthetic_constrained_portfolio\train\syn_n50_k05_low_corr_skewed_extreme_events_r02_s20260627\K_03\ECMADE_MOO\run_012
Synthetic,train,syn_n50_k05_low_corr_skewed_extreme_events_r02_s20260627,50,3,0.05,ECMADE_MOO,24,1.0786958360677097,0.005511503392075157,0.9083333333333333,6.1873215,100,1.0,1.0,1.709743457922741e-16,1.1102230246251563e-15,1.709743457922741e-16,1.1102230246251563e-15,1.1860819086865426,0.005113138517454454,92,1.1860819086865426,0.0051131385174544,C:\Users\yiting\Documents\Playground\p0_lite_outputs\synthetic_constrained_portfolio\train\syn_n50_k05_low_corr_skewed_extreme_events_r02_s20260627\K_03\ECMADE_MOO\run_024
Synthetic,train,syn_n50_k05_low_corr_skewed_extreme_events_r02_s20260627,50,3,0.05,ECMADE_MOO,26,1.0783508047696695,0.007881931926494846,0.775,6.3213974,100,1.0,1.0,1.5765166949677222e-16,1.1102230246251563e-15,1.5765166949677222e-16,1.1102230246251563e-15,1.1773522455871082,0.004819993891231441,98,1.1773522455871082,0.0048199938912314,C:\Users\yiting\Documents\Playground\p0_lite_outputs\synthetic_constrained_portfolio\train\syn_n50_k05_low_corr_skewed_extreme_events_r02_s20260627\K_03\ECMADE_MOO\run_026
Synthetic,train,syn_n50_k05_pathological_cov_normal_extreme_events_r02_s20260628,50,3,0.05,NSGAII,8,1.0693152370461492,0.005879680030889026,0.8416666666666667,0.6773178,100,1.0,1.0,2.1538326677728039e-16,8.881784197001252e-16,2.1538326677728039e-16,8.881784197001252e-16,1.4142135623730951,0.00781985844681706,97,1.4142135623730951,0.007819858446817,C:\Users\yiting\Documents\Playground\p0_lite_outputs\synthetic_constrained_portfolio\train\syn_n50_k05_pathological_cov_normal_extreme_events_r02_s20260628\K_03\NSGAII\run_008
Synthetic,train,syn_n50_k05_low_corr_skewed_extreme_events_r02_s20260627,50,3,0.05,ECMADE_MOO,8,1.0695731986258885,0.010276020827583924,0.7,6.9532612,100,1.0,1.0,2.19824158875781e-16,1.1102230246251563e-15,2.19824158875781e-16,1.1102230246251563e-15,1.122893428043376,0.005830320128421102,91,1.122893428043376,0.0058303201284211,C:\Users\yiting\Documents\Playground\p0_lite_outputs\synthetic_constrained_portfolio\train\syn_n50_k05_low_corr_skewed_extreme_events_r02_s20260627\K_03\ECMADE_MOO\run_008
Synthetic,train,syn_n50_k05_pathological_cov_normal_extreme_events_r02_s20260628,50,3,0.05,NSGAII,10,1.0689394943681791,0.005843535656021377,0.8083333333333333,0.6976519,100,1.0,1.0,1.7763568394002506e-16,9.992007221626409e-16,1.7763568394002506e-16,9.992007221626409e-16,1.4142135623730951,0.007297085621637648,96,1.4142135623730951,0.0072970856216376,C:\Users\yiting\Documents\Playground\p0_lite_outputs\synthetic_constrained_portfolio\train\syn_n50_k05_pathological_cov_normal_extreme_events_r02_s20260628\K_03\NSGAII\run_010
Synthetic,train,syn_n50_k05_low_corr_skewed_extreme_events_r02_s20260627,50,3,0.05,ECMADE_MOO,28,1.0779670751587453,0.0074085088645571,0.7333333333333333,6.7924587,100,1.0,1.0,2.509104035652853e-16,1.1102230246251563e-15,2.509104035652853e-16,1.1102230246251563e-15,1.2254927758884575,0.0048596427770435996,93,1.2254927758884575,0.0048596427770435,C:\Users\yiting\Documents\Playground\p0_lite_outputs\synthetic_constrained_portfolio\train\syn_n50_k05_low_corr_skewed_extreme_events_r02_s20260627\K_03\ECMADE_MOO\run_028
Synthetic,train,syn_n50_k05_pathological_cov_normal_extreme_events_r02_s20260628,50,3,0.05,NSGAII,19,1.0692684225602338,0.006310483458772289,0.8583333333333333,0.7114793,100,1.0,1.0,1.9872992140790302e-16,1.1102230246251563e-15,1.9872992140790302e-16,1.1102230246251563e-15,1.4142135623730951,0.006858467325084895,95,1.4142135623730951,0.0068584673250848,C:\Users\yiting\Documents\Playground\p0_lite_outputs\synthetic_constrained_portfolio\train\syn_n50_k05_pathological_cov_normal_extreme_events_r02_s20260628\K_03\NSGAII\run_019
Synthetic,train,syn_n50_k05_low_corr_skewed_extreme_events_r02_s20260627,50,3,0.05,ECMADE_MOO,19,1.0714133311337533,0.011447702464907028,0.625,6.1355523,100,1.0,1.0,1.9984014443252816e-16,1.1102230246251563e-15,1.9984014443252816e-16,1.1102230246251563e-15,1.232712545839205,0.005042934107695533,94,1.232712545839205,0.0050429341076955,C:\Users\yiting\Documents\Playground\p0_lite_outputs\synthetic_constrained_portfolio\train\syn_n50_k05_low_corr_skewed_extreme_events_r02_s20260627\K_03\ECMADE_MOO\run_019
Synthetic,train,syn_n50_k05_pathological_cov_normal_extreme_events_r02_s20260628,50,3,0.05,NSGAII,3,1.0656385942883084,0.07117983370767016,0.6916666666666667,0.6983062,100,1.0,1.0,2.475797344914099e-16,8.881784197001252e-16,2.475797344914099e-16,8.881784197001252e-16,1.116283138758077,0.0052170565028551615,96,1.116283138758077,0.0052170565028551,C:\Users\yiting\Documents\Playground\p0_lite_outputs\synthetic_constrained_portfolio\train\syn_n50_k05_pathological_cov_normal_extreme_events_r02_s20260628\K_03\NSGAII\run_003
Synthetic,train,syn_n50_k05_low_corr_skewed_extreme_events_r02_s20260627,50,3,0.05,ECMADE_MOO,7,1.070626915024885,0.006846142272078143,0.825,6.5154295,100,1.0,1.0,1.9428902930940242e-16,1.1102230246251563e-15,1.9428902930940242e-16,1.1102230246251563e-15,1.1404473980161118,0.00528361386155058,91,1.1404473980161118,0.0052836138615505,C:\Users\yiting\Documents\Playground\p0_lite_outputs\synthetic_constrained_portfolio\train\syn_n50_k05_low_corr_skewed_extreme_events_r02_s20260627\K_03\ECMADE_MOO\run_007
Synthetic,train,syn_n50_k05_low_corr_skewed_extreme_events_r02_s20260627,50,3,0.05,ECMADE_MOO,29,1.0702406481962865,0.007935530687958091,0.7333333333333333,5.9400968,100,1.0,1.0,2.6534330288541243e-16,1.1102230246251563e-15,2.6534330288541243e-16,1.1102230246251563e-15,1.2407061284769458,0.004722793654815529,98,1.2407061284769458,0.0047227936548155,C:\Users\yiting\Documents\Playground\p0_lite_outputs\synthetic_constrained_portfolio\train\syn_n50_k05_low_corr_skewed_extreme_events_r02_s20260627\K_03\ECMADE_MOO\run_029
Synthetic,train,syn_n50_k05_low_corr_skewed_extreme_events_r02_s20260627,50,3,0.05,ECMADE_MOO,20,1.0554389283851526,0.022699248677425517,0.26666666666666666,6.9615426,100,1.0,1.0,2.353672812205332e-16,1.1102230246251563e-15,2.353672812205332e-16,1.1102230246251563e-15,1.2300025057131643,0.004158186357596491,95,1.2300025057131645,0.0041581863575964,C:\Users\yiting\Documents\Playground\p0_lite_outputs\synthetic_constrained_portfolio\train\syn_n50_k05_low_corr_skewed_extreme_events_r02_s20260627\K_03\ECMADE_MOO\run_020
Synthetic,train,syn_n50_k05_pathological_cov_normal_extreme_events_r02_s20260628,50,3,0.05,NSGAII,9,1.0691138863228669,0.0058515074753977625,0.85,0.6889404,100,1.0,1.0,2.19824158875781e-16,9.992007221626409e-16,2.19824158875781e-16,9.992007221626409e-16,1.4142135623730951,0.006812620670878815,97,1.4142135623730951,0.0068126206708788,C:\Users\yiting\Documents\Playground\p0_lite_outputs\synthetic_constrained_portfolio\train\syn_n50_k05_pathological_cov_normal_extreme_events_r02_s20260628\K_03\NSGAII\run_009
Synthetic,train,syn_n50_k05_pathological_cov_normal_extreme_events_r02_s20260628,50,3,0.05,NSGAII,5,1.0689225800069944,0.00573026854499789,0.8166666666666667,0.7525788,100,1.0,1.0,2.575717417130363e-16,9.992007221626409e-16,2.575717417130363e-16,9.992007221626409e-16,1.4142135623730951,0.006828577952439425,97,1.4142135623730951,0.0068285779524394,C:\Users\yiting\Documents\Playground\p0_lite_outputs\synthetic_constrained_portfolio\train\syn_n50_k05_pathological_cov_normal_extreme_events_r02_s20260628\K_03\NSGAII\run_005
Synthetic,train,syn_n50_k05_low_corr_skewed_extreme_events_r02_s20260627,50,3,0.05,ECMADE_MOO,14,1.0820420799158685,0.005750092083827413,0.8666666666666667,6.8181066,100,1.0,1.0,2.5868196473766153e-16,1.1102230246251563e-15,2.5868196473766153e-16,1.1102230246251563e-15,1.2389439488101173,0.007098372243136509,94,1.2389439488101173,0.0070983722431365,C:\Users\yiting\Documents\Playground\p0_lite_outputs\synthetic_constrained_portfolio\train\syn_n50_k05_low_corr_skewed_extreme_events_r02_s20260627\K_03\ECMADE_MOO\run_014
Synthetic,train,syn_n50_k05_low_corr_skewed_extreme_events_r02_s20260627,50,3,0.05,ECMADE_MOO,27,1.0823657747804771,0.004793986008787702,0.9166666666666666,6.1636778,100,1.0,1.0,1.7763568394002506e-16,9.992007221626409e-16,1.7763568394002506e-16,9.992007221626409e-16,1.226520646384305,0.005105519445980791,96,1.226520646384305,0.0051055194459807,C:\Users\yiting\Documents\Playground\p0_lite_outputs\synthetic_constrained_portfolio\train\syn_n50_k05_low_corr_skewed_extreme_events_r02_s20260627\K_03\ECMADE_MOO\run_027
Synthetic,train,syn_n50_k05_pathological_cov_normal_extreme_events_r02_s20260628,50,3,0.05,NSGAII,6,1.0695623541843589,0.006237119677363945,0.8666666666666667,0.720768,100,1.0,1.0,1.9206858326015208e-16,1.1102230246251563e-15,1.9206858326015208e-16,1.1102230246251563e-15,1.4142135623730951,0.00664788983107235,97,1.4142135623730951,0.0066478898310723,C:\Users\yiting\Documents\Playground\p0_lite_outputs\synthetic_constrained_portfolio\train\syn_n50_k05_pathological_cov_normal_extreme_events_r02_s20260628\K_03\NSGAII\run_006
Synthetic,train,syn_n50_k05_pathological_cov_normal_extreme_events_r02_s20260628,50,3,0.05,NSGAII,1,1.0689872981467219,0.0055523845629615615,0.8666666666666667,0.7397753,100,1.0,1.0,2.0095036745715332e-16,8.881784197001252e-16,2.0095036745715332e-16,8.881784197001252e-16,1.4142135623730951,0.006868492769651845,98,1.4142135623730951,0.0068684927696518,C:\Users\yiting\Documents\Playground\p0_lite_outputs\synthetic_constrained_portfolio\train\syn_n50_k05_pathological_cov_normal_extreme_events_r02_s20260628\K_03\NSGAII\run_001
Synthetic,train,syn_n50_k05_pathological_cov_normal_extreme_events_r02_s20260628,50,3,0.05,NSGAII,15,1.0690612351455544,0.005977180409676006,0.8416666666666667,0.7148409,100,1.0,1.0,2.320366121466577e-16,8.881784197001252e-16,2.320366121466577e-16,8.881784197001252e-16,1.4142135623730951,0.006781655572636976,93,1.4142135623730951,0.0067816555726369,C:\Users\yiting\Documents\Playground\p0_lite_outputs\synthetic_constrained_portfolio\train\syn_n50_k05_pathological_cov_normal_extreme_events_r02_s20260628\K_03\NSGAII\run_015
Synthetic,train,syn_n50_k05_low_corr_skewed_extreme_events_r02_s20260627,50,3,0.05,ECMADE_MOO,17,1.0825807406088492,0.004433604730537052,0.9333333333333333,6.8171666,100,1.0,1.0,2.0317081350640363e-16,1.1102230246251563e-15,2.0317081350640363e-16,1.1102230246251563e-15,1.2374136536736897,0.0050885906843090205,96,1.2374136536736895,0.005088590684309,C:\Users\yiting\Documents\Playground\p0_lite_outputs\synthetic_constrained_portfolio\train\syn_n50_k05_low_corr_skewed_extreme_events_r02_s20260627\K_03\ECMADE_MOO\run_017
Synthetic,train,syn_n50_k05_low_corr_skewed_extreme_events_r02_s20260627,50,3,0.05,ECMADE_MOO,25,1.0822535768747685,0.00474047086820674,0.9166666666666666,6.7574445,100,1.0,1.0,2.209343819004061e-16,1.1102230246251563e-15,2.209343819004061e-16,1.1102230246251563e-15,1.2359356591228885,0.004425797758509535,96,1.2359356591228885,0.0044257977585095,C:\Users\yiting\Documents\Playground\p0_lite_outputs\synthetic_constrained_portfolio\train\syn_n50_k05_low_corr_skewed_extreme_events_r02_s20260627\K_03\ECMADE_MOO\run_025
Synthetic,train,syn_n50_k05_pathological_cov_normal_extreme_events_r02_s20260628,50,3,0.05,NSGAII,4,1.0687371413459392,0.005731233637309044,0.8333333333333334,0.6884969,100,1.0,1.0,2.109423746787797e-16,8.881784197001252e-16,2.109423746787797e-16,8.881784197001252e-16,1.4142135623730951,0.007560561456429652,97,1.4142135623730951,0.0075605614564296,C:\Users\yiting\Documents\Playground\p0_lite_outputs\synthetic_constrained_portfolio\train\syn_n50_k05_pathological_cov_normal_extreme_events_r02_s20260628\K_03\NSGAII\run_004
Synthetic,train,syn_n50_k05_pathological_cov_normal_extreme_events_r02_s20260628,50,3,0.05,NSGAII,2,1.0694587883400928,0.005714174956801019,0.825,0.7566417,100,1.0,1.0,2.1871393585115584e-16,9.992007221626409e-16,2.1871393585115584e-16,9.992007221626409e-16,1.4142135623730951,0.007238256011857819,97,1.4142135623730951,0.0072382560118578,C:\Users\yiting\Documents\Playground\p0_lite_outputs\synthetic_constrained_portfolio\train\syn_n50_k05_pathological_cov_normal_extreme_events_r02_s20260628\K_03\NSGAII\run_002
Synthetic,train,syn_n50_k05_pathological_cov_normal_extreme_events_r02_s20260628,50,3,0.05,NSGAII,12,1.0689817372797417,0.005798296273434176,0.825,0.6904354,100,1.0,1.0,1.8984813721090174e-16,9.992007221626409e-16,1.8984813721090174e-16,9.992007221626409e-16,1.4142135623730951,0.007380963412674259,93,1.4142135623730951,0.0073809634126742,C:\Users\yiting\Documents\Playground\p0_lite_outputs\synthetic_constrained_portfolio\train\syn_n50_k05_pathological_cov_normal_extreme_events_r02_s20260628\K_03\NSGAII\run_012
Synthetic,train,syn_n50_k05_pathological_cov_normal_extreme_events_r02_s20260628,50,3,0.05,NSGAII,18,1.0692540336728833,0.005538595807981731,0.8583333333333333,0.6950775,100,1.0,1.0,1.8540724511240116e-16,8.881784197001252e-16,1.8540724511240116e-16,8.881784197001252e-16,1.4142135623730951,0.005955193678566031,96,1.4142135623730951,0.005955193678566,C:\Users\yiting\Documents\Playground\p0_lite_outputs\synthetic_constrained_portfolio\train\syn_n50_k05_pathological_cov_normal_extreme_events_r02_s20260628\K_03\NSGAII\run_018
Synthetic,train,syn_n50_k05_pathological_cov_normal_extreme_events_r02_s20260628,50,3,0.05,NSGAII,21,1.0691234588542968,0.006128053578983968,0.825,0.7310176,100,1.0,1.0,2.3092638912203257e-16,1.1102230246251563e-15,2.3092638912203257e-16,1.1102230246251563e-15,1.4142135623730951,0.00667584458161907,94,1.4142135623730951,0.006675844581619,C:\Users\yiting\Documents\Playground\p0_lite_outputs\synthetic_constrained_portfolio\train\syn_n50_k05_pathological_cov_normal_extreme_events_r02_s20260628\K_03\NSGAII\run_021
Synthetic,train,syn_n50_k05_pathological_cov_normal_extreme_events_r02_s20260628,50,3,0.05,NSGAII,20,1.0695018592499193,0.005291979980855821,0.8833333333333333,0.6787052,100,1.0,1.0,1.765254609153999e-16,8.881784197001252e-16,1.765254609153999e-16,8.881784197001252e-16,1.4142135623730951,0.006791993167738012,98,1.4142135623730951,0.006791993167738,C:\Users\yiting\Documents\Playground\p0_lite_outputs\synthetic_constrained_portfolio\train\syn_n50_k05_pathological_cov_normal_extreme_events_r02_s20260628\K_03\NSGAII\run_020
Synthetic,train,syn_n50_k05_pathological_cov_normal_extreme_events_r02_s20260628,50,3,0.05,NSGAII,23,1.0692188464850276,0.00848916963499083,0.8166666666666667,0.6994627,100,1.0,1.0,1.965094753586527e-16,1.1102230246251563e-15,1.965094753586527e-16,1.1102230246251563e-15,1.4142135623730951,0.005799356765440171,96,1.4142135623730951,0.0057993567654401,C:\Users\yiting\Documents\Playground\p0_lite_outputs\synthetic_constrained_portfolio\train\syn_n50_k05_pathological_cov_normal_extreme_events_r02_s20260628\K_03\NSGAII\run_023
Synthetic,train,syn_n50_k05_pathological_cov_normal_extreme_events_r02_s20260628,50,3,0.05,SPEA2,2,1.0688755694979253,0.0050517654552449335,0.8666666666666667,7.548445,100,1.0,1.0,2.19824158875781e-16,7.771561172376097e-16,2.19824158875781e-16,7.771561172376097e-16,1.4142135623730951,0.008001969924587488,100,1.4142135623730951,0.0080019699245874,C:\Users\yiting\Documents\Playground\p0_lite_outputs\synthetic_constrained_portfolio\train\syn_n50_k05_pathological_cov_normal_extreme_events_r02_s20260628\K_03\SPEA2\run_002
Synthetic,train,syn_n50_k05_pathological_cov_normal_extreme_events_r02_s20260628,50,3,0.05,NSGAII,17,1.069215721223699,0.005674220167999694,0.8833333333333333,0.6937733,100,1.0,1.0,2.1649348980190552e-16,1.1102230246251563e-15,2.1649348980190552e-16,1.1102230246251563e-15,1.4142135623730951,0.006899083804907218,96,1.4142135623730951,0.0068990838049072,C:\Users\yiting\Documents\Playground\p0_lite_outputs\synthetic_constrained_portfolio\train\syn_n50_k05_pathological_cov_normal_extreme_events_r02_s20260628\K_03\NSGAII\run_017
Synthetic,train,syn_n50_k05_pathological_cov_normal_extreme_events_r02_s20260628,50,3,0.05,SPEA2,7,1.0692955445050933,0.005274852669735561,0.8833333333333333,7.8395629,100,1.0,1.0,2.55351295663786e-16,9.992007221626409e-16,2.55351295663786e-16,9.992007221626409e-16,1.4142135623730951,0.007625628555236763,100,1.4142135623730951,0.0076256285552367,C:\Users\yiting\Documents\Playground\p0_lite_outputs\synthetic_constrained_portfolio\train\syn_n50_k05_pathological_cov_normal_extreme_events_r02_s20260628\K_03\SPEA2\run_007
