split,instance,K,method,HV,IGD,PF_Overlap,PF_Drift,Diversity,Runtime
Training,syn_n100_k05_cluster_corr_heavy_tail_low_vol_r02_s20260683,5,theta_011,1.1029571027899046,0.025783431112475698,0.7511111111111112,0.03628841366190974,1.121534122019386,2.57177233
Training,syn_n100_k05_cluster_corr_heavy_tail_low_vol_r02_s20260683,5,theta_034,1.093538483665573,0.029247193938732655,0.6572222222222223,0.03899771526860729,1.1602604785377422,3.151905046666667
Training,syn_n100_k05_cluster_corr_heavy_tail_low_vol_r02_s20260683,5,theta_037,1.093538483665573,0.029247193938732655,0.6572222222222223,0.03899771526860729,1.1602604785377422,3.12565099
Training,syn_n100_k05_cluster_corr_heavy_tail_low_vol_r02_s20260683,5,theta_045,1.093538483665573,0.029247193938732655,0.6572222222222223,0.03899771526860729,1.1602604785377422,3.6570354366666673
Training,syn_n100_k05_cluster_corr_heavy_tail_low_vol_r02_s20260683,5,theta_047,1.093538483665573,0.029247193938732655,0.6572222222222223,0.03899771526860729,1.1602604785377422,4.8565983966666675
Training,syn_n100_k05_cluster_corr_heavy_tail_low_vol_r02_s20260683,5,theta_067,1.1038199040328849,0.021618574235634288,0.7677777777777778,0.03609077057901987,1.145589143852152,5.6292243766666665
Training,syn_n100_k05_cluster_corr_heavy_tail_low_vol_r02_s20260683,5,theta_076,1.1038199040328849,0.021618574235634288,0.7677777777777778,0.03609077057901987,1.145589143852152,3.8489046099999995
Training,syn_n100_k05_cluster_corr_heavy_tail_low_vol_r02_s20260683,5,theta_078,1.1038199040328849,0.021618574235634288,0.7677777777777778,0.03609077057901987,1.145589143852152,3.9024201033333337
Training,syn_n100_k05_cluster_corr_heavy_tail_low_vol_r02_s20260683,5,theta_084,1.0961445150790585,0.03247131842136284,0.6458333333333335,0.04167381487769563,1.1187125615196527,3.2344915299999997
Training,syn_n100_k05_cluster_corr_heavy_tail_low_vol_r02_s20260683,5,theta_086,1.0961445150790585,0.03247131842136284,0.6458333333333335,0.04167381487769563,1.1187125615196527,3.35321028
Training,syn_n100_k05_cluster_corr_heavy_tail_low_vol_r02_s20260683,5,theta_089,1.0961445150790585,0.03247131842136284,0.6458333333333335,0.04167381487769563,1.1187125615196527,4.539525113333332
Training,syn_n100_k05_cluster_corr_heavy_tail_low_vol_r02_s20260683,5,theta_118,1.0915592447143794,0.03974101343799622,0.6988888888888888,0.051550158504169545,1.1313197971085505,3.9947907900000006
Training,syn_n100_k05_cluster_corr_heavy_tail_low_vol_r02_s20260683,5,theta_131,1.0915592447143794,0.03974101343799622,0.6988888888888888,0.051550158504169545,1.1313197971085505,4.125969513333334
Training,syn_n100_k05_cluster_corr_heavy_tail_low_vol_r02_s20260683,5,theta_132,1.0915592447143794,0.03974101343799622,0.6988888888888888,0.051550158504169545,1.1313197971085505,3.762257973333333
Training,syn_n100_k05_cluster_corr_heavy_tail_low_vol_r02_s20260683,5,theta_144,1.0947345607098173,0.029496631210113023,0.7322222222222223,0.0459326133815965,1.1586479104780716,5.935552050000001
Training,syn_n100_k05_cluster_corr_heavy_tail_low_vol_r02_s20260683,5,theta_159,1.0947345607098173,0.029496631210113023,0.7322222222222223,0.0459326133815965,1.1586479104780716,4.483057496666668
Training,syn_n100_k05_cluster_corr_heavy_tail_low_vol_r02_s20260683,5,theta_164,1.0728829517877796,0.04776383752816514,0.4477777777777778,0.0507689547261536,1.1212725862445725,3.9108852000000005
Training,syn_n100_k05_cluster_corr_heavy_tail_low_vol_r02_s20260683,5,theta_170,1.0728829517877796,0.04776383752816514,0.4477777777777778,0.0507689547261536,1.1212725862445725,3.907426933333333
Training,syn_n100_k05_cluster_corr_heavy_tail_low_vol_r02_s20260683,5,theta_175,1.0728829517877796,0.04776383752816514,0.4477777777777778,0.0507689547261536,1.1212725862445725,4.403568643333333
Training,syn_n100_k05_cluster_corr_heavy_tail_low_vol_r02_s20260683,5,theta_189,1.0728829517877796,0.04776383752816514,0.4477777777777778,0.0507689547261536,1.1212725862445725,5.0170425100000005
Training,syn_n100_k05_cluster_corr_heavy_tail_low_vol_r02_s20260683,5,theta_200,1.0966205147490904,0.023482225308201394,0.788888888888889,0.03432629527051581,1.1913745349646594,10.006105849999999
Training,syn_n100_k05_cluster_corr_heavy_tail_low_vol_r02_s20260683,5,theta_223,1.098826141994033,0.027276676091998985,0.6830555555555555,0.045300917005457284,1.1326901404715273,9.352646790000001
Training,syn_n100_k05_cluster_corr_heavy_tail_low_vol_r02_s20260683,5,theta_234,1.098826141994033,0.027276676091998985,0.6830555555555555,0.045300917005457284,1.1326901404715273,9.376754313333333
Training,syn_n100_k05_cluster_corr_heavy_tail_low_vol_r02_s20260683,5,theta_237,1.098826141994033,0.027276676091998985,0.6830555555555555,0.045300917005457284,1.1326901404715273,4.397549926666667
Training,syn_n100_k05_cluster_corr_mixed_extreme_events_r03_s20260676,5,theta_011,1.099300243870112,0.010600242622462104,0.8738888888888888,0.020832662022811047,1.0369796677914942,2.392307006666667
Training,syn_n100_k05_cluster_corr_mixed_extreme_events_r03_s20260676,5,theta_034,1.0816920430723493,0.02581135959095608,0.7011111111111111,0.025298707405514712,1.0163703622235574,2.8663499333333333
Training,syn_n100_k05_cluster_corr_mixed_extreme_events_r03_s20260676,5,theta_037,1.0816920430723493,0.02581135959095608,0.7011111111111111,0.025298707405514712,1.0163703622235574,2.8399373100000003
Training,syn_n100_k05_cluster_corr_mixed_extreme_events_r03_s20260676,5,theta_045,1.0816920430723493,0.02581135959095608,0.7011111111111111,0.025298707405514712,1.0163703622235574,3.495641300000001
Training,syn_n100_k05_cluster_corr_mixed_extreme_events_r03_s20260676,5,theta_047,1.0816920430723493,0.02581135959095608,0.7011111111111111,0.025298707405514712,1.0163703622235574,4.495599823333334
Training,syn_n100_k05_cluster_corr_mixed_extreme_events_r03_s20260676,5,theta_067,1.0994797469378699,0.009935125182742867,0.8922222222222221,0.018604516555538648,1.031534598178239,6.035130230000001
Training,syn_n100_k05_cluster_corr_mixed_extreme_events_r03_s20260676,5,theta_076,1.0994797469378699,0.009935125182742867,0.8922222222222221,0.018604516555538648,1.031534598178239,3.6928911266666673
Training,syn_n100_k05_cluster_corr_mixed_extreme_events_r03_s20260676,5,theta_078,1.0994797469378699,0.009935125182742867,0.8922222222222221,0.018604516555538648,1.031534598178239,3.648743616666666
Training,syn_n100_k05_cluster_corr_mixed_extreme_events_r03_s20260676,5,theta_084,1.092163537021846,0.015698639954658266,0.7897222222222222,0.024799570669232898,1.0210427319198867,3.1211321733333337
Training,syn_n100_k05_cluster_corr_mixed_extreme_events_r03_s20260676,5,theta_086,1.092163537021846,0.015698639954658266,0.7897222222222222,0.024799570669232898,1.0210427319198867,3.061009746666666
Training,syn_n100_k05_cluster_corr_mixed_extreme_events_r03_s20260676,5,theta_089,1.092163537021846,0.015698639954658266,0.7897222222222222,0.024799570669232898,1.0210427319198867,4.1493317733333335
Training,syn_n100_k05_cluster_corr_mixed_extreme_events_r03_s20260676,5,theta_118,1.0853219050240184,0.021832980052717076,0.8136111111111112,0.02557510084057831,1.0601286981106317,3.9324471066666664
Training,syn_n100_k05_cluster_corr_mixed_extreme_events_r03_s20260676,5,theta_131,1.0853219050240184,0.021832980052717076,0.8136111111111112,0.02557510084057831,1.0601286981106317,3.8209299533333327
Training,syn_n100_k05_cluster_corr_mixed_extreme_events_r03_s20260676,5,theta_132,1.0853219050240184,0.021832980052717076,0.8136111111111112,0.02557510084057831,1.0601286981106317,3.908895463333334
Training,syn_n100_k05_cluster_corr_mixed_extreme_events_r03_s20260676,5,theta_144,1.095546920451116,0.014042423935877428,0.8261111111111111,0.020968794491205766,1.0275587894646985,5.595559123333334
Training,syn_n100_k05_cluster_corr_mixed_extreme_events_r03_s20260676,5,theta_159,1.095546920451116,0.014042423935877428,0.8261111111111111,0.020968794491205766,1.0275587894646985,4.483186186666667
Training,syn_n100_k05_cluster_corr_mixed_extreme_events_r03_s20260676,5,theta_164,1.0898230432784544,0.01645381906568747,0.7266666666666667,0.025069570736791693,1.0278106242852203,3.861625306666667
Training,syn_n100_k05_cluster_corr_mixed_extreme_events_r03_s20260676,5,theta_170,1.0898230432784544,0.01645381906568747,0.7266666666666667,0.025069570736791693,1.0278106242852203,4.3001401066666665
Training,syn_n100_k05_cluster_corr_mixed_extreme_events_r03_s20260676,5,theta_175,1.0898230432784544,0.01645381906568747,0.7266666666666667,0.025069570736791693,1.0278106242852203,4.097053466666668
Training,syn_n100_k05_cluster_corr_mixed_extreme_events_r03_s20260676,5,theta_189,1.0898230432784544,0.01645381906568747,0.7266666666666667,0.025069570736791693,1.0278106242852203,4.564226363333333
Training,syn_n100_k05_cluster_corr_mixed_extreme_events_r03_s20260676,5,theta_200,1.0899341886935794,0.017872382648654712,0.7963888888888889,0.026101798103020945,1.0468675045550166,9.206473373333331
Training,syn_n100_k05_cluster_corr_mixed_extreme_events_r03_s20260676,5,theta_223,1.0869291198477238,0.021090236905218423,0.7666666666666667,0.027451950691004676,1.0196512161814024,9.095117163333333
Training,syn_n100_k05_cluster_corr_mixed_extreme_events_r03_s20260676,5,theta_234,1.0869291198477238,0.021090236905218423,0.7666666666666667,0.027451950691004676,1.0196512161814024,9.032930653333333
Training,syn_n100_k05_cluster_corr_mixed_extreme_events_r03_s20260676,5,theta_237,1.0869291198477238,0.021090236905218423,0.7666666666666667,0.027451950691004676,1.0196512161814024,3.9462207433333334
Training,syn_n100_k05_cluster_corr_skewed_high_vol_r01_s20260685,5,theta_011,1.0416669758580304,0.017637957185643514,0.8322222222222222,0.02520745469692742,1.1661795115660853,2.5229270966666664
Training,syn_n100_k05_cluster_corr_skewed_high_vol_r01_s20260685,5,theta_034,1.039172892213458,0.019070821659281936,0.7716666666666667,0.024285249184569316,1.1903782158365763,2.992516296666667
Training,syn_n100_k05_cluster_corr_skewed_high_vol_r01_s20260685,5,theta_037,1.039172892213458,0.019070821659281936,0.7716666666666667,0.024285249184569316,1.1903782158365763,2.9704226666666664
Training,syn_n100_k05_cluster_corr_skewed_high_vol_r01_s20260685,5,theta_045,1.039172892213458,0.019070821659281936,0.7716666666666667,0.024285249184569316,1.1903782158365763,3.559519443333334
Training,syn_n100_k05_cluster_corr_skewed_high_vol_r01_s20260685,5,theta_047,1.039172892213458,0.019070821659281936,0.7716666666666667,0.024285249184569316,1.1903782158365763,4.37328008
Training,syn_n100_k05_cluster_corr_skewed_high_vol_r01_s20260685,5,theta_067,1.041889209150511,0.017744388217667224,0.8294444444444447,0.02639819633862279,1.187854340019469,8.105081546666668
Training,syn_n100_k05_cluster_corr_skewed_high_vol_r01_s20260685,5,theta_076,1.041889209150511,0.017744388217667224,0.8294444444444447,0.02639819633862279,1.187854340019469,3.74863534
Training,syn_n100_k05_cluster_corr_skewed_high_vol_r01_s20260685,5,theta_078,1.041889209150511,0.017744388217667224,0.8294444444444447,0.02639819633862279,1.187854340019469,3.74252455
Training,syn_n100_k05_cluster_corr_skewed_high_vol_r01_s20260685,5,theta_084,1.0435281858042997,0.016007714212725375,0.8025,0.023608984165787866,1.1582686833649143,3.184567043333333
Training,syn_n100_k05_cluster_corr_skewed_high_vol_r01_s20260685,5,theta_086,1.0435281858042997,0.016007714212725375,0.8025,0.023608984165787866,1.1582686833649143,3.150247863333333
Training,syn_n100_k05_cluster_corr_skewed_high_vol_r01_s20260685,5,theta_089,1.0435281858042997,0.016007714212725375,0.8025,0.023608984165787866,1.1582686833649143,4.129840693333333
Training,syn_n100_k05_cluster_corr_skewed_high_vol_r01_s20260685,5,theta_118,1.0450592237781577,0.013463974668322118,0.8411111111111111,0.024789628904641925,1.183943106306345,3.9368338499999997
Training,syn_n100_k05_cluster_corr_skewed_high_vol_r01_s20260685,5,theta_131,1.0450592237781577,0.013463974668322118,0.8411111111111111,0.024789628904641925,1.183943106306345,3.969801663333333
Training,syn_n100_k05_cluster_corr_skewed_high_vol_r01_s20260685,5,theta_132,1.0450592237781577,0.013463974668322118,0.8411111111111111,0.024789628904641925,1.183943106306345,3.905145206666667
Training,syn_n100_k05_cluster_corr_skewed_high_vol_r01_s20260685,5,theta_144,1.0492642895587274,0.013178667835693905,0.8472222222222221,0.026590998740579967,1.1548099080426228,5.285626746666666
Training,syn_n100_k05_cluster_corr_skewed_high_vol_r01_s20260685,5,theta_159,1.0492642895587274,0.013178667835693905,0.8472222222222221,0.026590998740579967,1.1548099080426228,4.697658499999999
Training,syn_n100_k05_cluster_corr_skewed_high_vol_r01_s20260685,5,theta_164,1.0382739699982884,0.014498630931854824,0.7361111111111112,0.02048794387182108,1.1836002140750952,3.9675530500000002
Training,syn_n100_k05_cluster_corr_skewed_high_vol_r01_s20260685,5,theta_170,1.0382739699982884,0.014498630931854824,0.7361111111111112,0.02048794387182108,1.1836002140750952,4.269102683333333
Training,syn_n100_k05_cluster_corr_skewed_high_vol_r01_s20260685,5,theta_175,1.0382739699982884,0.014498630931854824,0.7361111111111112,0.02048794387182108,1.1836002140750952,4.21314383
Training,syn_n100_k05_cluster_corr_skewed_high_vol_r01_s20260685,5,theta_189,1.0382739699982884,0.014498630931854824,0.7361111111111112,0.02048794387182108,1.1836002140750952,4.754026103333333
Training,syn_n100_k05_cluster_corr_skewed_high_vol_r01_s20260685,5,theta_200,1.0417491823594582,0.015706370997090494,0.7805555555555557,0.020555414095657833,1.177606048843183,9.26735319
Training,syn_n100_k05_cluster_corr_skewed_high_vol_r01_s20260685,5,theta_223,1.0336829352450356,0.023277917719858383,0.7650000000000001,0.029378758027121508,1.1906065587472467,9.36521284
Training,syn_n100_k05_cluster_corr_skewed_high_vol_r01_s20260685,5,theta_234,1.0336829352450356,0.023277917719858383,0.7650000000000001,0.029378758027121508,1.1906065587472467,9.348533396666669
Training,syn_n100_k05_cluster_corr_skewed_high_vol_r01_s20260685,5,theta_237,1.0336829352450356,0.023277917719858383,0.7650000000000001,0.029378758027121508,1.1906065587472467,4.079829973333333
Training,syn_n100_k05_high_corr_heavy_tail_extreme_events_r01_s20260681,5,theta_011,1.1288754211339922,0.005457933514203926,0.9469444444444445,0.02227975542272065,0.8574722835886256,4.927841926666667
Training,syn_n100_k05_high_corr_heavy_tail_extreme_events_r01_s20260681,5,theta_034,1.127680738996523,0.00685637232932154,0.923888888888889,0.030695480316975388,0.8481457758192515,3.451182363333333
Training,syn_n100_k05_high_corr_heavy_tail_extreme_events_r01_s20260681,5,theta_037,1.127680738996523,0.00685637232932154,0.923888888888889,0.030695480316975388,0.8481457758192515,3.4533198266666663
Training,syn_n100_k05_high_corr_heavy_tail_extreme_events_r01_s20260681,5,theta_045,1.127680738996523,0.00685637232932154,0.923888888888889,0.030695480316975388,0.8481457758192515,4.020853136666667
Training,syn_n100_k05_high_corr_heavy_tail_extreme_events_r01_s20260681,5,theta_047,1.127680738996523,0.00685637232932154,0.923888888888889,0.030695480316975388,0.8481457758192515,4.727189856666667
Training,syn_n100_k05_high_corr_heavy_tail_extreme_events_r01_s20260681,5,theta_067,1.1271596112567488,0.006246805738598483,0.9230555555555557,0.026541413475731832,0.8592552292138337,6.841722326666666
Training,syn_n100_k05_high_corr_heavy_tail_extreme_events_r01_s20260681,5,theta_076,1.1271596112567488,0.006246805738598483,0.9230555555555557,0.026541413475731832,0.8592552292138337,4.137276263333335
Training,syn_n100_k05_high_corr_heavy_tail_extreme_events_r01_s20260681,5,theta_078,1.1271596112567488,0.006246805738598483,0.9230555555555557,0.026541413475731832,0.8592552292138337,4.263707660000001
Training,syn_n100_k05_high_corr_heavy_tail_extreme_events_r01_s20260681,5,theta_084,1.1262664311900195,0.008758980529152909,0.8763888888888889,0.033188308354572565,0.8776148049781299,3.5652471166666664
Training,syn_n100_k05_high_corr_heavy_tail_extreme_events_r01_s20260681,5,theta_086,1.1262664311900195,0.008758980529152909,0.8763888888888889,0.033188308354572565,0.8776148049781299,3.543548
Training,syn_n100_k05_high_corr_heavy_tail_extreme_events_r01_s20260681,5,theta_089,1.1262664311900195,0.008758980529152909,0.8763888888888889,0.033188308354572565,0.8776148049781299,4.48553742
Training,syn_n100_k05_high_corr_heavy_tail_extreme_events_r01_s20260681,5,theta_118,1.1281298666477422,0.006919237820665986,0.9224999999999999,0.031637646171991246,0.8416784558879106,4.46716171
Training,syn_n100_k05_high_corr_heavy_tail_extreme_events_r01_s20260681,5,theta_131,1.1281298666477422,0.006919237820665986,0.9224999999999999,0.031637646171991246,0.8416784558879106,4.58401906
Training,syn_n100_k05_high_corr_heavy_tail_extreme_events_r01_s20260681,5,theta_132,1.1281298666477422,0.006919237820665986,0.9224999999999999,0.031637646171991246,0.8416784558879106,4.4656634933333335
Training,syn_n100_k05_high_corr_heavy_tail_extreme_events_r01_s20260681,5,theta_144,1.1236219165968027,0.0094147972774068,0.881388888888889,0.03906804672664172,0.8643570271595179,6.0080731133333325
Training,syn_n100_k05_high_corr_heavy_tail_extreme_events_r01_s20260681,5,theta_159,1.1236219165968027,0.0094147972774068,0.881388888888889,0.03906804672664172,0.8643570271595179,4.351739153333332
Training,syn_n100_k05_high_corr_heavy_tail_extreme_events_r01_s20260681,5,theta_164,1.1224883671649846,0.013609748012528958,0.7630555555555556,0.036239083903385844,0.8646806604428332,4.23542803
Training,syn_n100_k05_high_corr_heavy_tail_extreme_events_r01_s20260681,5,theta_170,1.1224883671649846,0.013609748012528958,0.7630555555555556,0.036239083903385844,0.8646806604428332,4.853950036666666
Training,syn_n100_k05_high_corr_heavy_tail_extreme_events_r01_s20260681,5,theta_175,1.1224883671649846,0.013609748012528958,0.7630555555555556,0.036239083903385844,0.8646806604428332,4.627204036666667
Training,syn_n100_k05_high_corr_heavy_tail_extreme_events_r01_s20260681,5,theta_189,1.1224883671649846,0.013609748012528958,0.7630555555555556,0.036239083903385844,0.8646806604428332,4.687041296666667
Training,syn_n100_k05_high_corr_heavy_tail_extreme_events_r01_s20260681,5,theta_200,1.1255275325059209,0.008117368259931817,0.8922222222222225,0.03590145788617522,0.8818845520352948,10.579661233333331
Training,syn_n100_k05_high_corr_heavy_tail_extreme_events_r01_s20260681,5,theta_223,1.1220379941348952,0.01178420584283018,0.8213888888888888,0.03263410102262855,0.867054202985404,10.69397628
Training,syn_n100_k05_high_corr_heavy_tail_extreme_events_r01_s20260681,5,theta_234,1.1220379941348952,0.01178420584283018,0.8213888888888888,0.03263410102262855,0.867054202985404,10.608867446666665
Training,syn_n100_k05_high_corr_heavy_tail_extreme_events_r01_s20260681,5,theta_237,1.1220379941348952,0.01178420584283018,0.8213888888888888,0.03263410102262855,0.867054202985404,4.638041996666667
Training,syn_n100_k05_high_corr_mixed_high_vol_r02_s20260675,5,theta_011,1.0527060513860607,0.01884951244119386,0.7958333333333333,0.04390367309500427,1.0794327768654692,4.187218803333334
Training,syn_n100_k05_high_corr_mixed_high_vol_r02_s20260675,5,theta_034,1.0437357634963844,0.023491709126525668,0.7988888888888889,0.05213954527611062,1.095612297671728,3.3904950933333335
Training,syn_n100_k05_high_corr_mixed_high_vol_r02_s20260675,5,theta_037,1.0437357634963844,0.023491709126525668,0.7988888888888889,0.05213954527611062,1.095612297671728,3.3896592800000005
Training,syn_n100_k05_high_corr_mixed_high_vol_r02_s20260675,5,theta_045,1.0437357634963844,0.023491709126525668,0.7988888888888889,0.05213954527611062,1.095612297671728,3.9365454566666664
Training,syn_n100_k05_high_corr_mixed_high_vol_r02_s20260675,5,theta_047,1.0437357634963844,0.023491709126525668,0.7988888888888889,0.05213954527611062,1.095612297671728,4.659726289999999
Training,syn_n100_k05_high_corr_mixed_high_vol_r02_s20260675,5,theta_067,1.0531121732572093,0.018914982379084906,0.8074999999999999,0.04122306317011926,1.1118255053275703,5.84584368
Training,syn_n100_k05_high_corr_mixed_high_vol_r02_s20260675,5,theta_076,1.0531121732572093,0.018914982379084906,0.8074999999999999,0.04122306317011926,1.1118255053275703,4.103988996666667
Training,syn_n100_k05_high_corr_mixed_high_vol_r02_s20260675,5,theta_078,1.0531121732572093,0.018914982379084906,0.8074999999999999,0.04122306317011926,1.1118255053275703,4.137069253333333
Training,syn_n100_k05_high_corr_mixed_high_vol_r02_s20260675,5,theta_084,1.0436313689684538,0.025208899801873005,0.7358333333333335,0.04795883453877965,1.0863341602885863,3.5844556933333327
Training,syn_n100_k05_high_corr_mixed_high_vol_r02_s20260675,5,theta_086,1.0436313689684538,0.025208899801873005,0.7358333333333335,0.04795883453877965,1.0863341602885863,3.694488363333333
Training,syn_n100_k05_high_corr_mixed_high_vol_r02_s20260675,5,theta_089,1.0436313689684538,0.025208899801873005,0.7358333333333335,0.04795883453877965,1.0863341602885863,4.467565100000001
Training,syn_n100_k05_high_corr_mixed_high_vol_r02_s20260675,5,theta_118,1.0450792558130566,0.026522815810315736,0.7625,0.06511289808984588,1.0852381249835665,4.346004766666668
Training,syn_n100_k05_high_corr_mixed_high_vol_r02_s20260675,5,theta_131,1.0450792558130566,0.026522815810315736,0.7625,0.06511289808984588,1.0852381249835665,4.293058796666667
Training,syn_n100_k05_high_corr_mixed_high_vol_r02_s20260675,5,theta_132,1.0450792558130566,0.026522815810315736,0.7625,0.06511289808984588,1.0852381249835665,4.456667536666667
Training,syn_n100_k05_high_corr_mixed_high_vol_r02_s20260675,5,theta_144,1.0375042006989899,0.025174444623182603,0.7508333333333334,0.04617581340276995,1.140755130812848,5.9441162200000015
Training,syn_n100_k05_high_corr_mixed_high_vol_r02_s20260675,5,theta_159,1.0375042006989899,0.025174444623182603,0.7508333333333334,0.04617581340276995,1.140755130812848,4.344486493333333
Training,syn_n100_k05_high_corr_mixed_high_vol_r02_s20260675,5,theta_164,1.0417760971551155,0.025542064299992187,0.6994444444444444,0.05601578765432505,1.1091769126276596,4.1585944066666665
Training,syn_n100_k05_high_corr_mixed_high_vol_r02_s20260675,5,theta_170,1.0417760971551155,0.025542064299992187,0.6994444444444444,0.05601578765432505,1.1091769126276596,4.733204553333334
Training,syn_n100_k05_high_corr_mixed_high_vol_r02_s20260675,5,theta_175,1.0417760971551155,0.025542064299992187,0.6994444444444444,0.05601578765432505,1.1091769126276596,4.9892311933333335
Training,syn_n100_k05_high_corr_mixed_high_vol_r02_s20260675,5,theta_189,1.0417760971551155,0.025542064299992187,0.6994444444444444,0.05601578765432505,1.1091769126276596,4.547135246666667
Training,syn_n100_k05_high_corr_mixed_high_vol_r02_s20260675,5,theta_200,1.0418398318849247,0.028918764122507667,0.6988888888888887,0.05411768380125382,1.0632029837508652,10.804086966666665
Training,syn_n100_k05_high_corr_mixed_high_vol_r02_s20260675,5,theta_223,1.0419120285163208,0.027483620861786785,0.7613888888888891,0.06374771536773614,1.1046743363009404,10.278849726666667
Training,syn_n100_k05_high_corr_mixed_high_vol_r02_s20260675,5,theta_234,1.0419120285163208,0.027483620861786785,0.7613888888888891,0.06374771536773614,1.1046743363009404,10.260780376666665
Training,syn_n100_k05_high_corr_mixed_high_vol_r02_s20260675,5,theta_237,1.0419120285163208,0.027483620861786785,0.7613888888888891,0.06374771536773614,1.1046743363009404,4.3753796566666665
Training,syn_n100_k05_high_corr_normal_low_vol_r03_s20260679,5,theta_011,1.1313312547015015,0.00957293983267764,0.8841666666666667,0.020504158097137945,0.7302989258565679,3.5642364699999995
Training,syn_n100_k05_high_corr_normal_low_vol_r03_s20260679,5,theta_034,1.1202060940088254,0.018898861689000256,0.8466666666666668,0.055701853216488205,0.7774847451659915,3.4071841766666666
Training,syn_n100_k05_high_corr_normal_low_vol_r03_s20260679,5,theta_037,1.1202060940088254,0.018898861689000256,0.8466666666666668,0.055701853216488205,0.7774847451659915,3.390231823333333
Training,syn_n100_k05_high_corr_normal_low_vol_r03_s20260679,5,theta_045,1.1202060940088254,0.018898861689000256,0.8466666666666668,0.055701853216488205,0.7774847451659915,4.1963749833333335
Training,syn_n100_k05_high_corr_normal_low_vol_r03_s20260679,5,theta_047,1.1202060940088254,0.018898861689000256,0.8466666666666668,0.055701853216488205,0.7774847451659915,4.897900933333333
Training,syn_n100_k05_high_corr_normal_low_vol_r03_s20260679,5,theta_067,1.1288687818977665,0.011057343960571491,0.9055555555555554,0.03809461847351928,0.7729582133097473,5.557655886666666
Training,syn_n100_k05_high_corr_normal_low_vol_r03_s20260679,5,theta_076,1.1288687818977665,0.011057343960571491,0.9055555555555554,0.03809461847351928,0.7729582133097473,4.247037803333333
Training,syn_n100_k05_high_corr_normal_low_vol_r03_s20260679,5,theta_078,1.1288687818977665,0.011057343960571491,0.9055555555555554,0.03809461847351928,0.7729582133097473,4.179556316666667
Training,syn_n100_k05_high_corr_normal_low_vol_r03_s20260679,5,theta_084,1.128636661199224,0.011472308361966409,0.907222222222222,0.021529584830286465,0.7443689561226388,3.4989841300000006
Training,syn_n100_k05_high_corr_normal_low_vol_r03_s20260679,5,theta_086,1.128636661199224,0.011472308361966409,0.907222222222222,0.021529584830286465,0.7443689561226388,3.5235978633333334
Training,syn_n100_k05_high_corr_normal_low_vol_r03_s20260679,5,theta_089,1.128636661199224,0.011472308361966409,0.907222222222222,0.021529584830286465,0.7443689561226388,4.40742127
Training,syn_n100_k05_high_corr_normal_low_vol_r03_s20260679,5,theta_118,1.1263512961084527,0.01286337887009372,0.8924999999999997,0.02987085649797629,0.7859074975163105,4.296577839999999
Training,syn_n100_k05_high_corr_normal_low_vol_r03_s20260679,5,theta_131,1.1263512961084527,0.01286337887009372,0.8924999999999997,0.02987085649797629,0.7859074975163105,4.289126483333333
Training,syn_n100_k05_high_corr_normal_low_vol_r03_s20260679,5,theta_132,1.1263512961084527,0.01286337887009372,0.8924999999999997,0.02987085649797629,0.7859074975163105,4.284825406666667
Training,syn_n100_k05_high_corr_normal_low_vol_r03_s20260679,5,theta_144,1.118184120512005,0.020580602193066875,0.8486111111111111,0.05249281900860752,0.7888326937161309,6.936900623333335
Training,syn_n100_k05_high_corr_normal_low_vol_r03_s20260679,5,theta_159,1.118184120512005,0.020580602193066875,0.8486111111111111,0.05249281900860752,0.7888326937161309,5.850874016666666
Training,syn_n100_k05_high_corr_normal_low_vol_r03_s20260679,5,theta_164,1.1268371568222963,0.012453568514087495,0.8191666666666666,0.036551135926919366,0.7955196135425185,4.195585883333333
Training,syn_n100_k05_high_corr_normal_low_vol_r03_s20260679,5,theta_170,1.1268371568222963,0.012453568514087495,0.8191666666666666,0.036551135926919366,0.7955196135425185,4.627644703333334
Training,syn_n100_k05_high_corr_normal_low_vol_r03_s20260679,5,theta_175,1.1268371568222963,0.012453568514087495,0.8191666666666666,0.036551135926919366,0.7955196135425185,4.645759506666667
Training,syn_n100_k05_high_corr_normal_low_vol_r03_s20260679,5,theta_189,1.1268371568222963,0.012453568514087495,0.8191666666666666,0.036551135926919366,0.7955196135425185,4.212914690000001
Training,syn_n100_k05_high_corr_normal_low_vol_r03_s20260679,5,theta_200,1.1168010141320157,0.020824600815437685,0.8352777777777778,0.059701442264370005,0.8122764429887438,10.412061106666666
Training,syn_n100_k05_high_corr_normal_low_vol_r03_s20260679,5,theta_223,1.119281107934331,0.017105754669828117,0.8627777777777778,0.041583168294616835,0.7818028129316338,10.437777166666669
Training,syn_n100_k05_high_corr_normal_low_vol_r03_s20260679,5,theta_234,1.119281107934331,0.017105754669828117,0.8627777777777778,0.041583168294616835,0.7818028129316338,10.323797613333337
Training,syn_n100_k05_high_corr_normal_low_vol_r03_s20260679,5,theta_237,1.119281107934331,0.017105754669828117,0.8627777777777778,0.041583168294616835,0.7818028129316338,4.397997863333334
Training,syn_n100_k05_low_corr_heavy_tail_high_vol_r03_s20260677,5,theta_011,1.1646611531525262,0.017115291163116338,0.8572222222222223,0.039606777563844765,0.803678704054088,2.7780475200000003
Training,syn_n100_k05_low_corr_heavy_tail_high_vol_r03_s20260677,5,theta_034,1.1550711907299775,0.02310561677429517,0.8433333333333333,0.037929307059384826,0.7776683628974986,2.854428226666667
Training,syn_n100_k05_low_corr_heavy_tail_high_vol_r03_s20260677,5,theta_037,1.1550711907299775,0.02310561677429517,0.8433333333333333,0.037929307059384826,0.7776683628974986,2.732298203333334
Training,syn_n100_k05_low_corr_heavy_tail_high_vol_r03_s20260677,5,theta_045,1.1550711907299775,0.02310561677429517,0.8433333333333333,0.037929307059384826,0.7776683628974986,3.2809884566666656
Training,syn_n100_k05_low_corr_heavy_tail_high_vol_r03_s20260677,5,theta_047,1.1550711907299775,0.02310561677429517,0.8433333333333333,0.037929307059384826,0.7776683628974986,3.684133016666666
Training,syn_n100_k05_low_corr_heavy_tail_high_vol_r03_s20260677,5,theta_067,1.1624892426008158,0.01863108390477499,0.8494444444444446,0.05381008868551817,0.8050045252732649,4.486310153333333
Training,syn_n100_k05_low_corr_heavy_tail_high_vol_r03_s20260677,5,theta_076,1.1624892426008158,0.01863108390477499,0.8494444444444446,0.05381008868551817,0.8050045252732649,3.533495736666666
Training,syn_n100_k05_low_corr_heavy_tail_high_vol_r03_s20260677,5,theta_078,1.1624892426008158,0.01863108390477499,0.8494444444444446,0.05381008868551817,0.8050045252732649,3.5819388833333337
Training,syn_n100_k05_low_corr_heavy_tail_high_vol_r03_s20260677,5,theta_084,1.1580329229370512,0.020028980469163047,0.8702777777777778,0.03175192604229508,0.7548100977687852,2.8603481533333333
Training,syn_n100_k05_low_corr_heavy_tail_high_vol_r03_s20260677,5,theta_086,1.1580329229370512,0.020028980469163047,0.8702777777777778,0.03175192604229508,0.7548100977687852,2.8766389
Training,syn_n100_k05_low_corr_heavy_tail_high_vol_r03_s20260677,5,theta_089,1.1580329229370512,0.020028980469163047,0.8702777777777778,0.03175192604229508,0.7548100977687852,3.7457108033333335
Training,syn_n100_k05_low_corr_heavy_tail_high_vol_r03_s20260677,5,theta_118,1.154430505654038,0.024300590059353807,0.8194444444444446,0.052582741027823766,0.8222358603514575,3.8388637699999992
Training,syn_n100_k05_low_corr_heavy_tail_high_vol_r03_s20260677,5,theta_131,1.154430505654038,0.024300590059353807,0.8194444444444446,0.052582741027823766,0.8222358603514575,3.8824199833333335
Training,syn_n100_k05_low_corr_heavy_tail_high_vol_r03_s20260677,5,theta_132,1.154430505654038,0.024300590059353807,0.8194444444444446,0.052582741027823766,0.8222358603514575,3.90142858
Training,syn_n100_k05_low_corr_heavy_tail_high_vol_r03_s20260677,5,theta_144,1.1584980855824907,0.020602950838657024,0.8436111111111112,0.033583115080610085,0.7876954755192872,6.347480676666665
Training,syn_n100_k05_low_corr_heavy_tail_high_vol_r03_s20260677,5,theta_159,1.1584980855824907,0.020602950838657024,0.8436111111111112,0.033583115080610085,0.7876954755192872,3.4166782566666662
Training,syn_n100_k05_low_corr_heavy_tail_high_vol_r03_s20260677,5,theta_164,1.1566184129504173,0.020465634629310038,0.8291666666666665,0.031544869672737626,0.7979057137760085,3.6860462266666665
Training,syn_n100_k05_low_corr_heavy_tail_high_vol_r03_s20260677,5,theta_170,1.1566184129504173,0.020465634629310038,0.8291666666666665,0.031544869672737626,0.7979057137760085,3.7781013966666666
Training,syn_n100_k05_low_corr_heavy_tail_high_vol_r03_s20260677,5,theta_175,1.1566184129504173,0.020465634629310038,0.8291666666666665,0.031544869672737626,0.7979057137760085,3.7288639433333333
Training,syn_n100_k05_low_corr_heavy_tail_high_vol_r03_s20260677,5,theta_189,1.1566184129504173,0.020465634629310038,0.8291666666666665,0.031544869672737626,0.7979057137760085,3.601169443333333
Training,syn_n100_k05_low_corr_heavy_tail_high_vol_r03_s20260677,5,theta_200,1.1610450495613773,0.01786791262847537,0.8480555555555556,0.049013519590968675,0.8471402088681563,9.519290359999998
Training,syn_n100_k05_low_corr_heavy_tail_high_vol_r03_s20260677,5,theta_223,1.162515535901082,0.01745988218513003,0.8747222222222223,0.03991970648313463,0.7748421977508838,9.089964596666666
Training,syn_n100_k05_low_corr_heavy_tail_high_vol_r03_s20260677,5,theta_234,1.162515535901082,0.01745988218513003,0.8747222222222223,0.03991970648313463,0.7748421977508838,8.711655603333334
Training,syn_n100_k05_low_corr_heavy_tail_high_vol_r03_s20260677,5,theta_237,1.162515535901082,0.01745988218513003,0.8747222222222223,0.03991970648313463,0.7748421977508838,3.81536841
Training,syn_n100_k05_low_corr_normal_low_vol_r01_s20260678,5,theta_011,1.1149540955051724,0.029525226571614504,0.7283333333333334,0.0462318454716819,1.1793651888741579,2.2069303066666666
Training,syn_n100_k05_low_corr_normal_low_vol_r01_s20260678,5,theta_034,1.111884111397029,0.013872346117127081,0.8152777777777779,0.035745235898392735,1.2172294160337611,2.776050553333334
Training,syn_n100_k05_low_corr_normal_low_vol_r01_s20260678,5,theta_037,1.111884111397029,0.013872346117127081,0.8152777777777779,0.035745235898392735,1.2172294160337611,2.788788063333333
Training,syn_n100_k05_low_corr_normal_low_vol_r01_s20260678,5,theta_045,1.111884111397029,0.013872346117127081,0.8152777777777779,0.035745235898392735,1.2172294160337611,3.35423987
Training,syn_n100_k05_low_corr_normal_low_vol_r01_s20260678,5,theta_047,1.111884111397029,0.013872346117127081,0.8152777777777779,0.035745235898392735,1.2172294160337611,3.7868333766666664
Training,syn_n100_k05_low_corr_normal_low_vol_r01_s20260678,5,theta_067,1.1174795434600162,0.0103614875148434,0.8744444444444445,0.029721256489956487,1.2200035269293794,4.355954999999999
Training,syn_n100_k05_low_corr_normal_low_vol_r01_s20260678,5,theta_076,1.1174795434600162,0.0103614875148434,0.8744444444444445,0.029721256489956487,1.2200035269293794,3.4620558400000006
Training,syn_n100_k05_low_corr_normal_low_vol_r01_s20260678,5,theta_078,1.1174795434600162,0.0103614875148434,0.8744444444444445,0.029721256489956487,1.2200035269293794,3.7039151700000006
Training,syn_n100_k05_low_corr_normal_low_vol_r01_s20260678,5,theta_084,1.1094688434102595,0.01798720865176087,0.7375000000000002,0.03604094166006982,1.207068095672014,2.91311159
Training,syn_n100_k05_low_corr_normal_low_vol_r01_s20260678,5,theta_086,1.1094688434102595,0.01798720865176087,0.7375000000000002,0.03604094166006982,1.207068095672014,2.849436616666666
Training,syn_n100_k05_low_corr_normal_low_vol_r01_s20260678,5,theta_089,1.1094688434102595,0.01798720865176087,0.7375000000000002,0.03604094166006982,1.207068095672014,3.6915201100000004
Training,syn_n100_k05_low_corr_normal_low_vol_r01_s20260678,5,theta_118,1.1147873487263098,0.010018116762921506,0.8922222222222224,0.02071651906582285,1.2227210037426894,3.8004336133333334
Training,syn_n100_k05_low_corr_normal_low_vol_r01_s20260678,5,theta_131,1.1147873487263098,0.010018116762921506,0.8922222222222224,0.02071651906582285,1.2227210037426894,3.756084120000001
Training,syn_n100_k05_low_corr_normal_low_vol_r01_s20260678,5,theta_132,1.1147873487263098,0.010018116762921506,0.8922222222222224,0.02071651906582285,1.2227210037426894,3.6673327966666673
Training,syn_n100_k05_low_corr_normal_low_vol_r01_s20260678,5,theta_144,1.1115961781339765,0.027362360957322425,0.7405555555555555,0.05085702658789805,1.1964717260885003,6.03466468
Training,syn_n100_k05_low_corr_normal_low_vol_r01_s20260678,5,theta_159,1.1115961781339765,0.027362360957322425,0.7405555555555555,0.05085702658789805,1.1964717260885003,3.836317309999999
Training,syn_n100_k05_low_corr_normal_low_vol_r01_s20260678,5,theta_164,1.1004847245388398,0.023125587075244432,0.6969444444444445,0.035853226897294435,1.212809137166755,3.6147667266666663
Training,syn_n100_k05_low_corr_normal_low_vol_r01_s20260678,5,theta_170,1.1004847245388398,0.023125587075244432,0.6969444444444445,0.035853226897294435,1.212809137166755,3.942439096666667
Training,syn_n100_k05_low_corr_normal_low_vol_r01_s20260678,5,theta_175,1.1004847245388398,0.023125587075244432,0.6969444444444445,0.035853226897294435,1.212809137166755,3.86837201
Training,syn_n100_k05_low_corr_normal_low_vol_r01_s20260678,5,theta_189,1.1004847245388398,0.023125587075244432,0.6969444444444445,0.035853226897294435,1.212809137166755,3.7794855699999994
Training,syn_n100_k05_low_corr_normal_low_vol_r01_s20260678,5,theta_200,1.1075712687509587,0.013067920374932767,0.8197222222222224,0.02301129278826032,1.2183164006172544,9.671001506666668
Training,syn_n100_k05_low_corr_normal_low_vol_r01_s20260678,5,theta_223,1.1155942041311582,0.017203844584320352,0.8363888888888888,0.03802541352940549,1.2092612846586752,8.638063413333333
Training,syn_n100_k05_low_corr_normal_low_vol_r01_s20260678,5,theta_234,1.1155942041311582,0.017203844584320352,0.8363888888888888,0.03802541352940549,1.2092612846586752,8.562058903333332
Training,syn_n100_k05_low_corr_normal_low_vol_r01_s20260678,5,theta_237,1.1155942041311582,0.017203844584320352,0.8363888888888888,0.03802541352940549,1.2092612846586752,3.7969275100000006
Training,syn_n100_k05_low_corr_skewed_extreme_events_r02_s20260686,5,theta_011,0.9917811167297084,0.026545557938807283,0.8172222222222222,0.037197659548211894,1.2985573308852207,2.3133447900000004
Training,syn_n100_k05_low_corr_skewed_extreme_events_r02_s20260686,5,theta_034,0.995388640037871,0.024827468584195107,0.8736111111111112,0.030122452371955925,1.3090159694258572,3.0286146599999997
Training,syn_n100_k05_low_corr_skewed_extreme_events_r02_s20260686,5,theta_037,0.995388640037871,0.024827468584195107,0.8736111111111112,0.030122452371955925,1.3090159694258572,3.000675306666667
Training,syn_n100_k05_low_corr_skewed_extreme_events_r02_s20260686,5,theta_045,0.995388640037871,0.024827468584195107,0.8736111111111112,0.030122452371955925,1.3090159694258572,3.6027642366666663
Training,syn_n100_k05_low_corr_skewed_extreme_events_r02_s20260686,5,theta_047,0.995388640037871,0.024827468584195107,0.8736111111111112,0.030122452371955925,1.3090159694258572,3.88993422
Training,syn_n100_k05_low_corr_skewed_extreme_events_r02_s20260686,5,theta_067,0.9929565660131617,0.026341775724774235,0.8322222222222221,0.03262847363251042,1.3108297757384695,5.335240326666666
Training,syn_n100_k05_low_corr_skewed_extreme_events_r02_s20260686,5,theta_076,0.9929565660131617,0.026341775724774235,0.8322222222222221,0.03262847363251042,1.3108297757384695,3.8257550033333327
Training,syn_n100_k05_low_corr_skewed_extreme_events_r02_s20260686,5,theta_078,0.9929565660131617,0.026341775724774235,0.8322222222222221,0.03262847363251042,1.3108297757384695,3.820108306666667
Training,syn_n100_k05_low_corr_skewed_extreme_events_r02_s20260686,5,theta_084,0.9990817268864968,0.018472019127381965,0.826388888888889,0.024032708503250087,1.307631070660148,3.3183053200000003
Training,syn_n100_k05_low_corr_skewed_extreme_events_r02_s20260686,5,theta_086,0.9990817268864968,0.018472019127381965,0.826388888888889,0.024032708503250087,1.307631070660148,3.3583162133333335
Training,syn_n100_k05_low_corr_skewed_extreme_events_r02_s20260686,5,theta_089,0.9990817268864968,0.018472019127381965,0.826388888888889,0.024032708503250087,1.307631070660148,4.181297503333332
Training,syn_n100_k05_low_corr_skewed_extreme_events_r02_s20260686,5,theta_118,0.9781769145265257,0.040002071037554224,0.7983333333333333,0.0470320573460606,1.298722938473177,4.021297916666667
Training,syn_n100_k05_low_corr_skewed_extreme_events_r02_s20260686,5,theta_131,0.9781769145265257,0.040002071037554224,0.7983333333333333,0.0470320573460606,1.298722938473177,4.086741576666666
Training,syn_n100_k05_low_corr_skewed_extreme_events_r02_s20260686,5,theta_132,0.9781769145265257,0.040002071037554224,0.7983333333333333,0.0470320573460606,1.298722938473177,3.9814769400000003
Training,syn_n100_k05_low_corr_skewed_extreme_events_r02_s20260686,5,theta_144,1.0020738790649533,0.017895253473858532,0.8527777777777777,0.029209071483782923,1.311273641396036,6.2893845
Training,syn_n100_k05_low_corr_skewed_extreme_events_r02_s20260686,5,theta_159,1.0020738790649533,0.017895253473858532,0.8527777777777777,0.029209071483782923,1.311273641396036,4.11761146
Training,syn_n100_k05_low_corr_skewed_extreme_events_r02_s20260686,5,theta_164,0.9821179100300478,0.030185769254659347,0.7119444444444444,0.0328027859000791,1.3127717876016896,3.92056079
Training,syn_n100_k05_low_corr_skewed_extreme_events_r02_s20260686,5,theta_170,0.9821179100300478,0.030185769254659347,0.7119444444444444,0.0328027859000791,1.3127717876016896,4.305159726666668
Training,syn_n100_k05_low_corr_skewed_extreme_events_r02_s20260686,5,theta_175,0.9821179100300478,0.030185769254659347,0.7119444444444444,0.0328027859000791,1.3127717876016896,4.439711253333333
Training,syn_n100_k05_low_corr_skewed_extreme_events_r02_s20260686,5,theta_189,0.9821179100300478,0.030185769254659347,0.7119444444444444,0.0328027859000791,1.3127717876016896,4.068644776666667
Training,syn_n100_k05_low_corr_skewed_extreme_events_r02_s20260686,5,theta_200,0.9806680678883752,0.03674127257441302,0.7405555555555554,0.03866216473347459,1.2988911740511682,9.355530976666666
Training,syn_n100_k05_low_corr_skewed_extreme_events_r02_s20260686,5,theta_223,0.9850500494854662,0.029243780920387614,0.7347222222222224,0.03169905471597962,1.3045071288785517,9.509692616666667
Training,syn_n100_k05_low_corr_skewed_extreme_events_r02_s20260686,5,theta_234,0.9850500494854662,0.029243780920387614,0.7347222222222224,0.03169905471597962,1.3045071288785517,9.558096056666667
Training,syn_n100_k05_low_corr_skewed_extreme_events_r02_s20260686,5,theta_237,0.9850500494854662,0.029243780920387614,0.7347222222222224,0.03169905471597962,1.3045071288785517,4.09394417
Training,syn_n100_k05_pathological_cov_mixed_low_vol_r01_s20260682,5,theta_011,1.0136801085356806,0.018543670133824373,0.7955555555555556,0.04574822996238678,1.0086616153269958,2.7677810500000004
Training,syn_n100_k05_pathological_cov_mixed_low_vol_r01_s20260682,5,theta_034,1.0121906265899896,0.015955305798718074,0.7647222222222222,0.044364020245952915,1.0970711696335351,3.367435413333333
Training,syn_n100_k05_pathological_cov_mixed_low_vol_r01_s20260682,5,theta_037,1.0121906265899896,0.015955305798718074,0.7647222222222222,0.044364020245952915,1.0970711696335351,3.377234146666667
Training,syn_n100_k05_pathological_cov_mixed_low_vol_r01_s20260682,5,theta_045,1.0121906265899896,0.015955305798718074,0.7647222222222222,0.044364020245952915,1.0970711696335351,3.911949163333334
Training,syn_n100_k05_pathological_cov_mixed_low_vol_r01_s20260682,5,theta_047,1.0121906265899896,0.015955305798718074,0.7647222222222222,0.044364020245952915,1.0970711696335351,4.164356036666666
Training,syn_n100_k05_pathological_cov_mixed_low_vol_r01_s20260682,5,theta_067,1.0136394450506592,0.017501483275999784,0.7744444444444446,0.04623462584164744,1.0251354208397616,5.195374803333334
Training,syn_n100_k05_pathological_cov_mixed_low_vol_r01_s20260682,5,theta_076,1.0136394450506592,0.017501483275999784,0.7744444444444446,0.04623462584164744,1.0251354208397616,4.144718756666667
Training,syn_n100_k05_pathological_cov_mixed_low_vol_r01_s20260682,5,theta_078,1.0136394450506592,0.017501483275999784,0.7744444444444446,0.04623462584164744,1.0251354208397616,4.423720583333333
Training,syn_n100_k05_pathological_cov_mixed_low_vol_r01_s20260682,5,theta_084,1.0216416146538414,0.012189354248738432,0.8144444444444444,0.0288538987244084,1.0932991830726555,3.6506677699999996
Training,syn_n100_k05_pathological_cov_mixed_low_vol_r01_s20260682,5,theta_086,1.0216416146538414,0.012189354248738432,0.8144444444444444,0.0288538987244084,1.0932991830726555,3.6572054499999993
Training,syn_n100_k05_pathological_cov_mixed_low_vol_r01_s20260682,5,theta_089,1.0216416146538414,0.012189354248738432,0.8144444444444444,0.0288538987244084,1.0932991830726555,4.488961373333334
Training,syn_n100_k05_pathological_cov_mixed_low_vol_r01_s20260682,5,theta_118,1.0124497771982122,0.01604576365393632,0.7716666666666667,0.05270781580898391,1.0785112448562053,4.315380346666666
Training,syn_n100_k05_pathological_cov_mixed_low_vol_r01_s20260682,5,theta_131,1.0124497771982122,0.01604576365393632,0.7716666666666667,0.05270781580898391,1.0785112448562053,4.322909756666666
Training,syn_n100_k05_pathological_cov_mixed_low_vol_r01_s20260682,5,theta_132,1.0124497771982122,0.01604576365393632,0.7716666666666667,0.05270781580898391,1.0785112448562053,4.348404493333334
Training,syn_n100_k05_pathological_cov_mixed_low_vol_r01_s20260682,5,theta_144,1.0195575514613209,0.011648264913254503,0.840277777777778,0.033264701341008646,1.0903407118260453,6.733225196666667
Training,syn_n100_k05_pathological_cov_mixed_low_vol_r01_s20260682,5,theta_159,1.0195575514613209,0.011648264913254503,0.840277777777778,0.033264701341008646,1.0903407118260453,3.9368587899999996
Training,syn_n100_k05_pathological_cov_mixed_low_vol_r01_s20260682,5,theta_164,1.0123763847562999,0.017346701900060903,0.7480555555555555,0.04333705651226736,1.052937938291925,4.132129529999999
Training,syn_n100_k05_pathological_cov_mixed_low_vol_r01_s20260682,5,theta_170,1.0123763847562999,0.017346701900060903,0.7480555555555555,0.04333705651226736,1.052937938291925,4.65066043
Training,syn_n100_k05_pathological_cov_mixed_low_vol_r01_s20260682,5,theta_175,1.0123763847562999,0.017346701900060903,0.7480555555555555,0.04333705651226736,1.052937938291925,4.712452023333333
Training,syn_n100_k05_pathological_cov_mixed_low_vol_r01_s20260682,5,theta_189,1.0123763847562999,0.017346701900060903,0.7480555555555555,0.04333705651226736,1.052937938291925,4.529153573333334
Training,syn_n100_k05_pathological_cov_mixed_low_vol_r01_s20260682,5,theta_200,1.0178094367222053,0.014460677594538413,0.8227777777777779,0.0460356425428181,1.0630827321881737,10.534624436666666
Training,syn_n100_k05_pathological_cov_mixed_low_vol_r01_s20260682,5,theta_223,1.0152251018306688,0.016149444748972067,0.7697222222222222,0.04537289087566636,1.0721210113432744,10.34378784
Training,syn_n100_k05_pathological_cov_mixed_low_vol_r01_s20260682,5,theta_234,1.0152251018306688,0.016149444748972067,0.7697222222222222,0.04537289087566636,1.0721210113432744,10.40594234
Training,syn_n100_k05_pathological_cov_mixed_low_vol_r01_s20260682,5,theta_237,1.0152251018306688,0.016149444748972067,0.7697222222222222,0.04537289087566636,1.0721210113432744,4.5505743899999995
Training,syn_n100_k05_pathological_cov_normal_extreme_events_r02_s20260684,5,theta_011,1.0593096260607844,0.010326441770315347,0.848888888888889,0.027973846750510366,0.9039081626138596,2.709630656666666
Training,syn_n100_k05_pathological_cov_normal_extreme_events_r02_s20260684,5,theta_034,1.0596335554538825,0.009615060974828811,0.8599999999999999,0.02690157849308047,0.8955228625747089,3.6083545100000003
Training,syn_n100_k05_pathological_cov_normal_extreme_events_r02_s20260684,5,theta_037,1.0596335554538825,0.009615060974828811,0.8599999999999999,0.02690157849308047,0.8955228625747089,3.660926753333334
Training,syn_n100_k05_pathological_cov_normal_extreme_events_r02_s20260684,5,theta_045,1.0596335554538825,0.009615060974828811,0.8599999999999999,0.02690157849308047,0.8955228625747089,4.20127675
Training,syn_n100_k05_pathological_cov_normal_extreme_events_r02_s20260684,5,theta_047,1.0596335554538825,0.009615060974828811,0.8599999999999999,0.02690157849308047,0.8955228625747089,4.461642940000001
Training,syn_n100_k05_pathological_cov_normal_extreme_events_r02_s20260684,5,theta_067,1.0613342731485234,0.007994049575778223,0.8861111111111112,0.02190094643469621,0.9175421920025744,4.995583493333333
Training,syn_n100_k05_pathological_cov_normal_extreme_events_r02_s20260684,5,theta_076,1.0613342731485234,0.007994049575778223,0.8861111111111112,0.02190094643469621,0.9175421920025744,4.090187866666667
Training,syn_n100_k05_pathological_cov_normal_extreme_events_r02_s20260684,5,theta_078,1.0613342731485234,0.007994049575778223,0.8861111111111112,0.02190094643469621,0.9175421920025744,4.205362613333333
Training,syn_n100_k05_pathological_cov_normal_extreme_events_r02_s20260684,5,theta_084,1.061901920263286,0.008172007836174073,0.8916666666666667,0.019943758171695934,0.8919868563187962,3.510991173333333
Training,syn_n100_k05_pathological_cov_normal_extreme_events_r02_s20260684,5,theta_086,1.061901920263286,0.008172007836174073,0.8916666666666667,0.019943758171695934,0.8919868563187962,3.5016752633333335
Training,syn_n100_k05_pathological_cov_normal_extreme_events_r02_s20260684,5,theta_089,1.061901920263286,0.008172007836174073,0.8916666666666667,0.019943758171695934,0.8919868563187962,4.527526583333332
Training,syn_n100_k05_pathological_cov_normal_extreme_events_r02_s20260684,5,theta_118,1.0622197632478132,0.008529110911818806,0.8994444444444444,0.02498359089637657,0.8890393248626535,4.674442053333332
Training,syn_n100_k05_pathological_cov_normal_extreme_events_r02_s20260684,5,theta_131,1.0622197632478132,0.008529110911818806,0.8994444444444444,0.02498359089637657,0.8890393248626535,4.4277670633333335
Training,syn_n100_k05_pathological_cov_normal_extreme_events_r02_s20260684,5,theta_132,1.0622197632478132,0.008529110911818806,0.8994444444444444,0.02498359089637657,0.8890393248626535,4.428353476666667
Training,syn_n100_k05_pathological_cov_normal_extreme_events_r02_s20260684,5,theta_144,1.0612158223486963,0.007907704782294188,0.8833333333333334,0.026322751790710842,0.9182056523309837,5.922361303333334
Training,syn_n100_k05_pathological_cov_normal_extreme_events_r02_s20260684,5,theta_159,1.0612158223486963,0.007907704782294188,0.8833333333333334,0.026322751790710842,0.9182056523309837,4.456834246666667
Training,syn_n100_k05_pathological_cov_normal_extreme_events_r02_s20260684,5,theta_164,1.0595941625186411,0.012173850253738709,0.7708333333333336,0.02216160551270236,0.9211362838508497,4.155205733333333
Training,syn_n100_k05_pathological_cov_normal_extreme_events_r02_s20260684,5,theta_170,1.0595941625186411,0.012173850253738709,0.7708333333333336,0.02216160551270236,0.9211362838508497,4.512531786666667
Training,syn_n100_k05_pathological_cov_normal_extreme_events_r02_s20260684,5,theta_175,1.0595941625186411,0.012173850253738709,0.7708333333333336,0.02216160551270236,0.9211362838508497,4.567385516666667
Training,syn_n100_k05_pathological_cov_normal_extreme_events_r02_s20260684,5,theta_189,1.0595941625186411,0.012173850253738709,0.7708333333333336,0.02216160551270236,0.9211362838508497,4.44809576
Training,syn_n100_k05_pathological_cov_normal_extreme_events_r02_s20260684,5,theta_200,1.0602786652767853,0.010221726099580995,0.8311111111111111,0.024489789692517108,0.9169779284803482,11.059464819999999
Training,syn_n100_k05_pathological_cov_normal_extreme_events_r02_s20260684,5,theta_223,1.0536209731949682,0.011859483688421425,0.8066666666666668,0.03372634326523341,0.9365186488897902,10.825275193333335
Training,syn_n100_k05_pathological_cov_normal_extreme_events_r02_s20260684,5,theta_234,1.0536209731949682,0.011859483688421425,0.8066666666666668,0.03372634326523341,0.9365186488897902,10.853576726666663
Training,syn_n100_k05_pathological_cov_normal_extreme_events_r02_s20260684,5,theta_237,1.0536209731949682,0.011859483688421425,0.8066666666666668,0.03372634326523341,0.9365186488897902,4.480325773333333
Training,syn_n100_k05_pathological_cov_skewed_high_vol_r03_s20260680,5,theta_011,1.0702844590730947,0.03218205337686527,0.78,0.055443570485667185,0.8773567544003169,2.68176787
Training,syn_n100_k05_pathological_cov_skewed_high_vol_r03_s20260680,5,theta_034,1.0890455176738418,0.018015694276522134,0.8602777777777778,0.038650582636884985,0.8460491620806925,3.7009846100000003
Training,syn_n100_k05_pathological_cov_skewed_high_vol_r03_s20260680,5,theta_037,1.0890455176738418,0.018015694276522134,0.8602777777777778,0.038650582636884985,0.8460491620806925,3.635991306666667
Training,syn_n100_k05_pathological_cov_skewed_high_vol_r03_s20260680,5,theta_045,1.0890455176738418,0.018015694276522134,0.8602777777777778,0.038650582636884985,0.8460491620806925,4.211032416666666
Training,syn_n100_k05_pathological_cov_skewed_high_vol_r03_s20260680,5,theta_047,1.0890455176738418,0.018015694276522134,0.8602777777777778,0.038650582636884985,0.8460491620806925,4.493662336666666
Training,syn_n100_k05_pathological_cov_skewed_high_vol_r03_s20260680,5,theta_067,1.0666482825964911,0.03997290719242116,0.7716666666666667,0.05718730542954249,0.8844570053839254,4.899041826666667
Training,syn_n100_k05_pathological_cov_skewed_high_vol_r03_s20260680,5,theta_076,1.0666482825964911,0.03997290719242116,0.7716666666666667,0.05718730542954249,0.8844570053839254,4.50762986
Training,syn_n100_k05_pathological_cov_skewed_high_vol_r03_s20260680,5,theta_078,1.0666482825964911,0.03997290719242116,0.7716666666666667,0.05718730542954249,0.8844570053839254,4.533785853333332
Training,syn_n100_k05_pathological_cov_skewed_high_vol_r03_s20260680,5,theta_084,1.0751806104046033,0.029793077917171378,0.7583333333333334,0.05103418286432745,0.8888847634830654,3.630410303333334
Training,syn_n100_k05_pathological_cov_skewed_high_vol_r03_s20260680,5,theta_086,1.0751806104046033,0.029793077917171378,0.7583333333333334,0.05103418286432745,0.8888847634830654,3.662436533333334
Training,syn_n100_k05_pathological_cov_skewed_high_vol_r03_s20260680,5,theta_089,1.0751806104046033,0.029793077917171378,0.7583333333333334,0.05103418286432745,0.8888847634830654,4.452338123333334
Training,syn_n100_k05_pathological_cov_skewed_high_vol_r03_s20260680,5,theta_118,1.0491901648440185,0.05137082731324199,0.7136111111111112,0.08261868375503739,0.8704286786933958,4.587057516666667
Training,syn_n100_k05_pathological_cov_skewed_high_vol_r03_s20260680,5,theta_131,1.0491901648440185,0.05137082731324199,0.7136111111111112,0.08261868375503739,0.8704286786933958,4.61102577
Training,syn_n100_k05_pathological_cov_skewed_high_vol_r03_s20260680,5,theta_132,1.0491901648440185,0.05137082731324199,0.7136111111111112,0.08261868375503739,0.8704286786933958,4.6051323
Training,syn_n100_k05_pathological_cov_skewed_high_vol_r03_s20260680,5,theta_144,1.0659866978693044,0.03604347435569359,0.7766666666666666,0.06020234074952735,0.8836545707028997,5.08471322
Training,syn_n100_k05_pathological_cov_skewed_high_vol_r03_s20260680,5,theta_159,1.0659866978693044,0.03604347435569359,0.7766666666666666,0.06020234074952735,0.8836545707028997,4.847452563333333
Training,syn_n100_k05_pathological_cov_skewed_high_vol_r03_s20260680,5,theta_164,1.0637110475297795,0.03635308351058646,0.6697222222222222,0.055944795303382575,0.8718039134790849,4.14426099
Training,syn_n100_k05_pathological_cov_skewed_high_vol_r03_s20260680,5,theta_170,1.0637110475297795,0.03635308351058646,0.6697222222222222,0.055944795303382575,0.8718039134790849,4.515114273333334
Training,syn_n100_k05_pathological_cov_skewed_high_vol_r03_s20260680,5,theta_175,1.0637110475297795,0.03635308351058646,0.6697222222222222,0.055944795303382575,0.8718039134790849,4.788971326666667
Training,syn_n100_k05_pathological_cov_skewed_high_vol_r03_s20260680,5,theta_189,1.0637110475297795,0.03635308351058646,0.6697222222222222,0.055944795303382575,0.8718039134790849,4.588110193333333
Training,syn_n100_k05_pathological_cov_skewed_high_vol_r03_s20260680,5,theta_200,1.074643219091551,0.027428442971132814,0.7741666666666668,0.0519241801666832,0.8774369904381316,11.1691676
Training,syn_n100_k05_pathological_cov_skewed_high_vol_r03_s20260680,5,theta_223,1.0552843000398886,0.0416562900999996,0.7144444444444443,0.07270777209371061,0.8818521630287175,11.172002003333334
Training,syn_n100_k05_pathological_cov_skewed_high_vol_r03_s20260680,5,theta_234,1.0552843000398886,0.0416562900999996,0.7144444444444443,0.07270777209371061,0.8818521630287175,11.223924079999998
Training,syn_n100_k05_pathological_cov_skewed_high_vol_r03_s20260680,5,theta_237,1.0552843000398886,0.0416562900999996,0.7144444444444443,0.07270777209371061,0.8818521630287175,4.858452663333332
Training,syn_n100_k10_cluster_corr_heavy_tail_low_vol_r02_s20260689,10,theta_011,0.9779726322141465,0.030805644830092557,0.7000000000000001,0.039026952004441805,1.1901863233109988,1.8519713400000002
Training,syn_n100_k10_cluster_corr_heavy_tail_low_vol_r02_s20260689,10,theta_034,0.9732856944247981,0.024237777142126143,0.6497222222222223,0.0521956405764037,1.295963089841846,2.525826536666666
Training,syn_n100_k10_cluster_corr_heavy_tail_low_vol_r02_s20260689,10,theta_037,0.9732856944247981,0.024237777142126143,0.6497222222222223,0.0521956405764037,1.295963089841846,2.547692046666667
Training,syn_n100_k10_cluster_corr_heavy_tail_low_vol_r02_s20260689,10,theta_045,0.9732856944247981,0.024237777142126143,0.6497222222222223,0.0521956405764037,1.295963089841846,3.0603482366666666
Training,syn_n100_k10_cluster_corr_heavy_tail_low_vol_r02_s20260689,10,theta_047,0.9732856944247981,0.024237777142126143,0.6497222222222223,0.0521956405764037,1.295963089841846,3.236497193333333
Training,syn_n100_k10_cluster_corr_heavy_tail_low_vol_r02_s20260689,10,theta_067,0.9705995394848929,0.03165299271527376,0.5894444444444444,0.0661143206913915,1.214317269427824,3.6607226999999996
Training,syn_n100_k10_cluster_corr_heavy_tail_low_vol_r02_s20260689,10,theta_076,0.9705995394848929,0.03165299271527376,0.5894444444444444,0.0661143206913915,1.214317269427824,3.3499970533333325
Training,syn_n100_k10_cluster_corr_heavy_tail_low_vol_r02_s20260689,10,theta_078,0.9705995394848929,0.03165299271527376,0.5894444444444444,0.0661143206913915,1.214317269427824,3.384479923333333
Training,syn_n100_k10_cluster_corr_heavy_tail_low_vol_r02_s20260689,10,theta_084,0.9829628022116054,0.02291595253851362,0.7841666666666668,0.03917044547287961,1.217228717150221,2.7092942633333337
Training,syn_n100_k10_cluster_corr_heavy_tail_low_vol_r02_s20260689,10,theta_086,0.9829628022116054,0.02291595253851362,0.7841666666666668,0.03917044547287961,1.217228717150221,2.7030840033333337
Training,syn_n100_k10_cluster_corr_heavy_tail_low_vol_r02_s20260689,10,theta_089,0.9829628022116054,0.02291595253851362,0.7841666666666668,0.03917044547287961,1.217228717150221,3.96356508
Training,syn_n100_k10_cluster_corr_heavy_tail_low_vol_r02_s20260689,10,theta_118,0.9784659024660417,0.017992063793909305,0.7533333333333333,0.04410772190207149,1.3369243244062483,3.4124114499999996
Training,syn_n100_k10_cluster_corr_heavy_tail_low_vol_r02_s20260689,10,theta_131,0.9784659024660417,0.017992063793909305,0.7533333333333333,0.04410772190207149,1.3369243244062483,3.35445075
Training,syn_n100_k10_cluster_corr_heavy_tail_low_vol_r02_s20260689,10,theta_132,0.9784659024660417,0.017992063793909305,0.7533333333333333,0.04410772190207149,1.3369243244062483,3.4340921266666657
Training,syn_n100_k10_cluster_corr_heavy_tail_low_vol_r02_s20260689,10,theta_144,0.9665848269058132,0.04180415138252716,0.6119444444444445,0.06846633855936722,1.1825561668337594,3.3800433266666663
Training,syn_n100_k10_cluster_corr_heavy_tail_low_vol_r02_s20260689,10,theta_159,0.9665848269058132,0.04180415138252716,0.6119444444444445,0.06846633855936722,1.1825561668337594,3.554886
Training,syn_n100_k10_cluster_corr_heavy_tail_low_vol_r02_s20260689,10,theta_164,0.9811908314982423,0.017592140673704227,0.7233333333333333,0.033580119712464246,1.2959886876409592,3.48915983
Training,syn_n100_k10_cluster_corr_heavy_tail_low_vol_r02_s20260689,10,theta_170,0.9811908314982423,0.017592140673704227,0.7233333333333333,0.033580119712464246,1.2959886876409592,3.3013472299999997
Training,syn_n100_k10_cluster_corr_heavy_tail_low_vol_r02_s20260689,10,theta_175,0.9811908314982423,0.017592140673704227,0.7233333333333333,0.033580119712464246,1.2959886876409592,3.7177572299999997
Training,syn_n100_k10_cluster_corr_heavy_tail_low_vol_r02_s20260689,10,theta_189,0.9811908314982423,0.017592140673704227,0.7233333333333333,0.033580119712464246,1.2959886876409592,3.397217853333333
Training,syn_n100_k10_cluster_corr_heavy_tail_low_vol_r02_s20260689,10,theta_200,0.9753882313127618,0.0194278008201889,0.7450000000000002,0.043400206806442694,1.3390948596911225,8.090615883333333
Training,syn_n100_k10_cluster_corr_heavy_tail_low_vol_r02_s20260689,10,theta_223,0.9683004568618414,0.03797265941421271,0.6308333333333334,0.07050874528679067,1.2174513348889975,7.838632039999999
Training,syn_n100_k10_cluster_corr_heavy_tail_low_vol_r02_s20260689,10,theta_234,0.9683004568618414,0.03797265941421271,0.6308333333333334,0.07050874528679067,1.2174513348889975,7.905953899999999
Training,syn_n100_k10_cluster_corr_heavy_tail_low_vol_r02_s20260689,10,theta_237,0.9683004568618414,0.03797265941421271,0.6308333333333334,0.07050874528679067,1.2174513348889975,3.3477949400000004
Training,syn_n100_k10_cluster_corr_mixed_extreme_events_r03_s20260693,10,theta_011,0.9831415234435724,0.017157618886812977,0.9016666666666666,0.034832568597862365,1.2462282416929158,1.8727526533333334
Training,syn_n100_k10_cluster_corr_mixed_extreme_events_r03_s20260693,10,theta_034,0.9630425346795397,0.031119452216475607,0.701111111111111,0.07058122864517209,1.241256859854405,2.414397066666667
Training,syn_n100_k10_cluster_corr_mixed_extreme_events_r03_s20260693,10,theta_037,0.9630425346795397,0.031119452216475607,0.701111111111111,0.07058122864517209,1.241256859854405,2.4360566233333336
Training,syn_n100_k10_cluster_corr_mixed_extreme_events_r03_s20260693,10,theta_045,0.9630425346795397,0.031119452216475607,0.701111111111111,0.07058122864517209,1.241256859854405,2.983349933333332
Training,syn_n100_k10_cluster_corr_mixed_extreme_events_r03_s20260693,10,theta_047,0.9630425346795397,0.031119452216475607,0.701111111111111,0.07058122864517209,1.241256859854405,3.512157296666666
Training,syn_n100_k10_cluster_corr_mixed_extreme_events_r03_s20260693,10,theta_067,0.981858545426117,0.01868054027636405,0.8313888888888888,0.05619271904603443,1.231900655371434,3.95204485
Training,syn_n100_k10_cluster_corr_mixed_extreme_events_r03_s20260693,10,theta_076,0.981858545426117,0.01868054027636405,0.8313888888888888,0.05619271904603443,1.231900655371434,3.362134446666667
Training,syn_n100_k10_cluster_corr_mixed_extreme_events_r03_s20260693,10,theta_078,0.981858545426117,0.01868054027636405,0.8313888888888888,0.05619271904603443,1.231900655371434,3.347514863333333
Training,syn_n100_k10_cluster_corr_mixed_extreme_events_r03_s20260693,10,theta_084,0.9890112962794354,0.011337284916798895,0.8947222222222223,0.026158657771550763,1.2919396501378761,2.6579084400000004
Training,syn_n100_k10_cluster_corr_mixed_extreme_events_r03_s20260693,10,theta_086,0.9890112962794354,0.011337284916798895,0.8947222222222223,0.026158657771550763,1.2919396501378761,2.67591254
Training,syn_n100_k10_cluster_corr_mixed_extreme_events_r03_s20260693,10,theta_089,0.9890112962794354,0.011337284916798895,0.8947222222222223,0.026158657771550763,1.2919396501378761,3.889210246666667
Training,syn_n100_k10_cluster_corr_mixed_extreme_events_r03_s20260693,10,theta_118,0.9667783182705602,0.02591581271652659,0.7644444444444446,0.061365825456408035,1.2798643775266443,3.3101566599999996
Training,syn_n100_k10_cluster_corr_mixed_extreme_events_r03_s20260693,10,theta_131,0.9667783182705602,0.02591581271652659,0.7644444444444446,0.061365825456408035,1.2798643775266443,3.2492858733333327
Training,syn_n100_k10_cluster_corr_mixed_extreme_events_r03_s20260693,10,theta_132,0.9667783182705602,0.02591581271652659,0.7644444444444446,0.061365825456408035,1.2798643775266443,3.393109116666667
Training,syn_n100_k10_cluster_corr_mixed_extreme_events_r03_s20260693,10,theta_144,0.9679528708183722,0.028685900545679825,0.8722222222222222,0.0710630614590458,1.2392950193318677,3.8743691099999995
Training,syn_n100_k10_cluster_corr_mixed_extreme_events_r03_s20260693,10,theta_159,0.9679528708183722,0.028685900545679825,0.8722222222222222,0.0710630614590458,1.2392950193318677,3.372782143333333
Training,syn_n100_k10_cluster_corr_mixed_extreme_events_r03_s20260693,10,theta_164,0.9883122729071743,0.011201433698054911,0.9077777777777778,0.022297540370748863,1.3124646211212414,3.4359660499999998
Training,syn_n100_k10_cluster_corr_mixed_extreme_events_r03_s20260693,10,theta_170,0.9883122729071743,0.011201433698054911,0.9077777777777778,0.022297540370748863,1.3124646211212414,3.731652153333334
Training,syn_n100_k10_cluster_corr_mixed_extreme_events_r03_s20260693,10,theta_175,0.9883122729071743,0.011201433698054911,0.9077777777777778,0.022297540370748863,1.3124646211212414,3.479891196666666
Training,syn_n100_k10_cluster_corr_mixed_extreme_events_r03_s20260693,10,theta_189,0.9883122729071743,0.011201433698054911,0.9077777777777778,0.022297540370748863,1.3124646211212414,3.291408136666667
Training,syn_n100_k10_cluster_corr_mixed_extreme_events_r03_s20260693,10,theta_200,0.9647752647977731,0.027321490749152202,0.8433333333333335,0.05699112614325406,1.2817108930951078,7.769885256666666
Training,syn_n100_k10_cluster_corr_mixed_extreme_events_r03_s20260693,10,theta_223,0.9714055187425922,0.025025285236578366,0.8425000000000001,0.057745035244534705,1.254365199421776,7.71401426
Training,syn_n100_k10_cluster_corr_mixed_extreme_events_r03_s20260693,10,theta_234,0.9714055187425922,0.025025285236578366,0.8425000000000001,0.057745035244534705,1.254365199421776,7.518608390000001
Training,syn_n100_k10_cluster_corr_mixed_extreme_events_r03_s20260693,10,theta_237,0.9714055187425922,0.025025285236578366,0.8425000000000001,0.057745035244534705,1.254365199421776,3.36211678
Training,syn_n100_k10_cluster_corr_skewed_high_vol_r01_s20260697,10,theta_011,1.112636518268183,0.011939804002381722,0.9119444444444444,0.02365214600734311,0.8567431295517949,1.7651281199999995
Training,syn_n100_k10_cluster_corr_skewed_high_vol_r01_s20260697,10,theta_034,1.1077051423613524,0.016336019205388016,0.8294444444444444,0.03710641310477667,0.8931375013134962,2.357236536666667
Training,syn_n100_k10_cluster_corr_skewed_high_vol_r01_s20260697,10,theta_037,1.1077051423613524,0.016336019205388016,0.8294444444444444,0.03710641310477667,0.8931375013134962,2.4035058866666663
Training,syn_n100_k10_cluster_corr_skewed_high_vol_r01_s20260697,10,theta_045,1.1077051423613524,0.016336019205388016,0.8294444444444444,0.03710641310477667,0.8931375013134962,2.896261199999999
Training,syn_n100_k10_cluster_corr_skewed_high_vol_r01_s20260697,10,theta_047,1.1077051423613524,0.016336019205388016,0.8294444444444444,0.03710641310477667,0.8931375013134962,3.4674913600000012
Training,syn_n100_k10_cluster_corr_skewed_high_vol_r01_s20260697,10,theta_067,1.1099602115385412,0.012711834032921098,0.8933333333333333,0.031143693055641422,0.8526772097585046,3.7734566566666667
Training,syn_n100_k10_cluster_corr_skewed_high_vol_r01_s20260697,10,theta_076,1.1099602115385412,0.012711834032921098,0.8933333333333333,0.031143693055641422,0.8526772097585046,3.2308133933333334
Training,syn_n100_k10_cluster_corr_skewed_high_vol_r01_s20260697,10,theta_078,1.1099602115385412,0.012711834032921098,0.8933333333333333,0.031143693055641422,0.8526772097585046,3.252687153333333
Training,syn_n100_k10_cluster_corr_skewed_high_vol_r01_s20260697,10,theta_084,1.1205024005890893,0.008543537366050109,0.9555555555555556,0.021120191156616223,0.8366318671779941,2.7204498266666666
Training,syn_n100_k10_cluster_corr_skewed_high_vol_r01_s20260697,10,theta_086,1.1205024005890893,0.008543537366050109,0.9555555555555556,0.021120191156616223,0.8366318671779941,2.5477782733333334
Training,syn_n100_k10_cluster_corr_skewed_high_vol_r01_s20260697,10,theta_089,1.1205024005890893,0.008543537366050109,0.9555555555555556,0.021120191156616223,0.8366318671779941,3.602409633333333
Training,syn_n100_k10_cluster_corr_skewed_high_vol_r01_s20260697,10,theta_118,1.1072678227576627,0.015327986729904467,0.8549999999999999,0.04234791068345786,0.8806856521739004,3.3521095333333335
Training,syn_n100_k10_cluster_corr_skewed_high_vol_r01_s20260697,10,theta_131,1.1072678227576627,0.015327986729904467,0.8549999999999999,0.04234791068345786,0.8806856521739004,3.1531275533333334
Training,syn_n100_k10_cluster_corr_skewed_high_vol_r01_s20260697,10,theta_132,1.1072678227576627,0.015327986729904467,0.8549999999999999,0.04234791068345786,0.8806856521739004,3.1992735033333344
Training,syn_n100_k10_cluster_corr_skewed_high_vol_r01_s20260697,10,theta_144,1.10494918583995,0.017057254492737407,0.8483333333333333,0.04492773461242965,0.8536229467784554,3.7123823466666668
Training,syn_n100_k10_cluster_corr_skewed_high_vol_r01_s20260697,10,theta_159,1.10494918583995,0.017057254492737407,0.8483333333333333,0.04492773461242965,0.8536229467784554,2.8885922333333336
Training,syn_n100_k10_cluster_corr_skewed_high_vol_r01_s20260697,10,theta_164,1.1131327868320482,0.014566511980924313,0.8841666666666667,0.02669253165323697,0.8819237325281714,3.338885346666666
Training,syn_n100_k10_cluster_corr_skewed_high_vol_r01_s20260697,10,theta_170,1.1131327868320482,0.014566511980924313,0.8841666666666667,0.02669253165323697,0.8819237325281714,3.32193963
Training,syn_n100_k10_cluster_corr_skewed_high_vol_r01_s20260697,10,theta_175,1.1131327868320482,0.014566511980924313,0.8841666666666667,0.02669253165323697,0.8819237325281714,3.408483716666667
Training,syn_n100_k10_cluster_corr_skewed_high_vol_r01_s20260697,10,theta_189,1.1131327868320482,0.014566511980924313,0.8841666666666667,0.02669253165323697,0.8819237325281714,3.1628177266666673
Training,syn_n100_k10_cluster_corr_skewed_high_vol_r01_s20260697,10,theta_200,1.1167935298128466,0.012800896245515158,0.9394444444444444,0.026637730131043445,0.8979913448404531,7.13437056
Training,syn_n100_k10_cluster_corr_skewed_high_vol_r01_s20260697,10,theta_223,1.0976734388661729,0.02180522958604723,0.8194444444444446,0.04646772341268239,0.87463631470325,7.372028960000001
Training,syn_n100_k10_cluster_corr_skewed_high_vol_r01_s20260697,10,theta_234,1.0976734388661729,0.02180522958604723,0.8194444444444446,0.04646772341268239,0.87463631470325,7.326200180000002
Training,syn_n100_k10_cluster_corr_skewed_high_vol_r01_s20260697,10,theta_237,1.0976734388661729,0.02180522958604723,0.8194444444444446,0.04646772341268239,0.87463631470325,3.271548416666666
Training,syn_n100_k10_high_corr_heavy_tail_extreme_events_r01_s20260688,10,theta_011,1.1617309587576456,0.011698952018633975,0.8136111111111112,0.02657945710089572,0.395540809153667,1.43060492
Training,syn_n100_k10_high_corr_heavy_tail_extreme_events_r01_s20260688,10,theta_034,1.1336927748850956,0.03905393782187912,0.8222222222222224,0.07666534358298377,0.4633763043419173,2.4858362966666667
Training,syn_n100_k10_high_corr_heavy_tail_extreme_events_r01_s20260688,10,theta_037,1.1336927748850956,0.03905393782187912,0.8222222222222224,0.07666534358298377,0.4633763043419173,2.3817436666666665
Training,syn_n100_k10_high_corr_heavy_tail_extreme_events_r01_s20260688,10,theta_045,1.1336927748850956,0.03905393782187912,0.8222222222222224,0.07666534358298377,0.4633763043419173,2.8694440933333336
Training,syn_n100_k10_high_corr_heavy_tail_extreme_events_r01_s20260688,10,theta_047,1.1336927748850956,0.03905393782187912,0.8222222222222224,0.07666534358298377,0.4633763043419173,3.615120923333334
Training,syn_n100_k10_high_corr_heavy_tail_extreme_events_r01_s20260688,10,theta_067,1.1732195398782923,0.005300325494773279,0.9236111111111112,0.019538832284190486,0.43019701112564596,3.3470683866666673
Training,syn_n100_k10_high_corr_heavy_tail_extreme_events_r01_s20260688,10,theta_076,1.1732195398782923,0.005300325494773279,0.9236111111111112,0.019538832284190486,0.43019701112564596,3.1024819666666668
Training,syn_n100_k10_high_corr_heavy_tail_extreme_events_r01_s20260688,10,theta_078,1.1732195398782923,0.005300325494773279,0.9236111111111112,0.019538832284190486,0.43019701112564596,3.190744986666667
Training,syn_n100_k10_high_corr_heavy_tail_extreme_events_r01_s20260688,10,theta_084,1.1628149565755037,0.010832866576514558,0.8172222222222222,0.023371634893398816,0.4056877084955157,2.298195146666666
Training,syn_n100_k10_high_corr_heavy_tail_extreme_events_r01_s20260688,10,theta_086,1.1628149565755037,0.010832866576514558,0.8172222222222222,0.023371634893398816,0.4056877084955157,2.329779006666667
Training,syn_n100_k10_high_corr_heavy_tail_extreme_events_r01_s20260688,10,theta_089,1.1628149565755037,0.010832866576514558,0.8172222222222222,0.023371634893398816,0.4056877084955157,3.263996133333333
Training,syn_n100_k10_high_corr_heavy_tail_extreme_events_r01_s20260688,10,theta_118,1.1349884873737848,0.03779297420521861,0.8527777777777779,0.07751345772046546,0.4587184287556455,3.21908779
Training,syn_n100_k10_high_corr_heavy_tail_extreme_events_r01_s20260688,10,theta_131,1.1349884873737848,0.03779297420521861,0.8527777777777779,0.07751345772046546,0.4587184287556455,3.282889993333333
Training,syn_n100_k10_high_corr_heavy_tail_extreme_events_r01_s20260688,10,theta_132,1.1349884873737848,0.03779297420521861,0.8527777777777779,0.07751345772046546,0.4587184287556455,3.711824613333334
Training,syn_n100_k10_high_corr_heavy_tail_extreme_events_r01_s20260688,10,theta_144,1.1742849504003265,0.005856442712050699,0.908888888888889,0.020037734191246086,0.4385403692278795,4.068514703333333
Training,syn_n100_k10_high_corr_heavy_tail_extreme_events_r01_s20260688,10,theta_159,1.1742849504003265,0.005856442712050699,0.908888888888889,0.020037734191246086,0.4385403692278795,3.0369249233333337
Training,syn_n100_k10_high_corr_heavy_tail_extreme_events_r01_s20260688,10,theta_164,1.1459546213872722,0.026723384909224778,0.7780555555555556,0.04840881394135838,0.4250445346987349,3.084795463333333
Training,syn_n100_k10_high_corr_heavy_tail_extreme_events_r01_s20260688,10,theta_170,1.1459546213872722,0.026723384909224778,0.7780555555555556,0.04840881394135838,0.4250445346987349,3.186465896666666
Training,syn_n100_k10_high_corr_heavy_tail_extreme_events_r01_s20260688,10,theta_175,1.1459546213872722,0.026723384909224778,0.7780555555555556,0.04840881394135838,0.4250445346987349,3.095135756666667
Training,syn_n100_k10_high_corr_heavy_tail_extreme_events_r01_s20260688,10,theta_189,1.1459546213872722,0.026723384909224778,0.7780555555555556,0.04840881394135838,0.4250445346987349,2.93854064
Training,syn_n100_k10_high_corr_heavy_tail_extreme_events_r01_s20260688,10,theta_200,1.1489118081666958,0.022794077106217326,0.8522222222222223,0.050848431322666726,0.443631026372479,8.061748196666667
Training,syn_n100_k10_high_corr_heavy_tail_extreme_events_r01_s20260688,10,theta_223,1.1518516555295066,0.024667571370376836,0.8219444444444445,0.04643926190320049,0.4545174739838681,7.324319813333334
Training,syn_n100_k10_high_corr_heavy_tail_extreme_events_r01_s20260688,10,theta_234,1.1518516555295066,0.024667571370376836,0.8219444444444445,0.04643926190320049,0.4545174739838681,7.299044543333333
Training,syn_n100_k10_high_corr_heavy_tail_extreme_events_r01_s20260688,10,theta_237,1.1518516555295066,0.024667571370376836,0.8219444444444445,0.04643926190320049,0.4545174739838681,3.342599259999999
Training,syn_n100_k10_high_corr_mixed_high_vol_r02_s20260692,10,theta_011,1.1339721760164119,0.0476135181574924,0.7588888888888888,0.09688263504270991,0.8087116662749505,1.5942293200000004
Training,syn_n100_k10_high_corr_mixed_high_vol_r02_s20260692,10,theta_034,1.1399739550480323,0.03392507967972626,0.7716666666666667,0.06974862506851762,0.8493983539304936,2.3172745566666664
Training,syn_n100_k10_high_corr_mixed_high_vol_r02_s20260692,10,theta_037,1.1399739550480323,0.03392507967972626,0.7716666666666667,0.06974862506851762,0.8493983539304936,2.2433345633333337
Training,syn_n100_k10_high_corr_mixed_high_vol_r02_s20260692,10,theta_045,1.1399739550480323,0.03392507967972626,0.7716666666666667,0.06974862506851762,0.8493983539304936,2.7074640066666666
Training,syn_n100_k10_high_corr_mixed_high_vol_r02_s20260692,10,theta_047,1.1399739550480323,0.03392507967972626,0.7716666666666667,0.06974862506851762,0.8493983539304936,3.4815221133333334
Training,syn_n100_k10_high_corr_mixed_high_vol_r02_s20260692,10,theta_067,1.145413594073212,0.03518007236805177,0.8275000000000001,0.07340319959897369,0.7834927129165192,2.8589938933333334
Training,syn_n100_k10_high_corr_mixed_high_vol_r02_s20260692,10,theta_076,1.145413594073212,0.03518007236805177,0.8275000000000001,0.07340319959897369,0.7834927129165192,3.0999357533333334
Training,syn_n100_k10_high_corr_mixed_high_vol_r02_s20260692,10,theta_078,1.145413594073212,0.03518007236805177,0.8275000000000001,0.07340319959897369,0.7834927129165192,3.0917974700000004
Training,syn_n100_k10_high_corr_mixed_high_vol_r02_s20260692,10,theta_084,1.1445109564978195,0.029492977654557127,0.7550000000000001,0.0641471321825208,0.8364514121617636,2.6260467466666664
Training,syn_n100_k10_high_corr_mixed_high_vol_r02_s20260692,10,theta_086,1.1445109564978195,0.029492977654557127,0.7550000000000001,0.0641471321825208,0.8364514121617636,2.5174835133333335
Training,syn_n100_k10_high_corr_mixed_high_vol_r02_s20260692,10,theta_089,1.1445109564978195,0.029492977654557127,0.7550000000000001,0.0641471321825208,0.8364514121617636,3.755621446666667
Training,syn_n100_k10_high_corr_mixed_high_vol_r02_s20260692,10,theta_118,1.139048489424353,0.03295302056582603,0.7761111111111112,0.08778461895364288,0.8911535227305968,3.188970420000001
Training,syn_n100_k10_high_corr_mixed_high_vol_r02_s20260692,10,theta_131,1.139048489424353,0.03295302056582603,0.7761111111111112,0.08778461895364288,0.8911535227305968,3.0525302433333326
Training,syn_n100_k10_high_corr_mixed_high_vol_r02_s20260692,10,theta_132,1.139048489424353,0.03295302056582603,0.7761111111111112,0.08778461895364288,0.8911535227305968,3.3724126766666656
Training,syn_n100_k10_high_corr_mixed_high_vol_r02_s20260692,10,theta_144,1.1421683835656289,0.03174938066466094,0.7622222222222221,0.08415198976419633,0.8444038412006847,3.4661619399999997
Training,syn_n100_k10_high_corr_mixed_high_vol_r02_s20260692,10,theta_159,1.1421683835656289,0.03174938066466094,0.7622222222222221,0.08415198976419633,0.8444038412006847,3.4162172699999998
Training,syn_n100_k10_high_corr_mixed_high_vol_r02_s20260692,10,theta_164,1.1337526384200607,0.04532101036804866,0.6622222222222223,0.09029434512500231,0.8094889510151885,3.315077903333333
Training,syn_n100_k10_high_corr_mixed_high_vol_r02_s20260692,10,theta_170,1.1337526384200607,0.04532101036804866,0.6622222222222223,0.09029434512500231,0.8094889510151885,3.3482730400000005
Training,syn_n100_k10_high_corr_mixed_high_vol_r02_s20260692,10,theta_175,1.1337526384200607,0.04532101036804866,0.6622222222222223,0.09029434512500231,0.8094889510151885,3.2584768499999996
Training,syn_n100_k10_high_corr_mixed_high_vol_r02_s20260692,10,theta_189,1.1337526384200607,0.04532101036804866,0.6622222222222223,0.09029434512500231,0.8094889510151885,3.232683316666667
Training,syn_n100_k10_high_corr_mixed_high_vol_r02_s20260692,10,theta_200,1.1376772376832518,0.04355285891719549,0.7691666666666667,0.08327796466250238,0.8139120081841568,7.367264003333332
Training,syn_n100_k10_high_corr_mixed_high_vol_r02_s20260692,10,theta_223,1.1399513466532496,0.03638494364060228,0.7875,0.08099689301102277,0.8436746969721263,7.044872233333334
Training,syn_n100_k10_high_corr_mixed_high_vol_r02_s20260692,10,theta_234,1.1399513466532496,0.03638494364060228,0.7875,0.08099689301102277,0.8436746969721263,7.039157373333334
Training,syn_n100_k10_high_corr_mixed_high_vol_r02_s20260692,10,theta_237,1.1399513466532496,0.03638494364060228,0.7875,0.08099689301102277,0.8436746969721263,3.2360751933333334
Training,syn_n100_k10_high_corr_normal_low_vol_r03_s20260698,10,theta_011,1.1370965016107588,0.01378452026959553,0.8133333333333334,0.02651456435908646,0.6602411908536439,1.6764083033333332
Training,syn_n100_k10_high_corr_normal_low_vol_r03_s20260698,10,theta_034,1.1408380610851876,0.012745802375607993,0.8033333333333333,0.03179331265051174,0.7561690914199221,2.490459276666667
Training,syn_n100_k10_high_corr_normal_low_vol_r03_s20260698,10,theta_037,1.1408380610851876,0.012745802375607993,0.8033333333333333,0.03179331265051174,0.7561690914199221,2.4237985866666674
Training,syn_n100_k10_high_corr_normal_low_vol_r03_s20260698,10,theta_045,1.1408380610851876,0.012745802375607993,0.8033333333333333,0.03179331265051174,0.7561690914199221,2.8590993166666667
Training,syn_n100_k10_high_corr_normal_low_vol_r03_s20260698,10,theta_047,1.1408380610851876,0.012745802375607993,0.8033333333333333,0.03179331265051174,0.7561690914199221,3.726548173333334
Training,syn_n100_k10_high_corr_normal_low_vol_r03_s20260698,10,theta_067,1.1340839587306561,0.01596919116575126,0.8205555555555556,0.031041746709506105,0.7581777109631184,4.343324063333333
Training,syn_n100_k10_high_corr_normal_low_vol_r03_s20260698,10,theta_076,1.1340839587306561,0.01596919116575126,0.8205555555555556,0.031041746709506105,0.7581777109631184,3.265505196666666
Training,syn_n100_k10_high_corr_normal_low_vol_r03_s20260698,10,theta_078,1.1340839587306561,0.01596919116575126,0.8205555555555556,0.031041746709506105,0.7581777109631184,3.230132473333333
Training,syn_n100_k10_high_corr_normal_low_vol_r03_s20260698,10,theta_084,1.1406753911998782,0.011903008838306767,0.8522222222222222,0.02471834185146576,0.6847787501820103,2.7699797399999997
Training,syn_n100_k10_high_corr_normal_low_vol_r03_s20260698,10,theta_086,1.1406753911998782,0.011903008838306767,0.8522222222222222,0.02471834185146576,0.6847787501820103,2.665216219999999
Training,syn_n100_k10_high_corr_normal_low_vol_r03_s20260698,10,theta_089,1.1406753911998782,0.011903008838306767,0.8522222222222222,0.02471834185146576,0.6847787501820103,3.6859736466666666
Training,syn_n100_k10_high_corr_normal_low_vol_r03_s20260698,10,theta_118,1.1370948619501136,0.01425482090565362,0.8805555555555556,0.03879340908342621,0.7605790128105588,3.36009759
Training,syn_n100_k10_high_corr_normal_low_vol_r03_s20260698,10,theta_131,1.1370948619501136,0.01425482090565362,0.8805555555555556,0.03879340908342621,0.7605790128105588,3.2536277166666663
Training,syn_n100_k10_high_corr_normal_low_vol_r03_s20260698,10,theta_132,1.1370948619501136,0.01425482090565362,0.8805555555555556,0.03879340908342621,0.7605790128105588,3.2111194233333333
Training,syn_n100_k10_high_corr_normal_low_vol_r03_s20260698,10,theta_144,1.1440611034231059,0.008025163876663346,0.9105555555555556,0.02728356314947618,0.7344316155068937,3.4657623366666668
Training,syn_n100_k10_high_corr_normal_low_vol_r03_s20260698,10,theta_159,1.1440611034231059,0.008025163876663346,0.9105555555555556,0.02728356314947618,0.7344316155068937,2.9496731999999994
Training,syn_n100_k10_high_corr_normal_low_vol_r03_s20260698,10,theta_164,1.1396733527753788,0.012691980921020297,0.8327777777777778,0.027802246845429788,0.6964198619000902,3.2482291666666665
Training,syn_n100_k10_high_corr_normal_low_vol_r03_s20260698,10,theta_170,1.1396733527753788,0.012691980921020297,0.8327777777777778,0.027802246845429788,0.6964198619000902,3.2800529566666663
Training,syn_n100_k10_high_corr_normal_low_vol_r03_s20260698,10,theta_175,1.1396733527753788,0.012691980921020297,0.8327777777777778,0.027802246845429788,0.6964198619000902,3.431310856666667
Training,syn_n100_k10_high_corr_normal_low_vol_r03_s20260698,10,theta_189,1.1396733527753788,0.012691980921020297,0.8327777777777778,0.027802246845429788,0.6964198619000902,3.439740566666666
Training,syn_n100_k10_high_corr_normal_low_vol_r03_s20260698,10,theta_200,1.1365205391934272,0.015799177819211186,0.8425,0.040393128875308555,0.7684613138798314,7.767502276666667
Training,syn_n100_k10_high_corr_normal_low_vol_r03_s20260698,10,theta_223,1.1425211597220792,0.009911300781542369,0.8780555555555555,0.03282208453436455,0.7256381385942864,7.4569024766666665
Training,syn_n100_k10_high_corr_normal_low_vol_r03_s20260698,10,theta_234,1.1425211597220792,0.009911300781542369,0.8780555555555555,0.03282208453436455,0.7256381385942864,7.504086263333333
Training,syn_n100_k10_high_corr_normal_low_vol_r03_s20260698,10,theta_237,1.1425211597220792,0.009911300781542369,0.8780555555555555,0.03282208453436455,0.7256381385942864,3.324090633333334
Training,syn_n100_k10_low_corr_heavy_tail_high_vol_r03_s20260695,10,theta_011,1.0037775002814018,0.0485764039158153,0.8141666666666667,0.06852812106953289,1.1622595060897047,1.7265640899999999
Training,syn_n100_k10_low_corr_heavy_tail_high_vol_r03_s20260695,10,theta_034,0.997253026164541,0.05157494759264969,0.5772222222222222,0.08611871855851765,1.1619771850423204,2.368848223333333
Training,syn_n100_k10_low_corr_heavy_tail_high_vol_r03_s20260695,10,theta_037,0.997253026164541,0.05157494759264969,0.5772222222222222,0.08611871855851765,1.1619771850423204,2.3969150999999997
Training,syn_n100_k10_low_corr_heavy_tail_high_vol_r03_s20260695,10,theta_045,0.997253026164541,0.05157494759264969,0.5772222222222222,0.08611871855851765,1.1619771850423204,2.872472486666667
Training,syn_n100_k10_low_corr_heavy_tail_high_vol_r03_s20260695,10,theta_047,0.997253026164541,0.05157494759264969,0.5772222222222222,0.08611871855851765,1.1619771850423204,3.6456355700000005
Training,syn_n100_k10_low_corr_heavy_tail_high_vol_r03_s20260695,10,theta_067,0.9971449519102605,0.05173283451110527,0.6244444444444445,0.09778344311849861,1.1364439790784782,5.50732407
Training,syn_n100_k10_low_corr_heavy_tail_high_vol_r03_s20260695,10,theta_076,0.9971449519102605,0.05173283451110527,0.6244444444444445,0.09778344311849861,1.1364439790784782,3.2469545366666663
Training,syn_n100_k10_low_corr_heavy_tail_high_vol_r03_s20260695,10,theta_078,0.9971449519102605,0.05173283451110527,0.6244444444444445,0.09778344311849861,1.1364439790784782,3.2743324899999995
Training,syn_n100_k10_low_corr_heavy_tail_high_vol_r03_s20260695,10,theta_084,1.0235967724573813,0.023463927177489914,0.8983333333333334,0.046431388334984135,1.2182603818994673,2.71360789
Training,syn_n100_k10_low_corr_heavy_tail_high_vol_r03_s20260695,10,theta_086,1.0235967724573813,0.023463927177489914,0.8983333333333334,0.046431388334984135,1.2182603818994673,2.6269521166666667
Training,syn_n100_k10_low_corr_heavy_tail_high_vol_r03_s20260695,10,theta_089,1.0235967724573813,0.023463927177489914,0.8983333333333334,0.046431388334984135,1.2182603818994673,3.644258586666666
Training,syn_n100_k10_low_corr_heavy_tail_high_vol_r03_s20260695,10,theta_118,1.007276453454937,0.0389827530057325,0.6183333333333334,0.0941401801619864,1.1820375469377642,3.288418426666667
Training,syn_n100_k10_low_corr_heavy_tail_high_vol_r03_s20260695,10,theta_131,1.007276453454937,0.0389827530057325,0.6183333333333334,0.0941401801619864,1.1820375469377642,2.952718963333333
Training,syn_n100_k10_low_corr_heavy_tail_high_vol_r03_s20260695,10,theta_132,1.007276453454937,0.0389827530057325,0.6183333333333334,0.0941401801619864,1.1820375469377642,3.1790968966666666
Training,syn_n100_k10_low_corr_heavy_tail_high_vol_r03_s20260695,10,theta_144,1.000830486184025,0.06069641418451946,0.5625,0.10193677900141056,1.0921463540410086,2.902158363333333
Training,syn_n100_k10_low_corr_heavy_tail_high_vol_r03_s20260695,10,theta_159,1.000830486184025,0.06069641418451946,0.5625,0.10193677900141056,1.0921463540410086,2.9178577400000005
Training,syn_n100_k10_low_corr_heavy_tail_high_vol_r03_s20260695,10,theta_164,1.0095491005385218,0.04100096448393295,0.8252777777777779,0.07035380826656559,1.2124078829255203,3.2864622433333333
Training,syn_n100_k10_low_corr_heavy_tail_high_vol_r03_s20260695,10,theta_170,1.0095491005385218,0.04100096448393295,0.8252777777777779,0.07035380826656559,1.2124078829255203,3.29420788
Training,syn_n100_k10_low_corr_heavy_tail_high_vol_r03_s20260695,10,theta_175,1.0095491005385218,0.04100096448393295,0.8252777777777779,0.07035380826656559,1.2124078829255203,3.34592258
Training,syn_n100_k10_low_corr_heavy_tail_high_vol_r03_s20260695,10,theta_189,1.0095491005385218,0.04100096448393295,0.8252777777777779,0.07035380826656559,1.2124078829255203,3.3355530233333335
Training,syn_n100_k10_low_corr_heavy_tail_high_vol_r03_s20260695,10,theta_200,1.0071197318658272,0.031219828571235713,0.776388888888889,0.05476834430106254,1.2651153541182,7.8465982033333335
Training,syn_n100_k10_low_corr_heavy_tail_high_vol_r03_s20260695,10,theta_223,0.9983505554400621,0.05834836226068896,0.6677777777777779,0.09572231484996802,1.1300855026682384,7.472443033333334
Training,syn_n100_k10_low_corr_heavy_tail_high_vol_r03_s20260695,10,theta_234,0.9983505554400621,0.05834836226068896,0.6677777777777779,0.09572231484996802,1.1300855026682384,7.398657966666666
Training,syn_n100_k10_low_corr_heavy_tail_high_vol_r03_s20260695,10,theta_237,0.9983505554400621,0.05834836226068896,0.6677777777777779,0.09572231484996802,1.1300855026682384,3.3266140999999996
Training,syn_n100_k10_low_corr_normal_low_vol_r01_s20260690,10,theta_011,1.1091831090658935,0.037918069763299846,0.6377777777777777,0.03629050686775406,0.785225647787274,1.6281466633333337
Training,syn_n100_k10_low_corr_normal_low_vol_r01_s20260690,10,theta_034,1.1144818765664395,0.03009324617886897,0.6083333333333333,0.060734004598930164,0.8765236948272885,2.3468415966666663
Training,syn_n100_k10_low_corr_normal_low_vol_r01_s20260690,10,theta_037,1.1144818765664395,0.03009324617886897,0.6083333333333333,0.060734004598930164,0.8765236948272885,2.255412036666667
Training,syn_n100_k10_low_corr_normal_low_vol_r01_s20260690,10,theta_045,1.1144818765664395,0.03009324617886897,0.6083333333333333,0.060734004598930164,0.8765236948272885,2.675977223333333
Training,syn_n100_k10_low_corr_normal_low_vol_r01_s20260690,10,theta_047,1.1144818765664395,0.03009324617886897,0.6083333333333333,0.060734004598930164,0.8765236948272885,3.3572787633333334
Training,syn_n100_k10_low_corr_normal_low_vol_r01_s20260690,10,theta_067,1.0993872027147735,0.04232509910833625,0.5461111111111111,0.07118857458614047,0.8246560424943057,4.5160116766666665
Training,syn_n100_k10_low_corr_normal_low_vol_r01_s20260690,10,theta_076,1.0993872027147735,0.04232509910833625,0.5461111111111111,0.07118857458614047,0.8246560424943057,3.1407878933333335
Training,syn_n100_k10_low_corr_normal_low_vol_r01_s20260690,10,theta_078,1.0993872027147735,0.04232509910833625,0.5461111111111111,0.07118857458614047,0.8246560424943057,3.1498693200000005
Training,syn_n100_k10_low_corr_normal_low_vol_r01_s20260690,10,theta_084,1.1182543320135603,0.02856566188974184,0.6994444444444442,0.05325159912131734,0.8360101371248077,2.4616005866666666
Training,syn_n100_k10_low_corr_normal_low_vol_r01_s20260690,10,theta_086,1.1182543320135603,0.02856566188974184,0.6994444444444442,0.05325159912131734,0.8360101371248077,2.4059724600000005
Training,syn_n100_k10_low_corr_normal_low_vol_r01_s20260690,10,theta_089,1.1182543320135603,0.02856566188974184,0.6994444444444442,0.05325159912131734,0.8360101371248077,3.497152666666666
Training,syn_n100_k10_low_corr_normal_low_vol_r01_s20260690,10,theta_118,1.1157449138927094,0.028269900253471116,0.63,0.06118420167577005,0.8933234733954235,3.2980983366666665
Training,syn_n100_k10_low_corr_normal_low_vol_r01_s20260690,10,theta_131,1.1157449138927094,0.028269900253471116,0.63,0.06118420167577005,0.8933234733954235,3.1546651566666672
Training,syn_n100_k10_low_corr_normal_low_vol_r01_s20260690,10,theta_132,1.1157449138927094,0.028269900253471116,0.63,0.06118420167577005,0.8933234733954235,3.1209915499999994
Training,syn_n100_k10_low_corr_normal_low_vol_r01_s20260690,10,theta_144,1.0909534832514365,0.051251865730383386,0.5633333333333334,0.05656714278846295,0.8031164198150709,2.616288340000001
Training,syn_n100_k10_low_corr_normal_low_vol_r01_s20260690,10,theta_159,1.0909534832514365,0.051251865730383386,0.5633333333333334,0.05656714278846295,0.8031164198150709,3.05667979
Training,syn_n100_k10_low_corr_normal_low_vol_r01_s20260690,10,theta_164,1.1080891370144612,0.034417688566945576,0.6805555555555556,0.05476956577216177,0.8540444028913572,3.153231056666667
Training,syn_n100_k10_low_corr_normal_low_vol_r01_s20260690,10,theta_170,1.1080891370144612,0.034417688566945576,0.6805555555555556,0.05476956577216177,0.8540444028913572,3.2367593233333327
Training,syn_n100_k10_low_corr_normal_low_vol_r01_s20260690,10,theta_175,1.1080891370144612,0.034417688566945576,0.6805555555555556,0.05476956577216177,0.8540444028913572,3.2098082966666666
Training,syn_n100_k10_low_corr_normal_low_vol_r01_s20260690,10,theta_189,1.1080891370144612,0.034417688566945576,0.6805555555555556,0.05476956577216177,0.8540444028913572,3.090622413333334
Training,syn_n100_k10_low_corr_normal_low_vol_r01_s20260690,10,theta_200,1.1308158515992097,0.01884780138844374,0.7647222222222222,0.05893869825853994,0.9072980138135508,7.434418556666666
Training,syn_n100_k10_low_corr_normal_low_vol_r01_s20260690,10,theta_223,1.0901999312515267,0.05161792732173978,0.5847222222222223,0.07091454290058616,0.7942839196086057,7.1058285466666655
Training,syn_n100_k10_low_corr_normal_low_vol_r01_s20260690,10,theta_234,1.0901999312515267,0.05161792732173978,0.5847222222222223,0.07091454290058616,0.7942839196086057,6.741746969999999
Training,syn_n100_k10_low_corr_normal_low_vol_r01_s20260690,10,theta_237,1.0901999312515267,0.05161792732173978,0.5847222222222223,0.07091454290058616,0.7942839196086057,3.2264292533333334
Training,syn_n100_k10_low_corr_skewed_extreme_events_r02_s20260694,10,theta_011,1.0459033741780244,0.07448997682578547,0.5383333333333334,0.03976842128636735,0.9795203922858509,1.7071604266666667
Training,syn_n100_k10_low_corr_skewed_extreme_events_r02_s20260694,10,theta_034,1.0475654632227196,0.04007016874609529,0.5627777777777777,0.07057260121261542,1.1775338682659615,2.5068774633333337
Training,syn_n100_k10_low_corr_skewed_extreme_events_r02_s20260694,10,theta_037,1.0475654632227196,0.04007016874609529,0.5627777777777777,0.07057260121261542,1.1775338682659615,2.3779920199999998
Training,syn_n100_k10_low_corr_skewed_extreme_events_r02_s20260694,10,theta_045,1.0475654632227196,0.04007016874609529,0.5627777777777777,0.07057260121261542,1.1775338682659615,2.7977664100000004
Training,syn_n100_k10_low_corr_skewed_extreme_events_r02_s20260694,10,theta_047,1.0475654632227196,0.04007016874609529,0.5627777777777777,0.07057260121261542,1.1775338682659615,3.162642733333334
Training,syn_n100_k10_low_corr_skewed_extreme_events_r02_s20260694,10,theta_067,1.04634670462866,0.055493311831507346,0.5319444444444444,0.06460642784738578,1.0598563714358753,5.569628563333335
Training,syn_n100_k10_low_corr_skewed_extreme_events_r02_s20260694,10,theta_076,1.04634670462866,0.055493311831507346,0.5319444444444444,0.06460642784738578,1.0598563714358753,3.221625236666667
Training,syn_n100_k10_low_corr_skewed_extreme_events_r02_s20260694,10,theta_078,1.04634670462866,0.055493311831507346,0.5319444444444444,0.06460642784738578,1.0598563714358753,3.1933193233333332
Training,syn_n100_k10_low_corr_skewed_extreme_events_r02_s20260694,10,theta_084,1.0524474374404753,0.06510909505447979,0.5991666666666667,0.040198946974513,1.0183976977660967,2.52168441
Training,syn_n100_k10_low_corr_skewed_extreme_events_r02_s20260694,10,theta_086,1.0524474374404753,0.06510909505447979,0.5991666666666667,0.040198946974513,1.0183976977660967,2.5606339866666668
Training,syn_n100_k10_low_corr_skewed_extreme_events_r02_s20260694,10,theta_089,1.0524474374404753,0.06510909505447979,0.5991666666666667,0.040198946974513,1.0183976977660967,3.780306903333333
Training,syn_n100_k10_low_corr_skewed_extreme_events_r02_s20260694,10,theta_118,1.0500167737817074,0.03151293511509558,0.6041666666666667,0.06638507076136606,1.2064109099095766,3.279832753333333
Training,syn_n100_k10_low_corr_skewed_extreme_events_r02_s20260694,10,theta_131,1.0500167737817074,0.03151293511509558,0.6041666666666667,0.06638507076136606,1.2064109099095766,3.4836836699999996
Training,syn_n100_k10_low_corr_skewed_extreme_events_r02_s20260694,10,theta_132,1.0500167737817074,0.03151293511509558,0.6041666666666667,0.06638507076136606,1.2064109099095766,3.2156229766666664
Training,syn_n100_k10_low_corr_skewed_extreme_events_r02_s20260694,10,theta_144,1.0399773628512277,0.07365711277713452,0.5730555555555555,0.06749523825331766,1.0197662438709278,3.311361353333333
Training,syn_n100_k10_low_corr_skewed_extreme_events_r02_s20260694,10,theta_159,1.0399773628512277,0.07365711277713452,0.5730555555555555,0.06749523825331766,1.0197662438709278,2.79676002
Training,syn_n100_k10_low_corr_skewed_extreme_events_r02_s20260694,10,theta_164,1.0505115641148945,0.05623988894030171,0.5733333333333334,0.061474008480830414,1.0845367381118256,3.2874993433333333
Training,syn_n100_k10_low_corr_skewed_extreme_events_r02_s20260694,10,theta_170,1.0505115641148945,0.05623988894030171,0.5733333333333334,0.061474008480830414,1.0845367381118256,3.3025516733333338
Training,syn_n100_k10_low_corr_skewed_extreme_events_r02_s20260694,10,theta_175,1.0505115641148945,0.05623988894030171,0.5733333333333334,0.061474008480830414,1.0845367381118256,3.417558596666667
Training,syn_n100_k10_low_corr_skewed_extreme_events_r02_s20260694,10,theta_189,1.0505115641148945,0.05623988894030171,0.5733333333333334,0.061474008480830414,1.0845367381118256,5.708575606666667
Training,syn_n100_k10_low_corr_skewed_extreme_events_r02_s20260694,10,theta_200,1.0609502479389934,0.021667692097035444,0.6991666666666668,0.07035583853239956,1.2428687259502984,7.60172671
Training,syn_n100_k10_low_corr_skewed_extreme_events_r02_s20260694,10,theta_223,1.0433513203325482,0.0514091440810241,0.555,0.06521449527030539,1.1157384146229943,7.480253333333334
Training,syn_n100_k10_low_corr_skewed_extreme_events_r02_s20260694,10,theta_234,1.0433513203325482,0.0514091440810241,0.555,0.06521449527030539,1.1157384146229943,8.06656899
Training,syn_n100_k10_low_corr_skewed_extreme_events_r02_s20260694,10,theta_237,1.0433513203325482,0.0514091440810241,0.555,0.06521449527030539,1.1157384146229943,3.2564964900000004
Training,syn_n100_k10_pathological_cov_mixed_low_vol_r01_s20260691,10,theta_011,1.009913789479343,0.01263116475698685,0.8447222222222222,0.0325966730163348,1.1620018801179992,1.8465947299999999
Training,syn_n100_k10_pathological_cov_mixed_low_vol_r01_s20260691,10,theta_034,1.0069442944002174,0.013814618341822484,0.8158333333333333,0.04308050055034123,1.194785148700345,2.468140593333333
Training,syn_n100_k10_pathological_cov_mixed_low_vol_r01_s20260691,10,theta_037,1.0069442944002174,0.013814618341822484,0.8158333333333333,0.04308050055034123,1.194785148700345,2.6449966466666663
Training,syn_n100_k10_pathological_cov_mixed_low_vol_r01_s20260691,10,theta_045,1.0069442944002174,0.013814618341822484,0.8158333333333333,0.04308050055034123,1.194785148700345,2.935614516666667
Training,syn_n100_k10_pathological_cov_mixed_low_vol_r01_s20260691,10,theta_047,1.0069442944002174,0.013814618341822484,0.8158333333333333,0.04308050055034123,1.194785148700345,3.1868621266666657
Training,syn_n100_k10_pathological_cov_mixed_low_vol_r01_s20260691,10,theta_067,1.0048172546805028,0.017832283180239227,0.8311111111111111,0.05112559763598326,1.1498771999319657,4.680545526666667
Training,syn_n100_k10_pathological_cov_mixed_low_vol_r01_s20260691,10,theta_076,1.0048172546805028,0.017832283180239227,0.8311111111111111,0.05112559763598326,1.1498771999319657,3.3999147433333334
Training,syn_n100_k10_pathological_cov_mixed_low_vol_r01_s20260691,10,theta_078,1.0048172546805028,0.017832283180239227,0.8311111111111111,0.05112559763598326,1.1498771999319657,3.2620342100000004
Training,syn_n100_k10_pathological_cov_mixed_low_vol_r01_s20260691,10,theta_084,1.0066904942537502,0.017974774647654086,0.8394444444444445,0.03164373924929886,1.1541431836209168,2.73039658
Training,syn_n100_k10_pathological_cov_mixed_low_vol_r01_s20260691,10,theta_086,1.0066904942537502,0.017974774647654086,0.8394444444444445,0.03164373924929886,1.1541431836209168,2.7240267699999996
Training,syn_n100_k10_pathological_cov_mixed_low_vol_r01_s20260691,10,theta_089,1.0066904942537502,0.017974774647654086,0.8394444444444445,0.03164373924929886,1.1541431836209168,3.9598747500000004
Training,syn_n100_k10_pathological_cov_mixed_low_vol_r01_s20260691,10,theta_118,1.0118559639015168,0.011003317005752893,0.8686111111111112,0.02937670009174504,1.1899070305224095,3.0125210566666665
Training,syn_n100_k10_pathological_cov_mixed_low_vol_r01_s20260691,10,theta_131,1.0118559639015168,0.011003317005752893,0.8686111111111112,0.02937670009174504,1.1899070305224095,3.7533262266666667
Training,syn_n100_k10_pathological_cov_mixed_low_vol_r01_s20260691,10,theta_132,1.0118559639015168,0.011003317005752893,0.8686111111111112,0.02937670009174504,1.1899070305224095,3.172402936666667
Training,syn_n100_k10_pathological_cov_mixed_low_vol_r01_s20260691,10,theta_144,1.0132516483730059,0.009879519483299739,0.9027777777777778,0.018741392062561958,1.1883596413499846,3.9216829800000004
Training,syn_n100_k10_pathological_cov_mixed_low_vol_r01_s20260691,10,theta_159,1.0132516483730059,0.009879519483299739,0.9027777777777778,0.018741392062561958,1.1883596413499846,3.6749517833333343
Training,syn_n100_k10_pathological_cov_mixed_low_vol_r01_s20260691,10,theta_164,1.0070855343679819,0.020855572209003085,0.8419444444444445,0.04858919756049088,1.1325361978817403,3.60819017
Training,syn_n100_k10_pathological_cov_mixed_low_vol_r01_s20260691,10,theta_170,1.0070855343679819,0.020855572209003085,0.8419444444444445,0.04858919756049088,1.1325361978817403,3.56958762
Training,syn_n100_k10_pathological_cov_mixed_low_vol_r01_s20260691,10,theta_175,1.0070855343679819,0.020855572209003085,0.8419444444444445,0.04858919756049088,1.1325361978817403,3.7404981000000004
Training,syn_n100_k10_pathological_cov_mixed_low_vol_r01_s20260691,10,theta_189,1.0070855343679819,0.020855572209003085,0.8419444444444445,0.04858919756049088,1.1325361978817403,5.96976929
Training,syn_n100_k10_pathological_cov_mixed_low_vol_r01_s20260691,10,theta_200,1.0075600224221601,0.013223170039383452,0.825,0.030173879537088295,1.188455855671102,7.8220659233333345
Training,syn_n100_k10_pathological_cov_mixed_low_vol_r01_s20260691,10,theta_223,1.005351956670023,0.015365399014290449,0.8086111111111112,0.04026786961571226,1.1766722515558397,7.681972876666666
Training,syn_n100_k10_pathological_cov_mixed_low_vol_r01_s20260691,10,theta_234,1.005351956670023,0.015365399014290449,0.8086111111111112,0.04026786961571226,1.1766722515558397,8.32471048
Training,syn_n100_k10_pathological_cov_mixed_low_vol_r01_s20260691,10,theta_237,1.005351956670023,0.015365399014290449,0.8086111111111112,0.04026786961571226,1.1766722515558397,3.50864157
Training,syn_n100_k10_pathological_cov_normal_extreme_events_r02_s20260687,10,theta_011,1.0191633262432753,0.033410565787109534,0.745,0.04931241555522199,1.0448967267695146,1.9216053566666667
Training,syn_n100_k10_pathological_cov_normal_extreme_events_r02_s20260687,10,theta_034,1.0170294973048315,0.025136953031249454,0.7383333333333334,0.03881451347225896,1.1200646639033993,2.4596512366666663
Training,syn_n100_k10_pathological_cov_normal_extreme_events_r02_s20260687,10,theta_037,1.0170294973048315,0.025136953031249454,0.7383333333333334,0.03881451347225896,1.1200646639033993,2.452453556666667
Training,syn_n100_k10_pathological_cov_normal_extreme_events_r02_s20260687,10,theta_045,1.0170294973048315,0.025136953031249454,0.7383333333333334,0.03881451347225896,1.1200646639033993,2.9994412166666664
Training,syn_n100_k10_pathological_cov_normal_extreme_events_r02_s20260687,10,theta_047,1.0170294973048315,0.025136953031249454,0.7383333333333334,0.03881451347225896,1.1200646639033993,3.1381433700000003
Training,syn_n100_k10_pathological_cov_normal_extreme_events_r02_s20260687,10,theta_067,1.027430751700984,0.025712381099934453,0.8319444444444445,0.0408898834817563,1.0817014642244351,2.69619287
Training,syn_n100_k10_pathological_cov_normal_extreme_events_r02_s20260687,10,theta_076,1.027430751700984,0.025712381099934453,0.8319444444444445,0.0408898834817563,1.0817014642244351,3.351134446666667
Training,syn_n100_k10_pathological_cov_normal_extreme_events_r02_s20260687,10,theta_078,1.027430751700984,0.025712381099934453,0.8319444444444445,0.0408898834817563,1.0817014642244351,3.422474306666667
Training,syn_n100_k10_pathological_cov_normal_extreme_events_r02_s20260687,10,theta_084,1.021484414296256,0.03142838010871245,0.7583333333333334,0.05454952283178568,1.0674148287304088,2.8087384566666667
Training,syn_n100_k10_pathological_cov_normal_extreme_events_r02_s20260687,10,theta_086,1.021484414296256,0.03142838010871245,0.7583333333333334,0.05454952283178568,1.0674148287304088,2.7706319266666672
Training,syn_n100_k10_pathological_cov_normal_extreme_events_r02_s20260687,10,theta_089,1.021484414296256,0.03142838010871245,0.7583333333333334,0.05454952283178568,1.0674148287304088,3.910363523333333
Training,syn_n100_k10_pathological_cov_normal_extreme_events_r02_s20260687,10,theta_118,1.0260144648394667,0.01878446990326209,0.8236111111111111,0.05192721534155141,1.175494271774845,3.640221939999999
Training,syn_n100_k10_pathological_cov_normal_extreme_events_r02_s20260687,10,theta_131,1.0260144648394667,0.01878446990326209,0.8236111111111111,0.05192721534155141,1.175494271774845,3.626939956666667
Training,syn_n100_k10_pathological_cov_normal_extreme_events_r02_s20260687,10,theta_132,1.0260144648394667,0.01878446990326209,0.8236111111111111,0.05192721534155141,1.175494271774845,3.437329773333333
Training,syn_n100_k10_pathological_cov_normal_extreme_events_r02_s20260687,10,theta_144,1.027533177152228,0.023619509625131988,0.8297222222222224,0.038707650770710825,1.1094227196406918,5.45593704
Training,syn_n100_k10_pathological_cov_normal_extreme_events_r02_s20260687,10,theta_159,1.027533177152228,0.023619509625131988,0.8297222222222224,0.038707650770710825,1.1094227196406918,3.627830583333333
Training,syn_n100_k10_pathological_cov_normal_extreme_events_r02_s20260687,10,theta_164,1.0199223544076148,0.028575803948634862,0.7338888888888889,0.054020217156232744,1.0943677261821536,3.5418726500000006
Training,syn_n100_k10_pathological_cov_normal_extreme_events_r02_s20260687,10,theta_170,1.0199223544076148,0.028575803948634862,0.7338888888888889,0.054020217156232744,1.0943677261821536,3.589647326666667
Training,syn_n100_k10_pathological_cov_normal_extreme_events_r02_s20260687,10,theta_175,1.0199223544076148,0.028575803948634862,0.7338888888888889,0.054020217156232744,1.0943677261821536,3.5748502366666677
Training,syn_n100_k10_pathological_cov_normal_extreme_events_r02_s20260687,10,theta_189,1.0199223544076148,0.028575803948634862,0.7338888888888889,0.054020217156232744,1.0943677261821536,6.039068716666666
Training,syn_n100_k10_pathological_cov_normal_extreme_events_r02_s20260687,10,theta_200,1.02248507465667,0.02642345156130856,0.7663888888888889,0.05298898013699227,1.1068786250997487,8.22305307
Training,syn_n100_k10_pathological_cov_normal_extreme_events_r02_s20260687,10,theta_223,1.0246016656817205,0.021134605970317084,0.798888888888889,0.04706773063218283,1.1490962155006674,7.687852250000001
Training,syn_n100_k10_pathological_cov_normal_extreme_events_r02_s20260687,10,theta_234,1.0246016656817205,0.021134605970317084,0.798888888888889,0.04706773063218283,1.1490962155006674,8.360611623333334
Training,syn_n100_k10_pathological_cov_normal_extreme_events_r02_s20260687,10,theta_237,1.0246016656817205,0.021134605970317084,0.798888888888889,0.04706773063218283,1.1490962155006674,3.414184196666667
Training,syn_n100_k10_pathological_cov_skewed_high_vol_r03_s20260696,10,theta_011,1.1392525968878684,0.028902559301741466,0.8169444444444444,0.06651897617852806,0.968178073373029,1.6174699399999997
Training,syn_n100_k10_pathological_cov_skewed_high_vol_r03_s20260696,10,theta_034,1.1299341434160637,0.041086125852006466,0.7794444444444444,0.10468818613599133,0.9321698735959126,2.3820591199999996
Training,syn_n100_k10_pathological_cov_skewed_high_vol_r03_s20260696,10,theta_037,1.1299341434160637,0.041086125852006466,0.7794444444444444,0.10468818613599133,0.9321698735959126,2.366619233333333
Training,syn_n100_k10_pathological_cov_skewed_high_vol_r03_s20260696,10,theta_045,1.1299341434160637,0.041086125852006466,0.7794444444444444,0.10468818613599133,0.9321698735959126,2.7921392000000003
Training,syn_n100_k10_pathological_cov_skewed_high_vol_r03_s20260696,10,theta_047,1.1299341434160637,0.041086125852006466,0.7794444444444444,0.10468818613599133,0.9321698735959126,3.09219323
Training,syn_n100_k10_pathological_cov_skewed_high_vol_r03_s20260696,10,theta_067,1.1397968624561017,0.02359945491428839,0.871388888888889,0.05756110333890071,0.9948541994191593,3.6865102499999995
Training,syn_n100_k10_pathological_cov_skewed_high_vol_r03_s20260696,10,theta_076,1.1397968624561017,0.02359945491428839,0.871388888888889,0.05756110333890071,0.9948541994191593,3.24035018
Training,syn_n100_k10_pathological_cov_skewed_high_vol_r03_s20260696,10,theta_078,1.1397968624561017,0.02359945491428839,0.871388888888889,0.05756110333890071,0.9948541994191593,3.1252808900000004
Training,syn_n100_k10_pathological_cov_skewed_high_vol_r03_s20260696,10,theta_084,1.1409230244779622,0.025086034494431177,0.8597222222222223,0.0835438260538636,0.9755543446465663,2.4767140166666666
Training,syn_n100_k10_pathological_cov_skewed_high_vol_r03_s20260696,10,theta_086,1.1409230244779622,0.025086034494431177,0.8597222222222223,0.0835438260538636,0.9755543446465663,2.493527559999999
Training,syn_n100_k10_pathological_cov_skewed_high_vol_r03_s20260696,10,theta_089,1.1409230244779622,0.025086034494431177,0.8597222222222223,0.0835438260538636,0.9755543446465663,3.5559116833333335
Training,syn_n100_k10_pathological_cov_skewed_high_vol_r03_s20260696,10,theta_118,1.1398889462594561,0.017885722737765022,0.8608333333333336,0.05365871400987251,1.0093672694554514,3.3382345566666674
Training,syn_n100_k10_pathological_cov_skewed_high_vol_r03_s20260696,10,theta_131,1.1398889462594561,0.017885722737765022,0.8608333333333336,0.05365871400987251,1.0093672694554514,3.3065952700000003
Training,syn_n100_k10_pathological_cov_skewed_high_vol_r03_s20260696,10,theta_132,1.1398889462594561,0.017885722737765022,0.8608333333333336,0.05365871400987251,1.0093672694554514,3.291540956666667
Training,syn_n100_k10_pathological_cov_skewed_high_vol_r03_s20260696,10,theta_144,1.1402325724386473,0.026693699832527357,0.8775,0.07524256016069156,0.9494989748572673,5.739776336666667
Training,syn_n100_k10_pathological_cov_skewed_high_vol_r03_s20260696,10,theta_159,1.1402325724386473,0.026693699832527357,0.8775,0.07524256016069156,0.9494989748572673,3.45720878
Training,syn_n100_k10_pathological_cov_skewed_high_vol_r03_s20260696,10,theta_164,1.1357098129396226,0.0375099928016506,0.7936111111111113,0.10567773342661106,0.9225580889413872,3.249659946666668
Training,syn_n100_k10_pathological_cov_skewed_high_vol_r03_s20260696,10,theta_170,1.1357098129396226,0.0375099928016506,0.7936111111111113,0.10567773342661106,0.9225580889413872,3.37630911
Training,syn_n100_k10_pathological_cov_skewed_high_vol_r03_s20260696,10,theta_175,1.1357098129396226,0.0375099928016506,0.7936111111111113,0.10567773342661106,0.9225580889413872,3.3086182833333333
Training,syn_n100_k10_pathological_cov_skewed_high_vol_r03_s20260696,10,theta_189,1.1357098129396226,0.0375099928016506,0.7936111111111113,0.10567773342661106,0.9225580889413872,5.516362326666666
Training,syn_n100_k10_pathological_cov_skewed_high_vol_r03_s20260696,10,theta_200,1.1339735022913648,0.02484358070366096,0.8236111111111112,0.0673664663110201,1.0159739660629887,8.08526087
Training,syn_n100_k10_pathological_cov_skewed_high_vol_r03_s20260696,10,theta_223,1.1385035385165228,0.024149654276443125,0.8486111111111111,0.08615441044724684,0.9573754395743435,7.353657543333333
Training,syn_n100_k10_pathological_cov_skewed_high_vol_r03_s20260696,10,theta_234,1.1385035385165228,0.024149654276443125,0.8486111111111111,0.08615441044724684,0.9573754395743435,7.962574836666667
Training,syn_n100_k10_pathological_cov_skewed_high_vol_r03_s20260696,10,theta_237,1.1385035385165228,0.024149654276443125,0.8486111111111111,0.08615441044724684,0.9573754395743435,3.2427196199999995
Training,syn_n100_k20_cluster_corr_heavy_tail_low_vol_r02_s20260702,20,theta_011,0.9798268703180206,0.0241059023007364,0.8536111111111111,0.033206666174207804,0.9155483816983699,1.735286423333333
Training,syn_n100_k20_cluster_corr_heavy_tail_low_vol_r02_s20260702,20,theta_034,0.9641160701243405,0.03581741564311763,0.3561111111111111,0.05088654130656334,1.038844722058861,2.39147476
Training,syn_n100_k20_cluster_corr_heavy_tail_low_vol_r02_s20260702,20,theta_037,0.9641160701243405,0.03581741564311763,0.3561111111111111,0.05088654130656334,1.038844722058861,2.3798542100000004
Training,syn_n100_k20_cluster_corr_heavy_tail_low_vol_r02_s20260702,20,theta_045,0.9641160701243405,0.03581741564311763,0.3561111111111111,0.05088654130656334,1.038844722058861,2.9064007866666666
Training,syn_n100_k20_cluster_corr_heavy_tail_low_vol_r02_s20260702,20,theta_047,0.9641160701243405,0.03581741564311763,0.3561111111111111,0.05088654130656334,1.038844722058861,3.1108177799999996
Training,syn_n100_k20_cluster_corr_heavy_tail_low_vol_r02_s20260702,20,theta_067,0.9606412721776502,0.034629664785622946,0.47111111111111115,0.05593001546648055,0.9476452286250223,4.804130463333334
Training,syn_n100_k20_cluster_corr_heavy_tail_low_vol_r02_s20260702,20,theta_076,0.9606412721776502,0.034629664785622946,0.47111111111111115,0.05593001546648055,0.9476452286250223,3.2444894866666663
Training,syn_n100_k20_cluster_corr_heavy_tail_low_vol_r02_s20260702,20,theta_078,0.9606412721776502,0.034629664785622946,0.47111111111111115,0.05593001546648055,0.9476452286250223,3.501112193333333
Training,syn_n100_k20_cluster_corr_heavy_tail_low_vol_r02_s20260702,20,theta_084,0.9894190957529083,0.021470843526956374,0.8744444444444446,0.03486716313960163,0.938046827493049,2.4503967366666672
Training,syn_n100_k20_cluster_corr_heavy_tail_low_vol_r02_s20260702,20,theta_086,0.9894190957529083,0.021470843526956374,0.8744444444444446,0.03486716313960163,0.938046827493049,2.503355193333334
Training,syn_n100_k20_cluster_corr_heavy_tail_low_vol_r02_s20260702,20,theta_089,0.9894190957529083,0.021470843526956374,0.8744444444444446,0.03486716313960163,0.938046827493049,3.45613532
Training,syn_n100_k20_cluster_corr_heavy_tail_low_vol_r02_s20260702,20,theta_118,0.9705182271994703,0.034927911143081754,0.35722222222222216,0.05278588994599709,1.0939249745018025,3.3759561133333333
Training,syn_n100_k20_cluster_corr_heavy_tail_low_vol_r02_s20260702,20,theta_131,0.9705182271994703,0.034927911143081754,0.35722222222222216,0.05278588994599709,1.0939249745018025,3.31216214
Training,syn_n100_k20_cluster_corr_heavy_tail_low_vol_r02_s20260702,20,theta_132,0.9705182271994703,0.034927911143081754,0.35722222222222216,0.05278588994599709,1.0939249745018025,3.3585123300000004
Training,syn_n100_k20_cluster_corr_heavy_tail_low_vol_r02_s20260702,20,theta_144,0.9285633651486804,0.043541402692550586,0.5947222222222223,0.06477337586040319,0.8486033514217954,5.274000646666667
Training,syn_n100_k20_cluster_corr_heavy_tail_low_vol_r02_s20260702,20,theta_159,0.9285633651486804,0.043541402692550586,0.5947222222222223,0.06477337586040319,0.8486033514217954,3.5558960366666663
Training,syn_n100_k20_cluster_corr_heavy_tail_low_vol_r02_s20260702,20,theta_164,0.9920622504513495,0.0213633675900239,0.8602777777777777,0.03676057265120436,0.9875866580469829,3.1233422666666666
Training,syn_n100_k20_cluster_corr_heavy_tail_low_vol_r02_s20260702,20,theta_170,0.9920622504513495,0.0213633675900239,0.8602777777777777,0.03676057265120436,0.9875866580469829,3.441264533333333
Training,syn_n100_k20_cluster_corr_heavy_tail_low_vol_r02_s20260702,20,theta_175,0.9920622504513495,0.0213633675900239,0.8602777777777777,0.03676057265120436,0.9875866580469829,3.3254306833333334
Training,syn_n100_k20_cluster_corr_heavy_tail_low_vol_r02_s20260702,20,theta_189,0.9920622504513495,0.0213633675900239,0.8602777777777777,0.03676057265120436,0.9875866580469829,5.684728006666668
Training,syn_n100_k20_cluster_corr_heavy_tail_low_vol_r02_s20260702,20,theta_200,0.9751371038860495,0.03506651137034151,0.34805555555555556,0.0521296503278882,1.096944769687563,7.14752027
Training,syn_n100_k20_cluster_corr_heavy_tail_low_vol_r02_s20260702,20,theta_223,0.9583544767151173,0.03538593935798348,0.5022222222222222,0.05069398257071356,0.9351993881904689,7.424685376666668
Training,syn_n100_k20_cluster_corr_heavy_tail_low_vol_r02_s20260702,20,theta_234,0.9583544767151173,0.03538593935798348,0.5022222222222222,0.05069398257071356,0.9351993881904689,8.088688143333332
Training,syn_n100_k20_cluster_corr_heavy_tail_low_vol_r02_s20260702,20,theta_237,0.9583544767151173,0.03538593935798348,0.5022222222222222,0.05069398257071356,0.9351993881904689,3.333907356666666
Training,syn_n100_k20_cluster_corr_mixed_extreme_events_r03_s20260706,20,theta_011,0.9896845916112826,0.03093319409654764,0.7352777777777778,0.03297861058749783,0.9298644215444631,1.5705522033333337
Training,syn_n100_k20_cluster_corr_mixed_extreme_events_r03_s20260706,20,theta_034,0.9655829340271715,0.04179999414471912,0.3266666666666666,0.06292826681710921,1.0374018509124339,2.4281967066666668
Training,syn_n100_k20_cluster_corr_mixed_extreme_events_r03_s20260706,20,theta_037,0.9655829340271715,0.04179999414471912,0.3266666666666666,0.06292826681710921,1.0374018509124339,2.321435526666667
Training,syn_n100_k20_cluster_corr_mixed_extreme_events_r03_s20260706,20,theta_045,0.9655829340271715,0.04179999414471912,0.3266666666666666,0.06292826681710921,1.0374018509124339,2.809607553333334
Training,syn_n100_k20_cluster_corr_mixed_extreme_events_r03_s20260706,20,theta_047,0.9655829340271715,0.04179999414471912,0.3266666666666666,0.06292826681710921,1.0374018509124339,2.9866852433333335
Training,syn_n100_k20_cluster_corr_mixed_extreme_events_r03_s20260706,20,theta_067,0.9558724770768401,0.047194363757803774,0.41777777777777775,0.060992083492582554,0.9535129241621593,3.7293010233333335
Training,syn_n100_k20_cluster_corr_mixed_extreme_events_r03_s20260706,20,theta_076,0.9558724770768401,0.047194363757803774,0.41777777777777775,0.060992083492582554,0.9535129241621593,3.1038295533333327
Training,syn_n100_k20_cluster_corr_mixed_extreme_events_r03_s20260706,20,theta_078,0.9558724770768401,0.047194363757803774,0.41777777777777775,0.060992083492582554,0.9535129241621593,3.2021582200000003
Training,syn_n100_k20_cluster_corr_mixed_extreme_events_r03_s20260706,20,theta_084,0.9982515005547692,0.026060633275552025,0.7930555555555556,0.04855139333823661,0.9904686799061341,2.392008843333333
Training,syn_n100_k20_cluster_corr_mixed_extreme_events_r03_s20260706,20,theta_086,0.9982515005547692,0.026060633275552025,0.7930555555555556,0.04855139333823661,0.9904686799061341,2.430884303333333
Training,syn_n100_k20_cluster_corr_mixed_extreme_events_r03_s20260706,20,theta_089,0.9982515005547692,0.026060633275552025,0.7930555555555556,0.04855139333823661,0.9904686799061341,3.4602290299999994
Training,syn_n100_k20_cluster_corr_mixed_extreme_events_r03_s20260706,20,theta_118,0.9641748336478037,0.0413797863990955,0.3127777777777778,0.0706063148127404,1.0447318880835996,3.181307106666667
Training,syn_n100_k20_cluster_corr_mixed_extreme_events_r03_s20260706,20,theta_131,0.9641748336478037,0.0413797863990955,0.3127777777777778,0.0706063148127404,1.0447318880835996,3.053660069999999
Training,syn_n100_k20_cluster_corr_mixed_extreme_events_r03_s20260706,20,theta_132,0.9641748336478037,0.0413797863990955,0.3127777777777778,0.0706063148127404,1.0447318880835996,3.0439975200000005
Training,syn_n100_k20_cluster_corr_mixed_extreme_events_r03_s20260706,20,theta_144,0.9672615203840572,0.041803729462905365,0.4986111111111111,0.061923568254933566,0.9555304473245556,4.221200776666667
Training,syn_n100_k20_cluster_corr_mixed_extreme_events_r03_s20260706,20,theta_159,0.9672615203840572,0.041803729462905365,0.4986111111111111,0.061923568254933566,0.9555304473245556,3.5648489066666667
Training,syn_n100_k20_cluster_corr_mixed_extreme_events_r03_s20260706,20,theta_164,1.004100458566671,0.023574822258087273,0.7424999999999998,0.046083398313430814,1.0206152040774943,2.9948163966666668
Training,syn_n100_k20_cluster_corr_mixed_extreme_events_r03_s20260706,20,theta_170,1.004100458566671,0.023574822258087273,0.7424999999999998,0.046083398313430814,1.0206152040774943,3.149599903333333
Training,syn_n100_k20_cluster_corr_mixed_extreme_events_r03_s20260706,20,theta_175,1.004100458566671,0.023574822258087273,0.7424999999999998,0.046083398313430814,1.0206152040774943,3.1251960600000004
Training,syn_n100_k20_cluster_corr_mixed_extreme_events_r03_s20260706,20,theta_189,1.004100458566671,0.023574822258087273,0.7424999999999998,0.046083398313430814,1.0206152040774943,4.506032053333333
Training,syn_n100_k20_cluster_corr_mixed_extreme_events_r03_s20260706,20,theta_200,0.978711831552461,0.03647653075660409,0.3597222222222223,0.08481147151377556,1.1045768513673666,7.53566659
Training,syn_n100_k20_cluster_corr_mixed_extreme_events_r03_s20260706,20,theta_223,0.9792213480770245,0.036336132301082326,0.46111111111111114,0.0629665600051615,0.9944807348585267,7.137078660000001
Training,syn_n100_k20_cluster_corr_mixed_extreme_events_r03_s20260706,20,theta_234,0.9792213480770245,0.036336132301082326,0.46111111111111114,0.0629665600051615,0.9944807348585267,7.986490026666667
Training,syn_n100_k20_cluster_corr_mixed_extreme_events_r03_s20260706,20,theta_237,0.9792213480770245,0.036336132301082326,0.46111111111111114,0.0629665600051615,0.9944807348585267,3.180961476666666
Training,syn_n100_k20_cluster_corr_skewed_high_vol_r01_s20260705,20,theta_011,0.9621882357706032,0.05840310216058699,0.7700000000000001,0.03656641762015003,0.8589848666159657,1.5358261999999998
Training,syn_n100_k20_cluster_corr_skewed_high_vol_r01_s20260705,20,theta_034,0.941521792748577,0.058659749932603734,0.3233333333333333,0.06839869437093292,1.0173102290099871,2.297690356666666
Training,syn_n100_k20_cluster_corr_skewed_high_vol_r01_s20260705,20,theta_037,0.941521792748577,0.058659749932603734,0.3233333333333333,0.06839869437093292,1.0173102290099871,2.2675646866666663
Training,syn_n100_k20_cluster_corr_skewed_high_vol_r01_s20260705,20,theta_045,0.941521792748577,0.058659749932603734,0.3233333333333333,0.06839869437093292,1.0173102290099871,2.7275582566666663
Training,syn_n100_k20_cluster_corr_skewed_high_vol_r01_s20260705,20,theta_047,0.941521792748577,0.058659749932603734,0.3233333333333333,0.06839869437093292,1.0173102290099871,2.9787980533333336
Training,syn_n100_k20_cluster_corr_skewed_high_vol_r01_s20260705,20,theta_067,0.9362809433025664,0.06581248186952626,0.42416666666666664,0.054801921795647766,0.9246986279188676,4.09334521
Training,syn_n100_k20_cluster_corr_skewed_high_vol_r01_s20260705,20,theta_076,0.9362809433025664,0.06581248186952626,0.42416666666666664,0.054801921795647766,0.9246986279188676,3.1316059566666667
Training,syn_n100_k20_cluster_corr_skewed_high_vol_r01_s20260705,20,theta_078,0.9362809433025664,0.06581248186952626,0.42416666666666664,0.054801921795647766,0.9246986279188676,3.0479964166666664
Training,syn_n100_k20_cluster_corr_skewed_high_vol_r01_s20260705,20,theta_084,0.9788715270460207,0.045805348450132864,0.7494444444444446,0.05101551140313281,0.9577290634158016,2.588703546666667
Training,syn_n100_k20_cluster_corr_skewed_high_vol_r01_s20260705,20,theta_086,0.9788715270460207,0.045805348450132864,0.7494444444444446,0.05101551140313281,0.9577290634158016,2.3699732399999998
Training,syn_n100_k20_cluster_corr_skewed_high_vol_r01_s20260705,20,theta_089,0.9788715270460207,0.045805348450132864,0.7494444444444446,0.05101551140313281,0.9577290634158016,3.2108722333333333
Training,syn_n100_k20_cluster_corr_skewed_high_vol_r01_s20260705,20,theta_118,0.9359902047670636,0.05948333265769896,0.32055555555555554,0.07600112881197589,1.0364360046177779,3.014367636666667
Training,syn_n100_k20_cluster_corr_skewed_high_vol_r01_s20260705,20,theta_131,0.9359902047670636,0.05948333265769896,0.32055555555555554,0.07600112881197589,1.0364360046177779,2.9161185566666665
Training,syn_n100_k20_cluster_corr_skewed_high_vol_r01_s20260705,20,theta_132,0.9359902047670636,0.05948333265769896,0.32055555555555554,0.07600112881197589,1.0364360046177779,3.0529984199999998
Training,syn_n100_k20_cluster_corr_skewed_high_vol_r01_s20260705,20,theta_144,0.9416656504612796,0.060734281056804985,0.4727777777777778,0.06730183387186081,0.923173682262287,3.7215303299999998
Training,syn_n100_k20_cluster_corr_skewed_high_vol_r01_s20260705,20,theta_159,0.9416656504612796,0.060734281056804985,0.4727777777777778,0.06730183387186081,0.923173682262287,3.5983750533333336
Training,syn_n100_k20_cluster_corr_skewed_high_vol_r01_s20260705,20,theta_164,0.9805814119743345,0.046287215181604884,0.7838888888888887,0.05456752952587766,0.9454711617794719,3.0175188233333334
Training,syn_n100_k20_cluster_corr_skewed_high_vol_r01_s20260705,20,theta_170,0.9805814119743345,0.046287215181604884,0.7838888888888887,0.05456752952587766,0.9454711617794719,3.160001373333334
Training,syn_n100_k20_cluster_corr_skewed_high_vol_r01_s20260705,20,theta_175,0.9805814119743345,0.046287215181604884,0.7838888888888887,0.05456752952587766,0.9454711617794719,3.1667604
Training,syn_n100_k20_cluster_corr_skewed_high_vol_r01_s20260705,20,theta_189,0.9805814119743345,0.046287215181604884,0.7838888888888887,0.05456752952587766,0.9454711617794719,5.05262946
Training,syn_n100_k20_cluster_corr_skewed_high_vol_r01_s20260705,20,theta_200,0.9585010087168935,0.05080949286419973,0.3394444444444444,0.09806174227280255,1.1106068514646554,7.419211356666667
Training,syn_n100_k20_cluster_corr_skewed_high_vol_r01_s20260705,20,theta_223,0.9476149603300404,0.05824528294654037,0.5030555555555555,0.07543918591592466,0.965315446196977,7.071576500000001
Training,syn_n100_k20_cluster_corr_skewed_high_vol_r01_s20260705,20,theta_234,0.9476149603300404,0.05824528294654037,0.5030555555555555,0.07543918591592466,0.965315446196977,7.769869446666665
Training,syn_n100_k20_cluster_corr_skewed_high_vol_r01_s20260705,20,theta_237,0.9476149603300404,0.05824528294654037,0.5030555555555555,0.07543918591592466,0.965315446196977,3.120222853333333
Training,syn_n100_k20_high_corr_heavy_tail_extreme_events_r01_s20260710,20,theta_011,1.081246518277388,0.011024822622546589,0.9477777777777778,0.020981839100278343,0.8191602572774409,1.6515403933333335
Training,syn_n100_k20_high_corr_heavy_tail_extreme_events_r01_s20260710,20,theta_034,1.0760470257197725,0.018525063640508564,0.9269444444444446,0.03551569476943743,0.8667908590691866,2.4310353900000004
Training,syn_n100_k20_high_corr_heavy_tail_extreme_events_r01_s20260710,20,theta_037,1.0760470257197725,0.018525063640508564,0.9269444444444446,0.03551569476943743,0.8667908590691866,2.965734536666667
Training,syn_n100_k20_high_corr_heavy_tail_extreme_events_r01_s20260710,20,theta_045,1.0760470257197725,0.018525063640508564,0.9269444444444446,0.03551569476943743,0.8667908590691866,2.9192435999999997
Training,syn_n100_k20_high_corr_heavy_tail_extreme_events_r01_s20260710,20,theta_047,1.0760470257197725,0.018525063640508564,0.9269444444444446,0.03551569476943743,0.8667908590691866,3.2104867533333334
Training,syn_n100_k20_high_corr_heavy_tail_extreme_events_r01_s20260710,20,theta_067,1.0941755992646314,0.006943586326013436,0.9688888888888889,0.010234589947282598,0.8323977883421947,4.37095023
Training,syn_n100_k20_high_corr_heavy_tail_extreme_events_r01_s20260710,20,theta_076,1.0941755992646314,0.006943586326013436,0.9688888888888889,0.010234589947282598,0.8323977883421947,3.20432636
Training,syn_n100_k20_high_corr_heavy_tail_extreme_events_r01_s20260710,20,theta_078,1.0941755992646314,0.006943586326013436,0.9688888888888889,0.010234589947282598,0.8323977883421947,3.3848490866666667
Training,syn_n100_k20_high_corr_heavy_tail_extreme_events_r01_s20260710,20,theta_084,1.094398541791445,0.005557049141110307,0.9827777777777779,0.012602151309888879,0.8164357604235203,2.4484670799999995
Training,syn_n100_k20_high_corr_heavy_tail_extreme_events_r01_s20260710,20,theta_086,1.094398541791445,0.005557049141110307,0.9827777777777779,0.012602151309888879,0.8164357604235203,2.4530814766666666
Training,syn_n100_k20_high_corr_heavy_tail_extreme_events_r01_s20260710,20,theta_089,1.094398541791445,0.005557049141110307,0.9827777777777779,0.012602151309888879,0.8164357604235203,3.2758041799999997
Training,syn_n100_k20_high_corr_heavy_tail_extreme_events_r01_s20260710,20,theta_118,1.0843433439580434,0.013002344150714887,0.9416666666666668,0.032599402760316455,0.85389900697979,3.2579660500000003
Training,syn_n100_k20_high_corr_heavy_tail_extreme_events_r01_s20260710,20,theta_131,1.0843433439580434,0.013002344150714887,0.9416666666666668,0.032599402760316455,0.85389900697979,3.0257043
Training,syn_n100_k20_high_corr_heavy_tail_extreme_events_r01_s20260710,20,theta_132,1.0843433439580434,0.013002344150714887,0.9416666666666668,0.032599402760316455,0.85389900697979,3.425142346666667
Training,syn_n100_k20_high_corr_heavy_tail_extreme_events_r01_s20260710,20,theta_144,1.0911911896596196,0.007372201145033841,0.9727777777777781,0.01964406513158264,0.8309170241228174,3.8381088599999997
Training,syn_n100_k20_high_corr_heavy_tail_extreme_events_r01_s20260710,20,theta_159,1.0911911896596196,0.007372201145033841,0.9727777777777781,0.01964406513158264,0.8309170241228174,3.791971306666667
Training,syn_n100_k20_high_corr_heavy_tail_extreme_events_r01_s20260710,20,theta_164,1.0903667836338111,0.00681863746932177,0.9538888888888889,0.01487816768337938,0.8226468702468461,3.02753897
Training,syn_n100_k20_high_corr_heavy_tail_extreme_events_r01_s20260710,20,theta_170,1.0903667836338111,0.00681863746932177,0.9538888888888889,0.01487816768337938,0.8226468702468461,3.248328593333334
Training,syn_n100_k20_high_corr_heavy_tail_extreme_events_r01_s20260710,20,theta_175,1.0903667836338111,0.00681863746932177,0.9538888888888889,0.01487816768337938,0.8226468702468461,3.158560890000001
Training,syn_n100_k20_high_corr_heavy_tail_extreme_events_r01_s20260710,20,theta_189,1.0903667836338111,0.00681863746932177,0.9538888888888889,0.01487816768337938,0.8226468702468461,5.676996746666666
Training,syn_n100_k20_high_corr_heavy_tail_extreme_events_r01_s20260710,20,theta_200,1.1001567890265915,0.007285343663016478,0.9477777777777779,0.018912023301146972,0.8683208175052767,7.69309665
Training,syn_n100_k20_high_corr_heavy_tail_extreme_events_r01_s20260710,20,theta_223,1.098487049627928,0.005825475003091981,0.9897222222222223,0.009769445127235063,0.8351652468751017,7.671299439999999
Training,syn_n100_k20_high_corr_heavy_tail_extreme_events_r01_s20260710,20,theta_234,1.098487049627928,0.005825475003091981,0.9897222222222223,0.009769445127235063,0.8351652468751017,8.155571503333332
Training,syn_n100_k20_high_corr_heavy_tail_extreme_events_r01_s20260710,20,theta_237,1.098487049627928,0.005825475003091981,0.9897222222222223,0.009769445127235063,0.8351652468751017,3.3649928966666662
Training,syn_n100_k20_high_corr_mixed_high_vol_r02_s20260701,20,theta_011,0.9724309336999621,0.0244122030680815,0.6997222222222221,0.031097368546682515,0.9660526747033905,1.4749956466666667
Training,syn_n100_k20_high_corr_mixed_high_vol_r02_s20260701,20,theta_034,0.9738896259970423,0.03136558111360157,0.4597222222222222,0.060228688128030436,1.075108241457524,2.25351527
Training,syn_n100_k20_high_corr_mixed_high_vol_r02_s20260701,20,theta_037,0.9738896259970423,0.03136558111360157,0.4597222222222222,0.060228688128030436,1.075108241457524,3.0774135
Training,syn_n100_k20_high_corr_mixed_high_vol_r02_s20260701,20,theta_045,0.9738896259970423,0.03136558111360157,0.4597222222222222,0.060228688128030436,1.075108241457524,2.767820043333333
Training,syn_n100_k20_high_corr_mixed_high_vol_r02_s20260701,20,theta_047,0.9738896259970423,0.03136558111360157,0.4597222222222222,0.060228688128030436,1.075108241457524,3.0034036233333343
Training,syn_n100_k20_high_corr_mixed_high_vol_r02_s20260701,20,theta_067,0.9858879509072297,0.023039031132382766,0.6186111111111111,0.03819647584256599,1.0581283423287968,3.788257273333334
Training,syn_n100_k20_high_corr_mixed_high_vol_r02_s20260701,20,theta_076,0.9858879509072297,0.023039031132382766,0.6186111111111111,0.03819647584256599,1.0581283423287968,2.925571273333333
Training,syn_n100_k20_high_corr_mixed_high_vol_r02_s20260701,20,theta_078,0.9858879509072297,0.023039031132382766,0.6186111111111111,0.03819647584256599,1.0581283423287968,3.0044499966666667
Training,syn_n100_k20_high_corr_mixed_high_vol_r02_s20260701,20,theta_084,0.9785814463599741,0.021184391089448126,0.7488888888888887,0.027635896691362658,0.974762568560568,2.2939874866666665
Training,syn_n100_k20_high_corr_mixed_high_vol_r02_s20260701,20,theta_086,0.9785814463599741,0.021184391089448126,0.7488888888888887,0.027635896691362658,0.974762568560568,2.3269890333333336
Training,syn_n100_k20_high_corr_mixed_high_vol_r02_s20260701,20,theta_089,0.9785814463599741,0.021184391089448126,0.7488888888888887,0.027635896691362658,0.974762568560568,3.3196675766666663
Training,syn_n100_k20_high_corr_mixed_high_vol_r02_s20260701,20,theta_118,0.9827811854408315,0.02470664879938763,0.6002777777777777,0.0446053942969616,1.0837822094192664,3.03554853
Training,syn_n100_k20_high_corr_mixed_high_vol_r02_s20260701,20,theta_131,0.9827811854408315,0.02470664879938763,0.6002777777777777,0.0446053942969616,1.0837822094192664,3.0136109233333337
Training,syn_n100_k20_high_corr_mixed_high_vol_r02_s20260701,20,theta_132,0.9827811854408315,0.02470664879938763,0.6002777777777777,0.0446053942969616,1.0837822094192664,3.081261103333333
Training,syn_n100_k20_high_corr_mixed_high_vol_r02_s20260701,20,theta_144,0.9845608114459915,0.02465772395277372,0.5855555555555555,0.04802483344498591,1.0542842875579888,3.79111745
Training,syn_n100_k20_high_corr_mixed_high_vol_r02_s20260701,20,theta_159,0.9845608114459915,0.02465772395277372,0.5855555555555555,0.04802483344498591,1.0542842875579888,2.7460546833333335
Training,syn_n100_k20_high_corr_mixed_high_vol_r02_s20260701,20,theta_164,0.975000149346505,0.02537138211695122,0.6380555555555555,0.042700358731146325,1.00542610778187,2.8760779600000004
Training,syn_n100_k20_high_corr_mixed_high_vol_r02_s20260701,20,theta_170,0.975000149346505,0.02537138211695122,0.6380555555555555,0.042700358731146325,1.00542610778187,2.9701103000000004
Training,syn_n100_k20_high_corr_mixed_high_vol_r02_s20260701,20,theta_175,0.975000149346505,0.02537138211695122,0.6380555555555555,0.042700358731146325,1.00542610778187,3.1221190500000002
Training,syn_n100_k20_high_corr_mixed_high_vol_r02_s20260701,20,theta_189,0.975000149346505,0.02537138211695122,0.6380555555555555,0.042700358731146325,1.00542610778187,5.16330781
Training,syn_n100_k20_high_corr_mixed_high_vol_r02_s20260701,20,theta_200,0.9721559297079047,0.03174283982751952,0.5447222222222223,0.04557399503765326,1.0959222715740373,7.414466616666666
Training,syn_n100_k20_high_corr_mixed_high_vol_r02_s20260701,20,theta_223,0.9850250433581735,0.023448736240111092,0.6699999999999999,0.04857532548516975,1.0625970410942283,6.865535220000001
Training,syn_n100_k20_high_corr_mixed_high_vol_r02_s20260701,20,theta_234,0.9850250433581735,0.023448736240111092,0.6699999999999999,0.04857532548516975,1.0625970410942283,7.46344221
Training,syn_n100_k20_high_corr_mixed_high_vol_r02_s20260701,20,theta_237,0.9850250433581735,0.023448736240111092,0.6699999999999999,0.04857532548516975,1.0625970410942283,3.1766845699999995
Training,syn_n100_k20_high_corr_normal_low_vol_r03_s20260708,20,theta_011,0.9740913558751043,0.025322860789582815,0.7291666666666665,0.0297357045992544,0.975846196734809,1.5414460100000003
Training,syn_n100_k20_high_corr_normal_low_vol_r03_s20260708,20,theta_034,0.9716113173709222,0.028783707927755506,0.5975,0.051378552132551075,1.1581762730624556,2.2806414466666665
Training,syn_n100_k20_high_corr_normal_low_vol_r03_s20260708,20,theta_037,0.9716113173709222,0.028783707927755506,0.5975,0.051378552132551075,1.1581762730624556,2.4776291699999997
Training,syn_n100_k20_high_corr_normal_low_vol_r03_s20260708,20,theta_045,0.9716113173709222,0.028783707927755506,0.5975,0.051378552132551075,1.1581762730624556,2.828143563333333
Training,syn_n100_k20_high_corr_normal_low_vol_r03_s20260708,20,theta_047,0.9716113173709222,0.028783707927755506,0.5975,0.051378552132551075,1.1581762730624556,3.0415573866666668
Training,syn_n100_k20_high_corr_normal_low_vol_r03_s20260708,20,theta_067,0.9725923077710837,0.02688720156640958,0.7202777777777777,0.04174030719812828,1.1222761084755102,2.894222143333333
Training,syn_n100_k20_high_corr_normal_low_vol_r03_s20260708,20,theta_076,0.9725923077710837,0.02688720156640958,0.7202777777777777,0.04174030719812828,1.1222761084755102,3.2777728533333335
Training,syn_n100_k20_high_corr_normal_low_vol_r03_s20260708,20,theta_078,0.9725923077710837,0.02688720156640958,0.7202777777777777,0.04174030719812828,1.1222761084755102,3.152433573333333
Training,syn_n100_k20_high_corr_normal_low_vol_r03_s20260708,20,theta_084,0.9765841758864477,0.02539738174003896,0.7413888888888889,0.02886970830755755,0.9760863078887525,2.3111383733333337
Training,syn_n100_k20_high_corr_normal_low_vol_r03_s20260708,20,theta_086,0.9765841758864477,0.02539738174003896,0.7413888888888889,0.02886970830755755,0.9760863078887525,2.755382983333333
Training,syn_n100_k20_high_corr_normal_low_vol_r03_s20260708,20,theta_089,0.9765841758864477,0.02539738174003896,0.7413888888888889,0.02886970830755755,0.9760863078887525,3.228594190000001
Training,syn_n100_k20_high_corr_normal_low_vol_r03_s20260708,20,theta_118,0.9789667800819074,0.023255457063206718,0.6538888888888887,0.048011540708190345,1.1428300130492692,3.3393716333333328
Training,syn_n100_k20_high_corr_normal_low_vol_r03_s20260708,20,theta_131,0.9789667800819074,0.023255457063206718,0.6538888888888887,0.048011540708190345,1.1428300130492692,2.7501027833333325
Training,syn_n100_k20_high_corr_normal_low_vol_r03_s20260708,20,theta_132,0.9789667800819074,0.023255457063206718,0.6538888888888887,0.048011540708190345,1.1428300130492692,3.0750506899999994
Training,syn_n100_k20_high_corr_normal_low_vol_r03_s20260708,20,theta_144,0.9791686851509344,0.024249986644190535,0.7186111111111112,0.04047010003969173,1.1104388271324557,4.6230053799999995
Training,syn_n100_k20_high_corr_normal_low_vol_r03_s20260708,20,theta_159,0.9791686851509344,0.024249986644190535,0.7186111111111112,0.04047010003969173,1.1104388271324557,2.8887964299999993
Training,syn_n100_k20_high_corr_normal_low_vol_r03_s20260708,20,theta_164,0.966120122724558,0.030847224100536624,0.6536111111111111,0.037330844460140226,0.9848083992689356,2.951541993333334
Training,syn_n100_k20_high_corr_normal_low_vol_r03_s20260708,20,theta_170,0.966120122724558,0.030847224100536624,0.6536111111111111,0.037330844460140226,0.9848083992689356,3.02633035
Training,syn_n100_k20_high_corr_normal_low_vol_r03_s20260708,20,theta_175,0.966120122724558,0.030847224100536624,0.6536111111111111,0.037330844460140226,0.9848083992689356,3.269770813333334
Training,syn_n100_k20_high_corr_normal_low_vol_r03_s20260708,20,theta_189,0.966120122724558,0.030847224100536624,0.6536111111111111,0.037330844460140226,0.9848083992689356,5.2331951299999995
Training,syn_n100_k20_high_corr_normal_low_vol_r03_s20260708,20,theta_200,0.9691390831418576,0.029450289804065468,0.6608333333333333,0.05667459240611948,1.14320642176759,8.73704099
Training,syn_n100_k20_high_corr_normal_low_vol_r03_s20260708,20,theta_223,0.9782488618722431,0.022894833049633242,0.7552777777777779,0.0471866336408273,1.1409302334612679,7.100823963333332
Training,syn_n100_k20_high_corr_normal_low_vol_r03_s20260708,20,theta_234,0.9782488618722431,0.022894833049633242,0.7552777777777779,0.0471866336408273,1.1409302334612679,7.719277356666667
Training,syn_n100_k20_high_corr_normal_low_vol_r03_s20260708,20,theta_237,0.9782488618722431,0.022894833049633242,0.7552777777777779,0.0471866336408273,1.1409302334612679,3.2263845900000003
Training,syn_n100_k20_low_corr_heavy_tail_high_vol_r03_s20260704,20,theta_011,0.9637834180204088,0.08573294593331436,0.625,0.06846756918806955,0.8504957926561337,1.4820719866666667
Training,syn_n100_k20_low_corr_heavy_tail_high_vol_r03_s20260704,20,theta_034,0.8914955747753093,0.11770684399021218,0.3777777777777778,0.06487726369073489,0.7873806469317937,2.199946253333333
Training,syn_n100_k20_low_corr_heavy_tail_high_vol_r03_s20260704,20,theta_037,0.8914955747753093,0.11770684399021218,0.3777777777777778,0.06487726369073489,0.7873806469317937,2.2140713333333335
Training,syn_n100_k20_low_corr_heavy_tail_high_vol_r03_s20260704,20,theta_045,0.8914955747753093,0.11770684399021218,0.3777777777777778,0.06487726369073489,0.7873806469317937,2.6992995100000003
Training,syn_n100_k20_low_corr_heavy_tail_high_vol_r03_s20260704,20,theta_047,0.8914955747753093,0.11770684399021218,0.3777777777777778,0.06487726369073489,0.7873806469317937,2.8708639066666657
Training,syn_n100_k20_low_corr_heavy_tail_high_vol_r03_s20260704,20,theta_067,0.9343324199991557,0.09659811413217932,0.5080555555555555,0.07085727879752632,0.8410594596976056,2.800615806666666
Training,syn_n100_k20_low_corr_heavy_tail_high_vol_r03_s20260704,20,theta_076,0.9343324199991557,0.09659811413217932,0.5080555555555555,0.07085727879752632,0.8410594596976056,3.0770718500000003
Training,syn_n100_k20_low_corr_heavy_tail_high_vol_r03_s20260704,20,theta_078,0.9343324199991557,0.09659811413217932,0.5080555555555555,0.07085727879752632,0.8410594596976056,2.7714466399999997
Training,syn_n100_k20_low_corr_heavy_tail_high_vol_r03_s20260704,20,theta_084,0.9930341273091222,0.06739468453080158,0.6569444444444444,0.06394424523109161,0.9254493059693227,2.2895243733333333
Training,syn_n100_k20_low_corr_heavy_tail_high_vol_r03_s20260704,20,theta_086,0.9930341273091222,0.06739468453080158,0.6569444444444444,0.06394424523109161,0.9254493059693227,2.753708963333333
Training,syn_n100_k20_low_corr_heavy_tail_high_vol_r03_s20260704,20,theta_089,0.9930341273091222,0.06739468453080158,0.6569444444444444,0.06394424523109161,0.9254493059693227,3.3217734066666673
Training,syn_n100_k20_low_corr_heavy_tail_high_vol_r03_s20260704,20,theta_118,0.9285958639377709,0.09499575129600986,0.38833333333333336,0.07838521722968685,0.8894956667236877,3.03294542
Training,syn_n100_k20_low_corr_heavy_tail_high_vol_r03_s20260704,20,theta_131,0.9285958639377709,0.09499575129600986,0.38833333333333336,0.07838521722968685,0.8894956667236877,2.6973809099999992
Training,syn_n100_k20_low_corr_heavy_tail_high_vol_r03_s20260704,20,theta_132,0.9285958639377709,0.09499575129600986,0.38833333333333336,0.07838521722968685,0.8894956667236877,3.2111031800000003
Training,syn_n100_k20_low_corr_heavy_tail_high_vol_r03_s20260704,20,theta_144,0.86923122696783,0.13851975104624872,0.49861111111111106,0.08252568655908694,0.6863982816804571,3.49926868
Training,syn_n100_k20_low_corr_heavy_tail_high_vol_r03_s20260704,20,theta_159,0.86923122696783,0.13851975104624872,0.49861111111111106,0.08252568655908694,0.6863982816804571,3.5205675333333337
Training,syn_n100_k20_low_corr_heavy_tail_high_vol_r03_s20260704,20,theta_164,0.9800369881038021,0.07907500216176758,0.6655555555555556,0.08870753761344259,0.8976332080928725,2.870736433333333
Training,syn_n100_k20_low_corr_heavy_tail_high_vol_r03_s20260704,20,theta_170,0.9800369881038021,0.07907500216176758,0.6655555555555556,0.08870753761344259,0.8976332080928725,3.21865788
Training,syn_n100_k20_low_corr_heavy_tail_high_vol_r03_s20260704,20,theta_175,0.9800369881038021,0.07907500216176758,0.6655555555555556,0.08870753761344259,0.8976332080928725,3.2232952600000004
Training,syn_n100_k20_low_corr_heavy_tail_high_vol_r03_s20260704,20,theta_189,0.9800369881038021,0.07907500216176758,0.6655555555555556,0.08870753761344259,0.8976332080928725,5.0151240800000005
Training,syn_n100_k20_low_corr_heavy_tail_high_vol_r03_s20260704,20,theta_200,0.9355627379078,0.09376189266765587,0.3980555555555555,0.09336195489046688,0.9026326722649985,8.305531153333334
Training,syn_n100_k20_low_corr_heavy_tail_high_vol_r03_s20260704,20,theta_223,0.9075161670552,0.11594405466102846,0.4844444444444444,0.07148754374084092,0.7573386547411942,6.962821493333333
Training,syn_n100_k20_low_corr_heavy_tail_high_vol_r03_s20260704,20,theta_234,0.9075161670552,0.11594405466102846,0.4844444444444444,0.07148754374084092,0.7573386547411942,7.386960500000001
Training,syn_n100_k20_low_corr_heavy_tail_high_vol_r03_s20260704,20,theta_237,0.9075161670552,0.11594405466102846,0.4844444444444444,0.07148754374084092,0.7573386547411942,3.143507323333333
Training,syn_n100_k20_low_corr_normal_low_vol_r01_s20260699,20,theta_011,1.0262907144848368,0.053382194748404346,0.6933333333333335,0.03502063654428319,0.6623799472724428,1.4499378833333334
Training,syn_n100_k20_low_corr_normal_low_vol_r01_s20260699,20,theta_034,0.9526695988570305,0.07478223583804339,0.4613888888888888,0.04191237194874468,0.6367126303214029,2.1563978333333336
Training,syn_n100_k20_low_corr_normal_low_vol_r01_s20260699,20,theta_037,0.9526695988570305,0.07478223583804339,0.4613888888888888,0.04191237194874468,0.6367126303214029,2.1644556966666664
Training,syn_n100_k20_low_corr_normal_low_vol_r01_s20260699,20,theta_045,0.9526695988570305,0.07478223583804339,0.4613888888888888,0.04191237194874468,0.6367126303214029,2.642265070000001
Training,syn_n100_k20_low_corr_normal_low_vol_r01_s20260699,20,theta_047,0.9526695988570305,0.07478223583804339,0.4613888888888888,0.04191237194874468,0.6367126303214029,2.8233401800000006
Training,syn_n100_k20_low_corr_normal_low_vol_r01_s20260699,20,theta_067,0.9727034724452582,0.07216818750553342,0.568611111111111,0.050044957833682215,0.596708243019337,2.4394094433333335
Training,syn_n100_k20_low_corr_normal_low_vol_r01_s20260699,20,theta_076,0.9727034724452582,0.07216818750553342,0.568611111111111,0.050044957833682215,0.596708243019337,3.0255679199999994
Training,syn_n100_k20_low_corr_normal_low_vol_r01_s20260699,20,theta_078,0.9727034724452582,0.07216818750553342,0.568611111111111,0.050044957833682215,0.596708243019337,3.0260760900000006
Training,syn_n100_k20_low_corr_normal_low_vol_r01_s20260699,20,theta_084,1.0495280018074316,0.0426168810757518,0.7316666666666667,0.038433935584348274,0.7103766924674896,2.244428603333333
Training,syn_n100_k20_low_corr_normal_low_vol_r01_s20260699,20,theta_086,1.0495280018074316,0.0426168810757518,0.7316666666666667,0.038433935584348274,0.7103766924674896,2.4067551533333336
Training,syn_n100_k20_low_corr_normal_low_vol_r01_s20260699,20,theta_089,1.0495280018074316,0.0426168810757518,0.7316666666666667,0.038433935584348274,0.7103766924674896,3.295793726666667
Training,syn_n100_k20_low_corr_normal_low_vol_r01_s20260699,20,theta_118,0.9529503244812365,0.07720407172802081,0.4880555555555556,0.05660795273190282,0.6260722938040852,3.211756323333333
Training,syn_n100_k20_low_corr_normal_low_vol_r01_s20260699,20,theta_131,0.9529503244812365,0.07720407172802081,0.4880555555555556,0.05660795273190282,0.6260722938040852,2.9131539099999997
Training,syn_n100_k20_low_corr_normal_low_vol_r01_s20260699,20,theta_132,0.9529503244812365,0.07720407172802081,0.4880555555555556,0.05660795273190282,0.6260722938040852,2.9524923333333333
Training,syn_n100_k20_low_corr_normal_low_vol_r01_s20260699,20,theta_144,0.9384105046904295,0.08505859011865373,0.6063888888888889,0.03700378640387266,0.5174471091271158,3.4823576833333334
Training,syn_n100_k20_low_corr_normal_low_vol_r01_s20260699,20,theta_159,0.9384105046904295,0.08505859011865373,0.6063888888888889,0.03700378640387266,0.5174471091271158,3.26018109
Training,syn_n100_k20_low_corr_normal_low_vol_r01_s20260699,20,theta_164,1.0588803891515546,0.039626097247014394,0.7319444444444445,0.04446559955694739,0.7266287606405288,2.8748917566666656
Training,syn_n100_k20_low_corr_normal_low_vol_r01_s20260699,20,theta_170,1.0588803891515546,0.039626097247014394,0.7319444444444445,0.04446559955694739,0.7266287606405288,3.0625836966666666
Training,syn_n100_k20_low_corr_normal_low_vol_r01_s20260699,20,theta_175,1.0588803891515546,0.039626097247014394,0.7319444444444445,0.04446559955694739,0.7266287606405288,2.9919972966666672
Training,syn_n100_k20_low_corr_normal_low_vol_r01_s20260699,20,theta_189,1.0588803891515546,0.039626097247014394,0.7319444444444445,0.04446559955694739,0.7266287606405288,5.439416903333334
Training,syn_n100_k20_low_corr_normal_low_vol_r01_s20260699,20,theta_200,0.978156549387801,0.06657800710622307,0.4716666666666667,0.06155277638257198,0.7016555141639885,8.134545356666667
Training,syn_n100_k20_low_corr_normal_low_vol_r01_s20260699,20,theta_223,0.9642838167452938,0.07526925244707033,0.55,0.04097861860743573,0.5837018147812336,6.698946103333332
Training,syn_n100_k20_low_corr_normal_low_vol_r01_s20260699,20,theta_234,0.9642838167452938,0.07526925244707033,0.55,0.04097861860743573,0.5837018147812336,7.01462853
Training,syn_n100_k20_low_corr_normal_low_vol_r01_s20260699,20,theta_237,0.9642838167452938,0.07526925244707033,0.55,0.04097861860743573,0.5837018147812336,3.0621689300000003
Training,syn_n100_k20_low_corr_skewed_extreme_events_r02_s20260700,20,theta_011,1.0647531880471655,0.037851633803625696,0.6986111111111111,0.03040591844417362,0.66325295918109,1.40187002
Training,syn_n100_k20_low_corr_skewed_extreme_events_r02_s20260700,20,theta_034,1.048825572030747,0.04376731923046481,0.4752777777777778,0.05147659390001833,0.7626328942739669,2.2117297366666673
Training,syn_n100_k20_low_corr_skewed_extreme_events_r02_s20260700,20,theta_037,1.048825572030747,0.04376731923046481,0.4752777777777778,0.05147659390001833,0.7626328942739669,2.1992268666666672
Training,syn_n100_k20_low_corr_skewed_extreme_events_r02_s20260700,20,theta_045,1.048825572030747,0.04376731923046481,0.4752777777777778,0.05147659390001833,0.7626328942739669,2.6233224766666665
Training,syn_n100_k20_low_corr_skewed_extreme_events_r02_s20260700,20,theta_047,1.048825572030747,0.04376731923046481,0.4752777777777778,0.05147659390001833,0.7626328942739669,2.8359374099999997
Training,syn_n100_k20_low_corr_skewed_extreme_events_r02_s20260700,20,theta_067,1.0504573031553546,0.041490322897692986,0.5933333333333334,0.03689282646455247,0.722232622227924,3.09471341
Training,syn_n100_k20_low_corr_skewed_extreme_events_r02_s20260700,20,theta_076,1.0504573031553546,0.041490322897692986,0.5933333333333334,0.03689282646455247,0.722232622227924,2.9873991933333333
Training,syn_n100_k20_low_corr_skewed_extreme_events_r02_s20260700,20,theta_078,1.0504573031553546,0.041490322897692986,0.5933333333333334,0.03689282646455247,0.722232622227924,3.00235133
Training,syn_n100_k20_low_corr_skewed_extreme_events_r02_s20260700,20,theta_084,1.077880585948829,0.03491838599787341,0.7124999999999998,0.05063866205358377,0.6851734208409483,2.2484470833333328
Training,syn_n100_k20_low_corr_skewed_extreme_events_r02_s20260700,20,theta_086,1.077880585948829,0.03491838599787341,0.7124999999999998,0.05063866205358377,0.6851734208409483,2.391658336666667
Training,syn_n100_k20_low_corr_skewed_extreme_events_r02_s20260700,20,theta_089,1.077880585948829,0.03491838599787341,0.7124999999999998,0.05063866205358377,0.6851734208409483,3.1221179733333337
Training,syn_n100_k20_low_corr_skewed_extreme_events_r02_s20260700,20,theta_118,1.070119462741451,0.03807639209448668,0.5308333333333333,0.0436422242100137,0.8101988210000698,3.0620444966666667
Training,syn_n100_k20_low_corr_skewed_extreme_events_r02_s20260700,20,theta_131,1.070119462741451,0.03807639209448668,0.5308333333333333,0.0436422242100137,0.8101988210000698,2.970398653333333
Training,syn_n100_k20_low_corr_skewed_extreme_events_r02_s20260700,20,theta_132,1.070119462741451,0.03807639209448668,0.5308333333333333,0.0436422242100137,0.8101988210000698,2.994595986666667
Training,syn_n100_k20_low_corr_skewed_extreme_events_r02_s20260700,20,theta_144,1.057360853314254,0.038951215577677396,0.6847222222222222,0.033943354964728036,0.663267830646226,3.569478196666666
Training,syn_n100_k20_low_corr_skewed_extreme_events_r02_s20260700,20,theta_159,1.057360853314254,0.038951215577677396,0.6847222222222222,0.033943354964728036,0.663267830646226,3.58747958
Training,syn_n100_k20_low_corr_skewed_extreme_events_r02_s20260700,20,theta_164,1.0830331342818365,0.03419914619339432,0.7008333333333333,0.05828017772530982,0.7018304090008165,2.839678646666667
Training,syn_n100_k20_low_corr_skewed_extreme_events_r02_s20260700,20,theta_170,1.0830331342818365,0.03419914619339432,0.7008333333333333,0.05828017772530982,0.7018304090008165,3.047601086666667
Training,syn_n100_k20_low_corr_skewed_extreme_events_r02_s20260700,20,theta_175,1.0830331342818365,0.03419914619339432,0.7008333333333333,0.05828017772530982,0.7018304090008165,2.971231349999999
Training,syn_n100_k20_low_corr_skewed_extreme_events_r02_s20260700,20,theta_189,1.0830331342818365,0.03419914619339432,0.7008333333333333,0.05828017772530982,0.7018304090008165,5.672885683333333
Training,syn_n100_k20_low_corr_skewed_extreme_events_r02_s20260700,20,theta_200,1.0809724630146365,0.03797977914210872,0.45805555555555555,0.05332771606637341,0.8433947900018978,7.567580043333334
Training,syn_n100_k20_low_corr_skewed_extreme_events_r02_s20260700,20,theta_223,1.0788484203050355,0.033293758355639975,0.6402777777777778,0.036529675089215924,0.7067581107339856,6.811937823333333
Training,syn_n100_k20_low_corr_skewed_extreme_events_r02_s20260700,20,theta_234,1.0788484203050355,0.033293758355639975,0.6402777777777778,0.036529675089215924,0.7067581107339856,7.119741416666668
Training,syn_n100_k20_low_corr_skewed_extreme_events_r02_s20260700,20,theta_237,1.0788484203050355,0.033293758355639975,0.6402777777777778,0.036529675089215924,0.7067581107339856,3.2180486033333335
Training,syn_n100_k20_pathological_cov_mixed_low_vol_r01_s20260707,20,theta_011,1.1653857519702986,0.17412867073725105,0.33249999999999996,0.12003653347964069,0.3848721554353005,1.3392207499999997
Training,syn_n100_k20_pathological_cov_mixed_low_vol_r01_s20260707,20,theta_034,1.195060100804763,0.09706573428721187,0.6288888888888889,0.15371873033279046,0.6846294743152757,2.1028030600000003
Training,syn_n100_k20_pathological_cov_mixed_low_vol_r01_s20260707,20,theta_037,1.195060100804763,0.09706573428721187,0.6288888888888889,0.15371873033279046,0.6846294743152757,2.0942381199999995
Training,syn_n100_k20_pathological_cov_mixed_low_vol_r01_s20260707,20,theta_045,1.195060100804763,0.09706573428721187,0.6288888888888889,0.15371873033279046,0.6846294743152757,3.180794046666667
Training,syn_n100_k20_pathological_cov_mixed_low_vol_r01_s20260707,20,theta_047,1.195060100804763,0.09706573428721187,0.6288888888888889,0.15371873033279046,0.6846294743152757,2.8108248966666665
Training,syn_n100_k20_pathological_cov_mixed_low_vol_r01_s20260707,20,theta_067,1.1945891099631956,0.102490783842114,0.6416666666666667,0.15929643991096507,0.6518866118143313,3.1449852666666662
Training,syn_n100_k20_pathological_cov_mixed_low_vol_r01_s20260707,20,theta_076,1.1945891099631956,0.102490783842114,0.6416666666666667,0.15929643991096507,0.6518866118143313,3.042330503333333
Training,syn_n100_k20_pathological_cov_mixed_low_vol_r01_s20260707,20,theta_078,1.1945891099631956,0.102490783842114,0.6416666666666667,0.15929643991096507,0.6518866118143313,2.8678912600000004
Training,syn_n100_k20_pathological_cov_mixed_low_vol_r01_s20260707,20,theta_084,1.181741662952492,0.10796958384621672,0.5505555555555557,0.13935660595678076,0.5899872841058095,2.1549830299999995
Training,syn_n100_k20_pathological_cov_mixed_low_vol_r01_s20260707,20,theta_086,1.181741662952492,0.10796958384621672,0.5505555555555557,0.13935660595678076,0.5899872841058095,2.376330543333333
Training,syn_n100_k20_pathological_cov_mixed_low_vol_r01_s20260707,20,theta_089,1.181741662952492,0.10796958384621672,0.5505555555555557,0.13935660595678076,0.5899872841058095,3.008658143333334
Training,syn_n100_k20_pathological_cov_mixed_low_vol_r01_s20260707,20,theta_118,1.1887202322819561,0.12279978895345377,0.5813888888888887,0.16677937001276494,0.5818198284285977,2.8351501199999993
Training,syn_n100_k20_pathological_cov_mixed_low_vol_r01_s20260707,20,theta_131,1.1887202322819561,0.12279978895345377,0.5813888888888887,0.16677937001276494,0.5818198284285977,2.78731228
Training,syn_n100_k20_pathological_cov_mixed_low_vol_r01_s20260707,20,theta_132,1.1887202322819561,0.12279978895345377,0.5813888888888887,0.16677937001276494,0.5818198284285977,2.86932199
Training,syn_n100_k20_pathological_cov_mixed_low_vol_r01_s20260707,20,theta_144,1.1972089583656542,0.13861115739236826,0.5808333333333333,0.17785617393207392,0.5647659754039367,3.194043983333333
Training,syn_n100_k20_pathological_cov_mixed_low_vol_r01_s20260707,20,theta_159,1.1972089583656542,0.13861115739236826,0.5808333333333333,0.17785617393207392,0.5647659754039367,3.1210252733333332
Training,syn_n100_k20_pathological_cov_mixed_low_vol_r01_s20260707,20,theta_164,1.183454285441413,0.11337638066851329,0.5302777777777778,0.1766278625750847,0.6344889427710744,2.7018334966666666
Training,syn_n100_k20_pathological_cov_mixed_low_vol_r01_s20260707,20,theta_170,1.183454285441413,0.11337638066851329,0.5302777777777778,0.1766278625750847,0.6344889427710744,2.945400796666666
Training,syn_n100_k20_pathological_cov_mixed_low_vol_r01_s20260707,20,theta_175,1.183454285441413,0.11337638066851329,0.5302777777777778,0.1766278625750847,0.6344889427710744,2.872249483333334
Training,syn_n100_k20_pathological_cov_mixed_low_vol_r01_s20260707,20,theta_189,1.183454285441413,0.11337638066851329,0.5302777777777778,0.1766278625750847,0.6344889427710744,5.177279683333333
Training,syn_n100_k20_pathological_cov_mixed_low_vol_r01_s20260707,20,theta_200,1.1917711700632052,0.0434035529038714,0.7961111111111112,0.12727994927856018,0.8180597835466407,7.442037026666666
Training,syn_n100_k20_pathological_cov_mixed_low_vol_r01_s20260707,20,theta_223,1.1987118750755343,0.08525059665006393,0.7475000000000002,0.14061583095422195,0.7152726355931891,6.402434843333334
Training,syn_n100_k20_pathological_cov_mixed_low_vol_r01_s20260707,20,theta_234,1.1987118750755343,0.08525059665006393,0.7475000000000002,0.14061583095422195,0.7152726355931891,6.38833034
Training,syn_n100_k20_pathological_cov_mixed_low_vol_r01_s20260707,20,theta_237,1.1987118750755343,0.08525059665006393,0.7475000000000002,0.14061583095422195,0.7152726355931891,2.950754113333333
Training,syn_n100_k20_pathological_cov_normal_extreme_events_r02_s20260703,20,theta_011,0.9327734699049098,0.043444684007051704,0.46861111111111114,0.04445073924884348,1.0467243689831294,1.3967691000000002
Training,syn_n100_k20_pathological_cov_normal_extreme_events_r02_s20260703,20,theta_034,0.9437434095391097,0.06253209291298506,0.8586111111111112,0.09886571587314283,0.9736825822705405,2.299523216666666
Training,syn_n100_k20_pathological_cov_normal_extreme_events_r02_s20260703,20,theta_037,0.9437434095391097,0.06253209291298506,0.8586111111111112,0.09886571587314283,0.9736825822705405,2.282725923333333
Training,syn_n100_k20_pathological_cov_normal_extreme_events_r02_s20260703,20,theta_045,0.9437434095391097,0.06253209291298506,0.8586111111111112,0.09886571587314283,0.9736825822705405,2.9125151633333335
Training,syn_n100_k20_pathological_cov_normal_extreme_events_r02_s20260703,20,theta_047,0.9437434095391097,0.06253209291298506,0.8586111111111112,0.09886571587314283,0.9736825822705405,2.9032797300000004
Training,syn_n100_k20_pathological_cov_normal_extreme_events_r02_s20260703,20,theta_067,0.9817049361528867,0.007652179490181936,0.9769444444444446,0.015939866170970925,1.0873499090867769,3.4193383933333337
Training,syn_n100_k20_pathological_cov_normal_extreme_events_r02_s20260703,20,theta_076,0.9817049361528867,0.007652179490181936,0.9769444444444446,0.015939866170970925,1.0873499090867769,3.067700603333334
Training,syn_n100_k20_pathological_cov_normal_extreme_events_r02_s20260703,20,theta_078,0.9817049361528867,0.007652179490181936,0.9769444444444446,0.015939866170970925,1.0873499090867769,3.1755778233333336
Training,syn_n100_k20_pathological_cov_normal_extreme_events_r02_s20260703,20,theta_084,0.9426161706774503,0.02986624885969161,0.42277777777777764,0.038248253405683545,1.0766092853669087,2.180360443333334
Training,syn_n100_k20_pathological_cov_normal_extreme_events_r02_s20260703,20,theta_086,0.9426161706774503,0.02986624885969161,0.42277777777777764,0.038248253405683545,1.0766092853669087,2.7560238300000006
Training,syn_n100_k20_pathological_cov_normal_extreme_events_r02_s20260703,20,theta_089,0.9426161706774503,0.02986624885969161,0.42277777777777764,0.038248253405683545,1.0766092853669087,3.1086060499999997
Training,syn_n100_k20_pathological_cov_normal_extreme_events_r02_s20260703,20,theta_118,0.9651986162130829,0.016073985468929776,0.9347222222222221,0.026954961869424907,1.0943336561943164,3.262829003333334
Training,syn_n100_k20_pathological_cov_normal_extreme_events_r02_s20260703,20,theta_131,0.9651986162130829,0.016073985468929776,0.9347222222222221,0.026954961869424907,1.0943336561943164,3.130714046666667
Training,syn_n100_k20_pathological_cov_normal_extreme_events_r02_s20260703,20,theta_132,0.9651986162130829,0.016073985468929776,0.9347222222222221,0.026954961869424907,1.0943336561943164,3.0753886233333336
Training,syn_n100_k20_pathological_cov_normal_extreme_events_r02_s20260703,20,theta_144,0.9866186497354918,0.004906548248868598,0.9991666666666668,0.009957549870920452,1.0878620687457259,3.4156452133333337
Training,syn_n100_k20_pathological_cov_normal_extreme_events_r02_s20260703,20,theta_159,0.9866186497354918,0.004906548248868598,0.9991666666666668,0.009957549870920452,1.0878620687457259,3.4521594666666666
Training,syn_n100_k20_pathological_cov_normal_extreme_events_r02_s20260703,20,theta_164,0.9351563427781642,0.04224983401758143,0.49888888888888894,0.04648841816990609,1.0444473743315918,2.788474556666667
Training,syn_n100_k20_pathological_cov_normal_extreme_events_r02_s20260703,20,theta_170,0.9351563427781642,0.04224983401758143,0.49888888888888894,0.04648841816990609,1.0444473743315918,2.893503463333333
Training,syn_n100_k20_pathological_cov_normal_extreme_events_r02_s20260703,20,theta_175,0.9361575219937895,0.042601180998486615,0.49888888888888894,0.04679329348308485,1.0439922857013917,3.252115706666667
Training,syn_n100_k20_pathological_cov_normal_extreme_events_r02_s20260703,20,theta_189,0.9351563427781642,0.04224983401758143,0.49888888888888894,0.04648841816990609,1.0444473743315918,4.905752090000001
Training,syn_n100_k20_pathological_cov_normal_extreme_events_r02_s20260703,20,theta_200,0.9858939353851692,0.005920018861400001,0.9725,0.01899950470451024,1.089033513836181,7.812253716666665
Training,syn_n100_k20_pathological_cov_normal_extreme_events_r02_s20260703,20,theta_223,0.967413750713151,0.02649449930667403,0.9344444444444444,0.04024099839908297,1.0461374206399545,7.082032216666667
Training,syn_n100_k20_pathological_cov_normal_extreme_events_r02_s20260703,20,theta_234,0.967413750713151,0.02649449930667403,0.9344444444444444,0.04024099839908297,1.0461374206399545,7.589328806666667
Training,syn_n100_k20_pathological_cov_normal_extreme_events_r02_s20260703,20,theta_237,0.967413750713151,0.02649449930667403,0.9344444444444444,0.04024099839908297,1.0461374206399545,3.2018271166666668
Training,syn_n100_k20_pathological_cov_skewed_high_vol_r03_s20260709,20,theta_011,1.1787521448272682,0.024191593680048952,0.8563888888888888,0.012303161011950614,0.2990809390287822,1.4470453633333336
Training,syn_n100_k20_pathological_cov_skewed_high_vol_r03_s20260709,20,theta_034,1.1808872586625734,0.02082959130090376,0.866388888888889,0.0488145534014111,0.5417707145216544,2.1820734133333337
Training,syn_n100_k20_pathological_cov_skewed_high_vol_r03_s20260709,20,theta_037,1.1808872586625734,0.02082959130090376,0.866388888888889,0.0488145534014111,0.5417707145216544,2.1579164866666662
Training,syn_n100_k20_pathological_cov_skewed_high_vol_r03_s20260709,20,theta_045,1.1808872586625734,0.02082959130090376,0.866388888888889,0.0488145534014111,0.5417707145216544,2.6748873700000004
Training,syn_n100_k20_pathological_cov_skewed_high_vol_r03_s20260709,20,theta_047,1.1808872586625734,0.02082959130090376,0.866388888888889,0.0488145534014111,0.5417707145216544,3.0107318666666667
Training,syn_n100_k20_pathological_cov_skewed_high_vol_r03_s20260709,20,theta_067,1.1845771469677246,0.018426524567370924,0.9169444444444445,0.03246941212706284,0.4548753253989253,3.787984326666667
Training,syn_n100_k20_pathological_cov_skewed_high_vol_r03_s20260709,20,theta_076,1.1845771469677246,0.018426524567370924,0.9169444444444445,0.03246941212706284,0.4548753253989253,2.9033739599999993
Training,syn_n100_k20_pathological_cov_skewed_high_vol_r03_s20260709,20,theta_078,1.1845771469677246,0.018426524567370924,0.9169444444444445,0.03246941212706284,0.4548753253989253,2.978835196666667
Training,syn_n100_k20_pathological_cov_skewed_high_vol_r03_s20260709,20,theta_084,1.1822713555650273,0.022469309243474407,0.8766666666666669,0.03633440049571847,0.38981697171151836,2.218492603333333
Training,syn_n100_k20_pathological_cov_skewed_high_vol_r03_s20260709,20,theta_086,1.1822713555650273,0.022469309243474407,0.8766666666666669,0.03633440049571847,0.38981697171151836,2.706499513333334
Training,syn_n100_k20_pathological_cov_skewed_high_vol_r03_s20260709,20,theta_089,1.1822713555650273,0.022469309243474407,0.8766666666666669,0.03633440049571847,0.38981697171151836,3.2106401366666666
Training,syn_n100_k20_pathological_cov_skewed_high_vol_r03_s20260709,20,theta_118,1.1863019820941432,0.015858796899247393,0.9097222222222222,0.040686649045479466,0.5912161028081471,3.0802549333333333
Training,syn_n100_k20_pathological_cov_skewed_high_vol_r03_s20260709,20,theta_131,1.1863019820941432,0.015858796899247393,0.9097222222222222,0.040686649045479466,0.5912161028081471,3.0507642066666665
Training,syn_n100_k20_pathological_cov_skewed_high_vol_r03_s20260709,20,theta_132,1.1863019820941432,0.015858796899247393,0.9097222222222222,0.040686649045479466,0.5912161028081471,3.015757796666666
Training,syn_n100_k20_pathological_cov_skewed_high_vol_r03_s20260709,20,theta_144,1.185982383306229,0.018527067712098468,0.9241666666666668,0.016546447679706415,0.38859093558792,4.65448946
Training,syn_n100_k20_pathological_cov_skewed_high_vol_r03_s20260709,20,theta_159,1.185982383306229,0.018527067712098468,0.9241666666666668,0.016546447679706415,0.38859093558792,3.451976606666667
Training,syn_n100_k20_pathological_cov_skewed_high_vol_r03_s20260709,20,theta_164,1.1772896352692377,0.021943185185338623,0.8641666666666666,0.031227908993932817,0.38678113934850983,2.80237012
Training,syn_n100_k20_pathological_cov_skewed_high_vol_r03_s20260709,20,theta_170,1.1772896352692377,0.021943185185338623,0.8641666666666666,0.031227908993932817,0.38678113934850983,3.040992146666666
Training,syn_n100_k20_pathological_cov_skewed_high_vol_r03_s20260709,20,theta_175,1.1772896352692377,0.021943185185338623,0.8641666666666666,0.031227908993932817,0.38678113934850983,3.100488226666666
Training,syn_n100_k20_pathological_cov_skewed_high_vol_r03_s20260709,20,theta_189,1.1772896352692377,0.021943185185338623,0.8641666666666666,0.031227908993932817,0.38678113934850983,4.63923493
Training,syn_n100_k20_pathological_cov_skewed_high_vol_r03_s20260709,20,theta_200,1.1890108631272625,0.016057216205542176,0.9197222222222223,0.03684263273991196,0.5290185492229413,8.013345020000001
Training,syn_n100_k20_pathological_cov_skewed_high_vol_r03_s20260709,20,theta_223,1.1855170508140853,0.018225657796538376,0.9100000000000001,0.038269871241940416,0.4560745571190546,6.661407306666666
Training,syn_n100_k20_pathological_cov_skewed_high_vol_r03_s20260709,20,theta_234,1.1855170508140853,0.018225657796538376,0.9100000000000001,0.038269871241940416,0.4560745571190546,7.10507018
Training,syn_n100_k20_pathological_cov_skewed_high_vol_r03_s20260709,20,theta_237,1.1855170508140853,0.018225657796538376,0.9100000000000001,0.038269871241940416,0.4560745571190546,3.087360383333334
Training,syn_n100_k30_cluster_corr_heavy_tail_low_vol_r02_s20260711,30,theta_011,0.9326306511351616,0.09776222034342126,0.7091666666666668,0.01974609731550546,0.640030321903229,1.5100030233333335
Training,syn_n100_k30_cluster_corr_heavy_tail_low_vol_r02_s20260711,30,theta_034,0.951674383788455,0.08480648127306997,0.3822222222222222,0.039781487598641946,0.8043616477981695,2.319111373333333
Training,syn_n100_k30_cluster_corr_heavy_tail_low_vol_r02_s20260711,30,theta_037,0.951674383788455,0.08480648127306997,0.3822222222222222,0.039781487598641946,0.8043616477981695,2.282724536666667
Training,syn_n100_k30_cluster_corr_heavy_tail_low_vol_r02_s20260711,30,theta_045,0.951674383788455,0.08480648127306997,0.3822222222222222,0.039781487598641946,0.8043616477981695,2.793280726666667
Training,syn_n100_k30_cluster_corr_heavy_tail_low_vol_r02_s20260711,30,theta_047,0.951674383788455,0.08480648127306997,0.3822222222222222,0.039781487598641946,0.8043616477981695,3.090473403333334
Training,syn_n100_k30_cluster_corr_heavy_tail_low_vol_r02_s20260711,30,theta_067,0.9277569209124952,0.09314654178154678,0.5408333333333335,0.03705101947519197,0.7103704523234329,3.773843896666667
Training,syn_n100_k30_cluster_corr_heavy_tail_low_vol_r02_s20260711,30,theta_076,0.9277569209124952,0.09314654178154678,0.5408333333333335,0.03705101947519197,0.7103704523234329,2.9529624933333327
Training,syn_n100_k30_cluster_corr_heavy_tail_low_vol_r02_s20260711,30,theta_078,0.9277569209124952,0.09314654178154678,0.5408333333333335,0.03705101947519197,0.7103704523234329,3.0688411933333337
Training,syn_n100_k30_cluster_corr_heavy_tail_low_vol_r02_s20260711,30,theta_084,0.9566847605122896,0.08482965939625892,0.7402777777777778,0.03712991041765748,0.7147151366029375,2.3038742199999995
Training,syn_n100_k30_cluster_corr_heavy_tail_low_vol_r02_s20260711,30,theta_086,0.9566847605122896,0.08482965939625892,0.7402777777777778,0.03712991041765748,0.7147151366029375,2.738315533333333
Training,syn_n100_k30_cluster_corr_heavy_tail_low_vol_r02_s20260711,30,theta_089,0.9566847605122896,0.08482965939625892,0.7402777777777778,0.03712991041765748,0.7147151366029375,3.3875376499999996
Training,syn_n100_k30_cluster_corr_heavy_tail_low_vol_r02_s20260711,30,theta_118,0.9631534886607869,0.07152835842760544,0.38361111111111107,0.04365215681248805,0.8817946670370935,3.286124833333333
Training,syn_n100_k30_cluster_corr_heavy_tail_low_vol_r02_s20260711,30,theta_131,0.9631534886607869,0.07152835842760544,0.38361111111111107,0.04365215681248805,0.8817946670370935,2.959916916666667
Training,syn_n100_k30_cluster_corr_heavy_tail_low_vol_r02_s20260711,30,theta_132,0.9631534886607869,0.07152835842760544,0.38361111111111107,0.04365215681248805,0.8817946670370935,3.159658163333333
Training,syn_n100_k30_cluster_corr_heavy_tail_low_vol_r02_s20260711,30,theta_144,0.9576684515756017,0.08107743064043198,0.6327777777777778,0.03659610206821698,0.7542822607086613,5.233643003333333
Training,syn_n100_k30_cluster_corr_heavy_tail_low_vol_r02_s20260711,30,theta_159,0.9576684515756017,0.08107743064043198,0.6327777777777778,0.03659610206821698,0.7542822607086613,5.632770556666667
Training,syn_n100_k30_cluster_corr_heavy_tail_low_vol_r02_s20260711,30,theta_164,0.9636856305667563,0.07973807209742449,0.7247222222222223,0.03785787785462037,0.738720806276496,2.9786960366666673
Training,syn_n100_k30_cluster_corr_heavy_tail_low_vol_r02_s20260711,30,theta_170,0.9636856305667563,0.07973807209742449,0.7247222222222223,0.03785787785462037,0.738720806276496,3.1100979200000003
Training,syn_n100_k30_cluster_corr_heavy_tail_low_vol_r02_s20260711,30,theta_175,0.9636856305667563,0.07973807209742449,0.7247222222222223,0.03785787785462037,0.738720806276496,3.1521634400000003
Training,syn_n100_k30_cluster_corr_heavy_tail_low_vol_r02_s20260711,30,theta_189,0.9636856305667563,0.07973807209742449,0.7247222222222223,0.03785787785462037,0.738720806276496,4.801402649999999
Training,syn_n100_k30_cluster_corr_heavy_tail_low_vol_r02_s20260711,30,theta_200,0.9887052201939386,0.0642418765898366,0.36999999999999994,0.07595531874537342,0.9477079657773817,8.85495648
Training,syn_n100_k30_cluster_corr_heavy_tail_low_vol_r02_s20260711,30,theta_223,0.9663290255932048,0.07336021683412695,0.5705555555555556,0.034406597716810525,0.8169558981060719,7.023214079999999
Training,syn_n100_k30_cluster_corr_heavy_tail_low_vol_r02_s20260711,30,theta_234,0.9663290255932048,0.07336021683412695,0.5705555555555556,0.034406597716810525,0.8169558981060719,7.26767599
Training,syn_n100_k30_cluster_corr_heavy_tail_low_vol_r02_s20260711,30,theta_237,0.9663290255932048,0.07336021683412695,0.5705555555555556,0.034406597716810525,0.8169558981060719,3.3006648566666668
Training,syn_n100_k30_cluster_corr_mixed_extreme_events_r03_s20260716,30,theta_011,1.0025094438184368,0.05500698476867177,0.7352777777777778,0.022675276726694234,0.6551035260932248,1.4843766266666665
Training,syn_n100_k30_cluster_corr_mixed_extreme_events_r03_s20260716,30,theta_034,1.003702063910583,0.06208464698995831,0.21388888888888893,0.04689218522555743,0.890571977176439,2.3286698399999994
Training,syn_n100_k30_cluster_corr_mixed_extreme_events_r03_s20260716,30,theta_037,1.003702063910583,0.06208464698995831,0.21388888888888893,0.04689218522555743,0.890571977176439,2.2740770833333332
Training,syn_n100_k30_cluster_corr_mixed_extreme_events_r03_s20260716,30,theta_045,1.003702063910583,0.06208464698995831,0.21388888888888893,0.04689218522555743,0.890571977176439,2.743194303333334
Training,syn_n100_k30_cluster_corr_mixed_extreme_events_r03_s20260716,30,theta_047,1.003702063910583,0.06208464698995831,0.21388888888888893,0.04689218522555743,0.890571977176439,3.0672060533333325
Training,syn_n100_k30_cluster_corr_mixed_extreme_events_r03_s20260716,30,theta_067,1.0032850572907281,0.05661201127131722,0.4091666666666667,0.03755911109393688,0.774342259693216,3.9259680733333338
Training,syn_n100_k30_cluster_corr_mixed_extreme_events_r03_s20260716,30,theta_076,1.0032850572907281,0.05661201127131722,0.4091666666666667,0.03755911109393688,0.774342259693216,3.0767440266666664
Training,syn_n100_k30_cluster_corr_mixed_extreme_events_r03_s20260716,30,theta_078,1.0032850572907281,0.05661201127131722,0.4091666666666667,0.03755911109393688,0.774342259693216,3.185585623333333
Training,syn_n100_k30_cluster_corr_mixed_extreme_events_r03_s20260716,30,theta_084,1.0220227863283726,0.048355730014117526,0.7616666666666668,0.03460312423765661,0.7206317820924893,2.3210960066666666
Training,syn_n100_k30_cluster_corr_mixed_extreme_events_r03_s20260716,30,theta_086,1.0220227863283726,0.048355730014117526,0.7616666666666668,0.03460312423765661,0.7206317820924893,2.8213146033333336
Training,syn_n100_k30_cluster_corr_mixed_extreme_events_r03_s20260716,30,theta_089,1.0220227863283726,0.048355730014117526,0.7616666666666668,0.03460312423765661,0.7206317820924893,3.1637252500000006
Training,syn_n100_k30_cluster_corr_mixed_extreme_events_r03_s20260716,30,theta_118,1.016979464645646,0.052962192673097395,0.2527777777777778,0.0555418804339558,0.9444661551133382,3.063687513333333
Training,syn_n100_k30_cluster_corr_mixed_extreme_events_r03_s20260716,30,theta_131,1.016979464645646,0.052962192673097395,0.2527777777777778,0.0555418804339558,0.9444661551133382,3.024089826666667
Training,syn_n100_k30_cluster_corr_mixed_extreme_events_r03_s20260716,30,theta_132,1.016979464645646,0.052962192673097395,0.2527777777777778,0.0555418804339558,0.9444661551133382,3.1252960099999996
Training,syn_n100_k30_cluster_corr_mixed_extreme_events_r03_s20260716,30,theta_144,0.9968390043347408,0.05537300466199915,0.48138888888888887,0.04229492321821591,0.7625140361775055,5.059657096666667
Training,syn_n100_k30_cluster_corr_mixed_extreme_events_r03_s20260716,30,theta_159,0.9968390043347408,0.05537300466199915,0.48138888888888887,0.04229492321821591,0.7625140361775055,5.057855246666667
Training,syn_n100_k30_cluster_corr_mixed_extreme_events_r03_s20260716,30,theta_164,1.0263827642629937,0.045752995853464255,0.7397222222222221,0.03481631982801533,0.7616549881527671,2.9088838633333336
Training,syn_n100_k30_cluster_corr_mixed_extreme_events_r03_s20260716,30,theta_170,1.0263827642629937,0.045752995853464255,0.7397222222222221,0.03481631982801533,0.7616549881527671,3.0049647800000003
Training,syn_n100_k30_cluster_corr_mixed_extreme_events_r03_s20260716,30,theta_175,1.0263827642629937,0.045752995853464255,0.7397222222222221,0.03481631982801533,0.7616549881527671,3.138735586666667
Training,syn_n100_k30_cluster_corr_mixed_extreme_events_r03_s20260716,30,theta_189,1.0263827642629937,0.045752995853464255,0.7397222222222221,0.03481631982801533,0.7616549881527671,4.437411013333333
Training,syn_n100_k30_cluster_corr_mixed_extreme_events_r03_s20260716,30,theta_200,1.011079234382536,0.05776158633207951,0.2416666666666667,0.06338583343828867,0.929194147382672,9.39768634
Training,syn_n100_k30_cluster_corr_mixed_extreme_events_r03_s20260716,30,theta_223,0.9941924877200013,0.05709266561515194,0.40527777777777785,0.046342091526135026,0.804153233693198,6.896820756666668
Training,syn_n100_k30_cluster_corr_mixed_extreme_events_r03_s20260716,30,theta_234,0.9941924877200013,0.05709266561515194,0.40527777777777785,0.046342091526135026,0.804153233693198,7.1452310899999985
Training,syn_n100_k30_cluster_corr_mixed_extreme_events_r03_s20260716,30,theta_237,0.9941924877200013,0.05709266561515194,0.40527777777777785,0.046342091526135026,0.804153233693198,3.278300263333334
Training,syn_n100_k30_cluster_corr_skewed_high_vol_r01_s20260714,30,theta_011,0.9928276919174776,0.0625174960109021,0.6733333333333332,0.042730990749875984,0.7480504034875467,1.5235188166666669
Training,syn_n100_k30_cluster_corr_skewed_high_vol_r01_s20260714,30,theta_034,0.995262200764823,0.05834237521234192,0.33333333333333326,0.05132285160698671,0.9284531915533157,2.3251778033333332
Training,syn_n100_k30_cluster_corr_skewed_high_vol_r01_s20260714,30,theta_037,0.995262200764823,0.05834237521234192,0.33333333333333326,0.05132285160698671,0.9284531915533157,2.3566877833333333
Training,syn_n100_k30_cluster_corr_skewed_high_vol_r01_s20260714,30,theta_045,0.995262200764823,0.05834237521234192,0.33333333333333326,0.05132285160698671,0.9284531915533157,2.7653668699999994
Training,syn_n100_k30_cluster_corr_skewed_high_vol_r01_s20260714,30,theta_047,0.995262200764823,0.05834237521234192,0.33333333333333326,0.05132285160698671,0.9284531915533157,3.0444251633333335
Training,syn_n100_k30_cluster_corr_skewed_high_vol_r01_s20260714,30,theta_067,0.9856234050074534,0.06401333573481047,0.47277777777777785,0.044481252127637975,0.7717139194207809,3.8740966666666674
Training,syn_n100_k30_cluster_corr_skewed_high_vol_r01_s20260714,30,theta_076,0.9856234050074534,0.06401333573481047,0.47277777777777785,0.044481252127637975,0.7717139194207809,3.0204877866666666
Training,syn_n100_k30_cluster_corr_skewed_high_vol_r01_s20260714,30,theta_078,0.9856234050074534,0.06401333573481047,0.47277777777777785,0.044481252127637975,0.7717139194207809,3.01670266
Training,syn_n100_k30_cluster_corr_skewed_high_vol_r01_s20260714,30,theta_084,1.0105841688730697,0.05281448325604986,0.6980555555555557,0.04443776810114561,0.7962779423895967,2.392533523333333
Training,syn_n100_k30_cluster_corr_skewed_high_vol_r01_s20260714,30,theta_086,1.0105841688730697,0.05281448325604986,0.6980555555555557,0.04443776810114561,0.7962779423895967,2.929652833333333
Training,syn_n100_k30_cluster_corr_skewed_high_vol_r01_s20260714,30,theta_089,1.0105841688730697,0.05281448325604986,0.6980555555555557,0.04443776810114561,0.7962779423895967,3.31043669
Training,syn_n100_k30_cluster_corr_skewed_high_vol_r01_s20260714,30,theta_118,1.0058252360326851,0.056379281624150866,0.33833333333333326,0.049951440335058564,0.906129319828867,3.0739665600000006
Training,syn_n100_k30_cluster_corr_skewed_high_vol_r01_s20260714,30,theta_131,1.0058252360326851,0.056379281624150866,0.33833333333333326,0.049951440335058564,0.906129319828867,3.031319063333333
Training,syn_n100_k30_cluster_corr_skewed_high_vol_r01_s20260714,30,theta_132,1.0058252360326851,0.056379281624150866,0.33833333333333326,0.049951440335058564,0.906129319828867,3.2785604433333337
Training,syn_n100_k30_cluster_corr_skewed_high_vol_r01_s20260714,30,theta_144,0.9810600730316618,0.0634681474614199,0.5369444444444444,0.05694411852569165,0.7922484914533384,4.912177606666668
Training,syn_n100_k30_cluster_corr_skewed_high_vol_r01_s20260714,30,theta_159,0.9810600730316618,0.0634681474614199,0.5369444444444444,0.05694411852569165,0.7922484914533384,4.5958613633333325
Training,syn_n100_k30_cluster_corr_skewed_high_vol_r01_s20260714,30,theta_164,1.018520719744744,0.051626721146828494,0.6919444444444444,0.036101365742705685,0.7948012077303948,2.9283608033333333
Training,syn_n100_k30_cluster_corr_skewed_high_vol_r01_s20260714,30,theta_170,1.018520719744744,0.051626721146828494,0.6919444444444444,0.036101365742705685,0.7948012077303948,3.165336266666667
Training,syn_n100_k30_cluster_corr_skewed_high_vol_r01_s20260714,30,theta_175,1.018520719744744,0.051626721146828494,0.6919444444444444,0.036101365742705685,0.7948012077303948,3.235485216666667
Training,syn_n100_k30_cluster_corr_skewed_high_vol_r01_s20260714,30,theta_189,1.018520719744744,0.051626721146828494,0.6919444444444444,0.036101365742705685,0.7948012077303948,4.316919436666667
Training,syn_n100_k30_cluster_corr_skewed_high_vol_r01_s20260714,30,theta_200,1.0021066040888462,0.0573335940264994,0.30416666666666664,0.07466466244736422,0.9696619968722805,9.543115283333332
Training,syn_n100_k30_cluster_corr_skewed_high_vol_r01_s20260714,30,theta_223,0.9877506493785179,0.06073536277054487,0.49777777777777776,0.03801903063160188,0.8093666991978715,7.017954129999999
Training,syn_n100_k30_cluster_corr_skewed_high_vol_r01_s20260714,30,theta_234,0.9877506493785179,0.06073536277054487,0.49777777777777776,0.03801903063160188,0.8093666991978715,6.82393887
Training,syn_n100_k30_cluster_corr_skewed_high_vol_r01_s20260714,30,theta_237,0.9877506493785179,0.06073536277054487,0.49777777777777776,0.03801903063160188,0.8093666991978715,3.1796400033333336
Training,syn_n100_k30_high_corr_heavy_tail_extreme_events_r01_s20260722,30,theta_011,0.9899311682766825,0.05401873370707898,0.6591666666666666,0.09646273420907915,0.9606024607756282,1.4711612800000002
Training,syn_n100_k30_high_corr_heavy_tail_extreme_events_r01_s20260722,30,theta_034,0.9724979930970394,0.0647492545590696,0.4122222222222222,0.11033142985964502,1.032249157315598,2.2695954233333335
Training,syn_n100_k30_high_corr_heavy_tail_extreme_events_r01_s20260722,30,theta_037,0.9724979930970394,0.0647492545590696,0.4122222222222222,0.11033142985964502,1.032249157315598,2.2291684133333334
Training,syn_n100_k30_high_corr_heavy_tail_extreme_events_r01_s20260722,30,theta_045,0.9724979930970394,0.0647492545590696,0.4122222222222222,0.11033142985964502,1.032249157315598,2.827717486666667
Training,syn_n100_k30_high_corr_heavy_tail_extreme_events_r01_s20260722,30,theta_047,0.9724979930970394,0.0647492545590696,0.4122222222222222,0.11033142985964502,1.032249157315598,2.9428059366666663
Training,syn_n100_k30_high_corr_heavy_tail_extreme_events_r01_s20260722,30,theta_067,0.9991368269138273,0.04132407620429683,0.6472222222222221,0.10022880589107229,1.0639843918985392,3.204573976666667
Training,syn_n100_k30_high_corr_heavy_tail_extreme_events_r01_s20260722,30,theta_076,0.9991368269138273,0.04132407620429683,0.6472222222222221,0.10022880589107229,1.0639843918985392,2.9895688333333337
Training,syn_n100_k30_high_corr_heavy_tail_extreme_events_r01_s20260722,30,theta_078,0.9991368269138273,0.04132407620429683,0.6472222222222221,0.10022880589107229,1.0639843918985392,3.1258774399999996
Training,syn_n100_k30_high_corr_heavy_tail_extreme_events_r01_s20260722,30,theta_084,0.9913529077388145,0.047381262924957715,0.6694444444444444,0.1037993058189325,1.000475978284572,2.3331218733333334
Training,syn_n100_k30_high_corr_heavy_tail_extreme_events_r01_s20260722,30,theta_086,0.9913529077388145,0.047381262924957715,0.6694444444444444,0.1037993058189325,1.000475978284572,2.503227566666667
Training,syn_n100_k30_high_corr_heavy_tail_extreme_events_r01_s20260722,30,theta_089,0.9913529077388145,0.047381262924957715,0.6694444444444444,0.1037993058189325,1.000475978284572,2.390051386666667
Training,syn_n100_k30_high_corr_heavy_tail_extreme_events_r01_s20260722,30,theta_118,0.9717258350158061,0.07080109862852642,0.48916666666666664,0.1419036435083821,1.0095034886965557,3.1007222633333322
Training,syn_n100_k30_high_corr_heavy_tail_extreme_events_r01_s20260722,30,theta_131,0.9717258350158061,0.07080109862852642,0.48916666666666664,0.1419036435083821,1.0095034886965557,2.9639741566666666
Training,syn_n100_k30_high_corr_heavy_tail_extreme_events_r01_s20260722,30,theta_132,0.9717258350158061,0.07080109862852642,0.48916666666666664,0.1419036435083821,1.0095034886965557,3.1213626233333334
Training,syn_n100_k30_high_corr_heavy_tail_extreme_events_r01_s20260722,30,theta_144,0.9678865197624383,0.08377157542334356,0.5155555555555557,0.15266253996717333,0.914480947490181,4.769336176666667
Training,syn_n100_k30_high_corr_heavy_tail_extreme_events_r01_s20260722,30,theta_159,0.9678865197624383,0.08377157542334356,0.5155555555555557,0.15266253996717333,0.914480947490181,5.11680336
Training,syn_n100_k30_high_corr_heavy_tail_extreme_events_r01_s20260722,30,theta_164,0.9672295138591971,0.09139793891123159,0.6597222222222222,0.12836970260206731,0.8356159246118801,2.7762028200000004
Training,syn_n100_k30_high_corr_heavy_tail_extreme_events_r01_s20260722,30,theta_170,0.9672295138591971,0.09139793891123159,0.6597222222222222,0.12836970260206731,0.8356159246118801,3.06312415
Training,syn_n100_k30_high_corr_heavy_tail_extreme_events_r01_s20260722,30,theta_175,0.9672295138591971,0.09139793891123159,0.6597222222222222,0.12836970260206731,0.8356159246118801,3.0334276566666665
Training,syn_n100_k30_high_corr_heavy_tail_extreme_events_r01_s20260722,30,theta_189,0.9672295138591971,0.09139793891123159,0.6597222222222222,0.12836970260206731,0.8356159246118801,2.587939693333334
Training,syn_n100_k30_high_corr_heavy_tail_extreme_events_r01_s20260722,30,theta_200,0.9739876747162645,0.07513411346433845,0.5002777777777777,0.15191603460850045,0.9932146113738001,9.358779046666665
Training,syn_n100_k30_high_corr_heavy_tail_extreme_events_r01_s20260722,30,theta_223,1.0134425984278728,0.026366083343139612,0.6436111111111112,0.07014398334453736,1.1191528080563038,6.821370623333333
Training,syn_n100_k30_high_corr_heavy_tail_extreme_events_r01_s20260722,30,theta_234,1.0134425984278728,0.026366083343139612,0.6436111111111112,0.07014398334453736,1.1191528080563038,6.67209437
Training,syn_n100_k30_high_corr_heavy_tail_extreme_events_r01_s20260722,30,theta_237,1.0134425984278728,0.026366083343139612,0.6436111111111112,0.07014398334453736,1.1191528080563038,3.084502833333333
Training,syn_n100_k30_high_corr_mixed_high_vol_r02_s20260713,30,theta_011,1.0574045287621905,0.016213940649316697,0.885,0.013563192212799776,0.7215392442507588,1.561568613333333
Training,syn_n100_k30_high_corr_mixed_high_vol_r02_s20260713,30,theta_034,1.0295153425909052,0.03716906061792876,0.3483333333333333,0.051471470712248564,0.8884261154882578,2.26626
Training,syn_n100_k30_high_corr_mixed_high_vol_r02_s20260713,30,theta_037,1.0295153425909052,0.03716906061792876,0.3483333333333333,0.051471470712248564,0.8884261154882578,2.3759004533333337
Training,syn_n100_k30_high_corr_mixed_high_vol_r02_s20260713,30,theta_045,1.0295153425909052,0.03716906061792876,0.3483333333333333,0.051471470712248564,0.8884261154882578,3.010219293333334
Training,syn_n100_k30_high_corr_mixed_high_vol_r02_s20260713,30,theta_047,1.0295153425909052,0.03716906061792876,0.3483333333333333,0.051471470712248564,0.8884261154882578,3.0856859799999996
Training,syn_n100_k30_high_corr_mixed_high_vol_r02_s20260713,30,theta_067,1.050692109166499,0.023013156980332072,0.5705555555555557,0.03196401870097422,0.8293783357218423,3.5059826566666663
Training,syn_n100_k30_high_corr_mixed_high_vol_r02_s20260713,30,theta_076,1.050692109166499,0.023013156980332072,0.5705555555555557,0.03196401870097422,0.8293783357218423,3.1488382400000003
Training,syn_n100_k30_high_corr_mixed_high_vol_r02_s20260713,30,theta_078,1.050692109166499,0.023013156980332072,0.5705555555555557,0.03196401870097422,0.8293783357218423,3.24081072
Training,syn_n100_k30_high_corr_mixed_high_vol_r02_s20260713,30,theta_084,1.0623926096832947,0.014482405618665052,0.8986111111111111,0.019082929083797048,0.7631565711145842,2.3563361266666667
Training,syn_n100_k30_high_corr_mixed_high_vol_r02_s20260713,30,theta_086,1.0623926096832947,0.014482405618665052,0.8986111111111111,0.019082929083797048,0.7631565711145842,2.7625235066666667
Training,syn_n100_k30_high_corr_mixed_high_vol_r02_s20260713,30,theta_089,1.0623926096832947,0.014482405618665052,0.8986111111111111,0.019082929083797048,0.7631565711145842,3.261613449999999
Training,syn_n100_k30_high_corr_mixed_high_vol_r02_s20260713,30,theta_118,1.0318148214559464,0.03358645981973132,0.40222222222222226,0.061083221407402126,0.8951990031905332,3.3303174999999996
Training,syn_n100_k30_high_corr_mixed_high_vol_r02_s20260713,30,theta_131,1.0318148214559464,0.03358645981973132,0.40222222222222226,0.061083221407402126,0.8951990031905332,3.03639013
Training,syn_n100_k30_high_corr_mixed_high_vol_r02_s20260713,30,theta_132,1.0318148214559464,0.03358645981973132,0.40222222222222226,0.061083221407402126,0.8951990031905332,3.1143323499999997
Training,syn_n100_k30_high_corr_mixed_high_vol_r02_s20260713,30,theta_144,1.0549591366317717,0.021473634669917075,0.5538888888888888,0.024290853498357343,0.8074321869951092,5.038909356666666
Training,syn_n100_k30_high_corr_mixed_high_vol_r02_s20260713,30,theta_159,1.0549591366317717,0.021473634669917075,0.5538888888888888,0.024290853498357343,0.8074321869951092,4.465689016666667
Training,syn_n100_k30_high_corr_mixed_high_vol_r02_s20260713,30,theta_164,1.0583798058651002,0.015456464031603927,0.8572222222222223,0.025084673362479236,0.756827952373746,3.0136930866666662
Training,syn_n100_k30_high_corr_mixed_high_vol_r02_s20260713,30,theta_170,1.0583798058651002,0.015456464031603927,0.8572222222222223,0.025084673362479236,0.756827952373746,3.1443381600000007
Training,syn_n100_k30_high_corr_mixed_high_vol_r02_s20260713,30,theta_175,1.0583798058651002,0.015456464031603927,0.8572222222222223,0.025084673362479236,0.756827952373746,3.0938175833333337
Training,syn_n100_k30_high_corr_mixed_high_vol_r02_s20260713,30,theta_189,1.0583798058651002,0.015456464031603927,0.8572222222222223,0.025084673362479236,0.756827952373746,2.692809316666667
Training,syn_n100_k30_high_corr_mixed_high_vol_r02_s20260713,30,theta_200,1.0445687259498755,0.030846601271542633,0.49666666666666676,0.05386651023649309,0.914831372558237,8.027819776666668
Training,syn_n100_k30_high_corr_mixed_high_vol_r02_s20260713,30,theta_223,1.0557452678558163,0.022211841307353587,0.4844444444444445,0.026472844147700698,0.854632945927751,7.2435362633333344
Training,syn_n100_k30_high_corr_mixed_high_vol_r02_s20260713,30,theta_234,1.0557452678558163,0.022211841307353587,0.4844444444444445,0.026472844147700698,0.854632945927751,7.290438923333332
Training,syn_n100_k30_high_corr_mixed_high_vol_r02_s20260713,30,theta_237,1.0557452678558163,0.022211841307353587,0.4844444444444445,0.026472844147700698,0.854632945927751,3.210342043333333
Training,syn_n100_k30_high_corr_normal_low_vol_r03_s20260718,30,theta_011,0.9383918449111313,0.044555761860597946,0.6675,0.11704560856164675,1.0683006950306388,1.5592951566666666
Training,syn_n100_k30_high_corr_normal_low_vol_r03_s20260718,30,theta_034,0.9146360052993857,0.051330797500055404,0.18194444444444444,0.0705007709618463,1.1449891047703775,2.2540409733333333
Training,syn_n100_k30_high_corr_normal_low_vol_r03_s20260718,30,theta_037,0.9146360052993857,0.051330797500055404,0.18194444444444444,0.0705007709618463,1.1449891047703775,2.3581107066666664
Training,syn_n100_k30_high_corr_normal_low_vol_r03_s20260718,30,theta_045,0.9146360052993857,0.051330797500055404,0.18194444444444444,0.0705007709618463,1.1449891047703775,2.7353189399999995
Training,syn_n100_k30_high_corr_normal_low_vol_r03_s20260718,30,theta_047,0.9146360052993857,0.051330797500055404,0.18194444444444444,0.0705007709618463,1.1449891047703775,3.0310538133333336
Training,syn_n100_k30_high_corr_normal_low_vol_r03_s20260718,30,theta_067,0.9269374851997156,0.04193847104530941,0.23833333333333334,0.06181201059184113,1.1015728006551428,3.5957690333333328
Training,syn_n100_k30_high_corr_normal_low_vol_r03_s20260718,30,theta_076,0.9269374851997156,0.04193847104530941,0.23833333333333334,0.06181201059184113,1.1015728006551428,3.055934553333333
Training,syn_n100_k30_high_corr_normal_low_vol_r03_s20260718,30,theta_078,0.9269374851997156,0.04193847104530941,0.23833333333333334,0.06181201059184113,1.1015728006551428,3.05321042
Training,syn_n100_k30_high_corr_normal_low_vol_r03_s20260718,30,theta_084,0.9650727869961744,0.019440069264638815,0.7891666666666668,0.05965769873471258,1.1632721194071765,2.32730926
Training,syn_n100_k30_high_corr_normal_low_vol_r03_s20260718,30,theta_086,0.9650727869961744,0.019440069264638815,0.7891666666666668,0.05965769873471258,1.1632721194071765,2.955418776666667
Training,syn_n100_k30_high_corr_normal_low_vol_r03_s20260718,30,theta_089,0.9650727869961744,0.019440069264638815,0.7891666666666668,0.05965769873471258,1.1632721194071765,3.344994416666667
Training,syn_n100_k30_high_corr_normal_low_vol_r03_s20260718,30,theta_118,0.9365708657637107,0.03645284188201427,0.2513888888888889,0.06363560737969189,1.205156672577946,3.1806383000000005
Training,syn_n100_k30_high_corr_normal_low_vol_r03_s20260718,30,theta_131,0.9365708657637107,0.03645284188201427,0.2513888888888889,0.06363560737969189,1.205156672577946,3.08521254
Training,syn_n100_k30_high_corr_normal_low_vol_r03_s20260718,30,theta_132,0.9365708657637107,0.03645284188201427,0.2513888888888889,0.06363560737969189,1.205156672577946,2.977773666666667
Training,syn_n100_k30_high_corr_normal_low_vol_r03_s20260718,30,theta_144,0.9296925960116253,0.040976282572149185,0.25416666666666665,0.06610414971712644,1.1320777130382746,4.133377763333333
Training,syn_n100_k30_high_corr_normal_low_vol_r03_s20260718,30,theta_159,0.9296925960116253,0.040976282572149185,0.25416666666666665,0.06610414971712644,1.1320777130382746,4.6250175533333335
Training,syn_n100_k30_high_corr_normal_low_vol_r03_s20260718,30,theta_164,0.9674928351063637,0.017595638964262677,0.84,0.0650307576852598,1.1861850045902416,3.081663296666666
Training,syn_n100_k30_high_corr_normal_low_vol_r03_s20260718,30,theta_170,0.9674928351063637,0.017595638964262677,0.84,0.0650307576852598,1.1861850045902416,3.1904716866666663
Training,syn_n100_k30_high_corr_normal_low_vol_r03_s20260718,30,theta_175,0.9674928351063637,0.017595638964262677,0.84,0.0650307576852598,1.1861850045902416,3.1429466566666666
Training,syn_n100_k30_high_corr_normal_low_vol_r03_s20260718,30,theta_189,0.9674928351063637,0.017595638964262677,0.84,0.0650307576852598,1.1861850045902416,2.69286082
Training,syn_n100_k30_high_corr_normal_low_vol_r03_s20260718,30,theta_200,0.9322850030352517,0.03914113406778544,0.2808333333333333,0.0610537634574961,1.2010178330512,6.969631646666667
Training,syn_n100_k30_high_corr_normal_low_vol_r03_s20260718,30,theta_223,0.9305796255121748,0.04163559506027504,0.2797222222222222,0.08039546995291748,1.1366349492301002,6.828541950000001
Training,syn_n100_k30_high_corr_normal_low_vol_r03_s20260718,30,theta_234,0.9305796255121748,0.04163559506027504,0.2797222222222222,0.08039546995291748,1.1366349492301002,6.78302947
Training,syn_n100_k30_high_corr_normal_low_vol_r03_s20260718,30,theta_237,0.9305796255121748,0.04163559506027504,0.2797222222222222,0.08039546995291748,1.1366349492301002,3.1461858633333333
Training,syn_n100_k30_low_corr_heavy_tail_high_vol_r03_s20260720,30,theta_011,0.9975947260241897,0.023620763228205346,0.7538888888888889,0.05418396665452455,0.9496470897122459,1.46360756
Training,syn_n100_k30_low_corr_heavy_tail_high_vol_r03_s20260720,30,theta_034,0.8355952248896032,0.08691180589996167,0.29250000000000004,0.05882129828516745,0.6600140256492757,2.1434525933333335
Training,syn_n100_k30_low_corr_heavy_tail_high_vol_r03_s20260720,30,theta_037,0.8355952248896032,0.08691180589996167,0.29250000000000004,0.05882129828516745,0.6600140256492757,2.178190626666667
Training,syn_n100_k30_low_corr_heavy_tail_high_vol_r03_s20260720,30,theta_045,0.8355952248896032,0.08691180589996167,0.29250000000000004,0.05882129828516745,0.6600140256492757,2.653782556666667
Training,syn_n100_k30_low_corr_heavy_tail_high_vol_r03_s20260720,30,theta_047,0.8355952248896032,0.08691180589996167,0.29250000000000004,0.05882129828516745,0.6600140256492757,2.880557753333333
Training,syn_n100_k30_low_corr_heavy_tail_high_vol_r03_s20260720,30,theta_067,0.9177738853670631,0.055005294754688454,0.4855555555555556,0.06914402685998358,0.7664746265579498,2.36762827
Training,syn_n100_k30_low_corr_heavy_tail_high_vol_r03_s20260720,30,theta_076,0.9177738853670631,0.055005294754688454,0.4855555555555556,0.06914402685998358,0.7664746265579498,3.0501292600000003
Training,syn_n100_k30_low_corr_heavy_tail_high_vol_r03_s20260720,30,theta_078,0.9177738853670631,0.055005294754688454,0.4855555555555556,0.06914402685998358,0.7664746265579498,3.0311826133333333
Training,syn_n100_k30_low_corr_heavy_tail_high_vol_r03_s20260720,30,theta_084,0.9988016877667668,0.02439726739600167,0.8047222222222223,0.050995330671081154,0.9237737148453324,2.2999654066666664
Training,syn_n100_k30_low_corr_heavy_tail_high_vol_r03_s20260720,30,theta_086,0.9988016877667668,0.02439726739600167,0.8047222222222223,0.050995330671081154,0.9237737148453324,2.86216949
Training,syn_n100_k30_low_corr_heavy_tail_high_vol_r03_s20260720,30,theta_089,0.9988016877667668,0.02439726739600167,0.8047222222222223,0.050995330671081154,0.9237737148453324,3.4025324166666664
Training,syn_n100_k30_low_corr_heavy_tail_high_vol_r03_s20260720,30,theta_118,0.835242513228618,0.09004933663276887,0.31222222222222223,0.07361539358223422,0.6754695987307217,2.994350963333333
Training,syn_n100_k30_low_corr_heavy_tail_high_vol_r03_s20260720,30,theta_131,0.835242513228618,0.09004933663276887,0.31222222222222223,0.07361539358223422,0.6754695987307217,2.97836337
Training,syn_n100_k30_low_corr_heavy_tail_high_vol_r03_s20260720,30,theta_132,0.835242513228618,0.09004933663276887,0.31222222222222223,0.07361539358223422,0.6754695987307217,2.9545944533333333
Training,syn_n100_k30_low_corr_heavy_tail_high_vol_r03_s20260720,30,theta_144,0.8464528432245955,0.08802868196862064,0.5383333333333334,0.07795419255545573,0.5906594307456936,3.7006365433333337
Training,syn_n100_k30_low_corr_heavy_tail_high_vol_r03_s20260720,30,theta_159,0.8464528432245955,0.08802868196862064,0.5383333333333334,0.07795419255545573,0.5906594307456936,4.305898139999999
Training,syn_n100_k30_low_corr_heavy_tail_high_vol_r03_s20260720,30,theta_164,1.0047082731119386,0.021873791019818234,0.7894444444444446,0.04235730886841271,0.9686838875277693,3.009648633333333
Training,syn_n100_k30_low_corr_heavy_tail_high_vol_r03_s20260720,30,theta_170,1.0047082731119386,0.021873791019818234,0.7894444444444446,0.04235730886841271,0.9686838875277693,3.1673967333333337
Training,syn_n100_k30_low_corr_heavy_tail_high_vol_r03_s20260720,30,theta_175,1.0047082731119386,0.021873791019818234,0.7894444444444446,0.04235730886841271,0.9686838875277693,3.0851843166666666
Training,syn_n100_k30_low_corr_heavy_tail_high_vol_r03_s20260720,30,theta_189,1.0047082731119386,0.021873791019818234,0.7894444444444446,0.04235730886841271,0.9686838875277693,2.774387636666667
Training,syn_n100_k30_low_corr_heavy_tail_high_vol_r03_s20260720,30,theta_200,0.8387718001246722,0.08745043034970128,0.28888888888888886,0.0654766597057789,0.6799064521298548,6.549309943333335
Training,syn_n100_k30_low_corr_heavy_tail_high_vol_r03_s20260720,30,theta_223,0.8368054329077339,0.09077078048588398,0.48027777777777775,0.06673392468851283,0.6075069030708572,6.854783523333333
Training,syn_n100_k30_low_corr_heavy_tail_high_vol_r03_s20260720,30,theta_234,0.8368054329077339,0.09077078048588398,0.48027777777777775,0.06673392468851283,0.6075069030708572,7.505320656666667
Training,syn_n100_k30_low_corr_heavy_tail_high_vol_r03_s20260720,30,theta_237,0.8368054329077339,0.09077078048588398,0.48027777777777775,0.06673392468851283,0.6075069030708572,3.1595315666666672
Training,syn_n100_k30_low_corr_normal_low_vol_r01_s20260721,30,theta_011,0.9517189999745174,0.04719131962266136,0.669722222222222,0.05610096109687671,0.76343531290257,1.4539800099999998
Training,syn_n100_k30_low_corr_normal_low_vol_r01_s20260721,30,theta_034,0.864318167675282,0.07772315149907907,0.3805555555555556,0.05813015358755647,0.7191445555987646,2.2478012699999996
Training,syn_n100_k30_low_corr_normal_low_vol_r01_s20260721,30,theta_037,0.864318167675282,0.07772315149907907,0.3805555555555556,0.05813015358755647,0.7191445555987646,2.2022052100000002
Training,syn_n100_k30_low_corr_normal_low_vol_r01_s20260721,30,theta_045,0.864318167675282,0.07772315149907907,0.3805555555555556,0.05813015358755647,0.7191445555987646,2.74817272
Training,syn_n100_k30_low_corr_normal_low_vol_r01_s20260721,30,theta_047,0.864318167675282,0.07772315149907907,0.3805555555555556,0.05813015358755647,0.7191445555987646,2.9578888799999996
Training,syn_n100_k30_low_corr_normal_low_vol_r01_s20260721,30,theta_067,0.873441362579502,0.07459974373482153,0.5372222222222223,0.0869254903057013,0.6814901541185824,2.36583812
Training,syn_n100_k30_low_corr_normal_low_vol_r01_s20260721,30,theta_076,0.873441362579502,0.07459974373482153,0.5372222222222223,0.0869254903057013,0.6814901541185824,2.9737754466666666
Training,syn_n100_k30_low_corr_normal_low_vol_r01_s20260721,30,theta_078,0.873441362579502,0.07459974373482153,0.5372222222222223,0.0869254903057013,0.6814901541185824,3.093921663333333
Training,syn_n100_k30_low_corr_normal_low_vol_r01_s20260721,30,theta_084,0.9608154751912428,0.0443890406783332,0.7061111111111111,0.07023034289658578,0.7930404296346111,2.2445126
Training,syn_n100_k30_low_corr_normal_low_vol_r01_s20260721,30,theta_086,0.9608154751912428,0.0443890406783332,0.7061111111111111,0.07023034289658578,0.7930404296346111,3.1662306933333326
Training,syn_n100_k30_low_corr_normal_low_vol_r01_s20260721,30,theta_089,0.9608154751912428,0.0443890406783332,0.7061111111111111,0.07023034289658578,0.7930404296346111,3.2698533966666674
Training,syn_n100_k30_low_corr_normal_low_vol_r01_s20260721,30,theta_118,0.8762804759210844,0.07231597394962123,0.42611111111111116,0.05812637674482793,0.7311770270378396,3.0866008700000003
Training,syn_n100_k30_low_corr_normal_low_vol_r01_s20260721,30,theta_131,0.8762804759210844,0.07231597394962123,0.42611111111111116,0.05812637674482793,0.7311770270378396,3.088842696666667
Training,syn_n100_k30_low_corr_normal_low_vol_r01_s20260721,30,theta_132,0.8762804759210844,0.07231597394962123,0.42611111111111116,0.05812637674482793,0.7311770270378396,2.9939125866666667
Training,syn_n100_k30_low_corr_normal_low_vol_r01_s20260721,30,theta_144,0.8437810192575605,0.08574398831995597,0.5636111111111112,0.052223125595530585,0.5806627186888006,4.584054696666666
Training,syn_n100_k30_low_corr_normal_low_vol_r01_s20260721,30,theta_159,0.8437810192575605,0.08574398831995597,0.5636111111111112,0.052223125595530585,0.5806627186888006,3.8851990133333345
Training,syn_n100_k30_low_corr_normal_low_vol_r01_s20260721,30,theta_164,1.0123546936952856,0.028357668100120317,0.7194444444444444,0.06725691955698117,0.9165210105943115,2.877566296666666
Training,syn_n100_k30_low_corr_normal_low_vol_r01_s20260721,30,theta_170,1.0123546936952856,0.028357668100120317,0.7194444444444444,0.06725691955698117,0.9165210105943115,3.229024226666666
Training,syn_n100_k30_low_corr_normal_low_vol_r01_s20260721,30,theta_175,1.0123546936952856,0.028357668100120317,0.7194444444444444,0.06725691955698117,0.9165210105943115,3.0733184600000003
Training,syn_n100_k30_low_corr_normal_low_vol_r01_s20260721,30,theta_189,1.0123546936952856,0.028357668100120317,0.7194444444444444,0.06725691955698117,0.9165210105943115,2.383994726666667
Training,syn_n100_k30_low_corr_normal_low_vol_r01_s20260721,30,theta_200,0.9084770479723832,0.06494844960350196,0.3886111111111111,0.05741221411993642,0.8013105276731874,6.563101276666667
Training,syn_n100_k30_low_corr_normal_low_vol_r01_s20260721,30,theta_223,0.858971705807643,0.07843006757435499,0.5452777777777779,0.04883772191847275,0.6230735403963216,6.742910613333334
Training,syn_n100_k30_low_corr_normal_low_vol_r01_s20260721,30,theta_234,0.858971705807643,0.07843006757435499,0.5452777777777779,0.04883772191847275,0.6230735403963216,6.949960690000001
Training,syn_n100_k30_low_corr_normal_low_vol_r01_s20260721,30,theta_237,0.858971705807643,0.07843006757435499,0.5452777777777779,0.04883772191847275,0.6230735403963216,3.181113316666667
Training,syn_n100_k30_low_corr_skewed_extreme_events_r02_s20260715,30,theta_011,0.984686190077894,0.05904239095304521,0.6863888888888889,0.03594136903841165,0.6747153909032456,1.4048865533333337
Training,syn_n100_k30_low_corr_skewed_extreme_events_r02_s20260715,30,theta_034,1.0040291639058667,0.054073180830568314,0.4769444444444444,0.060477731621825806,0.8317169474206202,2.2225449333333334
Training,syn_n100_k30_low_corr_skewed_extreme_events_r02_s20260715,30,theta_037,1.0040291639058667,0.054073180830568314,0.4769444444444444,0.060477731621825806,0.8317169474206202,2.2130531700000002
Training,syn_n100_k30_low_corr_skewed_extreme_events_r02_s20260715,30,theta_045,1.0040291639058667,0.054073180830568314,0.4769444444444444,0.060477731621825806,0.8317169474206202,2.684689736666667
Training,syn_n100_k30_low_corr_skewed_extreme_events_r02_s20260715,30,theta_047,1.0040291639058667,0.054073180830568314,0.4769444444444444,0.060477731621825806,0.8317169474206202,3.0020043533333336
Training,syn_n100_k30_low_corr_skewed_extreme_events_r02_s20260715,30,theta_067,0.9763182841431894,0.06063968982603345,0.5602777777777778,0.04900960216934986,0.7054635922801337,2.4950940966666666
Training,syn_n100_k30_low_corr_skewed_extreme_events_r02_s20260715,30,theta_076,0.9763182841431894,0.06063968982603345,0.5602777777777778,0.04900960216934986,0.7054635922801337,3.023817506666667
Training,syn_n100_k30_low_corr_skewed_extreme_events_r02_s20260715,30,theta_078,0.9763182841431894,0.06063968982603345,0.5602777777777778,0.04900960216934986,0.7054635922801337,3.030494423333333
Training,syn_n100_k30_low_corr_skewed_extreme_events_r02_s20260715,30,theta_084,1.0158843921171905,0.05004963779525509,0.7222222222222224,0.04356988565125493,0.6842798258852327,2.2996629
Training,syn_n100_k30_low_corr_skewed_extreme_events_r02_s20260715,30,theta_086,1.0158843921171905,0.05004963779525509,0.7222222222222224,0.04356988565125493,0.6842798258852327,2.8964419833333324
Training,syn_n100_k30_low_corr_skewed_extreme_events_r02_s20260715,30,theta_089,1.0158843921171905,0.05004963779525509,0.7222222222222224,0.04356988565125493,0.6842798258852327,3.18084501
Training,syn_n100_k30_low_corr_skewed_extreme_events_r02_s20260715,30,theta_118,1.0176153846221634,0.05149125130363618,0.48138888888888887,0.05582446844321804,0.7997029089665554,2.9577371833333332
Training,syn_n100_k30_low_corr_skewed_extreme_events_r02_s20260715,30,theta_131,1.0176153846221634,0.05149125130363618,0.48138888888888887,0.05582446844321804,0.7997029089665554,2.91573971
Training,syn_n100_k30_low_corr_skewed_extreme_events_r02_s20260715,30,theta_132,1.0176153846221634,0.05149125130363618,0.48138888888888887,0.05582446844321804,0.7997029089665554,3.0975857066666674
Training,syn_n100_k30_low_corr_skewed_extreme_events_r02_s20260715,30,theta_144,0.9980414098403547,0.05315162967033062,0.6769444444444445,0.048549999005669635,0.6816248873689159,4.934149443333334
Training,syn_n100_k30_low_corr_skewed_extreme_events_r02_s20260715,30,theta_159,0.9980414098403547,0.05315162967033062,0.6769444444444445,0.048549999005669635,0.6816248873689159,4.025567233333333
Training,syn_n100_k30_low_corr_skewed_extreme_events_r02_s20260715,30,theta_164,1.0207890898432554,0.049130994015276624,0.7088888888888889,0.04001696922912546,0.7067960691513591,2.9043400466666673
Training,syn_n100_k30_low_corr_skewed_extreme_events_r02_s20260715,30,theta_170,1.0207890898432554,0.049130994015276624,0.7088888888888889,0.04001696922912546,0.7067960691513591,3.179871853333333
Training,syn_n100_k30_low_corr_skewed_extreme_events_r02_s20260715,30,theta_175,1.0207890898432554,0.049130994015276624,0.7088888888888889,0.04001696922912546,0.7067960691513591,3.1251964200000004
Training,syn_n100_k30_low_corr_skewed_extreme_events_r02_s20260715,30,theta_189,1.0207890898432554,0.049130994015276624,0.7088888888888889,0.04001696922912546,0.7067960691513591,2.5319969533333335
Training,syn_n100_k30_low_corr_skewed_extreme_events_r02_s20260715,30,theta_200,1.0290667414388077,0.04911753690898605,0.47222222222222227,0.06738052570895789,0.8786830869425643,6.654135503333335
Training,syn_n100_k30_low_corr_skewed_extreme_events_r02_s20260715,30,theta_223,1.0377015682319592,0.04192121949774462,0.6394444444444445,0.04705036385566246,0.8229386323858628,6.740334796666667
Training,syn_n100_k30_low_corr_skewed_extreme_events_r02_s20260715,30,theta_234,1.0377015682319592,0.04192121949774462,0.6394444444444445,0.04705036385566246,0.8229386323858628,6.793662423333334
Training,syn_n100_k30_low_corr_skewed_extreme_events_r02_s20260715,30,theta_237,1.0377015682319592,0.04192121949774462,0.6394444444444445,0.04705036385566246,0.8229386323858628,3.0917668766666675
Training,syn_n100_k30_pathological_cov_mixed_low_vol_r01_s20260717,30,theta_011,1.0813595937633107,0.022996142209692618,0.7397222222222221,0.026194678778168827,0.7153947790261945,1.5349683833333334
Training,syn_n100_k30_pathological_cov_mixed_low_vol_r01_s20260717,30,theta_034,1.0504194716243391,0.04851920136380007,0.2691666666666667,0.092141689425066,0.878566854814439,2.2618063366666665
Training,syn_n100_k30_pathological_cov_mixed_low_vol_r01_s20260717,30,theta_037,1.0504194716243391,0.04851920136380007,0.2691666666666667,0.092141689425066,0.878566854814439,2.2403875500000003
Training,syn_n100_k30_pathological_cov_mixed_low_vol_r01_s20260717,30,theta_045,1.0504194716243391,0.04851920136380007,0.2691666666666667,0.092141689425066,0.878566854814439,2.73236328
Training,syn_n100_k30_pathological_cov_mixed_low_vol_r01_s20260717,30,theta_047,1.0504194716243391,0.04851920136380007,0.2691666666666667,0.092141689425066,0.878566854814439,3.0272905266666665
Training,syn_n100_k30_pathological_cov_mixed_low_vol_r01_s20260717,30,theta_067,1.0690237235200337,0.031108831661323357,0.44694444444444437,0.05889659698291374,0.8071312065545576,2.5037368766666668
Training,syn_n100_k30_pathological_cov_mixed_low_vol_r01_s20260717,30,theta_076,1.0690237235200337,0.031108831661323357,0.44694444444444437,0.05889659698291374,0.8071312065545576,3.02564923
Training,syn_n100_k30_pathological_cov_mixed_low_vol_r01_s20260717,30,theta_078,1.0690237235200337,0.031108831661323357,0.44694444444444437,0.05889659698291374,0.8071312065545576,2.9409346700000003
Training,syn_n100_k30_pathological_cov_mixed_low_vol_r01_s20260717,30,theta_084,1.0921699563562521,0.01497187068075733,0.8524999999999999,0.049194594959005654,0.7849016458359807,2.2716062
Training,syn_n100_k30_pathological_cov_mixed_low_vol_r01_s20260717,30,theta_086,1.0921699563562521,0.01497187068075733,0.8524999999999999,0.049194594959005654,0.7849016458359807,2.5425351533333336
Training,syn_n100_k30_pathological_cov_mixed_low_vol_r01_s20260717,30,theta_089,1.0921699563562521,0.01497187068075733,0.8524999999999999,0.049194594959005654,0.7849016458359807,3.1749645499999994
Training,syn_n100_k30_pathological_cov_mixed_low_vol_r01_s20260717,30,theta_118,1.0503202572612251,0.046236266029298784,0.24416666666666673,0.08064021385275892,0.9057160961890528,2.864921716666667
Training,syn_n100_k30_pathological_cov_mixed_low_vol_r01_s20260717,30,theta_131,1.0503202572612251,0.046236266029298784,0.24416666666666673,0.08064021385275892,0.9057160961890528,3.0071897033333337
Training,syn_n100_k30_pathological_cov_mixed_low_vol_r01_s20260717,30,theta_132,1.0503202572612251,0.046236266029298784,0.24416666666666673,0.08064021385275892,0.9057160961890528,3.0232325733333334
Training,syn_n100_k30_pathological_cov_mixed_low_vol_r01_s20260717,30,theta_144,1.0541100979086013,0.039972686703106525,0.34305555555555556,0.0636076160164694,0.7742534867737977,3.9104331233333336
Training,syn_n100_k30_pathological_cov_mixed_low_vol_r01_s20260717,30,theta_159,1.0541100979086013,0.039972686703106525,0.34305555555555556,0.0636076160164694,0.7742534867737977,4.44040053
Training,syn_n100_k30_pathological_cov_mixed_low_vol_r01_s20260717,30,theta_164,1.0913179825480723,0.016180045886195656,0.8105555555555555,0.05460779042662277,0.7676241965081504,2.9586294633333337
Training,syn_n100_k30_pathological_cov_mixed_low_vol_r01_s20260717,30,theta_170,1.0913179825480723,0.016180045886195656,0.8105555555555555,0.05460779042662277,0.7676241965081504,2.4881715566666665
Training,syn_n100_k30_pathological_cov_mixed_low_vol_r01_s20260717,30,theta_175,1.0913179825480723,0.016180045886195656,0.8105555555555555,0.05460779042662277,0.7676241965081504,3.132708083333333
Training,syn_n100_k30_pathological_cov_mixed_low_vol_r01_s20260717,30,theta_189,1.0913179825480723,0.016180045886195656,0.8105555555555555,0.05460779042662277,0.7676241965081504,2.7743171666666666
Training,syn_n100_k30_pathological_cov_mixed_low_vol_r01_s20260717,30,theta_200,1.0479556425194287,0.0491101716560627,0.2530555555555555,0.07907415185329411,0.8620521150852001,6.656358046666667
Training,syn_n100_k30_pathological_cov_mixed_low_vol_r01_s20260717,30,theta_223,1.0563159841630811,0.0408987411896327,0.3177777777777777,0.07029390633698616,0.7974894552549846,6.677294533333333
Training,syn_n100_k30_pathological_cov_mixed_low_vol_r01_s20260717,30,theta_234,1.0563159841630811,0.0408987411896327,0.3177777777777777,0.07029390633698616,0.7974894552549846,6.781074996666669
Training,syn_n100_k30_pathological_cov_mixed_low_vol_r01_s20260717,30,theta_237,1.0563159841630811,0.0408987411896327,0.3177777777777777,0.07029390633698616,0.7974894552549846,3.1252807133333333
Training,syn_n100_k30_pathological_cov_normal_extreme_events_r02_s20260719,30,theta_011,1.046884772958534,0.2291206715728173,0.21638888888888894,0.20685902912466822,0.6724280995954914,1.3715260533333333
Training,syn_n100_k30_pathological_cov_normal_extreme_events_r02_s20260719,30,theta_034,1.0702516100473907,0.11940274667748585,0.27694444444444444,0.19229106552971167,0.9850299445792241,2.13565771
Training,syn_n100_k30_pathological_cov_normal_extreme_events_r02_s20260719,30,theta_037,1.0702516100473907,0.11940274667748585,0.27694444444444444,0.19229106552971167,0.9850299445792241,2.1389450699999997
Training,syn_n100_k30_pathological_cov_normal_extreme_events_r02_s20260719,30,theta_045,1.0702516100473907,0.11940274667748585,0.27694444444444444,0.19229106552971167,0.9850299445792241,2.613653213333334
Training,syn_n100_k30_pathological_cov_normal_extreme_events_r02_s20260719,30,theta_047,1.0702516100473907,0.11940274667748585,0.27694444444444444,0.19229106552971167,0.9850299445792241,2.8646091833333327
Training,syn_n100_k30_pathological_cov_normal_extreme_events_r02_s20260719,30,theta_067,1.0859412350067705,0.11970676003834879,0.35027777777777774,0.17615912176315104,0.9979829800496406,2.294940786666667
Training,syn_n100_k30_pathological_cov_normal_extreme_events_r02_s20260719,30,theta_076,1.0859412350067705,0.11970676003834879,0.35027777777777774,0.17615912176315104,0.9979829800496406,2.96102479
Training,syn_n100_k30_pathological_cov_normal_extreme_events_r02_s20260719,30,theta_078,1.0859412350067705,0.11970676003834879,0.35027777777777774,0.17615912176315104,0.9979829800496406,2.9073667566666668
Training,syn_n100_k30_pathological_cov_normal_extreme_events_r02_s20260719,30,theta_084,1.0752172535642592,0.163339581637884,0.405,0.1967710247596604,0.8606956883099925,2.1176033
Training,syn_n100_k30_pathological_cov_normal_extreme_events_r02_s20260719,30,theta_086,1.0752172535642592,0.163339581637884,0.405,0.1967710247596604,0.8606956883099925,2.25863969
Training,syn_n100_k30_pathological_cov_normal_extreme_events_r02_s20260719,30,theta_089,1.0752172535642592,0.163339581637884,0.405,0.1967710247596604,0.8606956883099925,3.0814991133333334
Training,syn_n100_k30_pathological_cov_normal_extreme_events_r02_s20260719,30,theta_118,1.0880779640627576,0.10295321401323025,0.4041666666666666,0.18890617352078085,1.0582204679824507,3.781191316666666
Training,syn_n100_k30_pathological_cov_normal_extreme_events_r02_s20260719,30,theta_131,1.0880779640627576,0.10295321401323025,0.4041666666666666,0.18890617352078085,1.0582204679824507,2.8949418099999997
Training,syn_n100_k30_pathological_cov_normal_extreme_events_r02_s20260719,30,theta_132,1.0880779640627576,0.10295321401323025,0.4041666666666666,0.18890617352078085,1.0582204679824507,2.946896983333333
Training,syn_n100_k30_pathological_cov_normal_extreme_events_r02_s20260719,30,theta_144,1.0852385214088078,0.14783407675311755,0.36277777777777775,0.21469948702015362,0.9422941508239533,3.2769383166666666
Training,syn_n100_k30_pathological_cov_normal_extreme_events_r02_s20260719,30,theta_159,1.0852385214088078,0.14783407675311755,0.36277777777777775,0.21469948702015362,0.9422941508239533,4.070873359999999
Training,syn_n100_k30_pathological_cov_normal_extreme_events_r02_s20260719,30,theta_164,1.0691482257574736,0.18583706228905691,0.36416666666666664,0.22271357282554155,0.7936700174940826,2.718543696666667
Training,syn_n100_k30_pathological_cov_normal_extreme_events_r02_s20260719,30,theta_170,1.0691482257574736,0.18583706228905691,0.36416666666666664,0.22271357282554155,0.7936700174940826,2.7689881466666666
Training,syn_n100_k30_pathological_cov_normal_extreme_events_r02_s20260719,30,theta_175,1.0691482257574736,0.18583706228905691,0.36416666666666664,0.22271357282554155,0.7936700174940826,2.9637669899999994
Training,syn_n100_k30_pathological_cov_normal_extreme_events_r02_s20260719,30,theta_189,1.0691482257574736,0.18583706228905691,0.36416666666666664,0.22271357282554155,0.7936700174940826,2.2351309299999995
Training,syn_n100_k30_pathological_cov_normal_extreme_events_r02_s20260719,30,theta_200,1.109246004538693,0.08967903633785249,0.5536111111111112,0.1863598970944789,1.1167036288562489,6.486871643333335
Training,syn_n100_k30_pathological_cov_normal_extreme_events_r02_s20260719,30,theta_223,1.0934474924101865,0.13614159484066043,0.4383333333333334,0.1942303563277337,0.9843379692207749,6.437490096666667
Training,syn_n100_k30_pathological_cov_normal_extreme_events_r02_s20260719,30,theta_234,1.0934474924101865,0.13614159484066043,0.4383333333333334,0.1942303563277337,0.9843379692207749,6.569437856666665
Training,syn_n100_k30_pathological_cov_normal_extreme_events_r02_s20260719,30,theta_237,1.0934474924101865,0.13614159484066043,0.4383333333333334,0.1942303563277337,0.9843379692207749,2.989831186666667
Training,syn_n100_k30_pathological_cov_skewed_high_vol_r03_s20260712,30,theta_011,0.9482349457589407,0.11163527822429872,0.0,0.05110387828686204,0.5175928779699022,1.3382325733333331
Training,syn_n100_k30_pathological_cov_skewed_high_vol_r03_s20260712,30,theta_034,1.0581813185696634,0.0514736090811082,0.2602777777777778,0.05901069968949183,0.6506988761583962,2.1443211866666667
Training,syn_n100_k30_pathological_cov_skewed_high_vol_r03_s20260712,30,theta_037,1.0581813185696634,0.0514736090811082,0.2602777777777778,0.05901069968949183,0.6506988761583962,2.134185056666667
Training,syn_n100_k30_pathological_cov_skewed_high_vol_r03_s20260712,30,theta_045,1.0581813185696634,0.0514736090811082,0.2602777777777778,0.05901069968949183,0.6506988761583962,2.69509645
Training,syn_n100_k30_pathological_cov_skewed_high_vol_r03_s20260712,30,theta_047,1.0581813185696634,0.0514736090811082,0.2602777777777778,0.05901069968949183,0.6506988761583962,2.7429979566666662
Training,syn_n100_k30_pathological_cov_skewed_high_vol_r03_s20260712,30,theta_067,1.0698799956266585,0.043072841576449264,0.31472222222222224,0.046936316797306234,0.6259866036738128,5.645370596666669
Training,syn_n100_k30_pathological_cov_skewed_high_vol_r03_s20260712,30,theta_076,1.0698799956266585,0.043072841576449264,0.31472222222222224,0.046936316797306234,0.6259866036738128,3.0208154933333335
Training,syn_n100_k30_pathological_cov_skewed_high_vol_r03_s20260712,30,theta_078,1.0698799956266585,0.043072841576449264,0.31472222222222224,0.046936316797306234,0.6259866036738128,2.9988400166666676
Training,syn_n100_k30_pathological_cov_skewed_high_vol_r03_s20260712,30,theta_084,0.9844301630265141,0.09128956315632737,0.0033333333333333335,0.057710314855196995,0.5986649516067594,2.1518469600000003
Training,syn_n100_k30_pathological_cov_skewed_high_vol_r03_s20260712,30,theta_086,0.9844301630265141,0.09128956315632737,0.0033333333333333335,0.057710314855196995,0.5986649516067594,2.30028902
Training,syn_n100_k30_pathological_cov_skewed_high_vol_r03_s20260712,30,theta_089,0.9844301630265141,0.09128956315632737,0.0033333333333333335,0.057710314855196995,0.5986649516067594,3.2364403
Training,syn_n100_k30_pathological_cov_skewed_high_vol_r03_s20260712,30,theta_118,1.0791937738547557,0.03799824730850852,0.41250000000000003,0.04588503378171264,0.6084384095293821,3.1603468166666664
Training,syn_n100_k30_pathological_cov_skewed_high_vol_r03_s20260712,30,theta_131,1.0791937738547557,0.03799824730850852,0.41250000000000003,0.04588503378171264,0.6084384095293821,2.832097163333333
Training,syn_n100_k30_pathological_cov_skewed_high_vol_r03_s20260712,30,theta_132,1.0791937738547557,0.03799824730850852,0.41250000000000003,0.04588503378171264,0.6084384095293821,2.904487733333333
Training,syn_n100_k30_pathological_cov_skewed_high_vol_r03_s20260712,30,theta_144,1.088134899202646,0.03144499725275099,0.5519444444444445,0.0492948529916565,0.6489152319513573,2.9605534466666668
Training,syn_n100_k30_pathological_cov_skewed_high_vol_r03_s20260712,30,theta_159,1.088134899202646,0.03144499725275099,0.5519444444444445,0.0492948529916565,0.6489152319513573,3.74882803
Training,syn_n100_k30_pathological_cov_skewed_high_vol_r03_s20260712,30,theta_164,1.002333995246745,0.08263538475346725,0.015277777777777777,0.06909127807203594,0.5952867873302446,2.6994167499999997
Training,syn_n100_k30_pathological_cov_skewed_high_vol_r03_s20260712,30,theta_170,1.002333995246745,0.08263538475346725,0.015277777777777777,0.06909127807203594,0.5952867873302446,3.025992203333333
Training,syn_n100_k30_pathological_cov_skewed_high_vol_r03_s20260712,30,theta_175,1.002333995246745,0.08263538475346725,0.015277777777777777,0.06909127807203594,0.5952867873302446,3.0038000733333337
Training,syn_n100_k30_pathological_cov_skewed_high_vol_r03_s20260712,30,theta_189,1.002333995246745,0.08263538475346725,0.015277777777777777,0.06909127807203594,0.5952867873302446,2.2995080766666667
Training,syn_n100_k30_pathological_cov_skewed_high_vol_r03_s20260712,30,theta_200,1.084364142321062,0.03626585622060076,0.6127777777777778,0.06025064466233209,0.6954871830290954,6.4309831766666665
Training,syn_n100_k30_pathological_cov_skewed_high_vol_r03_s20260712,30,theta_223,1.096331868281223,0.026591601453263957,0.5886111111111112,0.049538203433189376,0.6677124251022288,6.56545532
Training,syn_n100_k30_pathological_cov_skewed_high_vol_r03_s20260712,30,theta_234,1.096331868281223,0.026591601453263957,0.5886111111111112,0.049538203433189376,0.6677124251022288,6.639678196666665
Training,syn_n100_k30_pathological_cov_skewed_high_vol_r03_s20260712,30,theta_237,1.096331868281223,0.026591601453263957,0.5886111111111112,0.049538203433189376,0.6677124251022288,3.0337470200000003
Training,syn_n200_k05_cluster_corr_heavy_tail_low_vol_r02_s20260731,10,theta_011,1.0833425204403084,0.1466429764368444,0.4644444444444445,0.039021230339916786,0.7979750416754325,1.8264083933333335
Training,syn_n200_k05_cluster_corr_heavy_tail_low_vol_r02_s20260731,10,theta_034,1.0858723726695196,0.10863742354805951,0.31555555555555553,0.05908455473790309,0.9627156977768124,2.573755146666666
Training,syn_n200_k05_cluster_corr_heavy_tail_low_vol_r02_s20260731,10,theta_037,1.0858723726695196,0.10863742354805951,0.31555555555555553,0.05908455473790309,0.9627156977768124,2.5104641966666668
Training,syn_n200_k05_cluster_corr_heavy_tail_low_vol_r02_s20260731,10,theta_045,1.0858723726695196,0.10863742354805951,0.31555555555555553,0.05908455473790309,0.9627156977768124,3.02664411
Training,syn_n200_k05_cluster_corr_heavy_tail_low_vol_r02_s20260731,10,theta_047,1.0858723726695196,0.10863742354805951,0.31555555555555553,0.05908455473790309,0.9627156977768124,3.3786747033333326
Training,syn_n200_k05_cluster_corr_heavy_tail_low_vol_r02_s20260731,10,theta_067,1.0669430295296987,0.14759765311952558,0.35416666666666663,0.07191993626224011,0.8095628754904337,5.536428773333333
Training,syn_n200_k05_cluster_corr_heavy_tail_low_vol_r02_s20260731,10,theta_076,1.0669430295296987,0.14759765311952558,0.35416666666666663,0.07191993626224011,0.8095628754904337,3.3728476266666667
Training,syn_n200_k05_cluster_corr_heavy_tail_low_vol_r02_s20260731,10,theta_078,1.0669430295296987,0.14759765311952558,0.35416666666666663,0.07191993626224011,0.8095628754904337,3.4866993600000002
Training,syn_n200_k05_cluster_corr_heavy_tail_low_vol_r02_s20260731,10,theta_084,1.0883314202093175,0.1382898581960787,0.4291666666666666,0.047971537012693403,0.8280417752080138,2.7190635333333337
Training,syn_n200_k05_cluster_corr_heavy_tail_low_vol_r02_s20260731,10,theta_086,1.0883314202093175,0.1382898581960787,0.4291666666666666,0.047971537012693403,0.8280417752080138,3.1988486433333336
Training,syn_n200_k05_cluster_corr_heavy_tail_low_vol_r02_s20260731,10,theta_089,1.0883314202093175,0.1382898581960787,0.4291666666666666,0.047971537012693403,0.8280417752080138,3.7872739166666665
Training,syn_n200_k05_cluster_corr_heavy_tail_low_vol_r02_s20260731,10,theta_118,1.0918350159579084,0.10879354357592848,0.3516666666666666,0.06605733347733211,0.9598191454162436,3.569092943333333
Training,syn_n200_k05_cluster_corr_heavy_tail_low_vol_r02_s20260731,10,theta_131,1.0918350159579084,0.10879354357592848,0.3516666666666666,0.06605733347733211,0.9598191454162436,3.4894190766666666
Training,syn_n200_k05_cluster_corr_heavy_tail_low_vol_r02_s20260731,10,theta_132,1.0918350159579084,0.10879354357592848,0.3516666666666666,0.06605733347733211,0.9598191454162436,3.5227384100000005
Training,syn_n200_k05_cluster_corr_heavy_tail_low_vol_r02_s20260731,10,theta_144,1.0700651000583834,0.14031625916383242,0.36305555555555546,0.06487133950037517,0.8226679787342038,3.3240602666666677
Training,syn_n200_k05_cluster_corr_heavy_tail_low_vol_r02_s20260731,10,theta_159,1.0700651000583834,0.14031625916383242,0.36305555555555546,0.06487133950037517,0.8226679787342038,4.456840073333334
Training,syn_n200_k05_cluster_corr_heavy_tail_low_vol_r02_s20260731,10,theta_164,1.0813146414544315,0.1263853555144024,0.37416666666666665,0.07292689982531078,0.9022802731100156,3.447714213333333
Training,syn_n200_k05_cluster_corr_heavy_tail_low_vol_r02_s20260731,10,theta_170,1.0813146414544315,0.1263853555144024,0.37416666666666665,0.07292689982531078,0.9022802731100156,3.712124326666667
Training,syn_n200_k05_cluster_corr_heavy_tail_low_vol_r02_s20260731,10,theta_175,1.0813146414544315,0.1263853555144024,0.37416666666666665,0.07292689982531078,0.9022802731100156,3.567641369999999
Training,syn_n200_k05_cluster_corr_heavy_tail_low_vol_r02_s20260731,10,theta_189,1.0813146414544315,0.1263853555144024,0.37416666666666665,0.07292689982531078,0.9022802731100156,3.5145544800000006
Training,syn_n200_k05_cluster_corr_heavy_tail_low_vol_r02_s20260731,10,theta_200,1.1028784747511062,0.0920526840169683,0.37277777777777776,0.07149337659553051,1.0056260809366275,7.707324306666667
Training,syn_n200_k05_cluster_corr_heavy_tail_low_vol_r02_s20260731,10,theta_223,1.0883437276552148,0.12297943967325374,0.3594444444444445,0.06660278684937139,0.8936065071545438,8.054167383333333
Training,syn_n200_k05_cluster_corr_heavy_tail_low_vol_r02_s20260731,10,theta_234,1.0883437276552148,0.12297943967325374,0.3594444444444445,0.06660278684937139,0.8936065071545438,7.898001096666666
Training,syn_n200_k05_cluster_corr_heavy_tail_low_vol_r02_s20260731,10,theta_237,1.0883437276552148,0.12297943967325374,0.3594444444444445,0.06660278684937139,0.8936065071545438,3.71222626
Training,syn_n200_k05_cluster_corr_mixed_extreme_events_r03_s20260729,10,theta_011,1.0294906993533355,0.07316377186820566,0.3852777777777778,0.08867664644065011,0.9146757817034316,1.8700612266666667
Training,syn_n200_k05_cluster_corr_mixed_extreme_events_r03_s20260729,10,theta_034,1.0402939583176487,0.05888683746926131,0.3688888888888889,0.09159802753304451,1.0291777857115363,2.5599181133333335
Training,syn_n200_k05_cluster_corr_mixed_extreme_events_r03_s20260729,10,theta_037,1.0402939583176487,0.05888683746926131,0.3688888888888889,0.09159802753304451,1.0291777857115363,2.536605306666667
Training,syn_n200_k05_cluster_corr_mixed_extreme_events_r03_s20260729,10,theta_045,1.0402939583176487,0.05888683746926131,0.3688888888888889,0.09159802753304451,1.0291777857115363,3.06346726
Training,syn_n200_k05_cluster_corr_mixed_extreme_events_r03_s20260729,10,theta_047,1.0402939583176487,0.05888683746926131,0.3688888888888889,0.09159802753304451,1.0291777857115363,3.18078664
Training,syn_n200_k05_cluster_corr_mixed_extreme_events_r03_s20260729,10,theta_067,1.0355101311517372,0.06676577712216696,0.4197222222222223,0.08564308155038552,0.933789501166936,6.726183963333332
Training,syn_n200_k05_cluster_corr_mixed_extreme_events_r03_s20260729,10,theta_076,1.0355101311517372,0.06676577712216696,0.4197222222222223,0.08564308155038552,0.933789501166936,3.4156793266666665
Training,syn_n200_k05_cluster_corr_mixed_extreme_events_r03_s20260729,10,theta_078,1.0355101311517372,0.06676577712216696,0.4197222222222223,0.08564308155038552,0.933789501166936,3.4150234733333327
Training,syn_n200_k05_cluster_corr_mixed_extreme_events_r03_s20260729,10,theta_084,1.0335305483222603,0.06939454933513733,0.41555555555555557,0.09273425560158206,0.9372705148003235,2.750848916666666
Training,syn_n200_k05_cluster_corr_mixed_extreme_events_r03_s20260729,10,theta_086,1.0335305483222603,0.06939454933513733,0.41555555555555557,0.09273425560158206,0.9372705148003235,3.1946923666666667
Training,syn_n200_k05_cluster_corr_mixed_extreme_events_r03_s20260729,10,theta_089,1.0335305483222603,0.06939454933513733,0.41555555555555557,0.09273425560158206,0.9372705148003235,3.8782266866666664
Training,syn_n200_k05_cluster_corr_mixed_extreme_events_r03_s20260729,10,theta_118,1.0369757394250827,0.05918828199914736,0.3938888888888889,0.08851510328068418,1.060423066553229,3.744714786666667
Training,syn_n200_k05_cluster_corr_mixed_extreme_events_r03_s20260729,10,theta_131,1.0369757394250827,0.05918828199914736,0.3938888888888889,0.08851510328068418,1.060423066553229,3.3106432666666668
Training,syn_n200_k05_cluster_corr_mixed_extreme_events_r03_s20260729,10,theta_132,1.0369757394250827,0.05918828199914736,0.3938888888888889,0.08851510328068418,1.060423066553229,3.5059839899999994
Training,syn_n200_k05_cluster_corr_mixed_extreme_events_r03_s20260729,10,theta_144,1.033020271159058,0.07176798058625189,0.47472222222222216,0.0817139314233415,0.9160342281921777,3.3010602333333336
Training,syn_n200_k05_cluster_corr_mixed_extreme_events_r03_s20260729,10,theta_159,1.033020271159058,0.07176798058625189,0.47472222222222216,0.0817139314233415,0.9160342281921777,5.254929713333334
Training,syn_n200_k05_cluster_corr_mixed_extreme_events_r03_s20260729,10,theta_164,1.0245963243118823,0.07371171751969142,0.3661111111111111,0.09260178925946971,0.9933523466351201,3.4825992866666673
Training,syn_n200_k05_cluster_corr_mixed_extreme_events_r03_s20260729,10,theta_170,1.0245963243118823,0.07371171751969142,0.3661111111111111,0.09260178925946971,0.9933523466351201,3.6608737700000007
Training,syn_n200_k05_cluster_corr_mixed_extreme_events_r03_s20260729,10,theta_175,1.0245963243118823,0.07371171751969142,0.3661111111111111,0.09260178925946971,0.9933523466351201,3.53594985
Training,syn_n200_k05_cluster_corr_mixed_extreme_events_r03_s20260729,10,theta_189,1.0245963243118823,0.07371171751969142,0.3661111111111111,0.09260178925946971,0.9933523466351201,3.4940129700000004
Training,syn_n200_k05_cluster_corr_mixed_extreme_events_r03_s20260729,10,theta_200,1.0439629640412937,0.05356667671595827,0.39638888888888885,0.08364856039010932,1.0907793392245786,7.704389006666667
Training,syn_n200_k05_cluster_corr_mixed_extreme_events_r03_s20260729,10,theta_223,1.0233099052862238,0.07465843126920998,0.4394444444444445,0.10627141983369143,0.9453568043182206,8.192056043333332
Training,syn_n200_k05_cluster_corr_mixed_extreme_events_r03_s20260729,10,theta_234,1.0233099052862238,0.07465843126920998,0.4394444444444445,0.10627141983369143,0.9453568043182206,7.8351110733333345
Training,syn_n200_k05_cluster_corr_mixed_extreme_events_r03_s20260729,10,theta_237,1.0233099052862238,0.07465843126920998,0.4394444444444445,0.10627141983369143,0.9453568043182206,3.4994136666666678
Training,syn_n200_k05_cluster_corr_skewed_high_vol_r01_s20260734,10,theta_011,1.05546736465663,0.10306316235498877,0.44638888888888884,0.08099954248347328,0.8571840243606824,1.8161282300000001
Training,syn_n200_k05_cluster_corr_skewed_high_vol_r01_s20260734,10,theta_034,1.0565134932585556,0.06989748752684259,0.32138888888888884,0.11412475025226379,1.0396756440175685,2.4879827833333334
Training,syn_n200_k05_cluster_corr_skewed_high_vol_r01_s20260734,10,theta_037,1.0565134932585556,0.06989748752684259,0.32138888888888884,0.11412475025226379,1.0396756440175685,2.5302320066666666
Training,syn_n200_k05_cluster_corr_skewed_high_vol_r01_s20260734,10,theta_045,1.0565134932585556,0.06989748752684259,0.32138888888888884,0.11412475025226379,1.0396756440175685,3.0732980566666663
Training,syn_n200_k05_cluster_corr_skewed_high_vol_r01_s20260734,10,theta_047,1.0565134932585556,0.06989748752684259,0.32138888888888884,0.11412475025226379,1.0396756440175685,3.202796726666666
Training,syn_n200_k05_cluster_corr_skewed_high_vol_r01_s20260734,10,theta_067,1.0353441319698655,0.13245751359146762,0.2961111111111111,0.08113255983930917,0.8404691683014099,5.640729226666666
Training,syn_n200_k05_cluster_corr_skewed_high_vol_r01_s20260734,10,theta_076,1.0353441319698655,0.13245751359146762,0.2961111111111111,0.08113255983930917,0.8404691683014099,3.2537250699999998
Training,syn_n200_k05_cluster_corr_skewed_high_vol_r01_s20260734,10,theta_078,1.0353441319698655,0.13245751359146762,0.2961111111111111,0.08113255983930917,0.8404691683014099,3.349045656666667
Training,syn_n200_k05_cluster_corr_skewed_high_vol_r01_s20260734,10,theta_084,1.059823156069675,0.07508200724799896,0.4730555555555557,0.0740567894123018,0.9596953979937158,2.699258566666667
Training,syn_n200_k05_cluster_corr_skewed_high_vol_r01_s20260734,10,theta_086,1.059823156069675,0.07508200724799896,0.4730555555555557,0.0740567894123018,0.9596953979937158,3.027687403333334
Training,syn_n200_k05_cluster_corr_skewed_high_vol_r01_s20260734,10,theta_089,1.059823156069675,0.07508200724799896,0.4730555555555557,0.0740567894123018,0.9596953979937158,3.7700899666666663
Training,syn_n200_k05_cluster_corr_skewed_high_vol_r01_s20260734,10,theta_118,1.050203570682606,0.0751962889077026,0.3433333333333334,0.10681307450161019,1.0146293505841881,3.532779483333334
Training,syn_n200_k05_cluster_corr_skewed_high_vol_r01_s20260734,10,theta_131,1.050203570682606,0.0751962889077026,0.3433333333333334,0.10681307450161019,1.0146293505841881,3.4129556599999997
Training,syn_n200_k05_cluster_corr_skewed_high_vol_r01_s20260734,10,theta_132,1.050203570682606,0.0751962889077026,0.3433333333333334,0.10681307450161019,1.0146293505841881,3.5187131533333327
Training,syn_n200_k05_cluster_corr_skewed_high_vol_r01_s20260734,10,theta_144,1.027327606137092,0.149690851347385,0.31305555555555553,0.10164077605185252,0.8348035821779487,3.323749223333333
Training,syn_n200_k05_cluster_corr_skewed_high_vol_r01_s20260734,10,theta_159,1.027327606137092,0.149690851347385,0.31305555555555553,0.10164077605185252,0.8348035821779487,3.98192257
Training,syn_n200_k05_cluster_corr_skewed_high_vol_r01_s20260734,10,theta_164,1.0405169964504104,0.10621252522782311,0.3094444444444445,0.0915804408891672,0.9103560823429573,3.4884592133333334
Training,syn_n200_k05_cluster_corr_skewed_high_vol_r01_s20260734,10,theta_170,1.0405169964504104,0.10621252522782311,0.3094444444444445,0.0915804408891672,0.9103560823429573,3.6371615466666674
Training,syn_n200_k05_cluster_corr_skewed_high_vol_r01_s20260734,10,theta_175,1.0405169964504104,0.10621252522782311,0.3094444444444445,0.0915804408891672,0.9103560823429573,3.579737256666667
Training,syn_n200_k05_cluster_corr_skewed_high_vol_r01_s20260734,10,theta_189,1.0405169964504104,0.10621252522782311,0.3094444444444445,0.0915804408891672,0.9103560823429573,3.255019496666667
Training,syn_n200_k05_cluster_corr_skewed_high_vol_r01_s20260734,10,theta_200,1.0525569005596005,0.07520738880248407,0.34611111111111115,0.10593161802301296,1.0318022956896848,7.510160406666667
Training,syn_n200_k05_cluster_corr_skewed_high_vol_r01_s20260734,10,theta_223,1.0558320379954595,0.09021634264998599,0.3819444444444444,0.09356724550555703,0.9380916482943397,7.7135760499999995
Training,syn_n200_k05_cluster_corr_skewed_high_vol_r01_s20260734,10,theta_234,1.0558320379954595,0.09021634264998599,0.3819444444444444,0.09356724550555703,0.9380916482943397,7.712834316666667
Training,syn_n200_k05_cluster_corr_skewed_high_vol_r01_s20260734,10,theta_237,1.0558320379954595,0.09021634264998599,0.3819444444444444,0.09356724550555703,0.9380916482943397,3.5143861866666666
Training,syn_n200_k05_high_corr_heavy_tail_extreme_events_r01_s20260732,10,theta_011,1.074690231463279,0.040491354177734355,0.49472222222222223,0.046254672248267376,0.761720266579575,1.9296142600000001
Training,syn_n200_k05_high_corr_heavy_tail_extreme_events_r01_s20260732,10,theta_034,1.0605459653599154,0.056351843539449616,0.40083333333333343,0.06374313473719678,0.7895154626300795,2.6286775566666667
Training,syn_n200_k05_high_corr_heavy_tail_extreme_events_r01_s20260732,10,theta_037,1.0605459653599154,0.056351843539449616,0.40083333333333343,0.06374313473719678,0.7895154626300795,2.7062236733333336
Training,syn_n200_k05_high_corr_heavy_tail_extreme_events_r01_s20260732,10,theta_045,1.0605459653599154,0.056351843539449616,0.40083333333333343,0.06374313473719678,0.7895154626300795,3.2069133933333327
Training,syn_n200_k05_high_corr_heavy_tail_extreme_events_r01_s20260732,10,theta_047,1.0605459653599154,0.056351843539449616,0.40083333333333343,0.06374313473719678,0.7895154626300795,3.3427025033333337
Training,syn_n200_k05_high_corr_heavy_tail_extreme_events_r01_s20260732,10,theta_067,1.0823984475424813,0.040596648200934136,0.5055555555555556,0.05151617825674204,0.8469645185398144,5.368764196666668
Training,syn_n200_k05_high_corr_heavy_tail_extreme_events_r01_s20260732,10,theta_076,1.0823984475424813,0.040596648200934136,0.5055555555555556,0.05151617825674204,0.8469645185398144,3.4347076366666665
Training,syn_n200_k05_high_corr_heavy_tail_extreme_events_r01_s20260732,10,theta_078,1.0823984475424813,0.040596648200934136,0.5055555555555556,0.05151617825674204,0.8469645185398144,3.6511060699999995
Training,syn_n200_k05_high_corr_heavy_tail_extreme_events_r01_s20260732,10,theta_084,1.0644254026306972,0.04735874286511636,0.5202777777777777,0.060125245950182066,0.7157077414813539,2.6799290166666667
Training,syn_n200_k05_high_corr_heavy_tail_extreme_events_r01_s20260732,10,theta_086,1.0644254026306972,0.04735874286511636,0.5202777777777777,0.060125245950182066,0.7157077414813539,3.0791781233333335
Training,syn_n200_k05_high_corr_heavy_tail_extreme_events_r01_s20260732,10,theta_089,1.0644254026306972,0.04735874286511636,0.5202777777777777,0.060125245950182066,0.7157077414813539,3.6084953533333333
Training,syn_n200_k05_high_corr_heavy_tail_extreme_events_r01_s20260732,10,theta_118,1.0627979655434034,0.049690176483396326,0.5399999999999999,0.06168848996773455,0.7804588922398908,3.700670440000001
Training,syn_n200_k05_high_corr_heavy_tail_extreme_events_r01_s20260732,10,theta_131,1.0627979655434034,0.049690176483396326,0.5399999999999999,0.06168848996773455,0.7804588922398908,3.4271935066666663
Training,syn_n200_k05_high_corr_heavy_tail_extreme_events_r01_s20260732,10,theta_132,1.0627979655434034,0.049690176483396326,0.5399999999999999,0.06168848996773455,0.7804588922398908,3.527761353333333
Training,syn_n200_k05_high_corr_heavy_tail_extreme_events_r01_s20260732,10,theta_144,1.0564511698824606,0.05011153156556598,0.51,0.06017250885209129,0.7894751896154112,3.5322766333333333
Training,syn_n200_k05_high_corr_heavy_tail_extreme_events_r01_s20260732,10,theta_159,1.0564511698824606,0.05011153156556598,0.51,0.06017250885209129,0.7894751896154112,4.20700425
Training,syn_n200_k05_high_corr_heavy_tail_extreme_events_r01_s20260732,10,theta_164,1.0466018618083912,0.06000866269279494,0.3183333333333333,0.06302914751425177,0.7241701172400478,3.4304034833333334
Training,syn_n200_k05_high_corr_heavy_tail_extreme_events_r01_s20260732,10,theta_170,1.0466018618083912,0.06000866269279494,0.3183333333333333,0.06302914751425177,0.7241701172400478,3.5402103066666673
Training,syn_n200_k05_high_corr_heavy_tail_extreme_events_r01_s20260732,10,theta_175,1.0466018618083912,0.06000866269279494,0.3183333333333333,0.06302914751425177,0.7241701172400478,3.7580521166666667
Training,syn_n200_k05_high_corr_heavy_tail_extreme_events_r01_s20260732,10,theta_189,1.0466018618083912,0.06000866269279494,0.3183333333333333,0.06302914751425177,0.7241701172400478,3.1662643200000002
Training,syn_n200_k05_high_corr_heavy_tail_extreme_events_r01_s20260732,10,theta_200,1.0674547312961145,0.04967824001498227,0.4766666666666666,0.06757459167074756,0.828506190692801,8.00378325
Training,syn_n200_k05_high_corr_heavy_tail_extreme_events_r01_s20260732,10,theta_223,1.0583398451666228,0.052602039728775106,0.49138888888888893,0.06476747749921564,0.802930121340406,7.965046753333334
Training,syn_n200_k05_high_corr_heavy_tail_extreme_events_r01_s20260732,10,theta_234,1.0583398451666228,0.052602039728775106,0.49138888888888893,0.06476747749921564,0.802930121340406,8.007060843333333
Training,syn_n200_k05_high_corr_heavy_tail_extreme_events_r01_s20260732,10,theta_237,1.0583398451666228,0.052602039728775106,0.49138888888888893,0.06476747749921564,0.802930121340406,3.691169799999999
Training,syn_n200_k05_high_corr_mixed_high_vol_r02_s20260726,10,theta_011,1.092831520801185,0.033305485341983264,0.7025000000000002,0.06578482458593174,0.827336636804848,1.8923224766666669
Training,syn_n200_k05_high_corr_mixed_high_vol_r02_s20260726,10,theta_034,1.0759928467520732,0.04961451147222428,0.5675,0.08806359964833367,0.9077307412123806,2.606740226666666
Training,syn_n200_k05_high_corr_mixed_high_vol_r02_s20260726,10,theta_037,1.0759928467520732,0.04961451147222428,0.5675,0.08806359964833367,0.9077307412123806,2.6133033933333336
Training,syn_n200_k05_high_corr_mixed_high_vol_r02_s20260726,10,theta_045,1.0759928467520732,0.04961451147222428,0.5675,0.08806359964833367,0.9077307412123806,3.0875810666666665
Training,syn_n200_k05_high_corr_mixed_high_vol_r02_s20260726,10,theta_047,1.0759928467520732,0.04961451147222428,0.5675,0.08806359964833367,0.9077307412123806,3.381318993333333
Training,syn_n200_k05_high_corr_mixed_high_vol_r02_s20260726,10,theta_067,1.0748895061600587,0.051144095078376944,0.6269444444444444,0.09030450881132432,0.8623090448701508,5.938962366666667
Training,syn_n200_k05_high_corr_mixed_high_vol_r02_s20260726,10,theta_076,1.0748895061600587,0.051144095078376944,0.6269444444444444,0.09030450881132432,0.8623090448701508,3.444576486666667
Training,syn_n200_k05_high_corr_mixed_high_vol_r02_s20260726,10,theta_078,1.0748895061600587,0.051144095078376944,0.6269444444444444,0.09030450881132432,0.8623090448701508,3.433189893333333
Training,syn_n200_k05_high_corr_mixed_high_vol_r02_s20260726,10,theta_084,1.1110677477964839,0.01863686522967228,0.7266666666666668,0.03685963772874052,0.8291626915645531,2.714973646666667
Training,syn_n200_k05_high_corr_mixed_high_vol_r02_s20260726,10,theta_086,1.1110677477964839,0.01863686522967228,0.7266666666666668,0.03685963772874052,0.8291626915645531,2.9762259600000003
Training,syn_n200_k05_high_corr_mixed_high_vol_r02_s20260726,10,theta_089,1.1110677477964839,0.01863686522967228,0.7266666666666668,0.03685963772874052,0.8291626915645531,3.7108083633333333
Training,syn_n200_k05_high_corr_mixed_high_vol_r02_s20260726,10,theta_118,1.1071920011252445,0.023162117134165376,0.6902777777777779,0.05223368002084032,0.8747873194308065,3.52944502
Training,syn_n200_k05_high_corr_mixed_high_vol_r02_s20260726,10,theta_131,1.1071920011252445,0.023162117134165376,0.6902777777777779,0.05223368002084032,0.8747873194308065,3.554627773333334
Training,syn_n200_k05_high_corr_mixed_high_vol_r02_s20260726,10,theta_132,1.1071920011252445,0.023162117134165376,0.6902777777777779,0.05223368002084032,0.8747873194308065,3.6537909599999994
Training,syn_n200_k05_high_corr_mixed_high_vol_r02_s20260726,10,theta_144,1.0849920079313937,0.040199785916398834,0.5969444444444445,0.07156805668278834,0.9073269065166483,3.6497952866666665
Training,syn_n200_k05_high_corr_mixed_high_vol_r02_s20260726,10,theta_159,1.0849920079313937,0.040199785916398834,0.5969444444444445,0.07156805668278834,0.9073269065166483,4.05706483
Training,syn_n200_k05_high_corr_mixed_high_vol_r02_s20260726,10,theta_164,1.1033952873899229,0.023609167060903432,0.6563888888888889,0.044799440209464955,0.8684535967579623,3.5273067033333327
Training,syn_n200_k05_high_corr_mixed_high_vol_r02_s20260726,10,theta_170,1.1033952873899229,0.023609167060903432,0.6563888888888889,0.044799440209464955,0.8684535967579623,3.5552036266666662
Training,syn_n200_k05_high_corr_mixed_high_vol_r02_s20260726,10,theta_175,1.1033952873899229,0.023609167060903432,0.6563888888888889,0.044799440209464955,0.8684535967579623,3.772778913333333
Training,syn_n200_k05_high_corr_mixed_high_vol_r02_s20260726,10,theta_189,1.1033952873899229,0.023609167060903432,0.6563888888888889,0.044799440209464955,0.8684535967579623,4.067419616666666
Training,syn_n200_k05_high_corr_mixed_high_vol_r02_s20260726,10,theta_200,1.1093294053794729,0.018057975430293007,0.7811111111111111,0.03715086821135801,0.8289594169061199,8.246776026666668
Training,syn_n200_k05_high_corr_mixed_high_vol_r02_s20260726,10,theta_223,1.1057873462947252,0.025331462288589388,0.7394444444444446,0.04359162205940648,0.8717956476391895,7.999609199999999
Training,syn_n200_k05_high_corr_mixed_high_vol_r02_s20260726,10,theta_234,1.1057873462947252,0.025331462288589388,0.7394444444444446,0.04359162205940648,0.8717956476391895,7.990573966666667
Training,syn_n200_k05_high_corr_mixed_high_vol_r02_s20260726,10,theta_237,1.1057873462947252,0.025331462288589388,0.7394444444444446,0.04359162205940648,0.8717956476391895,3.6258310133333334
Training,syn_n200_k05_high_corr_normal_low_vol_r03_s20260727,10,theta_011,1.0406885382716375,0.04284543214524202,0.5913888888888889,0.07250138934998893,0.7438405463243611,1.9596406266666662
Training,syn_n200_k05_high_corr_normal_low_vol_r03_s20260727,10,theta_034,1.0470929522223074,0.04501064223164376,0.5502777777777778,0.05499424697887778,0.8374764249515005,2.7119689766666673
Training,syn_n200_k05_high_corr_normal_low_vol_r03_s20260727,10,theta_037,1.0470929522223074,0.04501064223164376,0.5502777777777778,0.05499424697887778,0.8374764249515005,2.604390813333333
Training,syn_n200_k05_high_corr_normal_low_vol_r03_s20260727,10,theta_045,1.0470929522223074,0.04501064223164376,0.5502777777777778,0.05499424697887778,0.8374764249515005,3.1622203766666668
Training,syn_n200_k05_high_corr_normal_low_vol_r03_s20260727,10,theta_047,1.0470929522223074,0.04501064223164376,0.5502777777777778,0.05499424697887778,0.8374764249515005,3.4724175166666673
Training,syn_n200_k05_high_corr_normal_low_vol_r03_s20260727,10,theta_067,1.0503753447824344,0.03707234224248958,0.6819444444444446,0.06359656910191706,0.7634744746561768,4.858903183333333
Training,syn_n200_k05_high_corr_normal_low_vol_r03_s20260727,10,theta_076,1.0503753447824344,0.03707234224248958,0.6819444444444446,0.06359656910191706,0.7634744746561768,3.48456885
Training,syn_n200_k05_high_corr_normal_low_vol_r03_s20260727,10,theta_078,1.0503753447824344,0.03707234224248958,0.6819444444444446,0.06359656910191706,0.7634744746561768,3.5271813666666665
Training,syn_n200_k05_high_corr_normal_low_vol_r03_s20260727,10,theta_084,1.0316042244873738,0.04804903878682708,0.5327777777777778,0.07388983183453822,0.7649177520413036,2.8167845233333337
Training,syn_n200_k05_high_corr_normal_low_vol_r03_s20260727,10,theta_086,1.0316042244873738,0.04804903878682708,0.5327777777777778,0.07388983183453822,0.7649177520413036,3.0427500900000006
Training,syn_n200_k05_high_corr_normal_low_vol_r03_s20260727,10,theta_089,1.0316042244873738,0.04804903878682708,0.5327777777777778,0.07388983183453822,0.7649177520413036,3.7107279
Training,syn_n200_k05_high_corr_normal_low_vol_r03_s20260727,10,theta_118,1.028688284557485,0.05653312942064352,0.48055555555555546,0.0819618334618287,0.7723419694175786,3.9539055899999997
Training,syn_n200_k05_high_corr_normal_low_vol_r03_s20260727,10,theta_131,1.028688284557485,0.05653312942064352,0.48055555555555546,0.0819618334618287,0.7723419694175786,3.5346469966666665
Training,syn_n200_k05_high_corr_normal_low_vol_r03_s20260727,10,theta_132,1.028688284557485,0.05653312942064352,0.48055555555555546,0.0819618334618287,0.7723419694175786,3.5241813733333327
Training,syn_n200_k05_high_corr_normal_low_vol_r03_s20260727,10,theta_144,1.0284081596180197,0.05280613851199425,0.6280555555555556,0.07885869471894948,0.7428497176379663,3.313631009999999
Training,syn_n200_k05_high_corr_normal_low_vol_r03_s20260727,10,theta_159,1.0284081596180197,0.05280613851199425,0.6280555555555556,0.07885869471894948,0.7428497176379663,3.998068603333333
Training,syn_n200_k05_high_corr_normal_low_vol_r03_s20260727,10,theta_164,1.0288211712027862,0.05188382303025381,0.4983333333333333,0.07679109925288861,0.7548786071553386,3.7148954933333327
Training,syn_n200_k05_high_corr_normal_low_vol_r03_s20260727,10,theta_170,1.0288211712027862,0.05188382303025381,0.4983333333333333,0.07679109925288861,0.7548786071553386,3.71453366
Training,syn_n200_k05_high_corr_normal_low_vol_r03_s20260727,10,theta_175,1.0288211712027862,0.05188382303025381,0.4983333333333333,0.07679109925288861,0.7548786071553386,3.618026056666667
Training,syn_n200_k05_high_corr_normal_low_vol_r03_s20260727,10,theta_189,1.0288211712027862,0.05188382303025381,0.4983333333333333,0.07679109925288861,0.7548786071553386,6.15739137
Training,syn_n200_k05_high_corr_normal_low_vol_r03_s20260727,10,theta_200,1.0317413544624734,0.0495527711385454,0.5072222222222222,0.06658700390350462,0.8155865458680889,8.044388410000002
Training,syn_n200_k05_high_corr_normal_low_vol_r03_s20260727,10,theta_223,1.0303051735319475,0.05220980045262425,0.4749999999999999,0.06265559379345766,0.7866700613439304,7.92388709
Training,syn_n200_k05_high_corr_normal_low_vol_r03_s20260727,10,theta_234,1.0303051735319475,0.05220980045262425,0.4749999999999999,0.06265559379345766,0.7866700613439304,7.971171629999999
Training,syn_n200_k05_high_corr_normal_low_vol_r03_s20260727,10,theta_237,1.0303051735319475,0.05220980045262425,0.4749999999999999,0.06265559379345766,0.7866700613439304,3.557446726666667
Training,syn_n200_k05_low_corr_heavy_tail_high_vol_r03_s20260723,10,theta_011,1.0715862742428328,0.15399927521834306,0.3158333333333333,0.052947269570747905,0.8153387192065545,1.7653658166666666
Training,syn_n200_k05_low_corr_heavy_tail_high_vol_r03_s20260723,10,theta_034,1.05379992060786,0.09434247605337064,0.25166666666666665,0.10827459616074751,1.092039554572969,2.48224549
Training,syn_n200_k05_low_corr_heavy_tail_high_vol_r03_s20260723,10,theta_037,1.05379992060786,0.09434247605337064,0.25166666666666665,0.10827459616074751,1.092039554572969,2.6714750166666668
Training,syn_n200_k05_low_corr_heavy_tail_high_vol_r03_s20260723,10,theta_045,1.05379992060786,0.09434247605337064,0.25166666666666665,0.10827459616074751,1.092039554572969,3.037103853333334
Training,syn_n200_k05_low_corr_heavy_tail_high_vol_r03_s20260723,10,theta_047,1.05379992060786,0.09434247605337064,0.25166666666666665,0.10827459616074751,1.092039554572969,2.9433907066666665
Training,syn_n200_k05_low_corr_heavy_tail_high_vol_r03_s20260723,10,theta_067,1.046839054314985,0.14692062013302062,0.23944444444444446,0.07366246397363635,0.8667861184920462,3.8280657699999994
Training,syn_n200_k05_low_corr_heavy_tail_high_vol_r03_s20260723,10,theta_076,1.046839054314985,0.14692062013302062,0.23944444444444446,0.07366246397363635,0.8667861184920462,3.7690479766666667
Training,syn_n200_k05_low_corr_heavy_tail_high_vol_r03_s20260723,10,theta_078,1.046839054314985,0.14692062013302062,0.23944444444444446,0.07366246397363635,0.8667861184920462,3.39014877
Training,syn_n200_k05_low_corr_heavy_tail_high_vol_r03_s20260723,10,theta_084,1.0779061906179177,0.14127624913320883,0.32472222222222225,0.06696191248177978,0.8440663512884324,2.6483352966666662
Training,syn_n200_k05_low_corr_heavy_tail_high_vol_r03_s20260723,10,theta_086,1.0779061906179177,0.14127624913320883,0.32472222222222225,0.06696191248177978,0.8440663512884324,2.983875196666667
Training,syn_n200_k05_low_corr_heavy_tail_high_vol_r03_s20260723,10,theta_089,1.0779061906179177,0.14127624913320883,0.32472222222222225,0.06696191248177978,0.8440663512884324,3.3386028566666672
Training,syn_n200_k05_low_corr_heavy_tail_high_vol_r03_s20260723,10,theta_118,1.0912827340456561,0.07244572927434377,0.3688888888888888,0.09386548510262926,1.0659703931301607,3.036281103333334
Training,syn_n200_k05_low_corr_heavy_tail_high_vol_r03_s20260723,10,theta_131,1.0912827340456561,0.07244572927434377,0.3688888888888888,0.09386548510262926,1.0659703931301607,3.3055368366666666
Training,syn_n200_k05_low_corr_heavy_tail_high_vol_r03_s20260723,10,theta_132,1.0912827340456561,0.07244572927434377,0.3688888888888888,0.09386548510262926,1.0659703931301607,3.4306216733333335
Training,syn_n200_k05_low_corr_heavy_tail_high_vol_r03_s20260723,10,theta_144,1.0322718487110836,0.19323631602431973,0.21638888888888888,0.08054391426782802,0.7571450528368138,2.57572104
Training,syn_n200_k05_low_corr_heavy_tail_high_vol_r03_s20260723,10,theta_159,1.0322718487110836,0.19323631602431973,0.21638888888888888,0.08054391426782802,0.7571450528368138,3.9018555200000007
Training,syn_n200_k05_low_corr_heavy_tail_high_vol_r03_s20260723,10,theta_164,1.0640932077405636,0.11961239991147253,0.2761111111111111,0.115946812644982,0.9775179848911117,3.4642751299999994
Training,syn_n200_k05_low_corr_heavy_tail_high_vol_r03_s20260723,10,theta_170,1.0640932077405636,0.11961239991147253,0.2761111111111111,0.115946812644982,0.9775179848911117,3.9916446700000003
Training,syn_n200_k05_low_corr_heavy_tail_high_vol_r03_s20260723,10,theta_175,1.0640932077405636,0.11961239991147253,0.2761111111111111,0.115946812644982,0.9775179848911117,3.4113880066666673
Training,syn_n200_k05_low_corr_heavy_tail_high_vol_r03_s20260723,10,theta_189,1.0640932077405636,0.11961239991147253,0.2761111111111111,0.115946812644982,0.9775179848911117,4.943910503333334
Training,syn_n200_k05_low_corr_heavy_tail_high_vol_r03_s20260723,10,theta_200,1.0841171811271246,0.0687456399330188,0.3775,0.09304127089006113,1.1148345800984438,7.397712153333334
Training,syn_n200_k05_low_corr_heavy_tail_high_vol_r03_s20260723,10,theta_223,1.0693870227587783,0.10819019092609806,0.28555555555555556,0.09039947630520467,0.9783265355748338,7.4192966799999995
Training,syn_n200_k05_low_corr_heavy_tail_high_vol_r03_s20260723,10,theta_234,1.0693870227587783,0.10819019092609806,0.28555555555555556,0.09039947630520467,0.9783265355748338,6.924028186666669
Training,syn_n200_k05_low_corr_heavy_tail_high_vol_r03_s20260723,10,theta_237,1.0693870227587783,0.10819019092609806,0.28555555555555556,0.09039947630520467,0.9783265355748338,3.4576451599999998
Training,syn_n200_k05_low_corr_normal_low_vol_r01_s20260728,10,theta_011,1.0327432809529606,0.1836498021353246,0.29972222222222217,0.055353520291156255,0.84263819096298,2.2848283900000004
Training,syn_n200_k05_low_corr_normal_low_vol_r01_s20260728,10,theta_034,1.0350311561604877,0.08679063748493523,0.34194444444444433,0.09813180086213172,1.1017152199739875,2.4939700300000003
Training,syn_n200_k05_low_corr_normal_low_vol_r01_s20260728,10,theta_037,1.0350311561604877,0.08679063748493523,0.34194444444444433,0.09813180086213172,1.1017152199739875,2.542100396666667
Training,syn_n200_k05_low_corr_normal_low_vol_r01_s20260728,10,theta_045,1.0350311561604877,0.08679063748493523,0.34194444444444433,0.09813180086213172,1.1017152199739875,3.007752943333334
Training,syn_n200_k05_low_corr_normal_low_vol_r01_s20260728,10,theta_047,1.0350311561604877,0.08679063748493523,0.34194444444444433,0.09813180086213172,1.1017152199739875,3.7936954799999993
Training,syn_n200_k05_low_corr_normal_low_vol_r01_s20260728,10,theta_067,1.0246985536557822,0.1498474553202844,0.3055555555555555,0.10734458225342866,0.9411608635369204,4.086644016666667
Training,syn_n200_k05_low_corr_normal_low_vol_r01_s20260728,10,theta_076,1.0246985536557822,0.1498474553202844,0.3055555555555555,0.10734458225342866,0.9411608635369204,3.732577313333333
Training,syn_n200_k05_low_corr_normal_low_vol_r01_s20260728,10,theta_078,1.0246985536557822,0.1498474553202844,0.3055555555555555,0.10734458225342866,0.9411608635369204,3.331312733333334
Training,syn_n200_k05_low_corr_normal_low_vol_r01_s20260728,10,theta_084,1.0396166908912265,0.1326159490162447,0.3269444444444444,0.08385910762572717,0.9635544730431479,2.68441457
Training,syn_n200_k05_low_corr_normal_low_vol_r01_s20260728,10,theta_086,1.0396166908912265,0.1326159490162447,0.3269444444444444,0.08385910762572717,0.9635544730431479,3.0611131033333328
Training,syn_n200_k05_low_corr_normal_low_vol_r01_s20260728,10,theta_089,1.0396166908912265,0.1326159490162447,0.3269444444444444,0.08385910762572717,0.9635544730431479,3.6225919166666665
Training,syn_n200_k05_low_corr_normal_low_vol_r01_s20260728,10,theta_118,1.05180069106823,0.05221785302928196,0.43333333333333335,0.08733082975113955,1.202357886002819,3.7831258866666664
Training,syn_n200_k05_low_corr_normal_low_vol_r01_s20260728,10,theta_131,1.05180069106823,0.05221785302928196,0.43333333333333335,0.08733082975113955,1.202357886002819,3.5842220700000005
Training,syn_n200_k05_low_corr_normal_low_vol_r01_s20260728,10,theta_132,1.05180069106823,0.05221785302928196,0.43333333333333335,0.08733082975113955,1.202357886002819,3.29269421
Training,syn_n200_k05_low_corr_normal_low_vol_r01_s20260728,10,theta_144,1.0274938306415946,0.17559507506537414,0.3027777777777778,0.08625839848291662,0.8725559156865147,2.6201597
Training,syn_n200_k05_low_corr_normal_low_vol_r01_s20260728,10,theta_159,1.0274938306415946,0.17559507506537414,0.3027777777777778,0.08625839848291662,0.8725559156865147,3.7083608433333337
Training,syn_n200_k05_low_corr_normal_low_vol_r01_s20260728,10,theta_164,1.033366306240944,0.1580840189159315,0.2975,0.07999516301200198,0.9310075393881497,3.452972196666667
Training,syn_n200_k05_low_corr_normal_low_vol_r01_s20260728,10,theta_170,1.033366306240944,0.1580840189159315,0.2975,0.07999516301200198,0.9310075393881497,3.7043653400000003
Training,syn_n200_k05_low_corr_normal_low_vol_r01_s20260728,10,theta_175,1.033366306240944,0.1580840189159315,0.2975,0.07999516301200198,0.9310075393881497,3.49383874
Training,syn_n200_k05_low_corr_normal_low_vol_r01_s20260728,10,theta_189,1.033366306240944,0.1580840189159315,0.2975,0.07999516301200198,0.9310075393881497,4.846240036666667
Training,syn_n200_k05_low_corr_normal_low_vol_r01_s20260728,10,theta_200,1.0612860209420751,0.04130477086245467,0.5333333333333333,0.07519891769545596,1.2277230098834806,7.635113839999999
Training,syn_n200_k05_low_corr_normal_low_vol_r01_s20260728,10,theta_223,1.0412449184321355,0.1320728351764719,0.2913888888888889,0.080585586770375,0.9685382146893811,7.571014259999999
Training,syn_n200_k05_low_corr_normal_low_vol_r01_s20260728,10,theta_234,1.0412449184321355,0.1320728351764719,0.2913888888888889,0.080585586770375,0.9685382146893811,7.49017044
Training,syn_n200_k05_low_corr_normal_low_vol_r01_s20260728,10,theta_237,1.0412449184321355,0.1320728351764719,0.2913888888888889,0.080585586770375,0.9685382146893811,3.397493063333333
Training,syn_n200_k05_low_corr_skewed_extreme_events_r02_s20260725,10,theta_011,1.0223660247000588,0.08199820475853244,0.5027777777777778,0.06364226935995473,1.023443409439245,2.3025245
Training,syn_n200_k05_low_corr_skewed_extreme_events_r02_s20260725,10,theta_034,0.9997747772229035,0.08266738423005858,0.4036111111111111,0.11469667374091876,1.102488882697105,2.523953903333334
Training,syn_n200_k05_low_corr_skewed_extreme_events_r02_s20260725,10,theta_037,0.9997747772229035,0.08266738423005858,0.4036111111111111,0.11469667374091876,1.102488882697105,2.5525405133333336
Training,syn_n200_k05_low_corr_skewed_extreme_events_r02_s20260725,10,theta_045,0.9997747772229035,0.08266738423005858,0.4036111111111111,0.11469667374091876,1.102488882697105,3.0426296766666665
Training,syn_n200_k05_low_corr_skewed_extreme_events_r02_s20260725,10,theta_047,0.9997747772229035,0.08266738423005858,0.4036111111111111,0.11469667374091876,1.102488882697105,4.001247506666668
Training,syn_n200_k05_low_corr_skewed_extreme_events_r02_s20260725,10,theta_067,0.9984931813920142,0.09218123530997532,0.3063888888888889,0.09710168137953437,1.051125982913256,3.842137453333334
Training,syn_n200_k05_low_corr_skewed_extreme_events_r02_s20260725,10,theta_076,0.9984931813920142,0.09218123530997532,0.3063888888888889,0.09710168137953437,1.051125982913256,3.369394733333334
Training,syn_n200_k05_low_corr_skewed_extreme_events_r02_s20260725,10,theta_078,0.9984931813920142,0.09218123530997532,0.3063888888888889,0.09710168137953437,1.051125982913256,3.4617796433333337
Training,syn_n200_k05_low_corr_skewed_extreme_events_r02_s20260725,10,theta_084,1.0117531122124783,0.07703010916376281,0.46388888888888885,0.0874791513910932,1.088990172076937,2.7384902300000005
Training,syn_n200_k05_low_corr_skewed_extreme_events_r02_s20260725,10,theta_086,1.0117531122124783,0.07703010916376281,0.46388888888888885,0.0874791513910932,1.088990172076937,2.797893096666667
Training,syn_n200_k05_low_corr_skewed_extreme_events_r02_s20260725,10,theta_089,1.0117531122124783,0.07703010916376281,0.46388888888888885,0.0874791513910932,1.088990172076937,3.721299016666667
Training,syn_n200_k05_low_corr_skewed_extreme_events_r02_s20260725,10,theta_118,1.010963606046332,0.07512707027221172,0.4283333333333333,0.10665740935034858,1.146793359876505,4.256228886666666
Training,syn_n200_k05_low_corr_skewed_extreme_events_r02_s20260725,10,theta_131,1.010963606046332,0.07512707027221172,0.4283333333333333,0.10665740935034858,1.146793359876505,3.4816528766666663
Training,syn_n200_k05_low_corr_skewed_extreme_events_r02_s20260725,10,theta_132,1.010963606046332,0.07512707027221172,0.4283333333333333,0.10665740935034858,1.146793359876505,3.601983236666667
Training,syn_n200_k05_low_corr_skewed_extreme_events_r02_s20260725,10,theta_144,0.9854899451823792,0.11692883082491087,0.37138888888888894,0.1313454358845454,1.0252484348748958,2.7016481
Training,syn_n200_k05_low_corr_skewed_extreme_events_r02_s20260725,10,theta_159,0.9854899451823792,0.11692883082491087,0.37138888888888894,0.1313454358845454,1.0252484348748958,3.6749354199999997
Training,syn_n200_k05_low_corr_skewed_extreme_events_r02_s20260725,10,theta_164,0.9984568004315724,0.07996209528810073,0.29444444444444445,0.10617838235156157,1.1182331876808056,3.531042913333333
Training,syn_n200_k05_low_corr_skewed_extreme_events_r02_s20260725,10,theta_170,0.9984568004315724,0.07996209528810073,0.29444444444444445,0.10617838235156157,1.1182331876808056,3.599261096666667
Training,syn_n200_k05_low_corr_skewed_extreme_events_r02_s20260725,10,theta_175,0.9984568004315724,0.07996209528810073,0.29444444444444445,0.10617838235156157,1.1182331876808056,3.633641773333333
Training,syn_n200_k05_low_corr_skewed_extreme_events_r02_s20260725,10,theta_189,0.9984568004315724,0.07996209528810073,0.29444444444444445,0.10617838235156157,1.1182331876808056,9.792965350000003
Training,syn_n200_k05_low_corr_skewed_extreme_events_r02_s20260725,10,theta_200,1.017597220410344,0.06137208813201928,0.5372222222222223,0.09130212885099172,1.1673732961879644,7.6597379
Training,syn_n200_k05_low_corr_skewed_extreme_events_r02_s20260725,10,theta_223,1.0130270370467183,0.0751835344740337,0.3730555555555556,0.08916733539294032,1.1079969158259801,7.664009616666666
Training,syn_n200_k05_low_corr_skewed_extreme_events_r02_s20260725,10,theta_234,1.0130270370467183,0.0751835344740337,0.3730555555555556,0.08916733539294032,1.1079969158259801,8.016279686666667
Training,syn_n200_k05_low_corr_skewed_extreme_events_r02_s20260725,10,theta_237,1.0130270370467183,0.0751835344740337,0.3730555555555556,0.08916733539294032,1.1079969158259801,3.523447673333334
Training,syn_n200_k05_pathological_cov_mixed_low_vol_r01_s20260724,10,theta_011,0.9831870442844747,0.039797810798948854,0.7263888888888889,0.05760973704493226,1.094578433706163,2.294412856666667
Training,syn_n200_k05_pathological_cov_mixed_low_vol_r01_s20260724,10,theta_034,0.964924944023734,0.036969567881260365,0.4877777777777778,0.05021620804045265,1.188462833953009,2.769217113333333
Training,syn_n200_k05_pathological_cov_mixed_low_vol_r01_s20260724,10,theta_037,0.964924944023734,0.036969567881260365,0.4877777777777778,0.05021620804045265,1.188462833953009,2.7041743000000005
Training,syn_n200_k05_pathological_cov_mixed_low_vol_r01_s20260724,10,theta_045,0.964924944023734,0.036969567881260365,0.4877777777777778,0.05021620804045265,1.188462833953009,3.283755873333334
Training,syn_n200_k05_pathological_cov_mixed_low_vol_r01_s20260724,10,theta_047,0.964924944023734,0.036969567881260365,0.4877777777777778,0.05021620804045265,1.188462833953009,4.1646580166666665
Training,syn_n200_k05_pathological_cov_mixed_low_vol_r01_s20260724,10,theta_067,0.9706599029591977,0.041276380802824045,0.6155555555555556,0.06185983776646704,1.1097362769236898,4.139979686666667
Training,syn_n200_k05_pathological_cov_mixed_low_vol_r01_s20260724,10,theta_076,0.9706599029591977,0.041276380802824045,0.6155555555555556,0.06185983776646704,1.1097362769236898,3.7643703533333333
Training,syn_n200_k05_pathological_cov_mixed_low_vol_r01_s20260724,10,theta_078,0.9706599029591977,0.041276380802824045,0.6155555555555556,0.06185983776646704,1.1097362769236898,3.605830586666667
Training,syn_n200_k05_pathological_cov_mixed_low_vol_r01_s20260724,10,theta_084,0.9886387289994136,0.028119167319324415,0.7408333333333332,0.05881757385379301,1.1868810532060088,3.180159656666667
Training,syn_n200_k05_pathological_cov_mixed_low_vol_r01_s20260724,10,theta_086,0.9886387289994136,0.028119167319324415,0.7408333333333332,0.05881757385379301,1.1868810532060088,3.1923804900000006
Training,syn_n200_k05_pathological_cov_mixed_low_vol_r01_s20260724,10,theta_089,0.9886387289994136,0.028119167319324415,0.7408333333333332,0.05881757385379301,1.1868810532060088,4.085102696666667
Training,syn_n200_k05_pathological_cov_mixed_low_vol_r01_s20260724,10,theta_118,0.9850556221658294,0.024445179823874397,0.7127777777777776,0.05728448564731613,1.2364107968344227,4.583101183333334
Training,syn_n200_k05_pathological_cov_mixed_low_vol_r01_s20260724,10,theta_131,0.9850556221658294,0.024445179823874397,0.7127777777777776,0.05728448564731613,1.2364107968344227,3.6505672700000003
Training,syn_n200_k05_pathological_cov_mixed_low_vol_r01_s20260724,10,theta_132,0.9850556221658294,0.024445179823874397,0.7127777777777776,0.05728448564731613,1.2364107968344227,3.83024708
Training,syn_n200_k05_pathological_cov_mixed_low_vol_r01_s20260724,10,theta_144,0.9781510240777465,0.032027878257594615,0.6538888888888889,0.043610774600798353,1.1750443864771134,2.900218913333333
Training,syn_n200_k05_pathological_cov_mixed_low_vol_r01_s20260724,10,theta_159,0.9781510240777465,0.032027878257594615,0.6538888888888889,0.043610774600798353,1.1750443864771134,4.120781793333333
Training,syn_n200_k05_pathological_cov_mixed_low_vol_r01_s20260724,10,theta_164,0.9784111875990118,0.031208931718909975,0.6319444444444444,0.055821512920786305,1.2048510593362747,3.913282316666667
Training,syn_n200_k05_pathological_cov_mixed_low_vol_r01_s20260724,10,theta_170,0.9784111875990118,0.031208931718909975,0.6319444444444444,0.055821512920786305,1.2048510593362747,4.176901413333334
Training,syn_n200_k05_pathological_cov_mixed_low_vol_r01_s20260724,10,theta_175,0.9784111875990118,0.031208931718909975,0.6319444444444444,0.055821512920786305,1.2048510593362747,3.7634734133333336
Training,syn_n200_k05_pathological_cov_mixed_low_vol_r01_s20260724,10,theta_189,0.9784111875990118,0.031208931718909975,0.6319444444444444,0.055821512920786305,1.2048510593362747,11.596881740000002
Training,syn_n200_k05_pathological_cov_mixed_low_vol_r01_s20260724,10,theta_200,0.9715151574436869,0.03605567756231268,0.5669444444444445,0.05610092091781634,1.1903656069479078,8.44157116
Training,syn_n200_k05_pathological_cov_mixed_low_vol_r01_s20260724,10,theta_223,0.9765018635035283,0.034734478993002076,0.6575000000000001,0.06542069116985431,1.174873861330546,8.524000926666666
Training,syn_n200_k05_pathological_cov_mixed_low_vol_r01_s20260724,10,theta_234,0.9765018635035283,0.034734478993002076,0.6575000000000001,0.06542069116985431,1.174873861330546,6.104866773333334
Training,syn_n200_k05_pathological_cov_mixed_low_vol_r01_s20260724,10,theta_237,0.9765018635035283,0.034734478993002076,0.6575000000000001,0.06542069116985431,1.174873861330546,3.9043978433333333
Training,syn_n200_k05_pathological_cov_normal_extreme_events_r02_s20260733,10,theta_011,1.1610060554344588,0.03596895225563397,0.6869444444444444,0.06298205126933677,0.08399945468569264,1.5575682033333331
Training,syn_n200_k05_pathological_cov_normal_extreme_events_r02_s20260733,10,theta_034,1.158601156301735,0.03833612788962535,0.6927777777777777,0.10880932216055911,0.16246454048080136,2.6610862199999996
Training,syn_n200_k05_pathological_cov_normal_extreme_events_r02_s20260733,10,theta_037,1.158601156301735,0.03833612788962535,0.6927777777777777,0.10880932216055911,0.16246454048080136,2.6527699366666666
Training,syn_n200_k05_pathological_cov_normal_extreme_events_r02_s20260733,10,theta_045,1.158601156301735,0.03833612788962535,0.6927777777777777,0.10880932216055911,0.16246454048080136,3.186077036666667
Training,syn_n200_k05_pathological_cov_normal_extreme_events_r02_s20260733,10,theta_047,1.158601156301735,0.03833612788962535,0.6927777777777777,0.10880932216055911,0.16246454048080136,4.118854223333334
Training,syn_n200_k05_pathological_cov_normal_extreme_events_r02_s20260733,10,theta_067,1.173661858543894,0.029086444320150708,0.7266666666666667,0.08674553681673558,0.141581615078464,3.942288503333333
Training,syn_n200_k05_pathological_cov_normal_extreme_events_r02_s20260733,10,theta_076,1.173661858543894,0.029086444320150708,0.7266666666666667,0.08674553681673558,0.141581615078464,3.5787907899999998
Training,syn_n200_k05_pathological_cov_normal_extreme_events_r02_s20260733,10,theta_078,1.173661858543894,0.029086444320150708,0.7266666666666667,0.08674553681673558,0.141581615078464,3.4290237066666673
Training,syn_n200_k05_pathological_cov_normal_extreme_events_r02_s20260733,10,theta_084,1.1825051054178806,0.01994634833952671,0.6930555555555556,0.08174392839737968,0.10616446856105397,2.535053329999999
Training,syn_n200_k05_pathological_cov_normal_extreme_events_r02_s20260733,10,theta_086,1.1825051054178806,0.01994634833952671,0.6930555555555556,0.08174392839737968,0.10616446856105397,2.4603444600000004
Training,syn_n200_k05_pathological_cov_normal_extreme_events_r02_s20260733,10,theta_089,1.1825051054178806,0.01994634833952671,0.6930555555555556,0.08174392839737968,0.10616446856105397,3.2078873866666666
Training,syn_n200_k05_pathological_cov_normal_extreme_events_r02_s20260733,10,theta_118,1.160559125466326,0.03844731622057748,0.7227777777777776,0.10962409099171463,0.15097541273348897,4.6314534499999995
Training,syn_n200_k05_pathological_cov_normal_extreme_events_r02_s20260733,10,theta_131,1.160559125466326,0.03844731622057748,0.7227777777777776,0.10962409099171463,0.15097541273348897,3.6657501566666664
Training,syn_n200_k05_pathological_cov_normal_extreme_events_r02_s20260733,10,theta_132,1.160559125466326,0.03844731622057748,0.7227777777777776,0.10962409099171463,0.15097541273348897,3.6897854000000003
Training,syn_n200_k05_pathological_cov_normal_extreme_events_r02_s20260733,10,theta_144,1.1851137842655317,0.01796134918303823,0.7855555555555556,0.05280676895659165,0.09956642651413136,2.7201579800000006
Training,syn_n200_k05_pathological_cov_normal_extreme_events_r02_s20260733,10,theta_159,1.1851137842655317,0.01796134918303823,0.7855555555555556,0.05280676895659165,0.09956642651413136,3.6467847933333335
Training,syn_n200_k05_pathological_cov_normal_extreme_events_r02_s20260733,10,theta_164,1.1774993266176728,0.02377869515584418,0.6599999999999999,0.0475194161619965,0.07927642251007734,3.1025290533333334
Training,syn_n200_k05_pathological_cov_normal_extreme_events_r02_s20260733,10,theta_170,1.1774993266176728,0.02377869515584418,0.6599999999999999,0.0475194161619965,0.07927642251007734,3.255299966666667
Training,syn_n200_k05_pathological_cov_normal_extreme_events_r02_s20260733,10,theta_175,1.1778989915963933,0.023752552795848546,0.6594444444444443,0.047479793345735134,0.07935635245549018,3.072938986666666
Training,syn_n200_k05_pathological_cov_normal_extreme_events_r02_s20260733,10,theta_189,1.1774993266176728,0.02377869515584418,0.6599999999999999,0.0475194161619965,0.07927642251007734,7.633847846666667
Training,syn_n200_k05_pathological_cov_normal_extreme_events_r02_s20260733,10,theta_200,1.1836546304019109,0.020204739920871958,0.7527777777777778,0.04811807230119553,0.10135312563288082,8.5206878
Training,syn_n200_k05_pathological_cov_normal_extreme_events_r02_s20260733,10,theta_223,1.174576444424073,0.026158474607902143,0.741111111111111,0.060968107894352364,0.11915257995745546,8.213543743333334
Training,syn_n200_k05_pathological_cov_normal_extreme_events_r02_s20260733,10,theta_234,1.174576444424073,0.026158474607902143,0.741111111111111,0.060968107894352364,0.11915257995745546,4.960093773333333
Training,syn_n200_k05_pathological_cov_normal_extreme_events_r02_s20260733,10,theta_237,1.174576444424073,0.026158474607902143,0.741111111111111,0.060968107894352364,0.11915257995745546,3.68785057
Training,syn_n200_k05_pathological_cov_skewed_high_vol_r03_s20260730,10,theta_011,1.0582597970809502,0.030188016847100294,0.7063888888888887,0.03130133015831472,0.8596180244538221,2.21259539
Training,syn_n200_k05_pathological_cov_skewed_high_vol_r03_s20260730,10,theta_034,1.0553920000654262,0.02886836437643535,0.6111111111111112,0.050213842238839304,0.9324959726248292,2.68561117
Training,syn_n200_k05_pathological_cov_skewed_high_vol_r03_s20260730,10,theta_037,1.0553920000654262,0.02886836437643535,0.6111111111111112,0.050213842238839304,0.9324959726248292,2.6580588733333332
Training,syn_n200_k05_pathological_cov_skewed_high_vol_r03_s20260730,10,theta_045,1.0553920000654262,0.02886836437643535,0.6111111111111112,0.050213842238839304,0.9324959726248292,3.2724875266666666
Training,syn_n200_k05_pathological_cov_skewed_high_vol_r03_s20260730,10,theta_047,1.0553920000654262,0.02886836437643535,0.6111111111111112,0.050213842238839304,0.9324959726248292,3.890010796666666
Training,syn_n200_k05_pathological_cov_skewed_high_vol_r03_s20260730,10,theta_067,1.054877125435983,0.03176908335596954,0.6297222222222222,0.041131643342450036,0.8553108504625722,4.27240782
Training,syn_n200_k05_pathological_cov_skewed_high_vol_r03_s20260730,10,theta_076,1.054877125435983,0.03176908335596954,0.6297222222222222,0.041131643342450036,0.8553108504625722,3.7738452399999995
Training,syn_n200_k05_pathological_cov_skewed_high_vol_r03_s20260730,10,theta_078,1.054877125435983,0.03176908335596954,0.6297222222222222,0.041131643342450036,0.8553108504625722,3.636656996666667
Training,syn_n200_k05_pathological_cov_skewed_high_vol_r03_s20260730,10,theta_084,1.0570220026030241,0.030051384220498033,0.6913888888888888,0.04333442934595532,0.8660575961186271,3.029608183333333
Training,syn_n200_k05_pathological_cov_skewed_high_vol_r03_s20260730,10,theta_086,1.0570220026030241,0.030051384220498033,0.6913888888888888,0.04333442934595532,0.8660575961186271,3.0700514966666668
Training,syn_n200_k05_pathological_cov_skewed_high_vol_r03_s20260730,10,theta_089,1.0570220026030241,0.030051384220498033,0.6913888888888888,0.04333442934595532,0.8660575961186271,4.05340291
Training,syn_n200_k05_pathological_cov_skewed_high_vol_r03_s20260730,10,theta_118,1.0607477020466027,0.02244711398091698,0.6963888888888887,0.05319959294516652,1.0174021981928003,4.528547856666666
Training,syn_n200_k05_pathological_cov_skewed_high_vol_r03_s20260730,10,theta_131,1.0607477020466027,0.02244711398091698,0.6963888888888887,0.05319959294516652,1.0174021981928003,3.4648332733333334
Training,syn_n200_k05_pathological_cov_skewed_high_vol_r03_s20260730,10,theta_132,1.0607477020466027,0.02244711398091698,0.6963888888888887,0.05319959294516652,1.0174021981928003,3.544819336666667
Training,syn_n200_k05_pathological_cov_skewed_high_vol_r03_s20260730,10,theta_144,1.0549612844658314,0.030666746788689827,0.6352777777777778,0.046211064476786724,0.9030482938853654,2.9944363633333326
Training,syn_n200_k05_pathological_cov_skewed_high_vol_r03_s20260730,10,theta_159,1.0549612844658314,0.030666746788689827,0.6352777777777778,0.046211064476786724,0.9030482938853654,3.9221896366666664
Training,syn_n200_k05_pathological_cov_skewed_high_vol_r03_s20260730,10,theta_164,1.0580607525599817,0.031190857187759873,0.6966666666666668,0.04410690304869547,0.8647961468349764,3.80569509
Training,syn_n200_k05_pathological_cov_skewed_high_vol_r03_s20260730,10,theta_170,1.0580607525599817,0.031190857187759873,0.6966666666666668,0.04410690304869547,0.8647961468349764,4.110097163333333
Training,syn_n200_k05_pathological_cov_skewed_high_vol_r03_s20260730,10,theta_175,1.0580607525599817,0.031190857187759873,0.6966666666666668,0.04410690304869547,0.8647961468349764,4.475529803333333
Training,syn_n200_k05_pathological_cov_skewed_high_vol_r03_s20260730,10,theta_189,1.0580607525599817,0.031190857187759873,0.6966666666666668,0.04410690304869547,0.8647961468349764,9.324436923333336
Training,syn_n200_k05_pathological_cov_skewed_high_vol_r03_s20260730,10,theta_200,1.0617652756829832,0.023756685936248252,0.6991666666666666,0.06047299761492034,1.0011202761284863,8.104116666666666
Training,syn_n200_k05_pathological_cov_skewed_high_vol_r03_s20260730,10,theta_223,1.0583973596412395,0.02953069674989417,0.6555555555555556,0.04463602155645272,0.9148136939115966,8.371011253333332
Training,syn_n200_k05_pathological_cov_skewed_high_vol_r03_s20260730,10,theta_234,1.0583973596412395,0.02953069674989417,0.6555555555555556,0.04463602155645272,0.9148136939115966,4.077529463333333
Training,syn_n200_k05_pathological_cov_skewed_high_vol_r03_s20260730,10,theta_237,1.0583973596412395,0.02953069674989417,0.6555555555555556,0.04463602155645272,0.9148136939115966,3.7849173599999997
Training,syn_n200_k10_cluster_corr_heavy_tail_low_vol_r02_s20260738,20,theta_011,0.9409644126813222,0.05920323841981196,0.6244444444444445,0.047179943845438985,0.842116012476516,1.78643686
Training,syn_n200_k10_cluster_corr_heavy_tail_low_vol_r02_s20260738,20,theta_034,0.900984963344606,0.0717471839346871,0.2261111111111111,0.0890212044237062,0.980676279859517,2.5547424833333334
Training,syn_n200_k10_cluster_corr_heavy_tail_low_vol_r02_s20260738,20,theta_037,0.900984963344606,0.0717471839346871,0.2261111111111111,0.0890212044237062,0.980676279859517,2.523139346666667
Training,syn_n200_k10_cluster_corr_heavy_tail_low_vol_r02_s20260738,20,theta_045,0.900984963344606,0.0717471839346871,0.2261111111111111,0.0890212044237062,0.980676279859517,3.12287477
Training,syn_n200_k10_cluster_corr_heavy_tail_low_vol_r02_s20260738,20,theta_047,0.900984963344606,0.0717471839346871,0.2261111111111111,0.0890212044237062,0.980676279859517,4.10088882
Training,syn_n200_k10_cluster_corr_heavy_tail_low_vol_r02_s20260738,20,theta_067,0.9265264726550273,0.06373467251217532,0.38722222222222225,0.06389904544506886,0.9056456292579401,4.111343856666666
Training,syn_n200_k10_cluster_corr_heavy_tail_low_vol_r02_s20260738,20,theta_076,0.9265264726550273,0.06373467251217532,0.38722222222222225,0.06389904544506886,0.9056456292579401,3.50579524
Training,syn_n200_k10_cluster_corr_heavy_tail_low_vol_r02_s20260738,20,theta_078,0.9265264726550273,0.06373467251217532,0.38722222222222225,0.06389904544506886,0.9056456292579401,3.4226544500000005
Training,syn_n200_k10_cluster_corr_heavy_tail_low_vol_r02_s20260738,20,theta_084,0.9702152736268416,0.04426743531377506,0.6783333333333333,0.059457998314185516,0.9366619055770128,2.6478449133333326
Training,syn_n200_k10_cluster_corr_heavy_tail_low_vol_r02_s20260738,20,theta_086,0.9702152736268416,0.04426743531377506,0.6783333333333333,0.059457998314185516,0.9366619055770128,2.70025992
Training,syn_n200_k10_cluster_corr_heavy_tail_low_vol_r02_s20260738,20,theta_089,0.9702152736268416,0.04426743531377506,0.6783333333333333,0.059457998314185516,0.9366619055770128,3.5452414966666663
Training,syn_n200_k10_cluster_corr_heavy_tail_low_vol_r02_s20260738,20,theta_118,0.9432320858064857,0.05630019753800922,0.24944444444444444,0.0687837586805175,1.0622705607426526,4.235716423333334
Training,syn_n200_k10_cluster_corr_heavy_tail_low_vol_r02_s20260738,20,theta_131,0.9432320858064857,0.05630019753800922,0.24944444444444444,0.0687837586805175,1.0622705607426526,3.4465838933333326
Training,syn_n200_k10_cluster_corr_heavy_tail_low_vol_r02_s20260738,20,theta_132,0.9432320858064857,0.05630019753800922,0.24944444444444444,0.0687837586805175,1.0622705607426526,3.449225393333334
Training,syn_n200_k10_cluster_corr_heavy_tail_low_vol_r02_s20260738,20,theta_144,0.9222537914743782,0.06458792346022531,0.4247222222222222,0.05763717891469692,0.8794678403642361,2.647184416666667
Training,syn_n200_k10_cluster_corr_heavy_tail_low_vol_r02_s20260738,20,theta_159,0.9222537914743782,0.06458792346022531,0.4247222222222222,0.05763717891469692,0.8794678403642361,3.364673873333333
Training,syn_n200_k10_cluster_corr_heavy_tail_low_vol_r02_s20260738,20,theta_164,0.9446217423187904,0.05476230948891863,0.4938888888888889,0.07097375526299654,0.9270325645954907,3.3580947166666664
Training,syn_n200_k10_cluster_corr_heavy_tail_low_vol_r02_s20260738,20,theta_170,0.9446217423187904,0.05476230948891863,0.4938888888888889,0.07097375526299654,0.9270325645954907,3.5102991133333328
Training,syn_n200_k10_cluster_corr_heavy_tail_low_vol_r02_s20260738,20,theta_175,0.9446217423187904,0.05476230948891863,0.4938888888888889,0.07097375526299654,0.9270325645954907,3.5504658
Training,syn_n200_k10_cluster_corr_heavy_tail_low_vol_r02_s20260738,20,theta_189,0.9446217423187904,0.05476230948891863,0.4938888888888889,0.07097375526299654,0.9270325645954907,7.767558233333332
Training,syn_n200_k10_cluster_corr_heavy_tail_low_vol_r02_s20260738,20,theta_200,0.9524023798741023,0.052159386060407736,0.26749999999999996,0.07724045664189541,1.1154627967079414,7.599047193333334
Training,syn_n200_k10_cluster_corr_heavy_tail_low_vol_r02_s20260738,20,theta_223,0.9218709311957008,0.06796305335333194,0.39055555555555554,0.06914903047522203,0.8725947296587341,7.6605053366666676
Training,syn_n200_k10_cluster_corr_heavy_tail_low_vol_r02_s20260738,20,theta_234,0.9218709311957008,0.06796305335333194,0.39055555555555554,0.06914903047522203,0.8725947296587341,3.4231153833333328
Training,syn_n200_k10_cluster_corr_heavy_tail_low_vol_r02_s20260738,20,theta_237,0.9218709311957008,0.06796305335333194,0.39055555555555554,0.06914903047522203,0.8725947296587341,3.55811536
Training,syn_n200_k10_cluster_corr_mixed_extreme_events_r03_s20260742,20,theta_011,0.9862101866578209,0.09730364848143166,0.5522222222222222,0.05305478508510245,0.6912747104947721,1.797477173333334
Training,syn_n200_k10_cluster_corr_mixed_extreme_events_r03_s20260742,20,theta_034,1.0087101067142092,0.06563545853128791,0.2983333333333334,0.07634795670625522,0.938799176254846,2.5620554233333332
Training,syn_n200_k10_cluster_corr_mixed_extreme_events_r03_s20260742,20,theta_037,1.0087101067142092,0.06563545853128791,0.2983333333333334,0.07634795670625522,0.938799176254846,2.53473096
Training,syn_n200_k10_cluster_corr_mixed_extreme_events_r03_s20260742,20,theta_045,1.0087101067142092,0.06563545853128791,0.2983333333333334,0.07634795670625522,0.938799176254846,3.010325343333333
Training,syn_n200_k10_cluster_corr_mixed_extreme_events_r03_s20260742,20,theta_047,1.0087101067142092,0.06563545853128791,0.2983333333333334,0.07634795670625522,0.938799176254846,4.023887473333334
Training,syn_n200_k10_cluster_corr_mixed_extreme_events_r03_s20260742,20,theta_067,0.9965322140379123,0.08543078063682638,0.44999999999999996,0.04160100910111054,0.7652911435433626,3.851845383333334
Training,syn_n200_k10_cluster_corr_mixed_extreme_events_r03_s20260742,20,theta_076,0.9965322140379123,0.08543078063682638,0.44999999999999996,0.04160100910111054,0.7652911435433626,3.1759823799999998
Training,syn_n200_k10_cluster_corr_mixed_extreme_events_r03_s20260742,20,theta_078,0.9965322140379123,0.08543078063682638,0.44999999999999996,0.04160100910111054,0.7652911435433626,3.198514963333333
Training,syn_n200_k10_cluster_corr_mixed_extreme_events_r03_s20260742,20,theta_084,0.9944610391916995,0.08588067781300593,0.5227777777777779,0.04928844169534256,0.7554880482192841,2.54717871
Training,syn_n200_k10_cluster_corr_mixed_extreme_events_r03_s20260742,20,theta_086,0.9944610391916995,0.08588067781300593,0.5227777777777779,0.04928844169534256,0.7554880482192841,2.6002476566666664
Training,syn_n200_k10_cluster_corr_mixed_extreme_events_r03_s20260742,20,theta_089,0.9944610391916995,0.08588067781300593,0.5227777777777779,0.04928844169534256,0.7554880482192841,3.588635143333333
Training,syn_n200_k10_cluster_corr_mixed_extreme_events_r03_s20260742,20,theta_118,1.0007309323337685,0.07189464208190281,0.3555555555555557,0.07710313034300771,0.9253684516421885,4.17583391
Training,syn_n200_k10_cluster_corr_mixed_extreme_events_r03_s20260742,20,theta_131,1.0007309323337685,0.07189464208190281,0.3555555555555557,0.07710313034300771,0.9253684516421885,3.4006557033333333
Training,syn_n200_k10_cluster_corr_mixed_extreme_events_r03_s20260742,20,theta_132,1.0007309323337685,0.07189464208190281,0.3555555555555557,0.07710313034300771,0.9253684516421885,3.22283479
Training,syn_n200_k10_cluster_corr_mixed_extreme_events_r03_s20260742,20,theta_144,1.0021219530396552,0.07884345000256178,0.48027777777777786,0.06601475468780212,0.8071069726358412,2.606347246666666
Training,syn_n200_k10_cluster_corr_mixed_extreme_events_r03_s20260742,20,theta_159,1.0021219530396552,0.07884345000256178,0.48027777777777786,0.06601475468780212,0.8071069726358412,3.386036016666667
Training,syn_n200_k10_cluster_corr_mixed_extreme_events_r03_s20260742,20,theta_164,1.0074285076990253,0.07708767250440414,0.49944444444444447,0.061096262447161945,0.8252845749602336,3.33557324
Training,syn_n200_k10_cluster_corr_mixed_extreme_events_r03_s20260742,20,theta_170,1.0074285076990253,0.07708767250440414,0.49944444444444447,0.061096262447161945,0.8252845749602336,3.36835578
Training,syn_n200_k10_cluster_corr_mixed_extreme_events_r03_s20260742,20,theta_175,1.0074285076990253,0.07708767250440414,0.49944444444444447,0.061096262447161945,0.8252845749602336,3.241081486666667
Training,syn_n200_k10_cluster_corr_mixed_extreme_events_r03_s20260742,20,theta_189,1.0074285076990253,0.07708767250440414,0.49944444444444447,0.061096262447161945,0.8252845749602336,7.32053703
Training,syn_n200_k10_cluster_corr_mixed_extreme_events_r03_s20260742,20,theta_200,1.0155926937964472,0.061876147586986015,0.34722222222222227,0.0780724562950133,0.992436982110302,7.3084714433333335
Training,syn_n200_k10_cluster_corr_mixed_extreme_events_r03_s20260742,20,theta_223,1.0011885129122113,0.07706806521639842,0.4186111111111111,0.053566755775596955,0.8396805000749663,7.472449723333333
Training,syn_n200_k10_cluster_corr_mixed_extreme_events_r03_s20260742,20,theta_234,1.0011885129122113,0.07706806521639842,0.4186111111111111,0.053566755775596955,0.8396805000749663,2.921759726666666
Training,syn_n200_k10_cluster_corr_mixed_extreme_events_r03_s20260742,20,theta_237,1.0011885129122113,0.07706806521639842,0.4186111111111111,0.053566755775596955,0.8396805000749663,3.469557766666667
Training,syn_n200_k10_cluster_corr_skewed_high_vol_r01_s20260741,20,theta_011,1.0130806932331404,0.04648215215602256,0.5802777777777778,0.043202092613324444,0.7587269410707492,1.7830251333333336
Training,syn_n200_k10_cluster_corr_skewed_high_vol_r01_s20260741,20,theta_034,0.9444339600817033,0.07672375981152978,0.25305555555555553,0.06767646081816556,0.7996822704757068,2.471820393333333
Training,syn_n200_k10_cluster_corr_skewed_high_vol_r01_s20260741,20,theta_037,0.9444339600817033,0.07672375981152978,0.25305555555555553,0.06767646081816556,0.7996822704757068,2.494185373333333
Training,syn_n200_k10_cluster_corr_skewed_high_vol_r01_s20260741,20,theta_045,0.9444339600817033,0.07672375981152978,0.25305555555555553,0.06767646081816556,0.7996822704757068,3.021123853333333
Training,syn_n200_k10_cluster_corr_skewed_high_vol_r01_s20260741,20,theta_047,0.9444339600817033,0.07672375981152978,0.25305555555555553,0.06767646081816556,0.7996822704757068,3.91212488
Training,syn_n200_k10_cluster_corr_skewed_high_vol_r01_s20260741,20,theta_067,0.9690988545863853,0.06405722430763586,0.3491666666666667,0.05223958751282717,0.7353927572541437,3.8316410366666673
Training,syn_n200_k10_cluster_corr_skewed_high_vol_r01_s20260741,20,theta_076,0.9690988545863853,0.06405722430763586,0.3491666666666667,0.05223958751282717,0.7353927572541437,2.9534089000000003
Training,syn_n200_k10_cluster_corr_skewed_high_vol_r01_s20260741,20,theta_078,0.9690988545863853,0.06405722430763586,0.3491666666666667,0.05223958751282717,0.7353927572541437,3.41436959
Training,syn_n200_k10_cluster_corr_skewed_high_vol_r01_s20260741,20,theta_084,1.0094091075364922,0.0461075061001055,0.6427777777777777,0.054259968734344306,0.8027053592514839,2.5692484666666666
Training,syn_n200_k10_cluster_corr_skewed_high_vol_r01_s20260741,20,theta_086,1.0094091075364922,0.0461075061001055,0.6427777777777777,0.054259968734344306,0.8027053592514839,2.6284480866666664
Training,syn_n200_k10_cluster_corr_skewed_high_vol_r01_s20260741,20,theta_089,1.0094091075364922,0.0461075061001055,0.6427777777777777,0.054259968734344306,0.8027053592514839,3.547835736666667
Training,syn_n200_k10_cluster_corr_skewed_high_vol_r01_s20260741,20,theta_118,1.0002043800049099,0.054170391812126246,0.2677777777777778,0.05608623480905875,0.8829752719987777,3.52306033
Training,syn_n200_k10_cluster_corr_skewed_high_vol_r01_s20260741,20,theta_131,1.0002043800049099,0.054170391812126246,0.2677777777777778,0.05608623480905875,0.8829752719987777,3.372591776666667
Training,syn_n200_k10_cluster_corr_skewed_high_vol_r01_s20260741,20,theta_132,1.0002043800049099,0.054170391812126246,0.2677777777777778,0.05608623480905875,0.8829752719987777,3.3858974833333333
Training,syn_n200_k10_cluster_corr_skewed_high_vol_r01_s20260741,20,theta_144,0.9607751010659918,0.0681630679327734,0.36583333333333334,0.0586010325713159,0.741827459782904,2.644104456666667
Training,syn_n200_k10_cluster_corr_skewed_high_vol_r01_s20260741,20,theta_159,0.9607751010659918,0.0681630679327734,0.36583333333333334,0.0586010325713159,0.741827459782904,3.3533858899999998
Training,syn_n200_k10_cluster_corr_skewed_high_vol_r01_s20260741,20,theta_164,1.0110637527531667,0.048791457275700605,0.551111111111111,0.08399780061740693,0.8393751426658252,3.3300472233333327
Training,syn_n200_k10_cluster_corr_skewed_high_vol_r01_s20260741,20,theta_170,1.0110637527531667,0.048791457275700605,0.551111111111111,0.08399780061740693,0.8393751426658252,3.4640868466666666
Training,syn_n200_k10_cluster_corr_skewed_high_vol_r01_s20260741,20,theta_175,1.0110637527531667,0.048791457275700605,0.551111111111111,0.08399780061740693,0.8393751426658252,3.3680685533333334
Training,syn_n200_k10_cluster_corr_skewed_high_vol_r01_s20260741,20,theta_189,1.0110637527531667,0.048791457275700605,0.551111111111111,0.08399780061740693,0.8393751426658252,7.71313112
Training,syn_n200_k10_cluster_corr_skewed_high_vol_r01_s20260741,20,theta_200,0.998296584153008,0.05737229218741992,0.2477777777777778,0.08529983011269504,0.9189838714269575,7.361986986666667
Training,syn_n200_k10_cluster_corr_skewed_high_vol_r01_s20260741,20,theta_223,0.9856925086819565,0.05888760969234298,0.33111111111111113,0.06743662171526298,0.8010830897358462,7.4026901600000015
Training,syn_n200_k10_cluster_corr_skewed_high_vol_r01_s20260741,20,theta_234,0.9856925086819565,0.05888760969234298,0.33111111111111113,0.06743662171526298,0.8010830897358462,2.93670389
Training,syn_n200_k10_cluster_corr_skewed_high_vol_r01_s20260741,20,theta_237,0.9856925086819565,0.05888760969234298,0.33111111111111113,0.06743662171526298,0.8010830897358462,3.3500053200000006
Training,syn_n200_k10_high_corr_heavy_tail_extreme_events_r01_s20260746,20,theta_011,1.032691573105925,0.023423485715594283,0.6505555555555557,0.052559611165777,0.9711340434044706,1.7865589033333331
Training,syn_n200_k10_high_corr_heavy_tail_extreme_events_r01_s20260746,20,theta_034,1.0111709467432282,0.04084324182486942,0.3425000000000001,0.06588887554388559,1.0238508897599232,2.5081533766666664
Training,syn_n200_k10_high_corr_heavy_tail_extreme_events_r01_s20260746,20,theta_037,1.0111709467432282,0.04084324182486942,0.3425000000000001,0.06588887554388559,1.0238508897599232,2.480734406666667
Training,syn_n200_k10_high_corr_heavy_tail_extreme_events_r01_s20260746,20,theta_045,1.0111709467432282,0.04084324182486942,0.3425000000000001,0.06588887554388559,1.0238508897599232,3.008386803333333
Training,syn_n200_k10_high_corr_heavy_tail_extreme_events_r01_s20260746,20,theta_047,1.0111709467432282,0.04084324182486942,0.3425000000000001,0.06588887554388559,1.0238508897599232,3.8228806933333335
Training,syn_n200_k10_high_corr_heavy_tail_extreme_events_r01_s20260746,20,theta_067,1.0165580477945795,0.03907582162568389,0.4261111111111111,0.05527892298103689,0.9874863507847168,4.5242008799999995
Training,syn_n200_k10_high_corr_heavy_tail_extreme_events_r01_s20260746,20,theta_076,1.0165580477945795,0.03907582162568389,0.4261111111111111,0.05527892298103689,0.9874863507847168,3.510419166666667
Training,syn_n200_k10_high_corr_heavy_tail_extreme_events_r01_s20260746,20,theta_078,1.0165580477945795,0.03907582162568389,0.4261111111111111,0.05527892298103689,0.9874863507847168,3.33617295
Training,syn_n200_k10_high_corr_heavy_tail_extreme_events_r01_s20260746,20,theta_084,1.0479670457052352,0.016128893368418197,0.7927777777777777,0.026327487889936885,1.0068136159801808,2.6085382500000005
Training,syn_n200_k10_high_corr_heavy_tail_extreme_events_r01_s20260746,20,theta_086,1.0479670457052352,0.016128893368418197,0.7927777777777777,0.026327487889936885,1.0068136159801808,2.5639632500000005
Training,syn_n200_k10_high_corr_heavy_tail_extreme_events_r01_s20260746,20,theta_089,1.0479670457052352,0.016128893368418197,0.7927777777777777,0.026327487889936885,1.0068136159801808,3.619819620000001
Training,syn_n200_k10_high_corr_heavy_tail_extreme_events_r01_s20260746,20,theta_118,1.0068607209550868,0.04723567981297225,0.3091666666666667,0.05013055861624112,1.0321248884212777,3.412717263333333
Training,syn_n200_k10_high_corr_heavy_tail_extreme_events_r01_s20260746,20,theta_131,1.0068607209550868,0.04723567981297225,0.3091666666666667,0.05013055861624112,1.0321248884212777,3.266065493333334
Training,syn_n200_k10_high_corr_heavy_tail_extreme_events_r01_s20260746,20,theta_132,1.0068607209550868,0.04723567981297225,0.3091666666666667,0.05013055861624112,1.0321248884212777,3.457915223333333
Training,syn_n200_k10_high_corr_heavy_tail_extreme_events_r01_s20260746,20,theta_144,1.0119628972822408,0.0398657804734599,0.46777777777777785,0.07010022868061055,0.9711982074343596,2.53327862
Training,syn_n200_k10_high_corr_heavy_tail_extreme_events_r01_s20260746,20,theta_159,1.0119628972822408,0.0398657804734599,0.46777777777777785,0.07010022868061055,0.9711982074343596,3.1527255633333335
Training,syn_n200_k10_high_corr_heavy_tail_extreme_events_r01_s20260746,20,theta_164,1.0334512783988008,0.026886214464225313,0.5666666666666667,0.04032991372784963,1.0167015557517176,3.3373150500000004
Training,syn_n200_k10_high_corr_heavy_tail_extreme_events_r01_s20260746,20,theta_170,1.0334512783988008,0.026886214464225313,0.5666666666666667,0.04032991372784963,1.0167015557517176,3.4287384566666663
Training,syn_n200_k10_high_corr_heavy_tail_extreme_events_r01_s20260746,20,theta_175,1.0334512783988008,0.026886214464225313,0.5666666666666667,0.04032991372784963,1.0167015557517176,3.3380937966666675
Training,syn_n200_k10_high_corr_heavy_tail_extreme_events_r01_s20260746,20,theta_189,1.0334512783988008,0.026886214464225313,0.5666666666666667,0.04032991372784963,1.0167015557517176,7.652777533333334
Training,syn_n200_k10_high_corr_heavy_tail_extreme_events_r01_s20260746,20,theta_200,1.0155636767748826,0.03999400380593949,0.44916666666666677,0.07519596097452919,1.0516070681527574,7.4665083
Training,syn_n200_k10_high_corr_heavy_tail_extreme_events_r01_s20260746,20,theta_223,1.026963008229407,0.02889440959148236,0.5177777777777777,0.05553464083102187,1.0035447336480376,7.365469326666667
Training,syn_n200_k10_high_corr_heavy_tail_extreme_events_r01_s20260746,20,theta_234,1.026963008229407,0.02889440959148236,0.5177777777777777,0.05553464083102187,1.0035447336480376,2.7814467866666663
Training,syn_n200_k10_high_corr_heavy_tail_extreme_events_r01_s20260746,20,theta_237,1.026963008229407,0.02889440959148236,0.5177777777777777,0.05553464083102187,1.0035447336480376,3.3493188333333332
Training,syn_n200_k10_high_corr_mixed_high_vol_r02_s20260737,20,theta_011,1.0709107268882414,0.11603187604135257,0.5427777777777777,0.08004890131750726,0.5799452961146606,1.7151263000000003
Training,syn_n200_k10_high_corr_mixed_high_vol_r02_s20260737,20,theta_034,1.0612497160427024,0.11157515552991258,0.36138888888888887,0.09289636698994151,0.8016776628507363,2.443843826666667
Training,syn_n200_k10_high_corr_mixed_high_vol_r02_s20260737,20,theta_037,1.0612497160427024,0.11157515552991258,0.36138888888888887,0.09289636698994151,0.8016776628507363,2.3623701400000003
Training,syn_n200_k10_high_corr_mixed_high_vol_r02_s20260737,20,theta_045,1.0612497160427024,0.11157515552991258,0.36138888888888887,0.09289636698994151,0.8016776628507363,2.860030553333333
Training,syn_n200_k10_high_corr_mixed_high_vol_r02_s20260737,20,theta_047,1.0612497160427024,0.11157515552991258,0.36138888888888887,0.09289636698994151,0.8016776628507363,3.488477853333333
Training,syn_n200_k10_high_corr_mixed_high_vol_r02_s20260737,20,theta_067,1.0557307739837767,0.12377805228213644,0.4608333333333334,0.09139061672829421,0.6675672012798206,3.35837274
Training,syn_n200_k10_high_corr_mixed_high_vol_r02_s20260737,20,theta_076,1.0557307739837767,0.12377805228213644,0.4608333333333334,0.09139061672829421,0.6675672012798206,3.2401842366666664
Training,syn_n200_k10_high_corr_mixed_high_vol_r02_s20260737,20,theta_078,1.0557307739837767,0.12377805228213644,0.4608333333333334,0.09139061672829421,0.6675672012798206,3.291813856666667
Training,syn_n200_k10_high_corr_mixed_high_vol_r02_s20260737,20,theta_084,1.0737505422350089,0.1141933107468772,0.5399999999999999,0.06698919846108671,0.6223610274235531,2.4660310233333336
Training,syn_n200_k10_high_corr_mixed_high_vol_r02_s20260737,20,theta_086,1.0737505422350089,0.1141933107468772,0.5399999999999999,0.06698919846108671,0.6223610274235531,2.5420443066666665
Training,syn_n200_k10_high_corr_mixed_high_vol_r02_s20260737,20,theta_089,1.0737505422350089,0.1141933107468772,0.5399999999999999,0.06698919846108671,0.6223610274235531,3.390829773333334
Training,syn_n200_k10_high_corr_mixed_high_vol_r02_s20260737,20,theta_118,1.0658600442468096,0.09735891048972883,0.42250000000000004,0.12871677444071297,0.8387587204540939,3.3496838966666664
Training,syn_n200_k10_high_corr_mixed_high_vol_r02_s20260737,20,theta_131,1.0658600442468096,0.09735891048972883,0.42250000000000004,0.12871677444071297,0.8387587204540939,3.25660939
Training,syn_n200_k10_high_corr_mixed_high_vol_r02_s20260737,20,theta_132,1.0658600442468096,0.09735891048972883,0.42250000000000004,0.12871677444071297,0.8387587204540939,3.3514929299999996
Training,syn_n200_k10_high_corr_mixed_high_vol_r02_s20260737,20,theta_144,1.0705545073608476,0.10948781811657578,0.49638888888888894,0.09478247263646077,0.7048117861669425,2.501898676666667
Training,syn_n200_k10_high_corr_mixed_high_vol_r02_s20260737,20,theta_159,1.0705545073608476,0.10948781811657578,0.49638888888888894,0.09478247263646077,0.7048117861669425,3.3364426666666662
Training,syn_n200_k10_high_corr_mixed_high_vol_r02_s20260737,20,theta_164,1.0909580698402264,0.09295418626145219,0.6269444444444444,0.11132444952162368,0.7666315474719506,3.0992096733333336
Training,syn_n200_k10_high_corr_mixed_high_vol_r02_s20260737,20,theta_170,1.0909580698402264,0.09295418626145219,0.6269444444444444,0.11132444952162368,0.7666315474719506,3.2257398166666666
Training,syn_n200_k10_high_corr_mixed_high_vol_r02_s20260737,20,theta_175,1.0909580698402264,0.09295418626145219,0.6269444444444444,0.11132444952162368,0.7666315474719506,3.417826706666667
Training,syn_n200_k10_high_corr_mixed_high_vol_r02_s20260737,20,theta_189,1.0909580698402264,0.09295418626145219,0.6269444444444444,0.11132444952162368,0.7666315474719506,7.4452297833333345
Training,syn_n200_k10_high_corr_mixed_high_vol_r02_s20260737,20,theta_200,1.0679876263785237,0.10289219443437524,0.42138888888888887,0.15025711335176117,0.8210611775682782,7.136438619999999
Training,syn_n200_k10_high_corr_mixed_high_vol_r02_s20260737,20,theta_223,1.0719006706124736,0.10140376556011742,0.49916666666666665,0.09959174234154487,0.746030686146256,7.141725123333335
Training,syn_n200_k10_high_corr_mixed_high_vol_r02_s20260737,20,theta_234,1.0719006706124736,0.10140376556011742,0.49916666666666665,0.09959174234154487,0.746030686146256,2.8994828933333334
Training,syn_n200_k10_high_corr_mixed_high_vol_r02_s20260737,20,theta_237,1.0719006706124736,0.10140376556011742,0.49916666666666665,0.09959174234154487,0.746030686146256,3.2737927000000004
Training,syn_n200_k10_high_corr_normal_low_vol_r03_s20260744,20,theta_011,1.0063423307986827,0.0179433117646483,0.7219444444444444,0.030935632235532768,0.8848921187777563,1.8858725666666667
Training,syn_n200_k10_high_corr_normal_low_vol_r03_s20260744,20,theta_034,1.0112237700652955,0.02000626197246887,0.6227777777777778,0.025565835291707736,0.9832885160309578,2.64555832
Training,syn_n200_k10_high_corr_normal_low_vol_r03_s20260744,20,theta_037,1.0112237700652955,0.02000626197246887,0.6227777777777778,0.025565835291707736,0.9832885160309578,2.6909677899999997
Training,syn_n200_k10_high_corr_normal_low_vol_r03_s20260744,20,theta_045,1.0112237700652955,0.02000626197246887,0.6227777777777778,0.025565835291707736,0.9832885160309578,3.212149903333333
Training,syn_n200_k10_high_corr_normal_low_vol_r03_s20260744,20,theta_047,1.0112237700652955,0.02000626197246887,0.6227777777777778,0.025565835291707736,0.9832885160309578,4.221549296666668
Training,syn_n200_k10_high_corr_normal_low_vol_r03_s20260744,20,theta_067,0.9882115355672835,0.02940030027675478,0.6069444444444445,0.0420010606651339,0.9182830915134773,3.7008677466666664
Training,syn_n200_k10_high_corr_normal_low_vol_r03_s20260744,20,theta_076,0.9882115355672835,0.02940030027675478,0.6069444444444445,0.0420010606651339,0.9182830915134773,3.5930849466666666
Training,syn_n200_k10_high_corr_normal_low_vol_r03_s20260744,20,theta_078,0.9882115355672835,0.02940030027675478,0.6069444444444445,0.0420010606651339,0.9182830915134773,3.5982420666666672
Training,syn_n200_k10_high_corr_normal_low_vol_r03_s20260744,20,theta_084,0.999116187858568,0.023901697266301362,0.7594444444444444,0.04922559670879877,0.9003847215008514,2.742443206666666
Training,syn_n200_k10_high_corr_normal_low_vol_r03_s20260744,20,theta_086,0.999116187858568,0.023901697266301362,0.7594444444444444,0.04922559670879877,0.9003847215008514,2.7584364333333324
Training,syn_n200_k10_high_corr_normal_low_vol_r03_s20260744,20,theta_089,0.999116187858568,0.023901697266301362,0.7594444444444444,0.04922559670879877,0.9003847215008514,3.634737963333333
Training,syn_n200_k10_high_corr_normal_low_vol_r03_s20260744,20,theta_118,1.0022921082838807,0.025119953783947213,0.5705555555555556,0.03780820993138875,1.0004137196487675,3.60136011
Training,syn_n200_k10_high_corr_normal_low_vol_r03_s20260744,20,theta_131,1.0022921082838807,0.025119953783947213,0.5705555555555556,0.03780820993138875,1.0004137196487675,3.5164888833333334
Training,syn_n200_k10_high_corr_normal_low_vol_r03_s20260744,20,theta_132,1.0022921082838807,0.025119953783947213,0.5705555555555556,0.03780820993138875,1.0004137196487675,3.5598428599999994
Training,syn_n200_k10_high_corr_normal_low_vol_r03_s20260744,20,theta_144,0.9761770255185481,0.0369482157101231,0.49916666666666665,0.04819077907064457,0.9426637518234546,2.704991493333333
Training,syn_n200_k10_high_corr_normal_low_vol_r03_s20260744,20,theta_159,0.9761770255185481,0.0369482157101231,0.49916666666666665,0.04819077907064457,0.9426637518234546,3.5357389000000006
Training,syn_n200_k10_high_corr_normal_low_vol_r03_s20260744,20,theta_164,1.0173308409730577,0.014360056104179697,0.7777777777777778,0.02339587861352409,0.9592625266596385,3.4454195300000006
Training,syn_n200_k10_high_corr_normal_low_vol_r03_s20260744,20,theta_170,1.0173308409730577,0.014360056104179697,0.7777777777777778,0.02339587861352409,0.9592625266596385,3.4564977733333335
Training,syn_n200_k10_high_corr_normal_low_vol_r03_s20260744,20,theta_175,1.0173308409730577,0.014360056104179697,0.7777777777777778,0.02339587861352409,0.9592625266596385,3.6215124100000002
Training,syn_n200_k10_high_corr_normal_low_vol_r03_s20260744,20,theta_189,1.0173308409730577,0.014360056104179697,0.7777777777777778,0.02339587861352409,0.9592625266596385,7.96472392
Training,syn_n200_k10_high_corr_normal_low_vol_r03_s20260744,20,theta_200,1.0196312214081533,0.018470301853788198,0.6697222222222223,0.02565833449017746,1.0107914527920168,7.70935037
Training,syn_n200_k10_high_corr_normal_low_vol_r03_s20260744,20,theta_223,1.001968077673308,0.023461273331422203,0.6650000000000001,0.02821706305991594,0.9564014789127346,7.728736659999999
Training,syn_n200_k10_high_corr_normal_low_vol_r03_s20260744,20,theta_234,1.001968077673308,0.023461273331422203,0.6650000000000001,0.02821706305991594,0.9564014789127346,3.807737856666667
Training,syn_n200_k10_high_corr_normal_low_vol_r03_s20260744,20,theta_237,1.001968077673308,0.023461273331422203,0.6650000000000001,0.02821706305991594,0.9564014789127346,3.4994156899999997
Training,syn_n200_k10_low_corr_heavy_tail_high_vol_r03_s20260740,20,theta_011,1.0183441085936855,0.04922181969344385,0.6416666666666667,0.03156492068063461,0.6795441533265619,1.6613532733333334
Training,syn_n200_k10_low_corr_heavy_tail_high_vol_r03_s20260740,20,theta_034,1.006662281878048,0.054335815130505796,0.4861111111111112,0.04600693393344973,0.7774595682908705,2.4006197133333336
Training,syn_n200_k10_low_corr_heavy_tail_high_vol_r03_s20260740,20,theta_037,1.006662281878048,0.054335815130505796,0.4861111111111112,0.04600693393344973,0.7774595682908705,2.4146070299999995
Training,syn_n200_k10_low_corr_heavy_tail_high_vol_r03_s20260740,20,theta_045,1.006662281878048,0.054335815130505796,0.4861111111111112,0.04600693393344973,0.7774595682908705,2.918968253333334
Training,syn_n200_k10_low_corr_heavy_tail_high_vol_r03_s20260740,20,theta_047,1.006662281878048,0.054335815130505796,0.4861111111111112,0.04600693393344973,0.7774595682908705,3.73440609
Training,syn_n200_k10_low_corr_heavy_tail_high_vol_r03_s20260740,20,theta_067,0.9911608939828079,0.05677374324649515,0.5625000000000001,0.05064965722635388,0.6951396582551891,3.4912208866666665
Training,syn_n200_k10_low_corr_heavy_tail_high_vol_r03_s20260740,20,theta_076,0.9911608939828079,0.05677374324649515,0.5625000000000001,0.05064965722635388,0.6951396582551891,3.163830463333333
Training,syn_n200_k10_low_corr_heavy_tail_high_vol_r03_s20260740,20,theta_078,0.9911608939828079,0.05677374324649515,0.5625000000000001,0.05064965722635388,0.6951396582551891,3.285393036666667
Training,syn_n200_k10_low_corr_heavy_tail_high_vol_r03_s20260740,20,theta_084,1.0435185621865537,0.04410600730562627,0.6616666666666666,0.052367403831961985,0.731793068073898,2.227646213333334
Training,syn_n200_k10_low_corr_heavy_tail_high_vol_r03_s20260740,20,theta_086,1.0435185621865537,0.04410600730562627,0.6616666666666666,0.052367403831961985,0.731793068073898,2.5862607499999997
Training,syn_n200_k10_low_corr_heavy_tail_high_vol_r03_s20260740,20,theta_089,1.0435185621865537,0.04410600730562627,0.6616666666666666,0.052367403831961985,0.731793068073898,3.421194406666667
Training,syn_n200_k10_low_corr_heavy_tail_high_vol_r03_s20260740,20,theta_118,0.9970627106902551,0.05846042220171388,0.4716666666666667,0.0626574948790277,0.7759957521766071,3.319968983333333
Training,syn_n200_k10_low_corr_heavy_tail_high_vol_r03_s20260740,20,theta_131,0.9970627106902551,0.05846042220171388,0.4716666666666667,0.0626574948790277,0.7759957521766071,3.2652693
Training,syn_n200_k10_low_corr_heavy_tail_high_vol_r03_s20260740,20,theta_132,0.9970627106902551,0.05846042220171388,0.4716666666666667,0.0626574948790277,0.7759957521766071,3.4037881133333343
Training,syn_n200_k10_low_corr_heavy_tail_high_vol_r03_s20260740,20,theta_144,0.9533870590543468,0.06573085225945259,0.6030555555555556,0.042638009645731535,0.5818897145059269,2.5046505333333333
Training,syn_n200_k10_low_corr_heavy_tail_high_vol_r03_s20260740,20,theta_159,0.9533870590543468,0.06573085225945259,0.6030555555555556,0.042638009645731535,0.5818897145059269,3.251661466666667
Training,syn_n200_k10_low_corr_heavy_tail_high_vol_r03_s20260740,20,theta_164,1.029085566533642,0.047643736489079644,0.6008333333333334,0.04522784594782898,0.754663247108132,3.1105321833333335
Training,syn_n200_k10_low_corr_heavy_tail_high_vol_r03_s20260740,20,theta_170,1.029085566533642,0.047643736489079644,0.6008333333333334,0.04522784594782898,0.754663247108132,3.3386508333333333
Training,syn_n200_k10_low_corr_heavy_tail_high_vol_r03_s20260740,20,theta_175,1.029085566533642,0.047643736489079644,0.6008333333333334,0.04522784594782898,0.754663247108132,3.5661874166666667
Training,syn_n200_k10_low_corr_heavy_tail_high_vol_r03_s20260740,20,theta_189,1.029085566533642,0.047643736489079644,0.6008333333333334,0.04522784594782898,0.754663247108132,7.317645283333333
Training,syn_n200_k10_low_corr_heavy_tail_high_vol_r03_s20260740,20,theta_200,1.013313528119537,0.055262393628306525,0.43388888888888894,0.0717759963696759,0.8442389345947431,7.071545613333331
Training,syn_n200_k10_low_corr_heavy_tail_high_vol_r03_s20260740,20,theta_223,0.9989204317620839,0.05443406808056977,0.5597222222222221,0.06698608808414733,0.7446144576698193,7.103640536666665
Training,syn_n200_k10_low_corr_heavy_tail_high_vol_r03_s20260740,20,theta_234,0.9989204317620839,0.05443406808056977,0.5597222222222221,0.06698608808414733,0.7446144576698193,3.2547062833333333
Training,syn_n200_k10_low_corr_heavy_tail_high_vol_r03_s20260740,20,theta_237,0.9989204317620839,0.05443406808056977,0.5597222222222221,0.06698608808414733,0.7446144576698193,3.3014088500000005
Training,syn_n200_k10_low_corr_normal_low_vol_r01_s20260735,20,theta_011,1.032599536720302,0.03814101330984316,0.6475000000000001,0.04257952125704532,0.7794274530951208,1.70811047
Training,syn_n200_k10_low_corr_normal_low_vol_r01_s20260735,20,theta_034,1.0039441805880611,0.05058970853392775,0.4169444444444445,0.06503183043342223,0.8840687908294559,2.4079762166666665
Training,syn_n200_k10_low_corr_normal_low_vol_r01_s20260735,20,theta_037,1.0039441805880611,0.05058970853392775,0.4169444444444445,0.06503183043342223,0.8840687908294559,2.4222022233333336
Training,syn_n200_k10_low_corr_normal_low_vol_r01_s20260735,20,theta_045,1.0039441805880611,0.05058970853392775,0.4169444444444445,0.06503183043342223,0.8840687908294559,3.04249898
Training,syn_n200_k10_low_corr_normal_low_vol_r01_s20260735,20,theta_047,1.0039441805880611,0.05058970853392775,0.4169444444444445,0.06503183043342223,0.8840687908294559,5.8921116966666665
Training,syn_n200_k10_low_corr_normal_low_vol_r01_s20260735,20,theta_067,0.9590268838423713,0.060446229922382196,0.4472222222222222,0.07416775579766116,0.7302018458497168,3.4998827133333337
Training,syn_n200_k10_low_corr_normal_low_vol_r01_s20260735,20,theta_076,0.9590268838423713,0.060446229922382196,0.4472222222222222,0.07416775579766116,0.7302018458497168,3.27363247
Training,syn_n200_k10_low_corr_normal_low_vol_r01_s20260735,20,theta_078,0.9590268838423713,0.060446229922382196,0.4472222222222222,0.07416775579766116,0.7302018458497168,3.3388343533333336
Training,syn_n200_k10_low_corr_normal_low_vol_r01_s20260735,20,theta_084,1.0553372668463672,0.03287677902837325,0.6944444444444446,0.03494101907498922,0.7986122634346429,3.0988972033333337
Training,syn_n200_k10_low_corr_normal_low_vol_r01_s20260735,20,theta_086,1.0553372668463672,0.03287677902837325,0.6944444444444446,0.03494101907498922,0.7986122634346429,2.6691239799999997
Training,syn_n200_k10_low_corr_normal_low_vol_r01_s20260735,20,theta_089,1.0553372668463672,0.03287677902837325,0.6944444444444446,0.03494101907498922,0.7986122634346429,3.30066198
Training,syn_n200_k10_low_corr_normal_low_vol_r01_s20260735,20,theta_118,1.00542008872586,0.05212817921272877,0.39861111111111114,0.06824994247433433,0.8945907730312734,3.4726615200000004
Training,syn_n200_k10_low_corr_normal_low_vol_r01_s20260735,20,theta_131,1.00542008872586,0.05212817921272877,0.39861111111111114,0.06824994247433433,0.8945907730312734,3.49325056
Training,syn_n200_k10_low_corr_normal_low_vol_r01_s20260735,20,theta_132,1.00542008872586,0.05212817921272877,0.39861111111111114,0.06824994247433433,0.8945907730312734,3.218112526666667
Training,syn_n200_k10_low_corr_normal_low_vol_r01_s20260735,20,theta_144,0.993294433184679,0.048670304492936335,0.5483333333333333,0.06371617752606662,0.7831531120068753,2.514314403333334
Training,syn_n200_k10_low_corr_normal_low_vol_r01_s20260735,20,theta_159,0.993294433184679,0.048670304492936335,0.5483333333333333,0.06371617752606662,0.7831531120068753,3.258374796666666
Training,syn_n200_k10_low_corr_normal_low_vol_r01_s20260735,20,theta_164,1.034702822432075,0.04134884413753017,0.5361111111111111,0.06393459216670541,0.8182723451668045,3.3305027800000007
Training,syn_n200_k10_low_corr_normal_low_vol_r01_s20260735,20,theta_170,1.034702822432075,0.04134884413753017,0.5361111111111111,0.06393459216670541,0.8182723451668045,3.3543532933333324
Training,syn_n200_k10_low_corr_normal_low_vol_r01_s20260735,20,theta_175,1.034702822432075,0.04134884413753017,0.5361111111111111,0.06393459216670541,0.8182723451668045,3.3940650333333333
Training,syn_n200_k10_low_corr_normal_low_vol_r01_s20260735,20,theta_189,1.034702822432075,0.04134884413753017,0.5361111111111111,0.06393459216670541,0.8182723451668045,7.532358543333333
Training,syn_n200_k10_low_corr_normal_low_vol_r01_s20260735,20,theta_200,1.0215219420494166,0.050493308268947955,0.3955555555555555,0.07721764876516314,0.9428353787202862,7.21571265
Training,syn_n200_k10_low_corr_normal_low_vol_r01_s20260735,20,theta_223,0.9662923635674358,0.0569140269293227,0.4686111111111112,0.04409304624930894,0.7209879253295579,7.194311889999999
Training,syn_n200_k10_low_corr_normal_low_vol_r01_s20260735,20,theta_234,0.9662923635674358,0.0569140269293227,0.4686111111111112,0.04409304624930894,0.7209879253295579,3.8261683033333336
Training,syn_n200_k10_low_corr_normal_low_vol_r01_s20260735,20,theta_237,0.9662923635674358,0.0569140269293227,0.4686111111111112,0.04409304624930894,0.7209879253295579,3.252066166666666
Training,syn_n200_k10_low_corr_skewed_extreme_events_r02_s20260736,20,theta_011,1.005054329934136,0.059250597022825015,0.5363888888888889,0.03707418127005542,0.7338358118763366,1.7323806166666664
Training,syn_n200_k10_low_corr_skewed_extreme_events_r02_s20260736,20,theta_034,1.0160378487510056,0.056520716163952836,0.2936111111111111,0.0606167137290436,0.9372017545828093,2.5914536999999997
Training,syn_n200_k10_low_corr_skewed_extreme_events_r02_s20260736,20,theta_037,1.0160378487510056,0.056520716163952836,0.2936111111111111,0.0606167137290436,0.9372017545828093,2.44380543
Training,syn_n200_k10_low_corr_skewed_extreme_events_r02_s20260736,20,theta_045,1.0160378487510056,0.056520716163952836,0.2936111111111111,0.0606167137290436,0.9372017545828093,3.674691623333333
Training,syn_n200_k10_low_corr_skewed_extreme_events_r02_s20260736,20,theta_047,1.0160378487510056,0.056520716163952836,0.2936111111111111,0.0606167137290436,0.9372017545828093,5.007181910000001
Training,syn_n200_k10_low_corr_skewed_extreme_events_r02_s20260736,20,theta_067,1.011957110459616,0.05574953081257185,0.3694444444444445,0.052969907292382254,0.849008363719181,3.540731030000001
Training,syn_n200_k10_low_corr_skewed_extreme_events_r02_s20260736,20,theta_076,1.011957110459616,0.05574953081257185,0.3694444444444445,0.052969907292382254,0.849008363719181,3.4315221066666663
Training,syn_n200_k10_low_corr_skewed_extreme_events_r02_s20260736,20,theta_078,1.011957110459616,0.05574953081257185,0.3694444444444445,0.052969907292382254,0.849008363719181,3.320198483333334
Training,syn_n200_k10_low_corr_skewed_extreme_events_r02_s20260736,20,theta_084,1.0165486786461737,0.055769115310364055,0.5438888888888889,0.030707214232964346,0.7151732630175728,3.251387306666667
Training,syn_n200_k10_low_corr_skewed_extreme_events_r02_s20260736,20,theta_086,1.0165486786461737,0.055769115310364055,0.5438888888888889,0.030707214232964346,0.7151732630175728,2.61539617
Training,syn_n200_k10_low_corr_skewed_extreme_events_r02_s20260736,20,theta_089,1.0165486786461737,0.055769115310364055,0.5438888888888889,0.030707214232964346,0.7151732630175728,3.47980006
Training,syn_n200_k10_low_corr_skewed_extreme_events_r02_s20260736,20,theta_118,1.0148669622251145,0.056469115036737356,0.2858333333333334,0.06355345132346435,0.9840038784133038,3.2469397666666664
Training,syn_n200_k10_low_corr_skewed_extreme_events_r02_s20260736,20,theta_131,1.0148669622251145,0.056469115036737356,0.2858333333333334,0.06355345132346435,0.9840038784133038,3.4097364633333327
Training,syn_n200_k10_low_corr_skewed_extreme_events_r02_s20260736,20,theta_132,1.0148669622251145,0.056469115036737356,0.2858333333333334,0.06355345132346435,0.9840038784133038,3.3220818766666667
Training,syn_n200_k10_low_corr_skewed_extreme_events_r02_s20260736,20,theta_144,1.0170639557364254,0.05316907209601794,0.4088888888888889,0.04829059463206458,0.8473579537076384,2.5724843466666667
Training,syn_n200_k10_low_corr_skewed_extreme_events_r02_s20260736,20,theta_159,1.0170639557364254,0.05316907209601794,0.4088888888888889,0.04829059463206458,0.8473579537076384,3.3389716099999998
Training,syn_n200_k10_low_corr_skewed_extreme_events_r02_s20260736,20,theta_164,1.0148720620426426,0.055387840255752684,0.4397222222222223,0.06533325543217756,0.8382418038362048,3.2336187599999997
Training,syn_n200_k10_low_corr_skewed_extreme_events_r02_s20260736,20,theta_170,1.0148720620426426,0.055387840255752684,0.4397222222222223,0.06533325543217756,0.8382418038362048,3.453068916666666
Training,syn_n200_k10_low_corr_skewed_extreme_events_r02_s20260736,20,theta_175,1.0148720620426426,0.055387840255752684,0.4397222222222223,0.06533325543217756,0.8382418038362048,3.3412524700000006
Training,syn_n200_k10_low_corr_skewed_extreme_events_r02_s20260736,20,theta_189,1.0148720620426426,0.055387840255752684,0.4397222222222223,0.06533325543217756,0.8382418038362048,7.702418710000001
Training,syn_n200_k10_low_corr_skewed_extreme_events_r02_s20260736,20,theta_200,1.031449322597004,0.05329613995069501,0.30694444444444446,0.0736698454040656,1.015260564442026,7.2713558266666665
Training,syn_n200_k10_low_corr_skewed_extreme_events_r02_s20260736,20,theta_223,1.025136950580324,0.05190806384167952,0.34500000000000003,0.05860172027283709,0.9148679899006823,7.380529346666666
Training,syn_n200_k10_low_corr_skewed_extreme_events_r02_s20260736,20,theta_234,1.025136950580324,0.05190806384167952,0.34500000000000003,0.05860172027283709,0.9148679899006823,3.4956740833333337
Training,syn_n200_k10_low_corr_skewed_extreme_events_r02_s20260736,20,theta_237,1.025136950580324,0.05190806384167952,0.34500000000000003,0.05860172027283709,0.9148679899006823,3.434357993333334
Training,syn_n200_k10_pathological_cov_mixed_low_vol_r01_s20260743,20,theta_011,1.1075189143577664,0.02530569713404583,0.7286111111111114,0.060142494422956744,0.5020319430822481,1.75248205
Training,syn_n200_k10_pathological_cov_mixed_low_vol_r01_s20260743,20,theta_034,1.0917284209739189,0.03530585231666117,0.6288888888888889,0.09905868919960951,0.5598554097180787,2.5196578100000004
Training,syn_n200_k10_pathological_cov_mixed_low_vol_r01_s20260743,20,theta_037,1.0917284209739189,0.03530585231666117,0.6288888888888889,0.09905868919960951,0.5598554097180787,2.4107855966666674
Training,syn_n200_k10_pathological_cov_mixed_low_vol_r01_s20260743,20,theta_045,1.0917284209739189,0.03530585231666117,0.6288888888888889,0.09905868919960951,0.5598554097180787,3.09927641
Training,syn_n200_k10_pathological_cov_mixed_low_vol_r01_s20260743,20,theta_047,1.0917284209739189,0.03530585231666117,0.6288888888888889,0.09905868919960951,0.5598554097180787,7.058054433333334
Training,syn_n200_k10_pathological_cov_mixed_low_vol_r01_s20260743,20,theta_067,1.1281941171892846,0.018656975930051292,0.8600000000000002,0.04776878360612697,0.5067657778738537,3.299697126666666
Training,syn_n200_k10_pathological_cov_mixed_low_vol_r01_s20260743,20,theta_076,1.1281941171892846,0.018656975930051292,0.8600000000000002,0.04776878360612697,0.5067657778738537,3.368748266666667
Training,syn_n200_k10_pathological_cov_mixed_low_vol_r01_s20260743,20,theta_078,1.1281941171892846,0.018656975930051292,0.8600000000000002,0.04776878360612697,0.5067657778738537,3.4744264133333327
Training,syn_n200_k10_pathological_cov_mixed_low_vol_r01_s20260743,20,theta_084,1.1118609993558075,0.019110279782058457,0.7936111111111114,0.041937667972750566,0.4726275138385152,2.622171236666667
Training,syn_n200_k10_pathological_cov_mixed_low_vol_r01_s20260743,20,theta_086,1.1118609993558075,0.019110279782058457,0.7936111111111114,0.041937667972750566,0.4726275138385152,2.4638099833333325
Training,syn_n200_k10_pathological_cov_mixed_low_vol_r01_s20260743,20,theta_089,1.1118609993558075,0.019110279782058457,0.7936111111111114,0.041937667972750566,0.4726275138385152,3.410531316666666
Training,syn_n200_k10_pathological_cov_mixed_low_vol_r01_s20260743,20,theta_118,1.1008811598678059,0.0335229146673202,0.5969444444444445,0.1141856597593557,0.5902271473229097,3.1544186600000006
Training,syn_n200_k10_pathological_cov_mixed_low_vol_r01_s20260743,20,theta_131,1.1008811598678059,0.0335229146673202,0.5969444444444445,0.1141856597593557,0.5902271473229097,3.377685216666667
Training,syn_n200_k10_pathological_cov_mixed_low_vol_r01_s20260743,20,theta_132,1.1008811598678059,0.0335229146673202,0.5969444444444445,0.1141856597593557,0.5902271473229097,3.48004444
Training,syn_n200_k10_pathological_cov_mixed_low_vol_r01_s20260743,20,theta_144,1.1145488125096026,0.022002399890923088,0.7611111111111114,0.0646053529700374,0.5040733173981232,2.6037386566666663
Training,syn_n200_k10_pathological_cov_mixed_low_vol_r01_s20260743,20,theta_159,1.1145488125096026,0.022002399890923088,0.7611111111111114,0.0646053529700374,0.5040733173981232,3.1920786800000003
Training,syn_n200_k10_pathological_cov_mixed_low_vol_r01_s20260743,20,theta_164,1.103567771883213,0.03022520011340312,0.6869444444444446,0.1029587121479008,0.5511609834087128,3.095146570000001
Training,syn_n200_k10_pathological_cov_mixed_low_vol_r01_s20260743,20,theta_170,1.103567771883213,0.03022520011340312,0.6869444444444446,0.1029587121479008,0.5511609834087128,3.2488730766666665
Training,syn_n200_k10_pathological_cov_mixed_low_vol_r01_s20260743,20,theta_175,1.103567771883213,0.03022520011340312,0.6869444444444446,0.1029587121479008,0.5511609834087128,3.2092150933333334
Training,syn_n200_k10_pathological_cov_mixed_low_vol_r01_s20260743,20,theta_189,1.103567771883213,0.03022520011340312,0.6869444444444446,0.1029587121479008,0.5511609834087128,7.379398013333334
Training,syn_n200_k10_pathological_cov_mixed_low_vol_r01_s20260743,20,theta_200,1.1132862082523218,0.023895627681985155,0.7491666666666669,0.05467849307617323,0.5519531926097068,7.190063396666664
Training,syn_n200_k10_pathological_cov_mixed_low_vol_r01_s20260743,20,theta_223,1.1060096889976,0.03141844457249848,0.6816666666666669,0.08985334835097011,0.57310811429017,7.269210096666667
Training,syn_n200_k10_pathological_cov_mixed_low_vol_r01_s20260743,20,theta_234,1.1060096889976,0.03141844457249848,0.6816666666666669,0.08985334835097011,0.57310811429017,3.591810346666667
Training,syn_n200_k10_pathological_cov_mixed_low_vol_r01_s20260743,20,theta_237,1.1060096889976,0.03141844457249848,0.6816666666666669,0.08985334835097011,0.57310811429017,3.3591044866666664
Training,syn_n200_k10_pathological_cov_normal_extreme_events_r02_s20260739,20,theta_011,1.0704913605716253,0.04146813869790301,0.5177777777777778,0.0718524976676889,0.4957839947248735,1.6129921999999999
Training,syn_n200_k10_pathological_cov_normal_extreme_events_r02_s20260739,20,theta_034,1.0832981441100882,0.04300178690594684,0.5763888888888887,0.09029896622441405,0.6063427337602663,2.4290822700000003
Training,syn_n200_k10_pathological_cov_normal_extreme_events_r02_s20260739,20,theta_037,1.0832981441100882,0.04300178690594684,0.5763888888888887,0.09029896622441405,0.6063427337602663,2.4848055466666668
Training,syn_n200_k10_pathological_cov_normal_extreme_events_r02_s20260739,20,theta_045,1.0832981441100882,0.04300178690594684,0.5763888888888887,0.09029896622441405,0.6063427337602663,3.0073203499999996
Training,syn_n200_k10_pathological_cov_normal_extreme_events_r02_s20260739,20,theta_047,1.0832981441100882,0.04300178690594684,0.5763888888888887,0.09029896622441405,0.6063427337602663,5.980640066666666
Training,syn_n200_k10_pathological_cov_normal_extreme_events_r02_s20260739,20,theta_067,1.1157041476111025,0.02651334023629896,0.6880555555555555,0.05942817674919245,0.5584744428854683,3.4245546533333333
Training,syn_n200_k10_pathological_cov_normal_extreme_events_r02_s20260739,20,theta_076,1.1157041476111025,0.02651334023629896,0.6880555555555555,0.05942817674919245,0.5584744428854683,3.2930437166666664
Training,syn_n200_k10_pathological_cov_normal_extreme_events_r02_s20260739,20,theta_078,1.1157041476111025,0.02651334023629896,0.6880555555555555,0.05942817674919245,0.5584744428854683,3.29017201
Training,syn_n200_k10_pathological_cov_normal_extreme_events_r02_s20260739,20,theta_084,1.100467463136021,0.03215818275690504,0.7536111111111111,0.05622479922360228,0.6093428404187277,2.7955077499999996
Training,syn_n200_k10_pathological_cov_normal_extreme_events_r02_s20260739,20,theta_086,1.100467463136021,0.03215818275690504,0.7536111111111111,0.05622479922360228,0.6093428404187277,2.48158023
Training,syn_n200_k10_pathological_cov_normal_extreme_events_r02_s20260739,20,theta_089,1.100467463136021,0.03215818275690504,0.7536111111111111,0.05622479922360228,0.6093428404187277,3.5235573399999995
Training,syn_n200_k10_pathological_cov_normal_extreme_events_r02_s20260739,20,theta_118,1.11035542037833,0.031165885397928524,0.5736111111111111,0.0593515375938,0.58740487994918,3.3034123899999996
Training,syn_n200_k10_pathological_cov_normal_extreme_events_r02_s20260739,20,theta_131,1.11035542037833,0.031165885397928524,0.5736111111111111,0.0593515375938,0.58740487994918,3.3297271200000003
Training,syn_n200_k10_pathological_cov_normal_extreme_events_r02_s20260739,20,theta_132,1.11035542037833,0.031165885397928524,0.5736111111111111,0.0593515375938,0.58740487994918,3.557777906666667
Training,syn_n200_k10_pathological_cov_normal_extreme_events_r02_s20260739,20,theta_144,1.1176840220070077,0.021271266044591574,0.7202777777777778,0.03819937143210217,0.5770902872942403,2.5496382166666667
Training,syn_n200_k10_pathological_cov_normal_extreme_events_r02_s20260739,20,theta_159,1.1176840220070077,0.021271266044591574,0.7202777777777778,0.03819937143210217,0.5770902872942403,3.299946133333333
Training,syn_n200_k10_pathological_cov_normal_extreme_events_r02_s20260739,20,theta_164,1.0835404287161814,0.041770051770382496,0.5641666666666666,0.06474316143419122,0.5899292425740844,3.048527663333333
Training,syn_n200_k10_pathological_cov_normal_extreme_events_r02_s20260739,20,theta_170,1.0835404287161814,0.041770051770382496,0.5641666666666666,0.06474316143419122,0.5899292425740844,3.2582104200000006
Training,syn_n200_k10_pathological_cov_normal_extreme_events_r02_s20260739,20,theta_175,1.0835404287161814,0.041770051770382496,0.5641666666666666,0.06474316143419122,0.5899292425740844,3.280433626666668
Training,syn_n200_k10_pathological_cov_normal_extreme_events_r02_s20260739,20,theta_189,1.0835404287161814,0.041770051770382496,0.5641666666666666,0.06474316143419122,0.5899292425740844,7.887600876666667
Training,syn_n200_k10_pathological_cov_normal_extreme_events_r02_s20260739,20,theta_200,1.1079753126159002,0.038193033338908146,0.6102777777777778,0.07032783612004806,0.5777849499462265,7.261400476666666
Training,syn_n200_k10_pathological_cov_normal_extreme_events_r02_s20260739,20,theta_223,1.127376609013152,0.029563203423180515,0.6252777777777777,0.05649475222629976,0.5713745224374664,7.361590453333334
Training,syn_n200_k10_pathological_cov_normal_extreme_events_r02_s20260739,20,theta_234,1.127376609013152,0.029563203423180515,0.6252777777777777,0.05649475222629976,0.5713745224374664,3.0160228866666667
Training,syn_n200_k10_pathological_cov_normal_extreme_events_r02_s20260739,20,theta_237,1.127376609013152,0.029563203423180515,0.6252777777777777,0.05649475222629976,0.5713745224374664,3.3937435866666665
Training,syn_n200_k10_pathological_cov_skewed_high_vol_r03_s20260745,20,theta_011,1.1649972534098323,0.05174792873101275,0.4822222222222222,0.06947227210911848,0.39441005605824897,1.5430457600000003
Training,syn_n200_k10_pathological_cov_skewed_high_vol_r03_s20260745,20,theta_034,1.1743750970960873,0.04566104429438147,0.7102777777777778,0.0807635412891072,0.431019237839381,2.3246024299999997
Training,syn_n200_k10_pathological_cov_skewed_high_vol_r03_s20260745,20,theta_037,1.1743750970960873,0.04566104429438147,0.7102777777777778,0.0807635412891072,0.431019237839381,2.3235449433333333
Training,syn_n200_k10_pathological_cov_skewed_high_vol_r03_s20260745,20,theta_045,1.1743750970960873,0.04566104429438147,0.7102777777777778,0.0807635412891072,0.431019237839381,2.7620276733333347
Training,syn_n200_k10_pathological_cov_skewed_high_vol_r03_s20260745,20,theta_047,1.1743750970960873,0.04566104429438147,0.7102777777777778,0.0807635412891072,0.431019237839381,4.286191640000001
Training,syn_n200_k10_pathological_cov_skewed_high_vol_r03_s20260745,20,theta_067,1.1787960392369767,0.03971202706601595,0.6894444444444444,0.07904254281045735,0.450752078584601,3.277017376666667
Training,syn_n200_k10_pathological_cov_skewed_high_vol_r03_s20260745,20,theta_076,1.1787960392369767,0.03971202706601595,0.6894444444444444,0.07904254281045735,0.450752078584601,3.26121778
Training,syn_n200_k10_pathological_cov_skewed_high_vol_r03_s20260745,20,theta_078,1.1787960392369767,0.03971202706601595,0.6894444444444444,0.07904254281045735,0.450752078584601,3.258131213333333
Training,syn_n200_k10_pathological_cov_skewed_high_vol_r03_s20260745,20,theta_084,1.1726796712906435,0.043137540302504815,0.5747222222222224,0.08790913672305424,0.44176838676607794,2.680941026666667
Training,syn_n200_k10_pathological_cov_skewed_high_vol_r03_s20260745,20,theta_086,1.1726796712906435,0.043137540302504815,0.5747222222222224,0.08790913672305424,0.44176838676607794,2.3534129066666667
Training,syn_n200_k10_pathological_cov_skewed_high_vol_r03_s20260745,20,theta_089,1.1726796712906435,0.043137540302504815,0.5747222222222224,0.08790913672305424,0.44176838676607794,3.1685571700000006
Training,syn_n200_k10_pathological_cov_skewed_high_vol_r03_s20260745,20,theta_118,1.1863392638617554,0.03459631611544588,0.6697222222222222,0.06459305686391982,0.44541638243761544,3.1195529399999997
Training,syn_n200_k10_pathological_cov_skewed_high_vol_r03_s20260745,20,theta_131,1.1863392638617554,0.03459631611544588,0.6697222222222222,0.06459305686391982,0.44541638243761544,3.1911705000000006
Training,syn_n200_k10_pathological_cov_skewed_high_vol_r03_s20260745,20,theta_132,1.1863392638617554,0.03459631611544588,0.6697222222222222,0.06459305686391982,0.44541638243761544,3.1265339
Training,syn_n200_k10_pathological_cov_skewed_high_vol_r03_s20260745,20,theta_144,1.185517558729391,0.035100292485876136,0.7419444444444444,0.05818344969666297,0.41094021579371215,2.379941593333333
Training,syn_n200_k10_pathological_cov_skewed_high_vol_r03_s20260745,20,theta_159,1.185517558729391,0.035100292485876136,0.7419444444444444,0.05818344969666297,0.41094021579371215,2.9950092933333337
Training,syn_n200_k10_pathological_cov_skewed_high_vol_r03_s20260745,20,theta_164,1.1647980289799003,0.05928172447320303,0.4591666666666667,0.07465321035655352,0.34873904190485944,2.9935364933333335
Training,syn_n200_k10_pathological_cov_skewed_high_vol_r03_s20260745,20,theta_170,1.1647980289799003,0.05928172447320303,0.4591666666666667,0.07465321035655352,0.34873904190485944,3.2444915799999996
Training,syn_n200_k10_pathological_cov_skewed_high_vol_r03_s20260745,20,theta_175,1.1651648726643324,0.058614642187166034,0.46027777777777784,0.07431914551328789,0.3499122912244728,3.128921126666667
Training,syn_n200_k10_pathological_cov_skewed_high_vol_r03_s20260745,20,theta_189,1.1647980289799003,0.05928172447320303,0.4591666666666667,0.07465321035655352,0.34873904190485944,7.788865336666666
Training,syn_n200_k10_pathological_cov_skewed_high_vol_r03_s20260745,20,theta_200,1.182222826061404,0.0413613319412062,0.6575000000000001,0.07920054927905083,0.4422036459182837,6.713410173333332
Training,syn_n200_k10_pathological_cov_skewed_high_vol_r03_s20260745,20,theta_223,1.1873443635194043,0.04882417363414656,0.7002777777777778,0.07481749120218655,0.33793381528163624,6.771058433333334
Training,syn_n200_k10_pathological_cov_skewed_high_vol_r03_s20260745,20,theta_234,1.1873443635194043,0.04882417363414656,0.7002777777777778,0.07481749120218655,0.33793381528163624,2.705748283333334
Training,syn_n200_k10_pathological_cov_skewed_high_vol_r03_s20260745,20,theta_237,1.1873443635194043,0.04882417363414656,0.7002777777777778,0.07481749120218655,0.33793381528163624,3.099641383333333
Training,syn_n200_k20_cluster_corr_heavy_tail_low_vol_r02_s20260747,40,theta_011,0.9766475050085922,0.038239527614262706,0.725833333333333,0.028348847285693642,0.6879341136309943,1.7040353100000003
Training,syn_n200_k20_cluster_corr_heavy_tail_low_vol_r02_s20260747,40,theta_034,0.982615721906612,0.04141112498296115,0.46361111111111103,0.047026039320268276,0.8104114153719385,2.49321551
Training,syn_n200_k20_cluster_corr_heavy_tail_low_vol_r02_s20260747,40,theta_037,0.982615721906612,0.04141112498296115,0.46361111111111103,0.047026039320268276,0.8104114153719385,2.546818416666666
Training,syn_n200_k20_cluster_corr_heavy_tail_low_vol_r02_s20260747,40,theta_045,0.982615721906612,0.04141112498296115,0.46361111111111103,0.047026039320268276,0.8104114153719385,2.9855855066666663
Training,syn_n200_k20_cluster_corr_heavy_tail_low_vol_r02_s20260747,40,theta_047,0.982615721906612,0.04141112498296115,0.46361111111111103,0.047026039320268276,0.8104114153719385,4.41936925
Training,syn_n200_k20_cluster_corr_heavy_tail_low_vol_r02_s20260747,40,theta_067,0.9618707400452735,0.04209040021059032,0.6222222222222221,0.0417650684105914,0.7177110612002772,3.362606336666666
Training,syn_n200_k20_cluster_corr_heavy_tail_low_vol_r02_s20260747,40,theta_076,0.9618707400452735,0.04209040021059032,0.6222222222222221,0.0417650684105914,0.7177110612002772,3.3530103866666665
Training,syn_n200_k20_cluster_corr_heavy_tail_low_vol_r02_s20260747,40,theta_078,0.9618707400452735,0.04209040021059032,0.6222222222222221,0.0417650684105914,0.7177110612002772,3.45013057
Training,syn_n200_k20_cluster_corr_heavy_tail_low_vol_r02_s20260747,40,theta_084,0.9869078245796779,0.03502734879809372,0.7380555555555556,0.03246566993850628,0.7067089900613662,3.11169827
Training,syn_n200_k20_cluster_corr_heavy_tail_low_vol_r02_s20260747,40,theta_086,0.9869078245796779,0.03502734879809372,0.7380555555555556,0.03246566993850628,0.7067089900613662,2.5281967466666666
Training,syn_n200_k20_cluster_corr_heavy_tail_low_vol_r02_s20260747,40,theta_089,0.9869078245796779,0.03502734879809372,0.7380555555555556,0.03246566993850628,0.7067089900613662,3.7146607333333335
Training,syn_n200_k20_cluster_corr_heavy_tail_low_vol_r02_s20260747,40,theta_118,1.0051313433737623,0.03987004096762761,0.458611111111111,0.07151947699685222,0.8855997176203572,3.3275936066666674
Training,syn_n200_k20_cluster_corr_heavy_tail_low_vol_r02_s20260747,40,theta_131,1.0051313433737623,0.03987004096762761,0.458611111111111,0.07151947699685222,0.8855997176203572,3.554356543333333
Training,syn_n200_k20_cluster_corr_heavy_tail_low_vol_r02_s20260747,40,theta_132,1.0051313433737623,0.03987004096762761,0.458611111111111,0.07151947699685222,0.8855997176203572,3.359027226666667
Training,syn_n200_k20_cluster_corr_heavy_tail_low_vol_r02_s20260747,40,theta_144,0.9512498134370396,0.04378922447455975,0.6572222222222223,0.04260210575855888,0.7022522600672959,2.6482584499999997
Training,syn_n200_k20_cluster_corr_heavy_tail_low_vol_r02_s20260747,40,theta_159,0.9512498134370396,0.04378922447455975,0.6572222222222223,0.04260210575855888,0.7022522600672959,3.430560436666667
Training,syn_n200_k20_cluster_corr_heavy_tail_low_vol_r02_s20260747,40,theta_164,1.0017039826744307,0.03327873560820856,0.7174999999999999,0.03859504060595214,0.74937759464479,3.219520156666667
Training,syn_n200_k20_cluster_corr_heavy_tail_low_vol_r02_s20260747,40,theta_170,1.0017039826744307,0.03327873560820856,0.7174999999999999,0.03859504060595214,0.74937759464479,3.365464170000001
Training,syn_n200_k20_cluster_corr_heavy_tail_low_vol_r02_s20260747,40,theta_175,1.0017039826744307,0.03327873560820856,0.7174999999999999,0.03859504060595214,0.74937759464479,3.5142756100000003
Training,syn_n200_k20_cluster_corr_heavy_tail_low_vol_r02_s20260747,40,theta_189,1.0017039826744307,0.03327873560820856,0.7174999999999999,0.03859504060595214,0.74937759464479,7.70095002
Training,syn_n200_k20_cluster_corr_heavy_tail_low_vol_r02_s20260747,40,theta_200,1.0083424990105327,0.04203422426112181,0.4669444444444444,0.0671725030028831,0.9115253955202327,7.3652363633333335
Training,syn_n200_k20_cluster_corr_heavy_tail_low_vol_r02_s20260747,40,theta_223,0.9654640408782719,0.042222290502633666,0.5950000000000001,0.04000878485685005,0.7387346340434419,7.346940460000001
Training,syn_n200_k20_cluster_corr_heavy_tail_low_vol_r02_s20260747,40,theta_234,0.9654640408782719,0.042222290502633666,0.5950000000000001,0.04000878485685005,0.7387346340434419,3.2420504433333335
Training,syn_n200_k20_cluster_corr_heavy_tail_low_vol_r02_s20260747,40,theta_237,0.9654640408782719,0.042222290502633666,0.5950000000000001,0.04000878485685005,0.7387346340434419,3.41968076
Training,syn_n200_k20_cluster_corr_mixed_extreme_events_r03_s20260752,40,theta_011,0.9704735860837592,0.06929343628668942,0.5661111111111111,0.049153180870049565,0.6459446404871307,1.7005597433333328
Training,syn_n200_k20_cluster_corr_mixed_extreme_events_r03_s20260752,40,theta_034,0.9756802192719245,0.0701501139668983,0.18250000000000002,0.055586308156661685,0.8603150167635701,2.507341116666667
Training,syn_n200_k20_cluster_corr_mixed_extreme_events_r03_s20260752,40,theta_037,0.9756802192719245,0.0701501139668983,0.18250000000000002,0.055586308156661685,0.8603150167635701,2.484416953333333
Training,syn_n200_k20_cluster_corr_mixed_extreme_events_r03_s20260752,40,theta_045,0.9756802192719245,0.0701501139668983,0.18250000000000002,0.055586308156661685,0.8603150167635701,2.96113219
Training,syn_n200_k20_cluster_corr_mixed_extreme_events_r03_s20260752,40,theta_047,0.9756802192719245,0.0701501139668983,0.18250000000000002,0.055586308156661685,0.8603150167635701,4.5278173666666675
Training,syn_n200_k20_cluster_corr_mixed_extreme_events_r03_s20260752,40,theta_067,0.9618556466636003,0.07235375510468807,0.3002777777777778,0.0510034541777591,0.727881374592586,3.0692367633333335
Training,syn_n200_k20_cluster_corr_mixed_extreme_events_r03_s20260752,40,theta_076,0.9618556466636003,0.07235375510468807,0.3002777777777778,0.0510034541777591,0.727881374592586,3.279064513333333
Training,syn_n200_k20_cluster_corr_mixed_extreme_events_r03_s20260752,40,theta_078,0.9618556466636003,0.07235375510468807,0.3002777777777778,0.0510034541777591,0.727881374592586,3.3816753766666663
Training,syn_n200_k20_cluster_corr_mixed_extreme_events_r03_s20260752,40,theta_084,1.0047424228032145,0.055969810651455926,0.6063888888888888,0.06016851586357002,0.7541705046326288,2.6432503500000006
Training,syn_n200_k20_cluster_corr_mixed_extreme_events_r03_s20260752,40,theta_086,1.0047424228032145,0.055969810651455926,0.6063888888888888,0.06016851586357002,0.7541705046326288,2.4950512633333335
Training,syn_n200_k20_cluster_corr_mixed_extreme_events_r03_s20260752,40,theta_089,1.0047424228032145,0.055969810651455926,0.6063888888888888,0.06016851586357002,0.7541705046326288,3.425396243333333
Training,syn_n200_k20_cluster_corr_mixed_extreme_events_r03_s20260752,40,theta_118,0.9642058559556675,0.07179576831830006,0.1930555555555556,0.08168051776671256,0.8689767598316648,3.29979908
Training,syn_n200_k20_cluster_corr_mixed_extreme_events_r03_s20260752,40,theta_131,0.9642058559556675,0.07179576831830006,0.1930555555555556,0.08168051776671256,0.8689767598316648,3.4818004899999995
Training,syn_n200_k20_cluster_corr_mixed_extreme_events_r03_s20260752,40,theta_132,0.9642058559556675,0.07179576831830006,0.1930555555555556,0.08168051776671256,0.8689767598316648,3.3404559833333334
Training,syn_n200_k20_cluster_corr_mixed_extreme_events_r03_s20260752,40,theta_144,0.9623429228100346,0.07165980338132354,0.36555555555555563,0.05294422943116749,0.7134781248024105,2.52929432
Training,syn_n200_k20_cluster_corr_mixed_extreme_events_r03_s20260752,40,theta_159,0.9623429228100346,0.07165980338132354,0.36555555555555563,0.05294422943116749,0.7134781248024105,3.2159528833333337
Training,syn_n200_k20_cluster_corr_mixed_extreme_events_r03_s20260752,40,theta_164,0.9977584800787621,0.06027638078182107,0.5538888888888888,0.05570551607194165,0.6975845041847194,3.15224516
Training,syn_n200_k20_cluster_corr_mixed_extreme_events_r03_s20260752,40,theta_170,0.9977584800787621,0.06027638078182107,0.5538888888888888,0.05570551607194165,0.6975845041847194,3.41304161
Training,syn_n200_k20_cluster_corr_mixed_extreme_events_r03_s20260752,40,theta_175,0.9977584800787621,0.06027638078182107,0.5538888888888888,0.05570551607194165,0.6975845041847194,3.3885399266666667
Training,syn_n200_k20_cluster_corr_mixed_extreme_events_r03_s20260752,40,theta_189,0.9977584800787621,0.06027638078182107,0.5538888888888888,0.05570551607194165,0.6975845041847194,7.1567736433333335
Training,syn_n200_k20_cluster_corr_mixed_extreme_events_r03_s20260752,40,theta_200,0.9839588643510714,0.06544926992001424,0.1788888888888889,0.06435253072062865,0.9579682133717607,7.1875277566666655
Training,syn_n200_k20_cluster_corr_mixed_extreme_events_r03_s20260752,40,theta_223,0.9702558333313361,0.06838426505870573,0.33416666666666667,0.056610382322830534,0.7462917808863208,7.1774965633333325
Training,syn_n200_k20_cluster_corr_mixed_extreme_events_r03_s20260752,40,theta_234,0.9702558333313361,0.06838426505870573,0.33416666666666667,0.056610382322830534,0.7462917808863208,3.0120681166666663
Training,syn_n200_k20_cluster_corr_mixed_extreme_events_r03_s20260752,40,theta_237,0.9702558333313361,0.06838426505870573,0.33416666666666667,0.056610382322830534,0.7462917808863208,3.317767896666667
Training,syn_n200_k20_cluster_corr_skewed_high_vol_r01_s20260750,40,theta_011,0.9873943343245044,0.054070865095660295,0.6352777777777778,0.03782618855458704,0.5933329608492972,1.6656952633333333
Training,syn_n200_k20_cluster_corr_skewed_high_vol_r01_s20260750,40,theta_034,1.0027143862850467,0.05420402997346432,0.3019444444444444,0.04684746577914681,0.7450487200895461,2.56196859
Training,syn_n200_k20_cluster_corr_skewed_high_vol_r01_s20260750,40,theta_037,1.0027143862850467,0.05420402997346432,0.3019444444444444,0.04684746577914681,0.7450487200895461,2.4762303266666668
Training,syn_n200_k20_cluster_corr_skewed_high_vol_r01_s20260750,40,theta_045,1.0027143862850467,0.05420402997346432,0.3019444444444444,0.04684746577914681,0.7450487200895461,3.1361322266666662
Training,syn_n200_k20_cluster_corr_skewed_high_vol_r01_s20260750,40,theta_047,1.0027143862850467,0.05420402997346432,0.3019444444444444,0.04684746577914681,0.7450487200895461,4.592806133333334
Training,syn_n200_k20_cluster_corr_skewed_high_vol_r01_s20260750,40,theta_067,0.996929902953083,0.052884366077859804,0.4,0.04867658131505572,0.6756528435667445,2.6695953133333328
Training,syn_n200_k20_cluster_corr_skewed_high_vol_r01_s20260750,40,theta_076,0.996929902953083,0.052884366077859804,0.4,0.04867658131505572,0.6756528435667445,3.299537623333334
Training,syn_n200_k20_cluster_corr_skewed_high_vol_r01_s20260750,40,theta_078,0.996929902953083,0.052884366077859804,0.4,0.04867658131505572,0.6756528435667445,3.7308960866666667
Training,syn_n200_k20_cluster_corr_skewed_high_vol_r01_s20260750,40,theta_084,0.9947279410579806,0.05109989714826975,0.6527777777777779,0.03525238440319452,0.6065011231718584,2.8550463233333327
Training,syn_n200_k20_cluster_corr_skewed_high_vol_r01_s20260750,40,theta_086,0.9947279410579806,0.05109989714826975,0.6527777777777779,0.03525238440319452,0.6065011231718584,2.434791836666667
Training,syn_n200_k20_cluster_corr_skewed_high_vol_r01_s20260750,40,theta_089,0.9947279410579806,0.05109989714826975,0.6527777777777779,0.03525238440319452,0.6065011231718584,3.197052796666667
Training,syn_n200_k20_cluster_corr_skewed_high_vol_r01_s20260750,40,theta_118,1.0091368193738197,0.05520224442215081,0.29277777777777775,0.06968082363599871,0.8230988180081147,3.3966632433333337
Training,syn_n200_k20_cluster_corr_skewed_high_vol_r01_s20260750,40,theta_131,1.0091368193738197,0.05520224442215081,0.29277777777777775,0.06968082363599871,0.8230988180081147,3.2204939733333338
Training,syn_n200_k20_cluster_corr_skewed_high_vol_r01_s20260750,40,theta_132,1.0091368193738197,0.05520224442215081,0.29277777777777775,0.06968082363599871,0.8230988180081147,3.4291513966666667
Training,syn_n200_k20_cluster_corr_skewed_high_vol_r01_s20260750,40,theta_144,1.0037911725574804,0.04837078883557819,0.5313888888888889,0.0394855133838461,0.6569055253681404,2.55676651
Training,syn_n200_k20_cluster_corr_skewed_high_vol_r01_s20260750,40,theta_159,1.0037911725574804,0.04837078883557819,0.5313888888888889,0.0394855133838461,0.6569055253681404,3.1925543199999997
Training,syn_n200_k20_cluster_corr_skewed_high_vol_r01_s20260750,40,theta_164,1.0095656083580606,0.04704114627093665,0.6525000000000001,0.05037039728393451,0.632659548308734,3.0586902466666666
Training,syn_n200_k20_cluster_corr_skewed_high_vol_r01_s20260750,40,theta_170,1.0095656083580606,0.04704114627093665,0.6525000000000001,0.05037039728393451,0.632659548308734,3.2876913033333333
Training,syn_n200_k20_cluster_corr_skewed_high_vol_r01_s20260750,40,theta_175,1.0095656083580606,0.04704114627093665,0.6525000000000001,0.05037039728393451,0.632659548308734,3.347993086666667
Training,syn_n200_k20_cluster_corr_skewed_high_vol_r01_s20260750,40,theta_189,1.0095656083580606,0.04704114627093665,0.6525000000000001,0.05037039728393451,0.632659548308734,7.074630290000001
Training,syn_n200_k20_cluster_corr_skewed_high_vol_r01_s20260750,40,theta_200,1.0355204787951702,0.04836389231482527,0.3002777777777777,0.05509122992069249,0.8323633471746444,7.148003293333334
Training,syn_n200_k20_cluster_corr_skewed_high_vol_r01_s20260750,40,theta_223,0.9970824769992434,0.051921362764222975,0.5016666666666666,0.041597796852314455,0.6654776234946844,7.110421463333334
Training,syn_n200_k20_cluster_corr_skewed_high_vol_r01_s20260750,40,theta_234,0.9970824769992434,0.051921362764222975,0.5016666666666666,0.041597796852314455,0.6654776234946844,2.9496053966666675
Training,syn_n200_k20_cluster_corr_skewed_high_vol_r01_s20260750,40,theta_237,0.9970824769992434,0.051921362764222975,0.5016666666666666,0.041597796852314455,0.6654776234946844,3.297922353333333
Training,syn_n200_k20_high_corr_heavy_tail_extreme_events_r01_s20260758,40,theta_011,1.0038379132722992,0.13867840895808617,0.14888888888888893,0.11618591289370277,0.4213830541209349,1.5637985199999997
Training,syn_n200_k20_high_corr_heavy_tail_extreme_events_r01_s20260758,40,theta_034,1.0376970833283354,0.08026821191942067,0.1375,0.10558458488851798,0.8045416072847438,2.356846913333333
Training,syn_n200_k20_high_corr_heavy_tail_extreme_events_r01_s20260758,40,theta_037,1.0376970833283354,0.08026821191942067,0.1375,0.10558458488851798,0.8045416072847438,2.377102773333333
Training,syn_n200_k20_high_corr_heavy_tail_extreme_events_r01_s20260758,40,theta_045,1.0376970833283354,0.08026821191942067,0.1375,0.10558458488851798,0.8045416072847438,2.878000676666667
Training,syn_n200_k20_high_corr_heavy_tail_extreme_events_r01_s20260758,40,theta_047,1.0376970833283354,0.08026821191942067,0.1375,0.10558458488851798,0.8045416072847438,3.7349010499999995
Training,syn_n200_k20_high_corr_heavy_tail_extreme_events_r01_s20260758,40,theta_067,1.0496488536191853,0.09027229063257944,0.26138888888888884,0.12522078327896208,0.6292104775225033,3.3656869
Training,syn_n200_k20_high_corr_heavy_tail_extreme_events_r01_s20260758,40,theta_076,1.0496488536191853,0.09027229063257944,0.26138888888888884,0.12522078327896208,0.6292104775225033,3.2705437366666663
Training,syn_n200_k20_high_corr_heavy_tail_extreme_events_r01_s20260758,40,theta_078,1.0496488536191853,0.09027229063257944,0.26138888888888884,0.12522078327896208,0.6292104775225033,3.437829463333333
Training,syn_n200_k20_high_corr_heavy_tail_extreme_events_r01_s20260758,40,theta_084,1.0367873307786473,0.09819398390200007,0.18361111111111109,0.1166949289048677,0.5652058630813079,2.6968347200000005
Training,syn_n200_k20_high_corr_heavy_tail_extreme_events_r01_s20260758,40,theta_086,1.0367873307786473,0.09819398390200007,0.18361111111111109,0.1166949289048677,0.5652058630813079,2.4341758366666664
Training,syn_n200_k20_high_corr_heavy_tail_extreme_events_r01_s20260758,40,theta_089,1.0367873307786473,0.09819398390200007,0.18361111111111109,0.1166949289048677,0.5652058630813079,3.2063380499999994
Training,syn_n200_k20_high_corr_heavy_tail_extreme_events_r01_s20260758,40,theta_118,1.0520006022684694,0.07082975119611487,0.20611111111111108,0.10888695298402706,0.7786235509242038,3.3341468666666665
Training,syn_n200_k20_high_corr_heavy_tail_extreme_events_r01_s20260758,40,theta_131,1.0520006022684694,0.07082975119611487,0.20611111111111108,0.10888695298402706,0.7786235509242038,3.2760323733333334
Training,syn_n200_k20_high_corr_heavy_tail_extreme_events_r01_s20260758,40,theta_132,1.0520006022684694,0.07082975119611487,0.20611111111111108,0.10888695298402706,0.7786235509242038,3.27305452
Training,syn_n200_k20_high_corr_heavy_tail_extreme_events_r01_s20260758,40,theta_144,1.0570357690029604,0.0817568124375607,0.30083333333333323,0.12839273017536448,0.6373612273800807,2.4239977733333338
Training,syn_n200_k20_high_corr_heavy_tail_extreme_events_r01_s20260758,40,theta_159,1.0570357690029604,0.0817568124375607,0.30083333333333323,0.12839273017536448,0.6373612273800807,3.0404135433333335
Training,syn_n200_k20_high_corr_heavy_tail_extreme_events_r01_s20260758,40,theta_164,1.0587684477210175,0.0710162332559266,0.31111111111111106,0.09939191049091271,0.6762054471531955,3.0223650066666665
Training,syn_n200_k20_high_corr_heavy_tail_extreme_events_r01_s20260758,40,theta_170,1.0587684477210175,0.0710162332559266,0.31111111111111106,0.09939191049091271,0.6762054471531955,3.22782306
Training,syn_n200_k20_high_corr_heavy_tail_extreme_events_r01_s20260758,40,theta_175,1.0587684477210175,0.0710162332559266,0.31111111111111106,0.09939191049091271,0.6762054471531955,3.19113694
Training,syn_n200_k20_high_corr_heavy_tail_extreme_events_r01_s20260758,40,theta_189,1.0587684477210175,0.0710162332559266,0.31111111111111106,0.09939191049091271,0.6762054471531955,6.530203106666668
Training,syn_n200_k20_high_corr_heavy_tail_extreme_events_r01_s20260758,40,theta_200,1.0554179025347292,0.070812201710507,0.24722222222222223,0.11979187068916518,0.8443269345057983,6.864835270000001
Training,syn_n200_k20_high_corr_heavy_tail_extreme_events_r01_s20260758,40,theta_223,1.0683254280006347,0.06596040719896168,0.3188888888888889,0.1173253546671775,0.730931182241362,6.904446820000001
Training,syn_n200_k20_high_corr_heavy_tail_extreme_events_r01_s20260758,40,theta_234,1.0683254280006347,0.06596040719896168,0.3188888888888889,0.1173253546671775,0.730931182241362,2.9352103966666667
Training,syn_n200_k20_high_corr_heavy_tail_extreme_events_r01_s20260758,40,theta_237,1.0683254280006347,0.06596040719896168,0.3188888888888889,0.1173253546671775,0.730931182241362,3.150221596666667
Training,syn_n200_k20_high_corr_mixed_high_vol_r02_s20260749,40,theta_011,1.0181432072892955,0.035721252752169835,0.5225000000000001,0.04967081701005764,0.7588907966876945,1.672778403333333
Training,syn_n200_k20_high_corr_mixed_high_vol_r02_s20260749,40,theta_034,0.9696914845723057,0.07956657709922438,0.0711111111111111,0.08078556435554339,0.946336622870612,2.4667054666666663
Training,syn_n200_k20_high_corr_mixed_high_vol_r02_s20260749,40,theta_037,0.9696914845723057,0.07956657709922438,0.0711111111111111,0.08078556435554339,0.946336622870612,2.488362986666667
Training,syn_n200_k20_high_corr_mixed_high_vol_r02_s20260749,40,theta_045,0.9696914845723057,0.07956657709922438,0.0711111111111111,0.08078556435554339,0.946336622870612,3.0397869566666667
Training,syn_n200_k20_high_corr_mixed_high_vol_r02_s20260749,40,theta_047,0.9696914845723057,0.07956657709922438,0.0711111111111111,0.08078556435554339,0.946336622870612,4.6444811233333345
Training,syn_n200_k20_high_corr_mixed_high_vol_r02_s20260749,40,theta_067,0.9897869673014242,0.058390118611334786,0.1238888888888889,0.05982949323574824,0.832510215609928,3.356873379999999
Training,syn_n200_k20_high_corr_mixed_high_vol_r02_s20260749,40,theta_076,0.9897869673014242,0.058390118611334786,0.1238888888888889,0.05982949323574824,0.832510215609928,3.379920773333333
Training,syn_n200_k20_high_corr_mixed_high_vol_r02_s20260749,40,theta_078,0.9897869673014242,0.058390118611334786,0.1238888888888889,0.05982949323574824,0.832510215609928,3.4396899700000003
Training,syn_n200_k20_high_corr_mixed_high_vol_r02_s20260749,40,theta_084,1.0356833349725387,0.027872108393044905,0.6144444444444443,0.051433437742901524,0.8567618676589495,3.141473463333333
Training,syn_n200_k20_high_corr_mixed_high_vol_r02_s20260749,40,theta_086,1.0356833349725387,0.027872108393044905,0.6144444444444443,0.051433437742901524,0.8567618676589495,2.4748652133333335
Training,syn_n200_k20_high_corr_mixed_high_vol_r02_s20260749,40,theta_089,1.0356833349725387,0.027872108393044905,0.6144444444444443,0.051433437742901524,0.8567618676589495,3.2231487566666663
Training,syn_n200_k20_high_corr_mixed_high_vol_r02_s20260749,40,theta_118,0.9800558659924523,0.07181234211144773,0.06888888888888887,0.06562183636251558,0.9578405360161668,3.3671595066666664
Training,syn_n200_k20_high_corr_mixed_high_vol_r02_s20260749,40,theta_131,0.9800558659924523,0.07181234211144773,0.06888888888888887,0.06562183636251558,0.9578405360161668,3.2914656233333335
Training,syn_n200_k20_high_corr_mixed_high_vol_r02_s20260749,40,theta_132,0.9800558659924523,0.07181234211144773,0.06888888888888887,0.06562183636251558,0.9578405360161668,3.554178503333333
Training,syn_n200_k20_high_corr_mixed_high_vol_r02_s20260749,40,theta_144,0.9722260807932237,0.07331815687377001,0.04861111111111112,0.06661761209042491,0.8277170568547813,2.5319435500000003
Training,syn_n200_k20_high_corr_mixed_high_vol_r02_s20260749,40,theta_159,0.9722260807932237,0.07331815687377001,0.04861111111111112,0.06661761209042491,0.8277170568547813,3.27523998
Training,syn_n200_k20_high_corr_mixed_high_vol_r02_s20260749,40,theta_164,1.0325476763771906,0.029406607195944366,0.5275000000000001,0.04003909950910329,0.9017953077226272,3.162143103333334
Training,syn_n200_k20_high_corr_mixed_high_vol_r02_s20260749,40,theta_170,1.0325476763771906,0.029406607195944366,0.5275000000000001,0.04003909950910329,0.9017953077226272,3.23284588
Training,syn_n200_k20_high_corr_mixed_high_vol_r02_s20260749,40,theta_175,1.0325476763771906,0.029406607195944366,0.5275000000000001,0.04003909950910329,0.9017953077226272,3.3424151333333336
Training,syn_n200_k20_high_corr_mixed_high_vol_r02_s20260749,40,theta_189,1.0325476763771906,0.029406607195944366,0.5275000000000001,0.04003909950910329,0.9017953077226272,7.359384713333332
Training,syn_n200_k20_high_corr_mixed_high_vol_r02_s20260749,40,theta_200,0.9817876649378021,0.07540447875446454,0.052777777777777785,0.0849536348242357,0.9830388786064749,7.18149915
Training,syn_n200_k20_high_corr_mixed_high_vol_r02_s20260749,40,theta_223,0.9621919788497395,0.07965325382103038,0.06833333333333333,0.08209353646211895,0.8694851503408055,7.134587856666667
Training,syn_n200_k20_high_corr_mixed_high_vol_r02_s20260749,40,theta_234,0.9621919788497395,0.07965325382103038,0.06833333333333333,0.08209353646211895,0.8694851503408055,3.5472714233333336
Training,syn_n200_k20_high_corr_mixed_high_vol_r02_s20260749,40,theta_237,0.9621919788497395,0.07965325382103038,0.06833333333333333,0.08209353646211895,0.8694851503408055,3.3266687200000007
Training,syn_n200_k20_high_corr_normal_low_vol_r03_s20260754,40,theta_011,0.9883766611062355,0.07805351217987405,0.3613888888888888,0.09798493382942271,0.6362180993480127,1.6454440333333331
Training,syn_n200_k20_high_corr_normal_low_vol_r03_s20260754,40,theta_034,1.0156530338091643,0.06661266476168094,0.18083333333333335,0.08266107922494116,0.794682826992737,2.45093465
Training,syn_n200_k20_high_corr_normal_low_vol_r03_s20260754,40,theta_037,1.0156530338091643,0.06661266476168094,0.18083333333333335,0.08266107922494116,0.794682826992737,2.60114892
Training,syn_n200_k20_high_corr_normal_low_vol_r03_s20260754,40,theta_045,1.0156530338091643,0.06661266476168094,0.18083333333333335,0.08266107922494116,0.794682826992737,2.9034008533333333
Training,syn_n200_k20_high_corr_normal_low_vol_r03_s20260754,40,theta_047,1.0156530338091643,0.06661266476168094,0.18083333333333335,0.08266107922494116,0.794682826992737,3.8093808400000007
Training,syn_n200_k20_high_corr_normal_low_vol_r03_s20260754,40,theta_067,1.0363217647459058,0.056238931510627525,0.3069444444444444,0.07472095662567074,0.7573060891981694,3.2665398800000003
Training,syn_n200_k20_high_corr_normal_low_vol_r03_s20260754,40,theta_076,1.0363217647459058,0.056238931510627525,0.3069444444444444,0.07472095662567074,0.7573060891981694,3.3157730966666668
Training,syn_n200_k20_high_corr_normal_low_vol_r03_s20260754,40,theta_078,1.0363217647459058,0.056238931510627525,0.3069444444444444,0.07472095662567074,0.7573060891981694,3.4386799033333335
Training,syn_n200_k20_high_corr_normal_low_vol_r03_s20260754,40,theta_084,1.020132034234033,0.06077934440236104,0.41444444444444445,0.0843972473488365,0.6901959993023485,2.7953596
Training,syn_n200_k20_high_corr_normal_low_vol_r03_s20260754,40,theta_086,1.020132034234033,0.06077934440236104,0.41444444444444445,0.0843972473488365,0.6901959993023485,2.439333576666667
Training,syn_n200_k20_high_corr_normal_low_vol_r03_s20260754,40,theta_089,1.020132034234033,0.06077934440236104,0.41444444444444445,0.0843972473488365,0.6901959993023485,3.316900476666667
Training,syn_n200_k20_high_corr_normal_low_vol_r03_s20260754,40,theta_118,1.0314325612889377,0.06067604294517843,0.2777777777777778,0.08248665846775796,0.8045219356276888,3.2750433033333333
Training,syn_n200_k20_high_corr_normal_low_vol_r03_s20260754,40,theta_131,1.0314325612889377,0.06067604294517843,0.2777777777777778,0.08248665846775796,0.8045219356276888,3.3086328033333343
Training,syn_n200_k20_high_corr_normal_low_vol_r03_s20260754,40,theta_132,1.0314325612889377,0.06067604294517843,0.2777777777777778,0.08248665846775796,0.8045219356276888,3.2607324733333334
Training,syn_n200_k20_high_corr_normal_low_vol_r03_s20260754,40,theta_144,1.0402024500954732,0.05199259999184239,0.2816666666666667,0.0613951418270922,0.8024964233185498,2.5252752733333335
Training,syn_n200_k20_high_corr_normal_low_vol_r03_s20260754,40,theta_159,1.0402024500954732,0.05199259999184239,0.2816666666666667,0.0613951418270922,0.8024964233185498,3.1452504566666666
Training,syn_n200_k20_high_corr_normal_low_vol_r03_s20260754,40,theta_164,0.9873516661771295,0.07848864573987843,0.37583333333333335,0.10432928588241558,0.6808877465455441,3.1147845833333334
Training,syn_n200_k20_high_corr_normal_low_vol_r03_s20260754,40,theta_170,0.9873516661771295,0.07848864573987843,0.37583333333333335,0.10432928588241558,0.6808877465455441,3.2482596333333333
Training,syn_n200_k20_high_corr_normal_low_vol_r03_s20260754,40,theta_175,0.9873516661771295,0.07848864573987843,0.37583333333333335,0.10432928588241558,0.6808877465455441,3.1598353633333334
Training,syn_n200_k20_high_corr_normal_low_vol_r03_s20260754,40,theta_189,0.9873516661771295,0.07848864573987843,0.37583333333333335,0.10432928588241558,0.6808877465455441,7.387854510000001
Training,syn_n200_k20_high_corr_normal_low_vol_r03_s20260754,40,theta_200,1.0195717253372967,0.06697297475614922,0.3583333333333333,0.09309199726307553,0.8158824682093313,7.059666590000001
Training,syn_n200_k20_high_corr_normal_low_vol_r03_s20260754,40,theta_223,1.039046166157989,0.05370253111398727,0.3502777777777778,0.08243432689876411,0.7789172376615119,7.010937080000001
Training,syn_n200_k20_high_corr_normal_low_vol_r03_s20260754,40,theta_234,1.039046166157989,0.05370253111398727,0.3502777777777778,0.08243432689876411,0.7789172376615119,3.4168303866666667
Training,syn_n200_k20_high_corr_normal_low_vol_r03_s20260754,40,theta_237,1.039046166157989,0.05370253111398727,0.3502777777777778,0.08243432689876411,0.7789172376615119,3.2938256099999994
Training,syn_n200_k20_low_corr_heavy_tail_high_vol_r03_s20260756,40,theta_011,0.890590856639923,0.08838767089064815,0.6533333333333332,0.05515447899837638,0.5889455470410591,1.6816522666666665
Training,syn_n200_k20_low_corr_heavy_tail_high_vol_r03_s20260756,40,theta_034,0.7640784463243645,0.13374527228303165,0.41999999999999993,0.03936751090895917,0.46175980774204406,2.362889796666667
Training,syn_n200_k20_low_corr_heavy_tail_high_vol_r03_s20260756,40,theta_037,0.7640784463243645,0.13374527228303165,0.41999999999999993,0.03936751090895917,0.46175980774204406,2.38538838
Training,syn_n200_k20_low_corr_heavy_tail_high_vol_r03_s20260756,40,theta_045,0.7640784463243645,0.13374527228303165,0.41999999999999993,0.03936751090895917,0.46175980774204406,2.9002429333333337
Training,syn_n200_k20_low_corr_heavy_tail_high_vol_r03_s20260756,40,theta_047,0.7640784463243645,0.13374527228303165,0.41999999999999993,0.03936751090895917,0.46175980774204406,3.749796683333332
Training,syn_n200_k20_low_corr_heavy_tail_high_vol_r03_s20260756,40,theta_067,0.8365009768447957,0.10762641095496868,0.5588888888888889,0.0552437227205281,0.5265294968979991,3.32376719
Training,syn_n200_k20_low_corr_heavy_tail_high_vol_r03_s20260756,40,theta_076,0.8366850677810503,0.10756100857128208,0.5569444444444444,0.056372117802057205,0.5267536910664452,3.204722076666667
Training,syn_n200_k20_low_corr_heavy_tail_high_vol_r03_s20260756,40,theta_078,0.8370038622523972,0.10739458181842432,0.5602777777777778,0.055284375436903586,0.5258124404463503,3.2371840866666663
Training,syn_n200_k20_low_corr_heavy_tail_high_vol_r03_s20260756,40,theta_084,0.8661573255995343,0.09944066211018196,0.6497222222222222,0.03599659000064562,0.5447745813712294,2.7586744566666668
Training,syn_n200_k20_low_corr_heavy_tail_high_vol_r03_s20260756,40,theta_086,0.8661573255995343,0.09944066211018196,0.6497222222222222,0.03599659000064562,0.5447745813712294,2.4320961433333332
Training,syn_n200_k20_low_corr_heavy_tail_high_vol_r03_s20260756,40,theta_089,0.8661573255995343,0.09944066211018196,0.6497222222222222,0.03599659000064562,0.5447745813712294,3.29375191
Training,syn_n200_k20_low_corr_heavy_tail_high_vol_r03_s20260756,40,theta_118,0.7855499043346719,0.1248519303124059,0.42833333333333334,0.04005711152291674,0.5045412841943594,3.2580677099999997
Training,syn_n200_k20_low_corr_heavy_tail_high_vol_r03_s20260756,40,theta_131,0.7855499043346719,0.1248519303124059,0.42833333333333334,0.04005711152291674,0.5045412841943594,3.3199459100000004
Training,syn_n200_k20_low_corr_heavy_tail_high_vol_r03_s20260756,40,theta_132,0.7855499043346719,0.1248519303124059,0.42833333333333334,0.04005711152291674,0.5045412841943594,3.077376066666666
Training,syn_n200_k20_low_corr_heavy_tail_high_vol_r03_s20260756,40,theta_144,0.8100265787145166,0.11477920461957834,0.5725,0.03974717939805963,0.4381275072419025,2.4773148666666667
Training,syn_n200_k20_low_corr_heavy_tail_high_vol_r03_s20260756,40,theta_159,0.8100265787145166,0.11477920461957834,0.5725,0.03974717939805963,0.4381275072419025,3.4841324866666668
Training,syn_n200_k20_low_corr_heavy_tail_high_vol_r03_s20260756,40,theta_164,0.9113027541727371,0.07989224456006529,0.648888888888889,0.05090215844782751,0.6499572437292573,3.0725273533333333
Training,syn_n200_k20_low_corr_heavy_tail_high_vol_r03_s20260756,40,theta_170,0.9113027541727371,0.07989224456006529,0.648888888888889,0.05090215844782751,0.6499572437292573,3.254647686666666
Training,syn_n200_k20_low_corr_heavy_tail_high_vol_r03_s20260756,40,theta_175,0.9113027541727371,0.07989224456006529,0.648888888888889,0.05090215844782751,0.6499572437292573,3.2141002133333334
Training,syn_n200_k20_low_corr_heavy_tail_high_vol_r03_s20260756,40,theta_189,0.9113027541727371,0.07989224456006529,0.648888888888889,0.05090215844782751,0.6499572437292573,7.45725524
Training,syn_n200_k20_low_corr_heavy_tail_high_vol_r03_s20260756,40,theta_200,0.8033604962341664,0.11640461459653835,0.39250000000000007,0.054361260726078456,0.5538329014568512,7.1306986100000005
Training,syn_n200_k20_low_corr_heavy_tail_high_vol_r03_s20260756,40,theta_223,0.79673427900069,0.12012517527749358,0.5419444444444445,0.03977880620158451,0.4492895148433023,6.985093683333332
Training,syn_n200_k20_low_corr_heavy_tail_high_vol_r03_s20260756,40,theta_234,0.79673427900069,0.12012517527749358,0.5419444444444445,0.03977880620158451,0.4492895148433023,2.9971582900000007
Training,syn_n200_k20_low_corr_heavy_tail_high_vol_r03_s20260756,40,theta_237,0.79673427900069,0.12012517527749358,0.5419444444444445,0.03977880620158451,0.4492895148433023,3.2568568666666664
Training,syn_n200_k20_low_corr_normal_low_vol_r01_s20260757,40,theta_011,0.8959402235794831,0.07074889974009488,0.6425,0.06351268613595444,0.6689824430178408,1.7115804366666665
Training,syn_n200_k20_low_corr_normal_low_vol_r01_s20260757,40,theta_034,0.7822426347398654,0.11499917567387244,0.3275,0.05430579170801498,0.5554123754259517,2.44764372
Training,syn_n200_k20_low_corr_normal_low_vol_r01_s20260757,40,theta_037,0.7822426347398654,0.11499917567387244,0.3275,0.05430579170801498,0.5554123754259517,2.4630927000000002
Training,syn_n200_k20_low_corr_normal_low_vol_r01_s20260757,40,theta_045,0.7822426347398654,0.11499917567387244,0.3275,0.05430579170801498,0.5554123754259517,2.953293856666667
Training,syn_n200_k20_low_corr_normal_low_vol_r01_s20260757,40,theta_047,0.7822426347398654,0.11499917567387244,0.3275,0.05430579170801498,0.5554123754259517,3.6546937633333334
Training,syn_n200_k20_low_corr_normal_low_vol_r01_s20260757,40,theta_067,0.8012457871013873,0.10656899331916274,0.43694444444444447,0.05608001975568121,0.5551795581843664,3.152711216666667
Training,syn_n200_k20_low_corr_normal_low_vol_r01_s20260757,40,theta_076,0.8012457871013873,0.10656899331916274,0.43694444444444447,0.05608001975568121,0.5551795581843664,3.4581182933333334
Training,syn_n200_k20_low_corr_normal_low_vol_r01_s20260757,40,theta_078,0.8012457871013873,0.10656899331916274,0.43694444444444447,0.05608001975568121,0.5551795581843664,3.3142487866666666
Training,syn_n200_k20_low_corr_normal_low_vol_r01_s20260757,40,theta_084,0.9172541838342336,0.06153102843346312,0.6455555555555557,0.04559020183498474,0.7006895441989822,2.9497500000000003
Training,syn_n200_k20_low_corr_normal_low_vol_r01_s20260757,40,theta_086,0.9172541838342336,0.06153102843346312,0.6455555555555557,0.04559020183498474,0.7006895441989822,2.485836533333334
Training,syn_n200_k20_low_corr_normal_low_vol_r01_s20260757,40,theta_089,0.9172541838342336,0.06153102843346312,0.6455555555555557,0.04559020183498474,0.7006895441989822,3.249472736666667
Training,syn_n200_k20_low_corr_normal_low_vol_r01_s20260757,40,theta_118,0.7852290358044615,0.11457333647429392,0.3227777777777778,0.05023923188665284,0.5716224623537145,3.4436417633333334
Training,syn_n200_k20_low_corr_normal_low_vol_r01_s20260757,40,theta_131,0.7852290358044615,0.11457333647429392,0.3227777777777778,0.05023923188665284,0.5716224623537145,3.26394044
Training,syn_n200_k20_low_corr_normal_low_vol_r01_s20260757,40,theta_132,0.7852290358044615,0.11457333647429392,0.3227777777777778,0.05023923188665284,0.5716224623537145,3.442739096666666
Training,syn_n200_k20_low_corr_normal_low_vol_r01_s20260757,40,theta_144,0.7905790565583897,0.1137979835845222,0.46722222222222226,0.06609927120463338,0.4993463410395424,2.57641897
Training,syn_n200_k20_low_corr_normal_low_vol_r01_s20260757,40,theta_159,0.7905790565583897,0.1137979835845222,0.46722222222222226,0.06609927120463338,0.4993463410395424,3.3387474999999998
Training,syn_n200_k20_low_corr_normal_low_vol_r01_s20260757,40,theta_164,0.9108167883193017,0.06528582644251266,0.5797222222222221,0.06682849970453711,0.7511221998941289,3.2180865633333324
Training,syn_n200_k20_low_corr_normal_low_vol_r01_s20260757,40,theta_170,0.9108167883193017,0.06528582644251266,0.5797222222222221,0.06682849970453711,0.7511221998941289,3.3968690433333326
Training,syn_n200_k20_low_corr_normal_low_vol_r01_s20260757,40,theta_175,0.9108167883193017,0.06528582644251266,0.5797222222222221,0.06682849970453711,0.7511221998941289,3.3898114199999996
Training,syn_n200_k20_low_corr_normal_low_vol_r01_s20260757,40,theta_189,0.9108167883193017,0.06528582644251266,0.5797222222222221,0.06682849970453711,0.7511221998941289,7.512975956666667
Training,syn_n200_k20_low_corr_normal_low_vol_r01_s20260757,40,theta_200,0.8639494520730923,0.0884746666029446,0.31138888888888877,0.09814441473560091,0.7641473509858554,7.210472730000001
Training,syn_n200_k20_low_corr_normal_low_vol_r01_s20260757,40,theta_223,0.7933054218363841,0.10979999988538426,0.4297222222222222,0.053307055805512246,0.5294962211188602,7.145131326666668
Training,syn_n200_k20_low_corr_normal_low_vol_r01_s20260757,40,theta_234,0.7933054218363841,0.10979999988538426,0.4297222222222222,0.053307055805512246,0.5294962211188602,3.004079766666666
Training,syn_n200_k20_low_corr_normal_low_vol_r01_s20260757,40,theta_237,0.7933054218363841,0.10979999988538426,0.4297222222222222,0.053307055805512246,0.5294962211188602,3.302038253333333
Training,syn_n200_k20_low_corr_skewed_extreme_events_r02_s20260751,40,theta_011,0.9598729601912148,0.07167406323363855,0.6338888888888888,0.04745632456672091,0.6017514721114909,1.6178290166666665
Training,syn_n200_k20_low_corr_skewed_extreme_events_r02_s20260751,40,theta_034,0.9615682275291828,0.0733225382518857,0.2547222222222222,0.06589736470971365,0.794384596377071,2.4311502999999997
Training,syn_n200_k20_low_corr_skewed_extreme_events_r02_s20260751,40,theta_037,0.9615682275291828,0.0733225382518857,0.2547222222222222,0.06589736470971365,0.794384596377071,2.456234453333333
Training,syn_n200_k20_low_corr_skewed_extreme_events_r02_s20260751,40,theta_045,0.9615682275291828,0.0733225382518857,0.2547222222222222,0.06589736470971365,0.794384596377071,2.8815296000000004
Training,syn_n200_k20_low_corr_skewed_extreme_events_r02_s20260751,40,theta_047,0.9615682275291828,0.0733225382518857,0.2547222222222222,0.06589736470971365,0.794384596377071,3.546909153333333
Training,syn_n200_k20_low_corr_skewed_extreme_events_r02_s20260751,40,theta_067,0.9495904253535717,0.0729724252140724,0.36138888888888904,0.054484372472844864,0.7106356813884784,3.2265211366666664
Training,syn_n200_k20_low_corr_skewed_extreme_events_r02_s20260751,40,theta_076,0.9495904253535717,0.0729724252140724,0.36138888888888904,0.054484372472844864,0.7106356813884784,3.3722740866666667
Training,syn_n200_k20_low_corr_skewed_extreme_events_r02_s20260751,40,theta_078,0.9495904253535717,0.0729724252140724,0.36138888888888904,0.054484372472844864,0.7106356813884784,3.110623916666667
Training,syn_n200_k20_low_corr_skewed_extreme_events_r02_s20260751,40,theta_084,0.975588332520786,0.06593088956800883,0.6558333333333334,0.04881038756367858,0.6443609020037753,2.634643336666667
Training,syn_n200_k20_low_corr_skewed_extreme_events_r02_s20260751,40,theta_086,0.975588332520786,0.06593088956800883,0.6558333333333334,0.04881038756367858,0.6443609020037753,2.43470517
Training,syn_n200_k20_low_corr_skewed_extreme_events_r02_s20260751,40,theta_089,0.975588332520786,0.06593088956800883,0.6558333333333334,0.04881038756367858,0.6443609020037753,3.1986326066666675
Training,syn_n200_k20_low_corr_skewed_extreme_events_r02_s20260751,40,theta_118,0.9557441839141606,0.07345533984414342,0.31500000000000006,0.07608146249897296,0.7828763809877928,3.2766969366666663
Training,syn_n200_k20_low_corr_skewed_extreme_events_r02_s20260751,40,theta_131,0.9557441839141606,0.07345533984414342,0.31500000000000006,0.07608146249897296,0.7828763809877928,3.1790264166666664
Training,syn_n200_k20_low_corr_skewed_extreme_events_r02_s20260751,40,theta_132,0.9557441839141606,0.07345533984414342,0.31500000000000006,0.07608146249897296,0.7828763809877928,3.32070297
Training,syn_n200_k20_low_corr_skewed_extreme_events_r02_s20260751,40,theta_144,0.9500361336360643,0.07310994431991902,0.5597222222222221,0.07020575835148302,0.6392009439578433,2.5502212699999998
Training,syn_n200_k20_low_corr_skewed_extreme_events_r02_s20260751,40,theta_159,0.9500361336360643,0.07310994431991902,0.5597222222222221,0.07020575835148302,0.6392009439578433,3.148528883333333
Training,syn_n200_k20_low_corr_skewed_extreme_events_r02_s20260751,40,theta_164,0.9687769295790115,0.06837168064916124,0.6280555555555555,0.044311101697242554,0.6469134171259959,3.09944196
Training,syn_n200_k20_low_corr_skewed_extreme_events_r02_s20260751,40,theta_170,0.9687769295790115,0.06837168064916124,0.6280555555555555,0.044311101697242554,0.6469134171259959,3.3287165
Training,syn_n200_k20_low_corr_skewed_extreme_events_r02_s20260751,40,theta_175,0.9687769295790115,0.06837168064916124,0.6280555555555555,0.044311101697242554,0.6469134171259959,3.1983747533333333
Training,syn_n200_k20_low_corr_skewed_extreme_events_r02_s20260751,40,theta_189,0.9687769295790115,0.06837168064916124,0.6280555555555555,0.044311101697242554,0.6469134171259959,7.0179690966666675
Training,syn_n200_k20_low_corr_skewed_extreme_events_r02_s20260751,40,theta_200,0.9670867175292007,0.07401471668587112,0.24138888888888888,0.07729608831824171,0.8490179701695071,6.83732885
Training,syn_n200_k20_low_corr_skewed_extreme_events_r02_s20260751,40,theta_223,0.9621741461819636,0.06928798242581949,0.5213888888888889,0.05314287097277923,0.6689646981044647,7.033216743333332
Training,syn_n200_k20_low_corr_skewed_extreme_events_r02_s20260751,40,theta_234,0.9621741461819636,0.06928798242581949,0.5213888888888889,0.05314287097277923,0.6689646981044647,2.9261559933333334
Training,syn_n200_k20_low_corr_skewed_extreme_events_r02_s20260751,40,theta_237,0.9621741461819636,0.06928798242581949,0.5213888888888889,0.05314287097277923,0.6689646981044647,3.305271326666667
Training,syn_n200_k20_pathological_cov_mixed_low_vol_r01_s20260753,40,theta_011,1.1250277280100087,0.07963540873709882,0.22470238095238093,0.040950231949389446,0.17763111001927356,1.5829751366666664
Training,syn_n200_k20_pathological_cov_mixed_low_vol_r01_s20260753,40,theta_034,1.1266458161482873,0.08091605787769003,0.1351190476190476,0.09909903103140265,0.4228033376908125,2.3629540200000005
Training,syn_n200_k20_pathological_cov_mixed_low_vol_r01_s20260753,40,theta_037,1.1266458161482873,0.08091605787769003,0.1351190476190476,0.09909903103140265,0.4228033376908125,2.3713923533333334
Training,syn_n200_k20_pathological_cov_mixed_low_vol_r01_s20260753,40,theta_045,1.1266458161482873,0.08091605787769003,0.1351190476190476,0.09909903103140265,0.4228033376908125,2.822236156666667
Training,syn_n200_k20_pathological_cov_mixed_low_vol_r01_s20260753,40,theta_047,1.1266458161482873,0.08091605787769003,0.1351190476190476,0.09909903103140265,0.4228033376908125,3.2739299133333333
Training,syn_n200_k20_pathological_cov_mixed_low_vol_r01_s20260753,40,theta_067,1.1522022640214247,0.06562246234251282,0.28005952380952387,0.06866277556634914,0.4038109741931013,3.17823401
Training,syn_n200_k20_pathological_cov_mixed_low_vol_r01_s20260753,40,theta_076,1.1522022640214247,0.06562246234251282,0.28005952380952387,0.06866277556634914,0.4038109741931013,3.3610462633333333
Training,syn_n200_k20_pathological_cov_mixed_low_vol_r01_s20260753,40,theta_078,1.1522022640214247,0.06562246234251282,0.28005952380952387,0.06866277556634914,0.4038109741931013,3.345049433333334
Training,syn_n200_k20_pathological_cov_mixed_low_vol_r01_s20260753,40,theta_084,1.139806156834313,0.07692029151413984,0.20327380952380952,0.05459171184749252,0.242319288329701,2.5179563566666667
Training,syn_n200_k20_pathological_cov_mixed_low_vol_r01_s20260753,40,theta_086,1.139806156834313,0.07692029151413984,0.20327380952380952,0.05459171184749252,0.242319288329701,2.4101133500000005
Training,syn_n200_k20_pathological_cov_mixed_low_vol_r01_s20260753,40,theta_089,1.139806156834313,0.07692029151413984,0.20327380952380952,0.05459171184749252,0.242319288329701,3.186991426666667
Training,syn_n200_k20_pathological_cov_mixed_low_vol_r01_s20260753,40,theta_118,1.1079193192920036,0.10628345076444319,0.13511904761904764,0.143562058452595,0.6009724194858852,3.267550303333334
Training,syn_n200_k20_pathological_cov_mixed_low_vol_r01_s20260753,40,theta_131,1.1079193192920036,0.10628345076444319,0.13511904761904764,0.143562058452595,0.6009724194858852,3.0205608766666665
Training,syn_n200_k20_pathological_cov_mixed_low_vol_r01_s20260753,40,theta_132,1.1079193192920036,0.10628345076444319,0.13511904761904764,0.143562058452595,0.6009724194858852,3.47668825
Training,syn_n200_k20_pathological_cov_mixed_low_vol_r01_s20260753,40,theta_144,1.1530941294051176,0.07211722863246522,0.28809523809523807,0.0722563434438436,0.3244830533944387,2.3918128500000004
Training,syn_n200_k20_pathological_cov_mixed_low_vol_r01_s20260753,40,theta_159,1.1530941294051176,0.07211722863246522,0.28809523809523807,0.0722563434438436,0.3244830533944387,3.0914802033333326
Training,syn_n200_k20_pathological_cov_mixed_low_vol_r01_s20260753,40,theta_164,1.1401330595888832,0.06855331709943599,0.31279761904761905,0.06072131191173577,0.2938128334370079,2.955033656666666
Training,syn_n200_k20_pathological_cov_mixed_low_vol_r01_s20260753,40,theta_170,1.1401330595888832,0.06855331709943599,0.31279761904761905,0.06072131191173577,0.2938128334370079,3.3375280300000005
Training,syn_n200_k20_pathological_cov_mixed_low_vol_r01_s20260753,40,theta_175,1.1401330595888832,0.06855331709943599,0.31279761904761905,0.06072131191173577,0.2938128334370079,3.1062184966666666
Training,syn_n200_k20_pathological_cov_mixed_low_vol_r01_s20260753,40,theta_189,1.1401330595888832,0.06855331709943599,0.31279761904761905,0.06072131191173577,0.2938128334370079,6.824710386666666
Training,syn_n200_k20_pathological_cov_mixed_low_vol_r01_s20260753,40,theta_200,1.1437844771605539,0.0778609324846056,0.3020833333333333,0.13219231436551435,0.45784702224854856,6.673540110000001
Training,syn_n200_k20_pathological_cov_mixed_low_vol_r01_s20260753,40,theta_223,1.1611947768527158,0.060737496875272315,0.406845238095238,0.08236944322392298,0.3760035679953225,6.807791916666665
Training,syn_n200_k20_pathological_cov_mixed_low_vol_r01_s20260753,40,theta_234,1.1611947768527158,0.060737496875272315,0.406845238095238,0.08236944322392298,0.3760035679953225,2.9745614466666668
Training,syn_n200_k20_pathological_cov_mixed_low_vol_r01_s20260753,40,theta_237,1.1611947768527158,0.060737496875272315,0.406845238095238,0.08236944322392298,0.3760035679953225,3.1918070200000006
Training,syn_n200_k20_pathological_cov_normal_extreme_events_r02_s20260755,40,theta_011,1.0313985201329468,0.07480553235210098,0.4666666666666666,0.10977838126129535,0.8075890812689058,1.6437793466666664
Training,syn_n200_k20_pathological_cov_normal_extreme_events_r02_s20260755,40,theta_034,0.9752206998912211,0.09493601400719023,0.052777777777777785,0.11503224243428949,0.9530906430708695,2.4198899200000006
Training,syn_n200_k20_pathological_cov_normal_extreme_events_r02_s20260755,40,theta_037,0.9752206998912211,0.09493601400719023,0.052777777777777785,0.11503224243428949,0.9530906430708695,2.2074125233333333
Training,syn_n200_k20_pathological_cov_normal_extreme_events_r02_s20260755,40,theta_045,0.9752206998912211,0.09493601400719023,0.052777777777777785,0.11503224243428949,0.9530906430708695,2.945324453333334
Training,syn_n200_k20_pathological_cov_normal_extreme_events_r02_s20260755,40,theta_047,0.9752206998912211,0.09493601400719023,0.052777777777777785,0.11503224243428949,0.9530906430708695,3.365866683333333
Training,syn_n200_k20_pathological_cov_normal_extreme_events_r02_s20260755,40,theta_067,1.030968638142021,0.0563937254647543,0.2769444444444444,0.07640067425850718,0.954266913116458,3.303453763333334
Training,syn_n200_k20_pathological_cov_normal_extreme_events_r02_s20260755,40,theta_076,1.030968638142021,0.0563937254647543,0.2769444444444444,0.07640067425850718,0.954266913116458,3.248545176666667
Training,syn_n200_k20_pathological_cov_normal_extreme_events_r02_s20260755,40,theta_078,1.030968638142021,0.0563937254647543,0.2769444444444444,0.07640067425850718,0.954266913116458,3.3856700833333333
Training,syn_n200_k20_pathological_cov_normal_extreme_events_r02_s20260755,40,theta_084,1.0391201999513249,0.06771519124207383,0.5547222222222223,0.07904871602359087,0.7980970022298508,2.90556825
Training,syn_n200_k20_pathological_cov_normal_extreme_events_r02_s20260755,40,theta_086,1.0391201999513249,0.06771519124207383,0.5547222222222223,0.07904871602359087,0.7980970022298508,2.478132506666667
Training,syn_n200_k20_pathological_cov_normal_extreme_events_r02_s20260755,40,theta_089,1.0391201999513249,0.06771519124207383,0.5547222222222223,0.07904871602359087,0.7980970022298508,3.5170355533333333
Training,syn_n200_k20_pathological_cov_normal_extreme_events_r02_s20260755,40,theta_118,0.991028376493271,0.08393341420730742,0.13416666666666666,0.11586910338023074,0.9822862779771628,3.353358156666667
Training,syn_n200_k20_pathological_cov_normal_extreme_events_r02_s20260755,40,theta_131,0.991028376493271,0.08393341420730742,0.13416666666666666,0.11586910338023074,0.9822862779771628,3.3433411200000003
Training,syn_n200_k20_pathological_cov_normal_extreme_events_r02_s20260755,40,theta_132,0.991028376493271,0.08393341420730742,0.13416666666666666,0.11586910338023074,0.9822862779771628,3.4955988233333333
Training,syn_n200_k20_pathological_cov_normal_extreme_events_r02_s20260755,40,theta_144,1.0020494778122502,0.08278837244259354,0.2025,0.11205052041707565,0.8251742568504687,2.5279491200000006
Training,syn_n200_k20_pathological_cov_normal_extreme_events_r02_s20260755,40,theta_159,1.0020494778122502,0.08278837244259354,0.2025,0.11205052041707565,0.8251742568504687,3.14532695
Training,syn_n200_k20_pathological_cov_normal_extreme_events_r02_s20260755,40,theta_164,1.0440692699739378,0.05310534277699521,0.5494444444444445,0.09476634988829331,0.9131732004070148,3.1509336
Training,syn_n200_k20_pathological_cov_normal_extreme_events_r02_s20260755,40,theta_170,1.0440692699739378,0.05310534277699521,0.5494444444444445,0.09476634988829331,0.9131732004070148,3.2169863833333334
Training,syn_n200_k20_pathological_cov_normal_extreme_events_r02_s20260755,40,theta_175,1.0440692699739378,0.05310534277699521,0.5494444444444445,0.09476634988829331,0.9131732004070148,3.2294197733333334
Training,syn_n200_k20_pathological_cov_normal_extreme_events_r02_s20260755,40,theta_189,1.0440692699739378,0.05310534277699521,0.5494444444444445,0.09476634988829331,0.9131732004070148,7.095328513333332
Training,syn_n200_k20_pathological_cov_normal_extreme_events_r02_s20260755,40,theta_200,0.9926305397651866,0.08138906649226985,0.08555555555555555,0.10431343868488242,0.9873389343350676,6.943106686666667
Training,syn_n200_k20_pathological_cov_normal_extreme_events_r02_s20260755,40,theta_223,1.0175832450346147,0.0687984576309933,0.26749999999999996,0.11015316560163217,0.8865446866259633,7.089720286666667
Training,syn_n200_k20_pathological_cov_normal_extreme_events_r02_s20260755,40,theta_234,1.0175832450346147,0.0687984576309933,0.26749999999999996,0.11015316560163217,0.8865446866259633,3.0286228166666667
Training,syn_n200_k20_pathological_cov_normal_extreme_events_r02_s20260755,40,theta_237,1.0175832450346147,0.0687984576309933,0.26749999999999996,0.11015316560163217,0.8865446866259633,3.2694386
Training,syn_n200_k20_pathological_cov_skewed_high_vol_r03_s20260748,40,theta_011,0.89006047091313,0.207402401583714,0.0,0.1363874414797871,0.5982677012174442,1.6488565333333332
Training,syn_n200_k20_pathological_cov_skewed_high_vol_r03_s20260748,40,theta_034,0.9667722250530714,0.20422620082944415,0.13333333333333336,0.22082256195301614,0.7990375934620387,2.3679850966666662
Training,syn_n200_k20_pathological_cov_skewed_high_vol_r03_s20260748,40,theta_037,0.9667722250530714,0.20422620082944415,0.13333333333333336,0.22082256195301614,0.7990375934620387,2.338188303333333
Training,syn_n200_k20_pathological_cov_skewed_high_vol_r03_s20260748,40,theta_045,0.9667722250530714,0.20422620082944415,0.13333333333333336,0.22082256195301614,0.7990375934620387,2.855943546666666
Training,syn_n200_k20_pathological_cov_skewed_high_vol_r03_s20260748,40,theta_047,0.9667722250530714,0.20422620082944415,0.13333333333333336,0.22082256195301614,0.7990375934620387,3.0667606499999995
Training,syn_n200_k20_pathological_cov_skewed_high_vol_r03_s20260748,40,theta_067,0.9788817377564406,0.1751428158671597,0.11305555555555555,0.20265539618087966,0.78163451567156,3.2968901699999997
Training,syn_n200_k20_pathological_cov_skewed_high_vol_r03_s20260748,40,theta_076,0.9788817377564406,0.1751428158671597,0.11305555555555555,0.20265539618087966,0.78163451567156,3.25538197
Training,syn_n200_k20_pathological_cov_skewed_high_vol_r03_s20260748,40,theta_078,0.9788817377564406,0.1751428158671597,0.11305555555555555,0.20265539618087966,0.78163451567156,3.3059945799999997
Training,syn_n200_k20_pathological_cov_skewed_high_vol_r03_s20260748,40,theta_084,0.939234822620827,0.17952428401618506,0.0,0.11667644074361473,0.5351414411075108,2.4083698233333335
Training,syn_n200_k20_pathological_cov_skewed_high_vol_r03_s20260748,40,theta_086,0.939234822620827,0.17952428401618506,0.0,0.11667644074361473,0.5351414411075108,2.3817347699999996
Training,syn_n200_k20_pathological_cov_skewed_high_vol_r03_s20260748,40,theta_089,0.939234822620827,0.17952428401618506,0.0,0.11667644074361473,0.5351414411075108,3.24936209
Training,syn_n200_k20_pathological_cov_skewed_high_vol_r03_s20260748,40,theta_118,0.9710945616371637,0.21045592579826516,0.09361111111111109,0.1993570005690025,0.7253412121806021,2.702859673333333
Training,syn_n200_k20_pathological_cov_skewed_high_vol_r03_s20260748,40,theta_131,0.9710945616371637,0.21045592579826516,0.09361111111111109,0.1993570005690025,0.7253412121806021,3.1885397333333336
Training,syn_n200_k20_pathological_cov_skewed_high_vol_r03_s20260748,40,theta_132,0.9710945616371637,0.21045592579826516,0.09361111111111109,0.1993570005690025,0.7253412121806021,3.3597029000000003
Training,syn_n200_k20_pathological_cov_skewed_high_vol_r03_s20260748,40,theta_144,0.9913630704487069,0.18907268421096057,0.19194444444444445,0.2036242787102664,0.8165806685653033,2.4675641066666665
Training,syn_n200_k20_pathological_cov_skewed_high_vol_r03_s20260748,40,theta_159,0.9913630704487069,0.18907268421096057,0.19194444444444445,0.2036242787102664,0.8165806685653033,3.0402320666666665
Training,syn_n200_k20_pathological_cov_skewed_high_vol_r03_s20260748,40,theta_164,0.8958815513189538,0.21336292365690118,0.0,0.17068029559483025,0.611398833695068,3.0143041833333326
Training,syn_n200_k20_pathological_cov_skewed_high_vol_r03_s20260748,40,theta_170,0.8958815513189538,0.21336292365690118,0.0,0.17068029559483025,0.611398833695068,3.1934192799999996
Training,syn_n200_k20_pathological_cov_skewed_high_vol_r03_s20260748,40,theta_175,0.897308659804708,0.21218813632738792,0.0,0.17058596201326426,0.6130567008817522,3.1934237899999998
Training,syn_n200_k20_pathological_cov_skewed_high_vol_r03_s20260748,40,theta_189,0.8958815513189538,0.21336292365690118,0.0,0.17068029559483025,0.611398833695068,6.8110619733333335
Training,syn_n200_k20_pathological_cov_skewed_high_vol_r03_s20260748,40,theta_200,0.9940255166715322,0.1729139205340636,0.2872222222222222,0.19179327952038844,0.8963272345329969,6.872743533333333
Training,syn_n200_k20_pathological_cov_skewed_high_vol_r03_s20260748,40,theta_223,0.9799327093696134,0.19381555131636968,0.15305555555555556,0.19568505797573635,0.7417142742159922,6.985128869999999
Training,syn_n200_k20_pathological_cov_skewed_high_vol_r03_s20260748,40,theta_234,0.9799327093696134,0.19381555131636968,0.15305555555555556,0.19568505797573635,0.7417142742159922,3.25888061
Training,syn_n200_k20_pathological_cov_skewed_high_vol_r03_s20260748,40,theta_237,0.9799327093696134,0.19381555131636968,0.15305555555555556,0.19568505797573635,0.7417142742159922,3.240216573333333
Training,syn_n200_k30_cluster_corr_heavy_tail_low_vol_r02_s20260763,60,theta_011,0.910418708617574,0.05692405734963251,0.5597222222222222,0.03792839005165947,0.7948823480650717,1.8177478133333334
Training,syn_n200_k30_cluster_corr_heavy_tail_low_vol_r02_s20260763,60,theta_034,0.8673942113931218,0.08047416537089921,0.17,0.06364417317353506,0.9207478671226816,2.5701600466666665
Training,syn_n200_k30_cluster_corr_heavy_tail_low_vol_r02_s20260763,60,theta_037,0.8673942113931218,0.08047416537089921,0.17,0.06364417317353506,0.9207478671226816,2.7484092933333333
Training,syn_n200_k30_cluster_corr_heavy_tail_low_vol_r02_s20260763,60,theta_045,0.8673942113931218,0.08047416537089921,0.17,0.06364417317353506,0.9207478671226816,3.135000816666667
Training,syn_n200_k30_cluster_corr_heavy_tail_low_vol_r02_s20260763,60,theta_047,0.8673942113931218,0.08047416537089921,0.17,0.06364417317353506,0.9207478671226816,3.4713447766666667
Training,syn_n200_k30_cluster_corr_heavy_tail_low_vol_r02_s20260763,60,theta_067,0.8657027233075704,0.07896085651179478,0.2252777777777778,0.05994256297912127,0.8458472145180245,3.4813214833333332
Training,syn_n200_k30_cluster_corr_heavy_tail_low_vol_r02_s20260763,60,theta_076,0.8657027233075704,0.07896085651179478,0.2252777777777778,0.05994256297912127,0.8458472145180245,3.3632689300000007
Training,syn_n200_k30_cluster_corr_heavy_tail_low_vol_r02_s20260763,60,theta_078,0.8657027233075704,0.07896085651179478,0.2252777777777778,0.05994256297912127,0.8458472145180245,3.545434866666666
Training,syn_n200_k30_cluster_corr_heavy_tail_low_vol_r02_s20260763,60,theta_084,0.8979110878213181,0.06252307211919846,0.5566666666666666,0.05315445333445893,0.7957016691212954,2.5359997
Training,syn_n200_k30_cluster_corr_heavy_tail_low_vol_r02_s20260763,60,theta_086,0.8979110878213181,0.06252307211919846,0.5566666666666666,0.05315445333445893,0.7957016691212954,2.5685537866666666
Training,syn_n200_k30_cluster_corr_heavy_tail_low_vol_r02_s20260763,60,theta_089,0.8979110878213181,0.06252307211919846,0.5566666666666666,0.05315445333445893,0.7957016691212954,3.4894101366666663
Training,syn_n200_k30_cluster_corr_heavy_tail_low_vol_r02_s20260763,60,theta_118,0.8758855343283446,0.07774186214671383,0.17472222222222225,0.07708208592146912,0.9376384803968028,2.7964642800000004
Training,syn_n200_k30_cluster_corr_heavy_tail_low_vol_r02_s20260763,60,theta_131,0.8758855343283446,0.07774186214671383,0.17472222222222225,0.07708208592146912,0.9376384803968028,3.4184456033333332
Training,syn_n200_k30_cluster_corr_heavy_tail_low_vol_r02_s20260763,60,theta_132,0.8758855343283446,0.07774186214671383,0.17472222222222225,0.07708208592146912,0.9376384803968028,3.606454059999999
Training,syn_n200_k30_cluster_corr_heavy_tail_low_vol_r02_s20260763,60,theta_144,0.8210210970614022,0.1059196996827625,0.24666666666666667,0.08899585708994187,0.7214664546768927,2.6045391533333335
Training,syn_n200_k30_cluster_corr_heavy_tail_low_vol_r02_s20260763,60,theta_159,0.8210210970614022,0.1059196996827625,0.24666666666666667,0.08899585708994187,0.7214664546768927,3.390629846666666
Training,syn_n200_k30_cluster_corr_heavy_tail_low_vol_r02_s20260763,60,theta_164,0.9280995325219497,0.04645278507849814,0.5494444444444445,0.05201006126853188,0.9014115346920847,3.22089332
Training,syn_n200_k30_cluster_corr_heavy_tail_low_vol_r02_s20260763,60,theta_170,0.9280995325219497,0.04645278507849814,0.5494444444444445,0.05201006126853188,0.9014115346920847,3.3594168200000003
Training,syn_n200_k30_cluster_corr_heavy_tail_low_vol_r02_s20260763,60,theta_175,0.9280995325219497,0.04645278507849814,0.5494444444444445,0.05201006126853188,0.9014115346920847,3.3769280566666655
Training,syn_n200_k30_cluster_corr_heavy_tail_low_vol_r02_s20260763,60,theta_189,0.9280995325219497,0.04645278507849814,0.5494444444444445,0.05201006126853188,0.9014115346920847,7.255168756666667
Training,syn_n200_k30_cluster_corr_heavy_tail_low_vol_r02_s20260763,60,theta_200,0.8878639994963449,0.07083960280253866,0.16444444444444445,0.07457078314342701,0.9983770623265618,7.367285133333334
Training,syn_n200_k30_cluster_corr_heavy_tail_low_vol_r02_s20260763,60,theta_223,0.8582105326825357,0.08447951473281894,0.23444444444444448,0.083799629255136,0.826714549517287,7.420305936666668
Training,syn_n200_k30_cluster_corr_heavy_tail_low_vol_r02_s20260763,60,theta_234,0.8582105326825357,0.08447951473281894,0.23444444444444448,0.083799629255136,0.826714549517287,3.334550243333333
Training,syn_n200_k30_cluster_corr_heavy_tail_low_vol_r02_s20260763,60,theta_237,0.8582105326825357,0.08447951473281894,0.23444444444444448,0.083799629255136,0.826714549517287,3.4487285533333334
Training,syn_n200_k30_cluster_corr_mixed_extreme_events_r03_s20260768,60,theta_011,0.9388008225201451,0.06725815900200817,0.5452777777777776,0.04744808767148309,0.59938289305506,1.69344851
Training,syn_n200_k30_cluster_corr_mixed_extreme_events_r03_s20260768,60,theta_034,0.9242881732166931,0.07666483516467817,0.13972222222222222,0.0691687614297733,0.8171070238064987,2.4728295333333334
Training,syn_n200_k30_cluster_corr_mixed_extreme_events_r03_s20260768,60,theta_037,0.9242881732166931,0.07666483516467817,0.13972222222222222,0.0691687614297733,0.8171070238064987,4.97491531
Training,syn_n200_k30_cluster_corr_mixed_extreme_events_r03_s20260768,60,theta_045,0.9242881732166931,0.07666483516467817,0.13972222222222222,0.0691687614297733,0.8171070238064987,2.996817583333333
Training,syn_n200_k30_cluster_corr_mixed_extreme_events_r03_s20260768,60,theta_047,0.9242881732166931,0.07666483516467817,0.13972222222222222,0.0691687614297733,0.8171070238064987,3.038138286666667
Training,syn_n200_k30_cluster_corr_mixed_extreme_events_r03_s20260768,60,theta_067,0.9441633406415291,0.0655807148273911,0.24472222222222226,0.07235526886944514,0.7215426902601634,3.345259139999999
Training,syn_n200_k30_cluster_corr_mixed_extreme_events_r03_s20260768,60,theta_076,0.9441633406415291,0.0655807148273911,0.24472222222222226,0.07235526886944514,0.7215426902601634,3.493448043333333
Training,syn_n200_k30_cluster_corr_mixed_extreme_events_r03_s20260768,60,theta_078,0.9441633406415291,0.0655807148273911,0.24472222222222226,0.07235526886944514,0.7215426902601634,3.4092151299999998
Training,syn_n200_k30_cluster_corr_mixed_extreme_events_r03_s20260768,60,theta_084,0.943892079301471,0.06330501467731789,0.5397222222222222,0.04797045998644165,0.6274248074994632,2.783274756666667
Training,syn_n200_k30_cluster_corr_mixed_extreme_events_r03_s20260768,60,theta_086,0.943892079301471,0.06330501467731789,0.5397222222222222,0.04797045998644165,0.6274248074994632,2.560360306666667
Training,syn_n200_k30_cluster_corr_mixed_extreme_events_r03_s20260768,60,theta_089,0.943892079301471,0.06330501467731789,0.5397222222222222,0.04797045998644165,0.6274248074994632,3.3299622599999994
Training,syn_n200_k30_cluster_corr_mixed_extreme_events_r03_s20260768,60,theta_118,0.9310267906130604,0.07516443446581685,0.17833333333333334,0.09429402271462031,0.7841981841219055,3.48510435
Training,syn_n200_k30_cluster_corr_mixed_extreme_events_r03_s20260768,60,theta_131,0.9310267906130604,0.07516443446581685,0.17833333333333334,0.09429402271462031,0.7841981841219055,3.3741196
Training,syn_n200_k30_cluster_corr_mixed_extreme_events_r03_s20260768,60,theta_132,0.9310267906130604,0.07516443446581685,0.17833333333333334,0.09429402271462031,0.7841981841219055,3.298913113333334
Training,syn_n200_k30_cluster_corr_mixed_extreme_events_r03_s20260768,60,theta_144,0.8998345146423167,0.08251233198748846,0.2972222222222223,0.07536619746335703,0.6363135984083171,2.5838011700000005
Training,syn_n200_k30_cluster_corr_mixed_extreme_events_r03_s20260768,60,theta_159,0.8998345146423167,0.08251233198748846,0.2972222222222223,0.07536619746335703,0.6363135984083171,3.1787599033333334
Training,syn_n200_k30_cluster_corr_mixed_extreme_events_r03_s20260768,60,theta_164,0.9368192855684365,0.06542535796514308,0.4941666666666667,0.050233339056597645,0.6444040125508352,3.1310472566666667
Training,syn_n200_k30_cluster_corr_mixed_extreme_events_r03_s20260768,60,theta_170,0.9368192855684365,0.06542535796514308,0.4941666666666667,0.050233339056597645,0.6444040125508352,3.4370969633333326
Training,syn_n200_k30_cluster_corr_mixed_extreme_events_r03_s20260768,60,theta_175,0.9368192855684365,0.06542535796514308,0.4941666666666667,0.050233339056597645,0.6444040125508352,3.3309472233333337
Training,syn_n200_k30_cluster_corr_mixed_extreme_events_r03_s20260768,60,theta_189,0.9368192855684365,0.06542535796514308,0.4941666666666667,0.050233339056597645,0.6444040125508352,7.427225483333333
Training,syn_n200_k30_cluster_corr_mixed_extreme_events_r03_s20260768,60,theta_200,0.9385358565101046,0.073898766787953,0.14416666666666664,0.10078543586411912,0.8617831503739021,7.135781076666669
Training,syn_n200_k30_cluster_corr_mixed_extreme_events_r03_s20260768,60,theta_223,0.9072201806356402,0.08116455474828349,0.24666666666666665,0.07712437911757133,0.6921642268583804,7.40710306
Training,syn_n200_k30_cluster_corr_mixed_extreme_events_r03_s20260768,60,theta_234,0.9072201806356402,0.08116455474828349,0.24666666666666665,0.07712437911757133,0.6921642268583804,3.1402181799999997
Training,syn_n200_k30_cluster_corr_mixed_extreme_events_r03_s20260768,60,theta_237,0.9072201806356402,0.08116455474828349,0.24666666666666665,0.07712437911757133,0.6921642268583804,3.3905465633333334
Training,syn_n200_k30_cluster_corr_skewed_high_vol_r01_s20260765,60,theta_011,0.9477539123890609,0.05220160460949716,0.6241666666666669,0.028146578060286878,0.6750150370448403,1.7233775166666665
Training,syn_n200_k30_cluster_corr_skewed_high_vol_r01_s20260765,60,theta_034,0.9153187412796473,0.08257744657646011,0.22194444444444444,0.06878789916232973,0.868448690403252,2.5064217266666664
Training,syn_n200_k30_cluster_corr_skewed_high_vol_r01_s20260765,60,theta_037,0.9153187412796473,0.08257744657646011,0.22194444444444444,0.06878789916232973,0.868448690403252,4.8185853100000005
Training,syn_n200_k30_cluster_corr_skewed_high_vol_r01_s20260765,60,theta_045,0.9153187412796473,0.08257744657646011,0.22194444444444444,0.06878789916232973,0.868448690403252,2.9527777433333338
Training,syn_n200_k30_cluster_corr_skewed_high_vol_r01_s20260765,60,theta_047,0.9153187412796473,0.08257744657646011,0.22194444444444444,0.06878789916232973,0.868448690403252,3.5311620000000006
Training,syn_n200_k30_cluster_corr_skewed_high_vol_r01_s20260765,60,theta_067,0.9127429986415433,0.07467779547813397,0.32583333333333336,0.05508660618562525,0.7446593258414756,3.3539315366666664
Training,syn_n200_k30_cluster_corr_skewed_high_vol_r01_s20260765,60,theta_076,0.9127429986415433,0.07467779547813397,0.32583333333333336,0.05508660618562525,0.7446593258414756,3.4472669033333334
Training,syn_n200_k30_cluster_corr_skewed_high_vol_r01_s20260765,60,theta_078,0.9127429986415433,0.07467779547813397,0.32583333333333336,0.05508660618562525,0.7446593258414756,3.4064646666666665
Training,syn_n200_k30_cluster_corr_skewed_high_vol_r01_s20260765,60,theta_084,0.9518745276690067,0.05022427988370872,0.6133333333333333,0.03727296852925344,0.7063639183736254,3.104583103333333
Training,syn_n200_k30_cluster_corr_skewed_high_vol_r01_s20260765,60,theta_086,0.9518745276690067,0.05022427988370872,0.6133333333333333,0.03727296852925344,0.7063639183736254,2.5347852733333336
Training,syn_n200_k30_cluster_corr_skewed_high_vol_r01_s20260765,60,theta_089,0.9518745276690067,0.05022427988370872,0.6133333333333333,0.03727296852925344,0.7063639183736254,3.3972066266666667
Training,syn_n200_k30_cluster_corr_skewed_high_vol_r01_s20260765,60,theta_118,0.9218698330553942,0.07648784008772327,0.2366666666666667,0.06748880123810201,0.8261027653322398,3.539875456666668
Training,syn_n200_k30_cluster_corr_skewed_high_vol_r01_s20260765,60,theta_131,0.9218698330553942,0.07648784008772327,0.2366666666666667,0.06748880123810201,0.8261027653322398,3.4763923266666668
Training,syn_n200_k30_cluster_corr_skewed_high_vol_r01_s20260765,60,theta_132,0.9218698330553942,0.07648784008772327,0.2366666666666667,0.06748880123810201,0.8261027653322398,3.2931341166666663
Training,syn_n200_k30_cluster_corr_skewed_high_vol_r01_s20260765,60,theta_144,0.9113781315035927,0.07611668526650199,0.3894444444444444,0.06045825254333828,0.7751288275278045,2.657671516666667
Training,syn_n200_k30_cluster_corr_skewed_high_vol_r01_s20260765,60,theta_159,0.9113781315035927,0.07611668526650199,0.3894444444444444,0.06045825254333828,0.7751288275278045,3.218254336666667
Training,syn_n200_k30_cluster_corr_skewed_high_vol_r01_s20260765,60,theta_164,0.9556381082927967,0.04928656817213652,0.6347222222222223,0.03547637385959208,0.7038964199207075,3.1717481200000006
Training,syn_n200_k30_cluster_corr_skewed_high_vol_r01_s20260765,60,theta_170,0.9556381082927967,0.04928656817213652,0.6347222222222223,0.03547637385959208,0.7038964199207075,3.5484452300000004
Training,syn_n200_k30_cluster_corr_skewed_high_vol_r01_s20260765,60,theta_175,0.9556381082927967,0.04928656817213652,0.6347222222222223,0.03547637385959208,0.7038964199207075,3.335091983333333
Training,syn_n200_k30_cluster_corr_skewed_high_vol_r01_s20260765,60,theta_189,0.9556381082927967,0.04928656817213652,0.6347222222222223,0.03547637385959208,0.7038964199207075,7.134622770000001
Training,syn_n200_k30_cluster_corr_skewed_high_vol_r01_s20260765,60,theta_200,0.9252909218305879,0.08335218957069435,0.22972222222222224,0.09027866035534787,0.9244816492267081,7.198289563333333
Training,syn_n200_k30_cluster_corr_skewed_high_vol_r01_s20260765,60,theta_223,0.9258450656416976,0.06939370447461005,0.39777777777777784,0.06536961406638173,0.7765424215624883,7.928584523333333
Training,syn_n200_k30_cluster_corr_skewed_high_vol_r01_s20260765,60,theta_234,0.9258450656416976,0.06939370447461005,0.39777777777777784,0.06536961406638173,0.7765424215624883,3.1090708400000007
Training,syn_n200_k30_cluster_corr_skewed_high_vol_r01_s20260765,60,theta_237,0.9258450656416976,0.06939370447461005,0.39777777777777784,0.06536961406638173,0.7765424215624883,3.369613903333333
Training,syn_n200_k30_high_corr_heavy_tail_extreme_events_r01_s20260761,60,theta_011,0.9000192524787507,0.051511002069598445,0.5383333333333333,0.07314127295950666,0.8981569012802616,1.76630493
Training,syn_n200_k30_high_corr_heavy_tail_extreme_events_r01_s20260761,60,theta_034,0.8458397247522443,0.0852752535305541,0.13694444444444442,0.10873992266287896,1.0291605958326424,2.541891993333333
Training,syn_n200_k30_high_corr_heavy_tail_extreme_events_r01_s20260761,60,theta_037,0.8458397247522443,0.0852752535305541,0.13694444444444442,0.10873992266287896,1.0291605958326424,4.249479140000001
Training,syn_n200_k30_high_corr_heavy_tail_extreme_events_r01_s20260761,60,theta_045,0.8458397247522443,0.0852752535305541,0.13694444444444442,0.10873992266287896,1.0291605958326424,3.072401416666666
Training,syn_n200_k30_high_corr_heavy_tail_extreme_events_r01_s20260761,60,theta_047,0.8458397247522443,0.0852752535305541,0.13694444444444442,0.10873992266287896,1.0291605958326424,3.69080933
Training,syn_n200_k30_high_corr_heavy_tail_extreme_events_r01_s20260761,60,theta_067,0.8971189706681624,0.05413851713230204,0.41638888888888886,0.1055545514827677,1.0049324487081266,3.3796928766666667
Training,syn_n200_k30_high_corr_heavy_tail_extreme_events_r01_s20260761,60,theta_076,0.8971189706681624,0.05413851713230204,0.41638888888888886,0.1055545514827677,1.0049324487081266,3.543966063333333
Training,syn_n200_k30_high_corr_heavy_tail_extreme_events_r01_s20260761,60,theta_078,0.8971189706681624,0.05413851713230204,0.41638888888888886,0.1055545514827677,1.0049324487081266,3.5576157900000007
Training,syn_n200_k30_high_corr_heavy_tail_extreme_events_r01_s20260761,60,theta_084,0.907609888803148,0.04506427822704036,0.6177777777777779,0.08461664291218574,0.9404334837263941,3.247479576666666
Training,syn_n200_k30_high_corr_heavy_tail_extreme_events_r01_s20260761,60,theta_086,0.907609888803148,0.04506427822704036,0.6177777777777779,0.08461664291218574,0.9404334837263941,2.563127293333333
Training,syn_n200_k30_high_corr_heavy_tail_extreme_events_r01_s20260761,60,theta_089,0.907609888803148,0.04506427822704036,0.6177777777777779,0.08461664291218574,0.9404334837263941,3.3414447533333336
Training,syn_n200_k30_high_corr_heavy_tail_extreme_events_r01_s20260761,60,theta_118,0.8528621987836508,0.08333272162626537,0.07138888888888889,0.11195962152268443,1.039501725379655,3.6016224333333327
Training,syn_n200_k30_high_corr_heavy_tail_extreme_events_r01_s20260761,60,theta_131,0.8528621987836508,0.08333272162626537,0.07138888888888889,0.11195962152268443,1.039501725379655,3.4813442866666664
Training,syn_n200_k30_high_corr_heavy_tail_extreme_events_r01_s20260761,60,theta_132,0.8528621987836508,0.08333272162626537,0.07138888888888889,0.11195962152268443,1.039501725379655,3.4998992466666663
Training,syn_n200_k30_high_corr_heavy_tail_extreme_events_r01_s20260761,60,theta_144,0.8826050221133578,0.0628808964407381,0.26166666666666666,0.08580859208803092,0.958420527472726,2.5317288733333334
Training,syn_n200_k30_high_corr_heavy_tail_extreme_events_r01_s20260761,60,theta_159,0.8826050221133578,0.0628808964407381,0.26166666666666666,0.08580859208803092,0.958420527472726,3.3043025066666663
Training,syn_n200_k30_high_corr_heavy_tail_extreme_events_r01_s20260761,60,theta_164,0.912480172242941,0.041116078327750515,0.6477777777777778,0.07115801942734111,0.9812574704981051,3.2796281599999992
Training,syn_n200_k30_high_corr_heavy_tail_extreme_events_r01_s20260761,60,theta_170,0.912480172242941,0.041116078327750515,0.6477777777777778,0.07115801942734111,0.9812574704981051,3.3100969799999995
Training,syn_n200_k30_high_corr_heavy_tail_extreme_events_r01_s20260761,60,theta_175,0.912480172242941,0.041116078327750515,0.6477777777777778,0.07115801942734111,0.9812574704981051,3.4101329866666665
Training,syn_n200_k30_high_corr_heavy_tail_extreme_events_r01_s20260761,60,theta_189,0.912480172242941,0.041116078327750515,0.6477777777777778,0.07115801942734111,0.9812574704981051,7.430526043333332
Training,syn_n200_k30_high_corr_heavy_tail_extreme_events_r01_s20260761,60,theta_200,0.8698919456029165,0.07049366879885009,0.2555555555555556,0.10661436801603992,1.0518848052061687,7.411088403333334
Training,syn_n200_k30_high_corr_heavy_tail_extreme_events_r01_s20260761,60,theta_223,0.8761845285905171,0.07241107491150484,0.3686111111111111,0.10184052882744994,0.9230597635295471,7.993412940000001
Training,syn_n200_k30_high_corr_heavy_tail_extreme_events_r01_s20260761,60,theta_234,0.8761845285905171,0.07241107491150484,0.3686111111111111,0.10184052882744994,0.9230597635295471,3.574587626666666
Training,syn_n200_k30_high_corr_heavy_tail_extreme_events_r01_s20260761,60,theta_237,0.8761845285905171,0.07241107491150484,0.3686111111111111,0.10184052882744994,0.9230597635295471,3.3723594566666666
Training,syn_n200_k30_high_corr_mixed_high_vol_r02_s20260760,60,theta_011,1.024342404127991,0.06541434996851399,0.205,0.05979144010836126,0.5591768473028044,1.6370112966666668
Training,syn_n200_k30_high_corr_mixed_high_vol_r02_s20260760,60,theta_034,0.9912558028768785,0.09953492930193875,0.07888888888888887,0.08421138581193235,0.8142269858802903,2.4237722133333333
Training,syn_n200_k30_high_corr_mixed_high_vol_r02_s20260760,60,theta_037,0.9912558028768785,0.09953492930193875,0.07888888888888887,0.08421138581193235,0.8142269858802903,4.3784051999999996
Training,syn_n200_k30_high_corr_mixed_high_vol_r02_s20260760,60,theta_045,0.9912558028768785,0.09953492930193875,0.07888888888888887,0.08421138581193235,0.8142269858802903,2.9479373533333333
Training,syn_n200_k30_high_corr_mixed_high_vol_r02_s20260760,60,theta_047,0.9912558028768785,0.09953492930193875,0.07888888888888887,0.08421138581193235,0.8142269858802903,3.5421504466666667
Training,syn_n200_k30_high_corr_mixed_high_vol_r02_s20260760,60,theta_067,1.0284376149679453,0.06743229899943064,0.2211111111111111,0.08798767977973063,0.7455601417022957,3.3315919066666666
Training,syn_n200_k30_high_corr_mixed_high_vol_r02_s20260760,60,theta_076,1.0284376149679453,0.06743229899943064,0.2211111111111111,0.08798767977973063,0.7455601417022957,3.2750025433333336
Training,syn_n200_k30_high_corr_mixed_high_vol_r02_s20260760,60,theta_078,1.0284376149679453,0.06743229899943064,0.2211111111111111,0.08798767977973063,0.7455601417022957,3.4012582633333333
Training,syn_n200_k30_high_corr_mixed_high_vol_r02_s20260760,60,theta_084,1.036874192518872,0.05334757849896479,0.38777777777777783,0.039563534795944544,0.5461261846187558,3.0651996033333333
Training,syn_n200_k30_high_corr_mixed_high_vol_r02_s20260760,60,theta_086,1.036874192518872,0.05334757849896479,0.38777777777777783,0.039563534795944544,0.5461261846187558,2.4289482466666668
Training,syn_n200_k30_high_corr_mixed_high_vol_r02_s20260760,60,theta_089,1.036874192518872,0.05334757849896479,0.38777777777777783,0.039563534795944544,0.5461261846187558,3.23800824
Training,syn_n200_k30_high_corr_mixed_high_vol_r02_s20260760,60,theta_118,0.9800405606049011,0.10424098774699822,0.05638888888888889,0.08730680843714406,0.8235291797379105,3.3726918133333332
Training,syn_n200_k30_high_corr_mixed_high_vol_r02_s20260760,60,theta_131,0.9800405606049011,0.10424098774699822,0.05638888888888889,0.08730680843714406,0.8235291797379105,3.230294733333333
Training,syn_n200_k30_high_corr_mixed_high_vol_r02_s20260760,60,theta_132,0.9800405606049011,0.10424098774699822,0.05638888888888889,0.08730680843714406,0.8235291797379105,3.3752802799999992
Training,syn_n200_k30_high_corr_mixed_high_vol_r02_s20260760,60,theta_144,0.9968401233303845,0.088962369386749,0.08916666666666666,0.08357812446108333,0.7070189174631349,2.63783918
Training,syn_n200_k30_high_corr_mixed_high_vol_r02_s20260760,60,theta_159,0.9968401233303845,0.088962369386749,0.08916666666666666,0.08357812446108333,0.7070189174631349,3.1777192666666667
Training,syn_n200_k30_high_corr_mixed_high_vol_r02_s20260760,60,theta_164,1.0315728408893718,0.05720028249007836,0.3227777777777778,0.05404479556158429,0.5935000852549664,3.1148432400000003
Training,syn_n200_k30_high_corr_mixed_high_vol_r02_s20260760,60,theta_170,1.0315728408893718,0.05720028249007836,0.3227777777777778,0.05404479556158429,0.5935000852549664,3.285996703333333
Training,syn_n200_k30_high_corr_mixed_high_vol_r02_s20260760,60,theta_175,1.0315728408893718,0.05720028249007836,0.3227777777777778,0.05404479556158429,0.5935000852549664,3.3231165733333325
Training,syn_n200_k30_high_corr_mixed_high_vol_r02_s20260760,60,theta_189,1.0315728408893718,0.05720028249007836,0.3227777777777778,0.05404479556158429,0.5935000852549664,6.933298493333334
Training,syn_n200_k30_high_corr_mixed_high_vol_r02_s20260760,60,theta_200,0.9951946834725611,0.1008687690748796,0.08555555555555555,0.0957847062808476,0.9105749242066015,7.037676436666667
Training,syn_n200_k30_high_corr_mixed_high_vol_r02_s20260760,60,theta_223,1.010854460600001,0.08349888816245324,0.09277777777777779,0.08170199855693208,0.7771990693835296,7.794345513333332
Training,syn_n200_k30_high_corr_mixed_high_vol_r02_s20260760,60,theta_234,1.010854460600001,0.08349888816245324,0.09277777777777779,0.08170199855693208,0.7771990693835296,7.515510676666667
Training,syn_n200_k30_high_corr_mixed_high_vol_r02_s20260760,60,theta_237,1.010854460600001,0.08349888816245324,0.09277777777777779,0.08170199855693208,0.7771990693835296,3.314204556666667
Training,syn_n200_k30_high_corr_normal_low_vol_r03_s20260769,60,theta_011,0.9746293425042032,0.09871896371013524,0.26361111111111113,0.09257086684426018,0.6303106216151786,1.65200198
Training,syn_n200_k30_high_corr_normal_low_vol_r03_s20260769,60,theta_034,0.9493975625436293,0.11528767022743071,0.05500000000000001,0.12417693171229986,0.8731381186700001,2.4810289233333336
Training,syn_n200_k30_high_corr_normal_low_vol_r03_s20260769,60,theta_037,0.9493975625436293,0.11528767022743071,0.05500000000000001,0.12417693171229986,0.8731381186700001,3.96993371
Training,syn_n200_k30_high_corr_normal_low_vol_r03_s20260769,60,theta_045,0.9493975625436293,0.11528767022743071,0.05500000000000001,0.12417693171229986,0.8731381186700001,2.92615507
Training,syn_n200_k30_high_corr_normal_low_vol_r03_s20260769,60,theta_047,0.9493975625436293,0.11528767022743071,0.05500000000000001,0.12417693171229986,0.8731381186700001,3.4330052633333334
Training,syn_n200_k30_high_corr_normal_low_vol_r03_s20260769,60,theta_067,0.9757831427604285,0.08185311596498603,0.10583333333333335,0.08281239726720374,0.8561734767536533,3.32312124
Training,syn_n200_k30_high_corr_normal_low_vol_r03_s20260769,60,theta_076,0.9757831427604285,0.08185311596498603,0.10583333333333335,0.08281239726720374,0.8561734767536533,3.2513745500000004
Training,syn_n200_k30_high_corr_normal_low_vol_r03_s20260769,60,theta_078,0.9757831427604285,0.08185311596498603,0.10583333333333335,0.08281239726720374,0.8561734767536533,3.37035051
Training,syn_n200_k30_high_corr_normal_low_vol_r03_s20260769,60,theta_084,0.9860977302516822,0.08631565342958057,0.29388888888888887,0.10045443848148373,0.7184281750719387,2.88894759
Training,syn_n200_k30_high_corr_normal_low_vol_r03_s20260769,60,theta_086,0.9860977302516822,0.08631565342958057,0.29388888888888887,0.10045443848148373,0.7184281750719387,2.4453260833333332
Training,syn_n200_k30_high_corr_normal_low_vol_r03_s20260769,60,theta_089,0.9860977302516822,0.08631565342958057,0.29388888888888887,0.10045443848148373,0.7184281750719387,3.10730381
Training,syn_n200_k30_high_corr_normal_low_vol_r03_s20260769,60,theta_118,0.9486254206196383,0.10841464134583297,0.04138888888888889,0.11833039322153145,0.8702201534352424,3.2177302400000003
Training,syn_n200_k30_high_corr_normal_low_vol_r03_s20260769,60,theta_131,0.9486254206196383,0.10841464134583297,0.04138888888888889,0.11833039322153145,0.8702201534352424,3.19266846
Training,syn_n200_k30_high_corr_normal_low_vol_r03_s20260769,60,theta_132,0.9486254206196383,0.10841464134583297,0.04138888888888889,0.11833039322153145,0.8702201534352424,3.342626863333334
Training,syn_n200_k30_high_corr_normal_low_vol_r03_s20260769,60,theta_144,0.9394515358181581,0.11379073355249868,0.045,0.12275325438411144,0.7758186752311151,2.7401716099999995
Training,syn_n200_k30_high_corr_normal_low_vol_r03_s20260769,60,theta_159,0.9394515358181581,0.11379073355249868,0.045,0.12275325438411144,0.7758186752311151,3.21824271
Training,syn_n200_k30_high_corr_normal_low_vol_r03_s20260769,60,theta_164,0.978324110858997,0.09084325227076,0.2905555555555556,0.09627798840136567,0.6697304174702564,3.0439214133333343
Training,syn_n200_k30_high_corr_normal_low_vol_r03_s20260769,60,theta_170,0.978324110858997,0.09084325227076,0.2905555555555556,0.09627798840136567,0.6697304174702564,3.184370226666667
Training,syn_n200_k30_high_corr_normal_low_vol_r03_s20260769,60,theta_175,0.978324110858997,0.09084325227076,0.2905555555555556,0.09627798840136567,0.6697304174702564,3.2514743433333333
Training,syn_n200_k30_high_corr_normal_low_vol_r03_s20260769,60,theta_189,0.978324110858997,0.09084325227076,0.2905555555555556,0.09627798840136567,0.6697304174702564,6.911406576666669
Training,syn_n200_k30_high_corr_normal_low_vol_r03_s20260769,60,theta_200,0.9539388717918836,0.10083858623297254,0.04055555555555555,0.12580491555040538,0.9617991960981928,7.07088367
Training,syn_n200_k30_high_corr_normal_low_vol_r03_s20260769,60,theta_223,0.9711773780286018,0.10231717580852719,0.10805555555555556,0.1316554527846583,0.7732494347479706,7.713562276666667
Training,syn_n200_k30_high_corr_normal_low_vol_r03_s20260769,60,theta_234,0.9711773780286018,0.10231717580852719,0.10805555555555556,0.1316554527846583,0.7732494347479706,7.605162903333333
Training,syn_n200_k30_high_corr_normal_low_vol_r03_s20260769,60,theta_237,0.9711773780286018,0.10231717580852719,0.10805555555555556,0.1316554527846583,0.7732494347479706,3.296639023333334
Training,syn_n200_k30_low_corr_heavy_tail_high_vol_r03_s20260766,60,theta_011,0.814271917891924,0.08393823739000358,0.6866666666666666,0.03696828742409062,0.5444139448843031,1.6356720866666667
Training,syn_n200_k30_low_corr_heavy_tail_high_vol_r03_s20260766,60,theta_034,0.7244340123300039,0.11216724054405569,0.37472222222222223,0.03635236269276551,0.4967841335868947,2.45912125
Training,syn_n200_k30_low_corr_heavy_tail_high_vol_r03_s20260766,60,theta_037,0.7212771361623281,0.11361900336786886,0.37722222222222224,0.03899619126868193,0.4957796616196063,3.11467242
Training,syn_n200_k30_low_corr_heavy_tail_high_vol_r03_s20260766,60,theta_045,0.7244340123300039,0.11216724054405569,0.37472222222222223,0.03635236269276551,0.4967841335868947,2.885852023333333
Training,syn_n200_k30_low_corr_heavy_tail_high_vol_r03_s20260766,60,theta_047,0.7244340123300039,0.11216724054405569,0.37472222222222223,0.03635236269276551,0.4967841335868947,3.057081773333334
Training,syn_n200_k30_low_corr_heavy_tail_high_vol_r03_s20260766,60,theta_067,0.7622173715492264,0.10184433293123582,0.5008333333333334,0.0661976756619226,0.5200573371822386,3.220614026666667
Training,syn_n200_k30_low_corr_heavy_tail_high_vol_r03_s20260766,60,theta_076,0.7622173715492264,0.10184433293123582,0.5008333333333334,0.0661976756619226,0.5200573371822386,3.212622693333333
Training,syn_n200_k30_low_corr_heavy_tail_high_vol_r03_s20260766,60,theta_078,0.7622173715492264,0.10184433293123582,0.5008333333333334,0.0661976756619226,0.5200573371822386,3.2892103899999996
Training,syn_n200_k30_low_corr_heavy_tail_high_vol_r03_s20260766,60,theta_084,0.8229345514878907,0.08066547591203158,0.703888888888889,0.040833012438350955,0.5551286859116611,2.855987616666667
Training,syn_n200_k30_low_corr_heavy_tail_high_vol_r03_s20260766,60,theta_086,0.8229345514878907,0.08066547591203158,0.703888888888889,0.040833012438350955,0.5551286859116611,2.47401526
Training,syn_n200_k30_low_corr_heavy_tail_high_vol_r03_s20260766,60,theta_089,0.8229345514878907,0.08066547591203158,0.703888888888889,0.040833012438350955,0.5551286859116611,3.19685426
Training,syn_n200_k30_low_corr_heavy_tail_high_vol_r03_s20260766,60,theta_118,0.713436670870179,0.11778423958280375,0.38,0.04472660957269333,0.48778180023684453,3.1047387666666664
Training,syn_n200_k30_low_corr_heavy_tail_high_vol_r03_s20260766,60,theta_131,0.70989558553683,0.11923796575821094,0.3755555555555556,0.04600443411819011,0.4853578686390507,3.1356767333333333
Training,syn_n200_k30_low_corr_heavy_tail_high_vol_r03_s20260766,60,theta_132,0.70989558553683,0.11923796575821094,0.3755555555555556,0.04600443411819011,0.4853578686390507,3.1547121366666664
Training,syn_n200_k30_low_corr_heavy_tail_high_vol_r03_s20260766,60,theta_144,0.7390320017523672,0.10458339474277527,0.6319444444444443,0.025677890247351016,0.37848731050156637,2.75831413
Training,syn_n200_k30_low_corr_heavy_tail_high_vol_r03_s20260766,60,theta_159,0.7390320017523672,0.10458339474277527,0.6319444444444443,0.025677890247351016,0.37848731050156637,3.171935733333333
Training,syn_n200_k30_low_corr_heavy_tail_high_vol_r03_s20260766,60,theta_164,0.8559206979128683,0.07224208377091676,0.6997222222222222,0.05014066082718078,0.6106675736892284,3.12374189
Training,syn_n200_k30_low_corr_heavy_tail_high_vol_r03_s20260766,60,theta_170,0.8559206979128683,0.07224208377091676,0.6997222222222222,0.05014066082718078,0.6106675736892284,3.256475606666667
Training,syn_n200_k30_low_corr_heavy_tail_high_vol_r03_s20260766,60,theta_175,0.8559206979128683,0.07224208377091676,0.6997222222222222,0.05014066082718078,0.6106675736892284,3.2036165099999994
Training,syn_n200_k30_low_corr_heavy_tail_high_vol_r03_s20260766,60,theta_189,0.8559206979128683,0.07224208377091676,0.6997222222222222,0.05014066082718078,0.6106675736892284,6.864186196666666
Training,syn_n200_k30_low_corr_heavy_tail_high_vol_r03_s20260766,60,theta_200,0.7537906998343723,0.10549813929510142,0.3313888888888889,0.05090418560981547,0.5662053156067803,6.835927463333333
Training,syn_n200_k30_low_corr_heavy_tail_high_vol_r03_s20260766,60,theta_223,0.7201184636252841,0.11152085646816128,0.5841666666666667,0.03195923163798293,0.36290181342294814,7.892242903333334
Training,syn_n200_k30_low_corr_heavy_tail_high_vol_r03_s20260766,60,theta_234,0.7201184636252841,0.11152085646816128,0.5841666666666667,0.03195923163798293,0.36290181342294814,7.523644989999999
Training,syn_n200_k30_low_corr_heavy_tail_high_vol_r03_s20260766,60,theta_237,0.7201184636252841,0.11152085646816128,0.5841666666666667,0.03195923163798293,0.36290181342294814,3.319392926666667
Training,syn_n200_k30_low_corr_normal_low_vol_r01_s20260762,60,theta_011,0.8725086432741858,0.11124720340160432,0.4429824561403509,0.03660597313996696,0.5142649559287598,1.6448229533333334
Training,syn_n200_k30_low_corr_normal_low_vol_r01_s20260762,60,theta_034,0.7812457297220282,0.15359754780232268,0.12982456140350876,0.041765163941379815,0.5117265346089976,2.3562792166666666
Training,syn_n200_k30_low_corr_normal_low_vol_r01_s20260762,60,theta_037,0.7763760616611853,0.1560269764226364,0.12953216374269008,0.041632434326793394,0.5005427201490684,3.04687724
Training,syn_n200_k30_low_corr_normal_low_vol_r01_s20260762,60,theta_045,0.7812457297220282,0.15359754780232268,0.12982456140350876,0.041765163941379815,0.5117265346089976,2.8605396733333337
Training,syn_n200_k30_low_corr_normal_low_vol_r01_s20260762,60,theta_047,0.7812457297220282,0.15359754780232268,0.12982456140350876,0.041765163941379815,0.5117265346089976,3.89752483
Training,syn_n200_k30_low_corr_normal_low_vol_r01_s20260762,60,theta_067,0.8260004668111611,0.1346943660729954,0.18918128654970756,0.06628384976464906,0.5395261841739486,3.2134471566666667
Training,syn_n200_k30_low_corr_normal_low_vol_r01_s20260762,60,theta_076,0.8260004668111611,0.1346943660729954,0.18918128654970756,0.06628384976464906,0.5395261841739486,3.2031552933333334
Training,syn_n200_k30_low_corr_normal_low_vol_r01_s20260762,60,theta_078,0.8260004668111611,0.1346943660729954,0.18918128654970756,0.06628384976464906,0.5395261841739486,3.35919484
Training,syn_n200_k30_low_corr_normal_low_vol_r01_s20260762,60,theta_084,0.909955819448934,0.09868392375258396,0.46023391812865505,0.05066058634884309,0.5673666062938156,2.93957434
Training,syn_n200_k30_low_corr_normal_low_vol_r01_s20260762,60,theta_086,0.909955819448934,0.09868392375258396,0.46023391812865505,0.05066058634884309,0.5673666062938156,2.47645633
Training,syn_n200_k30_low_corr_normal_low_vol_r01_s20260762,60,theta_089,0.909955819448934,0.09868392375258396,0.46023391812865505,0.05066058634884309,0.5673666062938156,3.2200375866666664
Training,syn_n200_k30_low_corr_normal_low_vol_r01_s20260762,60,theta_118,0.7992497339386896,0.1470738618288761,0.13362573099415206,0.04226644322195815,0.5218403812282325,3.1767666466666666
Training,syn_n200_k30_low_corr_normal_low_vol_r01_s20260762,60,theta_131,0.7992497339386896,0.1470738618288761,0.13362573099415206,0.04226644322195815,0.5218403812282325,3.12103831
Training,syn_n200_k30_low_corr_normal_low_vol_r01_s20260762,60,theta_132,0.7992497339386896,0.1470738618288761,0.13362573099415206,0.04226644322195815,0.5218403812282325,3.207228026666667
Training,syn_n200_k30_low_corr_normal_low_vol_r01_s20260762,60,theta_144,0.84458881014439,0.12486495690842059,0.4771929824561404,0.03957318521656871,0.4017782380295401,2.5450230233333335
Training,syn_n200_k30_low_corr_normal_low_vol_r01_s20260762,60,theta_159,0.84458881014439,0.12486495690842059,0.4771929824561404,0.03957318521656871,0.4017782380295401,3.1191030299999993
Training,syn_n200_k30_low_corr_normal_low_vol_r01_s20260762,60,theta_164,0.9007078337395671,0.10155488792252929,0.4052631578947368,0.058630426340105506,0.6103341679469293,3.089499653333333
Training,syn_n200_k30_low_corr_normal_low_vol_r01_s20260762,60,theta_170,0.9007078337395671,0.10155488792252929,0.4052631578947368,0.058630426340105506,0.6103341679469293,3.1526637
Training,syn_n200_k30_low_corr_normal_low_vol_r01_s20260762,60,theta_175,0.9007078337395671,0.10155488792252929,0.4052631578947368,0.058630426340105506,0.6103341679469293,3.149862216666667
Training,syn_n200_k30_low_corr_normal_low_vol_r01_s20260762,60,theta_189,0.9007078337395671,0.10155488792252929,0.4052631578947368,0.058630426340105506,0.6103341679469293,6.857696486666668
Training,syn_n200_k30_low_corr_normal_low_vol_r01_s20260762,60,theta_200,0.8206619860734776,0.13943581913187508,0.1134502923976608,0.05326384376620953,0.5932605318466533,6.791075136666666
Training,syn_n200_k30_low_corr_normal_low_vol_r01_s20260762,60,theta_223,0.8515984443573532,0.12240174298304021,0.4330409356725146,0.028360123537898053,0.430962449914406,7.8278613266666675
Training,syn_n200_k30_low_corr_normal_low_vol_r01_s20260762,60,theta_234,0.8515984443573532,0.12240174298304021,0.4330409356725146,0.028360123537898053,0.430962449914406,7.517605546666666
Training,syn_n200_k30_low_corr_normal_low_vol_r01_s20260762,60,theta_237,0.8515984443573532,0.12240174298304021,0.4330409356725146,0.028360123537898053,0.430962449914406,3.26412588
Training,syn_n200_k30_low_corr_skewed_extreme_events_r02_s20260770,60,theta_011,0.8328719853346013,0.0879823188292442,0.5886111111111113,0.042340381031048535,0.6210920582793977,1.65700364
Training,syn_n200_k30_low_corr_skewed_extreme_events_r02_s20260770,60,theta_034,0.8460812194649738,0.08730708474923647,0.3358333333333334,0.07191579043352458,0.7903172754538118,2.5361687433333335
Training,syn_n200_k30_low_corr_skewed_extreme_events_r02_s20260770,60,theta_037,0.8460812194649738,0.08730708474923647,0.3358333333333334,0.07191579043352458,0.7903172754538118,3.1077737499999993
Training,syn_n200_k30_low_corr_skewed_extreme_events_r02_s20260770,60,theta_045,0.8460812194649738,0.08730708474923647,0.3358333333333334,0.07191579043352458,0.7903172754538118,2.96265626
Training,syn_n200_k30_low_corr_skewed_extreme_events_r02_s20260770,60,theta_047,0.8460812194649738,0.08730708474923647,0.3358333333333334,0.07191579043352458,0.7903172754538118,4.364284296666667
Training,syn_n200_k30_low_corr_skewed_extreme_events_r02_s20260770,60,theta_067,0.8461690489118538,0.0836080303296803,0.4125,0.06339054582398479,0.7465240429030576,3.2649351
Training,syn_n200_k30_low_corr_skewed_extreme_events_r02_s20260770,60,theta_076,0.8461690489118538,0.0836080303296803,0.4125,0.06339054582398479,0.7465240429030576,3.3452228833333333
Training,syn_n200_k30_low_corr_skewed_extreme_events_r02_s20260770,60,theta_078,0.8461690489118538,0.0836080303296803,0.4125,0.06339054582398479,0.7465240429030576,3.4406943200000004
Training,syn_n200_k30_low_corr_skewed_extreme_events_r02_s20260770,60,theta_084,0.8398848486068525,0.08493292122741165,0.6219444444444444,0.05210140368310296,0.6329835268886502,3.290150066666666
Training,syn_n200_k30_low_corr_skewed_extreme_events_r02_s20260770,60,theta_086,0.8398848486068525,0.08493292122741165,0.6219444444444444,0.05210140368310296,0.6329835268886502,3.08241914
Training,syn_n200_k30_low_corr_skewed_extreme_events_r02_s20260770,60,theta_089,0.8398848486068525,0.08493292122741165,0.6219444444444444,0.05210140368310296,0.6329835268886502,3.2560633300000004
Training,syn_n200_k30_low_corr_skewed_extreme_events_r02_s20260770,60,theta_118,0.8737454668099006,0.07786177980856826,0.3227777777777778,0.0749976148528489,0.8389798208058783,3.518417506666666
Training,syn_n200_k30_low_corr_skewed_extreme_events_r02_s20260770,60,theta_131,0.8737454668099006,0.07786177980856826,0.3227777777777778,0.0749976148528489,0.8389798208058783,3.4113093166666673
Training,syn_n200_k30_low_corr_skewed_extreme_events_r02_s20260770,60,theta_132,0.8737454668099006,0.07786177980856826,0.3227777777777778,0.0749976148528489,0.8389798208058783,3.4999120799999996
Training,syn_n200_k30_low_corr_skewed_extreme_events_r02_s20260770,60,theta_144,0.8702159651258676,0.0749077309927044,0.435,0.07704370907493298,0.8051176101988159,2.8849990233333336
Training,syn_n200_k30_low_corr_skewed_extreme_events_r02_s20260770,60,theta_159,0.8702159651258676,0.0749077309927044,0.435,0.07704370907493298,0.8051176101988159,3.226265326666667
Training,syn_n200_k30_low_corr_skewed_extreme_events_r02_s20260770,60,theta_164,0.870439192605044,0.07539677262840258,0.6011111111111112,0.04887764973789001,0.7006339266663256,3.1788996299999996
Training,syn_n200_k30_low_corr_skewed_extreme_events_r02_s20260770,60,theta_170,0.870439192605044,0.07539677262840258,0.6011111111111112,0.04887764973789001,0.7006339266663256,3.2835486900000004
Training,syn_n200_k30_low_corr_skewed_extreme_events_r02_s20260770,60,theta_175,0.870439192605044,0.07539677262840258,0.6011111111111112,0.04887764973789001,0.7006339266663256,3.3938977833333337
Training,syn_n200_k30_low_corr_skewed_extreme_events_r02_s20260770,60,theta_189,0.870439192605044,0.07539677262840258,0.6011111111111112,0.04887764973789001,0.7006339266663256,7.032768503333333
Training,syn_n200_k30_low_corr_skewed_extreme_events_r02_s20260770,60,theta_200,0.8868714437273347,0.07430448102557775,0.2975,0.07236609224255398,0.8886996949040223,7.202592106666667
Training,syn_n200_k30_low_corr_skewed_extreme_events_r02_s20260770,60,theta_223,0.8863704645791761,0.06958506040828302,0.43416666666666676,0.07023878769268,0.8224430959082316,7.905835960000001
Training,syn_n200_k30_low_corr_skewed_extreme_events_r02_s20260770,60,theta_234,0.8863704645791761,0.06958506040828302,0.43416666666666676,0.07023878769268,0.8224430959082316,8.006173170000002
Training,syn_n200_k30_low_corr_skewed_extreme_events_r02_s20260770,60,theta_237,0.8863704645791761,0.06958506040828302,0.43416666666666676,0.07023878769268,0.8224430959082316,3.358902213333333
Training,syn_n200_k30_pathological_cov_mixed_low_vol_r01_s20260759,60,theta_011,1.0317199275462763,0.2185697687816181,0.21388888888888888,0.07059585642657372,0.3287355890853976,1.61321632
Training,syn_n200_k30_pathological_cov_mixed_low_vol_r01_s20260759,60,theta_034,0.9992677672873911,0.16118433586736067,0.0375,0.15247502721580208,0.8393610689924726,2.4010825966666665
Training,syn_n200_k30_pathological_cov_mixed_low_vol_r01_s20260759,60,theta_037,0.9992677672873911,0.16118433586736067,0.0375,0.15247502721580208,0.8393610689924726,3.00641567
Training,syn_n200_k30_pathological_cov_mixed_low_vol_r01_s20260759,60,theta_045,0.9992677672873911,0.16118433586736067,0.0375,0.15247502721580208,0.8393610689924726,2.92834447
Training,syn_n200_k30_pathological_cov_mixed_low_vol_r01_s20260759,60,theta_047,0.9992677672873911,0.16118433586736067,0.0375,0.15247502721580208,0.8393610689924726,4.068342736666667
Training,syn_n200_k30_pathological_cov_mixed_low_vol_r01_s20260759,60,theta_067,1.0267164161790467,0.17590474285850935,0.09777777777777777,0.09932143230704961,0.5629446758703435,3.2749918633333324
Training,syn_n200_k30_pathological_cov_mixed_low_vol_r01_s20260759,60,theta_076,1.0267164161790467,0.17590474285850935,0.09777777777777777,0.09932143230704961,0.5629446758703435,3.18964331
Training,syn_n200_k30_pathological_cov_mixed_low_vol_r01_s20260759,60,theta_078,1.0267164161790467,0.17590474285850935,0.09777777777777777,0.09932143230704961,0.5629446758703435,3.3098921433333337
Training,syn_n200_k30_pathological_cov_mixed_low_vol_r01_s20260759,60,theta_084,1.0445995769262784,0.197395005744176,0.20888888888888893,0.08925142010087413,0.43119452146799286,2.892634960000001
Training,syn_n200_k30_pathological_cov_mixed_low_vol_r01_s20260759,60,theta_086,1.0445995769262784,0.197395005744176,0.20888888888888893,0.08925142010087413,0.43119452146799286,2.66586569
Training,syn_n200_k30_pathological_cov_mixed_low_vol_r01_s20260759,60,theta_089,1.0445995769262784,0.197395005744176,0.20888888888888893,0.08925142010087413,0.43119452146799286,3.3290731000000005
Training,syn_n200_k30_pathological_cov_mixed_low_vol_r01_s20260759,60,theta_118,1.0008726551438483,0.14212332950967135,0.050833333333333335,0.1501675455878907,0.8907817493180147,3.3883780333333324
Training,syn_n200_k30_pathological_cov_mixed_low_vol_r01_s20260759,60,theta_131,1.0008726551438483,0.14212332950967135,0.050833333333333335,0.1501675455878907,0.8907817493180147,3.365878136666667
Training,syn_n200_k30_pathological_cov_mixed_low_vol_r01_s20260759,60,theta_132,1.0008726551438483,0.14212332950967135,0.050833333333333335,0.1501675455878907,0.8907817493180147,3.265243936666666
Training,syn_n200_k30_pathological_cov_mixed_low_vol_r01_s20260759,60,theta_144,0.9971080859463772,0.19699533954612086,0.07027777777777779,0.11719249746407022,0.5511739635743402,2.843291980000001
Training,syn_n200_k30_pathological_cov_mixed_low_vol_r01_s20260759,60,theta_159,0.9971080859463772,0.19699533954612086,0.07027777777777779,0.11719249746407022,0.5511739635743402,3.08333647
Training,syn_n200_k30_pathological_cov_mixed_low_vol_r01_s20260759,60,theta_164,1.049022207854764,0.1843148217336105,0.2533333333333333,0.09663812844412503,0.4718584851841825,3.0267701033333334
Training,syn_n200_k30_pathological_cov_mixed_low_vol_r01_s20260759,60,theta_170,1.049022207854764,0.1843148217336105,0.2533333333333333,0.09663812844412503,0.4718584851841825,3.1276377066666665
Training,syn_n200_k30_pathological_cov_mixed_low_vol_r01_s20260759,60,theta_175,1.049022207854764,0.1843148217336105,0.2533333333333333,0.09663812844412503,0.4718584851841825,3.237063446666667
Training,syn_n200_k30_pathological_cov_mixed_low_vol_r01_s20260759,60,theta_189,1.049022207854764,0.1843148217336105,0.2533333333333333,0.09663812844412503,0.4718584851841825,6.803338456666667
Training,syn_n200_k30_pathological_cov_mixed_low_vol_r01_s20260759,60,theta_200,1.0007797643863567,0.1468080958656028,0.03222222222222222,0.14222531562429175,0.8866004273594292,6.983809103333334
Training,syn_n200_k30_pathological_cov_mixed_low_vol_r01_s20260759,60,theta_223,1.0170849311300816,0.16643536102838127,0.08111111111111112,0.1637191389826916,0.7006337869478944,7.421148166666667
Training,syn_n200_k30_pathological_cov_mixed_low_vol_r01_s20260759,60,theta_234,1.0170849311300816,0.16643536102838127,0.08111111111111112,0.1637191389826916,0.7006337869478944,6.906921833333334
Training,syn_n200_k30_pathological_cov_mixed_low_vol_r01_s20260759,60,theta_237,1.0170849311300816,0.16643536102838127,0.08111111111111112,0.1637191389826916,0.7006337869478944,3.2945399966666664
Training,syn_n200_k30_pathological_cov_normal_extreme_events_r02_s20260767,60,theta_011,0.7572318925638795,0.3519056620314818,0.0,0.09735658476048004,0.1388771568914546,1.5880570166666668
Training,syn_n200_k30_pathological_cov_normal_extreme_events_r02_s20260767,60,theta_034,1.0001063251635043,0.16548779811145836,0.03333333333333333,0.1556407085627321,0.16783875237024223,2.3673579600000005
Training,syn_n200_k30_pathological_cov_normal_extreme_events_r02_s20260767,60,theta_037,1.0001063251635043,0.16548779811145836,0.03333333333333333,0.1556407085627321,0.16783875237024223,2.9590237566666664
Training,syn_n200_k30_pathological_cov_normal_extreme_events_r02_s20260767,60,theta_045,1.0001063251635043,0.16548779811145836,0.03333333333333333,0.1556407085627321,0.16783875237024223,2.8824951466666664
Training,syn_n200_k30_pathological_cov_normal_extreme_events_r02_s20260767,60,theta_047,1.0001063251635043,0.16548779811145836,0.03333333333333333,0.1556407085627321,0.16783875237024223,3.8773119833333336
Training,syn_n200_k30_pathological_cov_normal_extreme_events_r02_s20260767,60,theta_067,0.9318932670975202,0.2221705623740759,0.0,0.13581870361180043,0.12642809788397902,3.3438547133333336
Training,syn_n200_k30_pathological_cov_normal_extreme_events_r02_s20260767,60,theta_076,0.9314482742447071,0.2220977035085166,0.0,0.131783580260728,0.12308309568762994,3.3704268966666664
Training,syn_n200_k30_pathological_cov_normal_extreme_events_r02_s20260767,60,theta_078,0.9353300427427936,0.21956655164245148,0.0,0.1319371521413352,0.12333423853727536,3.3112511433333336
Training,syn_n200_k30_pathological_cov_normal_extreme_events_r02_s20260767,60,theta_084,0.8436000923700075,0.2894571381426902,0.0,0.10984837826007163,0.17720930662767434,2.7375486666666675
Training,syn_n200_k30_pathological_cov_normal_extreme_events_r02_s20260767,60,theta_086,0.8436000923700075,0.2894571381426902,0.0,0.10984837826007163,0.17720930662767434,3.0296464233333342
Training,syn_n200_k30_pathological_cov_normal_extreme_events_r02_s20260767,60,theta_089,0.8436000923700075,0.2894571381426902,0.0,0.10984837826007163,0.17720930662767434,3.1785361766666664
Training,syn_n200_k30_pathological_cov_normal_extreme_events_r02_s20260767,60,theta_118,1.0238524971813552,0.15179614950884535,0.03333333333333333,0.15244468036254083,0.19922135044309705,3.12774509
Training,syn_n200_k30_pathological_cov_normal_extreme_events_r02_s20260767,60,theta_131,1.0213027908351175,0.15392198611174598,0.03333333333333333,0.15251696001569437,0.20015763483773383,3.210118656666666
Training,syn_n200_k30_pathological_cov_normal_extreme_events_r02_s20260767,60,theta_132,1.0213027908351175,0.15392198611174598,0.03333333333333333,0.15251696001569437,0.20015763483773383,3.25162053
Training,syn_n200_k30_pathological_cov_normal_extreme_events_r02_s20260767,60,theta_144,1.0395481682961263,0.13132063418823942,0.03333333333333333,0.13352236132745768,0.13054476974067214,2.716798223333333
Training,syn_n200_k30_pathological_cov_normal_extreme_events_r02_s20260767,60,theta_159,1.0395481682961263,0.13132063418823942,0.03333333333333333,0.13352236132745768,0.13054476974067214,3.0746868666666667
Training,syn_n200_k30_pathological_cov_normal_extreme_events_r02_s20260767,60,theta_164,0.8174675050514847,0.3208411543819277,0.0,0.1244461431675449,0.2359429544100218,3.027302646666667
Training,syn_n200_k30_pathological_cov_normal_extreme_events_r02_s20260767,60,theta_170,0.8174675050514847,0.3208411543819277,0.0,0.1244461431675449,0.2359429544100218,3.255364023333333
Training,syn_n200_k30_pathological_cov_normal_extreme_events_r02_s20260767,60,theta_175,0.8216181394000693,0.31642019277004785,0.0,0.12109176951883825,0.23447849192860304,3.1908082533333344
Training,syn_n200_k30_pathological_cov_normal_extreme_events_r02_s20260767,60,theta_189,0.8174675050514847,0.3208411543819277,0.0,0.1244461431675449,0.2359429544100218,7.064778663333333
Training,syn_n200_k30_pathological_cov_normal_extreme_events_r02_s20260767,60,theta_200,1.0929298169572175,0.09259407900602115,0.23333333333333334,0.14931465777647068,0.1352060181510143,6.892062923333333
Training,syn_n200_k30_pathological_cov_normal_extreme_events_r02_s20260767,60,theta_223,1.091633912048463,0.08894172291098744,0.13333333333333333,0.1131753776529616,0.09598349707244531,7.054278563333335
Training,syn_n200_k30_pathological_cov_normal_extreme_events_r02_s20260767,60,theta_234,1.091633912048463,0.08894172291098744,0.13333333333333333,0.1131753776529616,0.09598349707244531,6.7213173799999995
Training,syn_n200_k30_pathological_cov_normal_extreme_events_r02_s20260767,60,theta_237,1.091633912048463,0.08894172291098744,0.13333333333333333,0.1131753776529616,0.09598349707244531,3.20427902
Training,syn_n200_k30_pathological_cov_skewed_high_vol_r03_s20260764,60,theta_011,1.0797609846636325,0.11854959679751019,0.14694444444444443,0.03685601805252315,0.18473385124736225,1.6013806866666667
Training,syn_n200_k30_pathological_cov_skewed_high_vol_r03_s20260764,60,theta_034,1.0521649512965499,0.11131860537753277,0.014722222222222222,0.09641264777374031,0.6303017787237623,2.3324167499999997
Training,syn_n200_k30_pathological_cov_skewed_high_vol_r03_s20260764,60,theta_037,1.0521649512965499,0.11131860537753277,0.014722222222222222,0.09641264777374031,0.6303017787237623,2.9127057566666674
Training,syn_n200_k30_pathological_cov_skewed_high_vol_r03_s20260764,60,theta_045,1.0521649512965499,0.11131860537753277,0.014722222222222222,0.09641264777374031,0.6303017787237623,2.8589781466666664
Training,syn_n200_k30_pathological_cov_skewed_high_vol_r03_s20260764,60,theta_047,1.0521649512965499,0.11131860537753277,0.014722222222222222,0.09641264777374031,0.6303017787237623,4.561937336666667
Training,syn_n200_k30_pathological_cov_skewed_high_vol_r03_s20260764,60,theta_067,1.0889399690308812,0.08847001031876005,0.09749999999999999,0.07805274948522806,0.48885872592331975,3.2018223600000004
Training,syn_n200_k30_pathological_cov_skewed_high_vol_r03_s20260764,60,theta_076,1.0889399690308812,0.08847001031876005,0.09749999999999999,0.07805274948522806,0.48885872592331975,3.309573603333333
Training,syn_n200_k30_pathological_cov_skewed_high_vol_r03_s20260764,60,theta_078,1.0889399690308812,0.08847001031876005,0.09749999999999999,0.07805274948522806,0.48885872592331975,3.462571476666666
Training,syn_n200_k30_pathological_cov_skewed_high_vol_r03_s20260764,60,theta_084,1.0866136776128597,0.10557145767358825,0.14277777777777778,0.07679656100771677,0.3070999120690593,2.651098723333334
Training,syn_n200_k30_pathological_cov_skewed_high_vol_r03_s20260764,60,theta_086,1.0866136776128597,0.10557145767358825,0.14277777777777778,0.07679656100771677,0.3070999120690593,2.5604348433333333
Training,syn_n200_k30_pathological_cov_skewed_high_vol_r03_s20260764,60,theta_089,1.0866136776128597,0.10557145767358825,0.14277777777777778,0.07679656100771677,0.3070999120690593,3.299120626666666
Training,syn_n200_k30_pathological_cov_skewed_high_vol_r03_s20260764,60,theta_118,1.069422685037452,0.10288580896568805,0.0325,0.11526912375557692,0.608513447453314,3.1816503566666667
Training,syn_n200_k30_pathological_cov_skewed_high_vol_r03_s20260764,60,theta_131,1.069422685037452,0.10288580896568805,0.0325,0.11526912375557692,0.608513447453314,3.1688602266666672
Training,syn_n200_k30_pathological_cov_skewed_high_vol_r03_s20260764,60,theta_132,1.069422685037452,0.10288580896568805,0.0325,0.11526912375557692,0.608513447453314,3.1807762266666675
Training,syn_n200_k30_pathological_cov_skewed_high_vol_r03_s20260764,60,theta_144,1.063587412812033,0.10847915268746394,0.07027777777777779,0.08608287613282492,0.4199238770152861,2.42754299
Training,syn_n200_k30_pathological_cov_skewed_high_vol_r03_s20260764,60,theta_159,1.063587412812033,0.10847915268746394,0.07027777777777779,0.08608287613282492,0.4199238770152861,3.0597794133333336
Training,syn_n200_k30_pathological_cov_skewed_high_vol_r03_s20260764,60,theta_164,1.0932578708854501,0.09900115222519192,0.13416666666666668,0.06094000027415409,0.340615789159335,3.0542743999999997
Training,syn_n200_k30_pathological_cov_skewed_high_vol_r03_s20260764,60,theta_170,1.0932578708854501,0.09900115222519192,0.13416666666666668,0.06094000027415409,0.340615789159335,3.157754686666666
Training,syn_n200_k30_pathological_cov_skewed_high_vol_r03_s20260764,60,theta_175,1.0932578708854501,0.09900115222519192,0.13416666666666668,0.06094000027415409,0.340615789159335,3.2338640200000004
Training,syn_n200_k30_pathological_cov_skewed_high_vol_r03_s20260764,60,theta_189,1.0932578708854501,0.09900115222519192,0.13416666666666668,0.06094000027415409,0.340615789159335,6.7356207433333335
Training,syn_n200_k30_pathological_cov_skewed_high_vol_r03_s20260764,60,theta_200,1.0787865925179416,0.08920256206785195,0.06833333333333334,0.09774896241750473,0.577300014312129,6.883772383333334
Training,syn_n200_k30_pathological_cov_skewed_high_vol_r03_s20260764,60,theta_223,1.067204832161842,0.10361726180501708,0.09277777777777778,0.09746448985866264,0.4349697035116512,7.05712109
Training,syn_n200_k30_pathological_cov_skewed_high_vol_r03_s20260764,60,theta_234,1.067204832161842,0.10361726180501708,0.09277777777777778,0.09746448985866264,0.4349697035116512,6.636343633333332
Training,syn_n200_k30_pathological_cov_skewed_high_vol_r03_s20260764,60,theta_237,1.067204832161842,0.10361726180501708,0.09277777777777778,0.09746448985866264,0.4349697035116512,3.268582546666667
Training,syn_n50_k05_cluster_corr_heavy_tail_low_vol_r02_s20260636,3,theta_011,1.1175439328848726,0.006818243693905433,0.9519444444444446,0.023431536702579452,1.2333953565101612,3.0057438000000003
Training,syn_n50_k05_cluster_corr_heavy_tail_low_vol_r02_s20260636,3,theta_034,1.1109101913297459,0.028868226093728588,0.8938888888888888,0.03897992101994218,1.1797246429535444,3.7290835033333334
Training,syn_n50_k05_cluster_corr_heavy_tail_low_vol_r02_s20260636,3,theta_037,1.1109101913297459,0.028868226093728588,0.8938888888888888,0.03897992101994218,1.1797246429535444,4.325505103333333
Training,syn_n50_k05_cluster_corr_heavy_tail_low_vol_r02_s20260636,3,theta_045,1.1109101913297459,0.028868226093728588,0.8938888888888888,0.03897992101994218,1.1797246429535444,4.250668536666667
Training,syn_n50_k05_cluster_corr_heavy_tail_low_vol_r02_s20260636,3,theta_047,1.1109101913297459,0.028868226093728588,0.8938888888888888,0.03897992101994218,1.1797246429535444,7.310206606666666
Training,syn_n50_k05_cluster_corr_heavy_tail_low_vol_r02_s20260636,3,theta_067,1.1177628970554894,0.007101274728033549,0.9483333333333335,0.021852050807457106,1.2208390962891074,4.487053700000001
Training,syn_n50_k05_cluster_corr_heavy_tail_low_vol_r02_s20260636,3,theta_076,1.1177628970554894,0.007101274728033549,0.9483333333333335,0.021852050807457106,1.2208390962891074,4.4990468366666665
Training,syn_n50_k05_cluster_corr_heavy_tail_low_vol_r02_s20260636,3,theta_078,1.1177628970554894,0.007101274728033549,0.9483333333333335,0.021852050807457106,1.2208390962891074,4.590688466666666
Training,syn_n50_k05_cluster_corr_heavy_tail_low_vol_r02_s20260636,3,theta_084,1.115664865214875,0.009183205137277294,0.8947222222222222,0.02263178419182671,1.2104583217825886,4.34242887
Training,syn_n50_k05_cluster_corr_heavy_tail_low_vol_r02_s20260636,3,theta_086,1.115664865214875,0.009183205137277294,0.8947222222222222,0.02263178419182671,1.2104583217825886,4.339217886666668
Training,syn_n50_k05_cluster_corr_heavy_tail_low_vol_r02_s20260636,3,theta_089,1.115664865214875,0.009183205137277294,0.8947222222222222,0.02263178419182671,1.2104583217825886,4.629554326666667
Training,syn_n50_k05_cluster_corr_heavy_tail_low_vol_r02_s20260636,3,theta_118,1.1167371681860816,0.007378697712059761,0.9411111111111111,0.020458272533292233,1.2091593446596396,4.740477376666667
Training,syn_n50_k05_cluster_corr_heavy_tail_low_vol_r02_s20260636,3,theta_131,1.1167371681860816,0.007378697712059761,0.9411111111111111,0.020458272533292233,1.2091593446596396,4.676097456666667
Training,syn_n50_k05_cluster_corr_heavy_tail_low_vol_r02_s20260636,3,theta_132,1.1167371681860816,0.007378697712059761,0.9411111111111111,0.020458272533292233,1.2091593446596396,4.837872446666665
Training,syn_n50_k05_cluster_corr_heavy_tail_low_vol_r02_s20260636,3,theta_144,1.1175786544245618,0.007286412782285264,0.9450000000000001,0.022548551475461857,1.212065865670451,3.9648705433333338
Training,syn_n50_k05_cluster_corr_heavy_tail_low_vol_r02_s20260636,3,theta_159,1.1175786544245618,0.007286412782285264,0.9450000000000001,0.022548551475461857,1.212065865670451,4.484803743333333
Training,syn_n50_k05_cluster_corr_heavy_tail_low_vol_r02_s20260636,3,theta_164,1.1039853575145893,0.02600884290780472,0.7705555555555557,0.03637951148132141,1.1869823539516946,4.416699943333333
Training,syn_n50_k05_cluster_corr_heavy_tail_low_vol_r02_s20260636,3,theta_170,1.1039853575145893,0.02600884290780472,0.7705555555555557,0.03637951148132141,1.1869823539516946,4.691123026666667
Training,syn_n50_k05_cluster_corr_heavy_tail_low_vol_r02_s20260636,3,theta_175,1.1039853575145893,0.02600884290780472,0.7705555555555557,0.03637951148132141,1.1869823539516946,5.07985863
Training,syn_n50_k05_cluster_corr_heavy_tail_low_vol_r02_s20260636,3,theta_189,1.1039853575145893,0.02600884290780472,0.7705555555555557,0.03637951148132141,1.1869823539516946,11.55409742
Training,syn_n50_k05_cluster_corr_heavy_tail_low_vol_r02_s20260636,3,theta_200,1.117144149451654,0.006402806091898816,0.968888888888889,0.0168885685433962,1.2185920443456533,11.590644400000002
Training,syn_n50_k05_cluster_corr_heavy_tail_low_vol_r02_s20260636,3,theta_223,1.110274517045331,0.028510521062486013,0.8961111111111111,0.03977332139584812,1.189819323465362,11.429164766666664
Training,syn_n50_k05_cluster_corr_heavy_tail_low_vol_r02_s20260636,3,theta_234,1.110274517045331,0.028510521062486013,0.8961111111111111,0.03977332139584812,1.189819323465362,11.33512632666667
Training,syn_n50_k05_cluster_corr_heavy_tail_low_vol_r02_s20260636,3,theta_237,1.110274517045331,0.028510521062486013,0.8961111111111111,0.03977332139584812,1.189819323465362,4.6978602700000005
Training,syn_n50_k05_cluster_corr_mixed_extreme_events_r03_s20260635,3,theta_011,1.1368859202577524,0.005764090197876869,0.9619444444444445,0.018042445709576294,0.9337577714416084,2.93228528
Training,syn_n50_k05_cluster_corr_mixed_extreme_events_r03_s20260635,3,theta_034,1.1361297095092853,0.006739863175464326,0.9566666666666668,0.025532144873432423,0.9026687380642122,3.6607225033333335
Training,syn_n50_k05_cluster_corr_mixed_extreme_events_r03_s20260635,3,theta_037,1.1361297095092853,0.006739863175464326,0.9566666666666668,0.025532144873432423,0.9026687380642122,4.143201713333334
Training,syn_n50_k05_cluster_corr_mixed_extreme_events_r03_s20260635,3,theta_045,1.1361297095092853,0.006739863175464326,0.9566666666666668,0.025532144873432423,0.9026687380642122,4.126687616666667
Training,syn_n50_k05_cluster_corr_mixed_extreme_events_r03_s20260635,3,theta_047,1.1361297095092853,0.006739863175464326,0.9566666666666668,0.025532144873432423,0.9026687380642122,6.307443473333334
Training,syn_n50_k05_cluster_corr_mixed_extreme_events_r03_s20260635,3,theta_067,1.128961441566243,0.011359576833888904,0.9075000000000001,0.024026467783438272,0.899492753851283,4.47289848
Training,syn_n50_k05_cluster_corr_mixed_extreme_events_r03_s20260635,3,theta_076,1.128961441566243,0.011359576833888904,0.9075000000000001,0.024026467783438272,0.899492753851283,4.435624263333334
Training,syn_n50_k05_cluster_corr_mixed_extreme_events_r03_s20260635,3,theta_078,1.128961441566243,0.011359576833888904,0.9075000000000001,0.024026467783438272,0.899492753851283,4.372753573333333
Training,syn_n50_k05_cluster_corr_mixed_extreme_events_r03_s20260635,3,theta_084,1.1328363700635233,0.008449319919292618,0.9336111111111112,0.019056654591532874,0.94012398078435,4.4360210633333335
Training,syn_n50_k05_cluster_corr_mixed_extreme_events_r03_s20260635,3,theta_086,1.1328363700635233,0.008449319919292618,0.9336111111111112,0.019056654591532874,0.94012398078435,4.501889036666666
Training,syn_n50_k05_cluster_corr_mixed_extreme_events_r03_s20260635,3,theta_089,1.1328363700635233,0.008449319919292618,0.9336111111111112,0.019056654591532874,0.94012398078435,4.652541493333334
Training,syn_n50_k05_cluster_corr_mixed_extreme_events_r03_s20260635,3,theta_118,1.1299644242558213,0.010880149267054518,0.9227777777777779,0.02837546652608556,0.89213250067543,4.598727876666667
Training,syn_n50_k05_cluster_corr_mixed_extreme_events_r03_s20260635,3,theta_131,1.1299644242558213,0.010880149267054518,0.9227777777777779,0.02837546652608556,0.89213250067543,4.5864337766666665
Training,syn_n50_k05_cluster_corr_mixed_extreme_events_r03_s20260635,3,theta_132,1.1299644242558213,0.010880149267054518,0.9227777777777779,0.02837546652608556,0.89213250067543,4.676806093333332
Training,syn_n50_k05_cluster_corr_mixed_extreme_events_r03_s20260635,3,theta_144,1.13033409700521,0.010875877422769532,0.9244444444444445,0.029021389032889495,0.922656701774138,3.832279553333334
Training,syn_n50_k05_cluster_corr_mixed_extreme_events_r03_s20260635,3,theta_159,1.13033409700521,0.010875877422769532,0.9244444444444445,0.029021389032889495,0.922656701774138,4.41074678
Training,syn_n50_k05_cluster_corr_mixed_extreme_events_r03_s20260635,3,theta_164,1.1247846507285384,0.014103270481116825,0.8327777777777777,0.027089566348345136,0.9411708139061836,4.541330873333333
Training,syn_n50_k05_cluster_corr_mixed_extreme_events_r03_s20260635,3,theta_170,1.1247846507285384,0.014103270481116825,0.8327777777777777,0.027089566348345136,0.9411708139061836,4.828346416666666
Training,syn_n50_k05_cluster_corr_mixed_extreme_events_r03_s20260635,3,theta_175,1.1247846507285384,0.014103270481116825,0.8327777777777777,0.027089566348345136,0.9411708139061836,5.142228753333333
Training,syn_n50_k05_cluster_corr_mixed_extreme_events_r03_s20260635,3,theta_189,1.1247846507285384,0.014103270481116825,0.8327777777777777,0.027089566348345136,0.9411708139061836,11.369451830000001
Training,syn_n50_k05_cluster_corr_mixed_extreme_events_r03_s20260635,3,theta_200,1.1272852210424837,0.012619011497561774,0.8980555555555555,0.033943837720508005,0.8884948095867359,11.050231753333332
Training,syn_n50_k05_cluster_corr_mixed_extreme_events_r03_s20260635,3,theta_223,1.1349024803984864,0.006555046865953913,0.9508333333333334,0.024012786521252473,0.9174469905332557,11.82727776
Training,syn_n50_k05_cluster_corr_mixed_extreme_events_r03_s20260635,3,theta_234,1.1349024803984864,0.006555046865953913,0.9508333333333334,0.024012786521252473,0.9174469905332557,10.962942323333332
Training,syn_n50_k05_cluster_corr_mixed_extreme_events_r03_s20260635,3,theta_237,1.1349024803984864,0.006555046865953913,0.9508333333333334,0.024012786521252473,0.9174469905332557,4.50191162
Training,syn_n50_k05_cluster_corr_skewed_high_vol_r01_s20260632,3,theta_011,1.0777196500016162,0.01734212009939428,0.8661111111111112,0.036643451507462864,1.2113204855970874,3.0047502633333343
Training,syn_n50_k05_cluster_corr_skewed_high_vol_r01_s20260632,3,theta_034,1.0793705745851447,0.016516452335167443,0.8813888888888889,0.037074175105822484,1.2150008721882881,4.344819206666666
Training,syn_n50_k05_cluster_corr_skewed_high_vol_r01_s20260632,3,theta_037,1.0793705745851447,0.016516452335167443,0.8813888888888889,0.037074175105822484,1.2150008721882881,4.26592343
Training,syn_n50_k05_cluster_corr_skewed_high_vol_r01_s20260632,3,theta_045,1.0793705745851447,0.016516452335167443,0.8813888888888889,0.037074175105822484,1.2150008721882881,4.293086506666667
Training,syn_n50_k05_cluster_corr_skewed_high_vol_r01_s20260632,3,theta_047,1.0793705745851447,0.016516452335167443,0.8813888888888889,0.037074175105822484,1.2150008721882881,4.88964284
Training,syn_n50_k05_cluster_corr_skewed_high_vol_r01_s20260632,3,theta_067,1.077092382594021,0.01747149352097727,0.8608333333333332,0.032732037811716685,1.2095614998741704,4.623068646666667
Training,syn_n50_k05_cluster_corr_skewed_high_vol_r01_s20260632,3,theta_076,1.077092382594021,0.01747149352097727,0.8608333333333332,0.032732037811716685,1.2095614998741704,4.5608544166666665
Training,syn_n50_k05_cluster_corr_skewed_high_vol_r01_s20260632,3,theta_078,1.077092382594021,0.01747149352097727,0.8608333333333332,0.032732037811716685,1.2095614998741704,4.738444143333334
Training,syn_n50_k05_cluster_corr_skewed_high_vol_r01_s20260632,3,theta_084,1.0759798344047364,0.01856389114771517,0.8483333333333334,0.0379117976877452,1.2103683146968798,4.998062656666665
Training,syn_n50_k05_cluster_corr_skewed_high_vol_r01_s20260632,3,theta_086,1.0759798344047364,0.01856389114771517,0.8483333333333334,0.0379117976877452,1.2103683146968798,4.510721336666666
Training,syn_n50_k05_cluster_corr_skewed_high_vol_r01_s20260632,3,theta_089,1.0759798344047364,0.01856389114771517,0.8483333333333334,0.0379117976877452,1.2103683146968798,4.6862865099999995
Training,syn_n50_k05_cluster_corr_skewed_high_vol_r01_s20260632,3,theta_118,1.0791551967727977,0.01614140691694358,0.8922222222222224,0.032823861427045666,1.1985112646800988,4.839997319999999
Training,syn_n50_k05_cluster_corr_skewed_high_vol_r01_s20260632,3,theta_131,1.0791551967727977,0.01614140691694358,0.8922222222222224,0.032823861427045666,1.1985112646800988,4.8394603
Training,syn_n50_k05_cluster_corr_skewed_high_vol_r01_s20260632,3,theta_132,1.0791551967727977,0.01614140691694358,0.8922222222222224,0.032823861427045666,1.1985112646800988,4.871351286666667
Training,syn_n50_k05_cluster_corr_skewed_high_vol_r01_s20260632,3,theta_144,1.07939152009559,0.01619007468880013,0.8941666666666668,0.0362827875247677,1.2170560370760828,3.936068886666667
Training,syn_n50_k05_cluster_corr_skewed_high_vol_r01_s20260632,3,theta_159,1.07939152009559,0.01619007468880013,0.8941666666666668,0.0362827875247677,1.2170560370760828,4.4501066
Training,syn_n50_k05_cluster_corr_skewed_high_vol_r01_s20260632,3,theta_164,1.076890039741594,0.017859942235092147,0.8599999999999999,0.03457788212183987,1.2084431233477289,4.425346443333334
Training,syn_n50_k05_cluster_corr_skewed_high_vol_r01_s20260632,3,theta_170,1.076890039741594,0.017859942235092147,0.8599999999999999,0.03457788212183987,1.2084431233477289,5.077071506666666
Training,syn_n50_k05_cluster_corr_skewed_high_vol_r01_s20260632,3,theta_175,1.076890039741594,0.017859942235092147,0.8599999999999999,0.03457788212183987,1.2084431233477289,5.191484346666667
Training,syn_n50_k05_cluster_corr_skewed_high_vol_r01_s20260632,3,theta_189,1.076890039741594,0.017859942235092147,0.8599999999999999,0.03457788212183987,1.2084431233477289,11.466977750000002
Training,syn_n50_k05_cluster_corr_skewed_high_vol_r01_s20260632,3,theta_200,1.0686606038593476,0.02538973974054489,0.8269444444444446,0.04468120707489162,1.2011189692168378,11.688774096666668
Training,syn_n50_k05_cluster_corr_skewed_high_vol_r01_s20260632,3,theta_223,1.078025212700517,0.01751875902619578,0.8766666666666666,0.031894722026713826,1.2125889369831846,11.760429816666669
Training,syn_n50_k05_cluster_corr_skewed_high_vol_r01_s20260632,3,theta_234,1.078025212700517,0.01751875902619578,0.8766666666666666,0.031894722026713826,1.2125889369831846,13.594611539999999
Training,syn_n50_k05_cluster_corr_skewed_high_vol_r01_s20260632,3,theta_237,1.078025212700517,0.01751875902619578,0.8766666666666666,0.031894722026713826,1.2125889369831846,4.7771626766666655
Training,syn_n50_k05_high_corr_heavy_tail_extreme_events_r01_s20260630,3,theta_011,1.1285833224395805,0.06685161688138055,0.8183333333333334,0.09722834475381141,1.2372600347789164,3.145766696666667
Training,syn_n50_k05_high_corr_heavy_tail_extreme_events_r01_s20260630,3,theta_034,1.1313391402583541,0.05495941422846975,0.8600000000000001,0.08065390416634916,1.2595035257427443,3.9768745000000005
Training,syn_n50_k05_high_corr_heavy_tail_extreme_events_r01_s20260630,3,theta_037,1.1313391402583541,0.05495941422846975,0.8600000000000001,0.08065390416634916,1.2595035257427443,4.454858063333334
Training,syn_n50_k05_high_corr_heavy_tail_extreme_events_r01_s20260630,3,theta_045,1.1313391402583541,0.05495941422846975,0.8600000000000001,0.08065390416634916,1.2595035257427443,4.38066512
Training,syn_n50_k05_high_corr_heavy_tail_extreme_events_r01_s20260630,3,theta_047,1.1313391402583541,0.05495941422846975,0.8600000000000001,0.08065390416634916,1.2595035257427443,5.986672923333332
Training,syn_n50_k05_high_corr_heavy_tail_extreme_events_r01_s20260630,3,theta_067,1.1336033206175626,0.037106026726867684,0.8936111111111112,0.0518080176600536,1.2799062925212288,4.683934316666667
Training,syn_n50_k05_high_corr_heavy_tail_extreme_events_r01_s20260630,3,theta_076,1.1336033206175626,0.037106026726867684,0.8936111111111112,0.0518080176600536,1.2799062925212288,4.799347569999998
Training,syn_n50_k05_high_corr_heavy_tail_extreme_events_r01_s20260630,3,theta_078,1.1336033206175626,0.037106026726867684,0.8936111111111112,0.0518080176600536,1.2799062925212288,4.60188646
Training,syn_n50_k05_high_corr_heavy_tail_extreme_events_r01_s20260630,3,theta_084,1.1298646445745482,0.07459930244614395,0.8125,0.11150641759532763,1.2087207637141633,5.326201433333333
Training,syn_n50_k05_high_corr_heavy_tail_extreme_events_r01_s20260630,3,theta_086,1.1298646445745482,0.07459930244614395,0.8125,0.11150641759532763,1.2087207637141633,4.823798829999999
Training,syn_n50_k05_high_corr_heavy_tail_extreme_events_r01_s20260630,3,theta_089,1.1298646445745482,0.07459930244614395,0.8125,0.11150641759532763,1.2087207637141633,4.932254816666668
Training,syn_n50_k05_high_corr_heavy_tail_extreme_events_r01_s20260630,3,theta_118,1.1354931062327096,0.04316610143386603,0.9022222222222224,0.0667641093787985,1.266465775882093,4.895813323333333
Training,syn_n50_k05_high_corr_heavy_tail_extreme_events_r01_s20260630,3,theta_131,1.1354931062327096,0.04316610143386603,0.9022222222222224,0.0667641093787985,1.266465775882093,4.96106456
Training,syn_n50_k05_high_corr_heavy_tail_extreme_events_r01_s20260630,3,theta_132,1.1354931062327096,0.04316610143386603,0.9022222222222224,0.0667641093787985,1.266465775882093,4.918297793333334
Training,syn_n50_k05_high_corr_heavy_tail_extreme_events_r01_s20260630,3,theta_144,1.1325728507082664,0.06300397871493373,0.8463888888888891,0.09738754986652372,1.2410353771305604,4.157095590000001
Training,syn_n50_k05_high_corr_heavy_tail_extreme_events_r01_s20260630,3,theta_159,1.1325728507082664,0.06300397871493373,0.8463888888888891,0.09738754986652372,1.2410353771305604,4.48862346
Training,syn_n50_k05_high_corr_heavy_tail_extreme_events_r01_s20260630,3,theta_164,1.126813374843362,0.05029525005137672,0.7947222222222224,0.08574878254157801,1.2863393552381877,4.5146242333333335
Training,syn_n50_k05_high_corr_heavy_tail_extreme_events_r01_s20260630,3,theta_170,1.126813374843362,0.05029525005137672,0.7947222222222224,0.08574878254157801,1.2863393552381877,5.0522541866666675
Training,syn_n50_k05_high_corr_heavy_tail_extreme_events_r01_s20260630,3,theta_175,1.126813374843362,0.05029525005137672,0.7947222222222224,0.08574878254157801,1.2863393552381877,5.110396456666667
Training,syn_n50_k05_high_corr_heavy_tail_extreme_events_r01_s20260630,3,theta_189,1.126813374843362,0.05029525005137672,0.7947222222222224,0.08574878254157801,1.2863393552381877,12.052612606666665
Training,syn_n50_k05_high_corr_heavy_tail_extreme_events_r01_s20260630,3,theta_200,1.1337486173811064,0.05281921199884338,0.8825000000000001,0.07980214319015502,1.2341020279788957,11.714379106666664
Training,syn_n50_k05_high_corr_heavy_tail_extreme_events_r01_s20260630,3,theta_223,1.1337822470710741,0.052507509420791694,0.8825000000000001,0.07930522296849117,1.2498363649692763,12.39633256
Training,syn_n50_k05_high_corr_heavy_tail_extreme_events_r01_s20260630,3,theta_234,1.1337822470710741,0.052507509420791694,0.8825000000000001,0.07930522296849117,1.2498363649692763,17.607993976666666
Training,syn_n50_k05_high_corr_heavy_tail_extreme_events_r01_s20260630,3,theta_237,1.1337822470710741,0.052507509420791694,0.8825000000000001,0.07930522296849117,1.2498363649692763,4.791867523333335
Training,syn_n50_k05_high_corr_mixed_high_vol_r02_s20260637,3,theta_011,1.1221611889840857,0.004942487620817937,0.9872222222222222,0.018882863457399462,0.8740490488045458,3.230416283333333
Training,syn_n50_k05_high_corr_mixed_high_vol_r02_s20260637,3,theta_034,1.1115537079762805,0.012129397014533107,0.9219444444444443,0.04020988835375097,0.9348884409665185,3.8070516866666666
Training,syn_n50_k05_high_corr_mixed_high_vol_r02_s20260637,3,theta_037,1.1115537079762805,0.012129397014533107,0.9219444444444443,0.04020988835375097,0.9348884409665185,4.282858973333333
Training,syn_n50_k05_high_corr_mixed_high_vol_r02_s20260637,3,theta_045,1.1115537079762805,0.012129397014533107,0.9219444444444443,0.04020988835375097,0.9348884409665185,4.209280896666667
Training,syn_n50_k05_high_corr_mixed_high_vol_r02_s20260637,3,theta_047,1.1115537079762805,0.012129397014533107,0.9219444444444443,0.04020988835375097,0.9348884409665185,8.41936241
Training,syn_n50_k05_high_corr_mixed_high_vol_r02_s20260637,3,theta_067,1.1197494606592207,0.006379861309604727,0.9702777777777779,0.01806503325910437,0.8978165818885144,4.70930183
Training,syn_n50_k05_high_corr_mixed_high_vol_r02_s20260637,3,theta_076,1.1197494606592207,0.006379861309604727,0.9702777777777779,0.01806503325910437,0.8978165818885144,4.583145086666666
Training,syn_n50_k05_high_corr_mixed_high_vol_r02_s20260637,3,theta_078,1.1197494606592207,0.006379861309604727,0.9702777777777779,0.01806503325910437,0.8978165818885144,4.626289096666667
Training,syn_n50_k05_high_corr_mixed_high_vol_r02_s20260637,3,theta_084,1.119595870855169,0.006096134898624859,0.9705555555555556,0.017012115256082906,0.9126992928360912,4.523486143333333
Training,syn_n50_k05_high_corr_mixed_high_vol_r02_s20260637,3,theta_086,1.119595870855169,0.006096134898624859,0.9705555555555556,0.017012115256082906,0.9126992928360912,4.660525643333333
Training,syn_n50_k05_high_corr_mixed_high_vol_r02_s20260637,3,theta_089,1.119595870855169,0.006096134898624859,0.9705555555555556,0.017012115256082906,0.9126992928360912,4.872965059999999
Training,syn_n50_k05_high_corr_mixed_high_vol_r02_s20260637,3,theta_118,1.1222422478579794,0.0040862233042963944,0.9880555555555556,0.013216440351278887,0.8947812596585776,4.614924443333333
Training,syn_n50_k05_high_corr_mixed_high_vol_r02_s20260637,3,theta_131,1.1222422478579794,0.0040862233042963944,0.9880555555555556,0.013216440351278887,0.8947812596585776,4.62341719
Training,syn_n50_k05_high_corr_mixed_high_vol_r02_s20260637,3,theta_132,1.1222422478579794,0.0040862233042963944,0.9880555555555556,0.013216440351278887,0.8947812596585776,4.821210160000001
Training,syn_n50_k05_high_corr_mixed_high_vol_r02_s20260637,3,theta_144,1.1225521354112857,0.004132359804577611,0.9927777777777778,0.017502640688097627,0.8962630094751272,3.9923027200000005
Training,syn_n50_k05_high_corr_mixed_high_vol_r02_s20260637,3,theta_159,1.1225521354112857,0.004132359804577611,0.9927777777777778,0.017502640688097627,0.8962630094751272,4.450862479999999
Training,syn_n50_k05_high_corr_mixed_high_vol_r02_s20260637,3,theta_164,1.120716904691093,0.005763302647123983,0.9741666666666667,0.017330728911713587,0.8744316129639933,4.494582783333334
Training,syn_n50_k05_high_corr_mixed_high_vol_r02_s20260637,3,theta_170,1.120716904691093,0.005763302647123983,0.9741666666666667,0.017330728911713587,0.8744316129639933,4.865851173333332
Training,syn_n50_k05_high_corr_mixed_high_vol_r02_s20260637,3,theta_175,1.120716904691093,0.005763302647123983,0.9741666666666667,0.017330728911713587,0.8744316129639933,5.09869764
Training,syn_n50_k05_high_corr_mixed_high_vol_r02_s20260637,3,theta_189,1.120716904691093,0.005763302647123983,0.9741666666666667,0.017330728911713587,0.8744316129639933,11.878148016666666
Training,syn_n50_k05_high_corr_mixed_high_vol_r02_s20260637,3,theta_200,1.121170566283756,0.00503012262450028,0.9844444444444445,0.01529906509620889,0.8704611185841042,11.527420339999999
Training,syn_n50_k05_high_corr_mixed_high_vol_r02_s20260637,3,theta_223,1.1177616105804395,0.007182989542634958,0.9636111111111112,0.02146366407768918,0.8935451795263347,12.526255329999998
Training,syn_n50_k05_high_corr_mixed_high_vol_r02_s20260637,3,theta_234,1.1177616105804395,0.007182989542634958,0.9636111111111112,0.02146366407768918,0.8935451795263347,15.097515416666663
Training,syn_n50_k05_high_corr_mixed_high_vol_r02_s20260637,3,theta_237,1.1177616105804395,0.007182989542634958,0.9636111111111112,0.02146366407768918,0.8935451795263347,4.949412919999999
Training,syn_n50_k05_high_corr_normal_low_vol_r03_s20260634,3,theta_011,1.1314320556472552,0.02015751183267161,0.9244444444444446,0.046532255961366356,1.2503077544612902,3.240624049999999
Training,syn_n50_k05_high_corr_normal_low_vol_r03_s20260634,3,theta_034,1.1288418526808082,0.03723558632482144,0.8936111111111111,0.05924804501521338,1.2184307176071192,3.8181822700000003
Training,syn_n50_k05_high_corr_normal_low_vol_r03_s20260634,3,theta_037,1.1288418526808082,0.03723558632482144,0.8936111111111111,0.05924804501521338,1.2184307176071192,4.270375413333334
Training,syn_n50_k05_high_corr_normal_low_vol_r03_s20260634,3,theta_045,1.1288418526808082,0.03723558632482144,0.8936111111111111,0.05924804501521338,1.2184307176071192,4.2774760999999994
Training,syn_n50_k05_high_corr_normal_low_vol_r03_s20260634,3,theta_047,1.1288418526808082,0.03723558632482144,0.8936111111111111,0.05924804501521338,1.2184307176071192,7.718707306666668
Training,syn_n50_k05_high_corr_normal_low_vol_r03_s20260634,3,theta_067,1.1331672868420906,0.026298504348507282,0.9222222222222222,0.039568290254397905,1.25078381679835,4.780129480000001
Training,syn_n50_k05_high_corr_normal_low_vol_r03_s20260634,3,theta_076,1.1331672868420906,0.026298504348507282,0.9222222222222222,0.039568290254397905,1.25078381679835,4.576286596666666
Training,syn_n50_k05_high_corr_normal_low_vol_r03_s20260634,3,theta_078,1.1331672868420906,0.026298504348507282,0.9222222222222222,0.039568290254397905,1.25078381679835,4.776254469999999
Training,syn_n50_k05_high_corr_normal_low_vol_r03_s20260634,3,theta_084,1.1340248480028314,0.025609094493154943,0.9325000000000003,0.03679170300540947,1.266519700981159,4.638868356666666
Training,syn_n50_k05_high_corr_normal_low_vol_r03_s20260634,3,theta_086,1.1340248480028314,0.025609094493154943,0.9325000000000003,0.03679170300540947,1.266519700981159,4.575362166666666
Training,syn_n50_k05_high_corr_normal_low_vol_r03_s20260634,3,theta_089,1.1340248480028314,0.025609094493154943,0.9325000000000003,0.03679170300540947,1.266519700981159,5.149556446666666
Training,syn_n50_k05_high_corr_normal_low_vol_r03_s20260634,3,theta_118,1.1321680362044546,0.02656542041111657,0.9291666666666667,0.03924745780262976,1.255885068450614,4.807616796666665
Training,syn_n50_k05_high_corr_normal_low_vol_r03_s20260634,3,theta_131,1.1321680362044546,0.02656542041111657,0.9291666666666667,0.03924745780262976,1.255885068450614,5.16924809
Training,syn_n50_k05_high_corr_normal_low_vol_r03_s20260634,3,theta_132,1.1321680362044546,0.02656542041111657,0.9291666666666667,0.03924745780262976,1.255885068450614,4.882415896666667
Training,syn_n50_k05_high_corr_normal_low_vol_r03_s20260634,3,theta_144,1.1304121700537484,0.0276492246970369,0.9158333333333333,0.04627623926959744,1.2333515457061217,4.030977236666667
Training,syn_n50_k05_high_corr_normal_low_vol_r03_s20260634,3,theta_159,1.1304121700537484,0.0276492246970369,0.9158333333333333,0.04627623926959744,1.2333515457061217,4.522842983333333
Training,syn_n50_k05_high_corr_normal_low_vol_r03_s20260634,3,theta_164,1.1281575051370674,0.028460864717656235,0.9027777777777779,0.046676213602450556,1.252767475800803,4.520922346666667
Training,syn_n50_k05_high_corr_normal_low_vol_r03_s20260634,3,theta_170,1.1281575051370674,0.028460864717656235,0.9027777777777779,0.046676213602450556,1.252767475800803,4.980852996666667
Training,syn_n50_k05_high_corr_normal_low_vol_r03_s20260634,3,theta_175,1.1281575051370674,0.028460864717656235,0.9027777777777779,0.046676213602450556,1.252767475800803,5.25691124
Training,syn_n50_k05_high_corr_normal_low_vol_r03_s20260634,3,theta_189,1.1281575051370674,0.028460864717656235,0.9027777777777779,0.046676213602450556,1.252767475800803,11.965818810000002
Training,syn_n50_k05_high_corr_normal_low_vol_r03_s20260634,3,theta_200,1.131320159395871,0.03645230577225447,0.9022222222222223,0.04961170404778313,1.2318724027925447,11.75313413
Training,syn_n50_k05_high_corr_normal_low_vol_r03_s20260634,3,theta_223,1.1287420296999895,0.04636962854698428,0.8750000000000001,0.06546708583383978,1.21594733920034,12.436796806666667
Training,syn_n50_k05_high_corr_normal_low_vol_r03_s20260634,3,theta_234,1.1287420296999895,0.04636962854698428,0.8750000000000001,0.06546708583383978,1.21594733920034,15.046199913333336
Training,syn_n50_k05_high_corr_normal_low_vol_r03_s20260634,3,theta_237,1.1287420296999895,0.04636962854698428,0.8750000000000001,0.06546708583383978,1.21594733920034,4.828326833333333
Training,syn_n50_k05_low_corr_heavy_tail_high_vol_r03_s20260631,3,theta_011,1.015029286201208,0.008065370606583607,0.9175,0.01818638072398929,1.2994081652559035,2.786983223333334
Training,syn_n50_k05_low_corr_heavy_tail_high_vol_r03_s20260631,3,theta_034,1.0128060230570184,0.008918193681120732,0.9044444444444445,0.017887733064147742,1.3134352403036473,3.4710487466666664
Training,syn_n50_k05_low_corr_heavy_tail_high_vol_r03_s20260631,3,theta_037,1.0128060230570184,0.008918193681120732,0.9044444444444445,0.017887733064147742,1.3134352403036473,3.964740986666667
Training,syn_n50_k05_low_corr_heavy_tail_high_vol_r03_s20260631,3,theta_045,1.0128060230570184,0.008918193681120732,0.9044444444444445,0.017887733064147742,1.3134352403036473,4.021006123333333
Training,syn_n50_k05_low_corr_heavy_tail_high_vol_r03_s20260631,3,theta_047,1.0128060230570184,0.008918193681120732,0.9044444444444445,0.017887733064147742,1.3134352403036473,7.2821755900000005
Training,syn_n50_k05_low_corr_heavy_tail_high_vol_r03_s20260631,3,theta_067,1.011210576332275,0.009712091235456004,0.8805555555555558,0.01939740621112814,1.3052037565164483,4.357455673333334
Training,syn_n50_k05_low_corr_heavy_tail_high_vol_r03_s20260631,3,theta_076,1.011210576332275,0.009712091235456004,0.8805555555555558,0.01939740621112814,1.3052037565164483,4.4899021633333325
Training,syn_n50_k05_low_corr_heavy_tail_high_vol_r03_s20260631,3,theta_078,1.011210576332275,0.009712091235456004,0.8805555555555558,0.01939740621112814,1.3052037565164483,4.3039457400000005
Training,syn_n50_k05_low_corr_heavy_tail_high_vol_r03_s20260631,3,theta_084,1.0090483326579625,0.011075967953113563,0.8477777777777777,0.01752485882687271,1.3081994652455615,4.168405506666667
Training,syn_n50_k05_low_corr_heavy_tail_high_vol_r03_s20260631,3,theta_086,1.0090483326579625,0.011075967953113563,0.8477777777777777,0.01752485882687271,1.3081994652455615,4.5453387733333335
Training,syn_n50_k05_low_corr_heavy_tail_high_vol_r03_s20260631,3,theta_089,1.0090483326579625,0.011075967953113563,0.8477777777777777,0.01752485882687271,1.3081994652455615,4.579604326666666
Training,syn_n50_k05_low_corr_heavy_tail_high_vol_r03_s20260631,3,theta_118,1.0109032311332933,0.009961750162440663,0.8819444444444445,0.017430748616682687,1.3112798135598858,4.467706793333333
Training,syn_n50_k05_low_corr_heavy_tail_high_vol_r03_s20260631,3,theta_131,1.0109032311332933,0.009961750162440663,0.8819444444444445,0.017430748616682687,1.3112798135598858,4.582200369999999
Training,syn_n50_k05_low_corr_heavy_tail_high_vol_r03_s20260631,3,theta_132,1.0109032311332933,0.009961750162440663,0.8819444444444445,0.017430748616682687,1.3112798135598858,4.673607763333334
Training,syn_n50_k05_low_corr_heavy_tail_high_vol_r03_s20260631,3,theta_144,1.0128136509151726,0.008963521563775449,0.8991666666666667,0.02093293167006464,1.2960536400799816,3.71864259
Training,syn_n50_k05_low_corr_heavy_tail_high_vol_r03_s20260631,3,theta_159,1.0128136509151726,0.008963521563775449,0.8991666666666667,0.02093293167006464,1.2960536400799816,4.30824237
Training,syn_n50_k05_low_corr_heavy_tail_high_vol_r03_s20260631,3,theta_164,1.0071955870422509,0.011973926489342928,0.8211111111111112,0.02138169908999846,1.2995998015711372,4.158469133333333
Training,syn_n50_k05_low_corr_heavy_tail_high_vol_r03_s20260631,3,theta_170,1.0071955870422509,0.011973926489342928,0.8211111111111112,0.02138169908999846,1.2995998015711372,4.704277763333334
Training,syn_n50_k05_low_corr_heavy_tail_high_vol_r03_s20260631,3,theta_175,1.0071955870422509,0.011973926489342928,0.8211111111111112,0.02138169908999846,1.2995998015711372,4.743282386666667
Training,syn_n50_k05_low_corr_heavy_tail_high_vol_r03_s20260631,3,theta_189,1.0071955870422509,0.011973926489342928,0.8211111111111112,0.02138169908999846,1.2995998015711372,11.028892130000001
Training,syn_n50_k05_low_corr_heavy_tail_high_vol_r03_s20260631,3,theta_200,1.0097260911463832,0.010435328900493927,0.8572222222222223,0.020453064302792968,1.310646832110688,10.716186456666666
Training,syn_n50_k05_low_corr_heavy_tail_high_vol_r03_s20260631,3,theta_223,1.0057521268798815,0.012363995265620226,0.8222222222222223,0.017478436622191774,1.307976587270058,11.791621899999999
Training,syn_n50_k05_low_corr_heavy_tail_high_vol_r03_s20260631,3,theta_234,1.0057521268798815,0.012363995265620226,0.8222222222222223,0.017478436622191774,1.307976587270058,13.710255743333331
Training,syn_n50_k05_low_corr_heavy_tail_high_vol_r03_s20260631,3,theta_237,1.0057521268798815,0.012363995265620226,0.8222222222222223,0.017478436622191774,1.307976587270058,4.53001421
Training,syn_n50_k05_low_corr_normal_low_vol_r01_s20260629,3,theta_011,1.1567443185168285,0.015907917059606074,0.8633333333333335,0.03340617484387585,1.239650290276006,2.881385039999999
Training,syn_n50_k05_low_corr_normal_low_vol_r01_s20260629,3,theta_034,1.1558304142315672,0.019748630464784447,0.8286111111111112,0.03714607645582091,1.209058397245382,3.6430737700000004
Training,syn_n50_k05_low_corr_normal_low_vol_r01_s20260629,3,theta_037,1.1558304142315672,0.019748630464784447,0.8286111111111112,0.03714607645582091,1.209058397245382,4.119923233333333
Training,syn_n50_k05_low_corr_normal_low_vol_r01_s20260629,3,theta_045,1.1558304142315672,0.019748630464784447,0.8286111111111112,0.03714607645582091,1.209058397245382,4.0896551400000005
Training,syn_n50_k05_low_corr_normal_low_vol_r01_s20260629,3,theta_047,1.1558304142315672,0.019748630464784447,0.8286111111111112,0.03714607645582091,1.209058397245382,9.1403673
Training,syn_n50_k05_low_corr_normal_low_vol_r01_s20260629,3,theta_067,1.1558668342455551,0.01770955588131987,0.8469444444444444,0.033747771342720494,1.206641784689724,4.20450116
Training,syn_n50_k05_low_corr_normal_low_vol_r01_s20260629,3,theta_076,1.1558668342455551,0.01770955588131987,0.8469444444444444,0.033747771342720494,1.206641784689724,4.48711626
Training,syn_n50_k05_low_corr_normal_low_vol_r01_s20260629,3,theta_078,1.1558668342455551,0.01770955588131987,0.8469444444444444,0.033747771342720494,1.206641784689724,4.581162393333333
Training,syn_n50_k05_low_corr_normal_low_vol_r01_s20260629,3,theta_084,1.1550221947230037,0.01930965063280066,0.8291666666666667,0.030556556907115125,1.2379291920396254,4.3508441866666665
Training,syn_n50_k05_low_corr_normal_low_vol_r01_s20260629,3,theta_086,1.1550221947230037,0.01930965063280066,0.8291666666666667,0.030556556907115125,1.2379291920396254,4.645767983333333
Training,syn_n50_k05_low_corr_normal_low_vol_r01_s20260629,3,theta_089,1.1550221947230037,0.01930965063280066,0.8291666666666667,0.030556556907115125,1.2379291920396254,4.684731506666666
Training,syn_n50_k05_low_corr_normal_low_vol_r01_s20260629,3,theta_118,1.1541142059756169,0.02074187207933329,0.8041666666666667,0.037804238563656584,1.236856262691572,4.537534766666666
Training,syn_n50_k05_low_corr_normal_low_vol_r01_s20260629,3,theta_131,1.1541142059756169,0.02074187207933329,0.8041666666666667,0.037804238563656584,1.236856262691572,4.590505583333334
Training,syn_n50_k05_low_corr_normal_low_vol_r01_s20260629,3,theta_132,1.1541142059756169,0.02074187207933329,0.8041666666666667,0.037804238563656584,1.236856262691572,4.679887730000001
Training,syn_n50_k05_low_corr_normal_low_vol_r01_s20260629,3,theta_144,1.1564397803875999,0.01829326816762195,0.8447222222222223,0.032551693870289944,1.2173137299434984,3.768417510000001
Training,syn_n50_k05_low_corr_normal_low_vol_r01_s20260629,3,theta_159,1.1564397803875999,0.01829326816762195,0.8447222222222223,0.032551693870289944,1.2173137299434984,4.307670996666667
Training,syn_n50_k05_low_corr_normal_low_vol_r01_s20260629,3,theta_164,1.1456580525876248,0.0267027995024955,0.7077777777777778,0.03844774572208098,1.2222307383710096,4.316260086666667
Training,syn_n50_k05_low_corr_normal_low_vol_r01_s20260629,3,theta_170,1.1456580525876248,0.0267027995024955,0.7077777777777778,0.03844774572208098,1.2222307383710096,4.812763296666668
Training,syn_n50_k05_low_corr_normal_low_vol_r01_s20260629,3,theta_175,1.1456580525876248,0.0267027995024955,0.7077777777777778,0.03844774572208098,1.2222307383710096,4.698130269999999
Training,syn_n50_k05_low_corr_normal_low_vol_r01_s20260629,3,theta_189,1.1456580525876248,0.0267027995024955,0.7077777777777778,0.03844774572208098,1.2222307383710096,11.451967376666666
Training,syn_n50_k05_low_corr_normal_low_vol_r01_s20260629,3,theta_200,1.1568385704289605,0.01690440081086517,0.8580555555555556,0.038694192540283584,1.2074851152328352,11.200651473333334
Training,syn_n50_k05_low_corr_normal_low_vol_r01_s20260629,3,theta_223,1.1556951203628216,0.017144174508385342,0.8555555555555557,0.03208024526865961,1.222384057617536,11.941999363333334
Training,syn_n50_k05_low_corr_normal_low_vol_r01_s20260629,3,theta_234,1.1556951203628216,0.017144174508385342,0.8555555555555557,0.03208024526865961,1.222384057617536,13.943784200000003
Training,syn_n50_k05_low_corr_normal_low_vol_r01_s20260629,3,theta_237,1.1556951203628216,0.017144174508385342,0.8555555555555557,0.03208024526865961,1.222384057617536,4.6489409833333335
Training,syn_n50_k05_low_corr_skewed_extreme_events_r02_s20260627,3,theta_011,1.06066944734934,0.011237772970202873,0.9361111111111112,0.021883842121000897,1.2589013648627592,3.058540256666667
Training,syn_n50_k05_low_corr_skewed_extreme_events_r02_s20260627,3,theta_034,1.0595683423911866,0.011723599184684864,0.9197222222222222,0.02156083465254164,1.2678481803775912,3.8183703999999996
Training,syn_n50_k05_low_corr_skewed_extreme_events_r02_s20260627,3,theta_037,1.0595683423911866,0.011723599184684864,0.9197222222222222,0.02156083465254164,1.2678481803775912,4.208126056666667
Training,syn_n50_k05_low_corr_skewed_extreme_events_r02_s20260627,3,theta_045,1.0595683423911866,0.011723599184684864,0.9197222222222222,0.02156083465254164,1.2678481803775912,4.278624186666667
Training,syn_n50_k05_low_corr_skewed_extreme_events_r02_s20260627,3,theta_047,1.0595683423911866,0.011723599184684864,0.9197222222222222,0.02156083465254164,1.2678481803775912,6.478544683333334
Training,syn_n50_k05_low_corr_skewed_extreme_events_r02_s20260627,3,theta_067,1.0611031744664297,0.010678903095249213,0.9511111111111112,0.0206905558011018,1.2670682013063426,4.6823660233333335
Training,syn_n50_k05_low_corr_skewed_extreme_events_r02_s20260627,3,theta_076,1.0611031744664297,0.010678903095249213,0.9511111111111112,0.0206905558011018,1.2670682013063426,4.61110894
Training,syn_n50_k05_low_corr_skewed_extreme_events_r02_s20260627,3,theta_078,1.0611031744664297,0.010678903095249213,0.9511111111111112,0.0206905558011018,1.2670682013063426,4.5803739199999995
Training,syn_n50_k05_low_corr_skewed_extreme_events_r02_s20260627,3,theta_084,1.0618504231406132,0.00819350700078895,0.9224999999999999,0.01868631263621286,1.2594198344799976,4.050309376666666
Training,syn_n50_k05_low_corr_skewed_extreme_events_r02_s20260627,3,theta_086,1.0618504231406132,0.00819350700078895,0.9224999999999999,0.01868631263621286,1.2594198344799976,4.106991066666668
Training,syn_n50_k05_low_corr_skewed_extreme_events_r02_s20260627,3,theta_089,1.0618504231406132,0.00819350700078895,0.9224999999999999,0.01868631263621286,1.2594198344799976,4.690563643333334
Training,syn_n50_k05_low_corr_skewed_extreme_events_r02_s20260627,3,theta_118,1.064435843385137,0.006361859338143916,0.9608333333333333,0.01689201270632231,1.2657357448063407,4.778342946666666
Training,syn_n50_k05_low_corr_skewed_extreme_events_r02_s20260627,3,theta_131,1.064435843385137,0.006361859338143916,0.9608333333333333,0.01689201270632231,1.2657357448063407,4.795190160000001
Training,syn_n50_k05_low_corr_skewed_extreme_events_r02_s20260627,3,theta_132,1.064435843385137,0.006361859338143916,0.9608333333333333,0.01689201270632231,1.2657357448063407,5.00259327
Training,syn_n50_k05_low_corr_skewed_extreme_events_r02_s20260627,3,theta_144,1.0562872261691592,0.013073404722541883,0.9008333333333334,0.024783215021344476,1.2596513912246583,3.880881956666667
Training,syn_n50_k05_low_corr_skewed_extreme_events_r02_s20260627,3,theta_159,1.0562872261691592,0.013073404722541883,0.9008333333333334,0.024783215021344476,1.2596513912246583,4.38323126
Training,syn_n50_k05_low_corr_skewed_extreme_events_r02_s20260627,3,theta_164,1.056472949911906,0.01175548830300573,0.8377777777777777,0.023344728284370727,1.258445023999575,4.407595630000001
Training,syn_n50_k05_low_corr_skewed_extreme_events_r02_s20260627,3,theta_170,1.056472949911906,0.01175548830300573,0.8377777777777777,0.023344728284370727,1.258445023999575,5.03202719
Training,syn_n50_k05_low_corr_skewed_extreme_events_r02_s20260627,3,theta_175,1.056472949911906,0.01175548830300573,0.8377777777777777,0.023344728284370727,1.258445023999575,4.710151846666665
Training,syn_n50_k05_low_corr_skewed_extreme_events_r02_s20260627,3,theta_189,1.056472949911906,0.01175548830300573,0.8377777777777777,0.023344728284370727,1.258445023999575,11.642884196666667
Training,syn_n50_k05_low_corr_skewed_extreme_events_r02_s20260627,3,theta_200,1.0663410962013766,0.005716760558437704,0.982777777777778,0.02063897032388373,1.260548587090306,11.912464026666669
Training,syn_n50_k05_low_corr_skewed_extreme_events_r02_s20260627,3,theta_223,1.0565819553950893,0.013387336974577774,0.88,0.02315269455315875,1.2621928423837407,12.454714079999999
Training,syn_n50_k05_low_corr_skewed_extreme_events_r02_s20260627,3,theta_234,1.0565819553950893,0.013387336974577774,0.88,0.02315269455315875,1.2621928423837407,13.639825796666665
Training,syn_n50_k05_low_corr_skewed_extreme_events_r02_s20260627,3,theta_237,1.0565819553950893,0.013387336974577774,0.88,0.02315269455315875,1.2621928423837407,4.890744003333334
Training,syn_n50_k05_pathological_cov_mixed_low_vol_r01_s20260638,3,theta_011,1.1094287066966935,0.009625801129340444,0.9461111111111112,0.035457625041929036,1.2616494744185724,3.1878316033333336
Training,syn_n50_k05_pathological_cov_mixed_low_vol_r01_s20260638,3,theta_034,1.108495184690728,0.014398311257414713,0.9419444444444446,0.050168599277706075,1.2211048745262896,3.8104455333333336
Training,syn_n50_k05_pathological_cov_mixed_low_vol_r01_s20260638,3,theta_037,1.108495184690728,0.014398311257414713,0.9419444444444446,0.050168599277706075,1.2211048745262896,4.306676053333333
Training,syn_n50_k05_pathological_cov_mixed_low_vol_r01_s20260638,3,theta_045,1.108495184690728,0.014398311257414713,0.9419444444444446,0.050168599277706075,1.2211048745262896,4.379372703333333
Training,syn_n50_k05_pathological_cov_mixed_low_vol_r01_s20260638,3,theta_047,1.108495184690728,0.014398311257414713,0.9419444444444446,0.050168599277706075,1.2211048745262896,7.888380743333333
Training,syn_n50_k05_pathological_cov_mixed_low_vol_r01_s20260638,3,theta_067,1.1090003065444434,0.010286341750654491,0.9450000000000001,0.04112115053861791,1.2548561605358086,4.67192623
Training,syn_n50_k05_pathological_cov_mixed_low_vol_r01_s20260638,3,theta_076,1.1090003065444434,0.010286341750654491,0.9450000000000001,0.04112115053861791,1.2548561605358086,4.555947056666667
Training,syn_n50_k05_pathological_cov_mixed_low_vol_r01_s20260638,3,theta_078,1.1090003065444434,0.010286341750654491,0.9450000000000001,0.04112115053861791,1.2548561605358086,4.562501306666666
Training,syn_n50_k05_pathological_cov_mixed_low_vol_r01_s20260638,3,theta_084,1.1087971635214013,0.010406079740556334,0.9349999999999999,0.03541129240198946,1.2514871764025208,4.1148306833333335
Training,syn_n50_k05_pathological_cov_mixed_low_vol_r01_s20260638,3,theta_086,1.1087971635214013,0.010406079740556334,0.9349999999999999,0.03541129240198946,1.2514871764025208,5.013405383333334
Training,syn_n50_k05_pathological_cov_mixed_low_vol_r01_s20260638,3,theta_089,1.1087971635214013,0.010406079740556334,0.9349999999999999,0.03541129240198946,1.2514871764025208,4.7895445
Training,syn_n50_k05_pathological_cov_mixed_low_vol_r01_s20260638,3,theta_118,1.1064478970798923,0.01884586615031749,0.9044444444444445,0.055068719166174514,1.205074288056195,4.856481153333333
Training,syn_n50_k05_pathological_cov_mixed_low_vol_r01_s20260638,3,theta_131,1.1064478970798923,0.01884586615031749,0.9044444444444445,0.055068719166174514,1.205074288056195,4.75563168
Training,syn_n50_k05_pathological_cov_mixed_low_vol_r01_s20260638,3,theta_132,1.1064478970798923,0.01884586615031749,0.9044444444444445,0.055068719166174514,1.205074288056195,4.865422366666667
Training,syn_n50_k05_pathological_cov_mixed_low_vol_r01_s20260638,3,theta_144,1.1082296064197819,0.01092550649770634,0.9227777777777778,0.035249721827598994,1.254945123624922,3.9591169700000006
Training,syn_n50_k05_pathological_cov_mixed_low_vol_r01_s20260638,3,theta_159,1.1082296064197819,0.01092550649770634,0.9227777777777778,0.035249721827598994,1.254945123624922,4.515981496666667
Training,syn_n50_k05_pathological_cov_mixed_low_vol_r01_s20260638,3,theta_164,1.1074504787256159,0.014422376135972532,0.9269444444444446,0.046668789355916666,1.2313128592440277,4.626197703333332
Training,syn_n50_k05_pathological_cov_mixed_low_vol_r01_s20260638,3,theta_170,1.1074504787256159,0.014422376135972532,0.9269444444444446,0.046668789355916666,1.2313128592440277,5.226351496666666
Training,syn_n50_k05_pathological_cov_mixed_low_vol_r01_s20260638,3,theta_175,1.1074504787256159,0.014422376135972532,0.9269444444444446,0.046668789355916666,1.2313128592440277,5.019992423333333
Training,syn_n50_k05_pathological_cov_mixed_low_vol_r01_s20260638,3,theta_189,1.1074504787256159,0.014422376135972532,0.9269444444444446,0.046668789355916666,1.2313128592440277,12.028743376666664
Training,syn_n50_k05_pathological_cov_mixed_low_vol_r01_s20260638,3,theta_200,1.1087918695132293,0.01091306495677108,0.9455555555555556,0.03608122859982126,1.248778574476644,11.513373886666669
Training,syn_n50_k05_pathological_cov_mixed_low_vol_r01_s20260638,3,theta_223,1.107157343154531,0.01238003256330369,0.9108333333333335,0.03855045385130781,1.2407103287661705,12.461437173333334
Training,syn_n50_k05_pathological_cov_mixed_low_vol_r01_s20260638,3,theta_234,1.107157343154531,0.01238003256330369,0.9108333333333335,0.03855045385130781,1.2407103287661705,6.620128743333334
Training,syn_n50_k05_pathological_cov_mixed_low_vol_r01_s20260638,3,theta_237,1.107157343154531,0.01238003256330369,0.9108333333333335,0.03855045385130781,1.2407103287661705,4.697534196666667
Training,syn_n50_k05_pathological_cov_normal_extreme_events_r02_s20260628,3,theta_011,1.0671557060545054,0.022857038921975815,0.9016666666666666,0.06662845922835656,1.324834435288589,3.307404796666667
Training,syn_n50_k05_pathological_cov_normal_extreme_events_r02_s20260628,3,theta_034,1.067991730626315,0.022843030104929822,0.9150000000000001,0.0689043589227631,1.3149034211680886,4.02088816
Training,syn_n50_k05_pathological_cov_normal_extreme_events_r02_s20260628,3,theta_037,1.067991730626315,0.022843030104929822,0.9150000000000001,0.0689043589227631,1.3149034211680886,4.324962656666667
Training,syn_n50_k05_pathological_cov_normal_extreme_events_r02_s20260628,3,theta_045,1.067991730626315,0.022843030104929822,0.9150000000000001,0.0689043589227631,1.3149034211680886,4.38340463
Training,syn_n50_k05_pathological_cov_normal_extreme_events_r02_s20260628,3,theta_047,1.067991730626315,0.022843030104929822,0.9150000000000001,0.0689043589227631,1.3149034211680886,11.533607656666668
Training,syn_n50_k05_pathological_cov_normal_extreme_events_r02_s20260628,3,theta_067,1.0671569158512446,0.015301952001621403,0.9272222222222223,0.047954308330742816,1.3645584917705913,4.707426393333333
Training,syn_n50_k05_pathological_cov_normal_extreme_events_r02_s20260628,3,theta_076,1.0671569158512446,0.015301952001621403,0.9272222222222223,0.047954308330742816,1.3645584917705913,4.802413763333334
Training,syn_n50_k05_pathological_cov_normal_extreme_events_r02_s20260628,3,theta_078,1.0671569158512446,0.015301952001621403,0.9272222222222223,0.047954308330742816,1.3645584917705913,4.93874364
Training,syn_n50_k05_pathological_cov_normal_extreme_events_r02_s20260628,3,theta_084,1.0677239500889293,0.01960035070697348,0.9175000000000001,0.06519048387012301,1.3446964635295902,4.09252287
Training,syn_n50_k05_pathological_cov_normal_extreme_events_r02_s20260628,3,theta_086,1.0677239500889293,0.01960035070697348,0.9175000000000001,0.06519048387012301,1.3446964635295902,5.143165716666666
Training,syn_n50_k05_pathological_cov_normal_extreme_events_r02_s20260628,3,theta_089,1.0677239500889293,0.01960035070697348,0.9175000000000001,0.06519048387012301,1.3446964635295902,4.832567516666667
Training,syn_n50_k05_pathological_cov_normal_extreme_events_r02_s20260628,3,theta_118,1.064188851456078,0.019249680853736406,0.9211111111111112,0.042964548211082386,1.3558985246251707,4.712870260000001
Training,syn_n50_k05_pathological_cov_normal_extreme_events_r02_s20260628,3,theta_131,1.064188851456078,0.019249680853736406,0.9211111111111112,0.042964548211082386,1.3558985246251707,4.822486586666667
Training,syn_n50_k05_pathological_cov_normal_extreme_events_r02_s20260628,3,theta_132,1.064188851456078,0.019249680853736406,0.9211111111111112,0.042964548211082386,1.3558985246251707,4.944833056666666
Training,syn_n50_k05_pathological_cov_normal_extreme_events_r02_s20260628,3,theta_144,1.066749945471508,0.018434429034821058,0.9113888888888888,0.05244713151749188,1.3446964635295902,4.048463363333334
Training,syn_n50_k05_pathological_cov_normal_extreme_events_r02_s20260628,3,theta_159,1.066749945471508,0.018434429034821058,0.9113888888888888,0.05244713151749188,1.3446964635295902,4.662518333333334
Training,syn_n50_k05_pathological_cov_normal_extreme_events_r02_s20260628,3,theta_164,1.0646174759137206,0.021695781938658624,0.8577777777777779,0.06426702439186859,1.340458361451995,5.1597965566666675
Training,syn_n50_k05_pathological_cov_normal_extreme_events_r02_s20260628,3,theta_170,1.0646174759137206,0.021695781938658624,0.8577777777777779,0.06426702439186859,1.340458361451995,5.416818700000002
Training,syn_n50_k05_pathological_cov_normal_extreme_events_r02_s20260628,3,theta_175,1.0646174759137206,0.021695781938658624,0.8577777777777779,0.06426702439186859,1.340458361451995,5.177205243333333
Training,syn_n50_k05_pathological_cov_normal_extreme_events_r02_s20260628,3,theta_189,1.0646174759137206,0.021695781938658624,0.8577777777777779,0.06426702439186859,1.340458361451995,12.111053326666669
Training,syn_n50_k05_pathological_cov_normal_extreme_events_r02_s20260628,3,theta_200,1.0646798696987845,0.02591087590129274,0.9005555555555557,0.06744976221340306,1.3161744681431682,11.595168696666665
Training,syn_n50_k05_pathological_cov_normal_extreme_events_r02_s20260628,3,theta_223,1.066483377092091,0.01952473720715368,0.911388888888889,0.06263745482180394,1.3378455133316822,12.322717073333333
Training,syn_n50_k05_pathological_cov_normal_extreme_events_r02_s20260628,3,theta_234,1.066483377092091,0.01952473720715368,0.911388888888889,0.06263745482180394,1.3378455133316822,5.894078046666667
Training,syn_n50_k05_pathological_cov_normal_extreme_events_r02_s20260628,3,theta_237,1.066483377092091,0.01952473720715368,0.911388888888889,0.06263745482180394,1.3378455133316822,4.9752986366666665
Training,syn_n50_k05_pathological_cov_skewed_high_vol_r03_s20260633,3,theta_011,0.897665175492002,0.006160730604018688,0.9708333333333331,0.019175251386410196,1.2751258834491532,3.2768412499999995
Training,syn_n50_k05_pathological_cov_skewed_high_vol_r03_s20260633,3,theta_034,0.8974170390569375,0.005901991409843575,0.9833333333333333,0.014051645054928653,1.3005627542561224,3.815450773333333
Training,syn_n50_k05_pathological_cov_skewed_high_vol_r03_s20260633,3,theta_037,0.8974170390569375,0.005901991409843575,0.9833333333333333,0.014051645054928653,1.3005627542561224,4.260929756666666
Training,syn_n50_k05_pathological_cov_skewed_high_vol_r03_s20260633,3,theta_045,0.8974170390569375,0.005901991409843575,0.9833333333333333,0.014051645054928653,1.3005627542561224,4.299002003333333
Training,syn_n50_k05_pathological_cov_skewed_high_vol_r03_s20260633,3,theta_047,0.8974170390569375,0.005901991409843575,0.9833333333333333,0.014051645054928653,1.3005627542561224,8.739108006666667
Training,syn_n50_k05_pathological_cov_skewed_high_vol_r03_s20260633,3,theta_067,0.8963078493208259,0.007374129178129857,0.9636111111111111,0.02120889766061165,1.283788571862591,4.524875926666667
Training,syn_n50_k05_pathological_cov_skewed_high_vol_r03_s20260633,3,theta_076,0.8963078493208259,0.007374129178129857,0.9636111111111111,0.02120889766061165,1.283788571862591,4.703114673333333
Training,syn_n50_k05_pathological_cov_skewed_high_vol_r03_s20260633,3,theta_078,0.8963078493208259,0.007374129178129857,0.9636111111111111,0.02120889766061165,1.283788571862591,4.731658236666666
Training,syn_n50_k05_pathological_cov_skewed_high_vol_r03_s20260633,3,theta_084,0.8958992693882853,0.007714967297775584,0.9583333333333333,0.02436250733926322,1.2701629434176884,5.28893056
Training,syn_n50_k05_pathological_cov_skewed_high_vol_r03_s20260633,3,theta_086,0.8958992693882853,0.007714967297775584,0.9583333333333333,0.02436250733926322,1.2701629434176884,5.183324693333333
Training,syn_n50_k05_pathological_cov_skewed_high_vol_r03_s20260633,3,theta_089,0.8958992693882853,0.007714967297775584,0.9583333333333333,0.02436250733926322,1.2701629434176884,4.906361556666668
Training,syn_n50_k05_pathological_cov_skewed_high_vol_r03_s20260633,3,theta_118,0.8968173487844237,0.00729122829666628,0.9666666666666666,0.01728863506191988,1.2863369942914011,4.645121123333333
Training,syn_n50_k05_pathological_cov_skewed_high_vol_r03_s20260633,3,theta_131,0.8968173487844237,0.00729122829666628,0.9666666666666666,0.01728863506191988,1.2863369942914011,4.814283886666668
Training,syn_n50_k05_pathological_cov_skewed_high_vol_r03_s20260633,3,theta_132,0.8968173487844237,0.00729122829666628,0.9666666666666666,0.01728863506191988,1.2863369942914011,4.853920336666667
Training,syn_n50_k05_pathological_cov_skewed_high_vol_r03_s20260633,3,theta_144,0.8969783185011256,0.006427424205534992,0.9766666666666666,0.022364510714117842,1.2863421309681418,4.062105679999999
Training,syn_n50_k05_pathological_cov_skewed_high_vol_r03_s20260633,3,theta_159,0.8969783185011256,0.006427424205534992,0.9766666666666666,0.022364510714117842,1.2863421309681418,4.535278883333333
Training,syn_n50_k05_pathological_cov_skewed_high_vol_r03_s20260633,3,theta_164,0.8948225681441413,0.009132360457985603,0.9472222222222222,0.025385689104183897,1.2756421512643648,5.172024333333334
Training,syn_n50_k05_pathological_cov_skewed_high_vol_r03_s20260633,3,theta_170,0.8948225681441413,0.009132360457985603,0.9472222222222222,0.025385689104183897,1.2756421512643648,5.652659476666666
Training,syn_n50_k05_pathological_cov_skewed_high_vol_r03_s20260633,3,theta_175,0.8948225681441413,0.009132360457985603,0.9472222222222222,0.025385689104183897,1.2756421512643648,5.145328186666666
Training,syn_n50_k05_pathological_cov_skewed_high_vol_r03_s20260633,3,theta_189,0.8948225681441413,0.009132360457985603,0.9472222222222222,0.025385689104183897,1.2756421512643648,12.301757833333333
Training,syn_n50_k05_pathological_cov_skewed_high_vol_r03_s20260633,3,theta_200,0.8962491546729814,0.007532451094383866,0.9638888888888888,0.026281503221156702,1.2794000676271915,11.532742273333334
Training,syn_n50_k05_pathological_cov_skewed_high_vol_r03_s20260633,3,theta_223,0.8960292217386758,0.007564020070058375,0.9624999999999999,0.02757932819540822,1.2778985687516955,12.123998870000001
Training,syn_n50_k05_pathological_cov_skewed_high_vol_r03_s20260633,3,theta_234,0.8960292217386758,0.007564020070058375,0.9624999999999999,0.02757932819540822,1.2778985687516955,5.139952916666666
Training,syn_n50_k05_pathological_cov_skewed_high_vol_r03_s20260633,3,theta_237,0.8960292217386758,0.007564020070058375,0.9624999999999999,0.02757932819540822,1.2778985687516955,4.91259024
Training,syn_n50_k10_cluster_corr_heavy_tail_low_vol_r02_s20260647,5,theta_011,1.1325284504496207,0.03723046603351041,0.7525000000000001,0.06248524993703706,1.251679286559455,1.913659486666667
Training,syn_n50_k10_cluster_corr_heavy_tail_low_vol_r02_s20260647,5,theta_034,1.1316500395181213,0.020708205525719406,0.8694444444444446,0.04783387266957783,1.2974511962335855,2.6394207166666663
Training,syn_n50_k10_cluster_corr_heavy_tail_low_vol_r02_s20260647,5,theta_037,1.1316500395181213,0.020708205525719406,0.8694444444444446,0.04783387266957783,1.2974511962335855,3.164794686666667
Training,syn_n50_k10_cluster_corr_heavy_tail_low_vol_r02_s20260647,5,theta_045,1.1316500395181213,0.020708205525719406,0.8694444444444446,0.04783387266957783,1.2974511962335855,3.030073133333333
Training,syn_n50_k10_cluster_corr_heavy_tail_low_vol_r02_s20260647,5,theta_047,1.1316500395181213,0.020708205525719406,0.8694444444444446,0.04783387266957783,1.2974511962335855,6.0685174
Training,syn_n50_k10_cluster_corr_heavy_tail_low_vol_r02_s20260647,5,theta_067,1.1319139495822828,0.045607704513674,0.7961111111111113,0.0656914799591691,1.262992274117553,3.444677386666667
Training,syn_n50_k10_cluster_corr_heavy_tail_low_vol_r02_s20260647,5,theta_076,1.1319139495822828,0.045607704513674,0.7961111111111113,0.0656914799591691,1.262992274117553,3.566998793333334
Training,syn_n50_k10_cluster_corr_heavy_tail_low_vol_r02_s20260647,5,theta_078,1.1319139495822828,0.045607704513674,0.7961111111111113,0.0656914799591691,1.262992274117553,3.5813742666666664
Training,syn_n50_k10_cluster_corr_heavy_tail_low_vol_r02_s20260647,5,theta_084,1.132897045011068,0.022432942497649214,0.8733333333333333,0.042825530158904994,1.268354540947064,3.3005980366666674
Training,syn_n50_k10_cluster_corr_heavy_tail_low_vol_r02_s20260647,5,theta_086,1.132897045011068,0.022432942497649214,0.8733333333333333,0.042825530158904994,1.268354540947064,3.386663929999999
Training,syn_n50_k10_cluster_corr_heavy_tail_low_vol_r02_s20260647,5,theta_089,1.132897045011068,0.022432942497649214,0.8733333333333333,0.042825530158904994,1.268354540947064,3.5822837333333335
Training,syn_n50_k10_cluster_corr_heavy_tail_low_vol_r02_s20260647,5,theta_118,1.1287952066070563,0.04471860329278413,0.7466666666666668,0.06815039648842215,1.2310575938699069,3.56123468
Training,syn_n50_k10_cluster_corr_heavy_tail_low_vol_r02_s20260647,5,theta_131,1.1287952066070563,0.04471860329278413,0.7466666666666668,0.06815039648842215,1.2310575938699069,3.692656456666666
Training,syn_n50_k10_cluster_corr_heavy_tail_low_vol_r02_s20260647,5,theta_132,1.1287952066070563,0.04471860329278413,0.7466666666666668,0.06815039648842215,1.2310575938699069,3.633441103333333
Training,syn_n50_k10_cluster_corr_heavy_tail_low_vol_r02_s20260647,5,theta_144,1.1310560298226484,0.04143413252303108,0.7858333333333334,0.05872171581044534,1.2426283243398288,2.8150521900000003
Training,syn_n50_k10_cluster_corr_heavy_tail_low_vol_r02_s20260647,5,theta_159,1.1310560298226484,0.04143413252303108,0.7858333333333334,0.05872171581044534,1.2426283243398288,3.4510600166666667
Training,syn_n50_k10_cluster_corr_heavy_tail_low_vol_r02_s20260647,5,theta_164,1.1298360394582072,0.02175598586485532,0.8425000000000001,0.038353694342297996,1.2738053216614562,3.5363702800000003
Training,syn_n50_k10_cluster_corr_heavy_tail_low_vol_r02_s20260647,5,theta_170,1.1298360394582072,0.02175598586485532,0.8425000000000001,0.038353694342297996,1.2738053216614562,4.108444386666667
Training,syn_n50_k10_cluster_corr_heavy_tail_low_vol_r02_s20260647,5,theta_175,1.1298360394582072,0.02175598586485532,0.8425000000000001,0.038353694342297996,1.2738053216614562,3.85924496
Training,syn_n50_k10_cluster_corr_heavy_tail_low_vol_r02_s20260647,5,theta_189,1.1298360394582072,0.02175598586485532,0.8425000000000001,0.038353694342297996,1.2738053216614562,9.311609783333333
Training,syn_n50_k10_cluster_corr_heavy_tail_low_vol_r02_s20260647,5,theta_200,1.1300223820828672,0.01957849896427064,0.8908333333333334,0.04079580663828111,1.3007132380021507,8.947732203333334
Training,syn_n50_k10_cluster_corr_heavy_tail_low_vol_r02_s20260647,5,theta_223,1.132177623961523,0.0333764478974179,0.8161111111111111,0.06637026327062721,1.2924125617272382,8.273743706666668
Training,syn_n50_k10_cluster_corr_heavy_tail_low_vol_r02_s20260647,5,theta_234,1.132177623961523,0.0333764478974179,0.8161111111111111,0.06637026327062721,1.2924125617272382,3.388894706666666
Training,syn_n50_k10_cluster_corr_heavy_tail_low_vol_r02_s20260647,5,theta_237,1.132177623961523,0.0333764478974179,0.8161111111111111,0.06637026327062721,1.2924125617272382,3.5993058566666676
Training,syn_n50_k10_cluster_corr_mixed_extreme_events_r03_s20260640,5,theta_011,1.0094417557691446,0.006249732183565737,0.9838888888888891,0.01570837026157505,1.3231955760041352,2.2497891100000005
Training,syn_n50_k10_cluster_corr_mixed_extreme_events_r03_s20260640,5,theta_034,1.0077775497221417,0.0066536028840494576,0.976388888888889,0.020174010750996573,1.3266911534924022,2.9095430500000004
Training,syn_n50_k10_cluster_corr_mixed_extreme_events_r03_s20260640,5,theta_037,1.0077775497221417,0.0066536028840494576,0.976388888888889,0.020174010750996573,1.3266911534924022,3.4656173533333337
Training,syn_n50_k10_cluster_corr_mixed_extreme_events_r03_s20260640,5,theta_045,1.0077775497221417,0.0066536028840494576,0.976388888888889,0.020174010750996573,1.3266911534924022,3.3939483666666663
Training,syn_n50_k10_cluster_corr_mixed_extreme_events_r03_s20260640,5,theta_047,1.0077775497221417,0.0066536028840494576,0.976388888888889,0.020174010750996573,1.3266911534924022,4.660741333333334
Training,syn_n50_k10_cluster_corr_mixed_extreme_events_r03_s20260640,5,theta_067,1.0091271906796122,0.006171131623269867,0.986388888888889,0.014264442194874551,1.3397805873169193,3.6646824
Training,syn_n50_k10_cluster_corr_mixed_extreme_events_r03_s20260640,5,theta_076,1.0091271906796122,0.006171131623269867,0.986388888888889,0.014264442194874551,1.3397805873169193,3.7994470933333337
Training,syn_n50_k10_cluster_corr_mixed_extreme_events_r03_s20260640,5,theta_078,1.0091271906796122,0.006171131623269867,0.986388888888889,0.014264442194874551,1.3397805873169193,3.7912935466666666
Training,syn_n50_k10_cluster_corr_mixed_extreme_events_r03_s20260640,5,theta_084,1.0083873816939957,0.006659118810860319,0.9733333333333333,0.017581953738561227,1.3341346175213955,3.238544183333333
Training,syn_n50_k10_cluster_corr_mixed_extreme_events_r03_s20260640,5,theta_086,1.0083873816939957,0.006659118810860319,0.9733333333333333,0.017581953738561227,1.3341346175213955,5.761751876666667
Training,syn_n50_k10_cluster_corr_mixed_extreme_events_r03_s20260640,5,theta_089,1.0083873816939957,0.006659118810860319,0.9733333333333333,0.017581953738561227,1.3341346175213955,4.170299300000001
Training,syn_n50_k10_cluster_corr_mixed_extreme_events_r03_s20260640,5,theta_118,1.0075752522525554,0.006716473977900273,0.9761111111111113,0.018861121180019376,1.3354172127925525,3.883750016666667
Training,syn_n50_k10_cluster_corr_mixed_extreme_events_r03_s20260640,5,theta_131,1.0075752522525554,0.006716473977900273,0.9761111111111113,0.018861121180019376,1.3354172127925525,3.876163226666667
Training,syn_n50_k10_cluster_corr_mixed_extreme_events_r03_s20260640,5,theta_132,1.0075752522525554,0.006716473977900273,0.9761111111111113,0.018861121180019376,1.3354172127925525,3.925539286666667
Training,syn_n50_k10_cluster_corr_mixed_extreme_events_r03_s20260640,5,theta_144,1.0073463228496602,0.007205195620141487,0.9638888888888889,0.019208039026594407,1.3344636010548745,2.5370150033333334
Training,syn_n50_k10_cluster_corr_mixed_extreme_events_r03_s20260640,5,theta_159,1.0073463228496602,0.007205195620141487,0.9638888888888889,0.019208039026594407,1.3344636010548745,3.6664443533333335
Training,syn_n50_k10_cluster_corr_mixed_extreme_events_r03_s20260640,5,theta_164,1.0059991555348788,0.007591244411334994,0.9597222222222223,0.016098763007907867,1.3232239127933343,3.8498238033333334
Training,syn_n50_k10_cluster_corr_mixed_extreme_events_r03_s20260640,5,theta_170,1.0059991555348788,0.007591244411334994,0.9597222222222223,0.016098763007907867,1.3232239127933343,4.292343493333333
Training,syn_n50_k10_cluster_corr_mixed_extreme_events_r03_s20260640,5,theta_175,1.0059991555348788,0.007591244411334994,0.9597222222222223,0.016098763007907867,1.3232239127933343,4.0725747766666665
Training,syn_n50_k10_cluster_corr_mixed_extreme_events_r03_s20260640,5,theta_189,1.0059991555348788,0.007591244411334994,0.9597222222222223,0.016098763007907867,1.3232239127933343,9.860335100000002
Training,syn_n50_k10_cluster_corr_mixed_extreme_events_r03_s20260640,5,theta_200,1.0073624289949012,0.006665913936922603,0.9791666666666667,0.014175888251702308,1.3344542522155007,9.382050130000001
Training,syn_n50_k10_cluster_corr_mixed_extreme_events_r03_s20260640,5,theta_223,1.0074522305731646,0.0068194960542493676,0.9761111111111112,0.01824274263632023,1.3349535998195816,9.42838448
Training,syn_n50_k10_cluster_corr_mixed_extreme_events_r03_s20260640,5,theta_234,1.0074522305731646,0.0068194960542493676,0.9761111111111112,0.01824274263632023,1.3349535998195816,3.9497486066666663
Training,syn_n50_k10_cluster_corr_mixed_extreme_events_r03_s20260640,5,theta_237,1.0074522305731646,0.0068194960542493676,0.9761111111111112,0.01824274263632023,1.3349535998195816,3.8980427600000005
Training,syn_n50_k10_cluster_corr_skewed_high_vol_r01_s20260649,5,theta_011,1.1216918859709244,0.005379883692972596,0.9836111111111113,0.01682654987471627,0.9510060831091411,2.0875311733333333
Training,syn_n50_k10_cluster_corr_skewed_high_vol_r01_s20260649,5,theta_034,1.1128480976635202,0.011592654939585998,0.9316666666666669,0.02598779849709201,1.0044634129471528,2.891040386666666
Training,syn_n50_k10_cluster_corr_skewed_high_vol_r01_s20260649,5,theta_037,1.1128480976635202,0.011592654939585998,0.9316666666666669,0.02598779849709201,1.0044634129471528,3.3598883566666666
Training,syn_n50_k10_cluster_corr_skewed_high_vol_r01_s20260649,5,theta_045,1.1128480976635202,0.011592654939585998,0.9316666666666669,0.02598779849709201,1.0044634129471528,3.265142426666667
Training,syn_n50_k10_cluster_corr_skewed_high_vol_r01_s20260649,5,theta_047,1.1128480976635202,0.011592654939585998,0.9316666666666669,0.02598779849709201,1.0044634129471528,4.337554663333333
Training,syn_n50_k10_cluster_corr_skewed_high_vol_r01_s20260649,5,theta_067,1.120308793039379,0.0058696854254595915,0.9641666666666667,0.024716464659839472,0.9913897178349339,3.837562046666667
Training,syn_n50_k10_cluster_corr_skewed_high_vol_r01_s20260649,5,theta_076,1.120308793039379,0.0058696854254595915,0.9641666666666667,0.024716464659839472,0.9913897178349339,3.8161365966666656
Training,syn_n50_k10_cluster_corr_skewed_high_vol_r01_s20260649,5,theta_078,1.120308793039379,0.0058696854254595915,0.9641666666666667,0.024716464659839472,0.9913897178349339,3.784109503333333
Training,syn_n50_k10_cluster_corr_skewed_high_vol_r01_s20260649,5,theta_084,1.1200998444463963,0.00542079892421291,0.9836111111111113,0.014810533430394382,0.9418019164336179,3.0811885366666667
Training,syn_n50_k10_cluster_corr_skewed_high_vol_r01_s20260649,5,theta_086,1.1200998444463963,0.00542079892421291,0.9836111111111113,0.014810533430394382,0.9418019164336179,5.722967606666667
Training,syn_n50_k10_cluster_corr_skewed_high_vol_r01_s20260649,5,theta_089,1.1200998444463963,0.00542079892421291,0.9836111111111113,0.014810533430394382,0.9418019164336179,3.9727699733333335
Training,syn_n50_k10_cluster_corr_skewed_high_vol_r01_s20260649,5,theta_118,1.1207390043304784,0.0044128091108849386,0.9900000000000002,0.02419628240372667,1.0263979980433757,3.955065813333334
Training,syn_n50_k10_cluster_corr_skewed_high_vol_r01_s20260649,5,theta_131,1.1207390043304784,0.0044128091108849386,0.9900000000000002,0.02419628240372667,1.0263979980433757,3.7319286900000006
Training,syn_n50_k10_cluster_corr_skewed_high_vol_r01_s20260649,5,theta_132,1.1207390043304784,0.0044128091108849386,0.9900000000000002,0.02419628240372667,1.0263979980433757,4.016683453333333
Training,syn_n50_k10_cluster_corr_skewed_high_vol_r01_s20260649,5,theta_144,1.120689312028656,0.004625753269103712,0.9844444444444446,0.023543239584040844,1.0164944960049005,3.0830641500000002
Training,syn_n50_k10_cluster_corr_skewed_high_vol_r01_s20260649,5,theta_159,1.120689312028656,0.004625753269103712,0.9844444444444446,0.023543239584040844,1.0164944960049005,3.6001417366666666
Training,syn_n50_k10_cluster_corr_skewed_high_vol_r01_s20260649,5,theta_164,1.117138781390682,0.007415273665312385,0.9397222222222223,0.02404321004574699,0.9723667447591803,3.788973583333333
Training,syn_n50_k10_cluster_corr_skewed_high_vol_r01_s20260649,5,theta_170,1.117138781390682,0.007415273665312385,0.9397222222222223,0.02404321004574699,0.9723667447591803,4.314323253333332
Training,syn_n50_k10_cluster_corr_skewed_high_vol_r01_s20260649,5,theta_175,1.117138781390682,0.007415273665312385,0.9397222222222223,0.02404321004574699,0.9723667447591803,4.100532273333334
Training,syn_n50_k10_cluster_corr_skewed_high_vol_r01_s20260649,5,theta_189,1.117138781390682,0.007415273665312385,0.9397222222222223,0.02404321004574699,0.9723667447591803,9.44313447
Training,syn_n50_k10_cluster_corr_skewed_high_vol_r01_s20260649,5,theta_200,1.119343534434946,0.005665024027473464,0.9611111111111111,0.023117493030286852,1.010752172483693,9.54893295
Training,syn_n50_k10_cluster_corr_skewed_high_vol_r01_s20260649,5,theta_223,1.1182302523423888,0.007191195410679488,0.9380555555555558,0.0239257851868447,0.9781801748726517,9.68750812
Training,syn_n50_k10_cluster_corr_skewed_high_vol_r01_s20260649,5,theta_234,1.1182302523423888,0.007191195410679488,0.9380555555555558,0.0239257851868447,0.9781801748726517,3.770543336666667
Training,syn_n50_k10_cluster_corr_skewed_high_vol_r01_s20260649,5,theta_237,1.1182302523423888,0.007191195410679488,0.9380555555555558,0.0239257851868447,0.9781801748726517,3.8894882666666666
Training,syn_n50_k10_high_corr_heavy_tail_extreme_events_r01_s20260645,5,theta_011,0.9875859521748741,0.004499535555685472,0.9983333333333334,0.01535122437849125,1.226382857967063,2.7142619233333334
Training,syn_n50_k10_high_corr_heavy_tail_extreme_events_r01_s20260645,5,theta_034,0.9868176294865179,0.005209816931496945,0.9788888888888889,0.015057223741928968,1.22683985904892,3.358641926666666
Training,syn_n50_k10_high_corr_heavy_tail_extreme_events_r01_s20260645,5,theta_037,0.9868176294865179,0.005209816931496945,0.9788888888888889,0.015057223741928968,1.22683985904892,3.8231139433333334
Training,syn_n50_k10_high_corr_heavy_tail_extreme_events_r01_s20260645,5,theta_045,0.9868176294865179,0.005209816931496945,0.9788888888888889,0.015057223741928968,1.22683985904892,3.8605846033333333
Training,syn_n50_k10_high_corr_heavy_tail_extreme_events_r01_s20260645,5,theta_047,0.9868176294865179,0.005209816931496945,0.9788888888888889,0.015057223741928968,1.22683985904892,3.9898220666666666
Training,syn_n50_k10_high_corr_heavy_tail_extreme_events_r01_s20260645,5,theta_067,0.9865162855586166,0.00528010009806541,0.9777777777777779,0.012668567435447503,1.2266572562067595,4.248022633333333
Training,syn_n50_k10_high_corr_heavy_tail_extreme_events_r01_s20260645,5,theta_076,0.9865162855586166,0.00528010009806541,0.9777777777777779,0.012668567435447503,1.2266572562067595,4.221346530000001
Training,syn_n50_k10_high_corr_heavy_tail_extreme_events_r01_s20260645,5,theta_078,0.9865162855586166,0.00528010009806541,0.9777777777777779,0.012668567435447503,1.2266572562067595,3.90103506
Training,syn_n50_k10_high_corr_heavy_tail_extreme_events_r01_s20260645,5,theta_084,0.9876461378070279,0.00455786867269197,0.9986111111111111,0.016195541780006834,1.226572539767374,3.6909875066666666
Training,syn_n50_k10_high_corr_heavy_tail_extreme_events_r01_s20260645,5,theta_086,0.9876461378070279,0.00455786867269197,0.9986111111111111,0.016195541780006834,1.226572539767374,6.358112076666668
Training,syn_n50_k10_high_corr_heavy_tail_extreme_events_r01_s20260645,5,theta_089,0.9876461378070279,0.00455786867269197,0.9986111111111111,0.016195541780006834,1.226572539767374,4.551998380000001
Training,syn_n50_k10_high_corr_heavy_tail_extreme_events_r01_s20260645,5,theta_118,0.9828046698183374,0.008323507298667533,0.9575,0.017785065761896715,1.217304060334913,4.36657157
Training,syn_n50_k10_high_corr_heavy_tail_extreme_events_r01_s20260645,5,theta_131,0.9828046698183374,0.008323507298667533,0.9575,0.017785065761896715,1.217304060334913,4.639862186666666
Training,syn_n50_k10_high_corr_heavy_tail_extreme_events_r01_s20260645,5,theta_132,0.9828046698183374,0.008323507298667533,0.9575,0.017785065761896715,1.217304060334913,4.52833431
Training,syn_n50_k10_high_corr_heavy_tail_extreme_events_r01_s20260645,5,theta_144,0.98743127829538,0.004627291117134081,0.9975,0.01282638967900948,1.226779705513708,3.5438812333333334
Training,syn_n50_k10_high_corr_heavy_tail_extreme_events_r01_s20260645,5,theta_159,0.98743127829538,0.004627291117134081,0.9975,0.01282638967900948,1.226779705513708,4.039694296666666
Training,syn_n50_k10_high_corr_heavy_tail_extreme_events_r01_s20260645,5,theta_164,0.9855696039202722,0.005855023903518436,0.9833333333333333,0.015047393443242992,1.225231879473316,4.368208163333334
Training,syn_n50_k10_high_corr_heavy_tail_extreme_events_r01_s20260645,5,theta_170,0.9855696039202722,0.005855023903518436,0.9833333333333333,0.015047393443242992,1.225231879473316,5.320914639999999
Training,syn_n50_k10_high_corr_heavy_tail_extreme_events_r01_s20260645,5,theta_175,0.9855696039202722,0.005855023903518436,0.9833333333333333,0.015047393443242992,1.225231879473316,4.705930066666666
Training,syn_n50_k10_high_corr_heavy_tail_extreme_events_r01_s20260645,5,theta_189,0.9855696039202722,0.005855023903518436,0.9833333333333333,0.015047393443242992,1.225231879473316,10.776484329999999
Training,syn_n50_k10_high_corr_heavy_tail_extreme_events_r01_s20260645,5,theta_200,0.9845963407702677,0.00724343729508799,0.9708333333333333,0.01763872895859099,1.2216072816462051,10.411778133333335
Training,syn_n50_k10_high_corr_heavy_tail_extreme_events_r01_s20260645,5,theta_223,0.9865041559204268,0.005916646044052347,0.9875000000000002,0.015290855774755505,1.2172984318213849,11.062943533333335
Training,syn_n50_k10_high_corr_heavy_tail_extreme_events_r01_s20260645,5,theta_234,0.9865041559204268,0.005916646044052347,0.9875000000000002,0.015290855774755505,1.2172984318213849,4.240914953333334
Training,syn_n50_k10_high_corr_heavy_tail_extreme_events_r01_s20260645,5,theta_237,0.9865041559204268,0.005916646044052347,0.9875000000000002,0.015290855774755505,1.2172984318213849,4.515205723333334
Training,syn_n50_k10_high_corr_mixed_high_vol_r02_s20260639,5,theta_011,1.0369007446500553,0.01104929676351599,0.9580555555555555,0.026264960166602697,1.1873405363609695,2.5325225766666666
Training,syn_n50_k10_high_corr_mixed_high_vol_r02_s20260639,5,theta_034,1.035532854315026,0.011475204515601023,0.9480555555555557,0.03222359862566158,1.2091036593526487,3.1908345033333334
Training,syn_n50_k10_high_corr_mixed_high_vol_r02_s20260639,5,theta_037,1.035532854315026,0.011475204515601023,0.9480555555555557,0.03222359862566158,1.2091036593526487,3.5542959566666665
Training,syn_n50_k10_high_corr_mixed_high_vol_r02_s20260639,5,theta_045,1.035532854315026,0.011475204515601023,0.9480555555555557,0.03222359862566158,1.2091036593526487,3.5919836999999997
Training,syn_n50_k10_high_corr_mixed_high_vol_r02_s20260639,5,theta_047,1.035532854315026,0.011475204515601023,0.9480555555555557,0.03222359862566158,1.2091036593526487,3.6953151699999998
Training,syn_n50_k10_high_corr_mixed_high_vol_r02_s20260639,5,theta_067,1.0399570559341407,0.005965700712782359,0.9844444444444446,0.017155197752516647,1.22853624420817,3.9573881333333336
Training,syn_n50_k10_high_corr_mixed_high_vol_r02_s20260639,5,theta_076,1.0399570559341407,0.005965700712782359,0.9844444444444446,0.017155197752516647,1.22853624420817,4.084431573333333
Training,syn_n50_k10_high_corr_mixed_high_vol_r02_s20260639,5,theta_078,1.0399570559341407,0.005965700712782359,0.9844444444444446,0.017155197752516647,1.22853624420817,5.617815093333334
Training,syn_n50_k10_high_corr_mixed_high_vol_r02_s20260639,5,theta_084,1.0350942404236954,0.011737650970524118,0.9458333333333333,0.02570627087102698,1.1895696053155627,3.4754347966666663
Training,syn_n50_k10_high_corr_mixed_high_vol_r02_s20260639,5,theta_086,1.0350942404236954,0.011737650970524118,0.9458333333333333,0.02570627087102698,1.1895696053155627,6.723762393333334
Training,syn_n50_k10_high_corr_mixed_high_vol_r02_s20260639,5,theta_089,1.0350942404236954,0.011737650970524118,0.9458333333333333,0.02570627087102698,1.1895696053155627,4.415895173333334
Training,syn_n50_k10_high_corr_mixed_high_vol_r02_s20260639,5,theta_118,1.0372644682349828,0.014790722124860833,0.936388888888889,0.031682238199247134,1.208546577021714,4.182266683333333
Training,syn_n50_k10_high_corr_mixed_high_vol_r02_s20260639,5,theta_131,1.0372644682349828,0.014790722124860833,0.936388888888889,0.031682238199247134,1.208546577021714,4.231269919999999
Training,syn_n50_k10_high_corr_mixed_high_vol_r02_s20260639,5,theta_132,1.0372644682349828,0.014790722124860833,0.936388888888889,0.031682238199247134,1.208546577021714,4.280381623333333
Training,syn_n50_k10_high_corr_mixed_high_vol_r02_s20260639,5,theta_144,1.0338408787894693,0.011933970055497881,0.9388888888888889,0.023475204526921308,1.204873754537406,2.7588595666666667
Training,syn_n50_k10_high_corr_mixed_high_vol_r02_s20260639,5,theta_159,1.0338408787894693,0.011933970055497881,0.9388888888888889,0.023475204526921308,1.204873754537406,3.82335433
Training,syn_n50_k10_high_corr_mixed_high_vol_r02_s20260639,5,theta_164,1.0338532553239197,0.0074082062749797764,0.9675,0.028033365826680277,1.2250697885956527,6.065252856666667
Training,syn_n50_k10_high_corr_mixed_high_vol_r02_s20260639,5,theta_170,1.0338532553239197,0.0074082062749797764,0.9675,0.028033365826680277,1.2250697885956527,4.806911840000001
Training,syn_n50_k10_high_corr_mixed_high_vol_r02_s20260639,5,theta_175,1.0338532553239197,0.0074082062749797764,0.9675,0.028033365826680277,1.2250697885956527,4.325263109999999
Training,syn_n50_k10_high_corr_mixed_high_vol_r02_s20260639,5,theta_189,1.0338532553239197,0.0074082062749797764,0.9675,0.028033365826680277,1.2250697885956527,10.379482983333336
Training,syn_n50_k10_high_corr_mixed_high_vol_r02_s20260639,5,theta_200,1.0353068055995214,0.007498325490394833,0.9666666666666669,0.024985007850084638,1.217656861145933,9.996427426666665
Training,syn_n50_k10_high_corr_mixed_high_vol_r02_s20260639,5,theta_223,1.0364678841305779,0.010920229640866275,0.9580555555555555,0.03070461167951614,1.207696312399547,11.45775892
Training,syn_n50_k10_high_corr_mixed_high_vol_r02_s20260639,5,theta_234,1.0364678841305779,0.010920229640866275,0.9580555555555555,0.03070461167951614,1.207696312399547,4.2529639
Training,syn_n50_k10_high_corr_mixed_high_vol_r02_s20260639,5,theta_237,1.0364678841305779,0.010920229640866275,0.9580555555555555,0.03070461167951614,1.207696312399547,4.285161886666667
Training,syn_n50_k10_high_corr_normal_low_vol_r03_s20260643,5,theta_011,0.8907781206694202,0.007307250938824296,0.9430555555555554,0.016644396014469477,1.3505018581318065,2.6978747933333334
Training,syn_n50_k10_high_corr_normal_low_vol_r03_s20260643,5,theta_034,0.8907110360631407,0.008621434639360496,0.9508333333333333,0.023786671874995707,1.355535555399293,3.462341863333333
Training,syn_n50_k10_high_corr_normal_low_vol_r03_s20260643,5,theta_037,0.8907110360631407,0.008621434639360496,0.9508333333333333,0.023786671874995707,1.355535555399293,3.9111179533333336
Training,syn_n50_k10_high_corr_normal_low_vol_r03_s20260643,5,theta_045,0.8907110360631407,0.008621434639360496,0.9508333333333333,0.023786671874995707,1.355535555399293,3.880457473333333
Training,syn_n50_k10_high_corr_normal_low_vol_r03_s20260643,5,theta_047,0.8907110360631407,0.008621434639360496,0.9508333333333333,0.023786671874995707,1.355535555399293,4.051948333333333
Training,syn_n50_k10_high_corr_normal_low_vol_r03_s20260643,5,theta_067,0.8893913647015881,0.007837522642544477,0.9380555555555555,0.01572799626617937,1.3680181838078904,4.282056796666666
Training,syn_n50_k10_high_corr_normal_low_vol_r03_s20260643,5,theta_076,0.8893913647015881,0.007837522642544477,0.9380555555555555,0.01572799626617937,1.3680181838078904,4.315132973333333
Training,syn_n50_k10_high_corr_normal_low_vol_r03_s20260643,5,theta_078,0.8893913647015881,0.007837522642544477,0.9380555555555555,0.01572799626617937,1.3680181838078904,6.394929753333333
Training,syn_n50_k10_high_corr_normal_low_vol_r03_s20260643,5,theta_084,0.8895910115118144,0.009453238040824595,0.9283333333333331,0.02190603912274212,1.3426522978450028,3.56362299
Training,syn_n50_k10_high_corr_normal_low_vol_r03_s20260643,5,theta_086,0.8895910115118144,0.009453238040824595,0.9283333333333331,0.02190603912274212,1.3426522978450028,5.972157316666666
Training,syn_n50_k10_high_corr_normal_low_vol_r03_s20260643,5,theta_089,0.8895910115118144,0.009453238040824595,0.9283333333333331,0.02190603912274212,1.3426522978450028,4.3995427933333335
Training,syn_n50_k10_high_corr_normal_low_vol_r03_s20260643,5,theta_118,0.8916868123680407,0.0073012604944081615,0.9663888888888887,0.019943110345392485,1.3671934522266829,4.363395420000001
Training,syn_n50_k10_high_corr_normal_low_vol_r03_s20260643,5,theta_131,0.8916868123680407,0.0073012604944081615,0.9663888888888887,0.019943110345392485,1.3671934522266829,4.442358389999999
Training,syn_n50_k10_high_corr_normal_low_vol_r03_s20260643,5,theta_132,0.8916868123680407,0.0073012604944081615,0.9663888888888887,0.019943110345392485,1.3671934522266829,4.540020336666666
Training,syn_n50_k10_high_corr_normal_low_vol_r03_s20260643,5,theta_144,0.8899119557175833,0.009865621435082439,0.9433333333333334,0.02447100044347735,1.3460805343131854,3.3461558233333335
Training,syn_n50_k10_high_corr_normal_low_vol_r03_s20260643,5,theta_159,0.8899119557175833,0.009865621435082439,0.9433333333333334,0.02447100044347735,1.3460805343131854,4.173386603333333
Training,syn_n50_k10_high_corr_normal_low_vol_r03_s20260643,5,theta_164,0.8889200082406086,0.010490497946228606,0.9258333333333333,0.02261862200460816,1.3404495305295723,4.5805893766666665
Training,syn_n50_k10_high_corr_normal_low_vol_r03_s20260643,5,theta_170,0.8889200082406086,0.010490497946228606,0.9258333333333333,0.02261862200460816,1.3404495305295723,4.845456966666666
Training,syn_n50_k10_high_corr_normal_low_vol_r03_s20260643,5,theta_175,0.8889200082406086,0.010490497946228606,0.9258333333333333,0.02261862200460816,1.3404495305295723,4.3909255
Training,syn_n50_k10_high_corr_normal_low_vol_r03_s20260643,5,theta_189,0.8889200082406086,0.010490497946228606,0.9258333333333333,0.02261862200460816,1.3404495305295723,10.285285743333333
Training,syn_n50_k10_high_corr_normal_low_vol_r03_s20260643,5,theta_200,0.8885765130293498,0.00939687675470683,0.9172222222222222,0.020951235570496354,1.3597085238346007,10.515534136666666
Training,syn_n50_k10_high_corr_normal_low_vol_r03_s20260643,5,theta_223,0.8919263892139078,0.007355552831103717,0.9658333333333332,0.01812201469590901,1.3577944637728383,11.989666803333334
Training,syn_n50_k10_high_corr_normal_low_vol_r03_s20260643,5,theta_234,0.8919263892139078,0.007355552831103717,0.9658333333333332,0.01812201469590901,1.3577944637728383,4.29409315
Training,syn_n50_k10_high_corr_normal_low_vol_r03_s20260643,5,theta_237,0.8919263892139078,0.007355552831103717,0.9658333333333332,0.01812201469590901,1.3577944637728383,4.29124629
Training,syn_n50_k10_low_corr_heavy_tail_high_vol_r03_s20260641,5,theta_011,1.082992987135408,0.005335056013546209,0.9947222222222223,0.01662116696046757,1.2460166627273928,2.0950610899999997
Training,syn_n50_k10_low_corr_heavy_tail_high_vol_r03_s20260641,5,theta_034,1.076617567749132,0.014992836061484946,0.9616666666666666,0.02318448208730646,1.229419225505328,2.9419782066666667
Training,syn_n50_k10_low_corr_heavy_tail_high_vol_r03_s20260641,5,theta_037,1.076617567749132,0.014992836061484946,0.9616666666666666,0.02318448208730646,1.229419225505328,3.2752344
Training,syn_n50_k10_low_corr_heavy_tail_high_vol_r03_s20260641,5,theta_045,1.076617567749132,0.014992836061484946,0.9616666666666666,0.02318448208730646,1.229419225505328,3.2682875699999996
Training,syn_n50_k10_low_corr_heavy_tail_high_vol_r03_s20260641,5,theta_047,1.076617567749132,0.014992836061484946,0.9616666666666666,0.02318448208730646,1.229419225505328,3.3742825599999997
Training,syn_n50_k10_low_corr_heavy_tail_high_vol_r03_s20260641,5,theta_067,1.082371670681996,0.0055809381138253065,0.993888888888889,0.020877348440968977,1.2494875699395047,3.6444384066666666
Training,syn_n50_k10_low_corr_heavy_tail_high_vol_r03_s20260641,5,theta_076,1.082371670681996,0.0055809381138253065,0.993888888888889,0.020877348440968977,1.2494875699395047,3.8124757833333334
Training,syn_n50_k10_low_corr_heavy_tail_high_vol_r03_s20260641,5,theta_078,1.082371670681996,0.0055809381138253065,0.993888888888889,0.020877348440968977,1.2494875699395047,4.421699143333332
Training,syn_n50_k10_low_corr_heavy_tail_high_vol_r03_s20260641,5,theta_084,1.0662516072787738,0.03408812915364203,0.8936111111111112,0.05042007869235091,1.193954693563756,3.10614041
Training,syn_n50_k10_low_corr_heavy_tail_high_vol_r03_s20260641,5,theta_086,1.0662516072787738,0.03408812915364203,0.8936111111111112,0.05042007869235091,1.193954693563756,5.119630300000001
Training,syn_n50_k10_low_corr_heavy_tail_high_vol_r03_s20260641,5,theta_089,1.0662516072787738,0.03408812915364203,0.8936111111111112,0.05042007869235091,1.193954693563756,4.01768476
Training,syn_n50_k10_low_corr_heavy_tail_high_vol_r03_s20260641,5,theta_118,1.0822458090293468,0.0056751346716529755,0.9872222222222222,0.02127075719976469,1.2488793611352038,3.929933373333333
Training,syn_n50_k10_low_corr_heavy_tail_high_vol_r03_s20260641,5,theta_131,1.0822458090293468,0.0056751346716529755,0.9872222222222222,0.02127075719976469,1.2488793611352038,3.877457436666666
Training,syn_n50_k10_low_corr_heavy_tail_high_vol_r03_s20260641,5,theta_132,1.0822458090293468,0.0056751346716529755,0.9872222222222222,0.02127075719976469,1.2488793611352038,3.9488375799999997
Training,syn_n50_k10_low_corr_heavy_tail_high_vol_r03_s20260641,5,theta_144,1.0824727762118782,0.007363294975750728,0.9558333333333333,0.035337997912735834,1.2418687917840288,3.5890439033333337
Training,syn_n50_k10_low_corr_heavy_tail_high_vol_r03_s20260641,5,theta_159,1.0824727762118782,0.007363294975750728,0.9558333333333333,0.035337997912735834,1.2418687917840288,3.5603503999999995
Training,syn_n50_k10_low_corr_heavy_tail_high_vol_r03_s20260641,5,theta_164,1.0814151958388307,0.005578033786526301,0.9933333333333335,0.014271563160077895,1.2493961864630336,4.7076673399999995
Training,syn_n50_k10_low_corr_heavy_tail_high_vol_r03_s20260641,5,theta_170,1.0814151958388307,0.005578033786526301,0.9933333333333335,0.014271563160077895,1.2493961864630336,4.196928056666667
Training,syn_n50_k10_low_corr_heavy_tail_high_vol_r03_s20260641,5,theta_175,1.0814151958388307,0.005578033786526301,0.9933333333333335,0.014271563160077895,1.2493961864630336,3.7143698499999993
Training,syn_n50_k10_low_corr_heavy_tail_high_vol_r03_s20260641,5,theta_189,1.0814151958388307,0.005578033786526301,0.9933333333333335,0.014271563160077895,1.2493961864630336,9.220942313333332
Training,syn_n50_k10_low_corr_heavy_tail_high_vol_r03_s20260641,5,theta_200,1.0819139980398624,0.005503150386825196,0.9925,0.014081469114806868,1.248055523552847,9.231030520000001
Training,syn_n50_k10_low_corr_heavy_tail_high_vol_r03_s20260641,5,theta_223,1.0813948083782967,0.005719944666424779,0.9911111111111112,0.017410439174806395,1.2533939181873825,10.40655568
Training,syn_n50_k10_low_corr_heavy_tail_high_vol_r03_s20260641,5,theta_234,1.0813948083782967,0.005719944666424779,0.9911111111111112,0.017410439174806395,1.2533939181873825,4.106814773333334
Training,syn_n50_k10_low_corr_heavy_tail_high_vol_r03_s20260641,5,theta_237,1.0813948083782967,0.005719944666424779,0.9911111111111112,0.017410439174806395,1.2533939181873825,3.9510016133333337
Training,syn_n50_k10_low_corr_normal_low_vol_r01_s20260642,5,theta_011,1.0108851890078503,0.006115838019186479,0.9891666666666669,0.013248137247346378,1.3323837874483573,2.1220319233333336
Training,syn_n50_k10_low_corr_normal_low_vol_r01_s20260642,5,theta_034,1.0086845212620388,0.006691932115219115,0.9755555555555556,0.014609848662116719,1.3458734663493455,2.8154754333333343
Training,syn_n50_k10_low_corr_normal_low_vol_r01_s20260642,5,theta_037,1.0086845212620388,0.006691932115219115,0.9755555555555556,0.014609848662116719,1.3458734663493455,3.2436332400000003
Training,syn_n50_k10_low_corr_normal_low_vol_r01_s20260642,5,theta_045,1.0086845212620388,0.006691932115219115,0.9755555555555556,0.014609848662116719,1.3458734663493455,3.1675889033333333
Training,syn_n50_k10_low_corr_normal_low_vol_r01_s20260642,5,theta_047,1.0086845212620388,0.006691932115219115,0.9755555555555556,0.014609848662116719,1.3458734663493455,5.263308879999999
Training,syn_n50_k10_low_corr_normal_low_vol_r01_s20260642,5,theta_067,1.0108799500381502,0.006102142756379541,0.9891666666666669,0.013645218732159285,1.3359389388111673,3.7509488099999997
Training,syn_n50_k10_low_corr_normal_low_vol_r01_s20260642,5,theta_076,1.0108799500381502,0.006102142756379541,0.9891666666666669,0.013645218732159285,1.3359389388111673,3.7707758433333334
Training,syn_n50_k10_low_corr_normal_low_vol_r01_s20260642,5,theta_078,1.0108799500381502,0.006102142756379541,0.9891666666666669,0.013645218732159285,1.3359389388111673,3.4122667466666665
Training,syn_n50_k10_low_corr_normal_low_vol_r01_s20260642,5,theta_084,1.0100712440875605,0.006196902825684911,0.9886111111111113,0.01462794824409107,1.341327971813333,3.17356525
Training,syn_n50_k10_low_corr_normal_low_vol_r01_s20260642,5,theta_086,1.0100712440875605,0.006196902825684911,0.9886111111111113,0.01462794824409107,1.341327971813333,4.4720126333333345
Training,syn_n50_k10_low_corr_normal_low_vol_r01_s20260642,5,theta_089,1.0100712440875605,0.006196902825684911,0.9886111111111113,0.01462794824409107,1.341327971813333,3.8928937633333343
Training,syn_n50_k10_low_corr_normal_low_vol_r01_s20260642,5,theta_118,1.010976069678775,0.0059981505759707,0.9883333333333334,0.014062198458378845,1.3435539043413567,4.007330816666667
Training,syn_n50_k10_low_corr_normal_low_vol_r01_s20260642,5,theta_131,1.010976069678775,0.0059981505759707,0.9883333333333334,0.014062198458378845,1.3435539043413567,3.6098433266666663
Training,syn_n50_k10_low_corr_normal_low_vol_r01_s20260642,5,theta_132,1.010976069678775,0.0059981505759707,0.9883333333333334,0.014062198458378845,1.3435539043413567,3.9624760766666673
Training,syn_n50_k10_low_corr_normal_low_vol_r01_s20260642,5,theta_144,1.00828043628032,0.007105279731413767,0.9663888888888889,0.02067870478343745,1.3453554934823246,3.130530023333333
Training,syn_n50_k10_low_corr_normal_low_vol_r01_s20260642,5,theta_159,1.00828043628032,0.007105279731413767,0.9663888888888889,0.02067870478343745,1.3453554934823246,3.5797310166666674
Training,syn_n50_k10_low_corr_normal_low_vol_r01_s20260642,5,theta_164,1.0090100531156168,0.0065583149206805795,0.9775000000000001,0.01487525842908806,1.3320279311775212,4.7068602366666665
Training,syn_n50_k10_low_corr_normal_low_vol_r01_s20260642,5,theta_170,1.0090100531156168,0.0065583149206805795,0.9775000000000001,0.01487525842908806,1.3320279311775212,4.225846346666667
Training,syn_n50_k10_low_corr_normal_low_vol_r01_s20260642,5,theta_175,1.0090100531156168,0.0065583149206805795,0.9775000000000001,0.01487525842908806,1.3320279311775212,4.49947068
Training,syn_n50_k10_low_corr_normal_low_vol_r01_s20260642,5,theta_189,1.0090100531156168,0.0065583149206805795,0.9775000000000001,0.01487525842908806,1.3320279311775212,9.480337100000002
Training,syn_n50_k10_low_corr_normal_low_vol_r01_s20260642,5,theta_200,1.0100443262895114,0.006147335708236781,0.9863888888888891,0.01418345410750325,1.3382446490737008,9.264265173333333
Training,syn_n50_k10_low_corr_normal_low_vol_r01_s20260642,5,theta_223,1.009815178107387,0.006281370431247257,0.9866666666666668,0.014823695673792332,1.3384550538193545,10.168703413333334
Training,syn_n50_k10_low_corr_normal_low_vol_r01_s20260642,5,theta_234,1.009815178107387,0.006281370431247257,0.9866666666666668,0.014823695673792332,1.3384550538193545,4.1469077966666665
Training,syn_n50_k10_low_corr_normal_low_vol_r01_s20260642,5,theta_237,1.009815178107387,0.006281370431247257,0.9866666666666668,0.014823695673792332,1.3384550538193545,3.680967016666666
Training,syn_n50_k10_low_corr_skewed_extreme_events_r02_s20260650,5,theta_011,1.1755688603486887,0.007657412388097917,0.9519444444444447,0.020985247924012344,0.8567815396893739,2.11646764
Training,syn_n50_k10_low_corr_skewed_extreme_events_r02_s20260650,5,theta_034,1.1752547274371814,0.00784040978104916,0.9408333333333333,0.033343056358353676,0.86287040930942,2.94965283
Training,syn_n50_k10_low_corr_skewed_extreme_events_r02_s20260650,5,theta_037,1.1752547274371814,0.00784040978104916,0.9408333333333333,0.033343056358353676,0.86287040930942,3.3650198866666665
Training,syn_n50_k10_low_corr_skewed_extreme_events_r02_s20260650,5,theta_045,1.1752547274371814,0.00784040978104916,0.9408333333333333,0.033343056358353676,0.86287040930942,3.3609249400000007
Training,syn_n50_k10_low_corr_skewed_extreme_events_r02_s20260650,5,theta_047,1.1752547274371814,0.00784040978104916,0.9408333333333333,0.033343056358353676,0.86287040930942,5.756368006666666
Training,syn_n50_k10_low_corr_skewed_extreme_events_r02_s20260650,5,theta_067,1.175946191153609,0.0074964419409446655,0.9497222222222222,0.023079995651900536,0.8687820197845451,3.6846354500000005
Training,syn_n50_k10_low_corr_skewed_extreme_events_r02_s20260650,5,theta_076,1.175946191153609,0.0074964419409446655,0.9497222222222222,0.023079995651900536,0.8687820197845451,3.7998012733333337
Training,syn_n50_k10_low_corr_skewed_extreme_events_r02_s20260650,5,theta_078,1.175946191153609,0.0074964419409446655,0.9497222222222222,0.023079995651900536,0.8687820197845451,3.47656119
Training,syn_n50_k10_low_corr_skewed_extreme_events_r02_s20260650,5,theta_084,1.179504937064015,0.005111405886387981,0.975,0.01968432770952871,0.8489791914818622,3.1866777833333333
Training,syn_n50_k10_low_corr_skewed_extreme_events_r02_s20260650,5,theta_086,1.179504937064015,0.005111405886387981,0.975,0.01968432770952871,0.8489791914818622,4.356966296666667
Training,syn_n50_k10_low_corr_skewed_extreme_events_r02_s20260650,5,theta_089,1.179504937064015,0.005111405886387981,0.975,0.01968432770952871,0.8489791914818622,3.971713096666667
Training,syn_n50_k10_low_corr_skewed_extreme_events_r02_s20260650,5,theta_118,1.1710583397843137,0.010973459759704629,0.9083333333333331,0.03158508784264188,0.8509270446004013,3.8119366499999994
Training,syn_n50_k10_low_corr_skewed_extreme_events_r02_s20260650,5,theta_131,1.1710583397843137,0.010973459759704629,0.9083333333333331,0.03158508784264188,0.8509270446004013,3.99921175
Training,syn_n50_k10_low_corr_skewed_extreme_events_r02_s20260650,5,theta_132,1.1710583397843137,0.010973459759704629,0.9083333333333331,0.03158508784264188,0.8509270446004013,3.698466603333333
Training,syn_n50_k10_low_corr_skewed_extreme_events_r02_s20260650,5,theta_144,1.1758875001333626,0.0076532967781483534,0.9444444444444444,0.029115612027406222,0.8875274200745975,3.1485106566666667
Training,syn_n50_k10_low_corr_skewed_extreme_events_r02_s20260650,5,theta_159,1.1758875001333626,0.0076532967781483534,0.9444444444444444,0.029115612027406222,0.8875274200745975,3.4953150733333325
Training,syn_n50_k10_low_corr_skewed_extreme_events_r02_s20260650,5,theta_164,1.1699226436982093,0.01101088872547225,0.9105555555555556,0.02983634618551091,0.8860757314076957,4.778990963333333
Training,syn_n50_k10_low_corr_skewed_extreme_events_r02_s20260650,5,theta_170,1.1699226436982093,0.01101088872547225,0.9105555555555556,0.02983634618551091,0.8860757314076957,4.0379802966666665
Training,syn_n50_k10_low_corr_skewed_extreme_events_r02_s20260650,5,theta_175,1.1699226436982093,0.01101088872547225,0.9105555555555556,0.02983634618551091,0.8860757314076957,3.928661836666667
Training,syn_n50_k10_low_corr_skewed_extreme_events_r02_s20260650,5,theta_189,1.1699226436982093,0.01101088872547225,0.9105555555555556,0.02983634618551091,0.8860757314076957,9.500813763333332
Training,syn_n50_k10_low_corr_skewed_extreme_events_r02_s20260650,5,theta_200,1.1754575239575722,0.007764441434356456,0.9444444444444445,0.025254499862827906,0.8646198647233455,8.92363146
Training,syn_n50_k10_low_corr_skewed_extreme_events_r02_s20260650,5,theta_223,1.1757325241078278,0.007860360140871025,0.9419444444444444,0.027579494283308248,0.8578115209315003,10.005214223333333
Training,syn_n50_k10_low_corr_skewed_extreme_events_r02_s20260650,5,theta_234,1.1757325241078278,0.007860360140871025,0.9419444444444444,0.027579494283308248,0.8578115209315003,3.743325303333333
Training,syn_n50_k10_low_corr_skewed_extreme_events_r02_s20260650,5,theta_237,1.1757325241078278,0.007860360140871025,0.9419444444444444,0.027579494283308248,0.8578115209315003,3.6469592166666662
Training,syn_n50_k10_pathological_cov_mixed_low_vol_r01_s20260646,5,theta_011,0.850764996699533,0.00550819200535492,0.9777777777777779,0.014153904631696489,1.2668331071921421,2.914259193333334
Training,syn_n50_k10_pathological_cov_mixed_low_vol_r01_s20260646,5,theta_034,0.8528696538515119,0.00447941839710378,0.9975000000000002,0.012373121776278462,1.2659857028445338,3.5871265666666665
Training,syn_n50_k10_pathological_cov_mixed_low_vol_r01_s20260646,5,theta_037,0.8528696538515119,0.00447941839710378,0.9975000000000002,0.012373121776278462,1.2659857028445338,4.082514333333333
Training,syn_n50_k10_pathological_cov_mixed_low_vol_r01_s20260646,5,theta_045,0.8528696538515119,0.00447941839710378,0.9975000000000002,0.012373121776278462,1.2659857028445338,4.13791661
Training,syn_n50_k10_pathological_cov_mixed_low_vol_r01_s20260646,5,theta_047,0.8528696538515119,0.00447941839710378,0.9975000000000002,0.012373121776278462,1.2659857028445338,6.884974253333332
Training,syn_n50_k10_pathological_cov_mixed_low_vol_r01_s20260646,5,theta_067,0.8481032659224971,0.007411030179054897,0.9219444444444443,0.01743006601327676,1.268312352503243,4.512069326666666
Training,syn_n50_k10_pathological_cov_mixed_low_vol_r01_s20260646,5,theta_076,0.8481032659224971,0.007411030179054897,0.9219444444444443,0.01743006601327676,1.268312352503243,4.317888196666667
Training,syn_n50_k10_pathological_cov_mixed_low_vol_r01_s20260646,5,theta_078,0.8481032659224971,0.007411030179054897,0.9219444444444443,0.01743006601327676,1.268312352503243,5.266500846666667
Training,syn_n50_k10_pathological_cov_mixed_low_vol_r01_s20260646,5,theta_084,0.8490064146415432,0.006535218780857578,0.9505555555555555,0.018483469392829587,1.2667728189817262,3.73231763
Training,syn_n50_k10_pathological_cov_mixed_low_vol_r01_s20260646,5,theta_086,0.8490064146415432,0.006535218780857578,0.9505555555555555,0.018483469392829587,1.2667728189817262,5.56140816
Training,syn_n50_k10_pathological_cov_mixed_low_vol_r01_s20260646,5,theta_089,0.8490064146415432,0.006535218780857578,0.9505555555555555,0.018483469392829587,1.2667728189817262,4.50842681
Training,syn_n50_k10_pathological_cov_mixed_low_vol_r01_s20260646,5,theta_118,0.8507698693947366,0.005783946701670099,0.9705555555555556,0.016118409493191665,1.26655029868975,4.605057806666666
Training,syn_n50_k10_pathological_cov_mixed_low_vol_r01_s20260646,5,theta_131,0.8507698693947366,0.005783946701670099,0.9705555555555556,0.016118409493191665,1.26655029868975,4.493488246666668
Training,syn_n50_k10_pathological_cov_mixed_low_vol_r01_s20260646,5,theta_132,0.8507698693947366,0.005783946701670099,0.9705555555555556,0.016118409493191665,1.26655029868975,4.62768736
Training,syn_n50_k10_pathological_cov_mixed_low_vol_r01_s20260646,5,theta_144,0.8497826845234785,0.006369747237708566,0.9586111111111112,0.015769355008121013,1.268365605896816,3.9162687700000003
Training,syn_n50_k10_pathological_cov_mixed_low_vol_r01_s20260646,5,theta_159,0.8497826845234785,0.006369747237708566,0.9586111111111112,0.015769355008121013,1.268365605896816,4.30057774
Training,syn_n50_k10_pathological_cov_mixed_low_vol_r01_s20260646,5,theta_164,0.8452392987017296,0.00884538646090932,0.8738888888888888,0.015154548084640706,1.268043364094222,7.190237219999999
Training,syn_n50_k10_pathological_cov_mixed_low_vol_r01_s20260646,5,theta_170,0.8452392987017296,0.00884538646090932,0.8738888888888888,0.015154548084640706,1.268043364094222,4.588871593333334
Training,syn_n50_k10_pathological_cov_mixed_low_vol_r01_s20260646,5,theta_175,0.8452392987017296,0.00884538646090932,0.8738888888888888,0.015154548084640706,1.268043364094222,4.556565750000001
Training,syn_n50_k10_pathological_cov_mixed_low_vol_r01_s20260646,5,theta_189,0.8452392987017296,0.00884538646090932,0.8738888888888888,0.015154548084640706,1.268043364094222,10.937921570000002
Training,syn_n50_k10_pathological_cov_mixed_low_vol_r01_s20260646,5,theta_200,0.8505822925110151,0.005908665689196401,0.9602777777777778,0.012334583069564578,1.2673912399974727,11.04517803333333
Training,syn_n50_k10_pathological_cov_mixed_low_vol_r01_s20260646,5,theta_223,0.8511371692756496,0.005565655857906102,0.9616666666666666,0.012411486917764886,1.2663989031730973,12.533874433333333
Training,syn_n50_k10_pathological_cov_mixed_low_vol_r01_s20260646,5,theta_234,0.8511371692756496,0.005565655857906102,0.9616666666666666,0.012411486917764886,1.2663989031730973,4.528565453333334
Training,syn_n50_k10_pathological_cov_mixed_low_vol_r01_s20260646,5,theta_237,0.8511371692756496,0.005565655857906102,0.9616666666666666,0.012411486917764886,1.2663989031730973,4.60026013
Training,syn_n50_k10_pathological_cov_normal_extreme_events_r02_s20260648,5,theta_011,0.8998109376041074,0.008855492097970718,0.9641666666666667,0.02789466537902348,1.3843218382407367,2.7812587399999993
Training,syn_n50_k10_pathological_cov_normal_extreme_events_r02_s20260648,5,theta_034,0.9005952758606008,0.014502251271507735,0.9405555555555556,0.029752570030423597,1.3799295077399514,3.6590158799999997
Training,syn_n50_k10_pathological_cov_normal_extreme_events_r02_s20260648,5,theta_037,0.9005952758606008,0.014502251271507735,0.9405555555555556,0.029752570030423597,1.3799295077399514,4.073058733333334
Training,syn_n50_k10_pathological_cov_normal_extreme_events_r02_s20260648,5,theta_045,0.9005952758606008,0.014502251271507735,0.9405555555555556,0.029752570030423597,1.3799295077399514,4.115862383333333
Training,syn_n50_k10_pathological_cov_normal_extreme_events_r02_s20260648,5,theta_047,0.9005952758606008,0.014502251271507735,0.9405555555555556,0.029752570030423597,1.3799295077399514,5.779107266666668
Training,syn_n50_k10_pathological_cov_normal_extreme_events_r02_s20260648,5,theta_067,0.9014219277385036,0.008873016587003213,0.9536111111111112,0.024760030018393685,1.391817228924872,4.426099956666667
Training,syn_n50_k10_pathological_cov_normal_extreme_events_r02_s20260648,5,theta_076,0.9014219277385036,0.008873016587003213,0.9536111111111112,0.024760030018393685,1.391817228924872,4.46788776
Training,syn_n50_k10_pathological_cov_normal_extreme_events_r02_s20260648,5,theta_078,0.9014219277385036,0.008873016587003213,0.9536111111111112,0.024760030018393685,1.391817228924872,4.443158966666667
Training,syn_n50_k10_pathological_cov_normal_extreme_events_r02_s20260648,5,theta_084,0.9095168585378027,0.005212346409048843,0.995,0.01704497484451634,1.4140117681878475,3.668389493333334
Training,syn_n50_k10_pathological_cov_normal_extreme_events_r02_s20260648,5,theta_086,0.9095168585378027,0.005212346409048843,0.995,0.01704497484451634,1.4140117681878475,4.6737940799999995
Training,syn_n50_k10_pathological_cov_normal_extreme_events_r02_s20260648,5,theta_089,0.9095168585378027,0.005212346409048843,0.995,0.01704497484451634,1.4140117681878475,4.58673426
Training,syn_n50_k10_pathological_cov_normal_extreme_events_r02_s20260648,5,theta_118,0.9015318946566995,0.008851675090778225,0.9525000000000001,0.02746993624174219,1.391817228924872,4.542641733333332
Training,syn_n50_k10_pathological_cov_normal_extreme_events_r02_s20260648,5,theta_131,0.9015318946566995,0.008851675090778225,0.9525000000000001,0.02746993624174219,1.391817228924872,4.706878476666668
Training,syn_n50_k10_pathological_cov_normal_extreme_events_r02_s20260648,5,theta_132,0.9015318946566995,0.008851675090778225,0.9525000000000001,0.02746993624174219,1.391817228924872,4.510135566666667
Training,syn_n50_k10_pathological_cov_normal_extreme_events_r02_s20260648,5,theta_144,0.9071665184304113,0.00703546184521161,0.9580555555555555,0.0194904225985974,1.4140085134392977,3.9935487633333335
Training,syn_n50_k10_pathological_cov_normal_extreme_events_r02_s20260648,5,theta_159,0.9071665184304113,0.00703546184521161,0.9580555555555555,0.0194904225985974,1.4140085134392977,4.194567166666666
Training,syn_n50_k10_pathological_cov_normal_extreme_events_r02_s20260648,5,theta_164,0.9045021996228033,0.008213125376713506,0.9397222222222222,0.019249062756469527,1.4066092930393226,8.072520500000001
Training,syn_n50_k10_pathological_cov_normal_extreme_events_r02_s20260648,5,theta_170,0.9045021996228033,0.008213125376713506,0.9397222222222222,0.019249062756469527,1.4066092930393226,4.7323682
Training,syn_n50_k10_pathological_cov_normal_extreme_events_r02_s20260648,5,theta_175,0.9045021996228033,0.008213125376713506,0.9397222222222222,0.019249062756469527,1.4066092930393226,4.678617616666668
Training,syn_n50_k10_pathological_cov_normal_extreme_events_r02_s20260648,5,theta_189,0.9045021996228033,0.008213125376713506,0.9397222222222222,0.019249062756469527,1.4066092930393226,11.012842633333332
Training,syn_n50_k10_pathological_cov_normal_extreme_events_r02_s20260648,5,theta_200,0.907772136980183,0.005926295950000956,0.9894444444444446,0.017989249186150847,1.4066135884335225,11.341531713333332
Training,syn_n50_k10_pathological_cov_normal_extreme_events_r02_s20260648,5,theta_223,0.906938272592982,0.006717222713621684,0.9722222222222222,0.017727975092820304,1.4066135884335225,12.527268936666667
Training,syn_n50_k10_pathological_cov_normal_extreme_events_r02_s20260648,5,theta_234,0.906938272592982,0.006717222713621684,0.9722222222222222,0.017727975092820304,1.4066135884335225,4.56122689
Training,syn_n50_k10_pathological_cov_normal_extreme_events_r02_s20260648,5,theta_237,0.906938272592982,0.006717222713621684,0.9722222222222222,0.017727975092820304,1.4066135884335225,4.458907433333334
Training,syn_n50_k10_pathological_cov_skewed_high_vol_r03_s20260644,5,theta_011,0.8076094678010014,0.0068670525943252455,0.9591666666666668,0.016213091645516528,1.3443722722979403,2.8719004733333335
Training,syn_n50_k10_pathological_cov_skewed_high_vol_r03_s20260644,5,theta_034,0.8088915999737519,0.006481769554007461,0.9600000000000001,0.0236461433363482,1.3466945054670136,3.7579300200000003
Training,syn_n50_k10_pathological_cov_skewed_high_vol_r03_s20260644,5,theta_037,0.8088915999737519,0.006481769554007461,0.9600000000000001,0.0236461433363482,1.3466945054670136,4.1696494699999995
Training,syn_n50_k10_pathological_cov_skewed_high_vol_r03_s20260644,5,theta_045,0.8088915999737519,0.006481769554007461,0.9600000000000001,0.0236461433363482,1.3466945054670136,4.190201953333333
Training,syn_n50_k10_pathological_cov_skewed_high_vol_r03_s20260644,5,theta_047,0.8088915999737519,0.006481769554007461,0.9600000000000001,0.0236461433363482,1.3466945054670136,5.776025953333334
Training,syn_n50_k10_pathological_cov_skewed_high_vol_r03_s20260644,5,theta_067,0.8114951610706315,0.004927411113616681,0.9861111111111112,0.022269040964691365,1.34475436032403,4.510565336666667
Training,syn_n50_k10_pathological_cov_skewed_high_vol_r03_s20260644,5,theta_076,0.8114951610706315,0.004927411113616681,0.9861111111111112,0.022269040964691365,1.34475436032403,4.562603216666667
Training,syn_n50_k10_pathological_cov_skewed_high_vol_r03_s20260644,5,theta_078,0.8114951610706315,0.004927411113616681,0.9861111111111112,0.022269040964691365,1.34475436032403,4.46053255
Training,syn_n50_k10_pathological_cov_skewed_high_vol_r03_s20260644,5,theta_084,0.8097739178849677,0.005784474050072668,0.9683333333333335,0.017344905041860932,1.3445509509394804,3.7384056733333333
Training,syn_n50_k10_pathological_cov_skewed_high_vol_r03_s20260644,5,theta_086,0.8097739178849677,0.005784474050072668,0.9683333333333335,0.017344905041860932,1.3445509509394804,4.988154833333334
Training,syn_n50_k10_pathological_cov_skewed_high_vol_r03_s20260644,5,theta_089,0.8097739178849677,0.005784474050072668,0.9683333333333335,0.017344905041860932,1.3445509509394804,4.618792646666666
Training,syn_n50_k10_pathological_cov_skewed_high_vol_r03_s20260644,5,theta_118,0.8118944989660025,0.004747277707968676,0.9894444444444446,0.018296278616553984,1.3452738367099595,4.76496548
Training,syn_n50_k10_pathological_cov_skewed_high_vol_r03_s20260644,5,theta_131,0.8118944989660025,0.004747277707968676,0.9894444444444446,0.018296278616553984,1.3452738367099595,4.784311579999999
Training,syn_n50_k10_pathological_cov_skewed_high_vol_r03_s20260644,5,theta_132,0.8118944989660025,0.004747277707968676,0.9894444444444446,0.018296278616553984,1.3452738367099595,4.874719533333335
Training,syn_n50_k10_pathological_cov_skewed_high_vol_r03_s20260644,5,theta_144,0.8117889005904354,0.004862103375795778,0.9872222222222224,0.018935938484779265,1.3455792282638366,4.005757096666667
Training,syn_n50_k10_pathological_cov_skewed_high_vol_r03_s20260644,5,theta_159,0.8117889005904354,0.004862103375795778,0.9872222222222224,0.018935938484779265,1.3455792282638366,4.34186484
Training,syn_n50_k10_pathological_cov_skewed_high_vol_r03_s20260644,5,theta_164,0.8103323432655318,0.005387657523306706,0.9822222222222223,0.01617732844117526,1.3455380401958905,6.343739893333334
Training,syn_n50_k10_pathological_cov_skewed_high_vol_r03_s20260644,5,theta_170,0.8103323432655318,0.005387657523306706,0.9822222222222223,0.01617732844117526,1.3455380401958905,4.464161936666667
Training,syn_n50_k10_pathological_cov_skewed_high_vol_r03_s20260644,5,theta_175,0.8103323432655318,0.005387657523306706,0.9822222222222223,0.01617732844117526,1.3455380401958905,4.6335897133333335
Training,syn_n50_k10_pathological_cov_skewed_high_vol_r03_s20260644,5,theta_189,0.8103323432655318,0.005387657523306706,0.9822222222222223,0.01617732844117526,1.3455380401958905,11.540008940000002
Training,syn_n50_k10_pathological_cov_skewed_high_vol_r03_s20260644,5,theta_200,0.8118256962549351,0.004843508256512358,0.9891666666666669,0.015820962787132208,1.3470227055679849,11.288834579999998
Training,syn_n50_k10_pathological_cov_skewed_high_vol_r03_s20260644,5,theta_223,0.8117424877907221,0.004827587552030067,0.9877777777777779,0.01992534180721521,1.345309234433304,12.846243320000001
Training,syn_n50_k10_pathological_cov_skewed_high_vol_r03_s20260644,5,theta_234,0.8117424877907221,0.004827587552030067,0.9877777777777779,0.01992534180721521,1.345309234433304,4.696795183333333
Training,syn_n50_k10_pathological_cov_skewed_high_vol_r03_s20260644,5,theta_237,0.8117424877907221,0.004827587552030067,0.9877777777777779,0.01992534180721521,1.345309234433304,4.688304006666667
Training,syn_n50_k20_cluster_corr_heavy_tail_low_vol_r02_s20260659,10,theta_011,1.0495865586239044,0.0449314845000555,0.7586111111111111,0.06597803705133444,1.056243260777732,1.6460019733333335
Training,syn_n50_k20_cluster_corr_heavy_tail_low_vol_r02_s20260659,10,theta_034,1.0433391388070297,0.03106653334790755,0.5688888888888889,0.05975854565182699,1.1626571588507546,2.2808909033333338
Training,syn_n50_k20_cluster_corr_heavy_tail_low_vol_r02_s20260659,10,theta_037,1.0433391388070297,0.03106653334790755,0.5688888888888889,0.05975854565182699,1.1626571588507546,2.64093255
Training,syn_n50_k20_cluster_corr_heavy_tail_low_vol_r02_s20260659,10,theta_045,1.0433391388070297,0.03106653334790755,0.5688888888888889,0.05975854565182699,1.1626571588507546,2.66901076
Training,syn_n50_k20_cluster_corr_heavy_tail_low_vol_r02_s20260659,10,theta_047,1.0433391388070297,0.03106653334790755,0.5688888888888889,0.05975854565182699,1.1626571588507546,3.3678528799999996
Training,syn_n50_k20_cluster_corr_heavy_tail_low_vol_r02_s20260659,10,theta_067,1.0421781855931254,0.04493323151996533,0.6866666666666668,0.07008389565340632,1.0679998361974203,3.041062103333333
Training,syn_n50_k20_cluster_corr_heavy_tail_low_vol_r02_s20260659,10,theta_076,1.0421781855931254,0.04493323151996533,0.6866666666666668,0.07008389565340632,1.0679998361974203,3.0371781633333326
Training,syn_n50_k20_cluster_corr_heavy_tail_low_vol_r02_s20260659,10,theta_078,1.0421781855931254,0.04493323151996533,0.6866666666666668,0.07008389565340632,1.0679998361974203,2.7105889799999994
Training,syn_n50_k20_cluster_corr_heavy_tail_low_vol_r02_s20260659,10,theta_084,1.055347838376939,0.0350295948502919,0.7936111111111112,0.06860057719447435,1.1000688487992671,2.42850096
Training,syn_n50_k20_cluster_corr_heavy_tail_low_vol_r02_s20260659,10,theta_086,1.055347838376939,0.0350295948502919,0.7936111111111112,0.06860057719447435,1.1000688487992671,3.2737754866666666
Training,syn_n50_k20_cluster_corr_heavy_tail_low_vol_r02_s20260659,10,theta_089,1.055347838376939,0.0350295948502919,0.7936111111111112,0.06860057719447435,1.1000688487992671,3.284812963333333
Training,syn_n50_k20_cluster_corr_heavy_tail_low_vol_r02_s20260659,10,theta_118,1.045476059333759,0.02456557614029535,0.5972222222222221,0.05941748895931262,1.2000079998286823,3.0527149333333337
Training,syn_n50_k20_cluster_corr_heavy_tail_low_vol_r02_s20260659,10,theta_131,1.045476059333759,0.02456557614029535,0.5972222222222221,0.05941748895931262,1.2000079998286823,3.0115403399999994
Training,syn_n50_k20_cluster_corr_heavy_tail_low_vol_r02_s20260659,10,theta_132,1.045476059333759,0.02456557614029535,0.5972222222222221,0.05941748895931262,1.2000079998286823,3.1508844666666667
Training,syn_n50_k20_cluster_corr_heavy_tail_low_vol_r02_s20260659,10,theta_144,1.0458621913945483,0.03798469141741266,0.7097222222222221,0.08435440180732331,1.1067149773865665,2.62096536
Training,syn_n50_k20_cluster_corr_heavy_tail_low_vol_r02_s20260659,10,theta_159,1.0458621913945483,0.03798469141741266,0.7097222222222221,0.08435440180732331,1.1067149773865665,3.0568371833333328
Training,syn_n50_k20_cluster_corr_heavy_tail_low_vol_r02_s20260659,10,theta_164,1.0611072304137081,0.02440735944999372,0.8577777777777779,0.0759829512287554,1.1662944156441386,5.18024476
Training,syn_n50_k20_cluster_corr_heavy_tail_low_vol_r02_s20260659,10,theta_170,1.0611072304137081,0.02440735944999372,0.8577777777777779,0.0759829512287554,1.1662944156441386,3.2373651799999994
Training,syn_n50_k20_cluster_corr_heavy_tail_low_vol_r02_s20260659,10,theta_175,1.0611072304137081,0.02440735944999372,0.8577777777777779,0.0759829512287554,1.1662944156441386,3.564701063333334
Training,syn_n50_k20_cluster_corr_heavy_tail_low_vol_r02_s20260659,10,theta_189,1.0611072304137081,0.02440735944999372,0.8577777777777779,0.0759829512287554,1.1662944156441386,7.606502349999999
Training,syn_n50_k20_cluster_corr_heavy_tail_low_vol_r02_s20260659,10,theta_200,1.0581976554422134,0.017064969573017588,0.7497222222222224,0.06826065039856158,1.2375408475375547,7.162811183333333
Training,syn_n50_k20_cluster_corr_heavy_tail_low_vol_r02_s20260659,10,theta_223,1.0402591101770187,0.04213275735528686,0.695,0.09301977961907845,1.1046585175337547,8.439585033333334
Training,syn_n50_k20_cluster_corr_heavy_tail_low_vol_r02_s20260659,10,theta_234,1.0402591101770187,0.04213275735528686,0.695,0.09301977961907845,1.1046585175337547,3.3499678533333332
Training,syn_n50_k20_cluster_corr_heavy_tail_low_vol_r02_s20260659,10,theta_237,1.0402591101770187,0.04213275735528686,0.695,0.09301977961907845,1.1046585175337547,3.1527284866666667
Training,syn_n50_k20_cluster_corr_mixed_extreme_events_r03_s20260657,10,theta_011,0.9438648675683523,0.0075917260065165,0.9552777777777778,0.01603674263595998,1.2893847902114213,1.909110083333333
Training,syn_n50_k20_cluster_corr_mixed_extreme_events_r03_s20260657,10,theta_034,0.9399945734270402,0.009154060603991031,0.9674999999999999,0.021133673288203852,1.3227775583453512,2.51279468
Training,syn_n50_k20_cluster_corr_mixed_extreme_events_r03_s20260657,10,theta_037,0.9399945734270402,0.009154060603991031,0.9674999999999999,0.021133673288203852,1.3227775583453512,2.912211013333333
Training,syn_n50_k20_cluster_corr_mixed_extreme_events_r03_s20260657,10,theta_045,0.9399945734270402,0.009154060603991031,0.9674999999999999,0.021133673288203852,1.3227775583453512,2.96721836
Training,syn_n50_k20_cluster_corr_mixed_extreme_events_r03_s20260657,10,theta_047,0.9399945734270402,0.009154060603991031,0.9674999999999999,0.021133673288203852,1.3227775583453512,4.072712163333334
Training,syn_n50_k20_cluster_corr_mixed_extreme_events_r03_s20260657,10,theta_067,0.9402720219314048,0.010071621153031368,0.9497222222222222,0.02234263950835745,1.2904451031496054,3.4817344200000004
Training,syn_n50_k20_cluster_corr_mixed_extreme_events_r03_s20260657,10,theta_076,0.9402720219314048,0.010071621153031368,0.9497222222222222,0.02234263950835745,1.2904451031496054,3.4972688766666664
Training,syn_n50_k20_cluster_corr_mixed_extreme_events_r03_s20260657,10,theta_078,0.9402720219314048,0.010071621153031368,0.9497222222222222,0.02234263950835745,1.2904451031496054,2.794175623333335
Training,syn_n50_k20_cluster_corr_mixed_extreme_events_r03_s20260657,10,theta_084,0.9444179439110606,0.007351776727375106,0.9658333333333332,0.02227343845979881,1.2958169547516634,2.7773985800000007
Training,syn_n50_k20_cluster_corr_mixed_extreme_events_r03_s20260657,10,theta_086,0.9444179439110606,0.007351776727375106,0.9658333333333332,0.02227343845979881,1.2958169547516634,4.023903550000001
Training,syn_n50_k20_cluster_corr_mixed_extreme_events_r03_s20260657,10,theta_089,0.9444179439110606,0.007351776727375106,0.9658333333333332,0.02227343845979881,1.2958169547516634,3.6764950900000004
Training,syn_n50_k20_cluster_corr_mixed_extreme_events_r03_s20260657,10,theta_118,0.9404177148695433,0.009328396471244891,0.9636111111111111,0.023559208224092507,1.3178824942581557,3.4506182966666663
Training,syn_n50_k20_cluster_corr_mixed_extreme_events_r03_s20260657,10,theta_131,0.9404177148695433,0.009328396471244891,0.9636111111111111,0.023559208224092507,1.3178824942581557,3.2013486199999996
Training,syn_n50_k20_cluster_corr_mixed_extreme_events_r03_s20260657,10,theta_132,0.9404177148695433,0.009328396471244891,0.9636111111111111,0.023559208224092507,1.3178824942581557,3.5441470133333337
Training,syn_n50_k20_cluster_corr_mixed_extreme_events_r03_s20260657,10,theta_144,0.9409823751860312,0.009824747398331474,0.9516666666666667,0.025990020841504438,1.2912238645997602,3.01616998
Training,syn_n50_k20_cluster_corr_mixed_extreme_events_r03_s20260657,10,theta_159,0.9409823751860312,0.009824747398331474,0.9516666666666667,0.025990020841504438,1.2912238645997602,3.331716043333334
Training,syn_n50_k20_cluster_corr_mixed_extreme_events_r03_s20260657,10,theta_164,0.9429104861225105,0.007488064091109853,0.9677777777777777,0.019322286850473252,1.311228667739327,4.358772196666666
Training,syn_n50_k20_cluster_corr_mixed_extreme_events_r03_s20260657,10,theta_170,0.9429104861225105,0.007488064091109853,0.9677777777777777,0.019322286850473252,1.311228667739327,3.6273558166666664
Training,syn_n50_k20_cluster_corr_mixed_extreme_events_r03_s20260657,10,theta_175,0.9429104861225105,0.007488064091109853,0.9677777777777777,0.019322286850473252,1.311228667739327,3.741093916666667
Training,syn_n50_k20_cluster_corr_mixed_extreme_events_r03_s20260657,10,theta_189,0.9429104861225105,0.007488064091109853,0.9677777777777777,0.019322286850473252,1.311228667739327,8.419340266666667
Training,syn_n50_k20_cluster_corr_mixed_extreme_events_r03_s20260657,10,theta_200,0.9419002845645955,0.008144446717812613,0.9797222222222224,0.014687540694728237,1.3304650903760218,7.856218326666668
Training,syn_n50_k20_cluster_corr_mixed_extreme_events_r03_s20260657,10,theta_223,0.9416228291872615,0.008752314879641851,0.9661111111111111,0.022738594329217852,1.3080961964850295,9.007405653333334
Training,syn_n50_k20_cluster_corr_mixed_extreme_events_r03_s20260657,10,theta_234,0.9416228291872615,0.008752314879641851,0.9661111111111111,0.022738594329217852,1.3080961964850295,3.6398128499999993
Training,syn_n50_k20_cluster_corr_mixed_extreme_events_r03_s20260657,10,theta_237,0.9416228291872615,0.008752314879641851,0.9661111111111111,0.022738594329217852,1.3080961964850295,3.46889204
Training,syn_n50_k20_cluster_corr_skewed_high_vol_r01_s20260662,10,theta_011,1.0627372769450356,0.014514760270561108,0.8194444444444445,0.061907861393294135,1.270183153191385,1.59913265
Training,syn_n50_k20_cluster_corr_skewed_high_vol_r01_s20260662,10,theta_034,1.0474784978722043,0.03202632381972808,0.6352777777777779,0.09135943067586674,1.274234433829835,2.229028563333333
Training,syn_n50_k20_cluster_corr_skewed_high_vol_r01_s20260662,10,theta_037,1.0474784978722043,0.03202632381972808,0.6352777777777779,0.09135943067586674,1.274234433829835,2.6239021566666665
Training,syn_n50_k20_cluster_corr_skewed_high_vol_r01_s20260662,10,theta_045,1.0474784978722043,0.03202632381972808,0.6352777777777779,0.09135943067586674,1.274234433829835,2.6903397133333327
Training,syn_n50_k20_cluster_corr_skewed_high_vol_r01_s20260662,10,theta_047,1.0474784978722043,0.03202632381972808,0.6352777777777779,0.09135943067586674,1.274234433829835,3.599585273333333
Training,syn_n50_k20_cluster_corr_skewed_high_vol_r01_s20260662,10,theta_067,1.0493396521366785,0.02900880321889918,0.6047222222222223,0.08137435746874441,1.222508603975077,2.940239343333333
Training,syn_n50_k20_cluster_corr_skewed_high_vol_r01_s20260662,10,theta_076,1.0493396521366785,0.02900880321889918,0.6047222222222223,0.08137435746874441,1.222508603975077,3.0842836499999993
Training,syn_n50_k20_cluster_corr_skewed_high_vol_r01_s20260662,10,theta_078,1.0493396521366785,0.02900880321889918,0.6047222222222223,0.08137435746874441,1.222508603975077,2.4358693000000002
Training,syn_n50_k20_cluster_corr_skewed_high_vol_r01_s20260662,10,theta_084,1.063025939084055,0.014071966834758172,0.8533333333333334,0.05569377333815744,1.2774313775116573,2.4841495566666665
Training,syn_n50_k20_cluster_corr_skewed_high_vol_r01_s20260662,10,theta_086,1.063025939084055,0.014071966834758172,0.8533333333333334,0.05569377333815744,1.2774313775116573,3.31122867
Training,syn_n50_k20_cluster_corr_skewed_high_vol_r01_s20260662,10,theta_089,1.063025939084055,0.014071966834758172,0.8533333333333334,0.05569377333815744,1.2774313775116573,3.1739095900000005
Training,syn_n50_k20_cluster_corr_skewed_high_vol_r01_s20260662,10,theta_118,1.0550794233084095,0.017743498537578565,0.6900000000000001,0.07965211120975084,1.3060321324647566,2.9536617333333335
Training,syn_n50_k20_cluster_corr_skewed_high_vol_r01_s20260662,10,theta_131,1.0550794233084095,0.017743498537578565,0.6900000000000001,0.07965211120975084,1.3060321324647566,2.928155133333333
Training,syn_n50_k20_cluster_corr_skewed_high_vol_r01_s20260662,10,theta_132,1.0550794233084095,0.017743498537578565,0.6900000000000001,0.07965211120975084,1.3060321324647566,3.1142397500000003
Training,syn_n50_k20_cluster_corr_skewed_high_vol_r01_s20260662,10,theta_144,1.0464287084168526,0.043529555707333294,0.6677777777777778,0.11157950574443395,1.2019038481342832,2.544798533333333
Training,syn_n50_k20_cluster_corr_skewed_high_vol_r01_s20260662,10,theta_159,1.0464287084168526,0.043529555707333294,0.6677777777777778,0.11157950574443395,1.2019038481342832,2.954327526666667
Training,syn_n50_k20_cluster_corr_skewed_high_vol_r01_s20260662,10,theta_164,1.0661872603333085,0.012312074628940064,0.9155555555555556,0.043280453860140004,1.3037075185507125,3.5423901633333332
Training,syn_n50_k20_cluster_corr_skewed_high_vol_r01_s20260662,10,theta_170,1.0661872603333085,0.012312074628940064,0.9155555555555556,0.043280453860140004,1.3037075185507125,3.248916863333333
Training,syn_n50_k20_cluster_corr_skewed_high_vol_r01_s20260662,10,theta_175,1.0661872603333085,0.012312074628940064,0.9155555555555556,0.043280453860140004,1.3037075185507125,3.4110653233333332
Training,syn_n50_k20_cluster_corr_skewed_high_vol_r01_s20260662,10,theta_189,1.0661872603333085,0.012312074628940064,0.9155555555555556,0.043280453860140004,1.3037075185507125,7.486805093333333
Training,syn_n50_k20_cluster_corr_skewed_high_vol_r01_s20260662,10,theta_200,1.061129830062972,0.013521143216631263,0.826111111111111,0.07195867199832631,1.3074842830511415,7.1254809266666665
Training,syn_n50_k20_cluster_corr_skewed_high_vol_r01_s20260662,10,theta_223,1.0475537686116783,0.03125330802089053,0.7305555555555556,0.09788114563213611,1.256574939467937,7.399381183333334
Training,syn_n50_k20_cluster_corr_skewed_high_vol_r01_s20260662,10,theta_234,1.0475537686116783,0.03125330802089053,0.7305555555555556,0.09788114563213611,1.256574939467937,3.073351873333333
Training,syn_n50_k20_cluster_corr_skewed_high_vol_r01_s20260662,10,theta_237,1.0475537686116783,0.03125330802089053,0.7305555555555556,0.09788114563213611,1.256574939467937,3.086908066666667
Training,syn_n50_k20_high_corr_heavy_tail_extreme_events_r01_s20260660,10,theta_011,1.0203335851845499,0.06414576945190424,0.749722222222222,0.05741037667934946,1.1001675351580713,1.8499507966666668
Training,syn_n50_k20_high_corr_heavy_tail_extreme_events_r01_s20260660,10,theta_034,1.025167551981022,0.0288510446834488,0.8488888888888888,0.0570284865301774,1.2743722235400134,2.310185506666666
Training,syn_n50_k20_high_corr_heavy_tail_extreme_events_r01_s20260660,10,theta_037,1.025167551981022,0.0288510446834488,0.8488888888888888,0.0570284865301774,1.2743722235400134,2.755833003333333
Training,syn_n50_k20_high_corr_heavy_tail_extreme_events_r01_s20260660,10,theta_045,1.025167551981022,0.0288510446834488,0.8488888888888888,0.0570284865301774,1.2743722235400134,2.7566170766666653
Training,syn_n50_k20_high_corr_heavy_tail_extreme_events_r01_s20260660,10,theta_047,1.025167551981022,0.0288510446834488,0.8488888888888888,0.0570284865301774,1.2743722235400134,3.853826063333334
Training,syn_n50_k20_high_corr_heavy_tail_extreme_events_r01_s20260660,10,theta_067,1.0223831420767346,0.04320167350560359,0.7866666666666667,0.044425641264623415,1.2010569833894558,3.27190521
Training,syn_n50_k20_high_corr_heavy_tail_extreme_events_r01_s20260660,10,theta_076,1.0223831420767346,0.04320167350560359,0.7866666666666667,0.044425641264623415,1.2010569833894558,3.3819493333333326
Training,syn_n50_k20_high_corr_heavy_tail_extreme_events_r01_s20260660,10,theta_078,1.0223831420767346,0.04320167350560359,0.7866666666666667,0.044425641264623415,1.2010569833894558,2.5574169266666664
Training,syn_n50_k20_high_corr_heavy_tail_extreme_events_r01_s20260660,10,theta_084,1.020465021088423,0.06894378656921112,0.7333333333333335,0.04799977866325305,1.0806012217542635,2.74935945
Training,syn_n50_k20_high_corr_heavy_tail_extreme_events_r01_s20260660,10,theta_086,1.020465021088423,0.06894378656921112,0.7333333333333335,0.04799977866325305,1.0806012217542635,3.610029883333333
Training,syn_n50_k20_high_corr_heavy_tail_extreme_events_r01_s20260660,10,theta_089,1.020465021088423,0.06894378656921112,0.7333333333333335,0.04799977866325305,1.0806012217542635,3.638665286666666
Training,syn_n50_k20_high_corr_heavy_tail_extreme_events_r01_s20260660,10,theta_118,1.027940508727179,0.020761401191575126,0.8858333333333335,0.05210216283437583,1.3092566551151008,3.1136966100000003
Training,syn_n50_k20_high_corr_heavy_tail_extreme_events_r01_s20260660,10,theta_131,1.027940508727179,0.020761401191575126,0.8858333333333335,0.05210216283437583,1.3092566551151008,3.08283343
Training,syn_n50_k20_high_corr_heavy_tail_extreme_events_r01_s20260660,10,theta_132,1.027940508727179,0.020761401191575126,0.8858333333333335,0.05210216283437583,1.3092566551151008,3.1875694633333334
Training,syn_n50_k20_high_corr_heavy_tail_extreme_events_r01_s20260660,10,theta_144,1.020854047527448,0.05179242965155337,0.7711111111111112,0.0534765627071306,1.161672086354458,2.9661518100000004
Training,syn_n50_k20_high_corr_heavy_tail_extreme_events_r01_s20260660,10,theta_159,1.020854047527448,0.05179242965155337,0.7711111111111112,0.0534765627071306,1.161672086354458,3.076201466666667
Training,syn_n50_k20_high_corr_heavy_tail_extreme_events_r01_s20260660,10,theta_164,1.021979257512263,0.058798714247701986,0.7480555555555555,0.05536867762630139,1.1276890545567473,4.05884971
Training,syn_n50_k20_high_corr_heavy_tail_extreme_events_r01_s20260660,10,theta_170,1.021979257512263,0.058798714247701986,0.7480555555555555,0.05536867762630139,1.1276890545567473,3.66175403
Training,syn_n50_k20_high_corr_heavy_tail_extreme_events_r01_s20260660,10,theta_175,1.021979257512263,0.058798714247701986,0.7480555555555555,0.05536867762630139,1.1276890545567473,3.718404993333333
Training,syn_n50_k20_high_corr_heavy_tail_extreme_events_r01_s20260660,10,theta_189,1.021979257512263,0.058798714247701986,0.7480555555555555,0.05536867762630139,1.1276890545567473,8.333529576666667
Training,syn_n50_k20_high_corr_heavy_tail_extreme_events_r01_s20260660,10,theta_200,1.031568612467333,0.014744020542971865,0.9411111111111111,0.04670789229317683,1.3405763596024642,7.409607593333334
Training,syn_n50_k20_high_corr_heavy_tail_extreme_events_r01_s20260660,10,theta_223,1.0272937061796308,0.02455382466063203,0.857777777777778,0.05646909944107186,1.2984733744744532,7.474509633333333
Training,syn_n50_k20_high_corr_heavy_tail_extreme_events_r01_s20260660,10,theta_234,1.0272937061796308,0.02455382466063203,0.857777777777778,0.05646909944107186,1.2984733744744532,3.2891730200000007
Training,syn_n50_k20_high_corr_heavy_tail_extreme_events_r01_s20260660,10,theta_237,1.0272937061796308,0.02455382466063203,0.857777777777778,0.05646909944107186,1.2984733744744532,3.238152346666667
Training,syn_n50_k20_high_corr_mixed_high_vol_r02_s20260654,10,theta_011,0.9319080248797972,0.01184935328692554,0.9333333333333335,0.018761228374991865,1.2276331960030509,1.9383229033333336
Training,syn_n50_k20_high_corr_mixed_high_vol_r02_s20260654,10,theta_034,0.9352277813144927,0.008094557082259247,0.9716666666666668,0.024416802605596824,1.3149947044129793,2.6052704700000002
Training,syn_n50_k20_high_corr_mixed_high_vol_r02_s20260654,10,theta_037,0.9352277813144927,0.008094557082259247,0.9716666666666668,0.024416802605596824,1.3149947044129793,2.9124399166666657
Training,syn_n50_k20_high_corr_mixed_high_vol_r02_s20260654,10,theta_045,0.9352277813144927,0.008094557082259247,0.9716666666666668,0.024416802605596824,1.3149947044129793,2.88922169
Training,syn_n50_k20_high_corr_mixed_high_vol_r02_s20260654,10,theta_047,0.9352277813144927,0.008094557082259247,0.9716666666666668,0.024416802605596824,1.3149947044129793,3.9950924466666664
Training,syn_n50_k20_high_corr_mixed_high_vol_r02_s20260654,10,theta_067,0.933802321426251,0.009609555966794907,0.9622222222222222,0.02331295906499232,1.2708791735156415,3.448757163333333
Training,syn_n50_k20_high_corr_mixed_high_vol_r02_s20260654,10,theta_076,0.933802321426251,0.009609555966794907,0.9622222222222222,0.02331295906499232,1.2708791735156415,3.5925757966666665
Training,syn_n50_k20_high_corr_mixed_high_vol_r02_s20260654,10,theta_078,0.933802321426251,0.009609555966794907,0.9622222222222222,0.02331295906499232,1.2708791735156415,2.788090690000001
Training,syn_n50_k20_high_corr_mixed_high_vol_r02_s20260654,10,theta_084,0.9341103538832601,0.010217790315730894,0.9508333333333334,0.027451044801140835,1.2516396556782388,2.82902387
Training,syn_n50_k20_high_corr_mixed_high_vol_r02_s20260654,10,theta_086,0.9341103538832601,0.010217790315730894,0.9508333333333334,0.027451044801140835,1.2516396556782388,3.6267254833333333
Training,syn_n50_k20_high_corr_mixed_high_vol_r02_s20260654,10,theta_089,0.9341103538832601,0.010217790315730894,0.9508333333333334,0.027451044801140835,1.2516396556782388,3.6436791600000005
Training,syn_n50_k20_high_corr_mixed_high_vol_r02_s20260654,10,theta_118,0.9367241344918344,0.007629817599088978,0.9772222222222223,0.030620325705324452,1.3120409018386303,3.36686874
Training,syn_n50_k20_high_corr_mixed_high_vol_r02_s20260654,10,theta_131,0.9367241344918344,0.007629817599088978,0.9772222222222223,0.030620325705324452,1.3120409018386303,3.4021963200000007
Training,syn_n50_k20_high_corr_mixed_high_vol_r02_s20260654,10,theta_132,0.9367241344918344,0.007629817599088978,0.9772222222222223,0.030620325705324452,1.3120409018386303,3.392947433333333
Training,syn_n50_k20_high_corr_mixed_high_vol_r02_s20260654,10,theta_144,0.9340711227334603,0.009771556863495479,0.9602777777777778,0.02937151162289669,1.2704872180192506,3.516636913333334
Training,syn_n50_k20_high_corr_mixed_high_vol_r02_s20260654,10,theta_159,0.9340711227334603,0.009771556863495479,0.9602777777777778,0.02937151162289669,1.2704872180192506,3.25844741
Training,syn_n50_k20_high_corr_mixed_high_vol_r02_s20260654,10,theta_164,0.9329212173876237,0.01060179258499105,0.9269444444444445,0.03066992899948577,1.2682162562755679,4.287476846666666
Training,syn_n50_k20_high_corr_mixed_high_vol_r02_s20260654,10,theta_170,0.9329212173876237,0.01060179258499105,0.9269444444444445,0.03066992899948577,1.2682162562755679,3.578180853333333
Training,syn_n50_k20_high_corr_mixed_high_vol_r02_s20260654,10,theta_175,0.9329212173876237,0.01060179258499105,0.9269444444444445,0.03066992899948577,1.2682162562755679,3.6832632333333337
Training,syn_n50_k20_high_corr_mixed_high_vol_r02_s20260654,10,theta_189,0.9329212173876237,0.01060179258499105,0.9269444444444445,0.03066992899948577,1.2682162562755679,8.427475996666667
Training,syn_n50_k20_high_corr_mixed_high_vol_r02_s20260654,10,theta_200,0.9384170225592446,0.006493501030280827,0.9836111111111112,0.024691659349332682,1.3301483227788051,7.847520423333334
Training,syn_n50_k20_high_corr_mixed_high_vol_r02_s20260654,10,theta_223,0.9360684494609336,0.008251083438770549,0.9708333333333333,0.02513944340121715,1.2979818776993846,8.11555968
Training,syn_n50_k20_high_corr_mixed_high_vol_r02_s20260654,10,theta_234,0.9360684494609336,0.008251083438770549,0.9708333333333333,0.02513944340121715,1.2979818776993846,3.5717947866666666
Training,syn_n50_k20_high_corr_mixed_high_vol_r02_s20260654,10,theta_237,0.9360684494609336,0.008251083438770549,0.9708333333333333,0.02513944340121715,1.2979818776993846,3.4112788999999997
Training,syn_n50_k20_high_corr_normal_low_vol_r03_s20260655,10,theta_011,0.9209848100066709,0.012499835727777788,0.896388888888889,0.021848229266501668,1.1920943511716924,2.00122921
Training,syn_n50_k20_high_corr_normal_low_vol_r03_s20260655,10,theta_034,0.9174771748916876,0.012801259705860152,0.9069444444444444,0.03346190850362972,1.2831762250339125,2.523119049999999
Training,syn_n50_k20_high_corr_normal_low_vol_r03_s20260655,10,theta_037,0.9174771748916876,0.012801259705860152,0.9069444444444444,0.03346190850362972,1.2831762250339125,2.9481478966666677
Training,syn_n50_k20_high_corr_normal_low_vol_r03_s20260655,10,theta_045,0.9174771748916876,0.012801259705860152,0.9069444444444444,0.03346190850362972,1.2831762250339125,2.9996524999999994
Training,syn_n50_k20_high_corr_normal_low_vol_r03_s20260655,10,theta_047,0.9174771748916876,0.012801259705860152,0.9069444444444444,0.03346190850362972,1.2831762250339125,4.0522788133333325
Training,syn_n50_k20_high_corr_normal_low_vol_r03_s20260655,10,theta_067,0.9214366581018959,0.011481521657434268,0.9152777777777777,0.024323814151849067,1.2572396402644583,3.6262652766666674
Training,syn_n50_k20_high_corr_normal_low_vol_r03_s20260655,10,theta_076,0.9214366581018959,0.011481521657434268,0.9152777777777777,0.024323814151849067,1.2572396402644583,3.5998289400000005
Training,syn_n50_k20_high_corr_normal_low_vol_r03_s20260655,10,theta_078,0.9214366581018959,0.011481521657434268,0.9152777777777777,0.024323814151849067,1.2572396402644583,3.1557821200000005
Training,syn_n50_k20_high_corr_normal_low_vol_r03_s20260655,10,theta_084,0.9234136069320669,0.01016920381705853,0.9152777777777779,0.02357338321470653,1.2477988464442975,2.8328215
Training,syn_n50_k20_high_corr_normal_low_vol_r03_s20260655,10,theta_086,0.9234136069320669,0.01016920381705853,0.9152777777777779,0.02357338321470653,1.2477988464442975,4.07633197
Training,syn_n50_k20_high_corr_normal_low_vol_r03_s20260655,10,theta_089,0.9234136069320669,0.01016920381705853,0.9152777777777779,0.02357338321470653,1.2477988464442975,3.890750666666667
Training,syn_n50_k20_high_corr_normal_low_vol_r03_s20260655,10,theta_118,0.9189816853683861,0.011425376784694538,0.9325,0.021413445526798403,1.3062941106929649,3.3735689300000002
Training,syn_n50_k20_high_corr_normal_low_vol_r03_s20260655,10,theta_131,0.9189816853683861,0.011425376784694538,0.9325,0.021413445526798403,1.3062941106929649,3.3443621099999996
Training,syn_n50_k20_high_corr_normal_low_vol_r03_s20260655,10,theta_132,0.9189816853683861,0.011425376784694538,0.9325,0.021413445526798403,1.3062941106929649,3.4548119366666663
Training,syn_n50_k20_high_corr_normal_low_vol_r03_s20260655,10,theta_144,0.9176825571847115,0.013854914609633128,0.8883333333333335,0.03265356978626695,1.2378263679449981,3.70663089
Training,syn_n50_k20_high_corr_normal_low_vol_r03_s20260655,10,theta_159,0.9176825571847115,0.013854914609633128,0.8883333333333335,0.03265356978626695,1.2378263679449981,3.2939815133333337
Training,syn_n50_k20_high_corr_normal_low_vol_r03_s20260655,10,theta_164,0.9224163787675729,0.010892611904867398,0.9172222222222224,0.03293588080587142,1.241023117363903,4.14819082
Training,syn_n50_k20_high_corr_normal_low_vol_r03_s20260655,10,theta_170,0.9224163787675729,0.010892611904867398,0.9172222222222224,0.03293588080587142,1.241023117363903,3.678426
Training,syn_n50_k20_high_corr_normal_low_vol_r03_s20260655,10,theta_175,0.9224163787675729,0.010892611904867398,0.9172222222222224,0.03293588080587142,1.241023117363903,3.799671743333333
Training,syn_n50_k20_high_corr_normal_low_vol_r03_s20260655,10,theta_189,0.9224163787675729,0.010892611904867398,0.9172222222222224,0.03293588080587142,1.241023117363903,8.708980446666667
Training,syn_n50_k20_high_corr_normal_low_vol_r03_s20260655,10,theta_200,0.9228144724833035,0.008805504011152824,0.961111111111111,0.023514694212299035,1.339521432661664,7.713232286666666
Training,syn_n50_k20_high_corr_normal_low_vol_r03_s20260655,10,theta_223,0.9196274475791444,0.011912446649756037,0.9219444444444445,0.030814342572453145,1.2701783566423757,8.243713886666667
Training,syn_n50_k20_high_corr_normal_low_vol_r03_s20260655,10,theta_234,0.9196274475791444,0.011912446649756037,0.9219444444444445,0.030814342572453145,1.2701783566423757,3.4392090333333343
Training,syn_n50_k20_high_corr_normal_low_vol_r03_s20260655,10,theta_237,0.9196274475791444,0.011912446649756037,0.9219444444444445,0.030814342572453145,1.2701783566423757,3.4974343300000004
Training,syn_n50_k20_low_corr_heavy_tail_high_vol_r03_s20260651,10,theta_011,1.0358078324894384,0.008213359653658476,0.9525000000000002,0.024718921951392015,1.2631374169670997,1.6873184233333332
Training,syn_n50_k20_low_corr_heavy_tail_high_vol_r03_s20260651,10,theta_034,1.024875246502456,0.01880262964641829,0.81,0.060230280058668685,1.2351777867066998,2.3141605166666666
Training,syn_n50_k20_low_corr_heavy_tail_high_vol_r03_s20260651,10,theta_037,1.024875246502456,0.01880262964641829,0.81,0.060230280058668685,1.2351777867066998,2.6405505166666665
Training,syn_n50_k20_low_corr_heavy_tail_high_vol_r03_s20260651,10,theta_045,1.024875246502456,0.01880262964641829,0.81,0.060230280058668685,1.2351777867066998,2.6899566833333335
Training,syn_n50_k20_low_corr_heavy_tail_high_vol_r03_s20260651,10,theta_047,1.024875246502456,0.01880262964641829,0.81,0.060230280058668685,1.2351777867066998,3.648152146666667
Training,syn_n50_k20_low_corr_heavy_tail_high_vol_r03_s20260651,10,theta_067,1.0252082601331483,0.022925826884902252,0.8186111111111111,0.07725452285907038,1.1905265785360988,3.028161666666667
Training,syn_n50_k20_low_corr_heavy_tail_high_vol_r03_s20260651,10,theta_076,1.0252082601331483,0.022925826884902252,0.8186111111111111,0.07725452285907038,1.1905265785360988,3.1091111933333333
Training,syn_n50_k20_low_corr_heavy_tail_high_vol_r03_s20260651,10,theta_078,1.0252082601331483,0.022925826884902252,0.8186111111111111,0.07725452285907038,1.1905265785360988,2.6981304666666666
Training,syn_n50_k20_low_corr_heavy_tail_high_vol_r03_s20260651,10,theta_084,1.0356616015594733,0.00792846014893606,0.9677777777777777,0.023903610798259735,1.2774823717806818,2.5405594733333334
Training,syn_n50_k20_low_corr_heavy_tail_high_vol_r03_s20260651,10,theta_086,1.0356616015594733,0.00792846014893606,0.9677777777777777,0.023903610798259735,1.2774823717806818,3.2750903300000003
Training,syn_n50_k20_low_corr_heavy_tail_high_vol_r03_s20260651,10,theta_089,1.0356616015594733,0.00792846014893606,0.9677777777777777,0.023903610798259735,1.2774823717806818,3.305881733333334
Training,syn_n50_k20_low_corr_heavy_tail_high_vol_r03_s20260651,10,theta_118,1.0292193518277284,0.012148779680930592,0.913888888888889,0.032889043947458695,1.2612527330216825,2.8859805333333335
Training,syn_n50_k20_low_corr_heavy_tail_high_vol_r03_s20260651,10,theta_131,1.0292193518277284,0.012148779680930592,0.913888888888889,0.032889043947458695,1.2612527330216825,3.1462044
Training,syn_n50_k20_low_corr_heavy_tail_high_vol_r03_s20260651,10,theta_132,1.0292193518277284,0.012148779680930592,0.913888888888889,0.032889043947458695,1.2612527330216825,3.237515023333334
Training,syn_n50_k20_low_corr_heavy_tail_high_vol_r03_s20260651,10,theta_144,1.0161869373899601,0.04815768059930577,0.7408333333333335,0.07395610091497386,1.1251775759890743,3.3856464866666665
Training,syn_n50_k20_low_corr_heavy_tail_high_vol_r03_s20260651,10,theta_159,1.0161869373899601,0.04815768059930577,0.7408333333333335,0.07395610091497386,1.1251775759890743,2.9822578966666664
Training,syn_n50_k20_low_corr_heavy_tail_high_vol_r03_s20260651,10,theta_164,1.0340467786177998,0.008420392779143226,0.9688888888888891,0.023741856587036626,1.2955612564071959,3.423701733333333
Training,syn_n50_k20_low_corr_heavy_tail_high_vol_r03_s20260651,10,theta_170,1.0340467786177998,0.008420392779143226,0.9688888888888891,0.023741856587036626,1.2955612564071959,3.3972228033333334
Training,syn_n50_k20_low_corr_heavy_tail_high_vol_r03_s20260651,10,theta_175,1.0340467786177998,0.008420392779143226,0.9688888888888891,0.023741856587036626,1.2955612564071959,3.343142763333334
Training,syn_n50_k20_low_corr_heavy_tail_high_vol_r03_s20260651,10,theta_189,1.0340467786177998,0.008420392779143226,0.9688888888888891,0.023741856587036626,1.2955612564071959,7.82569789
Training,syn_n50_k20_low_corr_heavy_tail_high_vol_r03_s20260651,10,theta_200,1.0282446073353675,0.011747765932766706,0.8783333333333333,0.032971876947216046,1.3041627149330104,7.1346587
Training,syn_n50_k20_low_corr_heavy_tail_high_vol_r03_s20260651,10,theta_223,1.0245719408978105,0.027115457028083087,0.8480555555555558,0.06653635071928707,1.2106161031948033,7.2246827399999995
Training,syn_n50_k20_low_corr_heavy_tail_high_vol_r03_s20260651,10,theta_234,1.0245719408978105,0.027115457028083087,0.8480555555555558,0.06653635071928707,1.2106161031948033,3.1921131266666665
Training,syn_n50_k20_low_corr_heavy_tail_high_vol_r03_s20260651,10,theta_237,1.0245719408978105,0.027115457028083087,0.8480555555555558,0.06653635071928707,1.2106161031948033,3.091151023333333
Training,syn_n50_k20_low_corr_normal_low_vol_r01_s20260656,10,theta_011,1.0761032639996073,0.039347383984061075,0.7002777777777777,0.03801057823625083,1.09644465852576,1.5992435200000001
Training,syn_n50_k20_low_corr_normal_low_vol_r01_s20260656,10,theta_034,1.0680835910151505,0.031070238253146365,0.6133333333333333,0.07426270508280544,1.205473869497561,2.2201674300000005
Training,syn_n50_k20_low_corr_normal_low_vol_r01_s20260656,10,theta_037,1.0680835910151505,0.031070238253146365,0.6133333333333333,0.07426270508280544,1.205473869497561,2.6046588266666664
Training,syn_n50_k20_low_corr_normal_low_vol_r01_s20260656,10,theta_045,1.0680835910151505,0.031070238253146365,0.6133333333333333,0.07426270508280544,1.205473869497561,2.6595532566666673
Training,syn_n50_k20_low_corr_normal_low_vol_r01_s20260656,10,theta_047,1.0680835910151505,0.031070238253146365,0.6133333333333333,0.07426270508280544,1.205473869497561,3.5778111966666666
Training,syn_n50_k20_low_corr_normal_low_vol_r01_s20260656,10,theta_067,1.0611112475824092,0.05263983999145181,0.5947222222222222,0.08374356476670754,1.1039701572656822,3.0733848333333333
Training,syn_n50_k20_low_corr_normal_low_vol_r01_s20260656,10,theta_076,1.0611112475824092,0.05263983999145181,0.5947222222222222,0.08374356476670754,1.1039701572656822,2.773885683333333
Training,syn_n50_k20_low_corr_normal_low_vol_r01_s20260656,10,theta_078,1.0611112475824092,0.05263983999145181,0.5947222222222222,0.08374356476670754,1.1039701572656822,2.3026480966666667
Training,syn_n50_k20_low_corr_normal_low_vol_r01_s20260656,10,theta_084,1.0823486631985004,0.027776873495666855,0.7794444444444444,0.03894465925077915,1.1506077299087478,2.4355213700000005
Training,syn_n50_k20_low_corr_normal_low_vol_r01_s20260656,10,theta_086,1.0823486631985004,0.027776873495666855,0.7794444444444444,0.03894465925077915,1.1506077299087478,3.2022086600000006
Training,syn_n50_k20_low_corr_normal_low_vol_r01_s20260656,10,theta_089,1.0823486631985004,0.027776873495666855,0.7794444444444444,0.03894465925077915,1.1506077299087478,3.267171123333333
Training,syn_n50_k20_low_corr_normal_low_vol_r01_s20260656,10,theta_118,1.0688213534468562,0.028480327611099417,0.6525,0.09701822545748318,1.2182794788684357,2.9183198433333333
Training,syn_n50_k20_low_corr_normal_low_vol_r01_s20260656,10,theta_131,1.0688213534468562,0.028480327611099417,0.6525,0.09701822545748318,1.2182794788684357,2.92098076
Training,syn_n50_k20_low_corr_normal_low_vol_r01_s20260656,10,theta_132,1.0688213534468562,0.028480327611099417,0.6525,0.09701822545748318,1.2182794788684357,3.0388327966666666
Training,syn_n50_k20_low_corr_normal_low_vol_r01_s20260656,10,theta_144,1.0572532172415685,0.06807595740888737,0.6469444444444444,0.10920301518085718,1.0825757600246375,3.4234936199999995
Training,syn_n50_k20_low_corr_normal_low_vol_r01_s20260656,10,theta_159,1.0572532172415685,0.06807595740888737,0.6469444444444444,0.10920301518085718,1.0825757600246375,3.0496062433333333
Training,syn_n50_k20_low_corr_normal_low_vol_r01_s20260656,10,theta_164,1.0805381545981652,0.028497467228225857,0.7611111111111111,0.053357636369331614,1.1411827268137886,3.3035162500000004
Training,syn_n50_k20_low_corr_normal_low_vol_r01_s20260656,10,theta_170,1.0805381545981652,0.028497467228225857,0.7611111111111111,0.053357636369331614,1.1411827268137886,3.3808149
Training,syn_n50_k20_low_corr_normal_low_vol_r01_s20260656,10,theta_175,1.0805381545981652,0.028497467228225857,0.7611111111111111,0.053357636369331614,1.1411827268137886,3.114153283333333
Training,syn_n50_k20_low_corr_normal_low_vol_r01_s20260656,10,theta_189,1.0805381545981652,0.028497467228225857,0.7611111111111111,0.053357636369331614,1.1411827268137886,7.347275050000001
Training,syn_n50_k20_low_corr_normal_low_vol_r01_s20260656,10,theta_200,1.0749934286907317,0.019172359245613113,0.6900000000000002,0.08059232372544642,1.2607875156390902,7.074488060000001
Training,syn_n50_k20_low_corr_normal_low_vol_r01_s20260656,10,theta_223,1.0591217429224373,0.06189532914491707,0.6016666666666666,0.09294216147047309,1.0726821919373697,7.559831426666666
Training,syn_n50_k20_low_corr_normal_low_vol_r01_s20260656,10,theta_234,1.0591217429224373,0.06189532914491707,0.6016666666666666,0.09294216147047309,1.0726821919373697,3.1521331833333326
Training,syn_n50_k20_low_corr_normal_low_vol_r01_s20260656,10,theta_237,1.0591217429224373,0.06189532914491707,0.6016666666666666,0.09294216147047309,1.0726821919373697,3.0734794500000007
Training,syn_n50_k20_low_corr_skewed_extreme_events_r02_s20260653,10,theta_011,1.0788646953540193,0.09862731291303069,0.6558333333333335,0.02590930937689843,0.932219107761145,1.6234588166666666
Training,syn_n50_k20_low_corr_skewed_extreme_events_r02_s20260653,10,theta_034,1.078741997326666,0.04984421694463322,0.6813888888888892,0.07796575716295456,1.1482377637677403,2.1981530433333334
Training,syn_n50_k20_low_corr_skewed_extreme_events_r02_s20260653,10,theta_037,1.078741997326666,0.04984421694463322,0.6813888888888892,0.07796575716295456,1.1482377637677403,2.5860846166666662
Training,syn_n50_k20_low_corr_skewed_extreme_events_r02_s20260653,10,theta_045,1.078741997326666,0.04984421694463322,0.6813888888888892,0.07796575716295456,1.1482377637677403,2.634986743333333
Training,syn_n50_k20_low_corr_skewed_extreme_events_r02_s20260653,10,theta_047,1.078741997326666,0.04984421694463322,0.6813888888888892,0.07796575716295456,1.1482377637677403,3.516180266666667
Training,syn_n50_k20_low_corr_skewed_extreme_events_r02_s20260653,10,theta_067,1.0705823805998513,0.07871520550054055,0.5894444444444443,0.050586679073917055,1.01879997127934,2.983608203333333
Training,syn_n50_k20_low_corr_skewed_extreme_events_r02_s20260653,10,theta_076,1.0705823805998513,0.07871520550054055,0.5894444444444443,0.050586679073917055,1.01879997127934,3.0379699833333333
Training,syn_n50_k20_low_corr_skewed_extreme_events_r02_s20260653,10,theta_078,1.0705823805998513,0.07871520550054055,0.5894444444444443,0.050586679073917055,1.01879997127934,2.2893992466666666
Training,syn_n50_k20_low_corr_skewed_extreme_events_r02_s20260653,10,theta_084,1.0822960613460293,0.0771800823658435,0.7180555555555556,0.07228938954541841,1.0140127957512626,2.375633056666667
Training,syn_n50_k20_low_corr_skewed_extreme_events_r02_s20260653,10,theta_086,1.0822960613460293,0.0771800823658435,0.7180555555555556,0.07228938954541841,1.0140127957512626,3.3597728066666663
Training,syn_n50_k20_low_corr_skewed_extreme_events_r02_s20260653,10,theta_089,1.0822960613460293,0.0771800823658435,0.7180555555555556,0.07228938954541841,1.0140127957512626,3.2239975966666674
Training,syn_n50_k20_low_corr_skewed_extreme_events_r02_s20260653,10,theta_118,1.0689190887639597,0.05938359511168143,0.6069444444444444,0.07306306274202834,1.106167256367677,2.967075799999999
Training,syn_n50_k20_low_corr_skewed_extreme_events_r02_s20260653,10,theta_131,1.0689190887639597,0.05938359511168143,0.6069444444444444,0.07306306274202834,1.106167256367677,3.208953323333333
Training,syn_n50_k20_low_corr_skewed_extreme_events_r02_s20260653,10,theta_132,1.0689190887639597,0.05938359511168143,0.6069444444444444,0.07306306274202834,1.106167256367677,2.973100286666667
Training,syn_n50_k20_low_corr_skewed_extreme_events_r02_s20260653,10,theta_144,1.0699109260097008,0.08373733294702239,0.6208333333333333,0.08330030564450516,1.0209718338206146,3.283798983333333
Training,syn_n50_k20_low_corr_skewed_extreme_events_r02_s20260653,10,theta_159,1.0699109260097008,0.08373733294702239,0.6208333333333333,0.08330030564450516,1.0209718338206146,2.9774956766666674
Training,syn_n50_k20_low_corr_skewed_extreme_events_r02_s20260653,10,theta_164,1.0847682777693977,0.0629461847037614,0.735,0.07807487551554491,1.048353762328114,3.28490113
Training,syn_n50_k20_low_corr_skewed_extreme_events_r02_s20260653,10,theta_170,1.0847682777693977,0.0629461847037614,0.735,0.07807487551554491,1.048353762328114,3.350742866666667
Training,syn_n50_k20_low_corr_skewed_extreme_events_r02_s20260653,10,theta_175,1.0847682777693977,0.0629461847037614,0.735,0.07807487551554491,1.048353762328114,3.1687574799999996
Training,syn_n50_k20_low_corr_skewed_extreme_events_r02_s20260653,10,theta_189,1.0847682777693977,0.0629461847037614,0.735,0.07807487551554491,1.048353762328114,7.487913853333334
Training,syn_n50_k20_low_corr_skewed_extreme_events_r02_s20260653,10,theta_200,1.0826539586587007,0.02446992357325369,0.7794444444444445,0.09297782883225308,1.2634299250462784,6.955420213333334
Training,syn_n50_k20_low_corr_skewed_extreme_events_r02_s20260653,10,theta_223,1.0834573579896534,0.041136827996816464,0.7516666666666667,0.08981274875022001,1.1574620676408125,7.6171687566666675
Training,syn_n50_k20_low_corr_skewed_extreme_events_r02_s20260653,10,theta_234,1.0834573579896534,0.041136827996816464,0.7516666666666667,0.08981274875022001,1.1574620676408125,3.08441257
Training,syn_n50_k20_low_corr_skewed_extreme_events_r02_s20260653,10,theta_237,1.0834573579896534,0.041136827996816464,0.7516666666666667,0.08981274875022001,1.1574620676408125,2.9866838099999997
Training,syn_n50_k20_pathological_cov_mixed_low_vol_r01_s20260652,10,theta_011,0.965020781827762,0.009568100853078437,0.9575,0.023067013920634667,1.376070627971937,1.5819689133333332
Training,syn_n50_k20_pathological_cov_mixed_low_vol_r01_s20260652,10,theta_034,0.9595222235172101,0.01659144934362561,0.9277777777777777,0.05711790357028574,1.3538823042564097,2.40280751
Training,syn_n50_k20_pathological_cov_mixed_low_vol_r01_s20260652,10,theta_037,0.9595222235172101,0.01659144934362561,0.9277777777777777,0.05711790357028574,1.3538823042564097,2.8236998200000003
Training,syn_n50_k20_pathological_cov_mixed_low_vol_r01_s20260652,10,theta_045,0.9595222235172101,0.01659144934362561,0.9277777777777777,0.05711790357028574,1.3538823042564097,2.7824905133333333
Training,syn_n50_k20_pathological_cov_mixed_low_vol_r01_s20260652,10,theta_047,0.9595222235172101,0.01659144934362561,0.9277777777777777,0.05711790357028574,1.3538823042564097,3.8907862366666675
Training,syn_n50_k20_pathological_cov_mixed_low_vol_r01_s20260652,10,theta_067,0.968623599338655,0.006465523453687532,0.9830555555555556,0.016198548735282935,1.3954390487146842,3.2742721233333336
Training,syn_n50_k20_pathological_cov_mixed_low_vol_r01_s20260652,10,theta_076,0.968623599338655,0.006465523453687532,0.9830555555555556,0.016198548735282935,1.3954390487146842,3.439393183333333
Training,syn_n50_k20_pathological_cov_mixed_low_vol_r01_s20260652,10,theta_078,0.968623599338655,0.006465523453687532,0.9830555555555556,0.016198548735282935,1.3954390487146842,2.5310086300000005
Training,syn_n50_k20_pathological_cov_mixed_low_vol_r01_s20260652,10,theta_084,0.954166301041721,0.016808214255017266,0.8872222222222224,0.040111068963211476,1.3777865380892476,2.48548118
Training,syn_n50_k20_pathological_cov_mixed_low_vol_r01_s20260652,10,theta_086,0.954166301041721,0.016808214255017266,0.8872222222222224,0.040111068963211476,1.3777865380892476,3.1905418266666667
Training,syn_n50_k20_pathological_cov_mixed_low_vol_r01_s20260652,10,theta_089,0.954166301041721,0.016808214255017266,0.8872222222222224,0.040111068963211476,1.3777865380892476,3.2597254599999994
Training,syn_n50_k20_pathological_cov_mixed_low_vol_r01_s20260652,10,theta_118,0.9708541441074345,0.005514891876367162,0.9883333333333334,0.01175990638607797,1.3958739322954254,3.3651607433333326
Training,syn_n50_k20_pathological_cov_mixed_low_vol_r01_s20260652,10,theta_131,0.9708541441074345,0.005514891876367162,0.9883333333333334,0.01175990638607797,1.3958739322954254,3.7044433033333335
Training,syn_n50_k20_pathological_cov_mixed_low_vol_r01_s20260652,10,theta_132,0.9708541441074345,0.005514891876367162,0.9883333333333334,0.01175990638607797,1.3958739322954254,3.341603736666667
Training,syn_n50_k20_pathological_cov_mixed_low_vol_r01_s20260652,10,theta_144,0.9621883555925432,0.011862188015792396,0.9375,0.02855352051604724,1.3734960302887516,3.6102518666666668
Training,syn_n50_k20_pathological_cov_mixed_low_vol_r01_s20260652,10,theta_159,0.9621883555925432,0.011862188015792396,0.9375,0.02855352051604724,1.3734960302887516,3.10244645
Training,syn_n50_k20_pathological_cov_mixed_low_vol_r01_s20260652,10,theta_164,0.9636882714362783,0.011582787930945155,0.9400000000000001,0.033546276375140544,1.3650761902771835,3.39103843
Training,syn_n50_k20_pathological_cov_mixed_low_vol_r01_s20260652,10,theta_170,0.9636882714362783,0.011582787930945155,0.9400000000000001,0.033546276375140544,1.3650761902771835,3.3792656733333337
Training,syn_n50_k20_pathological_cov_mixed_low_vol_r01_s20260652,10,theta_175,0.9636882714362783,0.011582787930945155,0.9400000000000001,0.033546276375140544,1.3650761902771835,3.11209757
Training,syn_n50_k20_pathological_cov_mixed_low_vol_r01_s20260652,10,theta_189,0.9636882714362783,0.011582787930945155,0.9400000000000001,0.033546276375140544,1.3650761902771835,7.534070920000001
Training,syn_n50_k20_pathological_cov_mixed_low_vol_r01_s20260652,10,theta_200,0.9720491051713754,0.005113510416996438,0.9977777777777779,0.011429602019492396,1.395904452838247,7.844505859999999
Training,syn_n50_k20_pathological_cov_mixed_low_vol_r01_s20260652,10,theta_223,0.9687335731766562,0.00820349780674382,0.9741666666666666,0.02276750110156405,1.3819526468857206,8.2195974
Training,syn_n50_k20_pathological_cov_mixed_low_vol_r01_s20260652,10,theta_234,0.9687335731766562,0.00820349780674382,0.9741666666666666,0.02276750110156405,1.3819526468857206,3.2537932266666663
Training,syn_n50_k20_pathological_cov_mixed_low_vol_r01_s20260652,10,theta_237,0.9687335731766562,0.00820349780674382,0.9741666666666666,0.02276750110156405,1.3819526468857206,3.330320026666667
Training,syn_n50_k20_pathological_cov_normal_extreme_events_r02_s20260661,10,theta_011,0.8825184824853511,0.029568306418702006,0.8663888888888888,0.0344203162327854,1.1459857236832627,1.8972730999999998
Training,syn_n50_k20_pathological_cov_normal_extreme_events_r02_s20260661,10,theta_034,0.895281307683905,0.007201532701154361,0.9808333333333332,0.024700160805126183,1.3435690981336135,2.580341666666667
Training,syn_n50_k20_pathological_cov_normal_extreme_events_r02_s20260661,10,theta_037,0.895281307683905,0.007201532701154361,0.9808333333333332,0.024700160805126183,1.3435690981336135,2.9168107500000002
Training,syn_n50_k20_pathological_cov_normal_extreme_events_r02_s20260661,10,theta_045,0.895281307683905,0.007201532701154361,0.9808333333333332,0.024700160805126183,1.3435690981336135,2.90725255
Training,syn_n50_k20_pathological_cov_normal_extreme_events_r02_s20260661,10,theta_047,0.895281307683905,0.007201532701154361,0.9808333333333332,0.024700160805126183,1.3435690981336135,3.8461510966666674
Training,syn_n50_k20_pathological_cov_normal_extreme_events_r02_s20260661,10,theta_067,0.894569241213775,0.008308973987311124,0.9772222222222222,0.030553020802499,1.3309613693646056,3.44572241
Training,syn_n50_k20_pathological_cov_normal_extreme_events_r02_s20260661,10,theta_076,0.894569241213775,0.008308973987311124,0.9772222222222222,0.030553020802499,1.3309613693646056,3.5380036299999995
Training,syn_n50_k20_pathological_cov_normal_extreme_events_r02_s20260661,10,theta_078,0.894569241213775,0.008308973987311124,0.9772222222222222,0.030553020802499,1.3309613693646056,2.6972782633333336
Training,syn_n50_k20_pathological_cov_normal_extreme_events_r02_s20260661,10,theta_084,0.8868663140876419,0.019077701911226565,0.8955555555555554,0.06025739736806342,1.2503471403624975,2.69849221
Training,syn_n50_k20_pathological_cov_normal_extreme_events_r02_s20260661,10,theta_086,0.8868663140876419,0.019077701911226565,0.8955555555555554,0.06025739736806342,1.2503471403624975,3.7612244466666676
Training,syn_n50_k20_pathological_cov_normal_extreme_events_r02_s20260661,10,theta_089,0.8868663140876419,0.019077701911226565,0.8955555555555554,0.06025739736806342,1.2503471403624975,3.520335550000001
Training,syn_n50_k20_pathological_cov_normal_extreme_events_r02_s20260661,10,theta_118,0.8959226481687651,0.006181639475152801,0.9872222222222222,0.023349260462342154,1.3522830110452786,3.44041616
Training,syn_n50_k20_pathological_cov_normal_extreme_events_r02_s20260661,10,theta_131,0.8959226481687651,0.006181639475152801,0.9872222222222222,0.023349260462342154,1.3522830110452786,3.50513421
Training,syn_n50_k20_pathological_cov_normal_extreme_events_r02_s20260661,10,theta_132,0.8959226481687651,0.006181639475152801,0.9872222222222222,0.023349260462342154,1.3522830110452786,3.350265063333333
Training,syn_n50_k20_pathological_cov_normal_extreme_events_r02_s20260661,10,theta_144,0.8950373847628554,0.008070977391170438,0.9788888888888889,0.028878743064028847,1.3345154316728824,3.6916511166666663
Training,syn_n50_k20_pathological_cov_normal_extreme_events_r02_s20260661,10,theta_159,0.8950373847628554,0.008070977391170438,0.9788888888888889,0.028878743064028847,1.3345154316728824,3.4160202733333334
Training,syn_n50_k20_pathological_cov_normal_extreme_events_r02_s20260661,10,theta_164,0.888507491471272,0.019896269665625042,0.9116666666666666,0.061418624054200496,1.2353000619688688,3.607776823333333
Training,syn_n50_k20_pathological_cov_normal_extreme_events_r02_s20260661,10,theta_170,0.888507491471272,0.019896269665625042,0.9116666666666666,0.061418624054200496,1.2353000619688688,3.48985941
Training,syn_n50_k20_pathological_cov_normal_extreme_events_r02_s20260661,10,theta_175,0.888507491471272,0.019896269665625042,0.9116666666666666,0.061418624054200496,1.2353000619688688,3.32848942
Training,syn_n50_k20_pathological_cov_normal_extreme_events_r02_s20260661,10,theta_189,0.888507491471272,0.019896269665625042,0.9116666666666666,0.061418624054200496,1.2353000619688688,8.136119216666666
Training,syn_n50_k20_pathological_cov_normal_extreme_events_r02_s20260661,10,theta_200,0.8965403279829967,0.006836969968823703,0.986111111111111,0.02347475951466869,1.3436827487472685,8.203398706666666
Training,syn_n50_k20_pathological_cov_normal_extreme_events_r02_s20260661,10,theta_223,0.8954622498791667,0.007950937139534512,0.9811111111111113,0.026583752101054313,1.3345748475431665,8.547091283333335
Training,syn_n50_k20_pathological_cov_normal_extreme_events_r02_s20260661,10,theta_234,0.8954622498791667,0.007950937139534512,0.9811111111111113,0.026583752101054313,1.3345748475431665,3.468080613333334
Training,syn_n50_k20_pathological_cov_normal_extreme_events_r02_s20260661,10,theta_237,0.8954622498791667,0.007950937139534512,0.9811111111111113,0.026583752101054313,1.3345748475431665,3.4142039866666662
Training,syn_n50_k20_pathological_cov_skewed_high_vol_r03_s20260658,10,theta_011,0.9205587349501392,0.006649813286983012,0.9716666666666666,0.013607538322030226,1.175471788312302,2.0440473666666668
Training,syn_n50_k20_pathological_cov_skewed_high_vol_r03_s20260658,10,theta_034,0.9180622877937565,0.008282990806289527,0.9616666666666667,0.016970501835117783,1.2134158926092746,2.4748773833333337
Training,syn_n50_k20_pathological_cov_skewed_high_vol_r03_s20260658,10,theta_037,0.9180622877937565,0.008282990806289527,0.9616666666666667,0.016970501835117783,1.2134158926092746,2.9335176933333336
Training,syn_n50_k20_pathological_cov_skewed_high_vol_r03_s20260658,10,theta_045,0.9180622877937565,0.008282990806289527,0.9616666666666667,0.016970501835117783,1.2134158926092746,2.8340955733333337
Training,syn_n50_k20_pathological_cov_skewed_high_vol_r03_s20260658,10,theta_047,0.9180622877937565,0.008282990806289527,0.9616666666666667,0.016970501835117783,1.2134158926092746,3.251727916666666
Training,syn_n50_k20_pathological_cov_skewed_high_vol_r03_s20260658,10,theta_067,0.919494644241014,0.007041118456207962,0.9702777777777778,0.014482466710852291,1.191255293441584,3.5291602999999996
Training,syn_n50_k20_pathological_cov_skewed_high_vol_r03_s20260658,10,theta_076,0.919494644241014,0.007041118456207962,0.9702777777777778,0.014482466710852291,1.191255293441584,3.6029686233333336
Training,syn_n50_k20_pathological_cov_skewed_high_vol_r03_s20260658,10,theta_078,0.919494644241014,0.007041118456207962,0.9702777777777778,0.014482466710852291,1.191255293441584,2.75401361
Training,syn_n50_k20_pathological_cov_skewed_high_vol_r03_s20260658,10,theta_084,0.921953593519213,0.006502979786520631,0.9674999999999999,0.01607344829163616,1.2032190899944581,2.90478528
Training,syn_n50_k20_pathological_cov_skewed_high_vol_r03_s20260658,10,theta_086,0.921953593519213,0.006502979786520631,0.9674999999999999,0.01607344829163616,1.2032190899944581,3.7356386066666665
Training,syn_n50_k20_pathological_cov_skewed_high_vol_r03_s20260658,10,theta_089,0.921953593519213,0.006502979786520631,0.9674999999999999,0.01607344829163616,1.2032190899944581,3.679649443333334
Training,syn_n50_k20_pathological_cov_skewed_high_vol_r03_s20260658,10,theta_118,0.922206281347839,0.006347321451665554,0.9855555555555556,0.014611602187088076,1.2265344249912198,3.34136795
Training,syn_n50_k20_pathological_cov_skewed_high_vol_r03_s20260658,10,theta_131,0.922206281347839,0.006347321451665554,0.9855555555555556,0.014611602187088076,1.2265344249912198,3.30705837
Training,syn_n50_k20_pathological_cov_skewed_high_vol_r03_s20260658,10,theta_132,0.922206281347839,0.006347321451665554,0.9855555555555556,0.014611602187088076,1.2265344249912198,3.200071906666667
Training,syn_n50_k20_pathological_cov_skewed_high_vol_r03_s20260658,10,theta_144,0.918529560721257,0.008083340308481946,0.9674999999999999,0.019635513012886942,1.1985894460946662,3.5066293566666666
Training,syn_n50_k20_pathological_cov_skewed_high_vol_r03_s20260658,10,theta_159,0.918529560721257,0.008083340308481946,0.9674999999999999,0.019635513012886942,1.1985894460946662,3.3121179866666663
Training,syn_n50_k20_pathological_cov_skewed_high_vol_r03_s20260658,10,theta_164,0.9226184981479757,0.006163901574997628,0.9711111111111111,0.017248748017811254,1.1927208335354607,4.0686659233333335
Training,syn_n50_k20_pathological_cov_skewed_high_vol_r03_s20260658,10,theta_170,0.9226184981479757,0.006163901574997628,0.9711111111111111,0.017248748017811254,1.1927208335354607,3.9134211666666667
Training,syn_n50_k20_pathological_cov_skewed_high_vol_r03_s20260658,10,theta_175,0.9226184981479757,0.006163901574997628,0.9711111111111111,0.017248748017811254,1.1927208335354607,3.4305034
Training,syn_n50_k20_pathological_cov_skewed_high_vol_r03_s20260658,10,theta_189,0.9226184981479757,0.006163901574997628,0.9711111111111111,0.017248748017811254,1.1927208335354607,8.990240680000001
Training,syn_n50_k20_pathological_cov_skewed_high_vol_r03_s20260658,10,theta_200,0.9238441100840077,0.00592011804999383,0.9911111111111112,0.012970427370563982,1.2280211054561394,7.8559415333333344
Training,syn_n50_k20_pathological_cov_skewed_high_vol_r03_s20260658,10,theta_223,0.9223716775108483,0.006494345420124214,0.986388888888889,0.015206983116420965,1.209204900305398,8.897152723333333
Training,syn_n50_k20_pathological_cov_skewed_high_vol_r03_s20260658,10,theta_234,0.9223716775108483,0.006494345420124214,0.986388888888889,0.015206983116420965,1.209204900305398,3.4782919999999993
Training,syn_n50_k20_pathological_cov_skewed_high_vol_r03_s20260658,10,theta_237,0.9223716775108483,0.006494345420124214,0.986388888888889,0.015206983116420965,1.209204900305398,3.52692583
Training,syn_n50_k30_cluster_corr_heavy_tail_low_vol_r02_s20260673,15,theta_011,0.9958764262215795,0.038718760982091247,0.7788888888888891,0.029702068956391412,1.0148790411438529,1.4931810366666667
Training,syn_n50_k30_cluster_corr_heavy_tail_low_vol_r02_s20260673,15,theta_034,0.9879922430495328,0.03368482281426734,0.47500000000000003,0.06137839615733545,1.2029968053086126,2.2401739466666664
Training,syn_n50_k30_cluster_corr_heavy_tail_low_vol_r02_s20260673,15,theta_037,0.9879922430495328,0.03368482281426734,0.47500000000000003,0.06137839615733545,1.2029968053086126,2.59983722
Training,syn_n50_k30_cluster_corr_heavy_tail_low_vol_r02_s20260673,15,theta_045,0.9879922430495328,0.03368482281426734,0.47500000000000003,0.06137839615733545,1.2029968053086126,3.2467235066666666
Training,syn_n50_k30_cluster_corr_heavy_tail_low_vol_r02_s20260673,15,theta_047,0.9879922430495328,0.03368482281426734,0.47500000000000003,0.06137839615733545,1.2029968053086126,3.7273479766666666
Training,syn_n50_k30_cluster_corr_heavy_tail_low_vol_r02_s20260673,15,theta_067,0.994015826177032,0.031230697570081237,0.5569444444444444,0.07462956248371169,1.1937368833075597,3.0263303833333333
Training,syn_n50_k30_cluster_corr_heavy_tail_low_vol_r02_s20260673,15,theta_076,0.994015826177032,0.031230697570081237,0.5569444444444444,0.07462956248371169,1.1937368833075597,2.99609617
Training,syn_n50_k30_cluster_corr_heavy_tail_low_vol_r02_s20260673,15,theta_078,0.994015826177032,0.031230697570081237,0.5569444444444444,0.07462956248371169,1.1937368833075597,2.3147457533333333
Training,syn_n50_k30_cluster_corr_heavy_tail_low_vol_r02_s20260673,15,theta_084,1.0162958260329824,0.02466160561333505,0.8605555555555556,0.0762778615359712,1.1571717857106654,2.2876011366666664
Training,syn_n50_k30_cluster_corr_heavy_tail_low_vol_r02_s20260673,15,theta_086,1.0162958260329824,0.02466160561333505,0.8605555555555556,0.0762778615359712,1.1571717857106654,2.7800606133333328
Training,syn_n50_k30_cluster_corr_heavy_tail_low_vol_r02_s20260673,15,theta_089,1.0162958260329824,0.02466160561333505,0.8605555555555556,0.0762778615359712,1.1571717857106654,3.1247821966666662
Training,syn_n50_k30_cluster_corr_heavy_tail_low_vol_r02_s20260673,15,theta_118,0.9937534574893427,0.030765803570723022,0.4675,0.06756637218141884,1.2554009057629683,2.943483300000001
Training,syn_n50_k30_cluster_corr_heavy_tail_low_vol_r02_s20260673,15,theta_131,0.9937534574893427,0.030765803570723022,0.4675,0.06756637218141884,1.2554009057629683,2.9622064833333335
Training,syn_n50_k30_cluster_corr_heavy_tail_low_vol_r02_s20260673,15,theta_132,0.9937534574893427,0.030765803570723022,0.4675,0.06756637218141884,1.2554009057629683,3.0705167766666666
Training,syn_n50_k30_cluster_corr_heavy_tail_low_vol_r02_s20260673,15,theta_144,0.985371682544389,0.037072464052254984,0.603611111111111,0.06623915519692324,1.1162130517691493,2.8173827600000005
Training,syn_n50_k30_cluster_corr_heavy_tail_low_vol_r02_s20260673,15,theta_159,0.985371682544389,0.037072464052254984,0.603611111111111,0.06623915519692324,1.1162130517691493,2.961447683333333
Training,syn_n50_k30_cluster_corr_heavy_tail_low_vol_r02_s20260673,15,theta_164,1.0150927659211189,0.023646836094889857,0.8380555555555556,0.06384049376024999,1.164170083713208,3.276538886666667
Training,syn_n50_k30_cluster_corr_heavy_tail_low_vol_r02_s20260673,15,theta_170,1.0150927659211189,0.023646836094889857,0.8380555555555556,0.06384049376024999,1.164170083713208,3.1325110333333326
Training,syn_n50_k30_cluster_corr_heavy_tail_low_vol_r02_s20260673,15,theta_175,1.0150927659211189,0.023646836094889857,0.8380555555555556,0.06384049376024999,1.164170083713208,4.473454636666667
Training,syn_n50_k30_cluster_corr_heavy_tail_low_vol_r02_s20260673,15,theta_189,1.0150927659211189,0.023646836094889857,0.8380555555555556,0.06384049376024999,1.164170083713208,6.88481139
Training,syn_n50_k30_cluster_corr_heavy_tail_low_vol_r02_s20260673,15,theta_200,1.0065426831232602,0.024541383647723816,0.5041666666666667,0.06963665993483327,1.3073781948289098,6.58847145
Training,syn_n50_k30_cluster_corr_heavy_tail_low_vol_r02_s20260673,15,theta_223,1.0053980858087883,0.02620333678717899,0.6125000000000002,0.06963842704763169,1.215198596785114,7.123888383333333
Training,syn_n50_k30_cluster_corr_heavy_tail_low_vol_r02_s20260673,15,theta_234,1.0053980858087883,0.02620333678717899,0.6125000000000002,0.06963842704763169,1.215198596785114,3.140348986666667
Training,syn_n50_k30_cluster_corr_heavy_tail_low_vol_r02_s20260673,15,theta_237,1.0053980858087883,0.02620333678717899,0.6125000000000002,0.06963842704763169,1.215198596785114,2.9950175666666667
Training,syn_n50_k30_cluster_corr_mixed_extreme_events_r03_s20260664,15,theta_011,0.9451970545889622,0.0190484394846306,0.8538888888888889,0.02839630302074546,1.1829412306408575,1.6645736633333332
Training,syn_n50_k30_cluster_corr_mixed_extreme_events_r03_s20260664,15,theta_034,0.9362120633051144,0.021872766586658206,0.5447222222222222,0.04280153850501418,1.2838380594333607,2.349373386666667
Training,syn_n50_k30_cluster_corr_mixed_extreme_events_r03_s20260664,15,theta_037,0.9362120633051144,0.021872766586658206,0.5447222222222222,0.04280153850501418,1.2838380594333607,2.75991278
Training,syn_n50_k30_cluster_corr_mixed_extreme_events_r03_s20260664,15,theta_045,0.9362120633051144,0.021872766586658206,0.5447222222222222,0.04280153850501418,1.2838380594333607,3.7057263900000006
Training,syn_n50_k30_cluster_corr_mixed_extreme_events_r03_s20260664,15,theta_047,0.9362120633051144,0.021872766586658206,0.5447222222222222,0.04280153850501418,1.2838380594333607,4.542142966666666
Training,syn_n50_k30_cluster_corr_mixed_extreme_events_r03_s20260664,15,theta_067,0.9346815627532988,0.023377600460136486,0.6619444444444444,0.05118716192490982,1.2198381675481105,3.16711821
Training,syn_n50_k30_cluster_corr_mixed_extreme_events_r03_s20260664,15,theta_076,0.9346815627532988,0.023377600460136486,0.6619444444444444,0.05118716192490982,1.2198381675481105,3.09221498
Training,syn_n50_k30_cluster_corr_mixed_extreme_events_r03_s20260664,15,theta_078,0.9346815627532988,0.023377600460136486,0.6619444444444444,0.05118716192490982,1.2198381675481105,2.539527423333334
Training,syn_n50_k30_cluster_corr_mixed_extreme_events_r03_s20260664,15,theta_084,0.9531474754992257,0.013955144485428285,0.8911111111111113,0.04776181996748606,1.241481304595253,2.4809449866666666
Training,syn_n50_k30_cluster_corr_mixed_extreme_events_r03_s20260664,15,theta_086,0.9531474754992257,0.013955144485428285,0.8911111111111113,0.04776181996748606,1.241481304595253,3.2612579033333327
Training,syn_n50_k30_cluster_corr_mixed_extreme_events_r03_s20260664,15,theta_089,0.9531474754992257,0.013955144485428285,0.8911111111111113,0.04776181996748606,1.241481304595253,3.31021034
Training,syn_n50_k30_cluster_corr_mixed_extreme_events_r03_s20260664,15,theta_118,0.934024594187502,0.023477117827462386,0.5113888888888888,0.050345603612042586,1.2770571383000258,3.16976124
Training,syn_n50_k30_cluster_corr_mixed_extreme_events_r03_s20260664,15,theta_131,0.934024594187502,0.023477117827462386,0.5113888888888888,0.050345603612042586,1.2770571383000258,3.2175295233333334
Training,syn_n50_k30_cluster_corr_mixed_extreme_events_r03_s20260664,15,theta_132,0.934024594187502,0.023477117827462386,0.5113888888888888,0.050345603612042586,1.2770571383000258,3.8674688399999995
Training,syn_n50_k30_cluster_corr_mixed_extreme_events_r03_s20260664,15,theta_144,0.9340721555206446,0.024797876210453953,0.6277777777777778,0.0584299187957881,1.222030880714579,3.40844928
Training,syn_n50_k30_cluster_corr_mixed_extreme_events_r03_s20260664,15,theta_159,0.9340721555206446,0.024797876210453953,0.6277777777777778,0.0584299187957881,1.222030880714579,3.1581652100000004
Training,syn_n50_k30_cluster_corr_mixed_extreme_events_r03_s20260664,15,theta_164,0.9547114007784169,0.013358566292347258,0.9158333333333334,0.050515699392526224,1.2549465281125982,3.476809573333334
Training,syn_n50_k30_cluster_corr_mixed_extreme_events_r03_s20260664,15,theta_170,0.9547114007784169,0.013358566292347258,0.9158333333333334,0.050515699392526224,1.2549465281125982,3.364083723333333
Training,syn_n50_k30_cluster_corr_mixed_extreme_events_r03_s20260664,15,theta_175,0.9547114007784169,0.013358566292347258,0.9158333333333334,0.050515699392526224,1.2549465281125982,3.9547448833333334
Training,syn_n50_k30_cluster_corr_mixed_extreme_events_r03_s20260664,15,theta_189,0.9547114007784169,0.013358566292347258,0.9158333333333334,0.050515699392526224,1.2549465281125982,7.495887983333333
Training,syn_n50_k30_cluster_corr_mixed_extreme_events_r03_s20260664,15,theta_200,0.9445202472596573,0.018130172428602997,0.6125000000000002,0.03327745451075041,1.3399067745320348,7.247623823333333
Training,syn_n50_k30_cluster_corr_mixed_extreme_events_r03_s20260664,15,theta_223,0.9438156121456288,0.018307439434174465,0.7188888888888888,0.04905174706254151,1.2833200075688866,7.458332956666665
Training,syn_n50_k30_cluster_corr_mixed_extreme_events_r03_s20260664,15,theta_234,0.9438156121456288,0.018307439434174465,0.7188888888888888,0.04905174706254151,1.2833200075688866,3.1727354766666664
Training,syn_n50_k30_cluster_corr_mixed_extreme_events_r03_s20260664,15,theta_237,0.9438156121456288,0.018307439434174465,0.7188888888888888,0.04905174706254151,1.2833200075688866,3.1751699066666665
