universe,window_id,method,run,assets,K,train_days,test_days,gross_return,net_return,annual_return,annual_net_return,annual_volatility,sharpe,sortino,max_drawdown,turnover,transaction_cost,Runtime,cvar95_loss,mdd_from_daily_returns,selected_holdings,average_pf_holdings,median_pf_holdings,PF_Size,run_dir,initial_turnover,rebalance_turnover,HV,IGD,PF_Overlap,Diversity,PF_Drift
NASDAQ100,window_001,BayesianConfig_ECMADE_MOO,1,60,10,755,124,0.2309727830601591,0.2299727830601591,0.5254857032776823,0.5229682789966374,0.401208747496738,1.2539482182393933,2.011036220662893,-0.2770130314343462,1.0,0.001,9.759596699965186,0.05002238738943472,-0.2770130314343462,7,9.334586466165414,10.0,266,p0_lite_outputs\p1_rolling_window_market_validation_20260719\raw_configured_ecmade\NASDAQ100\window_001\BayesianConfig_ECMADE_MOO\run_001,1.0,1.0,1.0199500236858514,0.038213866336112505,0.8333333333333334,0.959863618607211,0.05506503119578042
NASDAQ100,window_002,BayesianConfig_ECMADE_MOO,1,59,10,755,126,0.2416678699381129,0.2406678699381129,0.5417390992366506,0.539256763496774,0.2751996740475873,1.7121705914356995,2.6812960135637893,-0.1737714276900464,1.0,0.001,9.885091400006786,0.035317355237446856,-0.1737714276900464,8,8.316901408450704,9.0,284,p0_lite_outputs\p1_rolling_window_market_validation_20260719\raw_configured_ecmade\NASDAQ100\window_002\BayesianConfig_ECMADE_MOO\run_001,1.0,0.3488213704677668,1.0226377848867607,0.005033344539839879,0.9833333333333333,1.3751097221418027,0.06898044076606873
NASDAQ100,window_003,BayesianConfig_ECMADE_MOO,1,60,10,756,124,-0.4533036506511592,-0.4543036506511592,-0.7068887100048193,-0.7079772766705579,0.5436393579728165,-1.9789284393835145,-3.5240718527148003,-0.4680964230009922,1.0,0.001,9.86627130000852,0.06903999343553852,-0.4680964230009922,10,9.702702702702704,10.0,259,p0_lite_outputs\p1_rolling_window_market_validation_20260719\raw_configured_ecmade\NASDAQ100\window_003\BayesianConfig_ECMADE_MOO\run_001,1.0,0.3669410760114298,0.9657073857101058,0.01261345514786323,0.9,1.1976905880954436,0.04620774997755841
NASDAQ100,window_004,BayesianConfig_ECMADE_MOO,1,60,10,756,125,-0.1362643009629025,-0.1372643009629025,-0.2557071731526371,-0.2574433661118811,0.3933632415612738,-0.5545687039458945,-0.938452819316571,-0.3438196832033483,1.0,0.001,10.122620900045147,0.0488408435126814,-0.3438196832033483,10,9.501618122977346,10.0,309,p0_lite_outputs\p1_rolling_window_market_validation_20260719\raw_configured_ecmade\NASDAQ100\window_004\BayesianConfig_ECMADE_MOO\run_001,1.0,0.8345587074475238,0.9068374255955909,0.007462440705869868,0.9583333333333334,1.2816661599248014,0.012118936201436035
NASDAQ100,window_005,BayesianConfig_ECMADE_MOO,1,60,10,755,123,0.3205774749823604,0.3195774749823604,0.7677412317493852,0.7649997980378247,0.279055058013133,2.18341263415795,3.353449772980509,-0.1641488692522507,1.0,0.001,9.691175700048916,0.03617809390038388,-0.1641488692522507,9,8.948096885813149,10.0,289,p0_lite_outputs\p1_rolling_window_market_validation_20260719\raw_configured_ecmade\NASDAQ100\window_005\BayesianConfig_ECMADE_MOO\run_001,1.0,0.2741187803789152,0.9594011746442292,0.008513563968789883,0.95,1.2423878426495862,0.024074361037634277
NASDAQ100,window_006,BayesianConfig_ECMADE_MOO,1,60,10,753,125,0.2089624382184252,0.2079624382184252,0.4660346008468197,0.4635909485296092,0.2037959471995568,1.9798884004940824,3.512539493362733,-0.0822263119379405,1.0,0.001,9.862765400088392,0.02242895871656301,-0.0822263119379405,10,9.675675675675675,10.0,296,p0_lite_outputs\p1_rolling_window_market_validation_20260719\raw_configured_ecmade\NASDAQ100\window_006\BayesianConfig_ECMADE_MOO\run_001,1.0,0.8078472238704583,1.041028661233071,0.006862225807241689,0.9583333333333334,1.3565466573473588,0.060477380546653914
NASDAQ100,window_007,BayesianConfig_ECMADE_MOO,1,60,10,752,124,0.2744559390815202,0.2734559390815202,0.6369945216032873,0.6343852136293731,0.1713367809458362,2.9650040280895755,5.159917814230613,-0.0608099959044226,1.0000000000000002,0.001,9.490624799975194,0.019803239935063534,-0.0608099959044226,10,8.91324200913242,9.0,219,p0_lite_outputs\p1_rolling_window_market_validation_20260719\raw_configured_ecmade\NASDAQ100\window_007\BayesianConfig_ECMADE_MOO\run_001,1.0000000000000002,0.2847749212344617,1.1577832932926457,0.005603805538013705,0.975,0.8975065619774893,0.025648753183180224
NASDAQ100,window_008,BayesianConfig_ECMADE_MOO,1,60,10,752,126,0.1572816399986747,0.1562816399986747,0.3393007942780222,0.3369872309980251,0.2993438500323461,1.125769808860418,1.6692286072759703,-0.1417267187801382,1.0,0.0009999999999999,9.954516700003296,0.04198144920067547,-0.1417267187801382,8,9.118421052631579,10.0,304,p0_lite_outputs\p1_rolling_window_market_validation_20260719\raw_configured_ecmade\NASDAQ100\window_008\BayesianConfig_ECMADE_MOO\run_001,1.0,0.32082374173200695,0.9685719601457575,0.005367609043758964,0.9916666666666667,1.3536570785029505,0.013183354838650675
NASDAQ100,window_009,BayesianConfig_ECMADE_MOO,1,59,10,752,122,0.2525313809026859,0.2515313809026859,0.5921705961158843,0.5895460335951477,0.3733652817832205,1.431679803886712,1.923227945107577,-0.2364600057738743,1.0000000000000004,0.001,10.114501599920914,0.05217370744103516,-0.23646000577387438,10,8.356545961002785,9.0,359,p0_lite_outputs\p1_rolling_window_market_validation_20260719\raw_configured_ecmade\NASDAQ100\window_009\BayesianConfig_ECMADE_MOO\run_001,1.0000000000000004,0.44621382150089595,0.9910705791052311,0.005200145798849755,0.975,1.3193607748112637,0.025754023097262303
NASDAQ100,window_010,BayesianConfig_ECMADE_MOO,1,60,10,750,126,-0.0834428915692333,-0.0844428915692333,-0.1599230669850319,-0.1617551812018933,0.2033153833692205,-0.7545773480339066,-0.9980454614392744,-0.1570513997421568,1.0,0.001,9.794841700000688,0.03128716289973792,-0.15705139974215687,10,9.183266932270916,10.0,251,p0_lite_outputs\p1_rolling_window_market_validation_20260719\raw_configured_ecmade\NASDAQ100\window_010\BayesianConfig_ECMADE_MOO\run_001,1.0,0.5196863314883181,1.0123040620841177,0.005756126873401739,1.0,1.3692322458984933,0.0506316651565859
NASDAQ100,window_011,BayesianConfig_ECMADE_MOO,1,60,10,751,123,0.1245610510966743,0.1235610510966743,0.2719002507673158,0.2695841210127054,0.3211175393149431,0.9100184856299652,1.4496658404605856,-0.143205140569556,1.0000000000000002,0.001,10.822757699992508,0.04344297293246208,-0.14320514056955602,10,9.850877192982455,10.0,228,p0_lite_outputs\p1_rolling_window_market_validation_20260719\raw_configured_ecmade\NASDAQ100\window_011\BayesianConfig_ECMADE_MOO\run_001,1.0000000000000002,0.5712134060459948,0.9528429474158939,0.03047596173688292,0.8666666666666667,1.1237519226185098,0.05941479819747788
NASDAQ100,window_001,BayesianConfig_ECMADE_MOO,2,60,10,755,124,0.2327228409140735,0.2317228409140735,0.5298964235387875,0.5273753032314468,0.4131367150112766,1.236542808823452,1.994274241883466,-0.2916529486082183,1.0000000000000002,0.001,9.52618930011522,0.05115669312792962,-0.29165294860821833,9,8.746781115879829,10.0,233,p0_lite_outputs\p1_rolling_window_market_validation_20260719\raw_configured_ecmade\NASDAQ100\window_001\BayesianConfig_ECMADE_MOO\run_002,1.0000000000000002,1.0,1.042526368541423,0.006820887708705001,0.9416666666666667,1.3228541311316846,0.05506503119578042
NASDAQ100,window_002,BayesianConfig_ECMADE_MOO,2,59,10,755,126,0.2163990578879249,0.2153990578879249,0.4796266680306313,0.4771948699148551,0.2611173579234424,1.6322604093772335,2.5827330427870403,-0.1843264780780329,1.0,0.001,9.79532619996462,0.03449187669019404,-0.18432647807803293,10,9.341549295774648,10.0,284,p0_lite_outputs\p1_rolling_window_market_validation_20260719\raw_configured_ecmade\NASDAQ100\window_002\BayesianConfig_ECMADE_MOO\run_002,1.0,0.3163508068455405,1.0144988976365292,0.011883411975387432,0.925,1.1836117053609125,0.06898044076606873
NASDAQ100,window_003,BayesianConfig_ECMADE_MOO,2,60,10,756,124,-0.4465725238001369,-0.4475725238001369,-0.6995078923603799,-0.7006103096159435,0.5390108545240694,-1.9544236246972453,-3.37318811886183,-0.4593008178625298,1.0,0.001,9.820913200033829,0.0707962904138461,-0.45930081786252985,10,9.209876543209877,10.0,243,p0_lite_outputs\p1_rolling_window_market_validation_20260719\raw_configured_ecmade\NASDAQ100\window_003\BayesianConfig_ECMADE_MOO\run_002,1.0,0.48743895746088167,0.9630826321143787,0.017441470219153425,0.8666666666666667,1.1199606808074498,0.04620774997755841
NASDAQ100,window_004,BayesianConfig_ECMADE_MOO,2,60,10,756,125,-0.1492943269593654,-0.1502943269593654,-0.2781696686410143,-0.2798792387297576,0.3889998297682788,-0.6437972662654757,-1.1031224591281914,-0.3357529087313611,1.0,0.001,10.24030110007152,0.048172052708947574,-0.335752908731361,10,8.965909090909092,10.0,352,p0_lite_outputs\p1_rolling_window_market_validation_20260719\raw_configured_ecmade\NASDAQ100\window_004\BayesianConfig_ECMADE_MOO\run_002,1.0,0.8295819913489489,0.9108495305091274,0.0053090891994245805,0.9666666666666667,1.3073382447880912,0.012118936201436035
NASDAQ100,window_005,BayesianConfig_ECMADE_MOO,2,60,10,755,123,0.3414641204078428,0.3404641204078428,0.8254985460104878,0.8227116031878683,0.2818751582887945,2.278536990147381,3.536451965203442,-0.1621200434089273,1.0,0.001,9.626842799945734,0.03602921130859687,-0.16212004340892738,10,9.318181818181818,10.0,264,p0_lite_outputs\p1_rolling_window_market_validation_20260719\raw_configured_ecmade\NASDAQ100\window_005\BayesianConfig_ECMADE_MOO\run_002,1.0,0.34382566563851913,0.9569728906622389,0.010661855750765009,0.9333333333333333,1.1672583614579617,0.024074361037634277
NASDAQ100,window_006,BayesianConfig_ECMADE_MOO,2,60,10,753,125,0.228841867751504,0.227841867751504,0.5150394288508049,0.5125549294806968,0.2056285562566389,2.124207327453389,3.668220848204479,-0.0837342447618021,1.0,0.001,9.7711915000109,0.02329118359142194,-0.08373424476180213,9,9.375,10.0,304,p0_lite_outputs\p1_rolling_window_market_validation_20260719\raw_configured_ecmade\NASDAQ100\window_006\BayesianConfig_ECMADE_MOO\run_002,1.0,0.8798858027236475,1.0345347755464198,0.01189548928524143,0.8166666666666667,1.2663709904618625,0.060477380546653914
NASDAQ100,window_007,BayesianConfig_ECMADE_MOO,2,60,10,752,124,0.353431233178876,0.352431233178876,0.849746721399147,0.846970275090001,0.1728736087946401,3.64850982501195,6.279798709395514,-0.0672272591152133,1.0,0.001,9.838405399932526,0.019434058945924915,-0.06722725911521332,10,8.622489959839358,10.0,249,p0_lite_outputs\p1_rolling_window_market_validation_20260719\raw_configured_ecmade\NASDAQ100\window_007\BayesianConfig_ECMADE_MOO\run_002,1.0,0.26585424091574816,1.1368895799130758,0.016866194931314603,0.8166666666666667,0.7482754947828253,0.025648753183180224
NASDAQ100,window_008,BayesianConfig_ECMADE_MOO,2,60,10,752,126,0.1534664853624801,0.1524664853624801,0.3304849328544725,0.3281789998837472,0.2911686388310203,1.1263000203864042,1.6727294796276375,-0.1375849312244353,1.0,0.001,9.633487900020556,0.040810548976137735,-0.13758493122443538,10,8.842105263157896,9.0,266,p0_lite_outputs\p1_rolling_window_market_validation_20260719\raw_configured_ecmade\NASDAQ100\window_008\BayesianConfig_ECMADE_MOO\run_002,1.0,0.254632585342664,0.9677952145219314,0.006000518040902807,0.975,1.3717062541101601,0.013183354838650675
NASDAQ100,window_009,BayesianConfig_ECMADE_MOO,2,59,10,752,122,0.2498007069439125,0.2488007069439125,0.5850090495148448,0.5823905860694691,0.3671147422509531,1.43795950227833,1.8843992958448952,-0.2388324892710636,1.0,0.001,10.26796430000104,0.05204919337260179,-0.2388324892710637,10,8.582554517133957,9.0,321,p0_lite_outputs\p1_rolling_window_market_validation_20260719\raw_configured_ecmade\NASDAQ100\window_009\BayesianConfig_ECMADE_MOO\run_002,1.0,0.4896588591234842,0.9895812740410298,0.0062999357489119555,0.975,1.2951414656538662,0.025754023097262303
NASDAQ100,window_010,BayesianConfig_ECMADE_MOO,2,60,10,750,126,-0.0976189386404637,-0.0986189386404637,-0.1857084200996369,-0.187512182222356,0.2108805222954405,-0.8678305486052036,-1.1588238539784284,-0.1605654839045198,1.0,0.001,9.672316800104454,0.03200174110835246,-0.16056548390451975,10,8.825,10.0,240,p0_lite_outputs\p1_rolling_window_market_validation_20260719\raw_configured_ecmade\NASDAQ100\window_010\BayesianConfig_ECMADE_MOO\run_002,1.0,0.46119506869399307,1.0058746410837096,0.016431718067672425,0.875,1.2131654347568537,0.0506316651565859
NASDAQ100,window_011,BayesianConfig_ECMADE_MOO,2,60,10,751,123,0.1758694731327237,0.1748694731327237,0.3936392959662891,0.3912121662988637,0.3211220206351708,1.1949960706048042,1.8710292004309712,-0.1384933433032107,1.0,0.001,10.583266800036654,0.043287043622383704,-0.13849334330321084,10,9.334558823529411,10.0,272,p0_lite_outputs\p1_rolling_window_market_validation_20260719\raw_configured_ecmade\NASDAQ100\window_011\BayesianConfig_ECMADE_MOO\run_002,1.0,0.7100368147450302,0.9704984404272015,0.009270526913427335,0.9083333333333333,1.2927832344443422,0.05941479819747788
NASDAQ100,window_001,BayesianConfig_ECMADE_MOO,3,60,10,755,124,0.2627655179075683,0.2617655179075683,0.6066227155391246,0.6040381205328507,0.417572744127248,1.3451111150794866,2.201258783216113,-0.2934029469261632,1.0,0.001,9.450125500094146,0.05093751780013994,-0.29340294692616364,7,8.945833333333333,10.0,240,p0_lite_outputs\p1_rolling_window_market_validation_20260719\raw_configured_ecmade\NASDAQ100\window_001\BayesianConfig_ECMADE_MOO\run_003,1.0,1.0,1.0160578673275058,0.041693421178578126,0.8333333333333334,0.9692118017406135,0.05506503119578042
NASDAQ100,window_002,BayesianConfig_ECMADE_MOO,3,59,10,755,126,0.2094709349685668,0.2084709349685668,0.4628199425337391,0.4604020006638019,0.2478078678824598,1.6599001846783112,2.69860376476857,-0.1770837020825268,1.0,0.001,10.087339599966072,0.0315145903176602,-0.17708370208252688,10,9.092526690391459,10.0,281,p0_lite_outputs\p1_rolling_window_market_validation_20260719\raw_configured_ecmade\NASDAQ100\window_002\BayesianConfig_ECMADE_MOO\run_003,1.0,0.3674487122602787,0.989877058199087,0.028873647362961254,0.8416666666666667,1.052222110572509,0.06898044076606873
NASDAQ100,window_003,BayesianConfig_ECMADE_MOO,3,60,10,756,124,-0.4639639948753211,-0.4649639948753211,-0.7183872943689832,-0.7194539366132953,0.5452902201323813,-2.04456462594995,-3.818752769037471,-0.4713359357360182,1.0,0.001,9.76742289995309,0.06708718988753307,-0.4713359357360182,10,9.777397260273972,10.0,292,p0_lite_outputs\p1_rolling_window_market_validation_20260719\raw_configured_ecmade\NASDAQ100\window_003\BayesianConfig_ECMADE_MOO\run_003,1.0,0.506007016557162,0.9664152824342414,0.01044414609640349,0.9166666666666666,1.2935002141309877,0.04620774997755841
NASDAQ100,window_004,BayesianConfig_ECMADE_MOO,3,60,10,756,125,-0.1173496249472146,-0.1183496249472146,-0.2224827384220912,-0.2242575891508568,0.3991686251510698,-0.4313350999612956,-0.7177638638131604,-0.3367231987588198,1.0,0.001,10.164520799997264,0.049421182290579076,-0.33672319875881984,7,7.854651162790698,8.0,344,p0_lite_outputs\p1_rolling_window_market_validation_20260719\raw_configured_ecmade\NASDAQ100\window_004\BayesianConfig_ECMADE_MOO\run_003,1.0,0.8131316836572375,0.9119819335437239,0.004852702900238617,0.9916666666666667,1.3729886522437535,0.012118936201436035
NASDAQ100,window_005,BayesianConfig_ECMADE_MOO,3,60,10,755,123,0.3167887968150977,0.3157887968150977,0.7573663270919082,0.7546331446392018,0.279228658887048,2.1611758054796386,3.254284444663112,-0.1768582959141931,1.0,0.001,10.224464400089346,0.03630503050849187,-0.1768582959141931,10,9.235474006116208,10.0,327,p0_lite_outputs\p1_rolling_window_market_validation_20260719\raw_configured_ecmade\NASDAQ100\window_005\BayesianConfig_ECMADE_MOO\run_003,1.0,0.2633471148653334,0.9600741387144719,0.008154492350059684,0.95,1.2426207129000952,0.024074361037634277
NASDAQ100,window_006,BayesianConfig_ECMADE_MOO,3,60,10,753,125,0.2239310467693835,0.2229310467693835,0.5028582303933395,0.5003838224724155,0.2123069911146615,2.025852264782788,3.581965134490648,-0.0894950993673722,1.0,0.001,9.654375899932347,0.023697853617535323,-0.08949509936737221,10,9.09688581314879,10.0,289,p0_lite_outputs\p1_rolling_window_market_validation_20260719\raw_configured_ecmade\NASDAQ100\window_006\BayesianConfig_ECMADE_MOO\run_003,1.0,0.8796791184118582,1.0444419873039317,0.006063613930481515,0.9666666666666667,1.3562880961957227,0.060477380546653914
NASDAQ100,window_007,BayesianConfig_ECMADE_MOO,3,60,10,752,124,0.2892608151256126,0.2882608151256126,0.6758723920838672,0.6732317768481157,0.1741739709942956,3.0545961780035618,5.121176964322861,-0.0622793184097402,1.0000000000000002,0.001,9.555793500039726,0.020109795671941166,-0.062279318409740214,10,9.803108808290155,10.0,193,p0_lite_outputs\p1_rolling_window_market_validation_20260719\raw_configured_ecmade\NASDAQ100\window_007\BayesianConfig_ECMADE_MOO\run_003,1.0000000000000002,0.2960012513153246,1.12709143825529,0.015122887364269828,0.8416666666666667,0.8846924023045801,0.025648753183180224
NASDAQ100,window_008,BayesianConfig_ECMADE_MOO,3,60,10,752,126,0.1747148363962336,0.1737148363962336,0.3799549468494299,0.3776065171766372,0.3192020070622203,1.1684749705137736,1.748486205977499,-0.1453472506945321,1.0,0.001,10.084619499975815,0.044146398717166475,-0.14534725069453214,9,7.871794871794871,8.0,312,p0_lite_outputs\p1_rolling_window_market_validation_20260719\raw_configured_ecmade\NASDAQ100\window_008\BayesianConfig_ECMADE_MOO\run_003,1.0,0.32795428531261833,0.9705553028290164,0.005531770596605453,0.9833333333333333,1.323835223863575,0.013183354838650675
NASDAQ100,window_009,BayesianConfig_ECMADE_MOO,3,59,10,752,122,0.2496405124284733,0.2486405124284733,0.5845894358001775,0.5819713301288769,0.3799571717071161,1.400583527898734,1.938702486149544,-0.2387138290321599,1.0,0.001,10.337710399995558,0.05270410765138909,-0.23871382903215999,10,8.55813953488372,9.0,344,p0_lite_outputs\p1_rolling_window_market_validation_20260719\raw_configured_ecmade\NASDAQ100\window_009\BayesianConfig_ECMADE_MOO\run_003,1.0,0.46923872025402297,0.9878609946542355,0.0066749340068434125,0.9583333333333334,1.2984067925256537,0.025754023097262303
NASDAQ100,window_010,BayesianConfig_ECMADE_MOO,3,60,10,750,126,-0.0817670312769845,-0.0827670312769845,-0.1568482151501178,-0.1586836810875638,0.1882561384789275,-0.8112760487551376,-1.0680656052784612,-0.1452380257460166,1.0,0.001,9.61082299996633,0.029718242222497693,-0.1452380257460164,10,8.59504132231405,9.0,242,p0_lite_outputs\p1_rolling_window_market_validation_20260719\raw_configured_ecmade\NASDAQ100\window_010\BayesianConfig_ECMADE_MOO\run_003,1.0,0.46491194418733434,1.005546783881778,0.022625016828161114,0.8166666666666667,1.1161189032718586,0.0506316651565859
NASDAQ100,window_011,BayesianConfig_ECMADE_MOO,3,60,10,751,123,0.1123533576659432,0.1113533576659432,0.2437734587391657,0.2414837029689975,0.3003469601344385,0.8768243530884389,1.4283607856533915,-0.1364920840708797,1.0,0.001,10.27231369994115,0.04047811168068378,-0.13649208407087976,10,9.12015503875969,10.0,258,p0_lite_outputs\p1_rolling_window_market_validation_20260719\raw_configured_ecmade\NASDAQ100\window_011\BayesianConfig_ECMADE_MOO\run_003,1.0,0.6489985235768598,0.9685303575615087,0.013280578907889952,0.9166666666666666,1.2434799224124793,0.05941479819747788
NASDAQ100,window_001,BayesianConfig_ECMADE_MOO,4,60,10,755,124,0.2395260909138541,0.2385260909138541,0.5471042990254735,0.5445688090203764,0.3864671739714193,1.3232403754763429,2.0736648701565934,-0.258861011864987,1.0,0.001,9.90823659999296,0.047882172094792196,-0.25886101186498667,8,9.241258741258742,10.0,286,p0_lite_outputs\p1_rolling_window_market_validation_20260719\raw_configured_ecmade\NASDAQ100\window_001\BayesianConfig_ECMADE_MOO\run_004,1.0,1.0,1.0354378511726763,0.01703735642632801,0.8833333333333333,1.070307318218509,0.05506503119578042
NASDAQ100,window_002,BayesianConfig_ECMADE_MOO,4,59,10,755,126,0.2248851943461183,0.2238851943461183,0.5003437393283281,0.4978949689396361,0.2715143203587262,1.6312329882979166,2.5714004832904496,-0.1781293710594305,1.0000000000000002,0.001,9.98968550004065,0.03537282796032329,-0.1781293710594305,10,8.66,10.0,300,p0_lite_outputs\p1_rolling_window_market_validation_20260719\raw_configured_ecmade\NASDAQ100\window_002\BayesianConfig_ECMADE_MOO\run_004,1.0000000000000002,0.35876178577606893,1.0168900254268103,0.010057087971850443,0.9083333333333333,1.255879482627523,0.06898044076606873
NASDAQ100,window_003,BayesianConfig_ECMADE_MOO,4,60,10,756,124,-0.432143027849363,-0.433143027849363,-0.6833713936011141,-0.6845035205736644,0.5254997694563958,-1.919548484358914,-3.290890991243676,-0.4482847867245542,1.0,0.001,9.73942979995627,0.06746294897302874,-0.4482847867245542,10,9.1280276816609,10.0,289,p0_lite_outputs\p1_rolling_window_market_validation_20260719\raw_configured_ecmade\NASDAQ100\window_003\BayesianConfig_ECMADE_MOO\run_004,1.0,0.4779959967350361,0.979010617284142,0.0068572777528688456,0.9666666666666667,1.315340799974771,0.04620774997755841
NASDAQ100,window_004,BayesianConfig_ECMADE_MOO,4,60,10,756,125,-0.1189649705215739,-0.1199649705215739,-0.2253487197602317,-0.2271202685275554,0.3750497103990578,-0.4939683914758728,-0.8526172051622519,-0.3106275164547243,1.0,0.001,10.284693700028583,0.046059142061474115,-0.31062751645472453,9,9.319277108433734,10.0,332,p0_lite_outputs\p1_rolling_window_market_validation_20260719\raw_configured_ecmade\NASDAQ100\window_004\BayesianConfig_ECMADE_MOO\run_004,1.0,0.76694235859686,0.9082985935707001,0.006383710336463868,0.9666666666666667,1.2837216834547256,0.012118936201436035
NASDAQ100,window_005,BayesianConfig_ECMADE_MOO,4,60,10,755,123,0.3690562122706393,0.3680562122706393,0.9032562170887763,0.9004091019650875,0.2925201051279206,2.349034006854032,3.652470093421815,-0.1718203422156466,1.0,0.001,9.814783800044095,0.03719374022111689,-0.17182034221564635,9,9.19277108433735,10.0,249,p0_lite_outputs\p1_rolling_window_market_validation_20260719\raw_configured_ecmade\NASDAQ100\window_005\BayesianConfig_ECMADE_MOO\run_004,1.0,0.2887306226420164,0.9604601753937382,0.00851698194531342,0.9333333333333333,1.2117571805968146,0.024074361037634277
NASDAQ100,window_006,BayesianConfig_ECMADE_MOO,4,60,10,753,125,0.2484335792123853,0.2474335792123853,0.5641295822082282,0.5616048166198344,0.216276512802524,2.1776362587412263,4.020458206696707,-0.0884008766500459,1.0,0.001,10.327525399974547,0.022824043223296335,-0.08840087665004592,10,8.158854166666666,9.0,384,p0_lite_outputs\p1_rolling_window_market_validation_20260719\raw_configured_ecmade\NASDAQ100\window_006\BayesianConfig_ECMADE_MOO\run_004,1.0,0.9230204840920649,1.046928630307727,0.004843288108433024,0.9916666666666667,1.3583741298173901,0.060477380546653914
NASDAQ100,window_007,BayesianConfig_ECMADE_MOO,4,60,10,752,124,0.293621097327621,0.292621097327621,0.687410937562628,0.6847610995998079,0.1689465905636567,3.1843686731747263,5.794485208134461,-0.0618681683906023,1.0,0.001,9.510527499951422,0.01864101509357017,-0.061868168390602385,8,8.572072072072071,9.0,222,p0_lite_outputs\p1_rolling_window_market_validation_20260719\raw_configured_ecmade\NASDAQ100\window_007\BayesianConfig_ECMADE_MOO\run_004,1.0,0.3771517749902236,1.1326806298707823,0.020292086395508176,0.7916666666666666,0.7260238541559542,0.025648753183180224
NASDAQ100,window_008,BayesianConfig_ECMADE_MOO,4,60,10,752,126,0.149195661574548,0.148195661574548,0.3206506685817631,0.3183532772586137,0.2909504892416962,1.1012859371708477,1.6394193963129398,-0.1341195448955634,1.0,0.001,9.683437899919229,0.04063291673041317,-0.13411954489556344,10,8.17910447761194,8.0,268,p0_lite_outputs\p1_rolling_window_market_validation_20260719\raw_configured_ecmade\NASDAQ100\window_008\BayesianConfig_ECMADE_MOO\run_004,1.0,0.2592430185502753,0.9685915730545466,0.005806635887477501,0.9666666666666667,1.3328251951083008,0.013183354838650675
NASDAQ100,window_009,BayesianConfig_ECMADE_MOO,4,59,10,752,122,0.2426203997104201,0.2416203997104201,0.5662572265460262,0.5636547964436489,0.3879926497747248,1.3494824937199166,1.8395105702679304,-0.2474939235101304,1.0,0.001,10.65968000004068,0.05311982375620598,-0.24749392351013044,10,8.882352941176471,9.0,323,p0_lite_outputs\p1_rolling_window_market_validation_20260719\raw_configured_ecmade\NASDAQ100\window_009\BayesianConfig_ECMADE_MOO\run_004,1.0,0.41537516122460333,0.9893567918048057,0.005767256215160402,0.9666666666666667,1.305278769234828,0.025754023097262303
NASDAQ100,window_010,BayesianConfig_ECMADE_MOO,4,60,10,750,126,-0.0656022075730641,-0.0666022075730641,-0.1269007655076688,-0.1287685610925227,0.1913989214733548,-0.61260027816197,-0.8171295156685485,-0.1412671830013219,1.0,0.001,9.898445699946024,0.029784240654359893,-0.1412671830013219,10,9.46712802768166,10.0,289,p0_lite_outputs\p1_rolling_window_market_validation_20260719\raw_configured_ecmade\NASDAQ100\window_010\BayesianConfig_ECMADE_MOO\run_004,1.0,0.43981429072879624,0.9994916237805144,0.02481532794013568,0.8083333333333333,1.1792274310605206,0.0506316651565859
NASDAQ100,window_011,BayesianConfig_ECMADE_MOO,4,60,10,751,123,0.0954833597194713,0.0944833597194713,0.2054343408063985,0.2031810083746528,0.2936860658949037,0.7833656842717113,1.260160470668138,-0.1511870800570244,1.0,0.001,10.155171400052495,0.039378120452961136,-0.15118708005702441,10,8.902255639097744,10.0,266,p0_lite_outputs\p1_rolling_window_market_validation_20260719\raw_configured_ecmade\NASDAQ100\window_011\BayesianConfig_ECMADE_MOO\run_004,1.0,0.6579404894266596,0.9691817104081367,0.014993482439196449,0.8833333333333333,1.2258471002162312,0.05941479819747788
NASDAQ100,window_001,BayesianConfig_ECMADE_MOO,5,60,10,755,124,0.2648945906136781,0.2638945906136781,0.6121325469249403,0.609543451712949,0.3964937310903142,1.4036692819574157,2.20419834213558,-0.2672178248861764,1.0,0.001,9.686676100012846,0.04865424772896899,-0.26721782488617707,10,8.25,9.0,284,p0_lite_outputs\p1_rolling_window_market_validation_20260719\raw_configured_ecmade\NASDAQ100\window_001\BayesianConfig_ECMADE_MOO\run_005,1.0,1.0,1.0445811932118465,0.006137422744391258,0.975,1.3122575620638097,0.05506503119578042
NASDAQ100,window_002,BayesianConfig_ECMADE_MOO,5,59,10,755,126,0.2278925347415938,0.2268925347415938,0.5077200768741363,0.5052652918046534,0.2682703423619134,1.6659064121547478,2.709743724840809,-0.1740812692283924,1.0,0.0009999999999999,9.974935400066895,0.03367397147685434,-0.1740812692283924,10,8.176470588235293,9.0,306,p0_lite_outputs\p1_rolling_window_market_validation_20260719\raw_configured_ecmade\NASDAQ100\window_002\BayesianConfig_ECMADE_MOO\run_005,1.0,0.3889863825001076,1.0236241150574448,0.005821615436363194,0.9666666666666667,1.3455838621052227,0.06898044076606873
NASDAQ100,window_003,BayesianConfig_ECMADE_MOO,5,60,10,756,124,-0.474623588540557,-0.475623588540557,-0.7296514396935874,-0.7306961731332648,0.6039028255233004,-1.8566331568517875,-3.250888340112224,-0.4847327169716643,1.0,0.001,9.46630979992915,0.07779112342441166,-0.4847327169716643,10,9.571428571428571,10.0,238,p0_lite_outputs\p1_rolling_window_market_validation_20260719\raw_configured_ecmade\NASDAQ100\window_003\BayesianConfig_ECMADE_MOO\run_005,1.0,0.4225309341151128,0.9739231393710148,0.007451216246115094,0.975,1.3696856283029801,0.04620774997755841
NASDAQ100,window_004,BayesianConfig_ECMADE_MOO,5,60,10,756,125,-0.1511258456980273,-0.1521258456980273,-0.2812992226632734,-0.2830050511249735,0.39603621499972,-0.6366522448751286,-1.1102553654260836,-0.3420221910432343,1.0,0.001,10.275015000021083,0.04820145616996988,-0.3420221910432344,10,9.191044776119403,10.0,335,p0_lite_outputs\p1_rolling_window_market_validation_20260719\raw_configured_ecmade\NASDAQ100\window_004\BayesianConfig_ECMADE_MOO\run_005,1.0,0.767427151131949,0.9113755692563769,0.005123249965579093,0.975,1.337958330262643,0.012118936201436035
NASDAQ100,window_005,BayesianConfig_ECMADE_MOO,5,60,10,755,123,0.3500289699798025,0.3490289699798025,0.849457583742294,0.8466519692673422,0.2743342709117087,2.3813159413163243,3.585318321801921,-0.1591387749686023,1.0,0.0009999999999999,9.76708400005009,0.03518409061550532,-0.1591387749686023,10,9.081545064377682,10.0,233,p0_lite_outputs\p1_rolling_window_market_validation_20260719\raw_configured_ecmade\NASDAQ100\window_005\BayesianConfig_ECMADE_MOO\run_005,1.0,0.34573381882641524,0.9568323263599755,0.008786288182435369,0.925,1.2254371968219337,0.024074361037634277
NASDAQ100,window_006,BayesianConfig_ECMADE_MOO,5,60,10,753,125,0.2244832006442081,0.2234832006442081,0.5042253648614887,0.5017498223290173,0.2132891756763683,2.0217303133952718,3.5854649871677373,-0.0905958280112586,1.0,0.001,9.69078459998127,0.023456084803821296,-0.09059582801125865,8,9.144486692015208,10.0,263,p0_lite_outputs\p1_rolling_window_market_validation_20260719\raw_configured_ecmade\NASDAQ100\window_006\BayesianConfig_ECMADE_MOO\run_005,1.0,0.7663302518320553,1.040505993633712,0.007363548003833423,0.975,1.3653382517957857,0.060477380546653914
NASDAQ100,window_007,BayesianConfig_ECMADE_MOO,5,60,10,752,124,0.3265156191733109,0.3255156191733109,0.7757556266786232,0.7730361791877347,0.172152860021471,3.425274994432515,6.270034547232113,-0.0647822428827339,1.0,0.0009999999999999,9.731485299998894,0.018764780906868013,-0.06478224288273393,9,8.893805309734514,9.5,226,p0_lite_outputs\p1_rolling_window_market_validation_20260719\raw_configured_ecmade\NASDAQ100\window_007\BayesianConfig_ECMADE_MOO\run_005,1.0,0.28204759230354215,1.1171698946795094,0.02997496890515738,0.7166666666666667,0.6620604223948319,0.025648753183180224
NASDAQ100,window_008,BayesianConfig_ECMADE_MOO,5,60,10,752,126,0.1371880126225371,0.1361880126225371,0.2931965760523956,0.2909232000271502,0.2861792112336514,1.0419334762296737,1.506187311493351,-0.1409282486970905,1.0,0.001,9.928342400002292,0.040734471857374235,-0.14092824869709053,8,8.962199312714777,10.0,291,p0_lite_outputs\p1_rolling_window_market_validation_20260719\raw_configured_ecmade\NASDAQ100\window_008\BayesianConfig_ECMADE_MOO\run_005,1.0,0.23439217039505977,0.9695707411963654,0.004800423184694844,0.9833333333333333,1.391343227224451,0.013183354838650675
NASDAQ100,window_009,BayesianConfig_ECMADE_MOO,5,59,10,752,122,0.2295335526398005,0.2285335526398005,0.5323761525990696,0.5298029292568069,0.3827891658579979,1.3054534435469465,1.779655976190319,-0.2420234356393142,1.0,0.001,10.794062400003895,0.0533848051564663,-0.24202343563931428,10,7.844559585492228,8.0,386,p0_lite_outputs\p1_rolling_window_market_validation_20260719\raw_configured_ecmade\NASDAQ100\window_009\BayesianConfig_ECMADE_MOO\run_005,1.0,0.4928671342487981,0.9920006097413484,0.003953671775151167,0.9916666666666667,1.3732004501046595,0.025754023097262303
NASDAQ100,window_010,BayesianConfig_ECMADE_MOO,5,60,10,750,126,-0.1043158036959932,-0.1053158036959932,-0.1977498204912454,-0.1995401888838535,0.1892397902266019,-1.0686522459159236,-1.4135894694860474,-0.1572021666250974,1.0,0.001,9.567740299971774,0.029698670654376307,-0.15720216662509745,9,9.397489539748953,10.0,239,p0_lite_outputs\p1_rolling_window_market_validation_20260719\raw_configured_ecmade\NASDAQ100\window_010\BayesianConfig_ECMADE_MOO\run_005,1.0,0.44605711064230524,1.00762592157012,0.008278051834881686,0.925,1.3160515798131278,0.0506316651565859
NASDAQ100,window_011,BayesianConfig_ECMADE_MOO,5,60,10,751,123,0.1696993683107814,0.1686993683107814,0.3786981921877481,0.3762844235524909,0.3206610508020572,1.1625744523323396,1.8205578006818224,-0.1472836045174004,1.0000000000000002,0.001,10.16100560000632,0.04368861346696061,-0.1472836045174004,10,9.180722891566266,10.0,249,p0_lite_outputs\p1_rolling_window_market_validation_20260719\raw_configured_ecmade\NASDAQ100\window_011\BayesianConfig_ECMADE_MOO\run_005,1.0000000000000002,0.6411288160713995,0.9545120159842205,0.02500065347917751,0.8166666666666667,1.1265640537113726,0.05941479819747788
NASDAQ100,window_001,BayesianConfig_ECMADE_MOO,6,60,10,755,124,0.2770730635110561,0.2760730635110561,0.6438334128119656,0.6412185713628356,0.4009626563304463,1.4411692581310058,2.3086538472162204,-0.2718043202656042,1.0,0.001,9.565227899933234,0.04943769649424018,-0.2718043202656043,10,8.29957805907173,9.0,237,p0_lite_outputs\p1_rolling_window_market_validation_20260719\raw_configured_ecmade\NASDAQ100\window_001\BayesianConfig_ECMADE_MOO\run_006,1.0,1.0,1.033707222119005,0.0203931220986426,0.8916666666666667,1.1172864561935107,0.05506503119578042
NASDAQ100,window_002,BayesianConfig_ECMADE_MOO,6,59,10,755,126,0.2196501711425296,0.2186501711425296,0.4875465399680017,0.4851082396257169,0.2575298280902137,1.6720513790878953,2.705368742606708,-0.1689043581607139,1.0,0.001,9.630721799912862,0.03243106371556499,-0.1689043581607138,10,8.05921052631579,9.0,304,p0_lite_outputs\p1_rolling_window_market_validation_20260719\raw_configured_ecmade\NASDAQ100\window_002\BayesianConfig_ECMADE_MOO\run_006,1.0,0.40751926772913505,1.0239923057709415,0.005202811162638715,0.9666666666666667,1.400109311360235,0.06898044076606873
NASDAQ100,window_003,BayesianConfig_ECMADE_MOO,6,60,10,756,124,-0.4744293473415203,-0.4754293473415203,-0.7294482711053774,-0.730493403644076,0.5685774383793647,-2.0075175565712127,-3.525762394572575,-0.4877915357030805,1.0,0.001,9.87865830003284,0.07321818392113581,-0.48779153570308054,10,9.806324110671937,10.0,253,p0_lite_outputs\p1_rolling_window_market_validation_20260719\raw_configured_ecmade\NASDAQ100\window_003\BayesianConfig_ECMADE_MOO\run_006,1.0,0.4274727232134549,0.9652514183937015,0.011399572317213977,0.9083333333333333,1.2773381343290036,0.04620774997755841
NASDAQ100,window_004,BayesianConfig_ECMADE_MOO,6,60,10,756,125,-0.1327345956471088,-0.1337345956471088,-0.2495625874175875,-0.2513059933603816,0.3775172557015702,-0.5720171060591172,-0.9679053246685532,-0.313792152652162,1.0,0.001,10.586988100083545,0.04699256597495853,-0.313792152652162,10,9.150510204081632,10.0,392,p0_lite_outputs\p1_rolling_window_market_validation_20260719\raw_configured_ecmade\NASDAQ100\window_004\BayesianConfig_ECMADE_MOO\run_006,1.0,0.8054102563138966,0.91293164354727,0.004340486522888922,0.9916666666666667,1.3766823671719277,0.012118936201436035
NASDAQ100,window_005,BayesianConfig_ECMADE_MOO,6,60,10,755,123,0.3271407658780541,0.3261407658780541,0.7857881220408669,0.7830323915847146,0.2793976732892083,2.217544808615394,3.3519870712195003,-0.1668047478329557,1.0,0.001,9.868403799948284,0.03651516868789218,-0.16680474783295574,9,9.003649635036496,10.0,274,p0_lite_outputs\p1_rolling_window_market_validation_20260719\raw_configured_ecmade\NASDAQ100\window_005\BayesianConfig_ECMADE_MOO\run_006,1.0,0.3091958219540761,0.9589879702001607,0.009827323732753438,0.9333333333333333,1.1585248152760241,0.024074361037634277
NASDAQ100,window_006,BayesianConfig_ECMADE_MOO,6,60,10,753,125,0.248549370093023,0.247549370093023,0.5644220598249048,0.5618970562249914,0.2078198710566151,2.2586226199183312,4.071323020079697,-0.0873669955619649,1.0,0.001,9.874497900018468,0.02311662617392118,-0.08736699556196492,7,9.422924901185771,10.0,253,p0_lite_outputs\p1_rolling_window_market_validation_20260719\raw_configured_ecmade\NASDAQ100\window_006\BayesianConfig_ECMADE_MOO\run_006,1.0,0.8747465142095662,1.0401151253432117,0.007492093680525571,0.975,1.3282500477653298,0.060477380546653914
NASDAQ100,window_007,BayesianConfig_ECMADE_MOO,6,60,10,752,124,0.3062199390824185,0.3052199390824185,0.7209770517433685,0.7183005594945364,0.180213300755757,3.105853396306685,5.1256616664488535,-0.0640521606944448,1.0,0.001,9.80725449998863,0.021117183580429126,-0.06405216069444486,10,8.348017621145374,9.0,227,p0_lite_outputs\p1_rolling_window_market_validation_20260719\raw_configured_ecmade\NASDAQ100\window_007\BayesianConfig_ECMADE_MOO\run_006,1.0,0.27185805713932537,1.1570757318790614,0.005230885353546512,0.9416666666666667,0.9382151108650919,0.025648753183180224
NASDAQ100,window_008,BayesianConfig_ECMADE_MOO,6,60,10,752,126,0.1605401783192184,0.1595401783192184,0.3468535054932031,0.3445334251365646,0.2911372569981856,1.1687000286102585,1.7196068778304152,-0.1367136103299147,1.0,0.001,9.901497299899347,0.04092965982589203,-0.1367136103299147,9,9.236666666666666,10.0,300,p0_lite_outputs\p1_rolling_window_market_validation_20260719\raw_configured_ecmade\NASDAQ100\window_008\BayesianConfig_ECMADE_MOO\run_006,1.0,0.32645829739938914,0.9666496364560716,0.0078108523031416854,0.9583333333333334,1.2523763934707544,0.013183354838650675
NASDAQ100,window_009,BayesianConfig_ECMADE_MOO,6,59,10,752,122,0.231055014351259,0.230055014351259,0.536295492921373,0.5337188750783473,0.3651663347223686,1.357738930241007,1.808285503014092,-0.2366182235099523,1.0,0.001,9.875630200025626,0.05071982828726618,-0.2366182235099522,10,8.736842105263158,9.0,266,p0_lite_outputs\p1_rolling_window_market_validation_20260719\raw_configured_ecmade\NASDAQ100\window_009\BayesianConfig_ECMADE_MOO\run_006,1.0,0.4259357949751103,0.9879621962901852,0.0059227258552574215,0.9583333333333334,1.3271854550757674,0.025754023097262303
NASDAQ100,window_010,BayesianConfig_ECMADE_MOO,6,60,10,750,126,-0.0477254035497769,-0.0487254035497769,-0.0931730929555648,-0.0950766421484652,0.2054736168198278,-0.3726955793748297,-0.4952737146726662,-0.1514883211000824,1.0,0.001,9.787168800015934,0.030556593901568927,-0.1514883211000826,10,7.857615894039735,8.5,302,p0_lite_outputs\p1_rolling_window_market_validation_20260719\raw_configured_ecmade\NASDAQ100\window_010\BayesianConfig_ECMADE_MOO\run_006,1.0,0.4264842632727732,1.014785711865245,0.006687209034603323,0.9666666666666667,1.315073997458827,0.0506316651565859
NASDAQ100,window_011,BayesianConfig_ECMADE_MOO,6,60,10,751,123,0.1792666914354772,0.1782666914354772,0.4019009622980982,0.3994664746742464,0.2988908749198828,1.2808106262545622,1.9732283121545855,-0.1575900252650869,1.0,0.001,9.340145400026811,0.041738844507190495,-0.15759002526508692,10,9.648387096774194,10.0,310,p0_lite_outputs\p1_rolling_window_market_validation_20260719\raw_configured_ecmade\NASDAQ100\window_011\BayesianConfig_ECMADE_MOO\run_006,1.0,0.7157655923180626,0.9680909494203684,0.008853954470039132,0.9166666666666666,1.3134385501684653,0.05941479819747788
NASDAQ100,window_001,BayesianConfig_ECMADE_MOO,7,60,10,755,124,0.2394336240647376,0.2384336240647376,0.5468697616218823,0.5443344669406334,0.3834433615360889,1.330418138798903,2.0729605452557847,-0.2690261733947887,1.0,0.0009999999999999,9.620547199971044,0.048360880529533336,-0.26902617339478874,10,9.456896551724139,10.0,232,p0_lite_outputs\p1_rolling_window_market_validation_20260719\raw_configured_ecmade\NASDAQ100\window_001\BayesianConfig_ECMADE_MOO\run_007,1.0,1.0,1.0181763901359489,0.031391317243752395,0.85,1.0775112403056206,0.05506503119578042
NASDAQ100,window_002,BayesianConfig_ECMADE_MOO,7,59,10,755,126,0.2116036842379181,0.2106036842379181,0.4679834876588966,0.4655612802904212,0.2655144066282177,1.5797799522476283,2.484262564749412,-0.1767499233577508,1.0,0.001,9.485319099971091,0.03434602446876799,-0.17674992335775086,9,8.703252032520325,10.0,246,p0_lite_outputs\p1_rolling_window_market_validation_20260719\raw_configured_ecmade\NASDAQ100\window_002\BayesianConfig_ECMADE_MOO\run_007,1.0,0.4101507810283898,1.013922209246862,0.014547775359881799,0.875,1.1881987313754783,0.06898044076606873
NASDAQ100,window_003,BayesianConfig_ECMADE_MOO,7,60,10,756,124,-0.4741280712498417,-0.4751280712498417,-0.7291329948925069,-0.7301787464596301,0.5804972800195691,-1.9524631775580985,-3.40665619656614,-0.4854255149379334,1.0,0.001,9.987874099984763,0.07409145818346954,-0.4854255149379334,10,8.641891891891891,10.0,296,p0_lite_outputs\p1_rolling_window_market_validation_20260719\raw_configured_ecmade\NASDAQ100\window_003\BayesianConfig_ECMADE_MOO\run_007,1.0,0.41054560114011485,0.979607416914459,0.005175212004921745,0.9666666666666667,1.3666535934277837,0.04620774997755841
NASDAQ100,window_004,BayesianConfig_ECMADE_MOO,7,60,10,756,125,-0.1478453206501921,-0.1488453206501921,-0.2756888659291638,-0.277401396298062,0.3799373938493148,-0.6591340805874111,-1.1133236971710734,-0.3278463614070376,1.0000000000000002,0.001,10.186113799922168,0.047170854674252354,-0.3278463614070376,9,9.267267267267266,10.0,333,p0_lite_outputs\p1_rolling_window_market_validation_20260719\raw_configured_ecmade\NASDAQ100\window_004\BayesianConfig_ECMADE_MOO\run_007,1.0000000000000002,0.7890939664559145,0.9101941426352467,0.005325924015543624,0.9833333333333333,1.3682206562463124,0.012118936201436035
NASDAQ100,window_005,BayesianConfig_ECMADE_MOO,7,60,10,755,123,0.3037604713134723,0.3027604713134723,0.721928144070118,0.7192233267913632,0.2729601056297871,2.129636686240947,3.2469665518698885,-0.1601720475433637,1.0,0.001,9.651092099957168,0.035475469715546284,-0.16017204754336367,8,8.379310344827585,9.0,261,p0_lite_outputs\p1_rolling_window_market_validation_20260719\raw_configured_ecmade\NASDAQ100\window_005\BayesianConfig_ECMADE_MOO\run_007,1.0,0.33778957731973874,0.9656392478784451,0.005390156780419194,0.975,1.3363616398965208,0.024074361037634277
NASDAQ100,window_006,BayesianConfig_ECMADE_MOO,7,60,10,753,125,0.2273213107345366,0.2263213107345366,0.5112624192030546,0.5087810445575767,0.2203600779409857,1.9849941723848288,3.3334596454864958,-0.097873971109908,0.9999999999999998,0.0009999999999999,9.897535199997948,0.025945082803526802,-0.09787397110990803,7,8.60632183908046,9.0,348,p0_lite_outputs\p1_rolling_window_market_validation_20260719\raw_configured_ecmade\NASDAQ100\window_006\BayesianConfig_ECMADE_MOO\run_007,0.9999999999999998,0.8699871688849039,1.0462737604610277,0.004514031627541164,0.9916666666666667,1.3918357955046807,0.060477380546653914
NASDAQ100,window_007,BayesianConfig_ECMADE_MOO,7,60,10,752,124,0.416597711288738,0.415597711288738,1.0294202619776345,1.0265099064082563,0.1855482111383028,3.912301969379453,6.861343651156734,-0.0736691890667805,1.0,0.001,9.738929099985398,0.0206187303825847,-0.07366918906678055,10,9.213333333333333,10.0,225,p0_lite_outputs\p1_rolling_window_market_validation_20260719\raw_configured_ecmade\NASDAQ100\window_007\BayesianConfig_ECMADE_MOO\run_007,1.0,0.3016924370570325,1.1275664592923438,0.017188462022194706,0.8083333333333333,0.816462917292001,0.025648753183180224
NASDAQ100,window_008,BayesianConfig_ECMADE_MOO,7,60,10,752,126,0.1464375259979398,0.1454375259979398,0.3143190010162768,0.3120271259642808,0.2959533175428587,1.0718727855224253,1.5763206664794729,-0.1433390697334279,1.0,0.001,9.808574400027284,0.04169302979921073,-0.1433390697334278,8,9.069343065693431,10.0,274,p0_lite_outputs\p1_rolling_window_market_validation_20260719\raw_configured_ecmade\NASDAQ100\window_008\BayesianConfig_ECMADE_MOO\run_007,1.0,0.20895712187635113,0.9671700011909328,0.007652989975784506,0.9666666666666667,1.2747576038777149,0.013183354838650675
NASDAQ100,window_009,BayesianConfig_ECMADE_MOO,7,59,10,752,122,0.2340041651075197,0.2330041651075197,0.5439073209901939,0.5413241225763388,0.3732438411087143,1.3492650339049963,1.8475354129055617,-0.2359190493023838,1.0,0.001,10.060347100021318,0.05135593431562889,-0.23591904930238383,10,8.315634218289086,9.0,339,p0_lite_outputs\p1_rolling_window_market_validation_20260719\raw_configured_ecmade\NASDAQ100\window_009\BayesianConfig_ECMADE_MOO\run_007,1.0,0.462487241248963,0.9891194742627604,0.006596943187710133,0.9416666666666667,1.2570441103578431,0.025754023097262303
NASDAQ100,window_010,BayesianConfig_ECMADE_MOO,7,60,10,750,126,-0.0933052085551247,-0.0943052085551247,-0.1779045551667341,-0.1797169447496238,0.191228346464187,-0.927846194221298,-1.2395320508964611,-0.1589772564793342,1.0,0.001,9.850011700065808,0.02930204034914818,-0.15897725647933425,9,8.527777777777779,9.0,288,p0_lite_outputs\p1_rolling_window_market_validation_20260719\raw_configured_ecmade\NASDAQ100\window_010\BayesianConfig_ECMADE_MOO\run_007,1.0,0.4372107069026502,1.0110184372851079,0.010442935829604297,0.8666666666666667,1.2703135189930457,0.0506316651565859
NASDAQ100,window_011,BayesianConfig_ECMADE_MOO,7,60,10,751,123,0.2117679477164646,0.2107679477164646,0.4822046237142714,0.4796996904849924,0.305211511616737,1.4432103108530112,2.2480459783640794,-0.137727952840463,1.0,0.001,7.489414499956183,0.04223859655914478,-0.13772795284046302,10,7.011627906976744,7.0,344,p0_lite_outputs\p1_rolling_window_market_validation_20260719\raw_configured_ecmade\NASDAQ100\window_011\BayesianConfig_ECMADE_MOO\run_007,1.0,0.691194893847745,0.9775630887387131,0.0050975679533461415,0.9833333333333333,1.3756985818396432,0.05941479819747788
NASDAQ100,window_001,BayesianConfig_ECMADE_MOO,8,60,10,755,124,0.2186803158470847,0.2176803158470847,0.4946869113083429,0.4921954432527127,0.3563072990699885,1.3068870004071405,2.0140138426099634,-0.2305615165283223,1.0,0.001,9.911560000036843,0.044816688338873444,-0.23056151652832257,9,9.525490196078431,10.0,255,p0_lite_outputs\p1_rolling_window_market_validation_20260719\raw_configured_ecmade\NASDAQ100\window_001\BayesianConfig_ECMADE_MOO\run_008,1.0,1.0,1.0241840496880297,0.031035204805322746,0.8666666666666667,1.0084322280581146,0.05506503119578042
NASDAQ100,window_002,BayesianConfig_ECMADE_MOO,8,59,10,755,126,0.201638737030309,0.200638737030309,0.443935654331796,0.4415333768577352,0.2938915989933034,1.3980551415083105,2.187481661349596,-0.1947722483618043,1.0,0.001,10.484953899984248,0.03931717208579425,-0.1947722483618043,10,9.60655737704918,10.0,244,p0_lite_outputs\p1_rolling_window_market_validation_20260719\raw_configured_ecmade\NASDAQ100\window_002\BayesianConfig_ECMADE_MOO\run_008,1.0,0.3223676574198883,0.9978435102929777,0.02317064420412306,0.875,1.0751113814825524,0.06898044076606873
NASDAQ100,window_003,BayesianConfig_ECMADE_MOO,8,60,10,756,124,-0.4813942965392007,-0.4823942965392007,-0.7366848906108048,-0.7377157155580589,0.5740618150173464,-2.029754598861361,-3.5692520481899845,-0.4879740024944241,1.0000000000000002,0.001,9.959826400037857,0.07503860528047905,-0.48797400249442413,10,9.240506329113924,10.0,316,p0_lite_outputs\p1_rolling_window_market_validation_20260719\raw_configured_ecmade\NASDAQ100\window_003\BayesianConfig_ECMADE_MOO\run_008,1.0000000000000002,0.4125596828165145,0.9791346391967424,0.005550144988357746,0.9666666666666667,1.3394214219562874,0.04620774997755841
NASDAQ100,window_004,BayesianConfig_ECMADE_MOO,8,60,10,756,125,-0.1460458776575386,-0.1470458776575386,-0.2726021193390867,-0.2743183260328379,0.3865868273413745,-0.630060681438511,-1.0447794786910425,-0.3310976709529696,1.0,0.001,10.193301799939944,0.04858261931116764,-0.3310976709529696,7,9.34402332361516,10.0,343,p0_lite_outputs\p1_rolling_window_market_validation_20260719\raw_configured_ecmade\NASDAQ100\window_004\BayesianConfig_ECMADE_MOO\run_008,1.0,0.8365180460214167,0.9112882638100408,0.004853769118261167,0.975,1.3349819611567577,0.012118936201436035
NASDAQ100,window_005,BayesianConfig_ECMADE_MOO,8,60,10,755,123,0.333270586563744,0.332270586563744,0.802727865753436,0.7999587796594108,0.2835665648461341,2.222457936421516,3.3507277181763286,-0.167612595633393,1.0,0.001,9.75010880001355,0.036772241363389975,-0.16761259563339304,10,9.206293706293707,10.0,286,p0_lite_outputs\p1_rolling_window_market_validation_20260719\raw_configured_ecmade\NASDAQ100\window_005\BayesianConfig_ECMADE_MOO\run_008,1.0,0.27034330055195543,0.9643187510834964,0.005769673993818322,0.975,1.3121656608585797,0.024074361037634277
NASDAQ100,window_006,BayesianConfig_ECMADE_MOO,8,60,10,753,125,0.2052613969403489,0.2042613969403489,0.4570008115346675,0.454564762712085,0.2246009814278582,1.7886545267596825,3.0873779040411797,-0.094228332798202,1.0,0.001,9.762383299996143,0.026313149355245036,-0.09422833279820209,10,8.677115987460816,9.0,319,p0_lite_outputs\p1_rolling_window_market_validation_20260719\raw_configured_ecmade\NASDAQ100\window_006\BayesianConfig_ECMADE_MOO\run_008,1.0,0.8054847795443707,1.0455342613299028,0.004936897800258228,0.9916666666666667,1.3961581247513988,0.060477380546653914
NASDAQ100,window_007,BayesianConfig_ECMADE_MOO,8,60,10,752,124,0.3083795829800839,0.3073795829800839,0.7267645413444117,0.7240834792874735,0.1650167420383238,3.396196310501969,6.398875672444039,-0.0621881156640543,1.0,0.001,9.56413449998945,0.017756537140418936,-0.062188115664054355,10,8.635071090047393,9.0,211,p0_lite_outputs\p1_rolling_window_market_validation_20260719\raw_configured_ecmade\NASDAQ100\window_007\BayesianConfig_ECMADE_MOO\run_008,1.0,0.37482662397494976,1.135130984960945,0.015787538486573695,0.8333333333333334,0.8397204972556171,0.025648753183180224
NASDAQ100,window_008,BayesianConfig_ECMADE_MOO,8,60,10,752,126,0.1530797288156424,0.1520797288156424,0.3295928610055556,0.3272877015479245,0.2892989410772709,1.12970831202289,1.6547796378823678,-0.1372848166795189,1.0,0.001,10.15580080007203,0.040782008056817864,-0.13728481667951897,10,8.52482269503546,9.0,282,p0_lite_outputs\p1_rolling_window_market_validation_20260719\raw_configured_ecmade\NASDAQ100\window_008\BayesianConfig_ECMADE_MOO\run_008,1.0,0.32151418716055613,0.9691068485735952,0.006745318731365817,0.975,1.2854965655484092,0.013183354838650675
NASDAQ100,window_009,BayesianConfig_ECMADE_MOO,8,59,10,752,122,0.2525852083449009,0.2515852083449009,0.5923119329571103,0.5896872502017403,0.3837778417082464,1.4031385589306895,1.9279424865260464,-0.2400206140583236,1.0,0.0009999999999999,10.134292999980971,0.05331721029585961,-0.24002061405832364,10,8.653061224489797,9.0,294,p0_lite_outputs\p1_rolling_window_market_validation_20260719\raw_configured_ecmade\NASDAQ100\window_009\BayesianConfig_ECMADE_MOO\run_008,1.0,0.4673325778671935,0.9879559863453242,0.006323623049301873,0.9833333333333333,1.3230346655123273,0.025754023097262303
NASDAQ100,window_010,BayesianConfig_ECMADE_MOO,8,60,10,750,126,-0.1405438432654174,-0.1415438432654174,-0.2613351146510206,-0.2630530269644898,0.2012176873731055,-1.403253452291986,-1.861248887463611,-0.177909081698428,1.0,0.001,9.649676500004716,0.030951789601528692,-0.177909081698428,10,9.793859649122806,10.0,228,p0_lite_outputs\p1_rolling_window_market_validation_20260719\raw_configured_ecmade\NASDAQ100\window_010\BayesianConfig_ECMADE_MOO\run_008,1.0,0.45105679554834166,0.9927059863509492,0.024144012968751086,0.7833333333333333,1.1663089443844674,0.0506316651565859
NASDAQ100,window_011,BayesianConfig_ECMADE_MOO,8,60,10,751,123,0.1844593424767615,0.1834593424767615,0.4145772354414432,0.4121314991768781,0.3234493220622536,1.2350217393532656,1.9209765462378023,-0.1492498541626408,1.0,0.001,10.348481700057164,0.04453219531589563,-0.1492498541626408,10,9.399122807017545,10.0,228,p0_lite_outputs\p1_rolling_window_market_validation_20260719\raw_configured_ecmade\NASDAQ100\window_011\BayesianConfig_ECMADE_MOO\run_008,1.0,0.7011853330197537,0.9398346557284611,0.03779923684597606,0.825,1.0831618285039473,0.05941479819747788
NASDAQ100,window_001,BayesianConfig_ECMADE_MOO,9,60,10,755,124,0.2372127902815177,0.2362127902815177,0.5412421570935362,0.5387115534851759,0.3881600762713084,1.3093542440921155,2.087958480625093,-0.2704450549645989,1.0,0.001,9.637229799991474,0.04833509731886204,-0.2704450549645989,9,8.353159851301115,10.0,269,p0_lite_outputs\p1_rolling_window_market_validation_20260719\raw_configured_ecmade\NASDAQ100\window_001\BayesianConfig_ECMADE_MOO\run_009,1.0,1.0,1.0428222776043279,0.006681262783554849,0.975,1.3331614346819407,0.05506503119578042
NASDAQ100,window_002,BayesianConfig_ECMADE_MOO,9,59,10,755,126,0.2316933601403188,0.2306933601403188,0.517068533413749,0.5146061466934688,0.2489984888628277,1.7996413265057412,2.967003613203534,-0.1638501971214314,1.0000000000000002,0.001,9.658480999991298,0.03106491338769012,-0.16385019712143145,10,9.142241379310345,10.0,232,p0_lite_outputs\p1_rolling_window_market_validation_20260719\raw_configured_ecmade\NASDAQ100\window_002\BayesianConfig_ECMADE_MOO\run_009,1.0000000000000002,0.3589334557595902,1.0045167266367605,0.016566280296021973,0.8833333333333333,1.1280965717169698,0.06898044076606873
NASDAQ100,window_003,BayesianConfig_ECMADE_MOO,9,60,10,756,124,-0.4605844590588269,-0.4615844590588269,-0.7147673224628319,-0.7158409136629744,0.5652283934174073,-1.929937525698286,-3.4652589945162986,-0.4666423095049886,1.0,0.001,9.638763999915682,0.07212681468067558,-0.46664230950498886,10,9.643724696356275,10.0,247,p0_lite_outputs\p1_rolling_window_market_validation_20260719\raw_configured_ecmade\NASDAQ100\window_003\BayesianConfig_ECMADE_MOO\run_009,1.0,0.39671244770065045,0.9669816911740723,0.014964084475135635,0.925,1.1627244862393158,0.04620774997755841
NASDAQ100,window_004,BayesianConfig_ECMADE_MOO,9,60,10,756,125,-0.0919958168112718,-0.0929958168112718,-0.1768004881098852,-0.1786271776498642,0.3832174313513805,-0.3174222626904026,-0.5619533595560003,-0.2936041634947444,1.0,0.001,10.062593700014986,0.04588412227963282,-0.2936041634947444,9,9.015060240963855,10.0,332,p0_lite_outputs\p1_rolling_window_market_validation_20260719\raw_configured_ecmade\NASDAQ100\window_004\BayesianConfig_ECMADE_MOO\run_009,1.0,0.8110766545055281,0.9113675722190141,0.0049452631502066085,0.975,1.3352193520976754,0.012118936201436035
NASDAQ100,window_005,BayesianConfig_ECMADE_MOO,9,60,10,755,123,0.340190879740804,0.339190879740804,0.8219504762274374,0.8191663086153798,0.2817440552201186,2.272682096090519,3.4992245282613204,-0.1797450843111997,1.0,0.001,10.039147199946456,0.03626964728542797,-0.17974508431119973,8,8.86833855799373,9.0,319,p0_lite_outputs\p1_rolling_window_market_validation_20260719\raw_configured_ecmade\NASDAQ100\window_005\BayesianConfig_ECMADE_MOO\run_009,1.0,0.2697391358402525,0.9618119529992049,0.007609986833797624,0.95,1.2233130915815895,0.024074361037634277
NASDAQ100,window_006,BayesianConfig_ECMADE_MOO,9,60,10,753,125,0.2269006533206539,0.2259006533206539,0.5102183601591801,0.5077378499482039,0.1991949089074368,2.170407282740188,3.823901771458596,-0.0853818557425928,1.0,0.001,9.456479100044817,0.022138309375531122,-0.08538185574259283,10,9.380073800738007,10.0,271,p0_lite_outputs\p1_rolling_window_market_validation_20260719\raw_configured_ecmade\NASDAQ100\window_006\BayesianConfig_ECMADE_MOO\run_009,1.0,0.7904290472517227,1.043855141013288,0.006453195243151543,0.9833333333333333,1.3171797273717674,0.060477380546653914
NASDAQ100,window_007,BayesianConfig_ECMADE_MOO,9,60,10,752,124,0.3280241675111448,0.3270241675111448,0.7798620503771134,0.7771394092347583,0.1738783195296374,3.4063020534002613,6.346161179884731,-0.0663746805390514,0.9999999999999998,0.0009999999999999,9.572977499919944,0.01860088262097306,-0.06637468053905149,10,9.124463519313304,10.0,233,p0_lite_outputs\p1_rolling_window_market_validation_20260719\raw_configured_ecmade\NASDAQ100\window_007\BayesianConfig_ECMADE_MOO\run_009,0.9999999999999998,0.3349755714374647,1.1561794741467226,0.0051268645997753865,0.9833333333333333,0.9467157439082919,0.025648753183180224
NASDAQ100,window_008,BayesianConfig_ECMADE_MOO,9,60,10,752,126,0.1471898318531408,0.1461898318531408,0.3160445103072375,0.313751130643531,0.2979876821978856,1.070708429019523,1.590796610196825,-0.1391633634644288,1.0,0.001,10.070578700047918,0.041687947659789094,-0.1391633634644288,10,9.277070063694268,10.0,314,p0_lite_outputs\p1_rolling_window_market_validation_20260719\raw_configured_ecmade\NASDAQ100\window_008\BayesianConfig_ECMADE_MOO\run_009,1.0,0.2752948567641437,0.967059261877073,0.006137777477814849,0.9666666666666667,1.3004034904018844,0.013183354838650675
NASDAQ100,window_009,BayesianConfig_ECMADE_MOO,9,59,10,752,122,0.2434383193339235,0.2424383193339235,0.5683874650281147,0.5657832088495149,0.3595169523649946,1.4313729400954085,1.8954851774533843,-0.2395918541573418,1.0,0.001,9.813780199969187,0.05058985012503901,-0.23959185415734185,10,8.636363636363637,9.0,308,p0_lite_outputs\p1_rolling_window_market_validation_20260719\raw_configured_ecmade\NASDAQ100\window_009\BayesianConfig_ECMADE_MOO\run_009,1.0,0.5433614693337899,0.989937894501543,0.005031702130364432,0.9833333333333333,1.4079017560894564,0.025754023097262303
NASDAQ100,window_010,BayesianConfig_ECMADE_MOO,9,60,10,750,126,-0.0583825671010365,-0.0593825671010365,-0.113356610060766,-0.1152388449265638,0.195500138837321,-0.5170893416996298,-0.6896633677436327,-0.1488039629444116,1.0,0.001,10.40128510002978,0.02901962171986976,-0.14880396294441167,10,7.66189111747851,8.0,349,p0_lite_outputs\p1_rolling_window_market_validation_20260719\raw_configured_ecmade\NASDAQ100\window_010\BayesianConfig_ECMADE_MOO\run_009,1.0,0.5020770842232591,1.0154798097523496,0.004613539586471371,0.9916666666666667,1.3668144649837806,0.0506316651565859
NASDAQ100,window_011,BayesianConfig_ECMADE_MOO,9,60,10,751,123,0.1279569289913045,0.1269569289913045,0.2797816751726416,0.2774582063380828,0.2951416044268941,0.9837490060444148,1.6140326560041658,-0.1345553848543484,1.0,0.001,14.474389199982395,0.03872443250601101,-0.13455538485434848,10,9.01038062283737,10.0,289,p0_lite_outputs\p1_rolling_window_market_validation_20260719\raw_configured_ecmade\NASDAQ100\window_011\BayesianConfig_ECMADE_MOO\run_009,1.0,0.6841230685385247,0.9735067240779091,0.007847883984251963,0.9583333333333334,1.3227687495832772,0.05941479819747788
NASDAQ100,window_001,BayesianConfig_ECMADE_MOO,10,60,10,755,124,0.269928980359561,0.268928980359561,0.6251991701271857,0.6225994327899864,0.4257435502217801,1.354292134762973,2.186363110592707,-0.2916627069765377,0.9999999999999998,0.0009999999999999,9.517299700062722,0.0514206350912092,-0.2916627069765375,8,9.35930735930736,10.0,231,p0_lite_outputs\p1_rolling_window_market_validation_20260719\raw_configured_ecmade\NASDAQ100\window_001\BayesianConfig_ECMADE_MOO\run_010,0.9999999999999998,1.0,1.0047392034212008,0.04457857154718046,0.8333333333333334,1.007775370567438,0.05506503119578042
NASDAQ100,window_002,BayesianConfig_ECMADE_MOO,10,59,10,755,126,0.24234899325165,0.24134899325165,0.5434310210333884,0.5409473230468853,0.2617158304269891,1.7906643494967167,2.822089003751417,-0.1678396468541299,1.0,0.001,9.593437299947254,0.03394244770046003,-0.16783964685413022,10,9.25909090909091,10.0,220,p0_lite_outputs\p1_rolling_window_market_validation_20260719\raw_configured_ecmade\NASDAQ100\window_002\BayesianConfig_ECMADE_MOO\run_010,1.0,0.3577890722186585,0.9892250488610489,0.03394677783750382,0.825,0.9993841466251415,0.06898044076606873
NASDAQ100,window_003,BayesianConfig_ECMADE_MOO,10,60,10,756,124,-0.4252939588554112,-0.4262939588554112,-0.6755620037140434,-0.6767082411991074,0.5322447238870944,-1.8424936732707895,-3.0034522074440977,-0.4418211737859289,1.0,0.001,9.743928999989294,0.0716568429231185,-0.4418211737859289,10,9.708661417322835,10.0,254,p0_lite_outputs\p1_rolling_window_market_validation_20260719\raw_configured_ecmade\NASDAQ100\window_003\BayesianConfig_ECMADE_MOO\run_010,1.0,0.5279601575164083,0.9405625679620226,0.0322709258964802,0.725,1.059262081130724,0.04620774997755841
NASDAQ100,window_004,BayesianConfig_ECMADE_MOO,10,60,10,756,125,-0.1377354596177926,-0.1387354596177926,-0.2582606802504291,-0.2599938670233666,0.3907048390187522,-0.5696239979818313,-0.9518427780787136,-0.3379453842404254,1.0,0.001,9.920310500077903,0.04869080148697565,-0.3379453842404254,8,8.627986348122867,9.0,293,p0_lite_outputs\p1_rolling_window_market_validation_20260719\raw_configured_ecmade\NASDAQ100\window_004\BayesianConfig_ECMADE_MOO\run_010,1.0,0.786936920777325,0.9098048383005127,0.006106842509827774,0.9666666666666667,1.292370660386414,0.012118936201436035
NASDAQ100,window_005,BayesianConfig_ECMADE_MOO,10,60,10,755,123,0.3813602217691236,0.3803602217691236,0.9384657529964098,0.9355917863700244,0.2917850248474412,2.4172250915054865,3.760357111022527,-0.1790877095833694,1.0,0.001,10.033212299924344,0.03723902947766341,-0.1790877095833694,8,8.976833976833976,10.0,259,p0_lite_outputs\p1_rolling_window_market_validation_20260719\raw_configured_ecmade\NASDAQ100\window_005\BayesianConfig_ECMADE_MOO\run_010,1.0,0.22624806117594232,0.9632584156656158,0.00606854372776001,0.975,1.325919775197141,0.024074361037634277
NASDAQ100,window_006,BayesianConfig_ECMADE_MOO,10,60,10,753,125,0.1966509489554502,0.1956509489554502,0.4360926482188796,0.4336742874280566,0.1883969850239301,2.0161488387559263,3.449527656656888,-0.0767111411020528,1.0000000000000002,0.001,10.011054900009183,0.02183059712804772,-0.0767111411020528,10,9.33445945945946,10.0,296,p0_lite_outputs\p1_rolling_window_market_validation_20260719\raw_configured_ecmade\NASDAQ100\window_006\BayesianConfig_ECMADE_MOO\run_010,1.0000000000000002,0.803891157279209,1.040742327436154,0.007443746203180727,0.975,1.366778555319894,0.060477380546653914
NASDAQ100,window_007,BayesianConfig_ECMADE_MOO,10,60,10,752,124,0.3774811285954107,0.3764811285954107,0.9171581919710948,0.9143307845583236,0.1780300295938189,3.749373185470101,6.664395867789657,-0.0701829387178983,1.0,0.001,9.605831500026396,0.019314995023973384,-0.07018293871789838,8,9.017391304347827,10.0,230,p0_lite_outputs\p1_rolling_window_market_validation_20260719\raw_configured_ecmade\NASDAQ100\window_007\BayesianConfig_ECMADE_MOO\run_010,1.0,0.28763932134338766,1.1587718489950285,0.004675080359983888,0.9833333333333333,0.9535603260741209,0.025648753183180224
NASDAQ100,window_008,BayesianConfig_ECMADE_MOO,10,60,10,752,126,0.1655857899567818,0.1645857899567818,0.3585902337491751,0.356260062169262,0.3091701274155305,1.1458252025269644,1.7060568063211334,-0.1429198541393482,1.0000000000000002,0.001,9.833672199980356,0.04309983187885016,-0.14291985413934816,9,9.113793103448275,10.0,290,p0_lite_outputs\p1_rolling_window_market_validation_20260719\raw_configured_ecmade\NASDAQ100\window_008\BayesianConfig_ECMADE_MOO\run_010,1.0000000000000002,0.29772662051452625,0.9695745585991193,0.005604900493531184,0.9666666666666667,1.3383863800254647,0.013183354838650675
NASDAQ100,window_009,BayesianConfig_ECMADE_MOO,10,59,10,752,122,0.1909379722671857,0.1899379722671857,0.4346786074365585,0.4321914008399252,0.3804985571814853,1.1377649980519229,1.4992882044476528,-0.2444672089235572,1.0,0.0009999999999999,9.617361800046638,0.05420478015424392,-0.24446720892355722,10,9.393574297188755,10.0,249,p0_lite_outputs\p1_rolling_window_market_validation_20260719\raw_configured_ecmade\NASDAQ100\window_009\BayesianConfig_ECMADE_MOO\run_010,1.0,0.48334765144648006,0.9842728121607249,0.009805172816118883,0.9083333333333333,1.238289123578277,0.025754023097262303
NASDAQ100,window_010,BayesianConfig_ECMADE_MOO,10,60,10,750,126,-0.0956785369101204,-0.0966785369101204,-0.1822026913949795,-0.1840103343211593,0.1948534013662483,-0.9339096000103936,-1.2335940375943164,-0.1504107289888229,1.0,0.001,5.582990299910307,0.03033958050536033,-0.1504107289888229,10,8.17578125,9.0,256,p0_lite_outputs\p1_rolling_window_market_validation_20260719\raw_configured_ecmade\NASDAQ100\window_010\BayesianConfig_ECMADE_MOO\run_010,1.0,0.4953581851062388,1.0129863280030682,0.006750723933718705,0.9583333333333334,1.3423051281313678,0.0506316651565859
NASDAQ100,window_011,BayesianConfig_ECMADE_MOO,10,60,10,751,123,0.1192130912158395,0.1182130912158395,0.2595388047186198,0.2572342306371433,0.2970483680428239,0.9259698925028867,1.4300495031505305,-0.1402036256463116,1.0,0.001,12.713020999915898,0.04165513451409697,-0.1402036256463115,10,9.680672268907562,10.0,238,p0_lite_outputs\p1_rolling_window_market_validation_20260719\raw_configured_ecmade\NASDAQ100\window_011\BayesianConfig_ECMADE_MOO\run_010,1.0,0.7219483756253057,0.9622195748014424,0.014427115566685895,0.8666666666666667,1.2340648487126562,0.05941479819747788
NASDAQ100,window_001,ExperimentC_StabilityAware_ECMADE_MOO,1,60,10,755,124,0.2500142927706892,0.2490142927706892,0.5738243023827407,0.5712666544111533,0.3805749867717792,1.383125299735381,2.183318759988376,-0.2691802181471551,1.0,0.001,10.198212099960074,0.04749820090057575,-0.2691802181471551,10,8.067857142857143,10.0,280,p0_lite_outputs\p1_rolling_window_market_validation_20260719\raw_configured_ecmade\NASDAQ100\window_001\ExperimentC_StabilityAware_ECMADE_MOO\run_001,1.0,1.0,1.0435815512591367,0.0064936862244739215,0.975,1.3240425018294182,0.0537902850606591
NASDAQ100,window_002,ExperimentC_StabilityAware_ECMADE_MOO,1,59,10,755,126,0.2373576020268171,0.2363576020268171,0.5310538352935552,0.5285801200895017,0.2405077210556703,1.892661144715658,3.1437196768964504,-0.1667271898724583,1.0,0.001,10.757806700072251,0.029737358158913974,-0.16672718987245838,10,9.52411575562701,10.0,311,p0_lite_outputs\p1_rolling_window_market_validation_20260719\raw_configured_ecmade\NASDAQ100\window_002\ExperimentC_StabilityAware_ECMADE_MOO\run_001,1.0,0.42216561962005694,0.9972686129893824,0.02988766839574161,0.875,1.0137562257946997,0.0253017077864659
NASDAQ100,window_003,ExperimentC_StabilityAware_ECMADE_MOO,1,60,10,756,124,-0.4848732149900444,-0.4858732149900444,-0.7402621912158567,-0.7412858719905407,0.5702488069526784,-2.0710394453724734,-3.744348140670046,-0.4956570219775847,1.0,0.001,10.289264200022444,0.07361587597063173,-0.4956570219775849,9,9.221774193548388,10.0,248,p0_lite_outputs\p1_rolling_window_market_validation_20260719\raw_configured_ecmade\NASDAQ100\window_003\ExperimentC_StabilityAware_ECMADE_MOO\run_001,1.0,0.4473591950572127,0.9638897488117306,0.015826146099812765,0.925,1.1576227543567765,0.06758614093270486
NASDAQ100,window_004,ExperimentC_StabilityAware_ECMADE_MOO,1,60,10,756,125,-0.1358071019581528,-0.1368071019581528,-0.2549127067544927,-0.2566498339773222,0.3833636048723811,-0.576036757940242,-0.9631874381361196,-0.3193470983535855,1.0,0.001,10.726708300062455,0.04797159033270497,-0.31934709835358555,7,8.465986394557824,10.0,294,p0_lite_outputs\p1_rolling_window_market_validation_20260719\raw_configured_ecmade\NASDAQ100\window_004\ExperimentC_StabilityAware_ECMADE_MOO\run_001,1.0,0.8423037355299918,0.9121879076410406,0.005029680724576611,0.9916666666666667,1.368876567569388,0.06615760078111906
NASDAQ100,window_005,ExperimentC_StabilityAware_ECMADE_MOO,1,60,10,755,123,0.330278037006219,0.329278037006219,0.7944477347906125,0.7916851692312272,0.2774676728774616,2.2484351215807963,3.461032225801377,-0.1545003276372196,1.0,0.001,10.602104999939913,0.035904017659446064,-0.15450032763721966,9,9.54639175257732,10.0,291,p0_lite_outputs\p1_rolling_window_market_validation_20260719\raw_configured_ecmade\NASDAQ100\window_005\ExperimentC_StabilityAware_ECMADE_MOO\run_001,1.0,0.29932372976290933,0.96202614248745,0.00712426574427059,0.9583333333333334,1.3149652563836802,0.028754485685630698
NASDAQ100,window_006,ExperimentC_StabilityAware_ECMADE_MOO,1,60,10,753,125,0.2213356325054016,0.2203356325054016,0.4964403711156231,0.4939712963572258,0.2069155466128789,2.0524413841158697,3.670611398607792,-0.0812947632676562,1.0,0.001,10.586433400050735,0.022943642904846445,-0.08129476326765628,9,8.315634218289086,8.0,339,p0_lite_outputs\p1_rolling_window_market_validation_20260719\raw_configured_ecmade\NASDAQ100\window_006\ExperimentC_StabilityAware_ECMADE_MOO\run_001,1.0,0.8252027452224128,1.0457468736250373,0.005426055529633205,0.9833333333333333,1.3723466847849755,0.06059743595517288
NASDAQ100,window_007,ExperimentC_StabilityAware_ECMADE_MOO,1,60,10,752,124,0.3346199653496149,0.3336199653496149,0.7978730770797977,0.7951364710212838,0.1728328720530352,3.484285572457813,6.322856325808123,-0.0682538170028893,1.0,0.001,10.504089799942449,0.01875623411237696,-0.06825381700288935,10,8.685483870967742,9.0,372,p0_lite_outputs\p1_rolling_window_market_validation_20260719\raw_configured_ecmade\NASDAQ100\window_007\ExperimentC_StabilityAware_ECMADE_MOO\run_001,1.0,0.27110828075925625,1.1642837214001902,0.003241097351658937,0.9833333333333333,0.9914212474241186,0.04348220865828509
NASDAQ100,window_008,ExperimentC_StabilityAware_ECMADE_MOO,1,60,10,752,126,0.1015455193877206,0.1005455193877206,0.2134025312831631,0.2112004402443879,0.256709244239017,0.8823789285919825,1.2415499477377685,-0.1328183487215236,1.0,0.001,10.935500500025228,0.036887312051707026,-0.13281834872152365,10,8.958860759493671,10.0,316,p0_lite_outputs\p1_rolling_window_market_validation_20260719\raw_configured_ecmade\NASDAQ100\window_008\ExperimentC_StabilityAware_ECMADE_MOO\run_001,1.0,0.2640401402736726,0.9707183953427811,0.004526260038367671,1.0,1.3973924610091488,0.021599353174671636
NASDAQ100,window_009,ExperimentC_StabilityAware_ECMADE_MOO,1,59,10,752,122,0.2129827018271186,0.2119827018271186,0.4900741404005249,0.4875378254381721,0.36673048852253,1.2704714759123437,1.664395737555779,-0.2441285560218486,1.0,0.001,10.891465199994856,0.052830967668538134,-0.24412855602184869,10,7.716216216216216,8.0,370,p0_lite_outputs\p1_rolling_window_market_validation_20260719\raw_configured_ecmade\NASDAQ100\window_009\ExperimentC_StabilityAware_ECMADE_MOO\run_001,1.0,0.5628181308179042,0.9914248359987389,0.00432294977012406,0.9916666666666667,1.3890196059358275,0.03166379472053167
NASDAQ100,window_010,ExperimentC_StabilityAware_ECMADE_MOO,1,60,10,750,126,-0.0784246066838104,-0.0794246066838104,-0.1506987944341106,-0.1525409452207429,0.1902926695386037,-0.7623879057619689,-1.007461227381676,-0.1582936888780524,1.0,0.001,9.908273400040343,0.029608097214030255,-0.1582936888780524,10,9.180124223602485,10.0,161,p0_lite_outputs\p1_rolling_window_market_validation_20260719\raw_configured_ecmade\NASDAQ100\window_010\ExperimentC_StabilityAware_ECMADE_MOO\run_001,1.0,0.5977665205940118,1.00396707950418,0.010949279581986514,0.9416666666666667,1.3622226344005661,0.05378297715128309
NASDAQ100,window_011,ExperimentC_StabilityAware_ECMADE_MOO,1,60,10,751,123,0.1054582176253111,0.1044582176253111,0.2280291647953518,0.2257542993274801,0.3448725681947163,0.7683551812204069,1.253876203589375,-0.1509791471261078,1.0,0.001,9.950238800025543,0.046469751357626835,-0.15097914712610783,10,9.2,10.0,180,p0_lite_outputs\p1_rolling_window_market_validation_20260719\raw_configured_ecmade\NASDAQ100\window_011\ExperimentC_StabilityAware_ECMADE_MOO\run_001,1.0,0.5544576895760026,0.9683884297474329,0.008513451114121452,0.9833333333333333,1.381730866830037,0.04641852927746815
NASDAQ100,window_001,ExperimentC_StabilityAware_ECMADE_MOO,2,60,10,755,124,0.251950388562042,0.250950388562042,0.5787821595612201,0.576220420626991,0.3920721081632896,1.3615769879528363,2.174442521203506,-0.2670606345739406,1.0,0.001,10.335933899972588,0.048040900590198825,-0.2670606345739406,10,9.41897233201581,10.0,253,p0_lite_outputs\p1_rolling_window_market_validation_20260719\raw_configured_ecmade\NASDAQ100\window_001\ExperimentC_StabilityAware_ECMADE_MOO\run_002,1.0,1.0,1.039473958181027,0.007666379303425615,0.9333333333333333,1.3696878377481203,0.0537902850606591
NASDAQ100,window_002,ExperimentC_StabilityAware_ECMADE_MOO,2,59,10,755,126,0.2270104634948149,0.2260104634948149,0.5055546775257604,0.5031016565987712,0.2535153720951303,1.7420097439255422,2.830999551846479,-0.1710016459883657,1.0,0.001,10.876264200080186,0.03197013450865678,-0.17100164598836576,9,9.597560975609756,10.0,328,p0_lite_outputs\p1_rolling_window_market_validation_20260719\raw_configured_ecmade\NASDAQ100\window_002\ExperimentC_StabilityAware_ECMADE_MOO\run_002,1.0,0.3058873773673362,1.0052117258847846,0.020893112805373544,0.8833333333333333,1.0695385029656834,0.0253017077864659
NASDAQ100,window_003,ExperimentC_StabilityAware_ECMADE_MOO,2,60,10,756,124,-0.4605561376915883,-0.4615561376915883,-0.7147368869471984,-0.7158105363873052,0.5532714747794404,-1.9834004297669825,-3.4648883628375358,-0.4690511174437387,0.9999999999999998,0.0009999999999999,10.316843200009316,0.07224981814828739,-0.46905111744373873,10,8.898601398601398,10.0,286,p0_lite_outputs\p1_rolling_window_market_validation_20260719\raw_configured_ecmade\NASDAQ100\window_003\ExperimentC_StabilityAware_ECMADE_MOO\run_002,0.9999999999999998,0.42915041923860336,0.9775410693933045,0.006452179830228751,0.95,1.3282168766469706,0.06758614093270486
NASDAQ100,window_004,ExperimentC_StabilityAware_ECMADE_MOO,2,60,10,756,125,-0.1533779855458984,-0.1543779855458984,-0.2851381065006326,-0.2868393342216252,0.3864751984671343,-0.675466869548793,-1.1479725843670512,-0.3288583028831946,1.0,0.001,10.886336399940774,0.048018357928656566,-0.3288583028831946,10,9.1938202247191,10.0,356,p0_lite_outputs\p1_rolling_window_market_validation_20260719\raw_configured_ecmade\NASDAQ100\window_004\ExperimentC_StabilityAware_ECMADE_MOO\run_002,1.0,0.809857638159794,0.9122820921602411,0.004304374561151448,0.9916666666666667,1.3687639462744914,0.06615760078111906
NASDAQ100,window_005,ExperimentC_StabilityAware_ECMADE_MOO,2,60,10,755,123,0.3808427304608539,0.3798427304608539,0.936978227729298,0.9341053906795188,0.2919605236810809,2.4133993230433752,3.6877695077339143,-0.1843814021571986,1.0,0.001,10.5924326000968,0.037455877125673394,-0.18438140215719867,10,9.058181818181819,10.0,275,p0_lite_outputs\p1_rolling_window_market_validation_20260719\raw_configured_ecmade\NASDAQ100\window_005\ExperimentC_StabilityAware_ECMADE_MOO\run_002,1.0,0.2926195684868439,0.9665001995428819,0.0051874067204263925,0.9916666666666667,1.3895098325460777,0.028754485685630698
NASDAQ100,window_006,ExperimentC_StabilityAware_ECMADE_MOO,2,60,10,753,125,0.2349452806603702,0.2339452806603702,0.5302479031358514,0.5277508607106292,0.2056109763400994,2.173005317073533,3.847033006247088,-0.0818951974219655,1.0,0.001,10.961931300000288,0.02311835480408134,-0.0818951974219656,10,9.0,10.0,373,p0_lite_outputs\p1_rolling_window_market_validation_20260719\raw_configured_ecmade\NASDAQ100\window_006\ExperimentC_StabilityAware_ECMADE_MOO\run_002,1.0,0.874070470439333,1.0463856030779446,0.004750307445867405,0.9833333333333333,1.3576340849985844,0.06059743595517288
NASDAQ100,window_007,ExperimentC_StabilityAware_ECMADE_MOO,2,60,10,752,124,0.3199307345263311,0.3189307345263311,0.7578873038833527,0.7551817954577087,0.1748298441059736,3.317428667778854,6.444303652803376,-0.0687773147297774,1.0,0.001,10.003138200030662,0.018122266868462085,-0.06877731472977744,8,8.547101449275363,9.0,276,p0_lite_outputs\p1_rolling_window_market_validation_20260719\raw_configured_ecmade\NASDAQ100\window_007\ExperimentC_StabilityAware_ECMADE_MOO\run_002,1.0,0.27768430193329335,1.164005955942171,0.0039040279463886858,0.975,0.9342947644505724,0.04348220865828509
NASDAQ100,window_008,ExperimentC_StabilityAware_ECMADE_MOO,2,60,10,752,126,0.1442533240381012,0.1432533240381012,0.3093156695722439,0.3070281629241678,0.2747162654710009,1.1186253243133355,1.63583182409189,-0.1270082044500053,1.0,0.001,10.952097399975171,0.03885947533560299,-0.12700820445000538,8,8.538860103626943,9.0,386,p0_lite_outputs\p1_rolling_window_market_validation_20260719\raw_configured_ecmade\NASDAQ100\window_008\ExperimentC_StabilityAware_ECMADE_MOO\run_002,1.0,0.2540011369366233,0.9707931434818727,0.004902301603376364,0.975,1.3352648812835763,0.021599353174671636
NASDAQ100,window_009,ExperimentC_StabilityAware_ECMADE_MOO,2,59,10,752,122,0.2526727020476984,0.2516727020476984,0.5925416824385239,0.5899168042472982,0.3554264271072597,1.4863759227223947,2.063538685139497,-0.2276984544081589,1.0,0.001,10.579844600055369,0.04884103813499815,-0.22769845440815895,10,8.866013071895425,9.0,306,p0_lite_outputs\p1_rolling_window_market_validation_20260719\raw_configured_ecmade\NASDAQ100\window_009\ExperimentC_StabilityAware_ECMADE_MOO\run_002,1.0,0.48930418240511553,0.989950455014888,0.006105908116626779,0.975,1.2908114018775687,0.03166379472053167
NASDAQ100,window_010,ExperimentC_StabilityAware_ECMADE_MOO,2,60,10,750,126,-0.0420362931181983,-0.0430362931181983,-0.0823055362972775,-0.0842204637110412,0.1818598532573348,-0.3809394327320844,-0.5048687478720028,-0.1348453073572566,1.0,0.001,9.92309039994143,0.027493361191642203,-0.13484530735725664,10,9.294871794871796,10.0,156,p0_lite_outputs\p1_rolling_window_market_validation_20260719\raw_configured_ecmade\NASDAQ100\window_010\ExperimentC_StabilityAware_ECMADE_MOO\run_002,1.0,0.3490441695191363,0.9965263349285676,0.015103362361606145,0.85,1.3222044513213294,0.05378297715128309
NASDAQ100,window_011,ExperimentC_StabilityAware_ECMADE_MOO,2,60,10,751,123,0.1549502057879928,0.1539502057879928,0.3433166184253235,0.3409347743445692,0.3229370340093351,1.076076168217623,1.6783500164803404,-0.1499193890613155,1.0,0.001,10.094479099963792,0.044200129219078226,-0.14991938906131552,10,9.67231638418079,10.0,177,p0_lite_outputs\p1_rolling_window_market_validation_20260719\raw_configured_ecmade\NASDAQ100\window_011\ExperimentC_StabilityAware_ECMADE_MOO\run_002,1.0,0.6711113087391813,0.9526768310757793,0.016049330512680184,0.7166666666666667,1.3026954111564137,0.04641852927746815
NASDAQ100,window_001,ExperimentC_StabilityAware_ECMADE_MOO,3,60,10,755,124,0.2353714692886184,0.2343714692886184,0.5365841396066253,0.5340574252192871,0.3720429739888836,1.3415462380135377,2.100384945330445,-0.2451810313701155,1.0,0.001,10.270345400087535,0.046526083870578695,-0.2451810313701155,10,9.051063829787234,10.0,235,p0_lite_outputs\p1_rolling_window_market_validation_20260719\raw_configured_ecmade\NASDAQ100\window_001\ExperimentC_StabilityAware_ECMADE_MOO\run_003,1.0,1.0,1.0411489531203983,0.009757183754667423,0.9333333333333333,1.2216761313961173,0.0537902850606591
NASDAQ100,window_002,ExperimentC_StabilityAware_ECMADE_MOO,3,59,10,755,126,0.1744158287395276,0.1734158287395276,0.3792525387939516,0.3769047071364722,0.2468424626117758,1.4267824344106628,2.3546935645514084,-0.1785279979242143,1.0,0.001,10.399882399942726,0.03155885730098744,-0.1785279979242146,10,9.701960784313725,10.0,255,p0_lite_outputs\p1_rolling_window_market_validation_20260719\raw_configured_ecmade\NASDAQ100\window_002\ExperimentC_StabilityAware_ECMADE_MOO\run_003,1.0,0.4807144860654212,1.011802705737303,0.012838461723952418,0.925,1.2531897039476663,0.0253017077864659
NASDAQ100,window_003,ExperimentC_StabilityAware_ECMADE_MOO,3,60,10,756,124,-0.4512992674441085,-0.4522992674441085,-0.7047006105358121,-0.7057933010333997,0.5401651474936614,-1.9811356214621745,-3.407455906912971,-0.4638173034085679,1.0,0.001,10.358452899963597,0.07097768872841707,-0.46381730340856797,10,9.94238683127572,10.0,243,p0_lite_outputs\p1_rolling_window_market_validation_20260719\raw_configured_ecmade\NASDAQ100\window_003\ExperimentC_StabilityAware_ECMADE_MOO\run_003,1.0,0.56624012237528,0.898494977224749,0.061037880760019064,0.7916666666666666,0.898761312647987,0.06758614093270486
NASDAQ100,window_004,ExperimentC_StabilityAware_ECMADE_MOO,3,60,10,756,125,-0.1394819947146315,-0.1404819947146315,-0.2612864196547392,-0.2630160376398871,0.3866780657698859,-0.5905075591096264,-1.0207470996615975,-0.338015194175995,1.0,0.001,10.554835599963551,0.0471213238067668,-0.338015194175995,10,9.354515050167224,10.0,299,p0_lite_outputs\p1_rolling_window_market_validation_20260719\raw_configured_ecmade\NASDAQ100\window_004\ExperimentC_StabilityAware_ECMADE_MOO\run_003,1.0,0.7340470967500412,0.9075258928937865,0.006696929216814576,0.9916666666666667,1.3599506773257002,0.06615760078111906
NASDAQ100,window_005,ExperimentC_StabilityAware_ECMADE_MOO,3,60,10,755,123,0.3574563301494211,0.3564563301494211,0.8703641374746034,0.8675423264295001,0.2788466819511097,2.3875980152392517,3.714654258266836,-0.167788900192375,1.0,0.001,10.405375899979845,0.03548283972381427,-0.16778890019237502,10,9.587548638132295,10.0,257,p0_lite_outputs\p1_rolling_window_market_validation_20260719\raw_configured_ecmade\NASDAQ100\window_005\ExperimentC_StabilityAware_ECMADE_MOO\run_003,1.0,0.34356653653820435,0.9618367000567866,0.006354750554863594,0.9666666666666667,1.3251393855322584,0.028754485685630698
NASDAQ100,window_006,ExperimentC_StabilityAware_ECMADE_MOO,3,60,10,753,125,0.229667951896946,0.228667951896946,0.5170933843870376,0.5146071873989473,0.2057365705156196,2.1297893445254967,3.8084116408200095,-0.0794683122008258,1.0,0.001,10.849861099966802,0.022831802569285305,-0.07946831220082584,10,8.08125,9.0,320,p0_lite_outputs\p1_rolling_window_market_validation_20260719\raw_configured_ecmade\NASDAQ100\window_006\ExperimentC_StabilityAware_ECMADE_MOO\run_003,1.0,0.8586278954583699,1.0448979438113872,0.005442435701076041,0.9916666666666667,1.3540436714430242,0.06059743595517288
NASDAQ100,window_007,ExperimentC_StabilityAware_ECMADE_MOO,3,60,10,752,124,0.3911611407255377,0.3901611407255377,0.9560500125673336,0.9531936047181446,0.1802293527963828,3.817623644306917,6.371043764186321,-0.0702286963822784,1.0,0.001,9.953102299943566,0.020502906687322887,-0.07022869638227847,10,9.2109375,10.0,256,p0_lite_outputs\p1_rolling_window_market_validation_20260719\raw_configured_ecmade\NASDAQ100\window_007\ExperimentC_StabilityAware_ECMADE_MOO\run_003,1.0,0.23767440063285072,1.1341831290578577,0.014289632670506725,0.85,0.8971914080168291,0.04348220865828509
NASDAQ100,window_008,ExperimentC_StabilityAware_ECMADE_MOO,3,60,10,752,126,0.1437094389056674,0.1427094389056674,0.3080712806419166,0.305784861764105,0.2883958152272393,1.0756004730166242,1.5821308533876468,-0.1373828388622761,1.0,0.001,10.81961050000973,0.04059690585133718,-0.1373828388622761,10,8.06857142857143,9.0,350,p0_lite_outputs\p1_rolling_window_market_validation_20260719\raw_configured_ecmade\NASDAQ100\window_008\ExperimentC_StabilityAware_ECMADE_MOO\run_003,1.0,0.1958064086642237,0.9702803234271826,0.005246015550746628,0.9833333333333333,1.308862752867465,0.021599353174671636
NASDAQ100,window_009,ExperimentC_StabilityAware_ECMADE_MOO,3,59,10,752,122,0.2427104002849947,0.2417104002849947,0.566491556258423,0.5638889252258477,0.3550584220487349,1.441507278897259,1.9365192269561329,-0.2318467640850482,1.0000000000000002,0.001,11.30070640007034,0.04972313108128965,-0.23184676408504823,10,8.738041002277905,9.0,439,p0_lite_outputs\p1_rolling_window_market_validation_20260719\raw_configured_ecmade\NASDAQ100\window_009\ExperimentC_StabilityAware_ECMADE_MOO\run_003,1.0000000000000002,0.5799675813954999,0.9897853495378091,0.006765415394131835,0.9666666666666667,1.2814707233365292,0.03166379472053167
NASDAQ100,window_010,ExperimentC_StabilityAware_ECMADE_MOO,3,60,10,750,126,-0.1297169242249353,-0.1307169242249353,-0.242607368019493,-0.2443469341710431,0.1986327539496692,-1.2982311714198838,-1.737237355995296,-0.16968364688429,1.0,0.001,10.062873799935916,0.030531560248902828,-0.16968364688428994,9,8.737804878048781,10.0,164,p0_lite_outputs\p1_rolling_window_market_validation_20260719\raw_configured_ecmade\NASDAQ100\window_010\ExperimentC_StabilityAware_ECMADE_MOO\run_003,1.0,0.5333317268391515,1.0036880256083596,0.012494568606675537,0.9333333333333333,1.298674802574598,0.05378297715128309
NASDAQ100,window_011,ExperimentC_StabilityAware_ECMADE_MOO,3,60,10,751,123,0.0290192762894601,0.0280192762894601,0.0603592897683722,0.0582491870627817,0.2825681282664596,0.3490371808274461,0.5364735613495546,-0.1627955701352436,1.0,0.001,9.894154100096785,0.03931362686906348,-0.1627955701352436,10,8.984615384615385,10.0,195,p0_lite_outputs\p1_rolling_window_market_validation_20260719\raw_configured_ecmade\NASDAQ100\window_011\ExperimentC_StabilityAware_ECMADE_MOO\run_003,1.0,0.76243215843857,0.9693442592126059,0.008877330442469395,0.9833333333333333,1.3795529173372294,0.04641852927746815
NASDAQ100,window_001,ExperimentC_StabilityAware_ECMADE_MOO,4,60,10,755,124,0.2546793012044137,0.2536793012044137,0.5857836726852759,0.5832161672229554,0.3621480969206175,1.4554035711075035,2.2768909029816315,-0.2461388949520756,1.0000000000000002,0.001,10.602661999990232,0.04514681802621456,-0.24613889495207575,10,9.419230769230769,10.0,260,p0_lite_outputs\p1_rolling_window_market_validation_20260719\raw_configured_ecmade\NASDAQ100\window_001\ExperimentC_StabilityAware_ECMADE_MOO\run_004,1.0000000000000002,1.0,1.0400158141862164,0.007744562249840977,0.9666666666666667,1.3216689327190443,0.0537902850606591
NASDAQ100,window_002,ExperimentC_StabilityAware_ECMADE_MOO,4,59,10,755,126,0.2144303106918361,0.2134303106918361,0.4748409795270696,0.4724131189056857,0.2508652320646944,1.675385551476618,2.6953109414144096,-0.1845127731588726,1.0000000000000002,0.001,10.554500099970028,0.0318997593333949,-0.1845127731588726,9,9.332247557003257,10.0,307,p0_lite_outputs\p1_rolling_window_market_validation_20260719\raw_configured_ecmade\NASDAQ100\window_002\ExperimentC_StabilityAware_ECMADE_MOO\run_004,1.0000000000000002,0.3297368695065349,1.0178690309889007,0.007321100365429945,0.9666666666666667,1.3988918877403218,0.0253017077864659
NASDAQ100,window_003,ExperimentC_StabilityAware_ECMADE_MOO,4,60,10,756,124,-0.4679856619312286,-0.4689856619312286,-0.722664482965234,-0.7237228577559647,0.5449553474772217,-2.0736605439327405,-3.747797893552816,-0.4825016606729386,1.0000000000000002,0.001,10.53780520008877,0.06988153579983349,-0.48250166067293865,9,9.717314487632509,10.0,283,p0_lite_outputs\p1_rolling_window_market_validation_20260719\raw_configured_ecmade\NASDAQ100\window_003\ExperimentC_StabilityAware_ECMADE_MOO\run_004,1.0000000000000002,0.5726280993897321,0.9741441915128655,0.007037138270293863,0.95,1.3405939130248277,0.06758614093270486
NASDAQ100,window_004,ExperimentC_StabilityAware_ECMADE_MOO,4,60,10,756,125,-0.1603959494559482,-0.1613959494559482,-0.2970341256337516,-0.2987210181005987,0.385842634601695,-0.7204542022328403,-1.2134630701911977,-0.322659862465388,1.0,0.001,10.867972199921496,0.0481744584991795,-0.322659862465388,9,9.180064308681672,10.0,311,p0_lite_outputs\p1_rolling_window_market_validation_20260719\raw_configured_ecmade\NASDAQ100\window_004\ExperimentC_StabilityAware_ECMADE_MOO\run_004,1.0,0.8457549814792966,0.909173570410424,0.00582170092668694,0.9916666666666667,1.3744873188775348,0.06615760078111906
NASDAQ100,window_005,ExperimentC_StabilityAware_ECMADE_MOO,4,60,10,755,123,0.3460597809851615,0.3450597809851615,0.8383344172401799,0.8355374564480536,0.2797331706055591,2.318909780394738,3.653256796896056,-0.1765780689406365,1.0,0.001,10.301210399949923,0.035427914910647465,-0.17657806894063655,10,9.352490421455938,10.0,261,p0_lite_outputs\p1_rolling_window_market_validation_20260719\raw_configured_ecmade\NASDAQ100\window_005\ExperimentC_StabilityAware_ECMADE_MOO\run_004,1.0,0.34098770575850806,0.9624158811590247,0.006736030098822765,0.975,1.3586380823805737,0.028754485685630698
NASDAQ100,window_006,ExperimentC_StabilityAware_ECMADE_MOO,4,60,10,753,125,0.2267733547697488,0.2257733547697488,0.5099024806574177,0.5074222320390409,0.2156634889237301,2.019275385881924,3.5141814923645303,-0.0908035119790406,1.0,0.001,10.934098200057631,0.024724708227773704,-0.09080351197904069,9,9.41139240506329,10.0,316,p0_lite_outputs\p1_rolling_window_market_validation_20260719\raw_configured_ecmade\NASDAQ100\window_006\ExperimentC_StabilityAware_ECMADE_MOO\run_004,1.0,0.8355217265113943,1.0404398973551594,0.00791177568002074,0.9666666666666667,1.3440382095337822,0.06059743595517288
NASDAQ100,window_007,ExperimentC_StabilityAware_ECMADE_MOO,4,60,10,752,124,0.3353217581429384,0.3343217581429384,0.7997948719218302,0.7970567798651522,0.1716631182825625,3.5131228568902544,6.179885766604414,-0.0663772618264447,1.0,0.001,10.0843263999559,0.01876069465046853,-0.06637726182644477,9,8.68235294117647,9.0,255,p0_lite_outputs\p1_rolling_window_market_validation_20260719\raw_configured_ecmade\NASDAQ100\window_007\ExperimentC_StabilityAware_ECMADE_MOO\run_004,1.0,0.34000150144577607,1.1593672569433593,0.006084292896770943,0.9666666666666667,0.8761983755706566,0.04348220865828509
NASDAQ100,window_008,ExperimentC_StabilityAware_ECMADE_MOO,4,60,10,752,126,0.143447574695497,0.142447574695497,0.3074723560770143,0.3051864609276236,0.2881758297322156,1.0743682215327777,1.5876455924150792,-0.1330320774140915,1.0,0.001,10.5187627999112,0.040415952385037854,-0.1330320774140915,10,8.79225352112676,9.0,284,p0_lite_outputs\p1_rolling_window_market_validation_20260719\raw_configured_ecmade\NASDAQ100\window_008\ExperimentC_StabilityAware_ECMADE_MOO\run_004,1.0,0.3041574320911605,0.9692666768079474,0.006269490087554578,0.9833333333333333,1.3292210779188955,0.021599353174671636
NASDAQ100,window_009,ExperimentC_StabilityAware_ECMADE_MOO,4,59,10,752,122,0.2148632975020696,0.2138632975020696,0.4948499611323627,0.4923094540987209,0.3654610010486421,1.2817486336851458,1.7392792183641903,-0.2312686151586842,1.0,0.001,11.004506099969149,0.05075300812327661,-0.23126861515868424,9,8.183168316831683,9.0,404,p0_lite_outputs\p1_rolling_window_market_validation_20260719\raw_configured_ecmade\NASDAQ100\window_009\ExperimentC_StabilityAware_ECMADE_MOO\run_004,1.0,0.4207486483344273,0.9886353766468621,0.0055593012467780225,0.9833333333333333,1.342478109445258,0.03166379472053167
NASDAQ100,window_010,ExperimentC_StabilityAware_ECMADE_MOO,4,60,10,750,126,-0.0530053936011492,-0.0540053936011492,-0.1032012154514856,-0.1050942046642833,0.1904480129172428,-0.4760909290058263,-0.642317658094886,-0.1333153192898262,1.0,0.001,10.09865759999957,0.029169316881474585,-0.1333153192898262,9,9.130681818181818,10.0,176,p0_lite_outputs\p1_rolling_window_market_validation_20260719\raw_configured_ecmade\NASDAQ100\window_010\ExperimentC_StabilityAware_ECMADE_MOO\run_004,1.0,0.46810647627030777,1.0044444969523945,0.01121999253024514,0.9166666666666666,1.2951583371529076,0.05378297715128309
NASDAQ100,window_011,ExperimentC_StabilityAware_ECMADE_MOO,4,60,10,751,123,0.0442620142382965,0.0432620142382965,0.0927894577785817,0.0906465459243368,0.2771461051534029,0.4589987675257376,0.7028565601653882,-0.1491927084159142,1.0,0.001,9.975510499905797,0.03876215357831021,-0.14919270841591437,10,9.407960199004975,10.0,201,p0_lite_outputs\p1_rolling_window_market_validation_20260719\raw_configured_ecmade\NASDAQ100\window_011\ExperimentC_StabilityAware_ECMADE_MOO\run_004,1.0,0.6208992010078478,0.967357140890187,0.009195111608168991,0.95,1.3622397289773882,0.04641852927746815
NASDAQ100,window_001,ExperimentC_StabilityAware_ECMADE_MOO,5,60,10,755,124,0.2006111331567748,0.1996111331567748,0.449993645840711,0.4475403165060119,0.3744243692377756,1.180306166223559,1.8406943827727655,-0.2586969493427951,1.0,0.001,10.268943900009615,0.04793380712633979,-0.2586969493427951,10,9.393364928909953,10.0,211,p0_lite_outputs\p1_rolling_window_market_validation_20260719\raw_configured_ecmade\NASDAQ100\window_001\ExperimentC_StabilityAware_ECMADE_MOO\run_005,1.0,1.0,1.0123469966926348,0.04425549124675324,0.8333333333333334,1.0272213215368255,0.0537902850606591
NASDAQ100,window_002,ExperimentC_StabilityAware_ECMADE_MOO,5,59,10,755,126,0.2688761836201077,0.2678761836201077,0.6100467693583291,0.6075100169910892,0.2626951376009981,1.9460164788865184,3.1792880846651794,-0.1699316313881061,1.0,0.001,10.329968100064434,0.03291965973740201,-0.16993163138810607,10,9.74703557312253,10.0,253,p0_lite_outputs\p1_rolling_window_market_validation_20260719\raw_configured_ecmade\NASDAQ100\window_002\ExperimentC_StabilityAware_ECMADE_MOO\run_005,1.0,0.37549594216324156,0.9938414544271122,0.030333628851691437,0.875,1.0608443708215494,0.0253017077864659
NASDAQ100,window_003,ExperimentC_StabilityAware_ECMADE_MOO,5,60,10,756,124,-0.4563039805477501,-0.4573039805477501,-0.7101485958679898,-0.7112309905470496,0.550117260876184,-1.9691818920746984,-3.4944566531497103,-0.4687771798467597,1.0,0.001,10.5498765000375,0.07061706374766695,-0.4687771798467598,10,9.87012987012987,10.0,231,p0_lite_outputs\p1_rolling_window_market_validation_20260719\raw_configured_ecmade\NASDAQ100\window_003\ExperimentC_StabilityAware_ECMADE_MOO\run_005,1.0,0.4457195917582372,0.9060697396731704,0.06017047048102695,0.7916666666666666,0.9022362179723157,0.06758614093270486
NASDAQ100,window_004,ExperimentC_StabilityAware_ECMADE_MOO,5,60,10,756,125,-0.1159333632356456,-0.1169333632356456,-0.2199655876485334,-0.2217433334668811,0.3887474498259577,-0.4456376555738168,-0.7654793955780067,-0.3195508567963536,1.0,0.0009999999999999,11.331365199992431,0.04700749356825051,-0.3195508567963534,7,8.97715736040609,10.0,394,p0_lite_outputs\p1_rolling_window_market_validation_20260719\raw_configured_ecmade\NASDAQ100\window_004\ExperimentC_StabilityAware_ECMADE_MOO\run_005,1.0,0.7721348187702121,0.9129522069182362,0.004206334170983935,0.9916666666666667,1.3558733216562229,0.06615760078111906
NASDAQ100,window_005,ExperimentC_StabilityAware_ECMADE_MOO,5,60,10,755,123,0.3141797329664224,0.3131797329664224,0.750239850641504,0.7475123497244252,0.2663125561555937,2.237415684394798,3.365373340732518,-0.1638112195412659,1.0,0.001,10.64702400006354,0.034312321740030106,-0.16381121954126598,9,8.522522522522523,10.0,333,p0_lite_outputs\p1_rolling_window_market_validation_20260719\raw_configured_ecmade\NASDAQ100\window_005\ExperimentC_StabilityAware_ECMADE_MOO\run_005,1.0,0.31432822000783167,0.9670088275651586,0.004783789259877451,0.9833333333333333,1.3472054166235192,0.028754485685630698
NASDAQ100,window_006,ExperimentC_StabilityAware_ECMADE_MOO,5,60,10,753,125,0.2274002703405406,0.2264002703405406,0.5114584351032678,0.5089768981983642,0.211991006028099,2.055471727520493,3.773601268352511,-0.0828653462049726,1.0000000000000002,0.001,10.831715399981476,0.02305356140902526,-0.08286534620497266,7,8.577039274924472,9.0,331,p0_lite_outputs\p1_rolling_window_market_validation_20260719\raw_configured_ecmade\NASDAQ100\window_006\ExperimentC_StabilityAware_ECMADE_MOO\run_005,1.0000000000000002,0.8482530054300708,1.0467553350899375,0.005598032620672712,0.9833333333333333,1.3249104831387726,0.06059743595517288
NASDAQ100,window_007,ExperimentC_StabilityAware_ECMADE_MOO,5,60,10,752,124,0.3211713460164869,0.3201713460164869,0.7612467306310013,0.7585385962159987,0.1723583265437652,3.3737416239668234,6.019276449706485,-0.0657499367381215,1.0,0.001,9.890577199985271,0.01915138905002897,-0.06574993673812157,10,8.973094170403588,10.0,223,p0_lite_outputs\p1_rolling_window_market_validation_20260719\raw_configured_ecmade\NASDAQ100\window_007\ExperimentC_StabilityAware_ECMADE_MOO\run_005,1.0,0.2736011280945049,1.1627631974980381,0.004030318034222108,0.9833333333333333,0.9612499544928895,0.04348220865828509
NASDAQ100,window_008,ExperimentC_StabilityAware_ECMADE_MOO,5,60,10,752,126,0.1380793356102019,0.1370793356102019,0.2952245741429586,0.292949415471738,0.2860387537768808,1.0475405639242814,1.531200810153167,-0.1336265195881359,1.0,0.001,10.84030379995238,0.040475438849845835,-0.13362651958813587,8,8.154471544715447,8.0,369,p0_lite_outputs\p1_rolling_window_market_validation_20260719\raw_configured_ecmade\NASDAQ100\window_008\ExperimentC_StabilityAware_ECMADE_MOO\run_005,1.0,0.26704711360376265,0.9690093297177235,0.006518796713805701,0.9583333333333334,1.3858319635214675,0.021599353174671636
NASDAQ100,window_009,ExperimentC_StabilityAware_ECMADE_MOO,5,59,10,752,122,0.2517022552715735,0.2507022552715735,0.5899943458290571,0.587371635287663,0.3611194145854153,1.4645374191407954,1.9616030879643769,-0.2399259051083438,1.0000000000000002,0.001,10.995659900014289,0.05094647216764314,-0.23992590510834388,10,8.590551181102363,9.0,381,p0_lite_outputs\p1_rolling_window_market_validation_20260719\raw_configured_ecmade\NASDAQ100\window_009\ExperimentC_StabilityAware_ECMADE_MOO\run_005,1.0000000000000002,0.5411997794831106,0.9875632343325925,0.006178944206388542,1.0,1.370476050087095,0.03166379472053167
NASDAQ100,window_010,ExperimentC_StabilityAware_ECMADE_MOO,5,60,10,750,126,-0.0429536397767896,-0.0439536397767896,-0.0840622643835051,-0.0859753571039515,0.202407462085558,-0.3319871624768313,-0.4289720405890603,-0.1634191216966292,1.0,0.001,9.900175699964166,0.030051018724981147,-0.1634191216966292,10,9.826666666666666,10.0,150,p0_lite_outputs\p1_rolling_window_market_validation_20260719\raw_configured_ecmade\NASDAQ100\window_010\ExperimentC_StabilityAware_ECMADE_MOO\run_005,1.0,0.5738344996725921,0.990846628379576,0.02097463658457372,0.7916666666666666,1.2481273563779214,0.05378297715128309
NASDAQ100,window_011,ExperimentC_StabilityAware_ECMADE_MOO,5,60,10,751,123,0.2198230351374639,0.2188230351374639,0.5024611883738468,0.4999387815975624,0.2969554393422448,1.5207246034914488,2.4102645816920734,-0.1276264536625713,1.0,0.001,9.740143799921498,0.04022064152021316,-0.1276264536625713,10,9.676470588235293,10.0,170,p0_lite_outputs\p1_rolling_window_market_validation_20260719\raw_configured_ecmade\NASDAQ100\window_011\ExperimentC_StabilityAware_ECMADE_MOO\run_005,1.0,0.6927637685937647,0.9456972395479619,0.01974875740459584,0.7166666666666667,1.2645188686150806,0.04641852927746815
NASDAQ100,window_001,ExperimentC_StabilityAware_ECMADE_MOO,6,60,10,755,124,0.2416884752299286,0.2406884752299286,0.5525942255081773,0.5500541676215112,0.3888760732749888,1.326727984314732,2.0772912677710256,-0.2722380495899272,1.0000000000000002,0.001,11.042224399978297,0.04890736281917659,-0.27223804958992726,10,8.297058823529412,10.0,340,p0_lite_outputs\p1_rolling_window_market_validation_20260719\raw_configured_ecmade\NASDAQ100\window_001\ExperimentC_StabilityAware_ECMADE_MOO\run_006,1.0000000000000002,1.0,1.0425764240190287,0.0076692409764580385,0.925,1.3032336615279738,0.0537902850606591
NASDAQ100,window_002,ExperimentC_StabilityAware_ECMADE_MOO,6,59,10,755,126,0.2333176694011287,0.2323176694011287,0.5210724736570318,0.5186068383182298,0.2562203370041728,1.766334780819981,2.8604269424409865,-0.1610221190008621,1.0000000000000002,0.001,10.51453839999158,0.03197895521489244,-0.16102211900086216,10,9.123287671232877,10.0,292,p0_lite_outputs\p1_rolling_window_market_validation_20260719\raw_configured_ecmade\NASDAQ100\window_002\ExperimentC_StabilityAware_ECMADE_MOO\run_006,1.0000000000000002,0.43091740498646086,1.015605062670025,0.012368766590630152,0.9333333333333333,1.2021547866338056,0.0253017077864659
NASDAQ100,window_003,ExperimentC_StabilityAware_ECMADE_MOO,6,60,10,756,124,-0.4477369594915446,-0.4487369594915446,-0.7007913893251614,-0.701891410139079,0.556176008375333,-1.8847055886712205,-3.2836420221829075,-0.4674238904713019,1.0,0.001,10.74604040000122,0.07180819316019695,-0.46742389047130195,10,9.82716049382716,10.0,243,p0_lite_outputs\p1_rolling_window_market_validation_20260719\raw_configured_ecmade\NASDAQ100\window_003\ExperimentC_StabilityAware_ECMADE_MOO\run_006,1.0,0.4620081556835177,0.9397034228214965,0.032179397854060585,0.8416666666666667,1.0734176969842257,0.06758614093270486
NASDAQ100,window_004,ExperimentC_StabilityAware_ECMADE_MOO,6,60,10,756,125,-0.1363252878671319,-0.1373252878671319,-0.2558131166979328,-0.2575491850340485,0.3793238831906097,-0.5900376924730856,-1.0321487278388506,-0.3443521096748739,1.0,0.001,10.352017900091596,0.04641650727100073,-0.34435210967487395,9,9.696629213483146,10.0,267,p0_lite_outputs\p1_rolling_window_market_validation_20260719\raw_configured_ecmade\NASDAQ100\window_004\ExperimentC_StabilityAware_ECMADE_MOO\run_006,1.0,0.7478480238217617,0.888485337838247,0.018342524689499054,0.8916666666666667,1.1651532228342927,0.06615760078111906
NASDAQ100,window_005,ExperimentC_StabilityAware_ECMADE_MOO,6,60,10,755,123,0.3840954505359044,0.3830954505359044,0.9463378601924046,0.9434579227839086,0.2682257264956627,2.6200059880633693,4.212004147787924,-0.145366979633009,1.0,0.001,10.6960826999275,0.03325151379506165,-0.1453669796330087,10,9.18007662835249,10.0,261,p0_lite_outputs\p1_rolling_window_market_validation_20260719\raw_configured_ecmade\NASDAQ100\window_005\ExperimentC_StabilityAware_ECMADE_MOO\run_006,1.0,0.3090374901064538,0.9618058871300584,0.007782586714248699,0.9916666666666667,1.3682334891464316,0.028754485685630698
NASDAQ100,window_006,ExperimentC_StabilityAware_ECMADE_MOO,6,60,10,753,125,0.2223107744383434,0.2213107744383434,0.4988500482836124,0.4963789697852638,0.1998128455849996,2.126303571329471,3.809466888137969,-0.0755403875309211,1.0,0.001,10.214693999965675,0.022202506639945767,-0.07554038753092118,10,9.311538461538461,10.0,260,p0_lite_outputs\p1_rolling_window_market_validation_20260719\raw_configured_ecmade\NASDAQ100\window_006\ExperimentC_StabilityAware_ECMADE_MOO\run_006,1.0,0.8491014777720874,1.034168735595269,0.01063927595737086,0.8833333333333333,1.3275443217842235,0.06059743595517288
NASDAQ100,window_007,ExperimentC_StabilityAware_ECMADE_MOO,6,60,10,752,124,0.383322042113841,0.382322042113841,0.9337151823595208,0.93087539384949,0.1864325080904857,3.634989946522978,5.938251204842915,-0.0700547112591262,1.0,0.0009999999999999,10.362679100013338,0.021413959370883424,-0.07005471125912621,9,7.904290429042904,8.0,303,p0_lite_outputs\p1_rolling_window_market_validation_20260719\raw_configured_ecmade\NASDAQ100\window_007\ExperimentC_StabilityAware_ECMADE_MOO\run_006,1.0,0.2007354584474129,1.1640859417562566,0.003443560830537747,1.0,1.0075057372906022,0.04348220865828509
NASDAQ100,window_008,ExperimentC_StabilityAware_ECMADE_MOO,6,60,10,752,126,0.1444132738292405,0.1434132738292405,0.3096817413165602,0.3073939147689015,0.2836135372835941,1.0934329542266312,1.5741123342739112,-0.1386961631151623,1.0,0.001,10.384896000032311,0.04048769476385744,-0.13869616311516242,10,8.806691449814126,9.0,269,p0_lite_outputs\p1_rolling_window_market_validation_20260719\raw_configured_ecmade\NASDAQ100\window_008\ExperimentC_StabilityAware_ECMADE_MOO\run_006,1.0,0.20839106296593965,0.968424066036763,0.006118333960387417,0.975,1.3003675168227746,0.021599353174671636
NASDAQ100,window_009,ExperimentC_StabilityAware_ECMADE_MOO,6,59,10,752,122,0.2192137990379905,0.2182137990379905,0.5059283884721912,0.5033781820229641,0.3447035503957417,1.3598920853350054,1.7728265681821702,-0.2313401215724904,1.0,0.0009999999999999,10.61527790001128,0.04853239836720052,-0.2313401215724904,10,8.345132743362832,9.0,339,p0_lite_outputs\p1_rolling_window_market_validation_20260719\raw_configured_ecmade\NASDAQ100\window_009\ExperimentC_StabilityAware_ECMADE_MOO\run_006,1.0,0.5084138329910746,0.9900905226147485,0.004614095823508356,0.9666666666666667,1.3486205566320804,0.03166379472053167
NASDAQ100,window_010,ExperimentC_StabilityAware_ECMADE_MOO,6,60,10,750,126,-0.1005464914253546,-0.1015464914253546,-0.1909833859127604,-0.1927812929299096,0.1764284166735658,-1.1120165560735067,-1.4787298743679615,-0.1536241762483722,1.0,0.001,9.835515499929896,0.026783470747902962,-0.1536241762483722,9,9.2,10.0,150,p0_lite_outputs\p1_rolling_window_market_validation_20260719\raw_configured_ecmade\NASDAQ100\window_010\ExperimentC_StabilityAware_ECMADE_MOO\run_006,1.0,0.5489942993544585,0.9973849425277439,0.014899242734467098,0.85,1.3114492315975144,0.05378297715128309
NASDAQ100,window_011,ExperimentC_StabilityAware_ECMADE_MOO,6,60,10,751,123,0.0904713540718744,0.0894713540718744,0.1941623237629377,0.1919198072978369,0.3020838448588237,0.7387431924867882,1.1770400400529024,-0.1569545144052135,1.0,0.001,9.8140948000364,0.04035692494032793,-0.15695451440521357,10,8.930232558139535,10.0,172,p0_lite_outputs\p1_rolling_window_market_validation_20260719\raw_configured_ecmade\NASDAQ100\window_011\ExperimentC_StabilityAware_ECMADE_MOO\run_006,1.0,0.6833956271214989,0.9730051020861564,0.00713610451809492,0.9916666666666667,1.3921767864258885,0.04641852927746815
NASDAQ100,window_001,ExperimentC_StabilityAware_ECMADE_MOO,7,60,10,755,124,0.2282274570522564,0.2272274570522564,0.5185796123916644,0.5160679857469928,0.3603158318581646,1.3404639016331663,2.0595437226210884,-0.2320026994182783,1.0000000000000002,0.001,10.397009100066498,0.04546656238834881,-0.23200269941827834,10,9.508771929824562,10.0,285,p0_lite_outputs\p1_rolling_window_market_validation_20260719\raw_configured_ecmade\NASDAQ100\window_001\ExperimentC_StabilityAware_ECMADE_MOO\run_007,1.0000000000000002,1.0,1.032753622220105,0.02213076746192878,0.8666666666666667,1.0868165546200066,0.0537902850606591
NASDAQ100,window_002,ExperimentC_StabilityAware_ECMADE_MOO,7,59,10,755,126,0.243097415124682,0.242097415124682,0.5452911834896661,0.5428059886594165,0.2508968358241953,1.8615855106556125,2.999295011872595,-0.1652843389924413,1.0,0.001,10.442435399978422,0.03137081375865409,-0.16528433899244133,9,9.022292993630574,10.0,314,p0_lite_outputs\p1_rolling_window_market_validation_20260719\raw_configured_ecmade\NASDAQ100\window_002\ExperimentC_StabilityAware_ECMADE_MOO\run_007,1.0,0.4282901661067146,1.0096794473041362,0.02001208236795694,0.925,1.1135817595088855,0.0253017077864659
NASDAQ100,window_003,ExperimentC_StabilityAware_ECMADE_MOO,7,60,10,756,124,-0.4608293057080833,-0.4618293057080833,-0.71503037778221,-0.7161034654846447,0.5400841212416524,-2.0472507651788963,-3.627144075044667,-0.475628248164477,1.0000000000000002,0.001,10.881725599989297,0.06971116593133622,-0.475628248164477,10,9.941780821917808,10.0,292,p0_lite_outputs\p1_rolling_window_market_validation_20260719\raw_configured_ecmade\NASDAQ100\window_003\ExperimentC_StabilityAware_ECMADE_MOO\run_007,1.0000000000000002,0.3976787496500104,0.922789378738417,0.04671254607722439,0.75,0.936137688694554,0.06758614093270486
NASDAQ100,window_004,ExperimentC_StabilityAware_ECMADE_MOO,7,60,10,756,125,-0.1113477019799092,-0.1123477019799092,-0.2117872666645202,-0.213574386894836,0.3933255652975863,-0.4093363963498642,-0.7001784733199844,-0.3264943861055793,1.0,0.001,11.18848849995993,0.04805771964286322,-0.32649438610557946,7,8.746511627906976,9.0,430,p0_lite_outputs\p1_rolling_window_market_validation_20260719\raw_configured_ecmade\NASDAQ100\window_004\ExperimentC_StabilityAware_ECMADE_MOO\run_007,1.0,0.8254218117367644,0.9142547457383042,0.003828019793833283,0.9916666666666667,1.3647388281666686,0.06615760078111906
NASDAQ100,window_005,ExperimentC_StabilityAware_ECMADE_MOO,7,60,10,755,123,0.3507618695961747,0.3497618695961747,0.8515152021159711,0.8487079896268512,0.2750946638041995,2.37949309548888,3.667893319273272,-0.1664962123414461,1.0,0.001,10.594404899980873,0.035290586981702336,-0.16649621234144618,10,9.347490347490348,10.0,259,p0_lite_outputs\p1_rolling_window_market_validation_20260719\raw_configured_ecmade\NASDAQ100\window_005\ExperimentC_StabilityAware_ECMADE_MOO\run_007,1.0,0.24890224897500343,0.9627252351863901,0.005688485187926081,0.9833333333333333,1.3725519072757424,0.028754485685630698
NASDAQ100,window_006,ExperimentC_StabilityAware_ECMADE_MOO,7,60,10,753,125,0.2254887555422775,0.2244887555422775,0.5067167308380509,0.5042391219869928,0.2136748357436365,2.0262123750346617,3.542788954196935,-0.0918547291373362,1.0,0.001,10.519607600057498,0.02444412195029239,-0.09185472913733628,10,8.8,9.0,290,p0_lite_outputs\p1_rolling_window_market_validation_20260719\raw_configured_ecmade\NASDAQ100\window_006\ExperimentC_StabilityAware_ECMADE_MOO\run_007,1.0,0.8456894394521859,1.0411286748090054,0.0070531330657254915,0.9583333333333334,1.3932884679346447,0.06059743595517288
NASDAQ100,window_007,ExperimentC_StabilityAware_ECMADE_MOO,7,60,10,752,124,0.4007518905890344,0.3997518905890344,0.9835527944946691,0.9806760495959924,0.1879206868503751,3.743349151274184,6.3980269741848375,-0.0724639964879201,1.0000000000000002,0.001,10.069433700060472,0.021283106306492914,-0.07246399648792012,9,8.79816513761468,10.0,218,p0_lite_outputs\p1_rolling_window_market_validation_20260719\raw_configured_ecmade\NASDAQ100\window_007\ExperimentC_StabilityAware_ECMADE_MOO\run_007,1.0000000000000002,0.2869543278535977,1.1610081786760045,0.008298231135712238,0.95,0.8143242937500037,0.04348220865828509
NASDAQ100,window_008,ExperimentC_StabilityAware_ECMADE_MOO,7,60,10,752,126,0.1209008606479795,0.1199008606479795,0.2564187394013812,0.254177937680085,0.2796147989402704,0.9564836423034436,1.3918683089348856,-0.1392454899672475,1.0000000000000002,0.001,10.644377799937502,0.03985309686764031,-0.1392454899672475,8,8.678456591639872,9.0,311,p0_lite_outputs\p1_rolling_window_market_validation_20260719\raw_configured_ecmade\NASDAQ100\window_008\ExperimentC_StabilityAware_ECMADE_MOO\run_007,1.0000000000000002,0.14122441977348843,0.9680934702950117,0.008677344454042576,0.9583333333333334,1.2556783995139635,0.021599353174671636
NASDAQ100,window_009,ExperimentC_StabilityAware_ECMADE_MOO,7,59,10,752,122,0.2473814657103124,0.2463814657103124,0.5786781887945978,0.5760651280962672,0.370681083697968,1.416497446666594,1.9188778290178043,-0.2377723454063699,1.0,0.001,11.083696900052018,0.051156661228662526,-0.23777234540636993,8,8.761538461538462,9.0,390,p0_lite_outputs\p1_rolling_window_market_validation_20260719\raw_configured_ecmade\NASDAQ100\window_009\ExperimentC_StabilityAware_ECMADE_MOO\run_007,1.0,0.5634978588455882,0.990993608428628,0.004929550100528238,0.9833333333333333,1.3323035597037476,0.03166379472053167
NASDAQ100,window_010,ExperimentC_StabilityAware_ECMADE_MOO,7,60,10,750,126,-0.0796648748175992,-0.0806648748175992,-0.1529832573554946,-0.1548229276058594,0.2201509115794976,-0.6433069023346114,-0.8413518171863494,-0.1612297787118208,1.0,0.001,10.103894000058062,0.03468100166330575,-0.16122977871182087,8,7.3254716981132075,8.0,212,p0_lite_outputs\p1_rolling_window_market_validation_20260719\raw_configured_ecmade\NASDAQ100\window_010\ExperimentC_StabilityAware_ECMADE_MOO\run_007,1.0,0.47316565576390657,1.0126575359621652,0.005885427213195212,0.9916666666666667,1.3668849800136216,0.05378297715128309
NASDAQ100,window_011,ExperimentC_StabilityAware_ECMADE_MOO,7,60,10,751,123,0.0110930027375619,0.0100930027375619,0.0228593564630601,0.0207878087023813,0.3256167758331281,0.2321193393945823,0.3805768074607568,-0.1641501625256924,1.0,0.001,9.90238780004438,0.043729665711932195,-0.16415016252569248,10,8.974874371859297,10.0,199,p0_lite_outputs\p1_rolling_window_market_validation_20260719\raw_configured_ecmade\NASDAQ100\window_011\ExperimentC_StabilityAware_ECMADE_MOO\run_007,1.0,0.5852490414274454,0.9726934909901327,0.007181073359503425,1.0,1.4095108415348259,0.04641852927746815
NASDAQ100,window_001,ExperimentC_StabilityAware_ECMADE_MOO,8,60,10,755,124,0.2403826400997835,0.2393826400997835,0.5492777505165738,0.5467404511435696,0.3928876865625468,1.311572177052612,2.076002148423869,-0.2675298578144925,1.0,0.001,10.600327700027265,0.048861180190356145,-0.2675298578144929,10,9.553359683794467,10.0,253,p0_lite_outputs\p1_rolling_window_market_validation_20260719\raw_configured_ecmade\NASDAQ100\window_001\ExperimentC_StabilityAware_ECMADE_MOO\run_008,1.0,1.0,1.0301303945289435,0.027945402599036225,0.8833333333333333,1.0608851964052302,0.0537902850606591
NASDAQ100,window_002,ExperimentC_StabilityAware_ECMADE_MOO,8,59,10,755,126,0.2431876334731912,0.2421876334731912,0.5455154920206737,0.543030116753727,0.2487169383213713,1.8761799703828932,3.118653874910577,-0.1649356567854455,1.0000000000000002,0.001,10.12850399990566,0.030669200232751416,-0.16493565678544553,10,9.518691588785046,10.0,214,p0_lite_outputs\p1_rolling_window_market_validation_20260719\raw_configured_ecmade\NASDAQ100\window_002\ExperimentC_StabilityAware_ECMADE_MOO\run_008,1.0000000000000002,0.38324475676584474,1.0077833414032098,0.015079158045230636,0.9083333333333333,1.1769437294421856,0.0253017077864659
NASDAQ100,window_003,ExperimentC_StabilityAware_ECMADE_MOO,8,60,10,756,124,-0.4733083534932475,-0.4743083534932475,-0.7282742412654984,-0.7293216771549522,0.5714632590052448,-1.987400198292028,-3.519448958014784,-0.4823526093841895,1.0,0.001,10.584960899897853,0.07065806205664153,-0.48235260938418956,10,9.032786885245901,10.0,305,p0_lite_outputs\p1_rolling_window_market_validation_20260719\raw_configured_ecmade\NASDAQ100\window_003\ExperimentC_StabilityAware_ECMADE_MOO\run_008,1.0,0.42135003479177147,0.9739323240327805,0.008937335547873118,1.0,1.3881294406974838,0.06758614093270486
NASDAQ100,window_004,ExperimentC_StabilityAware_ECMADE_MOO,8,60,10,756,125,-0.1229900764801406,-0.1239900764801406,-0.2324669467204937,-0.234230268107132,0.3811643345645216,-0.5038329208897163,-0.8383046305752634,-0.3147375605177056,1.0,0.001,11.348040600074455,0.047573907261716605,-0.31473756051770574,10,8.98669623059867,10.0,451,p0_lite_outputs\p1_rolling_window_market_validation_20260719\raw_configured_ecmade\NASDAQ100\window_004\ExperimentC_StabilityAware_ECMADE_MOO\run_008,1.0,0.8017293794138163,0.9112587849411582,0.005270698076926354,0.975,1.3428215136880561,0.06615760078111906
NASDAQ100,window_005,ExperimentC_StabilityAware_ECMADE_MOO,8,60,10,755,123,0.3453125246636239,0.3443125246636239,0.8362441647402421,0.8334488329879086,0.2840282880996875,2.284225703057614,3.4858119340929368,-0.1738912833362436,1.0,0.001,10.682118099997751,0.03676100378080284,-0.1738912833362436,10,9.496621621621621,10.0,296,p0_lite_outputs\p1_rolling_window_market_validation_20260719\raw_configured_ecmade\NASDAQ100\window_005\ExperimentC_StabilityAware_ECMADE_MOO\run_008,1.0,0.2603743802829206,0.9636275741745465,0.006706859889363695,0.9666666666666667,1.294975662235017,0.028754485685630698
NASDAQ100,window_006,ExperimentC_StabilityAware_ECMADE_MOO,8,60,10,753,125,0.241579221668956,0.240579221668956,0.5468651769910218,0.5443545001030918,0.2056508588667537,2.225237041294205,3.948026549954232,-0.0809826959286531,1.0000000000000002,0.001,10.728890300029889,0.022683486527666063,-0.08098269592865315,9,8.977653631284916,10.0,358,p0_lite_outputs\p1_rolling_window_market_validation_20260719\raw_configured_ecmade\NASDAQ100\window_006\ExperimentC_StabilityAware_ECMADE_MOO\run_008,1.0000000000000002,0.8627944013531659,1.0463328395254805,0.004662357401476933,0.9916666666666667,1.3634206341693986,0.06059743595517288
NASDAQ100,window_007,ExperimentC_StabilityAware_ECMADE_MOO,8,60,10,752,124,0.2946159972565811,0.2936159972565811,0.6900493603176885,0.6873974178342159,0.1750760200139636,3.087869995021939,5.499266918915025,-0.0636143477764218,1.0,0.001,10.829740099958144,0.020223204077518896,-0.06361434777642183,8,7.538659793814433,8.0,388,p0_lite_outputs\p1_rolling_window_market_validation_20260719\raw_configured_ecmade\NASDAQ100\window_007\ExperimentC_StabilityAware_ECMADE_MOO\run_008,1.0,0.22644109379453808,1.1640979972710617,0.00555259424116399,0.9666666666666667,0.854789100715383,0.04348220865828509
NASDAQ100,window_008,ExperimentC_StabilityAware_ECMADE_MOO,8,60,10,752,126,0.1536515506081892,0.1526515506081892,0.3309119002206795,0.3286055971194632,0.3176897525376958,1.0585638245114464,1.5925675108664192,-0.1475264154586284,1.0,0.001,10.765285299974494,0.044187582174718125,-0.14752641545862843,9,9.03448275862069,10.0,348,p0_lite_outputs\p1_rolling_window_market_validation_20260719\raw_configured_ecmade\NASDAQ100\window_008\ExperimentC_StabilityAware_ECMADE_MOO\run_008,1.0,0.2971988079325824,0.9701392810327523,0.005083358640055963,0.9833333333333333,1.3675838179895046,0.021599353174671636
NASDAQ100,window_009,ExperimentC_StabilityAware_ECMADE_MOO,8,59,10,752,122,0.2204292824803766,0.2194292824803766,0.5090311245132899,0.5064782077452783,0.3560116242775382,1.3330484994646206,1.801961626467458,-0.2293879849404455,1.0,0.001,11.396827499964274,0.050064116840034374,-0.22938798494044543,9,8.505882352941176,9.0,425,p0_lite_outputs\p1_rolling_window_market_validation_20260719\raw_configured_ecmade\NASDAQ100\window_009\ExperimentC_StabilityAware_ECMADE_MOO\run_008,1.0,0.5550974866032713,0.9914808931170823,0.0050436917132941385,0.9833333333333333,1.3157017982404686,0.03166379472053167
NASDAQ100,window_010,ExperimentC_StabilityAware_ECMADE_MOO,8,60,10,750,126,-0.0103162646342572,-0.0113162646342572,-0.0205261039525105,-0.0225044714232419,0.1905426555229848,-0.0130599280633859,-0.0166635500660448,-0.1271535276813289,1.0,0.001,9.92009989998769,0.02956813504637079,-0.12715352768132926,10,9.36551724137931,10.0,145,p0_lite_outputs\p1_rolling_window_market_validation_20260719\raw_configured_ecmade\NASDAQ100\window_010\ExperimentC_StabilityAware_ECMADE_MOO\run_008,1.0,0.7069855801142508,0.9827429653503778,0.022535478974402882,0.35833333333333334,1.3753629726849066,0.05378297715128309
NASDAQ100,window_011,ExperimentC_StabilityAware_ECMADE_MOO,8,60,10,751,123,0.1038785313880912,0.1028785313880912,0.2244365797260035,0.2221651250101386,0.3178251358744959,0.7963107516227469,1.2857737608520965,-0.1320081626545267,1.0,0.001,9.838214399991555,0.043073296161096404,-0.13200816265452675,10,9.097826086956522,10.0,184,p0_lite_outputs\p1_rolling_window_market_validation_20260719\raw_configured_ecmade\NASDAQ100\window_011\ExperimentC_StabilityAware_ECMADE_MOO\run_008,1.0,0.6997073530205158,0.9683841469363003,0.008653537827201511,0.975,1.3875408673355172,0.04641852927746815
NASDAQ100,window_001,ExperimentC_StabilityAware_ECMADE_MOO,9,60,10,755,124,0.2531007892960086,0.2521007892960086,0.5817317996022893,0.579167629779205,0.3641260726969202,1.4424292132364311,2.2366662774630863,-0.2395737879660492,1.0,0.001,10.611806500004604,0.04553506537638553,-0.23957378796604922,10,9.738955823293173,10.0,249,p0_lite_outputs\p1_rolling_window_market_validation_20260719\raw_configured_ecmade\NASDAQ100\window_001\ExperimentC_StabilityAware_ECMADE_MOO\run_009,1.0,1.0,0.9802842791112356,0.04781271837711796,0.7166666666666667,0.9330332540358213,0.0537902850606591
NASDAQ100,window_002,ExperimentC_StabilityAware_ECMADE_MOO,9,59,10,755,126,0.2099061609216155,0.2089061609216155,0.4638729182360821,0.4614541059142387,0.2655370149426542,1.568978306299902,2.567040094006191,-0.1804207609414743,1.0,0.001,10.396217499976046,0.033161328013985254,-0.1804207609414743,10,9.76923076923077,10.0,260,p0_lite_outputs\p1_rolling_window_market_validation_20260719\raw_configured_ecmade\NASDAQ100\window_002\ExperimentC_StabilityAware_ECMADE_MOO\run_009,1.0,0.3859408762487762,0.9987211384144837,0.02026774039644235,0.85,1.088342274092527,0.0253017077864659
NASDAQ100,window_003,ExperimentC_StabilityAware_ECMADE_MOO,9,60,10,756,124,-0.4569129617914395,-0.4579129617914395,-0.7108079988253218,-0.7118891409014863,0.5304947021518788,-2.066630877930366,-3.6568501066668975,-0.4723130150108146,1.0,0.0009999999999999,10.498210100107826,0.06704967183016038,-0.4723130150108146,10,8.706959706959706,10.0,273,p0_lite_outputs\p1_rolling_window_market_validation_20260719\raw_configured_ecmade\NASDAQ100\window_003\ExperimentC_StabilityAware_ECMADE_MOO\run_009,1.0,0.46535283673451594,0.9820963350049496,0.00442480750628699,1.0,1.4079551913397683,0.06758614093270486
NASDAQ100,window_004,ExperimentC_StabilityAware_ECMADE_MOO,9,60,10,756,125,-0.1146761997663448,-0.1156761997663448,-0.2177277701777762,-0.2195080859229522,0.3946882553640316,-0.4253235839110986,-0.7274710943893973,-0.3271016789670681,1.0,0.0009999999999999,10.989092799951322,0.04830638839254952,-0.327101678967068,10,9.71947194719472,10.0,303,p0_lite_outputs\p1_rolling_window_market_validation_20260719\raw_configured_ecmade\NASDAQ100\window_004\ExperimentC_StabilityAware_ECMADE_MOO\run_009,1.0,0.8300060041945647,0.9070220301684284,0.006703683698860088,0.9916666666666667,1.3532530389363449,0.06615760078111906
NASDAQ100,window_005,ExperimentC_StabilityAware_ECMADE_MOO,9,60,10,755,123,0.3569117519394993,0.3559117519394993,0.8688271702147385,0.8660065468584435,0.2866187906252213,2.32773346334982,3.551198179227144,-0.1634842879585833,1.0,0.001,10.93960949999746,0.0370161940513391,-0.16348428795858339,9,7.833766233766234,8.0,385,p0_lite_outputs\p1_rolling_window_market_validation_20260719\raw_configured_ecmade\NASDAQ100\window_005\ExperimentC_StabilityAware_ECMADE_MOO\run_009,1.0,0.21777386735663457,0.9674360594639758,0.004462649438074954,0.9916666666666667,1.3518164419983139,0.028754485685630698
NASDAQ100,window_006,ExperimentC_StabilityAware_ECMADE_MOO,9,60,10,753,125,0.2389263605244775,0.2379263605244775,0.5402092059398595,0.5377039815072391,0.2035495961314331,2.2248740926926915,3.977113559029128,-0.079867596066389,1.0,0.001,10.45263169996906,0.022544896942515668,-0.07986759606638905,10,7.672364672364672,8.0,351,p0_lite_outputs\p1_rolling_window_market_validation_20260719\raw_configured_ecmade\NASDAQ100\window_006\ExperimentC_StabilityAware_ECMADE_MOO\run_009,1.0,0.8854314133801352,1.0468131916904344,0.004798574329787064,0.9916666666666667,1.3568420846753402,0.06059743595517288
NASDAQ100,window_007,ExperimentC_StabilityAware_ECMADE_MOO,9,60,10,752,124,0.3106114711249608,0.3096114711249608,0.7327560039215477,0.7300702189318531,0.1739905647353589,3.2497859596731984,5.709741913961651,-0.065328860040037,1.0,0.001,10.41435549990274,0.019430539509991324,-0.06532886004003702,10,7.877966101694915,8.0,295,p0_lite_outputs\p1_rolling_window_market_validation_20260719\raw_configured_ecmade\NASDAQ100\window_007\ExperimentC_StabilityAware_ECMADE_MOO\run_009,1.0,0.273612417691455,1.1624893415392938,0.007266235016010965,0.9416666666666667,0.8164217731719037,0.04348220865828509
NASDAQ100,window_008,ExperimentC_StabilityAware_ECMADE_MOO,9,60,10,752,126,0.1416823580229744,0.1406823580229744,0.3034386066208991,0.301156241904853,0.2787406994132855,1.090487071893462,1.5801265837891618,-0.1364401868291308,1.0000000000000002,0.001,10.309900299995206,0.03968272086397119,-0.13644018682913084,7,9.327759197324415,10.0,299,p0_lite_outputs\p1_rolling_window_market_validation_20260719\raw_configured_ecmade\NASDAQ100\window_008\ExperimentC_StabilityAware_ECMADE_MOO\run_009,1.0000000000000002,0.24898251824608575,0.9700456948217324,0.005034932813958422,0.9833333333333333,1.3666413867688085,0.021599353174671636
NASDAQ100,window_009,ExperimentC_StabilityAware_ECMADE_MOO,9,59,10,752,122,0.212542286568945,0.211542286568945,0.4889568339224455,0.4864215006364611,0.383408461117499,1.2293512046712256,1.6381741801081784,-0.253866833087107,1.0,0.001,10.638135000015607,0.05422190862173755,-0.253866833087107,10,9.057471264367816,10.0,348,p0_lite_outputs\p1_rolling_window_market_validation_20260719\raw_configured_ecmade\NASDAQ100\window_009\ExperimentC_StabilityAware_ECMADE_MOO\run_009,1.0,0.47482895939134945,0.9897206448276872,0.004940757752446975,0.9916666666666667,1.3520007524266855,0.03166379472053167
NASDAQ100,window_010,ExperimentC_StabilityAware_ECMADE_MOO,9,60,10,750,126,-0.1135736950239535,-0.1145736950239535,-0.214248405846513,-0.2160202584564651,0.1834632236205843,-1.2213899140304263,-1.6069361540561151,-0.1634611016151576,0.9999999999999998,0.0009999999999999,9.923667900031433,0.0294246602863184,-0.16346110161515737,10,9.668711656441717,10.0,163,p0_lite_outputs\p1_rolling_window_market_validation_20260719\raw_configured_ecmade\NASDAQ100\window_010\ExperimentC_StabilityAware_ECMADE_MOO\run_009,0.9999999999999998,0.44821918931429666,0.9948834851518535,0.01645877834307062,0.7916666666666666,1.2939544015469475,0.05378297715128309
NASDAQ100,window_011,ExperimentC_StabilityAware_ECMADE_MOO,9,60,10,751,123,0.1010416362254194,0.1000416362254194,0.2179983261453653,0.2157329960640526,0.3278153484656846,0.7660733995421578,1.1941438110903178,-0.1412727677371417,1.0,0.001,9.91906729992479,0.04493778972812617,-0.1412727677371417,10,8.419191919191919,10.0,198,p0_lite_outputs\p1_rolling_window_market_validation_20260719\raw_configured_ecmade\NASDAQ100\window_011\ExperimentC_StabilityAware_ECMADE_MOO\run_009,1.0,0.6564987503920366,0.9729819243776552,0.00741790506160209,0.9833333333333333,1.3824259294123076,0.04641852927746815
NASDAQ100,window_001,ExperimentC_StabilityAware_ECMADE_MOO,10,60,10,755,124,0.2394152647800211,0.2384152647800211,0.5468231963901666,0.5442879404903944,0.4092145332882878,1.271310297542413,2.036857504843557,-0.2816834328850164,1.0,0.001,10.151953299995512,0.05021799521262159,-0.2816834328850164,10,8.621848739495798,10.0,238,p0_lite_outputs\p1_rolling_window_market_validation_20260719\raw_configured_ecmade\NASDAQ100\window_001\ExperimentC_StabilityAware_ECMADE_MOO\run_010,1.0,1.0,1.0423756978653187,0.006554408063588354,0.9583333333333334,1.3333786161245493,0.0537902850606591
NASDAQ100,window_002,ExperimentC_StabilityAware_ECMADE_MOO,10,59,10,755,126,0.2459887687422475,0.2449887687422475,0.5524880118318218,0.5499970342943372,0.2809846076331504,1.707359334551247,2.711851743508615,-0.178955417255067,1.0,0.001,10.670457800035363,0.03608339258119185,-0.17895541725506692,9,9.239864864864865,10.0,296,p0_lite_outputs\p1_rolling_window_market_validation_20260719\raw_configured_ecmade\NASDAQ100\window_002\ExperimentC_StabilityAware_ECMADE_MOO\run_010,1.0,0.2996982736473413,0.9774978669522777,0.04263503487378943,0.8166666666666667,0.9812606788468338,0.0253017077864659
NASDAQ100,window_003,ExperimentC_StabilityAware_ECMADE_MOO,10,60,10,756,124,-0.4589464343608815,-0.4599464343608815,-0.7130043103771544,-0.714081270167886,0.5404600731074484,-2.032575745292854,-3.625192591679749,-0.4733005865482262,1.0,0.001,10.954207299975678,0.0688343294876161,-0.47330058654822627,10,8.953890489913544,10.0,347,p0_lite_outputs\p1_rolling_window_market_validation_20260719\raw_configured_ecmade\NASDAQ100\window_003\ExperimentC_StabilityAware_ECMADE_MOO\run_010,1.0,0.4299075116432215,0.982320261934033,0.004578576171202677,0.9916666666666667,1.3824036737311065,0.06758614093270486
NASDAQ100,window_004,ExperimentC_StabilityAware_ECMADE_MOO,10,60,10,756,125,-0.1469372409471638,-0.1479372409471638,-0.2741319819031468,-0.2758463674950622,0.3797754317304119,-0.6537379996263102,-1.092202127486653,-0.3186973288454586,1.0,0.001,11.77858149993699,0.04780406236014273,-0.31869732884545865,9,9.218009478672986,10.0,422,p0_lite_outputs\p1_rolling_window_market_validation_20260719\raw_configured_ecmade\NASDAQ100\window_004\ExperimentC_StabilityAware_ECMADE_MOO\run_010,1.0,0.8155443012594763,0.9135616211492934,0.004085048050929556,1.0,1.3640051549987848,0.06615760078111906
NASDAQ100,window_005,ExperimentC_StabilityAware_ECMADE_MOO,10,60,10,755,123,0.2953165317836874,0.2943165317836874,0.6991572321123636,0.6964707915386408,0.2709351837919828,2.09417003117559,3.2279609217767167,-0.1615656610680634,1.0,0.001,10.652480599936098,0.035017057455754466,-0.16156566106806347,9,9.482142857142858,10.0,280,p0_lite_outputs\p1_rolling_window_market_validation_20260719\raw_configured_ecmade\NASDAQ100\window_005\ExperimentC_StabilityAware_ECMADE_MOO\run_010,1.0,0.33318958924684305,0.9639038385577623,0.006563279800825073,0.975,1.3159805259972732,0.028754485685630698
NASDAQ100,window_006,ExperimentC_StabilityAware_ECMADE_MOO,10,60,10,753,125,0.212379983241125,0.211379983241125,0.4744014012645494,0.4719507275422934,0.2124007813484364,1.934927726009187,3.4581988262613157,-0.0872163494373821,1.0,0.001,10.335273200063966,0.024070046862355237,-0.0872163494373821,10,8.414634146341463,9.0,287,p0_lite_outputs\p1_rolling_window_market_validation_20260719\raw_configured_ecmade\NASDAQ100\window_006\ExperimentC_StabilityAware_ECMADE_MOO\run_010,1.0,0.8158952850876828,1.0427669474083754,0.007497384691156195,0.95,1.3075329000028117,0.06059743595517288
NASDAQ100,window_007,ExperimentC_StabilityAware_ECMADE_MOO,10,60,10,752,124,0.3097161173719167,0.3087161173719167,0.7303511771136042,0.7276672868269278,0.1881058708347274,3.012198954874437,4.909327826979293,-0.0650483985797475,1.0000000000000002,0.001,10.344412700040266,0.021687665621501713,-0.06504839857974754,8,8.286290322580646,9.0,248,p0_lite_outputs\p1_rolling_window_market_validation_20260719\raw_configured_ecmade\NASDAQ100\window_007\ExperimentC_StabilityAware_ECMADE_MOO\run_010,1.0000000000000002,0.2246774724175771,1.1639112034650465,0.003381886008695856,0.9916666666666667,0.9825186830186997,0.04348220865828509
NASDAQ100,window_008,ExperimentC_StabilityAware_ECMADE_MOO,10,60,10,752,126,0.1696391165360153,0.1686391165360153,0.3680556629311506,0.3657173846980783,0.2917241247835528,1.2204041174822748,1.8046278707126209,-0.1370752555107949,1.0,0.001,10.521967899985611,0.04090197263468144,-0.1370752555107949,10,8.451515151515151,9.0,330,p0_lite_outputs\p1_rolling_window_market_validation_20260719\raw_configured_ecmade\NASDAQ100\window_008\ExperimentC_StabilityAware_ECMADE_MOO\run_010,1.0,0.19559291434124804,0.970014647058275,0.005499631767347187,0.9833333333333333,1.3275231133041454,0.021599353174671636
NASDAQ100,window_009,ExperimentC_StabilityAware_ECMADE_MOO,10,59,10,752,122,0.2170468219963273,0.2160468219963273,0.5004049688769112,0.497859593973567,0.3749038024421423,1.2689715033001454,1.6775784618831404,-0.2422316354959059,1.0,0.001,11.031561599927954,0.053227825738832446,-0.2422316354959062,10,8.783068783068783,9.0,378,p0_lite_outputs\p1_rolling_window_market_validation_20260719\raw_configured_ecmade\NASDAQ100\window_009\ExperimentC_StabilityAware_ECMADE_MOO\run_010,1.0,0.4411093567794328,0.9913730608787619,0.004327885326792873,1.0,1.388101317763214,0.03166379472053167
NASDAQ100,window_010,ExperimentC_StabilityAware_ECMADE_MOO,10,60,10,750,126,-0.1451962351879561,-0.1461962351879561,-0.2693105236631559,-0.27101913119278,0.2192326701252991,-1.3200237367460452,-1.735653967229161,-0.1958813561484433,1.0,0.001,10.055746199912392,0.03371517948788845,-0.19588135614844338,8,9.570512820512821,10.0,156,p0_lite_outputs\p1_rolling_window_market_validation_20260719\raw_configured_ecmade\NASDAQ100\window_010\ExperimentC_StabilityAware_ECMADE_MOO\run_010,1.0,0.5023471107382836,0.9910103928578009,0.017819215190193527,0.7416666666666667,1.2820797286700856,0.05378297715128309
NASDAQ100,window_011,ExperimentC_StabilityAware_ECMADE_MOO,10,60,10,751,123,0.1715075376510522,0.1705075376510522,0.383068191783726,0.3806505080098854,0.3232483908461862,1.1660611496988924,1.7159272638939285,-0.1589245090088905,1.0,0.001,10.15425280004274,0.046464195821334806,-0.15892450900889055,10,8.96132596685083,10.0,181,p0_lite_outputs\p1_rolling_window_market_validation_20260719\raw_configured_ecmade\NASDAQ100\window_011\ExperimentC_StabilityAware_ECMADE_MOO\run_010,1.0,0.7134312280891284,0.9697050042437111,0.009733936898807256,0.9416666666666667,1.313587307094311,0.04641852927746815
NASDAQ100,window_001,HandCrafted_ECMADE_MOO,1,60,10,755,124,0.2500142927706892,0.2490142927706892,0.5738243023827407,0.5712666544111533,0.3805749867717792,1.383125299735381,2.183318759988376,-0.2691802181471551,1.0,0.001,3.848468200012576,0.04749820090057575,-0.2691802181471551,10,8.067857142857143,10.0,280,p0_lite_outputs\p1_rolling_window_market_validation_20260719\raw_configured_ecmade\NASDAQ100\window_001\HandCrafted_ECMADE_MOO\run_001,1.0,1.0,1.0435815512591367,0.0064936862244739215,0.975,1.3240425018294182,0.0537902850606591
NASDAQ100,window_002,HandCrafted_ECMADE_MOO,1,59,10,755,126,0.2373576020268171,0.2363576020268171,0.5310538352935552,0.5285801200895017,0.2405077210556703,1.892661144715658,3.1437196768964504,-0.1667271898724583,1.0,0.001,4.007710599980783,0.029737358158913974,-0.16672718987245838,10,9.52411575562701,10.0,311,p0_lite_outputs\p1_rolling_window_market_validation_20260719\raw_configured_ecmade\NASDAQ100\window_002\HandCrafted_ECMADE_MOO\run_001,1.0,0.42216561962005694,0.9972686129893824,0.02988766839574161,0.875,1.0137562257946997,0.0253017077864659
NASDAQ100,window_003,HandCrafted_ECMADE_MOO,1,60,10,756,124,-0.4848732149900444,-0.4858732149900444,-0.7402621912158567,-0.7412858719905407,0.5702488069526784,-2.0710394453724734,-3.744348140670046,-0.4956570219775847,1.0,0.001,3.742605199979153,0.07361587597063173,-0.4956570219775849,9,9.221774193548388,10.0,248,p0_lite_outputs\p1_rolling_window_market_validation_20260719\raw_configured_ecmade\NASDAQ100\window_003\HandCrafted_ECMADE_MOO\run_001,1.0,0.4473591950572127,0.9638897488117306,0.015826146099812765,0.925,1.1576227543567765,0.06758614093270486
NASDAQ100,window_004,HandCrafted_ECMADE_MOO,1,60,10,756,125,-0.1358071019581528,-0.1368071019581528,-0.2549127067544927,-0.2566498339773222,0.3833636048723811,-0.576036757940242,-0.9631874381361196,-0.3193470983535855,1.0,0.001,4.204464800015558,0.04797159033270497,-0.31934709835358555,7,8.465986394557824,10.0,294,p0_lite_outputs\p1_rolling_window_market_validation_20260719\raw_configured_ecmade\NASDAQ100\window_004\HandCrafted_ECMADE_MOO\run_001,1.0,0.8423037355299918,0.9121879076410406,0.005029680724576611,0.9916666666666667,1.368876567569388,0.06615760078111906
NASDAQ100,window_005,HandCrafted_ECMADE_MOO,1,60,10,755,123,0.330278037006219,0.329278037006219,0.7944477347906125,0.7916851692312272,0.2774676728774616,2.2484351215807963,3.461032225801377,-0.1545003276372196,1.0,0.001,3.8236165999551295,0.035904017659446064,-0.15450032763721966,9,9.54639175257732,10.0,291,p0_lite_outputs\p1_rolling_window_market_validation_20260719\raw_configured_ecmade\NASDAQ100\window_005\HandCrafted_ECMADE_MOO\run_001,1.0,0.29932372976290933,0.96202614248745,0.00712426574427059,0.9583333333333334,1.3149652563836802,0.028754485685630698
NASDAQ100,window_006,HandCrafted_ECMADE_MOO,1,60,10,753,125,0.2342298811232532,0.2332298811232532,0.5284613109214351,0.5259657387571741,0.2074478553436147,2.1499434573549534,3.705789657625559,-0.0795015019945734,1.0,0.001,4.05925930000376,0.02357649035215554,-0.0795015019945734,10,9.929166666666667,10.0,240,p0_lite_outputs\p1_rolling_window_market_validation_20260719\raw_configured_ecmade\NASDAQ100\window_006\HandCrafted_ECMADE_MOO\run_001,1.0,0.8725686010970166,0.8773193515619615,0.21865789893652218,0.4583333333333333,0.6574280769948704,0.08932580780003145
NASDAQ100,window_007,HandCrafted_ECMADE_MOO,1,60,10,752,124,0.3673331009270781,0.3663331009270781,0.8885639606457827,0.8857580601708985,0.1777336315726988,3.670560402562151,6.66264953865524,-0.0706646715121223,1.0,0.0009999999999999,4.264946399955079,0.019423040222934,-0.0706646715121223,8,6.38013698630137,6.0,292,p0_lite_outputs\p1_rolling_window_market_validation_20260719\raw_configured_ecmade\NASDAQ100\window_007\HandCrafted_ECMADE_MOO\run_001,1.0,0.2493850820757637,1.1643762258066213,0.004511560417194926,0.9833333333333333,0.9017576957703514,0.06744013356713402
NASDAQ100,window_008,HandCrafted_ECMADE_MOO,1,60,10,752,126,0.1520652733147336,0.1510652733147336,0.3272543939777519,0.3249512634311222,0.3042749966602597,1.082721017516628,1.5953302210530604,-0.1426665742923887,1.0,0.001,4.153947299986612,0.04253391116097367,-0.14266657429238871,7,8.816239316239317,10.0,234,p0_lite_outputs\p1_rolling_window_market_validation_20260719\raw_configured_ecmade\NASDAQ100\window_008\HandCrafted_ECMADE_MOO\run_001,1.0,0.25281004535068663,0.9678207388386432,0.0063291592145684455,0.9916666666666667,1.3802061771867462,0.05610659044199977
NASDAQ100,window_009,HandCrafted_ECMADE_MOO,1,59,10,752,122,0.2205004610482897,0.2195004610482896,0.5092129224830482,0.5066598469935961,0.3636641807584151,1.3127536693102058,1.7497183695052243,-0.2320666007085468,1.0,0.0009999999999999,4.177480600017589,0.05061653010452549,-0.2320666007085468,10,8.131195335276969,9.0,343,p0_lite_outputs\p1_rolling_window_market_validation_20260719\raw_configured_ecmade\NASDAQ100\window_009\HandCrafted_ECMADE_MOO\run_001,1.0,0.5213146074573592,0.9907568537720971,0.004598249128286668,0.9833333333333333,1.3538611762180863,0.04558015571790523
NASDAQ100,window_010,HandCrafted_ECMADE_MOO,1,60,10,750,126,-0.0259161986147813,-0.0269161986147813,-0.0511607478789218,-0.0531079154816923,0.1744197494251605,-0.2134655870696979,-0.2844499730494015,-0.116772043867807,1.0000000000000002,0.001,4.231311200011987,0.0263224725525171,-0.11677204386780704,10,9.009900990099009,10.0,202,p0_lite_outputs\p1_rolling_window_market_validation_20260719\raw_configured_ecmade\NASDAQ100\window_010\HandCrafted_ECMADE_MOO\run_001,1.0000000000000002,0.5495193390905647,1.0069957361285045,0.008939851178653575,0.9583333333333334,1.335465858120295,0.06884158789031249
NASDAQ100,window_011,HandCrafted_ECMADE_MOO,1,60,10,751,123,0.143961015015164,0.142961015015164,0.3172608269210897,0.3149027560207111,0.3257416199409463,1.0095554921680527,1.599556956623707,-0.1556477080793896,1.0000000000000002,0.001,4.466486799996346,0.04485073062285066,-0.15564770807938966,10,9.859504132231406,10.0,242,p0_lite_outputs\p1_rolling_window_market_validation_20260719\raw_configured_ecmade\NASDAQ100\window_011\HandCrafted_ECMADE_MOO\run_001,1.0000000000000002,0.6355643290524268,0.924558332691695,0.04484505911233889,0.7666666666666667,1.0418929890082056,0.050558931775394375
NASDAQ100,window_001,HandCrafted_ECMADE_MOO,2,60,10,755,124,0.251950388562042,0.250950388562042,0.5787821595612201,0.576220420626991,0.3920721081632896,1.3615769879528363,2.174442521203506,-0.2670606345739406,1.0,0.001,3.924834199948236,0.048040900590198825,-0.2670606345739406,10,9.41897233201581,10.0,253,p0_lite_outputs\p1_rolling_window_market_validation_20260719\raw_configured_ecmade\NASDAQ100\window_001\HandCrafted_ECMADE_MOO\run_002,1.0,1.0,1.039473958181027,0.007666379303425615,0.9333333333333333,1.3696878377481203,0.0537902850606591
NASDAQ100,window_002,HandCrafted_ECMADE_MOO,2,59,10,755,126,0.2270104634948149,0.2260104634948149,0.5055546775257604,0.5031016565987712,0.2535153720951303,1.7420097439255422,2.830999551846479,-0.1710016459883657,1.0,0.001,4.1502245999872684,0.03197013450865678,-0.17100164598836576,9,9.597560975609756,10.0,328,p0_lite_outputs\p1_rolling_window_market_validation_20260719\raw_configured_ecmade\NASDAQ100\window_002\HandCrafted_ECMADE_MOO\run_002,1.0,0.3058873773673362,1.0052117258847846,0.020893112805373544,0.8833333333333333,1.0695385029656834,0.0253017077864659
NASDAQ100,window_003,HandCrafted_ECMADE_MOO,2,60,10,756,124,-0.4605561376915883,-0.4615561376915883,-0.7147368869471984,-0.7158105363873052,0.5532714747794404,-1.9834004297669825,-3.4648883628375358,-0.4690511174437387,0.9999999999999998,0.0009999999999999,3.864598599961028,0.07224981814828739,-0.46905111744373873,10,8.898601398601398,10.0,286,p0_lite_outputs\p1_rolling_window_market_validation_20260719\raw_configured_ecmade\NASDAQ100\window_003\HandCrafted_ECMADE_MOO\run_002,0.9999999999999998,0.42915041923860336,0.9775410693933045,0.006452179830228751,0.95,1.3282168766469706,0.06758614093270486
NASDAQ100,window_004,HandCrafted_ECMADE_MOO,2,60,10,756,125,-0.1533779855458984,-0.1543779855458984,-0.2851381065006326,-0.2868393342216252,0.3864751984671343,-0.675466869548793,-1.1479725843670512,-0.3288583028831946,1.0,0.001,4.173956299957354,0.048018357928656566,-0.3288583028831946,10,9.1938202247191,10.0,356,p0_lite_outputs\p1_rolling_window_market_validation_20260719\raw_configured_ecmade\NASDAQ100\window_004\HandCrafted_ECMADE_MOO\run_002,1.0,0.809857638159794,0.9122820921602411,0.004304374561151448,0.9916666666666667,1.3687639462744914,0.06615760078111906
NASDAQ100,window_005,HandCrafted_ECMADE_MOO,2,60,10,755,123,0.3808427304608539,0.3798427304608539,0.936978227729298,0.9341053906795188,0.2919605236810809,2.4133993230433752,3.6877695077339143,-0.1843814021571986,1.0,0.001,4.4276131999795325,0.037455877125673394,-0.18438140215719867,10,9.058181818181819,10.0,275,p0_lite_outputs\p1_rolling_window_market_validation_20260719\raw_configured_ecmade\NASDAQ100\window_005\HandCrafted_ECMADE_MOO\run_002,1.0,0.2926195684868439,0.9665001995428819,0.0051874067204263925,0.9916666666666667,1.3895098325460777,0.028754485685630698
NASDAQ100,window_006,HandCrafted_ECMADE_MOO,2,60,10,753,125,0.2131972768264727,0.2121972768264727,0.476405846969393,0.4739534940564294,0.1909981772824163,2.1364648370805828,3.714751628537421,-0.0761581691994335,0.9999999999999996,0.0009999999999999,3.9297070000320673,0.021296325929130576,-0.07615816919943352,10,7.76,10.0,325,p0_lite_outputs\p1_rolling_window_market_validation_20260719\raw_configured_ecmade\NASDAQ100\window_006\HandCrafted_ECMADE_MOO\run_002,0.9999999999999996,0.793416689041264,1.0455394330081473,0.005475683822697906,0.9916666666666667,1.3570006488760535,0.08932580780003145
NASDAQ100,window_007,HandCrafted_ECMADE_MOO,2,60,10,752,124,0.3298805258297865,0.3288805258297865,0.7849218608327733,0.7821952895519697,0.1725384913999249,3.4480537758219487,5.670723259467681,-0.0649260480873057,1.0,0.001,3.9086095000384375,0.019809789400365558,-0.06492604808730573,10,8.171929824561403,8.0,285,p0_lite_outputs\p1_rolling_window_market_validation_20260719\raw_configured_ecmade\NASDAQ100\window_007\HandCrafted_ECMADE_MOO\run_002,1.0,0.31320868608228236,1.1527650643229415,0.007058243635522071,0.95,0.8895041173626687,0.06744013356713402
NASDAQ100,window_008,HandCrafted_ECMADE_MOO,2,60,10,752,126,0.0158344732440596,0.0148344732440596,0.0319196770310361,0.0298890080845477,0.2095546343788397,0.255134886263278,0.3547974645382956,-0.126580311623061,1.0,0.001,3.883073200006038,0.03054986053345107,-0.12658031162306105,8,9.265625,10.0,192,p0_lite_outputs\p1_rolling_window_market_validation_20260719\raw_configured_ecmade\NASDAQ100\window_008\HandCrafted_ECMADE_MOO\run_002,1.0,0.407949612626638,0.9481048242340203,0.01785310106416844,0.625,1.2896879319589698,0.05610659044199977
NASDAQ100,window_009,HandCrafted_ECMADE_MOO,2,59,10,752,122,0.2525633323126781,0.2515633323126781,0.5922544914145254,0.5896298575238019,0.3759617395691411,1.4244910902524304,1.9693921001973291,-0.2385016824469373,1.0,0.001,4.015260700020008,0.05133058456462612,-0.23850168244693737,10,8.483660130718954,9.0,306,p0_lite_outputs\p1_rolling_window_market_validation_20260719\raw_configured_ecmade\NASDAQ100\window_009\HandCrafted_ECMADE_MOO\run_002,1.0,0.5998556012451157,0.9884721028351996,0.006271379499204188,0.9583333333333334,1.314020545911519,0.04558015571790523
NASDAQ100,window_010,HandCrafted_ECMADE_MOO,2,60,10,750,126,-0.0812777621536865,-0.0822777621536865,-0.1559494496866618,-0.1577858941623544,0.198975110446356,-0.7517503808871769,-0.995221929263311,-0.150348105304885,1.0,0.001,3.982291999971494,0.031421164883875925,-0.15034810530488507,10,9.69109947643979,10.0,191,p0_lite_outputs\p1_rolling_window_market_validation_20260719\raw_configured_ecmade\NASDAQ100\window_010\HandCrafted_ECMADE_MOO\run_002,1.0,0.4947405493176977,0.9961794325386407,0.016857751062408922,0.6666666666666666,1.2947813965077015,0.06884158789031249
NASDAQ100,window_011,HandCrafted_ECMADE_MOO,2,60,10,751,123,0.1696204820485205,0.1686204820485205,0.3785077003376382,0.3760941025041358,0.2873358927203116,1.2616139624824545,2.013572629698816,-0.1416292042451107,1.0,0.001,3.951871099998243,0.03945436817221137,-0.14162920424511072,10,9.521235521235521,10.0,259,p0_lite_outputs\p1_rolling_window_market_validation_20260719\raw_configured_ecmade\NASDAQ100\window_011\HandCrafted_ECMADE_MOO\run_002,1.0,0.6573754839018181,0.9601506640926024,0.017333605921177147,0.875,1.207442542490695,0.050558931775394375
NASDAQ100,window_001,HandCrafted_ECMADE_MOO,3,60,10,755,124,0.2353714692886184,0.2343714692886184,0.5365841396066253,0.5340574252192871,0.3720429739888836,1.3415462380135377,2.100384945330445,-0.2451810313701155,1.0,0.001,3.736324600002263,0.046526083870578695,-0.2451810313701155,10,9.051063829787234,10.0,235,p0_lite_outputs\p1_rolling_window_market_validation_20260719\raw_configured_ecmade\NASDAQ100\window_001\HandCrafted_ECMADE_MOO\run_003,1.0,1.0,1.0411489531203983,0.009757183754667423,0.9333333333333333,1.2216761313961173,0.0537902850606591
NASDAQ100,window_002,HandCrafted_ECMADE_MOO,3,59,10,755,126,0.1744158287395276,0.1734158287395276,0.3792525387939516,0.3769047071364722,0.2468424626117758,1.4267824344106628,2.3546935645514084,-0.1785279979242143,1.0,0.001,4.231441699957941,0.03155885730098744,-0.1785279979242146,10,9.701960784313725,10.0,255,p0_lite_outputs\p1_rolling_window_market_validation_20260719\raw_configured_ecmade\NASDAQ100\window_002\HandCrafted_ECMADE_MOO\run_003,1.0,0.4807144860654212,1.011802705737303,0.012838461723952418,0.925,1.2531897039476663,0.0253017077864659
NASDAQ100,window_003,HandCrafted_ECMADE_MOO,3,60,10,756,124,-0.4512992674441085,-0.4522992674441085,-0.7047006105358121,-0.7057933010333997,0.5401651474936614,-1.9811356214621745,-3.407455906912971,-0.4638173034085679,1.0,0.001,3.800874800013844,0.07097768872841707,-0.46381730340856797,10,9.94238683127572,10.0,243,p0_lite_outputs\p1_rolling_window_market_validation_20260719\raw_configured_ecmade\NASDAQ100\window_003\HandCrafted_ECMADE_MOO\run_003,1.0,0.56624012237528,0.898494977224749,0.061037880760019064,0.7916666666666666,0.898761312647987,0.06758614093270486
NASDAQ100,window_004,HandCrafted_ECMADE_MOO,3,60,10,756,125,-0.1394819947146315,-0.1404819947146315,-0.2612864196547392,-0.2630160376398871,0.3866780657698859,-0.5905075591096264,-1.0207470996615975,-0.338015194175995,1.0,0.001,4.014935399987735,0.0471213238067668,-0.338015194175995,10,9.354515050167224,10.0,299,p0_lite_outputs\p1_rolling_window_market_validation_20260719\raw_configured_ecmade\NASDAQ100\window_004\HandCrafted_ECMADE_MOO\run_003,1.0,0.7340470967500412,0.9075258928937865,0.006696929216814576,0.9916666666666667,1.3599506773257002,0.06615760078111906
NASDAQ100,window_005,HandCrafted_ECMADE_MOO,3,60,10,755,123,0.3574563301494211,0.3564563301494211,0.8703641374746034,0.8675423264295001,0.2788466819511097,2.3875980152392517,3.714654258266836,-0.167788900192375,1.0,0.001,4.467501599981915,0.03548283972381427,-0.16778890019237502,10,9.587548638132295,10.0,257,p0_lite_outputs\p1_rolling_window_market_validation_20260719\raw_configured_ecmade\NASDAQ100\window_005\HandCrafted_ECMADE_MOO\run_003,1.0,0.34356653653820435,0.9618367000567866,0.006354750554863594,0.9666666666666667,1.3251393855322584,0.028754485685630698
NASDAQ100,window_006,HandCrafted_ECMADE_MOO,3,60,10,753,125,0.2032654214677165,0.2022654214677165,0.4521405598059089,0.4497086114009658,0.1925356718135043,2.034736658322536,3.369924710455261,-0.0840463274676631,1.0,0.001,3.787226099986583,0.022222329446985656,-0.08404632746766316,10,9.526570048309178,10.0,207,p0_lite_outputs\p1_rolling_window_market_validation_20260719\raw_configured_ecmade\NASDAQ100\window_006\HandCrafted_ECMADE_MOO\run_003,1.0,0.7623164745340353,1.0350705689558386,0.010538341069397487,0.8666666666666667,1.3432709261580797,0.08932580780003145
NASDAQ100,window_007,HandCrafted_ECMADE_MOO,3,60,10,752,124,0.3838942341070894,0.3828942341070894,0.93534104012564,0.9325000386383404,0.1767591863910957,3.82863624558932,6.592291391342663,-0.0708224110067285,1.0,0.001,3.946104299975559,0.019918634857348978,-0.07082241100672859,10,8.443262411347519,10.0,282,p0_lite_outputs\p1_rolling_window_market_validation_20260719\raw_configured_ecmade\NASDAQ100\window_007\HandCrafted_ECMADE_MOO\run_003,1.0,0.2898754694819498,1.1639002558308735,0.0044507314435663775,0.9833333333333333,0.914946137537555,0.06744013356713402
NASDAQ100,window_008,HandCrafted_ECMADE_MOO,3,60,10,752,126,0.1169408102310509,0.1159408102310509,0.2475567735595965,0.2453238919391343,0.2604564231846903,0.9800049744999196,1.3838364059129236,-0.1292777757714039,1.0,0.001,4.6015115000191145,0.03716386170760187,-0.1292777757714042,9,8.774294670846395,10.0,319,p0_lite_outputs\p1_rolling_window_market_validation_20260719\raw_configured_ecmade\NASDAQ100\window_008\HandCrafted_ECMADE_MOO\run_003,1.0,0.22133251382128846,0.9686079967848867,0.006521563039691101,0.975,1.3085253492672408,0.05610659044199977
NASDAQ100,window_009,HandCrafted_ECMADE_MOO,3,59,10,752,122,0.2273517372519025,0.2263517372519025,0.5267647305331802,0.5241963745117164,0.3574728489098704,1.3623741986918354,1.7680226788016298,-0.2365437871241621,1.0,0.001,4.038953999988735,0.051130340660296314,-0.23654378712416213,10,9.42741935483871,10.0,248,p0_lite_outputs\p1_rolling_window_market_validation_20260719\raw_configured_ecmade\NASDAQ100\window_009\HandCrafted_ECMADE_MOO\run_003,1.0,0.4468133252636736,0.9855659106459509,0.0072526847328522204,0.975,1.3102945804467252,0.04558015571790523
NASDAQ100,window_010,HandCrafted_ECMADE_MOO,3,60,10,750,126,-0.0282671694259956,-0.0292671694259956,-0.0557353059846332,-0.0576777716457812,0.2041814505530431,-0.1782841305464515,-0.235018074301542,-0.1434804005774841,1.0000000000000002,0.001,4.069434500008356,0.030917883491310385,-0.14348040057748412,10,9.296296296296296,10.0,243,p0_lite_outputs\p1_rolling_window_market_validation_20260719\raw_configured_ecmade\NASDAQ100\window_010\HandCrafted_ECMADE_MOO\run_003,1.0000000000000002,0.46255466901643316,1.0096416139659572,0.00759372982826255,0.9833333333333333,1.349027166969839,0.06884158789031249
NASDAQ100,window_011,HandCrafted_ECMADE_MOO,3,60,10,751,123,0.1534522018805177,0.1524522018805177,0.3397494137945904,0.3373708110338891,0.2842469173260058,1.1718117534456272,1.8633088139205325,-0.1312538038617582,1.0,0.001,4.024973699997645,0.03913927325929768,-0.13125380386175822,10,9.95945945945946,10.0,222,p0_lite_outputs\p1_rolling_window_market_validation_20260719\raw_configured_ecmade\NASDAQ100\window_011\HandCrafted_ECMADE_MOO\run_003,1.0,0.6215048975627335,0.9462138628723621,0.0348167212680587,0.8333333333333334,1.0807775214384865,0.050558931775394375
NASDAQ100,window_001,HandCrafted_ECMADE_MOO,4,60,10,755,124,0.2546793012044137,0.2536793012044137,0.5857836726852759,0.5832161672229554,0.3621480969206175,1.4554035711075035,2.2768909029816315,-0.2461388949520756,1.0000000000000002,0.001,4.175807399966288,0.04514681802621456,-0.24613889495207575,10,9.419230769230769,10.0,260,p0_lite_outputs\p1_rolling_window_market_validation_20260719\raw_configured_ecmade\NASDAQ100\window_001\HandCrafted_ECMADE_MOO\run_004,1.0000000000000002,1.0,1.0400158141862164,0.007744562249840977,0.9666666666666667,1.3216689327190443,0.0537902850606591
NASDAQ100,window_002,HandCrafted_ECMADE_MOO,4,59,10,755,126,0.2144303106918361,0.2134303106918361,0.4748409795270696,0.4724131189056857,0.2508652320646944,1.675385551476618,2.6953109414144096,-0.1845127731588726,1.0000000000000002,0.001,4.839588000031654,0.0318997593333949,-0.1845127731588726,9,9.332247557003257,10.0,307,p0_lite_outputs\p1_rolling_window_market_validation_20260719\raw_configured_ecmade\NASDAQ100\window_002\HandCrafted_ECMADE_MOO\run_004,1.0000000000000002,0.3297368695065349,1.0178690309889007,0.007321100365429945,0.9666666666666667,1.3988918877403218,0.0253017077864659
NASDAQ100,window_003,HandCrafted_ECMADE_MOO,4,60,10,756,124,-0.4679856619312286,-0.4689856619312286,-0.722664482965234,-0.7237228577559647,0.5449553474772217,-2.0736605439327405,-3.747797893552816,-0.4825016606729386,1.0000000000000002,0.001,3.84671910002362,0.06988153579983349,-0.48250166067293865,9,9.717314487632509,10.0,283,p0_lite_outputs\p1_rolling_window_market_validation_20260719\raw_configured_ecmade\NASDAQ100\window_003\HandCrafted_ECMADE_MOO\run_004,1.0000000000000002,0.5726280993897321,0.9741441915128655,0.007037138270293863,0.95,1.3405939130248277,0.06758614093270486
NASDAQ100,window_004,HandCrafted_ECMADE_MOO,4,60,10,756,125,-0.1603959494559482,-0.1613959494559482,-0.2970341256337516,-0.2987210181005987,0.385842634601695,-0.7204542022328403,-1.2134630701911977,-0.322659862465388,1.0,0.001,4.032159299997147,0.0481744584991795,-0.322659862465388,9,9.180064308681672,10.0,311,p0_lite_outputs\p1_rolling_window_market_validation_20260719\raw_configured_ecmade\NASDAQ100\window_004\HandCrafted_ECMADE_MOO\run_004,1.0,0.8457549814792966,0.909173570410424,0.00582170092668694,0.9916666666666667,1.3744873188775348,0.06615760078111906
NASDAQ100,window_005,HandCrafted_ECMADE_MOO,4,60,10,755,123,0.3460597809851615,0.3450597809851615,0.8383344172401799,0.8355374564480536,0.2797331706055591,2.318909780394738,3.653256796896056,-0.1765780689406365,1.0,0.001,3.839584700006526,0.035427914910647465,-0.17657806894063655,10,9.352490421455938,10.0,261,p0_lite_outputs\p1_rolling_window_market_validation_20260719\raw_configured_ecmade\NASDAQ100\window_005\HandCrafted_ECMADE_MOO\run_004,1.0,0.34098770575850806,0.9624158811590247,0.006736030098822765,0.975,1.3586380823805737,0.028754485685630698
NASDAQ100,window_006,HandCrafted_ECMADE_MOO,4,60,10,753,125,0.2310338647290433,0.2300338647290433,0.5204926333309263,0.5180036293270198,0.1970587650723462,2.2261161259059863,3.775353980777638,-0.0758398412395712,1.0,0.001,3.991051599965431,0.022815206805226123,-0.07583984123957122,10,9.654804270462634,10.0,281,p0_lite_outputs\p1_rolling_window_market_validation_20260719\raw_configured_ecmade\NASDAQ100\window_006\HandCrafted_ECMADE_MOO\run_004,1.0,0.8370122506098353,1.039684122838569,0.008102342378052891,0.9833333333333333,1.333018294278025,0.08932580780003145
NASDAQ100,window_007,HandCrafted_ECMADE_MOO,4,60,10,752,124,0.3684815058986705,0.3674815058986705,0.8917888848593742,0.8889805508023669,0.1759382824983341,3.7159266480026223,6.759517410491463,-0.0712699639562024,1.0,0.001,3.691893900046125,0.018783806024862217,-0.07126996395620244,10,8.921686746987952,10.0,166,p0_lite_outputs\p1_rolling_window_market_validation_20260719\raw_configured_ecmade\NASDAQ100\window_007\HandCrafted_ECMADE_MOO\run_004,1.0,0.33313910378889194,1.1600381071809225,0.007354642577920417,0.975,0.8421170614896268,0.06744013356713402
NASDAQ100,window_008,HandCrafted_ECMADE_MOO,4,60,10,752,126,0.1089545729191505,0.1079545729191505,0.2297802447982955,0.2275633356524575,0.2590462362383616,0.9285806768422245,1.2995798644931735,-0.1351138586099045,1.0,0.001,3.98789879999822,0.037593855391327306,-0.13511385860990455,10,8.838129496402878,10.0,278,p0_lite_outputs\p1_rolling_window_market_validation_20260719\raw_configured_ecmade\NASDAQ100\window_008\HandCrafted_ECMADE_MOO\run_004,1.0,0.26967116915846806,0.9689498952548375,0.005531389761089625,0.9916666666666667,1.399815824685529,0.05610659044199977
NASDAQ100,window_009,HandCrafted_ECMADE_MOO,4,59,10,752,122,0.2142695456573231,0.2132695456573231,0.4933412615378028,0.490802078093614,0.3649634778585456,1.2803720273495949,1.741655404108604,-0.2364403817787477,1.0,0.001,4.023516100016423,0.05040742739624587,-0.2364403817787477,10,7.593548387096774,8.0,310,p0_lite_outputs\p1_rolling_window_market_validation_20260719\raw_configured_ecmade\NASDAQ100\window_009\HandCrafted_ECMADE_MOO\run_004,1.0,0.40751698343393894,0.9906933608049049,0.005272149099390325,0.9833333333333333,1.3320380344051423,0.04558015571790523
NASDAQ100,window_010,HandCrafted_ECMADE_MOO,4,60,10,750,126,-0.0396135006471399,-0.0406135006471399,-0.0776577718607589,-0.0795775448594646,0.1831831384541949,-0.3491745873474495,-0.4638657223238036,-0.1347331589015465,1.0,0.001,4.5864247000426985,0.028008610376586012,-0.13473315890154658,10,8.996466431095406,10.0,283,p0_lite_outputs\p1_rolling_window_market_validation_20260719\raw_configured_ecmade\NASDAQ100\window_010\HandCrafted_ECMADE_MOO\run_004,1.0,0.4591476029572822,1.0123218160329068,0.006102949397809082,0.9916666666666667,1.3558368319565455,0.06884158789031249
NASDAQ100,window_011,HandCrafted_ECMADE_MOO,4,60,10,751,123,0.0763751571465836,0.0753751571465836,0.1627504988068473,0.1605383890589626,0.2956898268281432,0.6579323967577747,1.0580524272745004,-0.1471647780642668,1.0000000000000002,0.001,4.448244899976999,0.03968582211263857,-0.14716477806426687,10,9.031347962382446,10.0,319,p0_lite_outputs\p1_rolling_window_market_validation_20260719\raw_configured_ecmade\NASDAQ100\window_011\HandCrafted_ECMADE_MOO\run_004,1.0000000000000002,0.5426138748230755,0.9737196148135888,0.007396796437035084,0.9333333333333333,1.3146351672845549,0.050558931775394375
NASDAQ100,window_001,HandCrafted_ECMADE_MOO,5,60,10,755,124,0.2006111331567748,0.1996111331567748,0.449993645840711,0.4475403165060119,0.3744243692377756,1.180306166223559,1.8406943827727655,-0.2586969493427951,1.0,0.001,3.6362328000250272,0.04793380712633979,-0.2586969493427951,10,9.393364928909953,10.0,211,p0_lite_outputs\p1_rolling_window_market_validation_20260719\raw_configured_ecmade\NASDAQ100\window_001\HandCrafted_ECMADE_MOO\run_005,1.0,1.0,1.0123469966926348,0.04425549124675324,0.8333333333333334,1.0272213215368255,0.0537902850606591
NASDAQ100,window_002,HandCrafted_ECMADE_MOO,5,59,10,755,126,0.2688761836201077,0.2678761836201077,0.6100467693583291,0.6075100169910892,0.2626951376009981,1.9460164788865184,3.1792880846651794,-0.1699316313881061,1.0,0.001,3.972237599955406,0.03291965973740201,-0.16993163138810607,10,9.74703557312253,10.0,253,p0_lite_outputs\p1_rolling_window_market_validation_20260719\raw_configured_ecmade\NASDAQ100\window_002\HandCrafted_ECMADE_MOO\run_005,1.0,0.37549594216324156,0.9938414544271122,0.030333628851691437,0.875,1.0608443708215494,0.0253017077864659
NASDAQ100,window_003,HandCrafted_ECMADE_MOO,5,60,10,756,124,-0.4563039805477501,-0.4573039805477501,-0.7101485958679898,-0.7112309905470496,0.550117260876184,-1.9691818920746984,-3.4944566531497103,-0.4687771798467597,1.0,0.001,3.819734300021082,0.07061706374766695,-0.4687771798467598,10,9.87012987012987,10.0,231,p0_lite_outputs\p1_rolling_window_market_validation_20260719\raw_configured_ecmade\NASDAQ100\window_003\HandCrafted_ECMADE_MOO\run_005,1.0,0.4457195917582372,0.9060697396731704,0.06017047048102695,0.7916666666666666,0.9022362179723157,0.06758614093270486
NASDAQ100,window_004,HandCrafted_ECMADE_MOO,5,60,10,756,125,-0.1159333632356456,-0.1169333632356456,-0.2199655876485334,-0.2217433334668811,0.3887474498259577,-0.4456376555738168,-0.7654793955780067,-0.3195508567963536,1.0,0.0009999999999999,4.232429699972272,0.04700749356825051,-0.3195508567963534,7,8.97715736040609,10.0,394,p0_lite_outputs\p1_rolling_window_market_validation_20260719\raw_configured_ecmade\NASDAQ100\window_004\HandCrafted_ECMADE_MOO\run_005,1.0,0.7721348187702121,0.9129522069182362,0.004206334170983935,0.9916666666666667,1.3558733216562229,0.06615760078111906
NASDAQ100,window_005,HandCrafted_ECMADE_MOO,5,60,10,755,123,0.3141797329664224,0.3131797329664224,0.750239850641504,0.7475123497244252,0.2663125561555937,2.237415684394798,3.365373340732518,-0.1638112195412659,1.0,0.001,4.308396200009156,0.034312321740030106,-0.16381121954126598,9,8.522522522522523,10.0,333,p0_lite_outputs\p1_rolling_window_market_validation_20260719\raw_configured_ecmade\NASDAQ100\window_005\HandCrafted_ECMADE_MOO\run_005,1.0,0.31432822000783167,0.9670088275651586,0.004783789259877451,0.9833333333333333,1.3472054166235192,0.028754485685630698
NASDAQ100,window_006,HandCrafted_ECMADE_MOO,5,60,10,753,125,0.1832764451324531,0.1822764451324531,0.4039182453230734,0.4015273550913003,0.1901623301698069,1.8798070599795969,2.9840201866476037,-0.078212404650691,1.0,0.001,4.018796999996994,0.023224609068127896,-0.07821240465069079,10,7.375350140056023,8.0,357,p0_lite_outputs\p1_rolling_window_market_validation_20260719\raw_configured_ecmade\NASDAQ100\window_006\HandCrafted_ECMADE_MOO\run_005,1.0,0.8470489877913141,1.0460197864466192,0.005271576608252182,1.0,1.4142135623730951,0.08932580780003145
NASDAQ100,window_007,HandCrafted_ECMADE_MOO,5,60,10,752,124,0.289892678932601,0.288892678932601,0.6775419917215457,0.6749000400503071,0.1622920654062374,3.271973317899902,5.878009510904207,-0.0600036491893433,1.0,0.001,3.856992600020021,0.017942886615866453,-0.06000364918934331,9,7.945762711864407,9.0,295,p0_lite_outputs\p1_rolling_window_market_validation_20260719\raw_configured_ecmade\NASDAQ100\window_007\HandCrafted_ECMADE_MOO\run_005,1.0,0.5139519373652124,1.1642672038308106,0.005118856987841115,0.975,0.8618217401349239,0.06744013356713402
NASDAQ100,window_008,HandCrafted_ECMADE_MOO,5,60,10,752,126,0.1578563716182228,0.1568563716182228,0.3406313772969163,0.3383166645536795,0.2954592151162758,1.1400107694390142,1.684270268744284,-0.1377329600228963,1.0,0.001,4.04016249999404,0.04144519151667213,-0.13773296002289637,10,8.09433962264151,8.0,318,p0_lite_outputs\p1_rolling_window_market_validation_20260719\raw_configured_ecmade\NASDAQ100\window_008\HandCrafted_ECMADE_MOO\run_005,1.0,0.324595085051311,0.9700370202004438,0.005581167151710346,0.9833333333333333,1.3207308380076581,0.05610659044199977
NASDAQ100,window_009,HandCrafted_ECMADE_MOO,5,59,10,752,122,0.228793077728342,0.227793077728342,0.530470530906938,0.5278989595227879,0.3599943268851933,1.3614063972635173,1.844734063671354,-0.2315192475119373,1.0,0.001,4.102562800049782,0.05059553191098736,-0.23151924751193753,10,8.263610315186247,9.0,349,p0_lite_outputs\p1_rolling_window_market_validation_20260719\raw_configured_ecmade\NASDAQ100\window_009\HandCrafted_ECMADE_MOO\run_005,1.0,0.4634344846043254,0.9912543700467574,0.004308106355555179,1.0,1.368745124843993,0.04558015571790523
NASDAQ100,window_010,HandCrafted_ECMADE_MOO,5,60,10,750,126,-0.0269430246672762,-0.0279430246672762,-0.053160122756331,-0.0551052367069965,0.1841111062278664,-0.2042227372957678,-0.273369282356517,-0.1267978456978566,1.0,0.001,3.976338300039061,0.02799262072287582,-0.12679784569785646,10,8.60797342192691,10.0,301,p0_lite_outputs\p1_rolling_window_market_validation_20260719\raw_configured_ecmade\NASDAQ100\window_010\HandCrafted_ECMADE_MOO\run_005,1.0,0.4296524047792219,1.0138120090204987,0.0048896650578045455,1.0,1.3669904144468235,0.06884158789031249
NASDAQ100,window_011,HandCrafted_ECMADE_MOO,5,60,10,751,123,0.1496595518144021,0.1486595518144021,0.3307396637585473,0.328369266461096,0.3225832388216885,1.0478726837577343,1.6462340536357298,-0.1440545075780657,1.0,0.001,4.509886800020468,0.043921457265845905,-0.1440545075780657,10,9.167741935483871,10.0,310,p0_lite_outputs\p1_rolling_window_market_validation_20260719\raw_configured_ecmade\NASDAQ100\window_011\HandCrafted_ECMADE_MOO\run_005,1.0,0.5816870011955912,0.9755678934386675,0.0051525155404442465,0.9833333333333333,1.383881378680512,0.050558931775394375
NASDAQ100,window_001,HandCrafted_ECMADE_MOO,6,60,10,755,124,0.2416884752299286,0.2406884752299286,0.5525942255081773,0.5500541676215112,0.3888760732749888,1.326727984314732,2.0772912677710256,-0.2722380495899272,1.0000000000000002,0.001,4.127970699977595,0.04890736281917659,-0.27223804958992726,10,8.297058823529412,10.0,340,p0_lite_outputs\p1_rolling_window_market_validation_20260719\raw_configured_ecmade\NASDAQ100\window_001\HandCrafted_ECMADE_MOO\run_006,1.0000000000000002,1.0,1.0425764240190287,0.0076692409764580385,0.925,1.3032336615279738,0.0537902850606591
NASDAQ100,window_002,HandCrafted_ECMADE_MOO,6,59,10,755,126,0.2333176694011287,0.2323176694011287,0.5210724736570318,0.5186068383182298,0.2562203370041728,1.766334780819981,2.8604269424409865,-0.1610221190008621,1.0000000000000002,0.001,4.417582000023685,0.03197895521489244,-0.16102211900086216,10,9.123287671232877,10.0,292,p0_lite_outputs\p1_rolling_window_market_validation_20260719\raw_configured_ecmade\NASDAQ100\window_002\HandCrafted_ECMADE_MOO\run_006,1.0000000000000002,0.43091740498646086,1.015605062670025,0.012368766590630152,0.9333333333333333,1.2021547866338056,0.0253017077864659
NASDAQ100,window_003,HandCrafted_ECMADE_MOO,6,60,10,756,124,-0.4477369594915446,-0.4487369594915446,-0.7007913893251614,-0.701891410139079,0.556176008375333,-1.8847055886712205,-3.2836420221829075,-0.4674238904713019,1.0,0.001,4.058485499990638,0.07180819316019695,-0.46742389047130195,10,9.82716049382716,10.0,243,p0_lite_outputs\p1_rolling_window_market_validation_20260719\raw_configured_ecmade\NASDAQ100\window_003\HandCrafted_ECMADE_MOO\run_006,1.0,0.4620081556835177,0.9397034228214965,0.032179397854060585,0.8416666666666667,1.0734176969842257,0.06758614093270486
NASDAQ100,window_004,HandCrafted_ECMADE_MOO,6,60,10,756,125,-0.1363252878671319,-0.1373252878671319,-0.2558131166979328,-0.2575491850340485,0.3793238831906097,-0.5900376924730856,-1.0321487278388506,-0.3443521096748739,1.0,0.001,3.897491000010632,0.04641650727100073,-0.34435210967487395,9,9.696629213483146,10.0,267,p0_lite_outputs\p1_rolling_window_market_validation_20260719\raw_configured_ecmade\NASDAQ100\window_004\HandCrafted_ECMADE_MOO\run_006,1.0,0.7478480238217617,0.888485337838247,0.018342524689499054,0.8916666666666667,1.1651532228342927,0.06615760078111906
NASDAQ100,window_005,HandCrafted_ECMADE_MOO,6,60,10,755,123,0.3840954505359044,0.3830954505359044,0.9463378601924046,0.9434579227839086,0.2682257264956627,2.6200059880633693,4.212004147787924,-0.145366979633009,1.0,0.001,3.9185580000048494,0.03325151379506165,-0.1453669796330087,10,9.18007662835249,10.0,261,p0_lite_outputs\p1_rolling_window_market_validation_20260719\raw_configured_ecmade\NASDAQ100\window_005\HandCrafted_ECMADE_MOO\run_006,1.0,0.3090374901064538,0.9618058871300584,0.007782586714248699,0.9916666666666667,1.3682334891464316,0.028754485685630698
NASDAQ100,window_006,HandCrafted_ECMADE_MOO,6,60,10,753,125,0.2375118394150537,0.2365118394150537,0.5366661156480799,0.5341637984202228,0.2102028715258048,2.1500754129971567,3.764571817572134,-0.085961775087906,1.0,0.001,4.040320299973246,0.0238244640712147,-0.08596177508790603,10,9.090196078431372,10.0,255,p0_lite_outputs\p1_rolling_window_market_validation_20260719\raw_configured_ecmade\NASDAQ100\window_006\HandCrafted_ECMADE_MOO\run_006,1.0,0.851259097787328,1.0407843843143123,0.007395371017022126,0.9833333333333333,1.3679539828873122,0.08932580780003145
NASDAQ100,window_007,HandCrafted_ECMADE_MOO,6,60,10,752,124,0.3427076392585053,0.3417076392585053,0.8200836728570993,0.817329940177238,0.1794808565445464,3.4303940939957336,5.8941157299345095,-0.0668344786478296,1.0,0.001,3.6213635000167415,0.02047185121893668,-0.06683447864782965,10,9.731182795698924,10.0,186,p0_lite_outputs\p1_rolling_window_market_validation_20260719\raw_configured_ecmade\NASDAQ100\window_007\HandCrafted_ECMADE_MOO\run_006,1.0,0.3201597510057937,1.1492224074667046,0.006210521011881538,0.95,0.9729798172263283,0.06744013356713402
NASDAQ100,window_008,HandCrafted_ECMADE_MOO,6,60,10,752,126,0.1421729564219911,0.1411729564219911,0.3045590623817515,0.3022757164689074,0.268885467816628,1.123758967866031,1.6159109688472255,-0.1300124503489812,1.0,0.001,4.066113399981987,0.038406890106951086,-0.13001245034898123,10,9.217261904761905,10.0,336,p0_lite_outputs\p1_rolling_window_market_validation_20260719\raw_configured_ecmade\NASDAQ100\window_008\HandCrafted_ECMADE_MOO\run_006,1.0,0.29466260385897225,0.9688350730441833,0.00628835362695613,0.9833333333333333,1.324564454292298,0.05610659044199977
NASDAQ100,window_009,HandCrafted_ECMADE_MOO,6,59,10,752,122,0.228772995663766,0.227772995663766,0.5304188664934628,0.5278473399103656,0.3801328419100726,1.3087268193425206,1.755574148747869,-0.2419435445710133,1.0000000000000002,0.001,4.025525200006086,0.05309537349728523,-0.2419435445710133,10,7.453674121405751,8.0,313,p0_lite_outputs\p1_rolling_window_market_validation_20260719\raw_configured_ecmade\NASDAQ100\window_009\HandCrafted_ECMADE_MOO\run_006,1.0000000000000002,0.39705098643827746,0.990498668964801,0.005231403979506068,0.9583333333333334,1.317745522980831,0.04558015571790523
NASDAQ100,window_010,HandCrafted_ECMADE_MOO,6,60,10,750,126,-0.1007930644079292,-0.1017930644079292,-0.1914268869831175,-0.1932243008543016,0.1921681627346504,-1.008681146853966,-1.3817099211924055,-0.1534308019563453,1.0,0.001,4.290135299961548,0.02878897561915489,-0.1534308019563453,10,9.46215139442231,10.0,251,p0_lite_outputs\p1_rolling_window_market_validation_20260719\raw_configured_ecmade\NASDAQ100\window_010\HandCrafted_ECMADE_MOO\run_006,1.0,0.5033747304603058,1.0007587750589528,0.020984358227023322,0.85,1.2003269048853444,0.06884158789031249
NASDAQ100,window_011,HandCrafted_ECMADE_MOO,6,60,10,751,123,0.1295878945244097,0.1285878945244097,0.2835758100546088,0.2812488160376913,0.2911516444968907,1.0036705199863334,1.58896532926865,-0.1408279486289936,1.0,0.001,3.904446600005031,0.04031707010976498,-0.14082794862899362,10,9.526515151515152,10.0,264,p0_lite_outputs\p1_rolling_window_market_validation_20260719\raw_configured_ecmade\NASDAQ100\window_011\HandCrafted_ECMADE_MOO\run_006,1.0,0.7012693390127791,0.9678152299178184,0.009258260983253124,0.875,1.338577376990435,0.050558931775394375
NASDAQ100,window_001,HandCrafted_ECMADE_MOO,7,60,10,755,124,0.2282274570522564,0.2272274570522564,0.5185796123916644,0.5160679857469928,0.3603158318581646,1.3404639016331663,2.0595437226210884,-0.2320026994182783,1.0000000000000002,0.001,4.05790519999573,0.04546656238834881,-0.23200269941827834,10,9.508771929824562,10.0,285,p0_lite_outputs\p1_rolling_window_market_validation_20260719\raw_configured_ecmade\NASDAQ100\window_001\HandCrafted_ECMADE_MOO\run_007,1.0000000000000002,1.0,1.032753622220105,0.02213076746192878,0.8666666666666667,1.0868165546200066,0.0537902850606591
NASDAQ100,window_002,HandCrafted_ECMADE_MOO,7,59,10,755,126,0.243097415124682,0.242097415124682,0.5452911834896661,0.5428059886594165,0.2508968358241953,1.8615855106556125,2.999295011872595,-0.1652843389924413,1.0,0.001,3.9356250999844633,0.03137081375865409,-0.16528433899244133,9,9.022292993630574,10.0,314,p0_lite_outputs\p1_rolling_window_market_validation_20260719\raw_configured_ecmade\NASDAQ100\window_002\HandCrafted_ECMADE_MOO\run_007,1.0,0.4282901661067146,1.0096794473041362,0.02001208236795694,0.925,1.1135817595088855,0.0253017077864659
NASDAQ100,window_003,HandCrafted_ECMADE_MOO,7,60,10,756,124,-0.4608293057080833,-0.4618293057080833,-0.71503037778221,-0.7161034654846447,0.5400841212416524,-2.0472507651788963,-3.627144075044667,-0.475628248164477,1.0000000000000002,0.001,3.938247600046452,0.06971116593133622,-0.475628248164477,10,9.941780821917808,10.0,292,p0_lite_outputs\p1_rolling_window_market_validation_20260719\raw_configured_ecmade\NASDAQ100\window_003\HandCrafted_ECMADE_MOO\run_007,1.0000000000000002,0.3976787496500104,0.922789378738417,0.04671254607722439,0.75,0.936137688694554,0.06758614093270486
NASDAQ100,window_004,HandCrafted_ECMADE_MOO,7,60,10,756,125,-0.1113477019799092,-0.1123477019799092,-0.2117872666645202,-0.213574386894836,0.3933255652975863,-0.4093363963498642,-0.7001784733199844,-0.3264943861055793,1.0,0.001,4.343643500003964,0.04805771964286322,-0.32649438610557946,7,8.746511627906976,9.0,430,p0_lite_outputs\p1_rolling_window_market_validation_20260719\raw_configured_ecmade\NASDAQ100\window_004\HandCrafted_ECMADE_MOO\run_007,1.0,0.8254218117367644,0.9142547457383042,0.003828019793833283,0.9916666666666667,1.3647388281666686,0.06615760078111906
NASDAQ100,window_005,HandCrafted_ECMADE_MOO,7,60,10,755,123,0.3507618695961747,0.3497618695961747,0.8515152021159711,0.8487079896268512,0.2750946638041995,2.37949309548888,3.667893319273272,-0.1664962123414461,1.0,0.001,3.851252300024498,0.035290586981702336,-0.16649621234144618,10,9.347490347490348,10.0,259,p0_lite_outputs\p1_rolling_window_market_validation_20260719\raw_configured_ecmade\NASDAQ100\window_005\HandCrafted_ECMADE_MOO\run_007,1.0,0.24890224897500343,0.9627252351863901,0.005688485187926081,0.9833333333333333,1.3725519072757424,0.028754485685630698
NASDAQ100,window_006,HandCrafted_ECMADE_MOO,7,60,10,753,125,0.2084322545002652,0.2074322545002652,0.4647387603024489,0.4622961972283643,0.19386588756676,2.0666367092752425,3.764375554677324,-0.0738204442916196,1.0,0.001,4.349165799969342,0.021021565374098137,-0.0738204442916196,10,7.774869109947644,8.0,382,p0_lite_outputs\p1_rolling_window_market_validation_20260719\raw_configured_ecmade\NASDAQ100\window_006\HandCrafted_ECMADE_MOO\run_007,1.0,0.7779373049449742,1.0471195797304444,0.0047101923521770455,0.9916666666666667,1.3757817582361411,0.08932580780003145
NASDAQ100,window_007,HandCrafted_ECMADE_MOO,7,60,10,752,124,0.4312384252224601,0.4302384252224601,1.0722728745281969,1.0693314536593967,0.1771287936672423,4.207955592107037,7.48894369717405,-0.0734171192961977,1.0,0.001,3.808704699971713,0.01927299388208668,-0.07341711929619776,10,9.879581151832461,10.0,191,p0_lite_outputs\p1_rolling_window_market_validation_20260719\raw_configured_ecmade\NASDAQ100\window_007\HandCrafted_ECMADE_MOO\run_007,1.0,0.3199065650313551,1.064612725352178,0.04430316320614027,0.625,0.7557220462298734,0.06744013356713402
NASDAQ100,window_008,HandCrafted_ECMADE_MOO,7,60,10,752,126,0.1230804814052539,0.1220804814052539,0.261309767713457,0.2590646067506461,0.2698030731553406,0.995687458000249,1.429023179539639,-0.1300913720677424,1.0000000000000002,0.001,3.96976209996501,0.03831224404921979,-0.13009137206774246,10,8.907801418439716,10.0,282,p0_lite_outputs\p1_rolling_window_market_validation_20260719\raw_configured_ecmade\NASDAQ100\window_008\HandCrafted_ECMADE_MOO\run_007,1.0000000000000002,0.19914538253141578,0.9678865829205568,0.00863561780597976,0.9583333333333334,1.2690061824429133,0.05610659044199977
NASDAQ100,window_009,HandCrafted_ECMADE_MOO,7,59,10,752,122,0.244688302373244,0.243688302373244,0.571645880754104,0.5690388337281624,0.3600632715689371,1.4353555509550666,1.9160541250337704,-0.2338075749927834,1.0,0.001,4.384607599989977,0.05047132010208306,-0.23380757499278348,10,9.796610169491526,10.0,236,p0_lite_outputs\p1_rolling_window_market_validation_20260719\raw_configured_ecmade\NASDAQ100\window_009\HandCrafted_ECMADE_MOO\run_007,1.0,0.49568180721502664,0.9520258779094715,0.05118928428348373,0.75,1.022767462284736,0.04558015571790523
NASDAQ100,window_010,HandCrafted_ECMADE_MOO,7,60,10,750,126,-0.0306868663745316,-0.0316868663745316,-0.0604320489811749,-0.0623696752484258,0.19005359669731,-0.232567896165324,-0.3151227234791292,-0.134135732902493,1.0000000000000002,0.001,4.236806700006127,0.027634199333364286,-0.13413573290249303,10,8.482558139534884,10.0,344,p0_lite_outputs\p1_rolling_window_market_validation_20260719\raw_configured_ecmade\NASDAQ100\window_010\HandCrafted_ECMADE_MOO\run_007,1.0000000000000002,0.3841940827771253,1.0151897688821852,0.004937277047947377,0.975,1.356068941538258,0.06884158789031249
NASDAQ100,window_011,HandCrafted_ECMADE_MOO,7,60,10,751,123,0.1589057366166768,0.1579057366166768,0.3527592848578884,0.3503688809745831,0.3163487685546304,1.114033796150949,1.7252239589600598,-0.1367163067517234,1.0,0.001,3.957080300024245,0.04381423564940706,-0.13671630675172342,10,9.991836734693878,10.0,245,p0_lite_outputs\p1_rolling_window_market_validation_20260719\raw_configured_ecmade\NASDAQ100\window_011\HandCrafted_ECMADE_MOO\run_007,1.0,0.5863721724378713,0.8983551169903217,0.07566610718368988,0.7166666666666667,0.8945392279696429,0.050558931775394375
NASDAQ100,window_001,HandCrafted_ECMADE_MOO,8,60,10,755,124,0.2403826400997835,0.2393826400997835,0.5492777505165738,0.5467404511435696,0.3928876865625468,1.311572177052612,2.076002148423869,-0.2675298578144925,1.0,0.001,3.8243299999739975,0.048861180190356145,-0.2675298578144929,10,9.553359683794467,10.0,253,p0_lite_outputs\p1_rolling_window_market_validation_20260719\raw_configured_ecmade\NASDAQ100\window_001\HandCrafted_ECMADE_MOO\run_008,1.0,1.0,1.0301303945289435,0.027945402599036225,0.8833333333333333,1.0608851964052302,0.0537902850606591
NASDAQ100,window_002,HandCrafted_ECMADE_MOO,8,59,10,755,126,0.2431876334731912,0.2421876334731912,0.5455154920206737,0.543030116753727,0.2487169383213713,1.8761799703828932,3.118653874910577,-0.1649356567854455,1.0000000000000002,0.001,3.864534499996808,0.030669200232751416,-0.16493565678544553,10,9.518691588785046,10.0,214,p0_lite_outputs\p1_rolling_window_market_validation_20260719\raw_configured_ecmade\NASDAQ100\window_002\HandCrafted_ECMADE_MOO\run_008,1.0000000000000002,0.38324475676584474,1.0077833414032098,0.015079158045230636,0.9083333333333333,1.1769437294421856,0.0253017077864659
NASDAQ100,window_003,HandCrafted_ECMADE_MOO,8,60,10,756,124,-0.4733083534932475,-0.4743083534932475,-0.7282742412654984,-0.7293216771549522,0.5714632590052448,-1.987400198292028,-3.519448958014784,-0.4823526093841895,1.0,0.001,4.085112700005993,0.07065806205664153,-0.48235260938418956,10,9.032786885245901,10.0,305,p0_lite_outputs\p1_rolling_window_market_validation_20260719\raw_configured_ecmade\NASDAQ100\window_003\HandCrafted_ECMADE_MOO\run_008,1.0,0.42135003479177147,0.9739323240327805,0.008937335547873118,1.0,1.3881294406974838,0.06758614093270486
NASDAQ100,window_004,HandCrafted_ECMADE_MOO,8,60,10,756,125,-0.1229900764801406,-0.1239900764801406,-0.2324669467204937,-0.234230268107132,0.3811643345645216,-0.5038329208897163,-0.8383046305752634,-0.3147375605177056,1.0,0.001,4.577146399999037,0.047573907261716605,-0.31473756051770574,10,8.98669623059867,10.0,451,p0_lite_outputs\p1_rolling_window_market_validation_20260719\raw_configured_ecmade\NASDAQ100\window_004\HandCrafted_ECMADE_MOO\run_008,1.0,0.8017293794138163,0.9112587849411582,0.005270698076926354,0.975,1.3428215136880561,0.06615760078111906
NASDAQ100,window_005,HandCrafted_ECMADE_MOO,8,60,10,755,123,0.3453125246636239,0.3443125246636239,0.8362441647402421,0.8334488329879086,0.2840282880996875,2.284225703057614,3.4858119340929368,-0.1738912833362436,1.0,0.001,3.8848696000059135,0.03676100378080284,-0.1738912833362436,10,9.496621621621621,10.0,296,p0_lite_outputs\p1_rolling_window_market_validation_20260719\raw_configured_ecmade\NASDAQ100\window_005\HandCrafted_ECMADE_MOO\run_008,1.0,0.2603743802829206,0.9636275741745465,0.006706859889363695,0.9666666666666667,1.294975662235017,0.028754485685630698
NASDAQ100,window_006,HandCrafted_ECMADE_MOO,8,60,10,753,125,0.2157843807271255,0.2147843807271255,0.4827598723798227,0.4803022039493696,0.1974214699188987,2.094934247694854,3.5982770664342163,-0.0772590296499555,1.0,0.001,4.028688799997326,0.022096297005304116,-0.07725902964995557,10,8.210526315789474,10.0,285,p0_lite_outputs\p1_rolling_window_market_validation_20260719\raw_configured_ecmade\NASDAQ100\window_006\HandCrafted_ECMADE_MOO\run_008,1.0,0.862921590893681,1.045173241580409,0.005680442852292355,0.9916666666666667,1.3537055129504636,0.08932580780003145
NASDAQ100,window_007,HandCrafted_ECMADE_MOO,8,60,10,752,124,0.3635341154599869,0.3625341154599869,0.8779156515796251,0.8751178010551319,0.1787206440037817,3.6195122519498586,6.777158281691063,-0.0730806783276206,1.0,0.001,4.090731500007678,0.01907534843240961,-0.07308067832762066,10,9.169724770642201,10.0,218,p0_lite_outputs\p1_rolling_window_market_validation_20260719\raw_configured_ecmade\NASDAQ100\window_007\HandCrafted_ECMADE_MOO\run_008,1.0,0.3629953168460022,1.1596931859647488,0.004728529049252824,1.0,1.015371698985312,0.06744013356713402
NASDAQ100,window_008,HandCrafted_ECMADE_MOO,8,60,10,752,126,0.1480296401803591,0.1470296401803591,0.3179720547326448,0.3156769954522844,0.2774484909367389,1.1344107653590376,1.6254952078829596,-0.1347480530942367,1.0,0.001,3.7620157000492327,0.03952980356191122,-0.13474805309423676,10,9.210280373831775,10.0,214,p0_lite_outputs\p1_rolling_window_market_validation_20260719\raw_configured_ecmade\NASDAQ100\window_008\HandCrafted_ECMADE_MOO\run_008,1.0,0.3111641155377149,0.9667748928025165,0.007030011617200878,1.0,1.390426764943147,0.05610659044199977
NASDAQ100,window_009,HandCrafted_ECMADE_MOO,8,59,10,752,122,0.2054495196791637,0.2044495196791637,0.4710224618206593,0.4685029349360581,0.3632225831110943,1.243113891148644,1.6656565415108997,-0.232402254001844,1.0,0.001,4.124817200005055,0.0512053594728797,-0.232402254001844,10,9.085714285714285,10.0,280,p0_lite_outputs\p1_rolling_window_market_validation_20260719\raw_configured_ecmade\NASDAQ100\window_009\HandCrafted_ECMADE_MOO\run_008,1.0,0.3696814989533668,0.9864248846509971,0.0069328521267001285,0.9916666666666667,1.3417630979259254,0.04558015571790523
NASDAQ100,window_010,HandCrafted_ECMADE_MOO,8,60,10,750,126,-0.0242137496172879,-0.0252137496172879,-0.0478411935640471,-0.0497917660648126,0.1795874869272061,-0.1828551453871181,-0.2491379466321939,-0.1285838606642479,1.0,0.001,3.7909947999869473,0.025933605636092084,-0.12858386066424798,10,9.076923076923077,10.0,247,p0_lite_outputs\p1_rolling_window_market_validation_20260719\raw_configured_ecmade\NASDAQ100\window_010\HandCrafted_ECMADE_MOO\run_008,1.0,0.4350519573660117,1.009351215934662,0.007871677115282562,0.925,1.3788124272353575,0.06884158789031249
NASDAQ100,window_011,HandCrafted_ECMADE_MOO,8,60,10,751,123,0.0827986366620763,0.0817986366620763,0.177011359339495,0.1747853959850547,0.3006370973271917,0.6927439617653478,1.11130476163529,-0.1511374561099878,1.0,0.001,4.133433899958618,0.040820618842191514,-0.15113745610998786,10,9.27364864864865,10.0,296,p0_lite_outputs\p1_rolling_window_market_validation_20260719\raw_configured_ecmade\NASDAQ100\window_011\HandCrafted_ECMADE_MOO\run_008,1.0,0.5925617068118312,0.9605216880956363,0.023185360731747477,0.85,1.1488776961841902,0.050558931775394375
NASDAQ100,window_001,HandCrafted_ECMADE_MOO,9,60,10,755,124,0.2531007892960086,0.2521007892960086,0.5817317996022893,0.579167629779205,0.3641260726969202,1.4424292132364311,2.2366662774630863,-0.2395737879660492,1.0,0.001,3.815540999989025,0.04553506537638553,-0.23957378796604922,10,9.738955823293173,10.0,249,p0_lite_outputs\p1_rolling_window_market_validation_20260719\raw_configured_ecmade\NASDAQ100\window_001\HandCrafted_ECMADE_MOO\run_009,1.0,1.0,0.9802842791112356,0.04781271837711796,0.7166666666666667,0.9330332540358213,0.0537902850606591
NASDAQ100,window_002,HandCrafted_ECMADE_MOO,9,59,10,755,126,0.2099061609216155,0.2089061609216155,0.4638729182360821,0.4614541059142387,0.2655370149426542,1.568978306299902,2.567040094006191,-0.1804207609414743,1.0,0.001,4.302986500028055,0.033161328013985254,-0.1804207609414743,10,9.76923076923077,10.0,260,p0_lite_outputs\p1_rolling_window_market_validation_20260719\raw_configured_ecmade\NASDAQ100\window_002\HandCrafted_ECMADE_MOO\run_009,1.0,0.3859408762487762,0.9987211384144837,0.02026774039644235,0.85,1.088342274092527,0.0253017077864659
NASDAQ100,window_003,HandCrafted_ECMADE_MOO,9,60,10,756,124,-0.4569129617914395,-0.4579129617914395,-0.7108079988253218,-0.7118891409014863,0.5304947021518788,-2.066630877930366,-3.6568501066668975,-0.4723130150108146,1.0,0.0009999999999999,4.8436089000315405,0.06704967183016038,-0.4723130150108146,10,8.706959706959706,10.0,273,p0_lite_outputs\p1_rolling_window_market_validation_20260719\raw_configured_ecmade\NASDAQ100\window_003\HandCrafted_ECMADE_MOO\run_009,1.0,0.46535283673451594,0.9820963350049496,0.00442480750628699,1.0,1.4079551913397683,0.06758614093270486
NASDAQ100,window_004,HandCrafted_ECMADE_MOO,9,60,10,756,125,-0.1146761997663448,-0.1156761997663448,-0.2177277701777762,-0.2195080859229522,0.3946882553640316,-0.4253235839110986,-0.7274710943893973,-0.3271016789670681,1.0,0.0009999999999999,4.5951560999965295,0.04830638839254952,-0.327101678967068,10,9.71947194719472,10.0,303,p0_lite_outputs\p1_rolling_window_market_validation_20260719\raw_configured_ecmade\NASDAQ100\window_004\HandCrafted_ECMADE_MOO\run_009,1.0,0.8300060041945647,0.9070220301684284,0.006703683698860088,0.9916666666666667,1.3532530389363449,0.06615760078111906
NASDAQ100,window_005,HandCrafted_ECMADE_MOO,9,60,10,755,123,0.3569117519394993,0.3559117519394993,0.8688271702147385,0.8660065468584435,0.2866187906252213,2.32773346334982,3.551198179227144,-0.1634842879585833,1.0,0.001,4.069852099986747,0.0370161940513391,-0.16348428795858339,9,7.833766233766234,8.0,385,p0_lite_outputs\p1_rolling_window_market_validation_20260719\raw_configured_ecmade\NASDAQ100\window_005\HandCrafted_ECMADE_MOO\run_009,1.0,0.21777386735663457,0.9674360594639758,0.004462649438074954,0.9916666666666667,1.3518164419983139,0.028754485685630698
NASDAQ100,window_006,HandCrafted_ECMADE_MOO,9,60,10,753,125,0.2104192197212007,0.2094192197212007,0.4695981448426036,0.4671514995815304,0.2006466038316466,2.019981492915849,3.697274066111598,-0.0797896621512654,1.0,0.001,3.75352379999822,0.02150145093048932,-0.07978966215126548,9,9.408376963350785,10.0,191,p0_lite_outputs\p1_rolling_window_market_validation_20260719\raw_configured_ecmade\NASDAQ100\window_006\HandCrafted_ECMADE_MOO\run_009,1.0,0.8019462204545387,1.030570049649516,0.013706064122885223,0.7666666666666667,1.3497527826379376,0.08932580780003145
NASDAQ100,window_007,HandCrafted_ECMADE_MOO,9,60,10,752,124,0.3512369392578236,0.3502369392578236,0.84365715783761,0.8408853597334647,0.1757414232116657,3.5729187008836023,6.384629791995124,-0.0713671450714137,1.0,0.001,3.7223127000033855,0.01925894425665996,-0.07136714507141373,10,7.844897959183673,9.0,245,p0_lite_outputs\p1_rolling_window_market_validation_20260719\raw_configured_ecmade\NASDAQ100\window_007\HandCrafted_ECMADE_MOO\run_009,1.0,0.28190234848118545,1.1640871278140024,0.004724780042057697,0.975,0.9283706604624732,0.06744013356713402
NASDAQ100,window_008,HandCrafted_ECMADE_MOO,9,60,10,752,126,0.1315054237201489,0.1305054237201489,0.2803045239081139,0.2780425130606738,0.2904673628846876,0.9962083708623032,1.4654897161234388,-0.140787813060726,1.0,0.001,3.945522299967706,0.04085236796599023,-0.14078781306072607,8,9.123931623931623,10.0,234,p0_lite_outputs\p1_rolling_window_market_validation_20260719\raw_configured_ecmade\NASDAQ100\window_008\HandCrafted_ECMADE_MOO\run_009,1.0,0.25298083780794256,0.9671503397048556,0.0060751649192588835,0.9916666666666667,1.3531140282582441,0.05610659044199977
NASDAQ100,window_009,HandCrafted_ECMADE_MOO,9,59,10,752,122,0.2360911076562692,0.2350911076562692,0.5493054960284511,0.5467176403036318,0.3855901744271549,1.3271994949171595,1.8135672380453547,-0.2407266601351354,1.0,0.0009999999999999,4.1508699000114575,0.053458986538474584,-0.24072666013513544,10,9.369098712446352,10.0,233,p0_lite_outputs\p1_rolling_window_market_validation_20260719\raw_configured_ecmade\NASDAQ100\window_009\HandCrafted_ECMADE_MOO\run_009,1.0,0.48740863822611014,0.9833707317292822,0.007699301994798434,0.9583333333333334,1.3033136639127754,0.04558015571790523
NASDAQ100,window_010,HandCrafted_ECMADE_MOO,9,60,10,750,126,-0.0137890154904795,-0.0147890154904795,-0.0273878940327623,-0.0293593160017813,0.1852678099481486,-0.0568799622760928,-0.0766780387387766,-0.134428313580053,1.0,0.001,3.911365799955093,0.027843698857224507,-0.13442831358005303,10,9.118518518518519,10.0,270,p0_lite_outputs\p1_rolling_window_market_validation_20260719\raw_configured_ecmade\NASDAQ100\window_010\HandCrafted_ECMADE_MOO\run_009,1.0,0.4665821842583964,1.0122322365886451,0.006351528081960432,0.9583333333333334,1.3491439824332938,0.06884158789031249
NASDAQ100,window_011,HandCrafted_ECMADE_MOO,9,60,10,751,123,0.1150463563528956,0.1140463563528956,0.249950508702532,0.2476549360802191,0.2943322251021501,0.9058637756085506,1.3999546576447983,-0.1519270741441156,1.0,0.0009999999999999,3.859719900006894,0.04139791189729079,-0.15192707414411566,10,9.432,10.0,250,p0_lite_outputs\p1_rolling_window_market_validation_20260719\raw_configured_ecmade\NASDAQ100\window_011\HandCrafted_ECMADE_MOO\run_009,1.0,0.5675983273015656,0.9651392809347592,0.016364728426509587,0.9083333333333333,1.2210236874846556,0.050558931775394375
NASDAQ100,window_001,HandCrafted_ECMADE_MOO,10,60,10,755,124,0.2394152647800211,0.2384152647800211,0.5468231963901666,0.5442879404903944,0.4092145332882878,1.271310297542413,2.036857504843557,-0.2816834328850164,1.0,0.001,3.9737527999677695,0.05021799521262159,-0.2816834328850164,10,8.621848739495798,10.0,238,p0_lite_outputs\p1_rolling_window_market_validation_20260719\raw_configured_ecmade\NASDAQ100\window_001\HandCrafted_ECMADE_MOO\run_010,1.0,1.0,1.0423756978653187,0.006554408063588354,0.9583333333333334,1.3333786161245493,0.0537902850606591
NASDAQ100,window_002,HandCrafted_ECMADE_MOO,10,59,10,755,126,0.2459887687422475,0.2449887687422475,0.5524880118318218,0.5499970342943372,0.2809846076331504,1.707359334551247,2.711851743508615,-0.178955417255067,1.0,0.001,4.035090899968054,0.03608339258119185,-0.17895541725506692,9,9.239864864864865,10.0,296,p0_lite_outputs\p1_rolling_window_market_validation_20260719\raw_configured_ecmade\NASDAQ100\window_002\HandCrafted_ECMADE_MOO\run_010,1.0,0.2996982736473413,0.9774978669522777,0.04263503487378943,0.8166666666666667,0.9812606788468338,0.0253017077864659
NASDAQ100,window_003,HandCrafted_ECMADE_MOO,10,60,10,756,124,-0.4589464343608815,-0.4599464343608815,-0.7130043103771544,-0.714081270167886,0.5404600731074484,-2.032575745292854,-3.625192591679749,-0.4733005865482262,1.0,0.001,4.092104899988044,0.0688343294876161,-0.47330058654822627,10,8.953890489913544,10.0,347,p0_lite_outputs\p1_rolling_window_market_validation_20260719\raw_configured_ecmade\NASDAQ100\window_003\HandCrafted_ECMADE_MOO\run_010,1.0,0.4299075116432215,0.982320261934033,0.004578576171202677,0.9916666666666667,1.3824036737311065,0.06758614093270486
NASDAQ100,window_004,HandCrafted_ECMADE_MOO,10,60,10,756,125,-0.1469372409471638,-0.1479372409471638,-0.2741319819031468,-0.2758463674950622,0.3797754317304119,-0.6537379996263102,-1.092202127486653,-0.3186973288454586,1.0,0.001,4.420567900000606,0.04780406236014273,-0.31869732884545865,9,9.218009478672986,10.0,422,p0_lite_outputs\p1_rolling_window_market_validation_20260719\raw_configured_ecmade\NASDAQ100\window_004\HandCrafted_ECMADE_MOO\run_010,1.0,0.8155443012594763,0.9135616211492934,0.004085048050929556,1.0,1.3640051549987848,0.06615760078111906
NASDAQ100,window_005,HandCrafted_ECMADE_MOO,10,60,10,755,123,0.2953165317836874,0.2943165317836874,0.6991572321123636,0.6964707915386408,0.2709351837919828,2.09417003117559,3.2279609217767167,-0.1615656610680634,1.0,0.001,3.8200734999845736,0.035017057455754466,-0.16156566106806347,9,9.482142857142858,10.0,280,p0_lite_outputs\p1_rolling_window_market_validation_20260719\raw_configured_ecmade\NASDAQ100\window_005\HandCrafted_ECMADE_MOO\run_010,1.0,0.33318958924684305,0.9639038385577623,0.006563279800825073,0.975,1.3159805259972732,0.028754485685630698
NASDAQ100,window_006,HandCrafted_ECMADE_MOO,10,60,10,753,125,0.2476512505211356,0.2466512505211356,0.5621542106315429,0.5596310531332505,0.1925470950784534,2.414460019978812,4.369389273570056,-0.0740431253832275,1.0,0.001,4.3972519999952056,0.021101101259201116,-0.07404312538322755,10,9.123076923076923,10.0,260,p0_lite_outputs\p1_rolling_window_market_validation_20260719\raw_configured_ecmade\NASDAQ100\window_006\HandCrafted_ECMADE_MOO\run_010,1.0,0.8733947216719143,1.0416125783947021,0.007105469958769204,0.9916666666666667,1.3391796093694768,0.08932580780003145
NASDAQ100,window_007,HandCrafted_ECMADE_MOO,10,60,10,752,124,0.3110092541614062,0.3100092541614062,0.7338249519457785,0.7311383251740311,0.1844691556737832,3.078670855236392,5.453102937529204,-0.0676046724056975,1.0,0.001,3.862305400019977,0.020645664513765143,-0.06760467240569756,10,8.0,10.0,216,p0_lite_outputs\p1_rolling_window_market_validation_20260719\raw_configured_ecmade\NASDAQ100\window_007\HandCrafted_ECMADE_MOO\run_010,1.0,0.2434607154556099,1.16442754152963,0.002927825205623087,1.0,1.0161864242410512,0.06744013356713402
NASDAQ100,window_008,HandCrafted_ECMADE_MOO,10,60,10,752,126,0.1467364178346162,0.1457364178346162,0.3150044119881674,0.3127119391524979,0.2769852580476508,1.1272463397322272,1.6561891544413403,-0.1281805219662533,1.0,0.001,3.872167300025467,0.039070319071987984,-0.12818052196625318,9,7.7012448132780085,8.0,241,p0_lite_outputs\p1_rolling_window_market_validation_20260719\raw_configured_ecmade\NASDAQ100\window_008\HandCrafted_ECMADE_MOO\run_010,1.0,0.2705879360093013,0.9705943004137749,0.005359679479333634,0.9916666666666667,1.348540908998817,0.05610659044199977
NASDAQ100,window_009,HandCrafted_ECMADE_MOO,10,59,10,752,122,0.2236240979529171,0.2226240979529171,0.5172021656792556,0.5146421241788421,0.3903879804843381,1.2620502807899046,1.6681866142325144,-0.2479020931002479,1.0,0.001,4.3821205999702215,0.054957071677162614,-0.2479020931002479,10,6.982543640897756,7.0,401,p0_lite_outputs\p1_rolling_window_market_validation_20260719\raw_configured_ecmade\NASDAQ100\window_009\HandCrafted_ECMADE_MOO\run_010,1.0,0.4262495572932644,0.9907973599196667,0.005397065789711822,0.9833333333333333,1.3164809497307224,0.04558015571790523
NASDAQ100,window_010,HandCrafted_ECMADE_MOO,10,60,10,750,126,-0.0506398952903131,-0.0516398952903131,-0.0987153915856122,-0.1006131117950317,0.1918215476579493,-0.4453863371164457,-0.5985174047794013,-0.1369257050270135,1.0,0.001,3.8838706000242382,0.028580284836569297,-0.1369257050270135,10,9.878260869565217,10.0,230,p0_lite_outputs\p1_rolling_window_market_validation_20260719\raw_configured_ecmade\NASDAQ100\window_010\HandCrafted_ECMADE_MOO\run_010,1.0,0.4714367827724481,0.916829568813227,0.13306219056133942,0.5833333333333334,0.8179431064455158,0.06884158789031249
NASDAQ100,window_011,HandCrafted_ECMADE_MOO,10,60,10,751,123,0.1313403600231051,0.1303403600231051,0.2876590000230079,0.2853282179358616,0.2980222423362967,0.9980978285413772,1.5331822348242736,-0.150646212568929,0.9999999999999998,0.0009999999999999,4.05603090004297,0.04193474719528029,-0.15064621256892907,10,9.19732441471572,10.0,299,p0_lite_outputs\p1_rolling_window_market_validation_20260719\raw_configured_ecmade\NASDAQ100\window_011\HandCrafted_ECMADE_MOO\run_010,0.9999999999999998,0.669941150990622,0.9719860488176846,0.007365783978859679,0.9416666666666667,1.3361460602759707,0.050558931775394375
NASDAQ100,window_001,MetaDesigned_ECMADE_MOO,1,60,10,755,124,0.2309727830601591,0.2299727830601591,0.5254857032776823,0.5229682789966374,0.401208747496738,1.2539482182393933,2.011036220662893,-0.2770130314343462,1.0,0.001,10.231624300009573,0.05002238738943472,-0.2770130314343462,7,9.334586466165414,10.0,266,p0_lite_outputs\p1_rolling_window_market_validation_20260719\raw_configured_ecmade\NASDAQ100\window_001\MetaDesigned_ECMADE_MOO\run_001,1.0,1.0,1.0199500236858514,0.038213866336112505,0.8333333333333334,0.959863618607211,0.05506503119578042
NASDAQ100,window_002,MetaDesigned_ECMADE_MOO,1,59,10,755,126,0.2416678699381129,0.2406678699381129,0.5417390992366506,0.539256763496774,0.2751996740475873,1.7121705914356995,2.6812960135637893,-0.1737714276900464,1.0,0.001,10.439938899944536,0.035317355237446856,-0.1737714276900464,8,8.316901408450704,9.0,284,p0_lite_outputs\p1_rolling_window_market_validation_20260719\raw_configured_ecmade\NASDAQ100\window_002\MetaDesigned_ECMADE_MOO\run_001,1.0,0.3488213704677668,1.0226377848867607,0.005033344539839879,0.9833333333333333,1.3751097221418027,0.06898044076606873
NASDAQ100,window_003,MetaDesigned_ECMADE_MOO,1,60,10,756,124,-0.4533036506511592,-0.4543036506511592,-0.7068887100048193,-0.7079772766705579,0.5436393579728165,-1.9789284393835145,-3.5240718527148003,-0.4680964230009922,1.0,0.001,10.102112099993974,0.06903999343553852,-0.4680964230009922,10,9.702702702702704,10.0,259,p0_lite_outputs\p1_rolling_window_market_validation_20260719\raw_configured_ecmade\NASDAQ100\window_003\MetaDesigned_ECMADE_MOO\run_001,1.0,0.3669410760114298,0.9657073857101058,0.01261345514786323,0.9,1.1976905880954436,0.04620774997755841
NASDAQ100,window_004,MetaDesigned_ECMADE_MOO,1,60,10,756,125,-0.1362643009629025,-0.1372643009629025,-0.2557071731526371,-0.2574433661118811,0.3933632415612738,-0.5545687039458945,-0.938452819316571,-0.3438196832033483,1.0,0.001,10.73224120005034,0.0488408435126814,-0.3438196832033483,10,9.501618122977346,10.0,309,p0_lite_outputs\p1_rolling_window_market_validation_20260719\raw_configured_ecmade\NASDAQ100\window_004\MetaDesigned_ECMADE_MOO\run_001,1.0,0.8345587074475238,0.9068374255955909,0.007462440705869868,0.9583333333333334,1.2816661599248014,0.012118936201436035
NASDAQ100,window_005,MetaDesigned_ECMADE_MOO,1,60,10,755,123,0.3205774749823604,0.3195774749823604,0.7677412317493852,0.7649997980378247,0.279055058013133,2.18341263415795,3.353449772980509,-0.1641488692522507,1.0,0.001,10.055027900030836,0.03617809390038388,-0.1641488692522507,9,8.948096885813149,10.0,289,p0_lite_outputs\p1_rolling_window_market_validation_20260719\raw_configured_ecmade\NASDAQ100\window_005\MetaDesigned_ECMADE_MOO\run_001,1.0,0.2741187803789152,0.9594011746442292,0.008513563968789883,0.95,1.2423878426495862,0.024074361037634277
NASDAQ100,window_006,MetaDesigned_ECMADE_MOO,1,60,10,753,125,0.2154371622134252,0.2144371622134252,0.4819062915481746,0.4794493365306294,0.223688901279313,1.8707588688892975,3.0602446176661475,-0.0935089905836418,1.0,0.0009999999999999,9.92501829995308,0.02618104452680609,-0.09350899058364182,10,8.519337016574585,10.0,181,p0_lite_outputs\p1_rolling_window_market_validation_20260719\raw_configured_ecmade\NASDAQ100\window_006\MetaDesigned_ECMADE_MOO\run_001,1.0,0.8506760641112463,1.0393971197646128,0.008440784484940907,0.975,1.3712267746182516,0.11652107456945308
NASDAQ100,window_007,MetaDesigned_ECMADE_MOO,1,60,10,752,124,0.3333906440736087,0.3323906440736087,0.7945092074857845,0.7917752043700792,0.1741876615580916,3.447674658999637,6.3858625540832845,-0.0706652081285196,1.0,0.001,9.642126200022176,0.01858255040362657,-0.07066520812851962,10,9.34074074074074,10.0,135,p0_lite_outputs\p1_rolling_window_market_validation_20260719\raw_configured_ecmade\NASDAQ100\window_007\MetaDesigned_ECMADE_MOO\run_001,1.0,0.3849934989497053,1.1569310498247283,0.008802697602202219,0.9416666666666667,1.0211982660635393,0.05843340586079221
NASDAQ100,window_008,MetaDesigned_ECMADE_MOO,1,60,10,752,126,0.1414720838595382,0.1404720838595382,0.3029585182306367,0.3006765740629178,0.2469316833812768,1.1956216129255042,1.7044419437965583,-0.1131163056160302,1.0,0.001,9.60051569994539,0.03536902929982565,-0.11311630561603025,9,9.28930817610063,10.0,159,p0_lite_outputs\p1_rolling_window_market_validation_20260719\raw_configured_ecmade\NASDAQ100\window_008\MetaDesigned_ECMADE_MOO\run_001,1.0,0.38139845287461127,0.9578662956163703,0.012474875910398437,0.8666666666666667,1.3611961071038905,0.0587322556105027
NASDAQ100,window_009,MetaDesigned_ECMADE_MOO,1,59,10,752,122,0.2158121388654665,0.2148121388654665,0.4972625604261902,0.4947199381507459,0.3534311537825176,1.3185313660808278,1.7331130321530472,-0.2355869620160633,1.0,0.001,9.820039999904113,0.05010745421542341,-0.23558696201606333,10,9.164383561643836,10.0,146,p0_lite_outputs\p1_rolling_window_market_validation_20260719\raw_configured_ecmade\NASDAQ100\window_009\MetaDesigned_ECMADE_MOO\run_001,1.0,0.36956530898198753,0.9745883562211614,0.01321761184213905,0.8833333333333333,1.338916060965485,0.05937982927560061
NASDAQ100,window_010,MetaDesigned_ECMADE_MOO,1,60,10,750,126,-0.0506591211999503,-0.0516591211999503,-0.0987518958391493,-0.1006495775967494,0.1913037865413014,-0.4474085465367393,-0.5979934569111678,-0.1456262085118658,1.0,0.001,9.59834459994454,0.029299560672707475,-0.1456262085118658,9,9.43859649122807,10.0,171,p0_lite_outputs\p1_rolling_window_market_validation_20260719\raw_configured_ecmade\NASDAQ100\window_010\MetaDesigned_ECMADE_MOO\run_001,1.0,0.442872041643021,1.0022990265777316,0.011638203425475438,0.9333333333333333,1.3518058698936175,0.0670841558347158
NASDAQ100,window_011,MetaDesigned_ECMADE_MOO,1,60,10,751,123,0.1015149408685969,0.1005149408685969,0.2190712700864436,0.2168049182309324,0.2768789929942565,0.8541120879273711,1.360886842963827,-0.1277729755836892,1.0,0.001,10.288911800016647,0.03785641231603689,-0.1277729755836895,10,9.442528735632184,10.0,174,p0_lite_outputs\p1_rolling_window_market_validation_20260719\raw_configured_ecmade\NASDAQ100\window_011\MetaDesigned_ECMADE_MOO\run_001,1.0,0.6193439521766579,0.9581402584162709,0.013481732122383554,0.7,1.3894846239151322,0.06519669704920651
NASDAQ100,window_001,MetaDesigned_ECMADE_MOO,2,60,10,755,124,0.2327228409140735,0.2317228409140735,0.5298964235387875,0.5273753032314468,0.4131367150112766,1.236542808823452,1.994274241883466,-0.2916529486082183,1.0000000000000002,0.001,9.890711100073531,0.05115669312792962,-0.29165294860821833,9,8.746781115879829,10.0,233,p0_lite_outputs\p1_rolling_window_market_validation_20260719\raw_configured_ecmade\NASDAQ100\window_001\MetaDesigned_ECMADE_MOO\run_002,1.0000000000000002,1.0,1.042526368541423,0.006820887708705001,0.9416666666666667,1.3228541311316846,0.05506503119578042
NASDAQ100,window_002,MetaDesigned_ECMADE_MOO,2,59,10,755,126,0.2163990578879249,0.2153990578879249,0.4796266680306313,0.4771948699148551,0.2611173579234424,1.6322604093772335,2.5827330427870403,-0.1843264780780329,1.0,0.001,10.39336089999415,0.03449187669019404,-0.18432647807803293,10,9.341549295774648,10.0,284,p0_lite_outputs\p1_rolling_window_market_validation_20260719\raw_configured_ecmade\NASDAQ100\window_002\MetaDesigned_ECMADE_MOO\run_002,1.0,0.3163508068455405,1.0144988976365292,0.011883411975387432,0.925,1.1836117053609125,0.06898044076606873
NASDAQ100,window_003,MetaDesigned_ECMADE_MOO,2,60,10,756,124,-0.4465725238001369,-0.4475725238001369,-0.6995078923603799,-0.7006103096159435,0.5390108545240694,-1.9544236246972453,-3.37318811886183,-0.4593008178625298,1.0,0.001,10.012976700090803,0.0707962904138461,-0.45930081786252985,10,9.209876543209877,10.0,243,p0_lite_outputs\p1_rolling_window_market_validation_20260719\raw_configured_ecmade\NASDAQ100\window_003\MetaDesigned_ECMADE_MOO\run_002,1.0,0.48743895746088167,0.9630826321143787,0.017441470219153425,0.8666666666666667,1.1199606808074498,0.04620774997755841
NASDAQ100,window_004,MetaDesigned_ECMADE_MOO,2,60,10,756,125,-0.1492943269593654,-0.1502943269593654,-0.2781696686410143,-0.2798792387297576,0.3889998297682788,-0.6437972662654757,-1.1031224591281914,-0.3357529087313611,1.0,0.001,10.846599300042726,0.048172052708947574,-0.335752908731361,10,8.965909090909092,10.0,352,p0_lite_outputs\p1_rolling_window_market_validation_20260719\raw_configured_ecmade\NASDAQ100\window_004\MetaDesigned_ECMADE_MOO\run_002,1.0,0.8295819913489489,0.9108495305091274,0.0053090891994245805,0.9666666666666667,1.3073382447880912,0.012118936201436035
NASDAQ100,window_005,MetaDesigned_ECMADE_MOO,2,60,10,755,123,0.3414641204078428,0.3404641204078428,0.8254985460104878,0.8227116031878683,0.2818751582887945,2.278536990147381,3.536451965203442,-0.1621200434089273,1.0,0.001,10.047451499965971,0.03602921130859687,-0.16212004340892738,10,9.318181818181818,10.0,264,p0_lite_outputs\p1_rolling_window_market_validation_20260719\raw_configured_ecmade\NASDAQ100\window_005\MetaDesigned_ECMADE_MOO\run_002,1.0,0.34382566563851913,0.9569728906622389,0.010661855750765009,0.9333333333333333,1.1672583614579617,0.024074361037634277
NASDAQ100,window_006,MetaDesigned_ECMADE_MOO,2,60,10,753,125,0.1971144701932881,0.1961144701932881,0.4372143065439404,0.434794993615343,0.1918975326716421,1.9868956403886409,3.544860349170845,-0.0759527941380924,1.0,0.001,10.186358600039966,0.022111468346979544,-0.07595279413809242,9,7.415254237288136,8.0,236,p0_lite_outputs\p1_rolling_window_market_validation_20260719\raw_configured_ecmade\NASDAQ100\window_006\MetaDesigned_ECMADE_MOO\run_002,1.0,0.7616865835424487,1.0446242177199674,0.006095220682743907,0.9916666666666667,1.360142081532469,0.11652107456945308
NASDAQ100,window_007,MetaDesigned_ECMADE_MOO,2,60,10,752,124,0.304474070679128,0.303474070679128,0.7163056261590846,0.7136328279909012,0.1711063813500198,3.2457690261772547,5.82431722169171,-0.0688796173003214,1.0,0.001,9.59692029992584,0.019154584961389564,-0.06887961730032144,8,9.46938775510204,10.0,147,p0_lite_outputs\p1_rolling_window_market_validation_20260719\raw_configured_ecmade\NASDAQ100\window_007\MetaDesigned_ECMADE_MOO\run_002,1.0,0.2258905031364248,1.1500413122171778,0.0164572233777535,0.725,0.8927852483815245,0.05843340586079221
NASDAQ100,window_008,MetaDesigned_ECMADE_MOO,2,60,10,752,126,0.1433915578969793,0.1423915578969793,0.3073442546700815,0.3050584715542872,0.2771007080828408,1.1063484309878215,1.576091755634926,-0.138293888965459,1.0000000000000002,0.001,9.581592799979262,0.04007442624016959,-0.13829388896545902,10,8.317073170731707,9.0,164,p0_lite_outputs\p1_rolling_window_market_validation_20260719\raw_configured_ecmade\NASDAQ100\window_008\MetaDesigned_ECMADE_MOO\run_002,1.0000000000000002,0.30787702866761363,0.9616619600952596,0.009318442204650815,0.975,1.336767617860459,0.0587322556105027
NASDAQ100,window_009,MetaDesigned_ECMADE_MOO,2,59,10,752,122,0.2185032962116142,0.2175032962116142,0.5041162302654985,0.5015676080331577,0.3470951447117582,1.34877039276329,1.8051858770473783,-0.2161442696862867,1.0,0.001,9.958033900009468,0.049230118979345594,-0.21614426968628675,10,9.244897959183673,10.0,147,p0_lite_outputs\p1_rolling_window_market_validation_20260719\raw_configured_ecmade\NASDAQ100\window_009\MetaDesigned_ECMADE_MOO\run_002,1.0,0.44869810174098723,0.9715419199068821,0.015824958014635977,0.8333333333333334,1.344843396845283,0.05937982927560061
NASDAQ100,window_010,MetaDesigned_ECMADE_MOO,2,60,10,750,126,-0.0405212293011724,-0.0415212293011724,-0.0794004885782666,-0.0813184461196643,0.1715696151830597,-0.395967846531876,-0.5398636732600941,-0.1244771268090579,1.0,0.001,9.576422300073318,0.025502770608881335,-0.12447712680905798,10,8.786206896551723,10.0,145,p0_lite_outputs\p1_rolling_window_market_validation_20260719\raw_configured_ecmade\NASDAQ100\window_010\MetaDesigned_ECMADE_MOO\run_002,1.0,0.5510221496447076,1.0023791925171885,0.011953073910764755,0.9166666666666666,1.3387612719557878,0.0670841558347158
NASDAQ100,window_011,MetaDesigned_ECMADE_MOO,2,60,10,751,123,0.1334492046676827,0.1324492046676827,0.2925813435689397,0.2902460026948321,0.3426311532171228,0.9208763504812876,1.4863749793621357,-0.1538102197954081,1.0,0.001,10.122019400005229,0.04583677455338529,-0.1538102197954081,10,9.720779220779221,10.0,154,p0_lite_outputs\p1_rolling_window_market_validation_20260719\raw_configured_ecmade\NASDAQ100\window_011\MetaDesigned_ECMADE_MOO\run_002,1.0,0.5901793450634185,0.9523601434144207,0.02215940641281269,0.7166666666666667,1.2232002909622561,0.06519669704920651
NASDAQ100,window_001,MetaDesigned_ECMADE_MOO,3,60,10,755,124,0.2627655179075683,0.2617655179075683,0.6066227155391246,0.6040381205328507,0.417572744127248,1.3451111150794866,2.201258783216113,-0.2934029469261632,1.0,0.001,10.088401400018483,0.05093751780013994,-0.29340294692616364,7,8.945833333333333,10.0,240,p0_lite_outputs\p1_rolling_window_market_validation_20260719\raw_configured_ecmade\NASDAQ100\window_001\MetaDesigned_ECMADE_MOO\run_003,1.0,1.0,1.0160578673275058,0.041693421178578126,0.8333333333333334,0.9692118017406135,0.05506503119578042
NASDAQ100,window_002,MetaDesigned_ECMADE_MOO,3,59,10,755,126,0.2094709349685668,0.2084709349685668,0.4628199425337391,0.4604020006638019,0.2478078678824598,1.6599001846783112,2.69860376476857,-0.1770837020825268,1.0,0.001,10.458621700061483,0.0315145903176602,-0.17708370208252688,10,9.092526690391459,10.0,281,p0_lite_outputs\p1_rolling_window_market_validation_20260719\raw_configured_ecmade\NASDAQ100\window_002\MetaDesigned_ECMADE_MOO\run_003,1.0,0.3674487122602787,0.989877058199087,0.028873647362961254,0.8416666666666667,1.052222110572509,0.06898044076606873
NASDAQ100,window_003,MetaDesigned_ECMADE_MOO,3,60,10,756,124,-0.4639639948753211,-0.4649639948753211,-0.7183872943689832,-0.7194539366132953,0.5452902201323813,-2.04456462594995,-3.818752769037471,-0.4713359357360182,1.0,0.001,10.120247799903154,0.06708718988753307,-0.4713359357360182,10,9.777397260273972,10.0,292,p0_lite_outputs\p1_rolling_window_market_validation_20260719\raw_configured_ecmade\NASDAQ100\window_003\MetaDesigned_ECMADE_MOO\run_003,1.0,0.506007016557162,0.9664152824342414,0.01044414609640349,0.9166666666666666,1.2935002141309877,0.04620774997755841
NASDAQ100,window_004,MetaDesigned_ECMADE_MOO,3,60,10,756,125,-0.1173496249472146,-0.1183496249472146,-0.2224827384220912,-0.2242575891508568,0.3991686251510698,-0.4313350999612956,-0.7177638638131604,-0.3367231987588198,1.0,0.001,10.870819200063124,0.049421182290579076,-0.33672319875881984,7,7.854651162790698,8.0,344,p0_lite_outputs\p1_rolling_window_market_validation_20260719\raw_configured_ecmade\NASDAQ100\window_004\MetaDesigned_ECMADE_MOO\run_003,1.0,0.8131316836572375,0.9119819335437239,0.004852702900238617,0.9916666666666667,1.3729886522437535,0.012118936201436035
NASDAQ100,window_005,MetaDesigned_ECMADE_MOO,3,60,10,755,123,0.3167887968150977,0.3157887968150977,0.7573663270919082,0.7546331446392018,0.279228658887048,2.1611758054796386,3.254284444663112,-0.1768582959141931,1.0,0.001,10.439336500014178,0.03630503050849187,-0.1768582959141931,10,9.235474006116208,10.0,327,p0_lite_outputs\p1_rolling_window_market_validation_20260719\raw_configured_ecmade\NASDAQ100\window_005\MetaDesigned_ECMADE_MOO\run_003,1.0,0.2633471148653334,0.9600741387144719,0.008154492350059684,0.95,1.2426207129000952,0.024074361037634277
NASDAQ100,window_006,MetaDesigned_ECMADE_MOO,3,60,10,753,125,0.2083324844062253,0.2073324844062253,0.4644949732931374,0.4620526151922204,0.2033754435091153,1.9783298796608453,3.521886558887994,-0.0831349864780295,1.0,0.001,10.33563139999751,0.02310103511471494,-0.08313498647802953,8,5.443262411347518,5.0,282,p0_lite_outputs\p1_rolling_window_market_validation_20260719\raw_configured_ecmade\NASDAQ100\window_006\MetaDesigned_ECMADE_MOO\run_003,1.0,0.9215262345257431,1.0449429539301478,0.006762532498905166,0.9833333333333333,1.3264596587131672,0.11652107456945308
NASDAQ100,window_007,MetaDesigned_ECMADE_MOO,3,60,10,752,124,0.3522611046619515,0.3512611046619515,0.846498133250313,0.8437241656718584,0.1904571318318991,3.319129181865581,5.628950184409534,-0.0687372669118693,1.0,0.001,9.389104799949564,0.02154695031875939,-0.06873726691186932,9,9.383928571428571,10.0,112,p0_lite_outputs\p1_rolling_window_market_validation_20260719\raw_configured_ecmade\NASDAQ100\window_007\MetaDesigned_ECMADE_MOO\run_003,1.0,0.3809715787050155,1.1486713119452419,0.014381161614235903,0.75,0.9425138588818751,0.05843340586079221
NASDAQ100,window_008,MetaDesigned_ECMADE_MOO,3,60,10,752,126,0.2154540978890953,0.2144540978890953,0.4773286640753944,0.4748987558796165,0.2920705927474017,1.48288291621293,2.177511489297552,-0.1295916817960921,1.0000000000000002,0.001,9.61705590004567,0.041211728088210164,-0.12959168179609215,10,8.153846153846153,9.0,143,p0_lite_outputs\p1_rolling_window_market_validation_20260719\raw_configured_ecmade\NASDAQ100\window_008\MetaDesigned_ECMADE_MOO\run_003,1.0000000000000002,0.4610190790327244,0.9453498615686968,0.019138948106025743,0.525,1.403502227029688,0.0587322556105027
NASDAQ100,window_009,MetaDesigned_ECMADE_MOO,3,59,10,752,122,0.2262802770677205,0.2252802770677205,0.5240129247163052,0.5214469587628594,0.3736885113716153,1.3136009919815654,1.7671472232994458,-0.2432661090041561,1.0,0.001,10.043855199939571,0.05222557278227523,-0.24326610900415613,10,8.688741721854305,9.0,151,p0_lite_outputs\p1_rolling_window_market_validation_20260719\raw_configured_ecmade\NASDAQ100\window_009\MetaDesigned_ECMADE_MOO\run_003,1.0,0.44182929686758454,0.9819511517902455,0.009699355067565973,0.9583333333333334,1.30056732955962,0.05937982927560061
NASDAQ100,window_010,MetaDesigned_ECMADE_MOO,3,60,10,750,126,-0.1573825245058194,-0.1583825245058194,-0.2899957899918141,-0.2916800249428024,0.1993826717396823,-1.6162584564939395,-2.218630256873121,-0.1750417353911773,1.0,0.001,9.846194399986416,0.030920020646572895,-0.17504173539117718,8,8.694581280788178,10.0,203,p0_lite_outputs\p1_rolling_window_market_validation_20260719\raw_configured_ecmade\NASDAQ100\window_010\MetaDesigned_ECMADE_MOO\run_003,1.0,0.5655850240916616,1.0080142909192151,0.008460088699073652,0.9916666666666667,1.3717290218747715,0.0670841558347158
NASDAQ100,window_011,MetaDesigned_ECMADE_MOO,3,60,10,751,123,0.1208422919002882,0.1198422919002882,0.2632980458030285,0.260989951690026,0.3299565086563484,0.8735635874865176,1.4572507379756316,-0.1546280848067095,1.0,0.001,10.166560600046068,0.04346916878498556,-0.15462808480670953,10,7.474226804123711,9.0,194,p0_lite_outputs\p1_rolling_window_market_validation_20260719\raw_configured_ecmade\NASDAQ100\window_011\MetaDesigned_ECMADE_MOO\run_003,1.0,0.6806897061011736,0.973408219090494,0.007190713020895065,1.0,1.4112480441549737,0.06519669704920651
NASDAQ100,window_001,MetaDesigned_ECMADE_MOO,4,60,10,755,124,0.2395260909138541,0.2385260909138541,0.5471042990254735,0.5445688090203764,0.3864671739714193,1.3232403754763429,2.0736648701565934,-0.258861011864987,1.0,0.001,10.49016990000382,0.047882172094792196,-0.25886101186498667,8,9.241258741258742,10.0,286,p0_lite_outputs\p1_rolling_window_market_validation_20260719\raw_configured_ecmade\NASDAQ100\window_001\MetaDesigned_ECMADE_MOO\run_004,1.0,1.0,1.0354378511726763,0.01703735642632801,0.8833333333333333,1.070307318218509,0.05506503119578042
NASDAQ100,window_002,MetaDesigned_ECMADE_MOO,4,59,10,755,126,0.2248851943461183,0.2238851943461183,0.5003437393283281,0.4978949689396361,0.2715143203587262,1.6312329882979166,2.5714004832904496,-0.1781293710594305,1.0000000000000002,0.001,10.407163199968636,0.03537282796032329,-0.1781293710594305,10,8.66,10.0,300,p0_lite_outputs\p1_rolling_window_market_validation_20260719\raw_configured_ecmade\NASDAQ100\window_002\MetaDesigned_ECMADE_MOO\run_004,1.0000000000000002,0.35876178577606893,1.0168900254268103,0.010057087971850443,0.9083333333333333,1.255879482627523,0.06898044076606873
NASDAQ100,window_003,MetaDesigned_ECMADE_MOO,4,60,10,756,124,-0.432143027849363,-0.433143027849363,-0.6833713936011141,-0.6845035205736644,0.5254997694563958,-1.919548484358914,-3.290890991243676,-0.4482847867245542,1.0,0.001,10.114519999944603,0.06746294897302874,-0.4482847867245542,10,9.1280276816609,10.0,289,p0_lite_outputs\p1_rolling_window_market_validation_20260719\raw_configured_ecmade\NASDAQ100\window_003\MetaDesigned_ECMADE_MOO\run_004,1.0,0.4779959967350361,0.979010617284142,0.0068572777528688456,0.9666666666666667,1.315340799974771,0.04620774997755841
NASDAQ100,window_004,MetaDesigned_ECMADE_MOO,4,60,10,756,125,-0.1189649705215739,-0.1199649705215739,-0.2253487197602317,-0.2271202685275554,0.3750497103990578,-0.4939683914758728,-0.8526172051622519,-0.3106275164547243,1.0,0.001,11.21693310001865,0.046059142061474115,-0.31062751645472453,9,9.319277108433734,10.0,332,p0_lite_outputs\p1_rolling_window_market_validation_20260719\raw_configured_ecmade\NASDAQ100\window_004\MetaDesigned_ECMADE_MOO\run_004,1.0,0.76694235859686,0.9082985935707001,0.006383710336463868,0.9666666666666667,1.2837216834547256,0.012118936201436035
NASDAQ100,window_005,MetaDesigned_ECMADE_MOO,4,60,10,755,123,0.3690562122706393,0.3680562122706393,0.9032562170887763,0.9004091019650875,0.2925201051279206,2.349034006854032,3.652470093421815,-0.1718203422156466,1.0,0.001,10.057519800029697,0.03719374022111689,-0.17182034221564635,9,9.19277108433735,10.0,249,p0_lite_outputs\p1_rolling_window_market_validation_20260719\raw_configured_ecmade\NASDAQ100\window_005\MetaDesigned_ECMADE_MOO\run_004,1.0,0.2887306226420164,0.9604601753937382,0.00851698194531342,0.9333333333333333,1.2117571805968146,0.024074361037634277
NASDAQ100,window_006,MetaDesigned_ECMADE_MOO,4,60,10,753,125,0.1591609755725966,0.1581609755725966,0.3468331691624218,0.3444917982969282,0.1870596812530679,1.685758160599003,2.7276365975214336,-0.0800584705217627,1.0,0.001,9.921705299988387,0.022204366885456555,-0.08005847052176274,10,9.215686274509803,10.0,153,p0_lite_outputs\p1_rolling_window_market_validation_20260719\raw_configured_ecmade\NASDAQ100\window_006\MetaDesigned_ECMADE_MOO\run_004,1.0,0.7810125794093346,1.0287293224027576,0.01372249731909925,0.8166666666666667,1.3819588865115298,0.11652107456945308
NASDAQ100,window_007,MetaDesigned_ECMADE_MOO,4,60,10,752,124,0.3231202070742311,0.3221202070742311,0.766530590768157,0.7638183310586906,0.1733542709144956,3.372661513543068,6.019322372147809,-0.0662512986276487,1.0,0.001,9.428192199906334,0.019336788615055594,-0.06625129862764878,10,7.798245614035087,9.0,114,p0_lite_outputs\p1_rolling_window_market_validation_20260719\raw_configured_ecmade\NASDAQ100\window_007\MetaDesigned_ECMADE_MOO\run_004,1.0,0.4407906883054965,1.1610454110698158,0.007960461269551519,0.975,0.8550359390942752,0.05843340586079221
NASDAQ100,window_008,MetaDesigned_ECMADE_MOO,4,60,10,752,126,0.183584262138297,0.182584262138297,0.400871705581457,0.3985055370571806,0.3011508423894751,1.2703442995407317,1.8571157137812755,-0.1458864377188931,1.0,0.001,9.760774399968795,0.04251175148568019,-0.1458864377188931,10,8.56969696969697,9.0,165,p0_lite_outputs\p1_rolling_window_market_validation_20260719\raw_configured_ecmade\NASDAQ100\window_008\MetaDesigned_ECMADE_MOO\run_004,1.0,0.32179777556638467,0.9583936038073892,0.011774558550681932,0.875,1.397258615043949,0.0587322556105027
NASDAQ100,window_009,MetaDesigned_ECMADE_MOO,4,59,10,752,122,0.2181805780081829,0.2171805780081829,0.5032934998059302,0.5007455971223245,0.3588145138059734,1.3153762736660215,1.719054768709656,-0.2379264354681334,1.0000000000000002,0.001,9.967362699913792,0.051939928275157976,-0.23792643546813308,10,7.392857142857143,8.0,196,p0_lite_outputs\p1_rolling_window_market_validation_20260719\raw_configured_ecmade\NASDAQ100\window_009\MetaDesigned_ECMADE_MOO\run_004,1.0000000000000002,0.4609929686489766,0.9817840513877069,0.009865777723042512,0.925,1.3909356564328097,0.05937982927560061
NASDAQ100,window_010,MetaDesigned_ECMADE_MOO,4,60,10,750,126,-0.0127798908655792,-0.0137798908655792,-0.0253964561206224,-0.0273698963388913,0.1796438208068707,-0.0530794386310144,-0.0711379413846103,-0.1186915192427314,1.0,0.001,9.86519650008995,0.027098292060348993,-0.11869151924273147,10,9.2,10.0,170,p0_lite_outputs\p1_rolling_window_market_validation_20260719\raw_configured_ecmade\NASDAQ100\window_010\MetaDesigned_ECMADE_MOO\run_004,1.0,0.5072405000698583,1.0036603923844014,0.010316070362009962,0.9833333333333333,1.3829012557638458,0.0670841558347158
NASDAQ100,window_011,MetaDesigned_ECMADE_MOO,4,60,10,751,123,0.0473854820455996,0.0463854820455996,0.0994966409386406,0.0973470030959282,0.2810807875166292,0.4782957819116918,0.73473526903581,-0.1549035154619209,1.0,0.001,10.049457399989478,0.040186785200374484,-0.15490351546192094,10,9.040697674418604,10.0,172,p0_lite_outputs\p1_rolling_window_market_validation_20260719\raw_configured_ecmade\NASDAQ100\window_011\MetaDesigned_ECMADE_MOO\run_004,1.0,0.562267165951021,0.9661704193361181,0.010338052164838058,0.9916666666666667,1.4043004939738795,0.06519669704920651
NASDAQ100,window_001,MetaDesigned_ECMADE_MOO,5,60,10,755,124,0.2648945906136781,0.2638945906136781,0.6121325469249403,0.609543451712949,0.3964937310903142,1.4036692819574157,2.20419834213558,-0.2672178248861764,1.0,0.001,10.34772060008254,0.04865424772896899,-0.26721782488617707,10,8.25,9.0,284,p0_lite_outputs\p1_rolling_window_market_validation_20260719\raw_configured_ecmade\NASDAQ100\window_001\MetaDesigned_ECMADE_MOO\run_005,1.0,1.0,1.0445811932118465,0.006137422744391258,0.975,1.3122575620638097,0.05506503119578042
NASDAQ100,window_002,MetaDesigned_ECMADE_MOO,5,59,10,755,126,0.2278925347415938,0.2268925347415938,0.5077200768741363,0.5052652918046534,0.2682703423619134,1.6659064121547478,2.709743724840809,-0.1740812692283924,1.0,0.0009999999999999,10.230584900011308,0.03367397147685434,-0.1740812692283924,10,8.176470588235293,9.0,306,p0_lite_outputs\p1_rolling_window_market_validation_20260719\raw_configured_ecmade\NASDAQ100\window_002\MetaDesigned_ECMADE_MOO\run_005,1.0,0.3889863825001076,1.0236241150574448,0.005821615436363194,0.9666666666666667,1.3455838621052227,0.06898044076606873
NASDAQ100,window_003,MetaDesigned_ECMADE_MOO,5,60,10,756,124,-0.474623588540557,-0.475623588540557,-0.7296514396935874,-0.7306961731332648,0.6039028255233004,-1.8566331568517875,-3.250888340112224,-0.4847327169716643,1.0,0.001,10.056572400033474,0.07779112342441166,-0.4847327169716643,10,9.571428571428571,10.0,238,p0_lite_outputs\p1_rolling_window_market_validation_20260719\raw_configured_ecmade\NASDAQ100\window_003\MetaDesigned_ECMADE_MOO\run_005,1.0,0.4225309341151128,0.9739231393710148,0.007451216246115094,0.975,1.3696856283029801,0.04620774997755841
NASDAQ100,window_004,MetaDesigned_ECMADE_MOO,5,60,10,756,125,-0.1511258456980273,-0.1521258456980273,-0.2812992226632734,-0.2830050511249735,0.39603621499972,-0.6366522448751286,-1.1102553654260836,-0.3420221910432343,1.0,0.001,10.985482699936256,0.04820145616996988,-0.3420221910432344,10,9.191044776119403,10.0,335,p0_lite_outputs\p1_rolling_window_market_validation_20260719\raw_configured_ecmade\NASDAQ100\window_004\MetaDesigned_ECMADE_MOO\run_005,1.0,0.767427151131949,0.9113755692563769,0.005123249965579093,0.975,1.337958330262643,0.012118936201436035
NASDAQ100,window_005,MetaDesigned_ECMADE_MOO,5,60,10,755,123,0.3500289699798025,0.3490289699798025,0.849457583742294,0.8466519692673422,0.2743342709117087,2.3813159413163243,3.585318321801921,-0.1591387749686023,1.0,0.0009999999999999,9.986400099936873,0.03518409061550532,-0.1591387749686023,10,9.081545064377682,10.0,233,p0_lite_outputs\p1_rolling_window_market_validation_20260719\raw_configured_ecmade\NASDAQ100\window_005\MetaDesigned_ECMADE_MOO\run_005,1.0,0.34573381882641524,0.9568323263599755,0.008786288182435369,0.925,1.2254371968219337,0.024074361037634277
NASDAQ100,window_006,MetaDesigned_ECMADE_MOO,5,60,10,753,125,0.2119717063845732,0.2109717063845732,0.4734005997229029,0.470950764829154,0.2016409536099594,2.023739568150953,3.589749900414953,-0.0793339243830532,1.0,0.001,10.010073599987663,0.022776472668926264,-0.0793339243830532,10,8.61111111111111,9.0,180,p0_lite_outputs\p1_rolling_window_market_validation_20260719\raw_configured_ecmade\NASDAQ100\window_006\MetaDesigned_ECMADE_MOO\run_005,1.0,0.833870003628815,1.0367661295421566,0.009213656335284735,0.9416666666666667,1.3818752536388768,0.11652107456945308
NASDAQ100,window_007,MetaDesigned_ECMADE_MOO,5,60,10,752,124,0.3512597981388947,0.3502597981388947,0.8437205428048715,0.8409486962796782,0.1706640191220478,3.6742314187974423,6.74632933491069,-0.0708395352699735,1.0000000000000002,0.001,9.533446099958384,0.01838525392803839,-0.07083953526997355,10,9.526315789473685,10.0,133,p0_lite_outputs\p1_rolling_window_market_validation_20260719\raw_configured_ecmade\NASDAQ100\window_007\MetaDesigned_ECMADE_MOO\run_005,1.0000000000000002,0.30673637160968237,1.1235315339177079,0.028184797959352203,0.6166666666666667,1.271876718502859,0.05843340586079221
NASDAQ100,window_008,MetaDesigned_ECMADE_MOO,5,60,10,752,126,0.1707940162722887,0.1697940162722887,0.3707586285389963,0.3684180405064519,0.2662329246156386,1.3184334462395475,1.876889090824798,-0.1273312175672672,1.0,0.001,9.833410700084642,0.03829309431904289,-0.12733121756726729,10,9.128571428571428,10.0,140,p0_lite_outputs\p1_rolling_window_market_validation_20260719\raw_configured_ecmade\NASDAQ100\window_008\MetaDesigned_ECMADE_MOO\run_005,1.0,0.3786982665612971,0.9513833096450581,0.016280078925558356,0.8416666666666667,1.241565205533114,0.0587322556105027
NASDAQ100,window_009,MetaDesigned_ECMADE_MOO,5,59,10,752,122,0.2154921328135084,0.2144921328135084,0.4964486633541154,0.4939067544768136,0.3314785812976948,1.3809524575602428,1.8735876067916424,-0.2155714375526265,1.0000000000000002,0.001,9.84630900004413,0.04597587896388194,-0.21557143755262653,9,8.890243902439025,10.0,164,p0_lite_outputs\p1_rolling_window_market_validation_20260719\raw_configured_ecmade\NASDAQ100\window_009\MetaDesigned_ECMADE_MOO\run_005,1.0000000000000002,0.39675015979982264,0.9748460815984047,0.013566096559690582,0.8583333333333333,1.3690835157389063,0.05937982927560061
NASDAQ100,window_010,MetaDesigned_ECMADE_MOO,5,60,10,750,126,-0.0682638908419184,-0.0692638908419184,-0.1318678228909594,-0.1337302951092757,0.1905387186461624,-0.6462039418927277,-0.870872729024479,-0.1454230808412657,1.0,0.001,9.8414595000213,0.027784134169461284,-0.14542308084126576,10,6.795580110497237,7.0,181,p0_lite_outputs\p1_rolling_window_market_validation_20260719\raw_configured_ecmade\NASDAQ100\window_010\MetaDesigned_ECMADE_MOO\run_005,1.0,0.5224176172393927,1.0087346978116294,0.008016170111823198,0.9833333333333333,1.382071777894206,0.0670841558347158
NASDAQ100,window_011,MetaDesigned_ECMADE_MOO,5,60,10,751,123,0.2218743521290804,0.2208743521290804,0.5076422345047034,0.505115376995523,0.3278481133368432,1.4176516724466677,2.16272923169576,-0.1445644388562609,1.0,0.001,9.923187399981543,0.04607270788202139,-0.1445644388562609,10,9.638157894736842,10.0,152,p0_lite_outputs\p1_rolling_window_market_validation_20260719\raw_configured_ecmade\NASDAQ100\window_011\MetaDesigned_ECMADE_MOO\run_005,1.0,0.7233520530344617,0.9634570012022289,0.011867026135356404,0.9,1.3784221659259164,0.06519669704920651
NASDAQ100,window_001,MetaDesigned_ECMADE_MOO,6,60,10,755,124,0.2770730635110561,0.2760730635110561,0.6438334128119656,0.6412185713628356,0.4009626563304463,1.4411692581310058,2.3086538472162204,-0.2718043202656042,1.0,0.001,9.971944599994458,0.04943769649424018,-0.2718043202656043,10,8.29957805907173,9.0,237,p0_lite_outputs\p1_rolling_window_market_validation_20260719\raw_configured_ecmade\NASDAQ100\window_001\MetaDesigned_ECMADE_MOO\run_006,1.0,1.0,1.033707222119005,0.0203931220986426,0.8916666666666667,1.1172864561935107,0.05506503119578042
NASDAQ100,window_002,MetaDesigned_ECMADE_MOO,6,59,10,755,126,0.2196501711425296,0.2186501711425296,0.4875465399680017,0.4851082396257169,0.2575298280902137,1.6720513790878953,2.705368742606708,-0.1689043581607139,1.0,0.001,9.877443899982609,0.03243106371556499,-0.1689043581607138,10,8.05921052631579,9.0,304,p0_lite_outputs\p1_rolling_window_market_validation_20260719\raw_configured_ecmade\NASDAQ100\window_002\MetaDesigned_ECMADE_MOO\run_006,1.0,0.40751926772913505,1.0239923057709415,0.005202811162638715,0.9666666666666667,1.400109311360235,0.06898044076606873
NASDAQ100,window_003,MetaDesigned_ECMADE_MOO,6,60,10,756,124,-0.4744293473415203,-0.4754293473415203,-0.7294482711053774,-0.730493403644076,0.5685774383793647,-2.0075175565712127,-3.525762394572575,-0.4877915357030805,1.0,0.001,10.235444199992344,0.07321818392113581,-0.48779153570308054,10,9.806324110671937,10.0,253,p0_lite_outputs\p1_rolling_window_market_validation_20260719\raw_configured_ecmade\NASDAQ100\window_003\MetaDesigned_ECMADE_MOO\run_006,1.0,0.4274727232134549,0.9652514183937015,0.011399572317213977,0.9083333333333333,1.2773381343290036,0.04620774997755841
NASDAQ100,window_004,MetaDesigned_ECMADE_MOO,6,60,10,756,125,-0.1327345956471088,-0.1337345956471088,-0.2495625874175875,-0.2513059933603816,0.3775172557015702,-0.5720171060591172,-0.9679053246685532,-0.313792152652162,1.0,0.001,11.2608642000705,0.04699256597495853,-0.313792152652162,10,9.150510204081632,10.0,392,p0_lite_outputs\p1_rolling_window_market_validation_20260719\raw_configured_ecmade\NASDAQ100\window_004\MetaDesigned_ECMADE_MOO\run_006,1.0,0.8054102563138966,0.91293164354727,0.004340486522888922,0.9916666666666667,1.3766823671719277,0.012118936201436035
NASDAQ100,window_005,MetaDesigned_ECMADE_MOO,6,60,10,755,123,0.3271407658780541,0.3261407658780541,0.7857881220408669,0.7830323915847146,0.2793976732892083,2.217544808615394,3.3519870712195003,-0.1668047478329557,1.0,0.001,10.154336300096476,0.03651516868789218,-0.16680474783295574,9,9.003649635036496,10.0,274,p0_lite_outputs\p1_rolling_window_market_validation_20260719\raw_configured_ecmade\NASDAQ100\window_005\MetaDesigned_ECMADE_MOO\run_006,1.0,0.3091958219540761,0.9589879702001607,0.009827323732753438,0.9333333333333333,1.1585248152760241,0.024074361037634277
NASDAQ100,window_006,MetaDesigned_ECMADE_MOO,6,60,10,753,125,0.1953735493337276,0.1943735493337276,0.4330037989996333,0.4305880621366225,0.2007534682533991,1.893033806918344,3.1492235532941564,-0.0713169277452802,1.0,0.001,10.085520199965686,0.023494308809965482,-0.0713169277452802,9,7.8562874251497,9.0,167,p0_lite_outputs\p1_rolling_window_market_validation_20260719\raw_configured_ecmade\NASDAQ100\window_006\MetaDesigned_ECMADE_MOO\run_006,1.0,0.8442649998029754,0.886386199454576,0.1768466822293184,0.4666666666666667,0.7725440491752765,0.11652107456945308
NASDAQ100,window_007,MetaDesigned_ECMADE_MOO,6,60,10,752,124,0.2815372978534793,0.2805372978534793,0.655532467872896,0.652908186697087,0.1622069016375601,3.191828994659638,6.312422364335118,-0.0624749836603193,1.0,0.0009999999999999,9.687118400004692,0.016680619950035135,-0.06247498366031934,9,8.363636363636363,9.0,154,p0_lite_outputs\p1_rolling_window_market_validation_20260719\raw_configured_ecmade\NASDAQ100\window_007\MetaDesigned_ECMADE_MOO\run_006,1.0,0.5256342003101087,1.1608755611881663,0.006100948390314204,0.9833333333333333,0.9199035401933506,0.05843340586079221
NASDAQ100,window_008,MetaDesigned_ECMADE_MOO,6,60,10,752,126,0.1600946325420167,0.1590946325420167,0.3458195564527968,0.3435003671877126,0.309176363230605,1.1152862150333454,1.677923640379259,-0.1457488358993194,1.0,0.001,10.38154910004232,0.04329102524681833,-0.14574883589931942,7,6.04406779661017,6.0,295,p0_lite_outputs\p1_rolling_window_market_validation_20260719\raw_configured_ecmade\NASDAQ100\window_008\MetaDesigned_ECMADE_MOO\run_006,1.0,0.3554548393775959,0.961814121043704,0.009109549515385626,0.9666666666666667,1.3466999138692073,0.0587322556105027
NASDAQ100,window_009,MetaDesigned_ECMADE_MOO,6,59,10,752,122,0.2584504213671232,0.2574504213671232,0.6077512326024952,0.6051134466630457,0.3697090644469495,1.4682250049900651,2.034783699256,-0.2238965400733372,1.0,0.001,9.782762799994089,0.05088189381550017,-0.22389654007333715,10,9.021621621621621,10.0,185,p0_lite_outputs\p1_rolling_window_market_validation_20260719\raw_configured_ecmade\NASDAQ100\window_009\MetaDesigned_ECMADE_MOO\run_006,1.0,0.4026777555501882,0.9821670225237156,0.009087520480881925,0.9916666666666667,1.3476046070504837,0.05937982927560061
NASDAQ100,window_010,MetaDesigned_ECMADE_MOO,6,60,10,750,126,-0.0891552050184841,-0.0901552050184841,-0.1703617594550803,-0.1721824490450434,0.2159372030671656,-0.7560835810029398,-1.0362881871434126,-0.1680389773319706,1.0,0.001,9.626054899999872,0.03164203086278341,-0.16803897733197048,10,8.535031847133759,10.0,157,p0_lite_outputs\p1_rolling_window_market_validation_20260719\raw_configured_ecmade\NASDAQ100\window_010\MetaDesigned_ECMADE_MOO\run_006,1.0,0.6884231416952438,1.0083996388959733,0.007742169903006241,0.9916666666666667,1.3821866074619875,0.0670841558347158
NASDAQ100,window_011,MetaDesigned_ECMADE_MOO,6,60,10,751,123,0.1842995083942415,0.1832995083942415,0.4141861779626998,0.4117407879765284,0.2810599183706119,1.374439785727853,2.204138264447157,-0.1357192908683162,0.9999999999999998,0.0009999999999999,9.994966799975373,0.037827105876586956,-0.13571929086831624,9,9.644444444444444,10.0,180,p0_lite_outputs\p1_rolling_window_market_validation_20260719\raw_configured_ecmade\NASDAQ100\window_011\MetaDesigned_ECMADE_MOO\run_006,0.9999999999999998,0.777471590865978,0.9549139224711514,0.01541460205052201,0.7416666666666667,1.3155240892040594,0.06519669704920651
NASDAQ100,window_001,MetaDesigned_ECMADE_MOO,7,60,10,755,124,0.2394336240647376,0.2384336240647376,0.5468697616218823,0.5443344669406334,0.3834433615360889,1.330418138798903,2.0729605452557847,-0.2690261733947887,1.0,0.0009999999999999,10.163153699948452,0.048360880529533336,-0.26902617339478874,10,9.456896551724139,10.0,232,p0_lite_outputs\p1_rolling_window_market_validation_20260719\raw_configured_ecmade\NASDAQ100\window_001\MetaDesigned_ECMADE_MOO\run_007,1.0,1.0,1.0181763901359489,0.031391317243752395,0.85,1.0775112403056206,0.05506503119578042
NASDAQ100,window_002,MetaDesigned_ECMADE_MOO,7,59,10,755,126,0.2116036842379181,0.2106036842379181,0.4679834876588966,0.4655612802904212,0.2655144066282177,1.5797799522476283,2.484262564749412,-0.1767499233577508,1.0,0.001,9.787956699961796,0.03434602446876799,-0.17674992335775086,9,8.703252032520325,10.0,246,p0_lite_outputs\p1_rolling_window_market_validation_20260719\raw_configured_ecmade\NASDAQ100\window_002\MetaDesigned_ECMADE_MOO\run_007,1.0,0.4101507810283898,1.013922209246862,0.014547775359881799,0.875,1.1881987313754783,0.06898044076606873
NASDAQ100,window_003,MetaDesigned_ECMADE_MOO,7,60,10,756,124,-0.4741280712498417,-0.4751280712498417,-0.7291329948925069,-0.7301787464596301,0.5804972800195691,-1.9524631775580985,-3.40665619656614,-0.4854255149379334,1.0,0.001,10.431236800039189,0.07409145818346954,-0.4854255149379334,10,8.641891891891891,10.0,296,p0_lite_outputs\p1_rolling_window_market_validation_20260719\raw_configured_ecmade\NASDAQ100\window_003\MetaDesigned_ECMADE_MOO\run_007,1.0,0.41054560114011485,0.979607416914459,0.005175212004921745,0.9666666666666667,1.3666535934277837,0.04620774997755841
NASDAQ100,window_004,MetaDesigned_ECMADE_MOO,7,60,10,756,125,-0.1478453206501921,-0.1488453206501921,-0.2756888659291638,-0.277401396298062,0.3799373938493148,-0.6591340805874111,-1.1133236971710734,-0.3278463614070376,1.0000000000000002,0.001,11.02626179996878,0.047170854674252354,-0.3278463614070376,9,9.267267267267266,10.0,333,p0_lite_outputs\p1_rolling_window_market_validation_20260719\raw_configured_ecmade\NASDAQ100\window_004\MetaDesigned_ECMADE_MOO\run_007,1.0000000000000002,0.7890939664559145,0.9101941426352467,0.005325924015543624,0.9833333333333333,1.3682206562463124,0.012118936201436035
NASDAQ100,window_005,MetaDesigned_ECMADE_MOO,7,60,10,755,123,0.3037604713134723,0.3027604713134723,0.721928144070118,0.7192233267913632,0.2729601056297871,2.129636686240947,3.2469665518698885,-0.1601720475433637,1.0,0.001,10.233661300037056,0.035475469715546284,-0.16017204754336367,8,8.379310344827585,9.0,261,p0_lite_outputs\p1_rolling_window_market_validation_20260719\raw_configured_ecmade\NASDAQ100\window_005\MetaDesigned_ECMADE_MOO\run_007,1.0,0.33778957731973874,0.9656392478784451,0.005390156780419194,0.975,1.3363616398965208,0.024074361037634277
NASDAQ100,window_006,MetaDesigned_ECMADE_MOO,7,60,10,753,125,0.2431507015440381,0.2421507015440381,0.5508148080872726,0.5483009012311271,0.2287839989647322,2.0330910471964567,3.641059217506279,-0.0920232374712861,1.0,0.001,10.064361799973994,0.0250023544505572,-0.09202323747128616,6,7.353233830845771,8.0,201,p0_lite_outputs\p1_rolling_window_market_validation_20260719\raw_configured_ecmade\NASDAQ100\window_006\MetaDesigned_ECMADE_MOO\run_007,1.0,0.9176776538323209,1.0371693811627123,0.009767588089416865,0.85,1.3838349640083811,0.11652107456945308
NASDAQ100,window_007,MetaDesigned_ECMADE_MOO,7,60,10,752,124,0.3843956613932553,0.3833956613932553,0.9367663937850604,0.9339243293197376,0.1866898407674642,3.638503973961109,6.4863315275753886,-0.0728750597351819,1.0,0.001,9.553472299943678,0.020519475476410132,-0.07287505973518194,10,9.62406015037594,10.0,133,p0_lite_outputs\p1_rolling_window_market_validation_20260719\raw_configured_ecmade\NASDAQ100\window_007\MetaDesigned_ECMADE_MOO\run_007,1.0,0.3785632263648271,1.1435658806218172,0.011363980931016279,0.9,0.923358333391229,0.05843340586079221
NASDAQ100,window_008,MetaDesigned_ECMADE_MOO,7,60,10,752,126,0.1632668599743347,0.1622668599743347,0.3531897875145486,0.3508642537945996,0.2798399616526113,1.221323362924319,1.7560178497829098,-0.1365016667150996,1.0,0.001,10.011135099921376,0.03945536917554556,-0.13650166671509967,9,8.477124183006536,10.0,153,p0_lite_outputs\p1_rolling_window_market_validation_20260719\raw_configured_ecmade\NASDAQ100\window_008\MetaDesigned_ECMADE_MOO\run_007,1.0,0.2869095129234994,0.9551352705655162,0.0145692280352627,0.85,1.2924644080940109,0.0587322556105027
NASDAQ100,window_009,MetaDesigned_ECMADE_MOO,7,59,10,752,122,0.2851271358391021,0.2841271358391021,0.6789439352503626,0.676246501876351,0.3904818170512205,1.521222243293317,2.180824404665085,-0.2389974818377839,1.0,0.001,9.76267999992706,0.05259007810319891,-0.2389974818377839,10,8.72,10.0,200,p0_lite_outputs\p1_rolling_window_market_validation_20260719\raw_configured_ecmade\NASDAQ100\window_009\MetaDesigned_ECMADE_MOO\run_007,1.0,0.4208232479269744,0.9828699134524337,0.00880435137265883,0.9833333333333333,1.3411632208563973,0.05937982927560061
NASDAQ100,window_010,MetaDesigned_ECMADE_MOO,7,60,10,750,126,-0.0368054171986382,-0.0378054171986382,-0.0722561956621107,-0.0741815848277134,0.1952573117512439,-0.2861337199058676,-0.3971108355926556,-0.1520505857534655,1.0,0.001,9.554185900022276,0.027682323081021306,-0.15205058575346553,10,9.427672955974844,10.0,159,p0_lite_outputs\p1_rolling_window_market_validation_20260719\raw_configured_ecmade\NASDAQ100\window_010\MetaDesigned_ECMADE_MOO\run_007,1.0,0.4088956211614321,0.991818484409943,0.01861008602255608,0.6583333333333333,1.3099560459940625,0.0670841558347158
NASDAQ100,window_011,MetaDesigned_ECMADE_MOO,7,60,10,751,123,0.2179151254578608,0.2169151254578608,0.4976505431407352,0.4951322756193546,0.2931180726242174,1.5258430977462352,2.4037107114395466,-0.130553505948741,1.0,0.001,9.937296399963088,0.039916860312044,-0.13055350594874127,10,9.193103448275862,10.0,145,p0_lite_outputs\p1_rolling_window_market_validation_20260719\raw_configured_ecmade\NASDAQ100\window_011\MetaDesigned_ECMADE_MOO\run_007,1.0,0.6890244161891297,0.9547933799072361,0.01576674657536102,0.65,1.4037194560996324,0.06519669704920651
NASDAQ100,window_001,MetaDesigned_ECMADE_MOO,8,60,10,755,124,0.2186803158470847,0.2176803158470847,0.4946869113083429,0.4921954432527127,0.3563072990699885,1.3068870004071405,2.0140138426099634,-0.2305615165283223,1.0,0.001,10.368935799924657,0.044816688338873444,-0.23056151652832257,9,9.525490196078431,10.0,255,p0_lite_outputs\p1_rolling_window_market_validation_20260719\raw_configured_ecmade\NASDAQ100\window_001\MetaDesigned_ECMADE_MOO\run_008,1.0,1.0,1.0241840496880297,0.031035204805322746,0.8666666666666667,1.0084322280581146,0.05506503119578042
NASDAQ100,window_002,MetaDesigned_ECMADE_MOO,8,59,10,755,126,0.201638737030309,0.200638737030309,0.443935654331796,0.4415333768577352,0.2938915989933034,1.3980551415083105,2.187481661349596,-0.1947722483618043,1.0,0.001,9.590094999992289,0.03931717208579425,-0.1947722483618043,10,9.60655737704918,10.0,244,p0_lite_outputs\p1_rolling_window_market_validation_20260719\raw_configured_ecmade\NASDAQ100\window_002\MetaDesigned_ECMADE_MOO\run_008,1.0,0.3223676574198883,0.9978435102929777,0.02317064420412306,0.875,1.0751113814825524,0.06898044076606873
NASDAQ100,window_003,MetaDesigned_ECMADE_MOO,8,60,10,756,124,-0.4813942965392007,-0.4823942965392007,-0.7366848906108048,-0.7377157155580589,0.5740618150173464,-2.029754598861361,-3.5692520481899845,-0.4879740024944241,1.0000000000000002,0.001,10.559477300033905,0.07503860528047905,-0.48797400249442413,10,9.240506329113924,10.0,316,p0_lite_outputs\p1_rolling_window_market_validation_20260719\raw_configured_ecmade\NASDAQ100\window_003\MetaDesigned_ECMADE_MOO\run_008,1.0000000000000002,0.4125596828165145,0.9791346391967424,0.005550144988357746,0.9666666666666667,1.3394214219562874,0.04620774997755841
NASDAQ100,window_004,MetaDesigned_ECMADE_MOO,8,60,10,756,125,-0.1460458776575386,-0.1470458776575386,-0.2726021193390867,-0.2743183260328379,0.3865868273413745,-0.630060681438511,-1.0447794786910425,-0.3310976709529696,1.0,0.001,10.677920200047083,0.04858261931116764,-0.3310976709529696,7,9.34402332361516,10.0,343,p0_lite_outputs\p1_rolling_window_market_validation_20260719\raw_configured_ecmade\NASDAQ100\window_004\MetaDesigned_ECMADE_MOO\run_008,1.0,0.8365180460214167,0.9112882638100408,0.004853769118261167,0.975,1.3349819611567577,0.012118936201436035
NASDAQ100,window_005,MetaDesigned_ECMADE_MOO,8,60,10,755,123,0.333270586563744,0.332270586563744,0.802727865753436,0.7999587796594108,0.2835665648461341,2.222457936421516,3.3507277181763286,-0.167612595633393,1.0,0.001,9.998371999943627,0.036772241363389975,-0.16761259563339304,10,9.206293706293707,10.0,286,p0_lite_outputs\p1_rolling_window_market_validation_20260719\raw_configured_ecmade\NASDAQ100\window_005\MetaDesigned_ECMADE_MOO\run_008,1.0,0.27034330055195543,0.9643187510834964,0.005769673993818322,0.975,1.3121656608585797,0.024074361037634277
NASDAQ100,window_006,MetaDesigned_ECMADE_MOO,8,60,10,753,125,0.2209291415160241,0.2199291415160241,0.4954364666069712,0.4929682271063296,0.2109178436360189,2.0142139924036977,3.5681909163521413,-0.0822544105029604,1.0,0.001,10.394712700042874,0.024234520422567945,-0.08225441050296045,8,6.2984496124031,6.0,258,p0_lite_outputs\p1_rolling_window_market_validation_20260719\raw_configured_ecmade\NASDAQ100\window_006\MetaDesigned_ECMADE_MOO\run_008,1.0,0.9200610197781555,1.0427153090222703,0.006872267305821953,0.9916666666666667,1.3647876937191588,0.11652107456945308
NASDAQ100,window_007,MetaDesigned_ECMADE_MOO,8,60,10,752,124,0.4133137673223637,0.4123137673223637,1.019870773152021,1.0169673841781646,0.1722666584609638,4.172945576273621,6.319523902586575,-0.0626100948575656,1.0,0.001,9.431273000082,0.020080281473377124,-0.06261009485756563,8,8.464285714285714,9.0,140,p0_lite_outputs\p1_rolling_window_market_validation_20260719\raw_configured_ecmade\NASDAQ100\window_007\MetaDesigned_ECMADE_MOO\run_008,1.0,0.27383149101944787,1.1631396427035143,0.004996294745427,0.9916666666666667,1.0488493058486177,0.05843340586079221
NASDAQ100,window_008,MetaDesigned_ECMADE_MOO,8,60,10,752,126,0.0980478063056737,0.0970478063056737,0.2057089849327025,0.2035138893200909,0.2451747856569967,0.8859396333608197,1.2471579243978452,-0.1241532424036863,1.0,0.001,9.731299899984151,0.03520995726861688,-0.1241532424036863,10,8.603053435114504,10.0,131,p0_lite_outputs\p1_rolling_window_market_validation_20260719\raw_configured_ecmade\NASDAQ100\window_008\MetaDesigned_ECMADE_MOO\run_008,1.0,0.2148656001694555,0.9562135856879928,0.014077010424874834,0.8416666666666667,1.3116226550289853,0.0587322556105027
NASDAQ100,window_009,MetaDesigned_ECMADE_MOO,8,59,10,752,122,0.1938375761914972,0.1928375761914972,0.4419031091011955,0.4394094465280218,0.3838965766440267,1.1438338851056666,1.541993634261775,-0.2451988746253656,1.0,0.001,9.650581100024285,0.052584252181614395,-0.2451988746253656,10,9.01875,10.0,160,p0_lite_outputs\p1_rolling_window_market_validation_20260719\raw_configured_ecmade\NASDAQ100\window_009\MetaDesigned_ECMADE_MOO\run_008,1.0,0.43510478170726025,0.9780641595079992,0.011514856510543783,0.9666666666666667,1.3342267104058816,0.05937982927560061
NASDAQ100,window_010,MetaDesigned_ECMADE_MOO,8,60,10,750,126,-0.0252163340707776,-0.0262163340707776,-0.0497968046375861,-0.0517453719694446,0.2205279195127476,-0.1209533404731807,-0.1684078521677793,-0.1708134844111505,1.0,0.001,9.97104330000002,0.0317300667998848,-0.17081348441115052,8,7.951923076923077,9.0,208,p0_lite_outputs\p1_rolling_window_market_validation_20260719\raw_configured_ecmade\NASDAQ100\window_010\MetaDesigned_ECMADE_MOO\run_008,1.0,0.5166563474331954,1.005180309427659,0.009792921292429565,0.9916666666666667,1.392194487154409,0.0670841558347158
NASDAQ100,window_011,MetaDesigned_ECMADE_MOO,8,60,10,751,123,0.0981404439188398,0.0971404439188398,0.2114321213649412,0.2091730539342062,0.325082630588667,0.7530401426919046,1.183845596715246,-0.1665255347024213,1.0,0.001,10.151497900020331,0.04457936096888631,-0.16652553470242126,10,9.096256684491978,10.0,187,p0_lite_outputs\p1_rolling_window_market_validation_20260719\raw_configured_ecmade\NASDAQ100\window_011\MetaDesigned_ECMADE_MOO\run_008,1.0,0.5493306232479545,0.9688031097683322,0.009348263792324858,0.9666666666666667,1.3813005718766185,0.06519669704920651
NASDAQ100,window_001,MetaDesigned_ECMADE_MOO,9,60,10,755,124,0.2372127902815177,0.2362127902815177,0.5412421570935362,0.5387115534851759,0.3881600762713084,1.3093542440921155,2.087958480625093,-0.2704450549645989,1.0,0.001,10.22927080001682,0.04833509731886204,-0.2704450549645989,9,8.353159851301115,10.0,269,p0_lite_outputs\p1_rolling_window_market_validation_20260719\raw_configured_ecmade\NASDAQ100\window_001\MetaDesigned_ECMADE_MOO\run_009,1.0,1.0,1.0428222776043279,0.006681262783554849,0.975,1.3331614346819407,0.05506503119578042
NASDAQ100,window_002,MetaDesigned_ECMADE_MOO,9,59,10,755,126,0.2316933601403188,0.2306933601403188,0.517068533413749,0.5146061466934688,0.2489984888628277,1.7996413265057412,2.967003613203534,-0.1638501971214314,1.0000000000000002,0.001,9.925426799920388,0.03106491338769012,-0.16385019712143145,10,9.142241379310345,10.0,232,p0_lite_outputs\p1_rolling_window_market_validation_20260719\raw_configured_ecmade\NASDAQ100\window_002\MetaDesigned_ECMADE_MOO\run_009,1.0000000000000002,0.3589334557595902,1.0045167266367605,0.016566280296021973,0.8833333333333333,1.1280965717169698,0.06898044076606873
NASDAQ100,window_003,MetaDesigned_ECMADE_MOO,9,60,10,756,124,-0.4605844590588269,-0.4615844590588269,-0.7147673224628319,-0.7158409136629744,0.5652283934174073,-1.929937525698286,-3.4652589945162986,-0.4666423095049886,1.0,0.001,10.144686399959028,0.07212681468067558,-0.46664230950498886,10,9.643724696356275,10.0,247,p0_lite_outputs\p1_rolling_window_market_validation_20260719\raw_configured_ecmade\NASDAQ100\window_003\MetaDesigned_ECMADE_MOO\run_009,1.0,0.39671244770065045,0.9669816911740723,0.014964084475135635,0.925,1.1627244862393158,0.04620774997755841
NASDAQ100,window_004,MetaDesigned_ECMADE_MOO,9,60,10,756,125,-0.0919958168112718,-0.0929958168112718,-0.1768004881098852,-0.1786271776498642,0.3832174313513805,-0.3174222626904026,-0.5619533595560003,-0.2936041634947444,1.0,0.001,10.437489799922332,0.04588412227963282,-0.2936041634947444,9,9.015060240963855,10.0,332,p0_lite_outputs\p1_rolling_window_market_validation_20260719\raw_configured_ecmade\NASDAQ100\window_004\MetaDesigned_ECMADE_MOO\run_009,1.0,0.8110766545055281,0.9113675722190141,0.0049452631502066085,0.975,1.3352193520976754,0.012118936201436035
NASDAQ100,window_005,MetaDesigned_ECMADE_MOO,9,60,10,755,123,0.340190879740804,0.339190879740804,0.8219504762274374,0.8191663086153798,0.2817440552201186,2.272682096090519,3.4992245282613204,-0.1797450843111997,1.0,0.001,10.435112499981187,0.03626964728542797,-0.17974508431119973,8,8.86833855799373,9.0,319,p0_lite_outputs\p1_rolling_window_market_validation_20260719\raw_configured_ecmade\NASDAQ100\window_005\MetaDesigned_ECMADE_MOO\run_009,1.0,0.2697391358402525,0.9618119529992049,0.007609986833797624,0.95,1.2233130915815895,0.024074361037634277
NASDAQ100,window_006,MetaDesigned_ECMADE_MOO,9,60,10,753,125,0.1984269231663316,0.1974269231663316,0.4403926581683239,0.4379706492448421,0.2115217233853291,1.8316206359989915,3.0572696593830653,-0.0932970824282212,1.0000000000000002,0.001,9.919089500093833,0.02540222708679226,-0.09329708242822121,7,9.37012987012987,10.0,154,p0_lite_outputs\p1_rolling_window_market_validation_20260719\raw_configured_ecmade\NASDAQ100\window_006\MetaDesigned_ECMADE_MOO\run_009,1.0000000000000002,0.8058392695271172,1.029517872788659,0.013729677387250486,0.8083333333333333,1.354603382434581,0.11652107456945308
NASDAQ100,window_007,MetaDesigned_ECMADE_MOO,9,60,10,752,124,0.3521339039701405,0.3511339039701405,0.8461451650667651,0.8433714669385237,0.1625184866624901,3.858214201959158,6.959664687232882,-0.0644316994474802,1.0000000000000002,0.001,9.53561069990974,0.017372391457499917,-0.06443169944748028,10,7.947712418300654,9.0,153,p0_lite_outputs\p1_rolling_window_market_validation_20260719\raw_configured_ecmade\NASDAQ100\window_007\MetaDesigned_ECMADE_MOO\run_009,1.0000000000000002,0.48671972479465603,1.1623314248526124,0.006050292549857945,0.9916666666666667,0.9419031597732243,0.05843340586079221
NASDAQ100,window_008,MetaDesigned_ECMADE_MOO,9,60,10,752,126,0.1938939958405281,0.1928939958405281,0.425382873304063,0.4229960853123817,0.3480651881485831,1.1918635051472632,1.81761202067722,-0.1520528757503819,1.0,0.001,9.871495399973355,0.04725190629988413,-0.15205287575038196,10,8.977142857142857,10.0,175,p0_lite_outputs\p1_rolling_window_market_validation_20260719\raw_configured_ecmade\NASDAQ100\window_008\MetaDesigned_ECMADE_MOO\run_009,1.0,0.41519441129668105,0.9639820711867714,0.008317274904226702,0.9833333333333333,1.348008707742907,0.0587322556105027
NASDAQ100,window_009,MetaDesigned_ECMADE_MOO,9,59,10,752,122,0.2070969108635152,0.2060969108635152,0.4751779670708234,0.4726547694780358,0.3542041313637696,1.2734632196399611,1.8097230265882975,-0.2164742988552079,1.0,0.001,9.636628199950792,0.04715058588742072,-0.21647429885520797,9,9.455621301775148,10.0,169,p0_lite_outputs\p1_rolling_window_market_validation_20260719\raw_configured_ecmade\NASDAQ100\window_009\MetaDesigned_ECMADE_MOO\run_009,1.0,0.651302346294047,0.9732226495251539,0.014283155438044199,0.8416666666666667,1.3552388150990422,0.05937982927560061
NASDAQ100,window_010,MetaDesigned_ECMADE_MOO,9,60,10,750,126,0.03386150061527,0.03286150061527,0.0688696024544579,0.0668028794532276,0.1876825507465813,0.4489173513287821,0.6439570607980818,-0.1218198670471699,1.0,0.001,9.883421699982136,0.0263630965413457,-0.12181986704716985,9,9.206451612903226,10.0,155,p0_lite_outputs\p1_rolling_window_market_validation_20260719\raw_configured_ecmade\NASDAQ100\window_010\MetaDesigned_ECMADE_MOO\run_009,1.0,0.47496744793637585,1.0021270236934725,0.011727822100985613,0.9,1.3764073178102458,0.0670841558347158
NASDAQ100,window_011,MetaDesigned_ECMADE_MOO,9,60,10,751,123,0.0922493516896016,0.0912493516896016,0.1981548417843524,0.1959084886567454,0.3583646834945462,0.6841758186048839,1.0621879601697497,-0.1685526645365037,1.0,0.001,9.73078230000101,0.050430489625035345,-0.16855266453650375,10,8.870786516853933,10.0,178,p0_lite_outputs\p1_rolling_window_market_validation_20260719\raw_configured_ecmade\NASDAQ100\window_011\MetaDesigned_ECMADE_MOO\run_009,1.0,0.48600340161867467,0.969031358636033,0.009232782079427253,0.9833333333333333,1.390162014793887,0.06519669704920651
NASDAQ100,window_001,MetaDesigned_ECMADE_MOO,10,60,10,755,124,0.269928980359561,0.268928980359561,0.6251991701271857,0.6225994327899864,0.4257435502217801,1.354292134762973,2.186363110592707,-0.2916627069765377,0.9999999999999998,0.0009999999999999,10.044388200039975,0.0514206350912092,-0.2916627069765375,8,9.35930735930736,10.0,231,p0_lite_outputs\p1_rolling_window_market_validation_20260719\raw_configured_ecmade\NASDAQ100\window_001\MetaDesigned_ECMADE_MOO\run_010,0.9999999999999998,1.0,1.0047392034212008,0.04457857154718046,0.8333333333333334,1.007775370567438,0.05506503119578042
NASDAQ100,window_002,MetaDesigned_ECMADE_MOO,10,59,10,755,126,0.24234899325165,0.24134899325165,0.5434310210333884,0.5409473230468853,0.2617158304269891,1.7906643494967167,2.822089003751417,-0.1678396468541299,1.0,0.001,9.848881299956702,0.03394244770046003,-0.16783964685413022,10,9.25909090909091,10.0,220,p0_lite_outputs\p1_rolling_window_market_validation_20260719\raw_configured_ecmade\NASDAQ100\window_002\MetaDesigned_ECMADE_MOO\run_010,1.0,0.3577890722186585,0.9892250488610489,0.03394677783750382,0.825,0.9993841466251415,0.06898044076606873
NASDAQ100,window_003,MetaDesigned_ECMADE_MOO,10,60,10,756,124,-0.4252939588554112,-0.4262939588554112,-0.6755620037140434,-0.6767082411991074,0.5322447238870944,-1.8424936732707895,-3.0034522074440977,-0.4418211737859289,1.0,0.001,10.4827449999284,0.0716568429231185,-0.4418211737859289,10,9.708661417322835,10.0,254,p0_lite_outputs\p1_rolling_window_market_validation_20260719\raw_configured_ecmade\NASDAQ100\window_003\MetaDesigned_ECMADE_MOO\run_010,1.0,0.5279601575164083,0.9405625679620226,0.0322709258964802,0.725,1.059262081130724,0.04620774997755841
NASDAQ100,window_004,MetaDesigned_ECMADE_MOO,10,60,10,756,125,-0.1377354596177926,-0.1387354596177926,-0.2582606802504291,-0.2599938670233666,0.3907048390187522,-0.5696239979818313,-0.9518427780787136,-0.3379453842404254,1.0,0.001,10.108656600001268,0.04869080148697565,-0.3379453842404254,8,8.627986348122867,9.0,293,p0_lite_outputs\p1_rolling_window_market_validation_20260719\raw_configured_ecmade\NASDAQ100\window_004\MetaDesigned_ECMADE_MOO\run_010,1.0,0.786936920777325,0.9098048383005127,0.006106842509827774,0.9666666666666667,1.292370660386414,0.012118936201436035
NASDAQ100,window_005,MetaDesigned_ECMADE_MOO,10,60,10,755,123,0.3813602217691236,0.3803602217691236,0.9384657529964098,0.9355917863700244,0.2917850248474412,2.4172250915054865,3.760357111022527,-0.1790877095833694,1.0,0.001,10.37534890009556,0.03723902947766341,-0.1790877095833694,8,8.976833976833976,10.0,259,p0_lite_outputs\p1_rolling_window_market_validation_20260719\raw_configured_ecmade\NASDAQ100\window_005\MetaDesigned_ECMADE_MOO\run_010,1.0,0.22624806117594232,0.9632584156656158,0.00606854372776001,0.975,1.325919775197141,0.024074361037634277
NASDAQ100,window_006,MetaDesigned_ECMADE_MOO,10,60,10,753,125,0.2088591612922676,0.2078591612922676,0.4657821328136404,0.4633386926757101,0.2304616868754577,1.774932608656092,3.008323661392029,-0.0976793358789114,1.0,0.001,10.459655400016343,0.0268819970667209,-0.09767933587891142,6,6.81042654028436,7.0,211,p0_lite_outputs\p1_rolling_window_market_validation_20260719\raw_configured_ecmade\NASDAQ100\window_006\MetaDesigned_ECMADE_MOO\run_010,1.0,0.8479494216467277,1.0428586360226786,0.006788422528562875,0.9833333333333333,1.378180777445951,0.11652107456945308
NASDAQ100,window_007,MetaDesigned_ECMADE_MOO,10,60,10,752,124,0.3328461818227468,0.3318461818227468,0.7930203834197036,0.790287533113857,0.1617287093389391,3.695203780457866,6.757896480134368,-0.0688827111609806,1.0,0.001,9.62527299998328,0.016893110152033645,-0.06888271116098066,10,8.371794871794872,10.0,156,p0_lite_outputs\p1_rolling_window_market_validation_20260719\raw_configured_ecmade\NASDAQ100\window_007\MetaDesigned_ECMADE_MOO\run_010,1.0,0.5116787209023382,1.1611236087629988,0.006528609708887743,1.0,0.999987351456057,0.05843340586079221
NASDAQ100,window_008,MetaDesigned_ECMADE_MOO,10,60,10,752,126,0.0829523446315723,0.0819523446315723,0.1727857807430197,0.1706208760537568,0.2315574561811285,0.8045985181492691,1.1134179114501532,-0.1249911413571673,1.0,0.001,9.887550699990244,0.03334868238616461,-0.12499114135716727,10,8.69078947368421,9.0,152,p0_lite_outputs\p1_rolling_window_market_validation_20260719\raw_configured_ecmade\NASDAQ100\window_008\MetaDesigned_ECMADE_MOO\run_010,1.0,0.2612393025138445,0.9621487968320637,0.01009798440153808,0.9416666666666667,1.3440077857966346,0.0587322556105027
NASDAQ100,window_009,MetaDesigned_ECMADE_MOO,10,59,10,752,122,0.2587583224110827,0.2577583224110827,0.6085638595528975,0.6059253856360178,0.3938898429344937,1.4032485594345472,1.8659043787426943,-0.2442206646920499,1.0,0.001,9.846571400063112,0.05613134967518091,-0.24422066469204962,8,7.505836575875486,8.0,257,p0_lite_outputs\p1_rolling_window_market_validation_20260719\raw_configured_ecmade\NASDAQ100\window_009\MetaDesigned_ECMADE_MOO\run_010,1.0,0.5092141972744955,0.9881337751801784,0.006148195335492746,0.9916666666666667,1.3471978171186076,0.05937982927560061
NASDAQ100,window_010,MetaDesigned_ECMADE_MOO,10,60,10,750,126,-0.0793647832151027,-0.0803647832151027,-0.1524307976154252,-0.154271068048995,0.1713621663685328,-0.8786145251061693,-1.1550062110186587,-0.1354128171321394,1.0,0.001,10.201330100069754,0.02668649986461853,-0.13541281713213926,10,8.169491525423728,9.0,177,p0_lite_outputs\p1_rolling_window_market_validation_20260719\raw_configured_ecmade\NASDAQ100\window_010\MetaDesigned_ECMADE_MOO\run_010,1.0,0.5867760636206841,1.0066223192699382,0.008910801816147533,1.0,1.3861453933422245,0.0670841558347158
NASDAQ100,window_011,MetaDesigned_ECMADE_MOO,10,60,10,751,123,0.0444880938638465,0.0434880938638465,0.093274224918145,0.0911308262632644,0.2967191409169735,0.4491291586938496,0.6966937077553798,-0.1499343343459813,1.0,0.001,9.60647920006886,0.04115573241435847,-0.14993433434598147,10,9.73913043478261,10.0,184,p0_lite_outputs\p1_rolling_window_market_validation_20260719\raw_configured_ecmade\NASDAQ100\window_011\MetaDesigned_ECMADE_MOO\run_010,1.0,0.6343829377143788,0.9601380990973336,0.012694834844381431,0.8583333333333333,1.3597077857909854,0.06519669704920651
SP100,window_001,BayesianConfig_ECMADE_MOO,1,60,10,755,124,0.0287398763231039,0.0277398763231039,0.0592734883667942,0.0571819615284843,0.3482367540724012,0.3388551688539979,0.5236356912010182,-0.2306770489632277,1.0,0.001,4.146214300009888,0.04686469716288861,-0.2306770489632276,6,8.898507462686567,10.0,335,p0_lite_outputs\p1_rolling_window_market_validation_20260719\raw_configured_ecmade\SP100\window_001\BayesianConfig_ECMADE_MOO\run_001,1.0,1.0,0.9665998703627858,0.018805577380033748,0.8,1.2248208989810552,0.03400179564516837
SP100,window_002,BayesianConfig_ECMADE_MOO,1,60,10,755,126,0.2647636781753659,0.2637636781753659,0.5996271616316806,0.5970986342753302,0.2012319553500366,2.436583668038373,4.578459212432937,-0.0812552008189717,1.0,0.001,4.409539600019343,0.02289981185991612,-0.08125520081897175,8,8.567765567765568,9.0,273,p0_lite_outputs\p1_rolling_window_market_validation_20260719\raw_configured_ecmade\SP100\window_002\BayesianConfig_ECMADE_MOO\run_001,1.0,0.6274920443064975,0.9572513786696886,0.005574285409105686,0.9583333333333334,1.3703590258932747,0.028262059963957052
SP100,window_003,BayesianConfig_ECMADE_MOO,1,60,10,756,124,-0.2511815317900092,-0.2521815317900092,-0.4444786885867224,-0.4459853081184066,0.3965520014170703,-1.2818190066785369,-2.166776639351499,-0.2737649541484478,1.0,0.001,5.809114500007127,0.050314655338576424,-0.2737649541484478,10,9.763358778625955,10.0,262,p0_lite_outputs\p1_rolling_window_market_validation_20260719\raw_configured_ecmade\SP100\window_003\BayesianConfig_ECMADE_MOO\run_001,1.0,0.39969765352184383,0.9193782627761293,0.018050052435749753,0.8666666666666667,1.2174847021205055,0.03611408482507566
SP100,window_004,BayesianConfig_ECMADE_MOO,1,60,10,756,125,-0.1503998077741903,-0.1513998077741903,-0.280059446465325,-0.2817667581413557,0.2980154964866015,-0.952893567730812,-1.543579727927093,-0.273008797780561,1.0,0.001,3.979426299978513,0.03748090272360923,-0.273008797780561,7,9.219047619047618,10.0,315,p0_lite_outputs\p1_rolling_window_market_validation_20260719\raw_configured_ecmade\SP100\window_004\BayesianConfig_ECMADE_MOO\run_001,1.0,0.4390748073816867,0.925098014387665,0.005377068641508026,0.9916666666666667,1.3824139280189096,0.01338640887375038
SP100,window_005,BayesianConfig_ECMADE_MOO,1,60,10,755,123,0.3796063471599114,0.3786063471599113,0.9334266189409348,0.9305564805767989,0.191806237695025,3.537567513076895,5.837409167114918,-0.0925010592194447,1.0,0.001,4.174357099982444,0.022797098275384228,-0.09250105921944474,5,8.521452145214521,9.0,303,p0_lite_outputs\p1_rolling_window_market_validation_20260719\raw_configured_ecmade\SP100\window_005\BayesianConfig_ECMADE_MOO\run_001,1.0,0.34490326188063763,0.9849308159978324,0.00496862713869937,0.9833333333333333,1.3289269969663928,0.011074023830646642
SP100,window_006,BayesianConfig_ECMADE_MOO,1,60,10,753,125,0.1211722376736077,0.1201722376736077,0.2593296479368809,0.257066250607378,0.1576642094178476,1.5416576485859252,2.558532381130788,-0.081831641250866,1.0,0.001,10.172985000070184,0.018559102410554595,-0.08183164125086595,8,8.196296296296296,9.0,270,p0_lite_outputs\p1_rolling_window_market_validation_20260719\raw_configured_ecmade\SP100\window_006\BayesianConfig_ECMADE_MOO\run_001,1.0,0.51857552572928,1.0147692581192158,0.007347998426708476,0.9666666666666667,1.2717262422471782,0.022702385739888614
SP100,window_007,BayesianConfig_ECMADE_MOO,1,60,10,752,124,0.4188411296652645,0.4178411296652645,1.0359571256530762,1.0330420105711189,0.1604966809459213,4.515942956831349,8.277605764343065,-0.0622792775383546,1.0000000000000002,0.001,9.720266500022262,0.017135548246596955,-0.062279277538354605,10,8.265700483091788,9.0,207,p0_lite_outputs\p1_rolling_window_market_validation_20260719\raw_configured_ecmade\SP100\window_007\BayesianConfig_ECMADE_MOO\run_001,1.0000000000000002,0.35081401105141774,1.0793401301518926,0.007877936799146964,0.9416666666666667,1.337773546781536,0.06118631208223161
SP100,window_008,BayesianConfig_ECMADE_MOO,1,60,10,752,126,-0.0109483697033911,-0.0119483697033911,-0.0217768726076202,-0.0237539758682134,0.2632573987788761,0.0473729642804956,0.0775083780267808,-0.1568764547316198,1.0,0.0009999999999999,9.688924900023268,0.03252869643048069,-0.15687645473161982,7,8.462882096069869,9.0,229,p0_lite_outputs\p1_rolling_window_market_validation_20260719\raw_configured_ecmade\SP100\window_008\BayesianConfig_ECMADE_MOO\run_001,1.0,0.19940768539147707,1.02916865727684,0.006168164653137369,0.9833333333333333,1.3775477935312233,0.05520537796867313
SP100,window_009,BayesianConfig_ECMADE_MOO,1,60,10,752,122,0.1690042086097678,0.1680042086097678,0.3806357193226974,0.378197314747752,0.308485161396072,1.2003933175323949,1.59817800951431,-0.1905374980081794,1.0,0.001,9.552219000062903,0.04323956075093401,-0.19053749800817943,10,9.603686635944701,10.0,217,p0_lite_outputs\p1_rolling_window_market_validation_20260719\raw_configured_ecmade\SP100\window_009\BayesianConfig_ECMADE_MOO\run_001,1.0,0.2335637768817105,1.0559049552518283,0.010400690472074496,0.925,1.2688820003661392,0.02764111936327739
SP100,window_010,BayesianConfig_ECMADE_MOO,1,60,10,750,126,0.1521866754459582,0.1511866754459582,0.3275341350752099,0.3252307617243182,0.180845099057316,1.6581204423231828,2.3966318146050485,-0.0884999784929277,1.0,0.001,9.75894570001401,0.024202021989423957,-0.08849997849292779,9,9.014440433212997,10.0,277,p0_lite_outputs\p1_rolling_window_market_validation_20260719\raw_configured_ecmade\SP100\window_010\BayesianConfig_ECMADE_MOO\run_001,1.0,0.5956246173803971,1.021800655222918,0.01669990383635395,0.8,1.3068625279613584,0.0856859179994344
SP100,window_011,BayesianConfig_ECMADE_MOO,1,60,10,751,123,0.0817441965948948,0.0807441965948948,0.1746642763007277,0.1724405873474734,0.2222076853999146,0.835580649552987,1.4527316072694811,-0.1399461495753208,1.0,0.001,9.84609719994478,0.026489154267822473,-0.1399461495753208,8,8.41090909090909,9.0,275,p0_lite_outputs\p1_rolling_window_market_validation_20260719\raw_configured_ecmade\SP100\window_011\BayesianConfig_ECMADE_MOO\run_001,1.0,0.38643435713656477,0.9731273006159871,0.008439362302801297,0.8916666666666667,1.2725214569792183,0.0323681178214239
SP100,window_001,BayesianConfig_ECMADE_MOO,2,60,10,755,124,0.0169781866081322,0.0159781866081322,0.0348064684351276,0.0327396330454921,0.369354779203812,0.2764250303021578,0.4315691826268398,-0.2436300833252014,1.0,0.001,4.400160500023048,0.04948217700105804,-0.24363008332520142,10,8.976439790575917,10.0,382,p0_lite_outputs\p1_rolling_window_market_validation_20260719\raw_configured_ecmade\SP100\window_001\BayesianConfig_ECMADE_MOO\run_002,1.0,1.0,0.9865165229939257,0.007364373762046774,0.9166666666666666,1.3844040471866426,0.03400179564516837
SP100,window_002,BayesianConfig_ECMADE_MOO,2,60,10,755,126,0.2794221979704585,0.2784221979704585,0.6369211606595593,0.6343633162636186,0.2023184613386159,2.538857872924716,4.746150443612596,-0.0781877729872091,1.0,0.001,3.91783230000874,0.023321519528916583,-0.07818777298720914,10,9.180272108843537,10.0,294,p0_lite_outputs\p1_rolling_window_market_validation_20260719\raw_configured_ecmade\SP100\window_002\BayesianConfig_ECMADE_MOO\run_002,1.0,0.6185791385353143,0.9569041481053808,0.006218889582737512,0.9833333333333333,1.3672560992503227,0.028262059963957052
SP100,window_003,BayesianConfig_ECMADE_MOO,2,60,10,756,124,-0.2671429691495359,-0.2681429691495359,-0.4682784035881673,-0.4697518621720141,0.4259087857801102,-1.2677193539003029,-2.178772587737187,-0.2818600476981235,1.0,0.001,4.14187429996673,0.053437451364208875,-0.2818600476981237,10,9.245421245421245,10.0,273,p0_lite_outputs\p1_rolling_window_market_validation_20260719\raw_configured_ecmade\SP100\window_003\BayesianConfig_ECMADE_MOO\run_002,1.0,0.2846896797800663,0.9341849538746624,0.009800157159320842,0.8916666666666667,1.2884300473587966,0.03611408482507566
SP100,window_004,BayesianConfig_ECMADE_MOO,2,60,10,756,125,-0.1311553343915548,-0.1321553343915548,-0.2468051318304608,-0.2485517651596789,0.2907818639862067,-0.8289020220027757,-1.3694569186764802,-0.2473403688425981,1.0,0.001,3.914445700007491,0.035778451037626044,-0.24734036884259814,10,9.349514563106796,10.0,309,p0_lite_outputs\p1_rolling_window_market_validation_20260719\raw_configured_ecmade\SP100\window_004\BayesianConfig_ECMADE_MOO\run_002,1.0,0.3456223740604446,0.9264227588751115,0.0052963885743238775,0.9916666666666667,1.3585771335590948,0.01338640887375038
SP100,window_005,BayesianConfig_ECMADE_MOO,2,60,10,755,123,0.3698248527957022,0.3688248527957022,0.9054461082385326,0.9025973160254508,0.1896809800405521,3.4980517133440623,5.93963072111846,-0.0909953758175607,1.0,0.001,10.095019800006412,0.022469389545792258,-0.09099537581756079,8,8.987704918032787,10.0,244,p0_lite_outputs\p1_rolling_window_market_validation_20260719\raw_configured_ecmade\SP100\window_005\BayesianConfig_ECMADE_MOO\run_002,1.0,0.3047466311312179,0.9842152769758482,0.006047583364630112,0.975,1.3158739426478245,0.011074023830646642
SP100,window_006,BayesianConfig_ECMADE_MOO,2,60,10,753,125,0.1097941437000915,0.1087941437000915,0.2336976468118663,0.231457595349807,0.1689279693094185,1.3279443212700357,2.1570097961977197,-0.0921177363472451,1.0,0.001,9.996448199963195,0.020948211218598942,-0.0921177363472454,10,8.777777777777779,9.0,288,p0_lite_outputs\p1_rolling_window_market_validation_20260719\raw_configured_ecmade\SP100\window_006\BayesianConfig_ECMADE_MOO\run_002,1.0,0.3851190751901631,1.0126611542822772,0.013234911866691821,0.9,1.1541984859177103,0.022702385739888614
SP100,window_007,BayesianConfig_ECMADE_MOO,2,60,10,752,124,0.4530899379096067,0.4520899379096067,1.1370773070930666,1.1340895016937296,0.1760635434745504,4.407536096609557,7.908080424112359,-0.0664389172799231,1.0,0.001,9.428607299923897,0.01907644451509815,-0.06643891727992313,9,8.901315789473685,10.0,152,p0_lite_outputs\p1_rolling_window_market_validation_20260719\raw_configured_ecmade\SP100\window_007\BayesianConfig_ECMADE_MOO\run_002,1.0,0.4251895774326388,1.0116399135541831,0.1633805879693868,0.5333333333333333,0.8128722365483075,0.06118631208223161
SP100,window_008,BayesianConfig_ECMADE_MOO,2,60,10,752,126,0.0184562109582371,0.0174562109582371,0.0372530536394091,0.0352171412174928,0.2489915719104423,0.2707551858903956,0.4441644616795857,-0.1356196683730169,1.0,0.001,9.905893999966793,0.030836461108809204,-0.13561966837301698,7,8.243506493506494,9.0,308,p0_lite_outputs\p1_rolling_window_market_validation_20260719\raw_configured_ecmade\SP100\window_008\BayesianConfig_ECMADE_MOO\run_002,1.0,0.2275774083812685,1.0328916166579225,0.005271553683854902,0.9833333333333333,1.3346597402035827,0.05520537796867313
SP100,window_009,BayesianConfig_ECMADE_MOO,2,60,10,752,122,0.1630319234851462,0.1620319234851462,0.3661058846529605,0.3636807578937517,0.2893024503068277,1.2238035207806708,1.5744459428979094,-0.1795445269540576,1.0,0.001,9.493761599995196,0.04081558471669161,-0.17954452695405765,10,9.44131455399061,10.0,213,p0_lite_outputs\p1_rolling_window_market_validation_20260719\raw_configured_ecmade\SP100\window_009\BayesianConfig_ECMADE_MOO\run_002,1.0,0.2355375769979564,1.0591779742007006,0.009673200418624902,0.9333333333333333,1.248483102667845,0.02764111936327739
SP100,window_010,BayesianConfig_ECMADE_MOO,2,60,10,750,126,0.1421564336482548,0.1411564336482548,0.3045213189241003,0.3022380060568035,0.1861314099443843,1.5222044695047112,2.191361246475536,-0.0872439878744814,1.0,0.001,9.577967299963348,0.025376325146546058,-0.08724398787448162,10,9.294820717131474,10.0,251,p0_lite_outputs\p1_rolling_window_market_validation_20260719\raw_configured_ecmade\SP100\window_010\BayesianConfig_ECMADE_MOO\run_002,1.0,0.6670452444147761,1.022181171871033,0.013867849216854907,0.8083333333333333,1.2883157401609355,0.0856859179994344
SP100,window_011,BayesianConfig_ECMADE_MOO,2,60,10,751,123,0.0881439573748719,0.0871439573748719,0.1889464313425388,0.1867089366025192,0.2276363110595862,0.8741293656337243,1.4723918796971214,-0.1448426937817875,1.0000000000000002,0.001,9.817017100052908,0.027145214020122637,-0.1448426937817875,8,8.834586466165414,10.0,266,p0_lite_outputs\p1_rolling_window_market_validation_20260719\raw_configured_ecmade\SP100\window_011\BayesianConfig_ECMADE_MOO\run_002,1.0000000000000002,0.36895293837295745,0.9800730255603295,0.00599948190994082,0.9583333333333334,1.3180372321086846,0.0323681178214239
SP100,window_001,BayesianConfig_ECMADE_MOO,3,60,10,755,124,0.0177906985723756,0.0167906985723756,0.0364873424663638,0.0344188016562578,0.3701660576613336,0.2809561797381559,0.4403563803266884,-0.2428073440390636,1.0,0.001,4.322837500018068,0.04943507154650945,-0.24280734403906368,9,8.854700854700855,10.0,351,p0_lite_outputs\p1_rolling_window_market_validation_20260719\raw_configured_ecmade\SP100\window_001\BayesianConfig_ECMADE_MOO\run_003,1.0,1.0,0.989566174925478,0.005027442849427479,0.9916666666666667,1.3971103847292359,0.03400179564516837
SP100,window_002,BayesianConfig_ECMADE_MOO,3,60,10,755,126,0.239471361294651,0.238471361294651,0.5362892554696155,0.5338113127470265,0.1929677203451742,2.3229102226160245,4.304488528394726,-0.0826487607438183,1.0,0.001,3.808591999986674,0.022260241183229522,-0.08264876074381833,8,9.109375,10.0,256,p0_lite_outputs\p1_rolling_window_market_validation_20260719\raw_configured_ecmade\SP100\window_002\BayesianConfig_ECMADE_MOO\run_003,1.0,0.6586127377527219,0.9542667055626206,0.0072786962962725745,0.925,1.3493974719401978,0.028262059963957052
SP100,window_003,BayesianConfig_ECMADE_MOO,3,60,10,756,124,-0.267396413894013,-0.268396413894013,-0.468652040403278,-0.4701249726254916,0.4205619854274094,-1.2908744026767671,-2.2267876673776343,-0.2796480098473003,1.0,0.0009999999999999,4.000030500057619,0.05296529515238589,-0.2796480098473004,9,9.214953271028037,10.0,321,p0_lite_outputs\p1_rolling_window_market_validation_20260719\raw_configured_ecmade\SP100\window_003\BayesianConfig_ECMADE_MOO\run_003,1.0,0.31232915053701776,0.9416409520130087,0.005316752868517568,0.9666666666666667,1.371953251616123,0.03611408482507566
SP100,window_004,BayesianConfig_ECMADE_MOO,3,60,10,756,125,-0.1451679798933268,-0.1461679798933268,-0.2710937812008215,-0.2728117815153817,0.2984895278269915,-0.9095017806559637,-1.4665406330780244,-0.2726570402346322,1.0000000000000002,0.001,3.890039500023704,0.03742724111451721,-0.2726570402346322,10,9.453333333333333,10.0,300,p0_lite_outputs\p1_rolling_window_market_validation_20260719\raw_configured_ecmade\SP100\window_004\BayesianConfig_ECMADE_MOO\run_003,1.0000000000000002,0.35760126486856486,0.923819285089691,0.005763120090462761,0.9833333333333333,1.371010297536329,0.01338640887375038
SP100,window_005,BayesianConfig_ECMADE_MOO,3,60,10,755,123,0.4299710250842905,0.4289710250842905,1.0808051480742535,1.0778249830313564,0.1957075583085869,3.8473033512577137,6.176333922020037,-0.0988285898389371,1.0,0.001,10.582355400023516,0.022888788263562023,-0.09882858983893716,9,8.735735735735735,9.0,333,p0_lite_outputs\p1_rolling_window_market_validation_20260719\raw_configured_ecmade\SP100\window_005\BayesianConfig_ECMADE_MOO\run_003,1.0,0.3059423275679879,0.9855122966741319,0.005329706117352149,0.9916666666666667,1.3411353908812265,0.011074023830646642
SP100,window_006,BayesianConfig_ECMADE_MOO,3,60,10,753,125,0.1144704356523957,0.1134704356523957,0.2442000117177829,0.2419503657804869,0.1666189226479943,1.3947583091668636,2.334303739790002,-0.0933569776027365,1.0,0.001,10.014313600026073,0.019801309702833645,-0.09335697760273654,10,8.658333333333333,9.0,240,p0_lite_outputs\p1_rolling_window_market_validation_20260719\raw_configured_ecmade\SP100\window_006\BayesianConfig_ECMADE_MOO\run_003,1.0,0.49159497283390763,1.013591491362079,0.0069661912318189885,0.9666666666666667,1.2740996642224889,0.022702385739888614
SP100,window_007,BayesianConfig_ECMADE_MOO,3,60,10,752,124,0.3986828864342542,0.3976828864342542,0.977603142596252,0.9747307853728168,0.1667160996554686,4.178621397711748,7.645140553880797,-0.0659816803695431,1.0,0.001,9.665746100014076,0.01794560724838102,-0.0659816803695431,7,8.211453744493392,9.0,227,p0_lite_outputs\p1_rolling_window_market_validation_20260719\raw_configured_ecmade\SP100\window_007\BayesianConfig_ECMADE_MOO\run_003,1.0,0.48343358583110263,1.080808934029417,0.006955405437492746,0.9416666666666667,1.365222790664828,0.06118631208223161
SP100,window_008,BayesianConfig_ECMADE_MOO,3,60,10,752,126,0.0066058984165624,0.0056058984165624,0.0132554347270148,0.0112432229301819,0.2628111672375752,0.1809515348809563,0.2919951188402043,-0.1439826022971266,1.0,0.001,10.133397900033742,0.032586118995556246,-0.14398260229712667,7,8.252830188679246,9.0,265,p0_lite_outputs\p1_rolling_window_market_validation_20260719\raw_configured_ecmade\SP100\window_008\BayesianConfig_ECMADE_MOO\run_003,1.0,0.24056844944324404,1.032452431810044,0.005300768400259043,0.9833333333333333,1.3641751272942337,0.05520537796867313
SP100,window_009,BayesianConfig_ECMADE_MOO,3,60,10,752,122,0.1838398828789236,0.1828398828789236,0.4170723698447494,0.4146009628085683,0.2874953754577644,1.3572231360349656,1.7199472364160244,-0.1865455909887071,1.0,0.001,9.857852200046182,0.04015662604591149,-0.18654559098870716,10,9.403571428571428,10.0,280,p0_lite_outputs\p1_rolling_window_market_validation_20260719\raw_configured_ecmade\SP100\window_009\BayesianConfig_ECMADE_MOO\run_003,1.0,0.28993751728996814,1.058604770758057,0.00825490154365251,0.925,1.3635968094718014,0.02764111936327739
SP100,window_010,BayesianConfig_ECMADE_MOO,3,60,10,750,126,0.1546366589367245,0.1536366589367245,0.3331858141605619,0.3308775408426883,0.1772883387736718,1.711743554252979,2.4810368043589963,-0.0809821430530384,1.0,0.001,10.043996899970807,0.023575133057246397,-0.08098214305303841,10,9.31294964028777,10.0,278,p0_lite_outputs\p1_rolling_window_market_validation_20260719\raw_configured_ecmade\SP100\window_010\BayesianConfig_ECMADE_MOO\run_003,1.0,0.5872730550609024,1.0297203710935665,0.008134615789565276,0.925,1.3247093794325422,0.0856859179994344
SP100,window_011,BayesianConfig_ECMADE_MOO,3,60,10,751,123,0.0814908409110366,0.0804908409110366,0.17410068805556,0.171877545568142,0.216502432464664,0.8495566582898685,1.4235804374637002,-0.1263792909081768,1.0,0.001,9.980147100053728,0.025375299130443042,-0.1263792909081768,9,8.581993569131832,10.0,311,p0_lite_outputs\p1_rolling_window_market_validation_20260719\raw_configured_ecmade\SP100\window_011\BayesianConfig_ECMADE_MOO\run_003,1.0,0.429709794922888,0.976127742577248,0.010938729643873497,0.9,1.2177269135342192,0.0323681178214239
SP100,window_001,BayesianConfig_ECMADE_MOO,4,60,10,755,124,0.0150265782187055,0.0140265782187055,0.030774764142609,0.0287120248980339,0.3668261831606387,0.2652897298933238,0.411773054801315,-0.2426103425904602,1.0,0.001,4.143910000042524,0.049635650504142884,-0.24261034259046022,9,9.379310344827585,10.0,290,p0_lite_outputs\p1_rolling_window_market_validation_20260719\raw_configured_ecmade\SP100\window_001\BayesianConfig_ECMADE_MOO\run_004,1.0,1.0,0.9592024247573485,0.05208309573984886,0.7916666666666666,1.0354889980325195,0.03400179564516837
SP100,window_002,BayesianConfig_ECMADE_MOO,4,60,10,755,126,0.2828758950214571,0.2818758950214571,0.6457705620271048,0.6432058102370621,0.2049649838909395,2.534939144960627,4.55748460399912,-0.0829008538107983,1.0,0.001,3.9163689999841154,0.023812945170898988,-0.08290085381079837,10,9.061371841155236,10.0,277,p0_lite_outputs\p1_rolling_window_market_validation_20260719\raw_configured_ecmade\SP100\window_002\BayesianConfig_ECMADE_MOO\run_004,1.0,0.6047482379650598,0.9554791182108201,0.007409726885241572,0.9416666666666667,1.302415071906708,0.028262059963957052
SP100,window_003,BayesianConfig_ECMADE_MOO,4,60,10,756,124,-0.252589106995065,-0.253589106995065,-0.4465987727418041,-0.4481024670177761,0.4008487762983022,-1.2734556514068442,-2.18937904198092,-0.2827374848942694,1.0,0.001,4.139910899975803,0.04927316135373153,-0.2827374848942694,9,8.364942528735632,9.0,348,p0_lite_outputs\p1_rolling_window_market_validation_20260719\raw_configured_ecmade\SP100\window_003\BayesianConfig_ECMADE_MOO\run_004,1.0,0.4167131006607643,0.9397519795833625,0.007521962507788559,0.9083333333333333,1.3004569443381426,0.03611408482507566
SP100,window_004,BayesianConfig_ECMADE_MOO,4,60,10,756,125,-0.1331952909607638,-0.1341952909607638,-0.2503660202336969,-0.2521084847148974,0.291414448777302,-0.8427019518271318,-1.391735087880947,-0.2514452309021204,1.0,0.001,3.794850300007965,0.036200133551481294,-0.25144523090212045,10,9.173913043478262,10.0,299,p0_lite_outputs\p1_rolling_window_market_validation_20260719\raw_configured_ecmade\SP100\window_004\BayesianConfig_ECMADE_MOO\run_004,1.0,0.4124759022114495,0.9262966623203311,0.004932834361407169,0.9916666666666667,1.3777226523110553,0.01338640887375038
SP100,window_005,BayesianConfig_ECMADE_MOO,4,60,10,755,123,0.3885706756648688,0.3875706756648688,0.959252975187176,0.9563632674846336,0.1906245662275566,3.628126983040098,6.171419592301736,-0.093363116218198,1.0,0.001,10.29061470000306,0.02234254463775947,-0.09336311621819804,10,9.25552050473186,10.0,317,p0_lite_outputs\p1_rolling_window_market_validation_20260719\raw_configured_ecmade\SP100\window_005\BayesianConfig_ECMADE_MOO\run_004,1.0,0.2879674114891008,0.9847039175148578,0.0051768704312154384,1.0,1.3777507845579748,0.011074023830646642
SP100,window_006,BayesianConfig_ECMADE_MOO,4,60,10,753,125,0.1294090588300376,0.1284090588300376,0.278050910099479,0.2757706098784758,0.1665099837600588,1.5569920734996232,2.55207346297944,-0.0866820927926718,1.0,0.001,9.89864170004148,0.020204867139216837,-0.0866820927926718,8,8.570815450643776,9.0,233,p0_lite_outputs\p1_rolling_window_market_validation_20260719\raw_configured_ecmade\SP100\window_006\BayesianConfig_ECMADE_MOO\run_004,1.0,0.49181205901946545,1.0157466222073859,0.0063122594807714745,0.975,1.340874350437545,0.022702385739888614
SP100,window_007,BayesianConfig_ECMADE_MOO,4,60,10,752,124,0.403677704324773,0.402677704324773,0.9919817940642308,0.9890988441229384,0.1617013983290847,4.348082940022792,8.219738783517561,-0.0622702155740533,1.0,0.001,9.495297299930826,0.016639560512556308,-0.06227021557405332,10,9.277777777777779,10.0,162,p0_lite_outputs\p1_rolling_window_market_validation_20260719\raw_configured_ecmade\SP100\window_007\BayesianConfig_ECMADE_MOO\run_004,1.0,0.394989263794367,1.0706015768579016,0.01128594369415335,0.8416666666666667,1.3490504030826822,0.06118631208223161
SP100,window_008,BayesianConfig_ECMADE_MOO,4,60,10,752,126,-0.0199537057155361,-0.0209537057155361,-0.0395092610592899,-0.0414683536478589,0.2390229290314819,-0.0497017151816478,-0.081048758250815,-0.1418771042263814,0.9999999999999998,0.0009999999999999,9.626197700039484,0.029814893834263997,-0.14187710422638133,7,8.5,9.0,226,p0_lite_outputs\p1_rolling_window_market_validation_20260719\raw_configured_ecmade\SP100\window_008\BayesianConfig_ECMADE_MOO\run_004,0.9999999999999998,0.26921651094980525,1.0299344788401708,0.005597590975686994,0.9833333333333333,1.363288509363275,0.05520537796867313
SP100,window_009,BayesianConfig_ECMADE_MOO,4,60,10,752,122,0.185983364451121,0.184983364451121,0.422377283193265,0.4199011056578758,0.3059016931774527,1.3055541755638913,1.7243944550270645,-0.1853414563110875,1.0000000000000002,0.001,9.782262299908323,0.04356951518266455,-0.18534145631108756,10,9.329588014981274,10.0,267,p0_lite_outputs\p1_rolling_window_market_validation_20260719\raw_configured_ecmade\SP100\window_009\BayesianConfig_ECMADE_MOO\run_004,1.0000000000000002,0.2728752631727242,1.0611320903850086,0.009757342836439874,0.9083333333333333,1.200873235783922,0.02764111936327739
SP100,window_010,BayesianConfig_ECMADE_MOO,4,60,10,750,126,0.1738788694745894,0.1728788694745894,0.37799160019894,0.3756448424599912,0.1794498243818252,1.877675317689894,2.7117083249983898,-0.0770722659667476,1.0,0.001,9.95723319996614,0.023782185922356897,-0.07707226596674766,10,9.309090909090909,10.0,330,p0_lite_outputs\p1_rolling_window_market_validation_20260719\raw_configured_ecmade\SP100\window_010\BayesianConfig_ECMADE_MOO\run_004,1.0,0.5900284895268135,1.033058946086494,0.006559387276566638,0.9666666666666667,1.343331598375357,0.0856859179994344
SP100,window_011,BayesianConfig_ECMADE_MOO,4,60,10,751,123,0.0804728895735913,0.0794728895735913,0.1718376568941531,0.1696167099748808,0.2186807414710818,0.8344418031808136,1.4517537401390377,-0.1284743072500743,1.0,0.001,9.92009929998312,0.026027729497625534,-0.12847430725007436,10,8.989399293286219,10.0,283,p0_lite_outputs\p1_rolling_window_market_validation_20260719\raw_configured_ecmade\SP100\window_011\BayesianConfig_ECMADE_MOO\run_004,1.0,0.45358082959240564,0.9763736226226876,0.007244322982840291,0.925,1.288885007408953,0.0323681178214239
SP100,window_001,BayesianConfig_ECMADE_MOO,5,60,10,755,124,0.0293869847698586,0.0283869847698586,0.0606280520547874,0.0585351664689748,0.3438775276088582,0.3424037206566435,0.5290986356183566,-0.2271334787299738,1.0,0.001,3.957626599993091,0.04606195130538456,-0.22713347872997391,9,8.958955223880597,10.0,268,p0_lite_outputs\p1_rolling_window_market_validation_20260719\raw_configured_ecmade\SP100\window_001\BayesianConfig_ECMADE_MOO\run_005,1.0,1.0,0.9763412032073591,0.030211967876585626,0.8333333333333334,1.1228483031866423,0.03400179564516837
SP100,window_002,BayesianConfig_ECMADE_MOO,5,60,10,755,126,0.2329451535587232,0.2319451535587232,0.5201537516839436,0.517688861376826,0.1959155380885436,2.236870610807045,4.273929570139833,-0.0859606692644704,1.0,0.001,3.737092299968936,0.02252400663511403,-0.08596066926447044,10,8.880597014925373,10.0,268,p0_lite_outputs\p1_rolling_window_market_validation_20260719\raw_configured_ecmade\SP100\window_002\BayesianConfig_ECMADE_MOO\run_005,1.0,0.6118381276940627,0.956318343269388,0.006087040887486722,0.9666666666666667,1.369318871731645,0.028262059963957052
SP100,window_003,BayesianConfig_ECMADE_MOO,5,60,10,756,124,-0.2486326590497727,-0.2496326590497727,-0.4406291070210515,-0.4421410241311889,0.4103721400536275,-1.2083159690429677,-2.04883192995318,-0.2748268895396892,1.0,0.001,3.747718400030863,0.05124619320844814,-0.27482688953968937,10,9.736434108527131,10.0,258,p0_lite_outputs\p1_rolling_window_market_validation_20260719\raw_configured_ecmade\SP100\window_003\BayesianConfig_ECMADE_MOO\run_005,1.0,0.414501162887072,0.9255450228727694,0.014517897823192398,0.8583333333333333,1.2261013231061841,0.03611408482507566
SP100,window_004,BayesianConfig_ECMADE_MOO,5,60,10,756,125,-0.153530507919589,-0.154530507919589,-0.2853977138157475,-0.2870986299664114,0.3027430335856594,-0.957852638731538,-1.541961431066843,-0.2797562267572882,1.0,0.001,3.8530182000249615,0.03795476400140484,-0.2797562267572883,10,9.567567567567568,10.0,296,p0_lite_outputs\p1_rolling_window_market_validation_20260719\raw_configured_ecmade\SP100\window_004\BayesianConfig_ECMADE_MOO\run_005,1.0,0.3645501136412744,0.922351742102125,0.006920920247770977,0.975,1.3359184293210027,0.01338640887375038
SP100,window_005,BayesianConfig_ECMADE_MOO,5,60,10,755,123,0.3553754184722892,0.3543754184722892,0.8644946506645519,0.8616773778238309,0.1866973177699922,3.434280578626582,5.782472765099833,-0.0892269279297566,1.0,0.001,10.018491499999072,0.02259372909226833,-0.08922692792975662,10,9.010752688172044,10.0,279,p0_lite_outputs\p1_rolling_window_market_validation_20260719\raw_configured_ecmade\SP100\window_005\BayesianConfig_ECMADE_MOO\run_005,1.0,0.35303583518672765,0.9829512522521326,0.006605533101765423,0.9583333333333334,1.3073808401167344,0.011074023830646642
SP100,window_006,BayesianConfig_ECMADE_MOO,5,60,10,753,125,0.1271914737678015,0.1261914737678015,0.2729969209857599,0.2707211716956101,0.1620277931228327,1.571047307497299,2.628789101513336,-0.0837794110425407,1.0,0.001,10.13570590002928,0.019031687005327425,-0.08377941104254072,10,8.38961038961039,9.0,231,p0_lite_outputs\p1_rolling_window_market_validation_20260719\raw_configured_ecmade\SP100\window_006\BayesianConfig_ECMADE_MOO\run_005,1.0,0.4367622031762734,1.0156430547737711,0.007026972917684061,0.9416666666666667,1.2714166318090412,0.022702385739888614
SP100,window_007,BayesianConfig_ECMADE_MOO,5,60,10,752,124,0.4522882200031191,0.4512882200031191,1.1346817612424789,1.131695658061528,0.1731732908364772,4.471691397042641,7.951598189316087,-0.0630708785602546,1.0,0.001,9.859472699929029,0.01892903436071518,-0.06307087856025462,8,9.166666666666666,10.0,216,p0_lite_outputs\p1_rolling_window_market_validation_20260719\raw_configured_ecmade\SP100\window_007\BayesianConfig_ECMADE_MOO\run_005,1.0,0.348864722072966,1.0772277307529452,0.008453736541709243,0.95,1.3310143439505602,0.06118631208223161
SP100,window_008,BayesianConfig_ECMADE_MOO,5,60,10,752,126,0.017018719167732,0.016018719167732,0.0343270751375741,0.0322940376992384,0.2582050640155002,0.2591872245895992,0.4274625674164795,-0.1471016225898122,1.0,0.001,9.50954030000139,0.031995402979132066,-0.1471016225898122,9,8.008264462809917,8.0,242,p0_lite_outputs\p1_rolling_window_market_validation_20260719\raw_configured_ecmade\SP100\window_008\BayesianConfig_ECMADE_MOO\run_005,1.0,0.10854737616855935,1.030640399751074,0.0053629447213155695,0.9833333333333333,1.3775463479752894,0.05520537796867313
SP100,window_009,BayesianConfig_ECMADE_MOO,5,60,10,752,122,0.1720951982450473,0.1710951982450473,0.3881868625505329,0.3857415842184153,0.2958604844138864,1.257321683596604,1.6354508269689358,-0.1856704884681572,1.0,0.001,9.521641100058332,0.04137337693075655,-0.18567048846815726,9,8.82882882882883,9.0,222,p0_lite_outputs\p1_rolling_window_market_validation_20260719\raw_configured_ecmade\SP100\window_009\BayesianConfig_ECMADE_MOO\run_005,1.0,0.2162388516624158,1.0573448725678491,0.010665909289380845,0.9,1.2164218110286518,0.02764111936327739
SP100,window_010,BayesianConfig_ECMADE_MOO,5,60,10,750,126,0.1563507551698755,0.1553507551698755,0.3371470689819413,0.3348353674716013,0.1777020366288856,1.7248872355614542,2.4968128345505005,-0.0819186420490689,1.0,0.001,9.50735060009174,0.023499836769657757,-0.08191864204906896,10,9.135802469135802,10.0,243,p0_lite_outputs\p1_rolling_window_market_validation_20260719\raw_configured_ecmade\SP100\window_010\BayesianConfig_ECMADE_MOO\run_005,1.0,0.5432703702359238,0.9365653536066805,0.12927493284659047,0.6166666666666667,0.8613014170182975,0.0856859179994344
SP100,window_011,BayesianConfig_ECMADE_MOO,5,60,10,751,123,0.0775518840812705,0.0765518840812705,0.1653563097157635,0.1631416624058734,0.2213197408973821,0.8020644567211408,1.401862096367485,-0.1370233329274075,1.0,0.001,9.641410899930634,0.026124445909405852,-0.13702333292740754,8,8.844961240310077,10.0,258,p0_lite_outputs\p1_rolling_window_market_validation_20260719\raw_configured_ecmade\SP100\window_011\BayesianConfig_ECMADE_MOO\run_005,1.0,0.3990701798490069,0.9762791483064479,0.006661009347716642,0.9333333333333333,1.369968741350583,0.0323681178214239
SP100,window_001,BayesianConfig_ECMADE_MOO,6,60,10,755,124,0.02576883508774,0.02476883508774,0.0530656236954598,0.0509803348619293,0.3477562908022626,0.3219206201329469,0.4947885897749643,-0.2313448136177034,1.0,0.001,4.121603999985382,0.04703815979712738,-0.23134481361770343,5,9.016666666666667,10.0,300,p0_lite_outputs\p1_rolling_window_market_validation_20260719\raw_configured_ecmade\SP100\window_001\BayesianConfig_ECMADE_MOO\run_006,1.0,1.0,0.9705905815019604,0.035934828617482185,0.825,1.0883952572874773,0.03400179564516837
SP100,window_002,BayesianConfig_ECMADE_MOO,6,60,10,755,126,0.2696308686911377,0.2686308686911377,0.611962542733413,0.6094242809960304,0.2001596021873501,2.487042747524613,4.491850716646162,-0.0881710493976127,1.0,0.001,4.792152800015174,0.022872688235016755,-0.08817104939761278,8,9.48972602739726,10.0,292,p0_lite_outputs\p1_rolling_window_market_validation_20260719\raw_configured_ecmade\SP100\window_002\BayesianConfig_ECMADE_MOO\run_006,1.0,0.6468054767094967,0.9555808207149818,0.006338879075084459,0.9666666666666667,1.3669879832441452,0.028262059963957052
SP100,window_003,BayesianConfig_ECMADE_MOO,6,60,10,756,124,-0.2277594513429146,-0.2287594513429146,-0.4085959154618935,-0.4101512371164451,0.3766966374451652,-1.204220162820458,-2.036180083350065,-0.2547877234694946,1.0,0.001,4.038177499955054,0.046884169991485224,-0.2547877234694945,9,9.197986577181208,10.0,298,p0_lite_outputs\p1_rolling_window_market_validation_20260719\raw_configured_ecmade\SP100\window_003\BayesianConfig_ECMADE_MOO\run_006,1.0,0.23743654936170971,0.9384911479578147,0.007480196308668464,0.925,1.3145834899151463,0.03611408482507566
SP100,window_004,BayesianConfig_ECMADE_MOO,6,60,10,756,125,-0.1515817479920936,-0.1525817479920936,-0.2820771671453033,-0.2837820642599511,0.2985461971541467,-0.9600574557785596,-1.5560287043421002,-0.2743340859403188,1.0,0.001,3.837092700006906,0.037525351780686056,-0.27433408594031883,6,9.028753993610223,10.0,313,p0_lite_outputs\p1_rolling_window_market_validation_20260719\raw_configured_ecmade\SP100\window_004\BayesianConfig_ECMADE_MOO\run_006,1.0,0.3564496162818598,0.9271628514094608,0.0047649997285109285,1.0,1.3973875901574278,0.01338640887375038
SP100,window_005,BayesianConfig_ECMADE_MOO,6,60,10,755,123,0.3844208124442607,0.3834208124442607,0.94727535281245,0.9443947051270074,0.1956638778215237,3.508243235692065,5.87653139192731,-0.0927654723557631,1.0,0.001,10.13689969998086,0.02284813059922171,-0.09276547235576316,10,9.336879432624114,10.0,282,p0_lite_outputs\p1_rolling_window_market_validation_20260719\raw_configured_ecmade\SP100\window_005\BayesianConfig_ECMADE_MOO\run_006,1.0,0.32201811511917794,0.982528582370352,0.007132230986622515,0.9583333333333334,1.3096959231829288,0.011074023830646642
SP100,window_006,BayesianConfig_ECMADE_MOO,6,60,10,753,125,0.1146907042102522,0.1136907042102522,0.2446958137328878,0.2424457158486943,0.1627529463876405,1.426515811161393,2.37131953820836,-0.0912504646600097,1.0,0.001,9.823114300030284,0.019872845832447594,-0.09125046466000974,10,8.89622641509434,10.0,212,p0_lite_outputs\p1_rolling_window_market_validation_20260719\raw_configured_ecmade\SP100\window_006\BayesianConfig_ECMADE_MOO\run_006,1.0,0.4893444864679264,1.0131184675759595,0.010381696553789599,0.925,1.2026716281800687,0.022702385739888614
SP100,window_007,BayesianConfig_ECMADE_MOO,6,60,10,752,124,0.4248200987643096,0.4238200987643096,1.0534307748427438,1.0505029739249387,0.1671801965024436,4.393170763683447,8.081864071108914,-0.0632271367474224,1.0,0.001,9.602451400016434,0.018025440184170516,-0.06322713674742242,10,8.872832369942197,10.0,173,p0_lite_outputs\p1_rolling_window_market_validation_20260719\raw_configured_ecmade\SP100\window_007\BayesianConfig_ECMADE_MOO\run_006,1.0,0.34688703570828455,1.0754673277057507,0.00936996557052047,0.8833333333333333,1.3672687126652854,0.06118631208223161
SP100,window_008,BayesianConfig_ECMADE_MOO,6,60,10,752,126,-0.0107771115382723,-0.0117771115382723,-0.0214380769434362,-0.0234155227203597,0.2492312822068146,0.0371831229254235,0.0596863902849088,-0.1472657644165103,1.0,0.001,9.52830200002063,0.031691599208817395,-0.1472657644165103,10,8.897321428571429,10.0,224,p0_lite_outputs\p1_rolling_window_market_validation_20260719\raw_configured_ecmade\SP100\window_008\BayesianConfig_ECMADE_MOO\run_006,1.0,0.19120471937629643,1.027255987529024,0.006892643400908344,0.9833333333333333,1.3315061639436243,0.05520537796867313
SP100,window_009,BayesianConfig_ECMADE_MOO,6,60,10,752,122,0.155576213774564,0.154576213774564,0.348078331872802,0.3456697746574595,0.3031968934396282,1.137477255720868,1.5260624497015776,-0.1723576833035198,1.0,0.001,10.34044959989842,0.04329901745600052,-0.17235768330351986,10,9.269911504424778,10.0,226,p0_lite_outputs\p1_rolling_window_market_validation_20260719\raw_configured_ecmade\SP100\window_009\BayesianConfig_ECMADE_MOO\run_006,1.0,0.24161554309636046,1.0567102646129107,0.011539143889243339,0.9333333333333333,1.2360625853841825,0.02764111936327739
SP100,window_010,BayesianConfig_ECMADE_MOO,6,60,10,750,126,0.1524695206207866,0.1514695206207866,0.3281859959599058,0.325882056918664,0.1823264678818851,1.6488073932014244,2.391175621508279,-0.0873262626695042,1.0,0.001,9.954216200043447,0.0242108129227283,-0.08732626266950416,6,8.751798561151078,10.0,278,p0_lite_outputs\p1_rolling_window_market_validation_20260719\raw_configured_ecmade\SP100\window_010\BayesianConfig_ECMADE_MOO\run_006,1.0,0.5770503476844876,1.0079530740033313,0.04731694298676652,0.7083333333333334,1.0712191281503594,0.0856859179994344
SP100,window_011,BayesianConfig_ECMADE_MOO,6,60,10,751,123,0.0834509356808042,0.0824509356808042,0.1784645154855444,0.176237145084104,0.2273673952099053,0.8358911453061467,1.4303527000927077,-0.1323060147209619,1.0,0.001,9.73645900003612,0.02703028771075026,-0.13230601472096193,8,9.641666666666667,10.0,240,p0_lite_outputs\p1_rolling_window_market_validation_20260719\raw_configured_ecmade\SP100\window_011\BayesianConfig_ECMADE_MOO\run_006,1.0,0.3651886660329898,0.9718060913860836,0.008863087665981234,0.95,1.292077397448969,0.0323681178214239
SP100,window_001,BayesianConfig_ECMADE_MOO,7,60,10,755,124,0.0211576166848843,0.0201576166848843,0.0434673812909858,0.0413917730264736,0.3560768629913378,0.296820163872344,0.4547305629903549,-0.235131194468788,1.0,0.0009999999999999,2.522923599986825,0.048164366324733414,-0.23513119446878805,10,9.163461538461538,10.0,312,p0_lite_outputs\p1_rolling_window_market_validation_20260719\raw_configured_ecmade\SP100\window_001\BayesianConfig_ECMADE_MOO\run_007,1.0,1.0,0.9701908398115292,0.0334693306650469,0.8166666666666667,1.0852069163011038,0.03400179564516837
SP100,window_002,BayesianConfig_ECMADE_MOO,7,60,10,755,126,0.2867374480581035,0.2857374480581035,0.6556932602350807,0.6531207853389647,0.2037176961971035,2.578745349757595,4.807857373325108,-0.0850493518324906,1.0,0.001,2.5418983999988995,0.023271822027409066,-0.0850493518324904,8,9.153526970954356,10.0,241,p0_lite_outputs\p1_rolling_window_market_validation_20260719\raw_configured_ecmade\SP100\window_002\BayesianConfig_ECMADE_MOO\run_007,1.0,0.6250849956663291,0.9530116549990795,0.007813172223921683,0.9333333333333333,1.332790032150547,0.028262059963957052
SP100,window_003,BayesianConfig_ECMADE_MOO,7,60,10,756,124,-0.2350278040084414,-0.2360278040084414,-0.4198531551547857,-0.4213933583688364,0.3873578427728711,-1.2100007485558186,-2.0412049763510702,-0.2642773221042233,1.0,0.001,3.9516967999516055,0.04834528936423813,-0.2642773221042233,10,8.98159509202454,9.0,326,p0_lite_outputs\p1_rolling_window_market_validation_20260719\raw_configured_ecmade\SP100\window_003\BayesianConfig_ECMADE_MOO\run_007,1.0,0.31051264336559026,0.9365014739739006,0.007561287419624332,0.9333333333333333,1.3183278129722023,0.03611408482507566
SP100,window_004,BayesianConfig_ECMADE_MOO,7,60,10,756,125,-0.1402519519809294,-0.1412519519809294,-0.2626183325495682,-0.2643463772770144,0.2909971568228988,-0.9008556527121836,-1.467335462263883,-0.2615180688509643,1.0,0.001,3.960487899952568,0.03661967445363079,-0.2615180688509642,10,8.961538461538462,10.0,364,p0_lite_outputs\p1_rolling_window_market_validation_20260719\raw_configured_ecmade\SP100\window_004\BayesianConfig_ECMADE_MOO\run_007,1.0,0.32022432089054187,0.9259350521420338,0.0050390667824366,0.9916666666666667,1.3769346394448911,0.01338640887375038
SP100,window_005,BayesianConfig_ECMADE_MOO,7,60,10,755,123,0.3871891296694951,0.3861891296694951,0.9552612865290948,0.9523745951765736,0.1961537505906919,3.5208728534610763,5.918184199591211,-0.0923537208578226,1.0,0.0009999999999999,10.076290099998005,0.022861566401745987,-0.09235372085782267,10,8.664359861591695,9.0,289,p0_lite_outputs\p1_rolling_window_market_validation_20260719\raw_configured_ecmade\SP100\window_005\BayesianConfig_ECMADE_MOO\run_007,1.0,0.3336139129333389,0.986014051710161,0.005044039359111462,0.975,1.3352707528114487,0.011074023830646642
SP100,window_006,BayesianConfig_ECMADE_MOO,7,60,10,753,125,0.1000751267474515,0.0990751267474515,0.2120134738495322,0.2097933610853797,0.1670187284837088,1.2348558205556337,2.005489262390178,-0.0952529890318291,1.0000000000000002,0.001,9.98182869993616,0.02040250863982515,-0.0952529890318291,10,8.937728937728938,10.0,273,p0_lite_outputs\p1_rolling_window_market_validation_20260719\raw_configured_ecmade\SP100\window_006\BayesianConfig_ECMADE_MOO\run_007,1.0000000000000002,0.4682957919754491,1.0148977520725888,0.010327563424215449,0.925,1.1888250259077202,0.022702385739888614
SP100,window_007,BayesianConfig_ECMADE_MOO,7,60,10,752,124,0.4476740854153669,0.4466740854153669,1.1209211820402132,1.1179448750627512,0.1720250319844748,4.462724491732933,8.022822660255969,-0.0659446190844681,1.0,0.001,9.733577299979515,0.018308620412584586,-0.06594461908446814,10,8.875598086124402,10.0,209,p0_lite_outputs\p1_rolling_window_market_validation_20260719\raw_configured_ecmade\SP100\window_007\BayesianConfig_ECMADE_MOO\run_007,1.0,0.4161354887783478,1.0782770045799734,0.007667656528189362,0.9333333333333333,1.3672498386159164,0.06118631208223161
SP100,window_008,BayesianConfig_ECMADE_MOO,7,60,10,752,126,0.0127680982298079,0.0117680982298079,0.0256992207920219,0.0236746845955619,0.2458817806815023,0.2256200794878574,0.3663610450699884,-0.1398232383699102,1.0,0.001,9.627270799945109,0.030828542520600525,-0.13982323836991029,10,9.760180995475114,10.0,221,p0_lite_outputs\p1_rolling_window_market_validation_20260719\raw_configured_ecmade\SP100\window_008\BayesianConfig_ECMADE_MOO\run_007,1.0,0.2031817378441641,1.0194698713322172,0.010344760221080884,0.9,1.3683446424050345,0.05520537796867313
SP100,window_009,BayesianConfig_ECMADE_MOO,7,60,10,752,122,0.1915252818244681,0.1905252818244681,0.4361404053994386,0.4336518912395692,0.3014614008117225,1.3521941866550733,1.746769191348146,-0.1944995668998848,1.0,0.001,10.521521899965592,0.04200527878610882,-0.1944995668998848,10,8.891666666666667,9.0,240,p0_lite_outputs\p1_rolling_window_market_validation_20260719\raw_configured_ecmade\SP100\window_009\BayesianConfig_ECMADE_MOO\run_007,1.0,0.26511854428542436,1.0599892210226003,0.00954305362710813,0.925,1.2668202368138626,0.02764111936327739
SP100,window_010,BayesianConfig_ECMADE_MOO,7,60,10,750,126,0.1424772126700777,0.1414772126700777,0.3052541814703899,0.3029702270450496,0.1829886481449407,1.5482670869904127,2.2295575737652458,-0.0907049135193789,1.0,0.001,10.037745599984191,0.02479783339223309,-0.09070491351937893,10,8.906906906906906,10.0,333,p0_lite_outputs\p1_rolling_window_market_validation_20260719\raw_configured_ecmade\SP100\window_010\BayesianConfig_ECMADE_MOO\run_007,1.0,0.6142034695201017,1.033637321073689,0.005921785183570168,0.9666666666666667,1.3656127007982977,0.0856859179994344
SP100,window_011,BayesianConfig_ECMADE_MOO,7,60,10,751,123,0.0795515669667998,0.0785515669667998,0.1697913701191689,0.1675724102673566,0.2200587821531894,0.8226670919612793,1.4387483084159265,-0.1275268173342965,1.0,0.001,10.620890299906025,0.02651747303193622,-0.1275268173342965,10,7.627840909090909,9.0,352,p0_lite_outputs\p1_rolling_window_market_validation_20260719\raw_configured_ecmade\SP100\window_011\BayesianConfig_ECMADE_MOO\run_007,1.0,0.4340627673807875,0.9826193996851771,0.004231411834109831,0.9916666666666667,1.3634268035710806,0.0323681178214239
SP100,window_001,BayesianConfig_ECMADE_MOO,8,60,10,755,124,0.0278786250814424,0.0268786250814424,0.0574720328263027,0.0553823143329326,0.3492866973441472,0.333911753652116,0.5173583938305851,-0.2305820004720301,1.0,0.001,1.5049981999909503,0.04689819444425516,-0.23058200047203015,6,8.81418918918919,9.0,296,p0_lite_outputs\p1_rolling_window_market_validation_20260719\raw_configured_ecmade\SP100\window_001\BayesianConfig_ECMADE_MOO\run_008,1.0,1.0,0.9703644969186285,0.03699415318058364,0.8166666666666667,1.1061767030081495,0.03400179564516837
SP100,window_002,BayesianConfig_ECMADE_MOO,8,60,10,755,126,0.2659978133420093,0.2649978133420093,0.6027504633867491,0.6002194677600654,0.1962783957143857,2.503124057088408,4.658156891533126,-0.0821186575443031,1.0000000000000002,0.001,6.070542600005865,0.022245898540908086,-0.08211865754430314,9,9.123674911660778,10.0,283,p0_lite_outputs\p1_rolling_window_market_validation_20260719\raw_configured_ecmade\SP100\window_002\BayesianConfig_ECMADE_MOO\run_008,1.0000000000000002,0.6458205898026252,0.9429403327203805,0.013197317750375168,0.8833333333333333,1.2087653219125187,0.028262059963957052
SP100,window_003,BayesianConfig_ECMADE_MOO,8,60,10,756,124,-0.270040555964518,-0.271040555964518,-0.4725421682781467,-0.4740096094178703,0.4118773167899419,-1.3446919697220092,-2.3263530862231807,-0.2852344448606816,1.0,0.001,3.9835931999841705,0.05156900649938672,-0.2852344448606816,10,8.680272108843537,9.0,294,p0_lite_outputs\p1_rolling_window_market_validation_20260719\raw_configured_ecmade\SP100\window_003\BayesianConfig_ECMADE_MOO\run_008,1.0,0.35064700446658265,0.942224746661754,0.005428106711924739,0.9666666666666667,1.3648466866107476,0.03611408482507566
SP100,window_004,BayesianConfig_ECMADE_MOO,8,60,10,756,125,-0.1482254396567984,-0.1492254396567984,-0.2763400719665617,-0.2780518257549503,0.2943407290772933,-0.9510172493396416,-1.5440405938537192,-0.2705456132035151,1.0,0.001,3.8660566000035033,0.03712098245428092,-0.2705456132035151,6,8.80817610062893,10.0,318,p0_lite_outputs\p1_rolling_window_market_validation_20260719\raw_configured_ecmade\SP100\window_004\BayesianConfig_ECMADE_MOO\run_008,1.0,0.42969179859481155,0.9267062154444777,0.005114422441446096,0.9833333333333333,1.3784573525915313,0.01338640887375038
SP100,window_005,BayesianConfig_ECMADE_MOO,8,60,10,755,123,0.3605785886890487,0.3595785886890487,0.8791885969854618,0.8763599760538836,0.189096916977297,3.4346904773564644,5.84826008808992,-0.0904903507651878,1.0,0.001,10.431894300039858,0.02267437234585948,-0.09049035076518785,8,9.277070063694268,10.0,314,p0_lite_outputs\p1_rolling_window_market_validation_20260719\raw_configured_ecmade\SP100\window_005\BayesianConfig_ECMADE_MOO\run_008,1.0,0.3654826025138085,0.9851662546637848,0.005288308536360224,0.9833333333333333,1.332359310235541,0.011074023830646642
SP100,window_006,BayesianConfig_ECMADE_MOO,8,60,10,753,125,0.1144916465133374,0.1134916465133374,0.244247750866716,0.2419980614090497,0.1633677872004179,1.4197566189768192,2.3051937314552204,-0.0873853505770537,1.0,0.001,10.350552699994296,0.02005304664126367,-0.08738535057705377,9,8.879598662207357,10.0,299,p0_lite_outputs\p1_rolling_window_market_validation_20260719\raw_configured_ecmade\SP100\window_006\BayesianConfig_ECMADE_MOO\run_008,1.0,0.4742916674082197,1.0172778818575625,0.005355363394267013,0.9583333333333334,1.3462931414899026,0.022702385739888614
SP100,window_007,BayesianConfig_ECMADE_MOO,8,60,10,752,124,0.4212002970741035,0.4202002970741035,1.0428427769938495,1.0399226565705924,0.1654305266429358,4.406536753652788,7.820158715734872,-0.0634004968578264,1.0,0.001,9.55260830000043,0.018176154537072043,-0.06340049685782645,9,8.793939393939393,10.0,165,p0_lite_outputs\p1_rolling_window_market_validation_20260719\raw_configured_ecmade\SP100\window_007\BayesianConfig_ECMADE_MOO\run_008,1.0,0.3343156485939418,1.0661913301869448,0.024626662471762113,0.7166666666666667,1.2348845057669984,0.06118631208223161
SP100,window_008,BayesianConfig_ECMADE_MOO,8,60,10,752,126,-0.0231018518529444,-0.0241018518529444,-0.0456700081468535,-0.0476228044431475,0.2329474456873196,-0.0846911825429151,-0.1356177401960502,-0.1366575662914954,1.0,0.001,9.470165600068867,0.029318503171977324,-0.1366575662914954,9,8.472972972972974,9.0,222,p0_lite_outputs\p1_rolling_window_market_validation_20260719\raw_configured_ecmade\SP100\window_008\BayesianConfig_ECMADE_MOO\run_008,1.0,0.19915182855973224,1.0274014696849805,0.007498914618624458,0.9416666666666667,1.3352790956382214,0.05520537796867313
SP100,window_009,BayesianConfig_ECMADE_MOO,8,60,10,752,122,0.1661011316989042,0.1651011316989042,0.3735629855075468,0.3711310357229347,0.299447047617752,1.2103366543969496,1.6038160456596748,-0.1834298687966067,1.0,0.001,9.49787910003215,0.04150137013516146,-0.18342986879660672,9,9.333333333333334,10.0,234,p0_lite_outputs\p1_rolling_window_market_validation_20260719\raw_configured_ecmade\SP100\window_009\BayesianConfig_ECMADE_MOO\run_008,1.0,0.19483040299853216,1.0568989674296727,0.01696533492857821,0.9166666666666666,1.0849135742080456,0.02764111936327739
SP100,window_010,BayesianConfig_ECMADE_MOO,8,60,10,750,126,0.1586812201533196,0.1576812201533196,0.3425421699359856,0.3402258074956792,0.1875789763659426,1.665149849636992,2.44699764666565,-0.0819093900163936,1.0,0.001,9.771100400015712,0.025217671422706475,-0.08190939001639364,10,8.78076923076923,10.0,260,p0_lite_outputs\p1_rolling_window_market_validation_20260719\raw_configured_ecmade\SP100\window_010\BayesianConfig_ECMADE_MOO\run_008,1.0,0.645312679280551,1.0279795054709804,0.014683070055268156,0.875,1.2662203608960592,0.0856859179994344
SP100,window_011,BayesianConfig_ECMADE_MOO,8,60,10,751,123,0.0949663073707156,0.0939663073707156,0.2042689805122759,0.2020167639974384,0.2260193714499658,0.9354447713561652,1.6314689464360517,-0.1367509285923958,1.0,0.001,9.723010599962436,0.026828952070743428,-0.1367509285923958,9,8.90566037735849,10.0,265,p0_lite_outputs\p1_rolling_window_market_validation_20260719\raw_configured_ecmade\SP100\window_011\BayesianConfig_ECMADE_MOO\run_008,1.0,0.40016722517893966,0.9784033740145035,0.006086265299249716,0.9833333333333333,1.3389648929255562,0.0323681178214239
SP100,window_001,BayesianConfig_ECMADE_MOO,9,60,10,755,124,0.027303841205954,0.026303841205954,0.0562706397480401,0.0541821280849554,0.3469821069161277,0.3305120846146459,0.5143650982365708,-0.230101601379896,1.0,0.001,1.3943882000166925,0.04648549191661865,-0.23010160137989588,7,9.427152317880795,10.0,302,p0_lite_outputs\p1_rolling_window_market_validation_20260719\raw_configured_ecmade\SP100\window_001\BayesianConfig_ECMADE_MOO\run_009,1.0,1.0,0.9598856038531627,0.04722035047348004,0.7916666666666666,1.0379890815855624,0.03400179564516837
SP100,window_002,BayesianConfig_ECMADE_MOO,9,60,10,755,126,0.2448744698609803,0.2438744698609803,0.5497124457116569,0.5472236967719346,0.1913692941506203,2.386172263763026,4.377009260783917,-0.0798798802789427,1.0,0.001,5.116151799971703,0.022017130520940547,-0.07987988027894277,10,9.368243243243244,10.0,296,p0_lite_outputs\p1_rolling_window_market_validation_20260719\raw_configured_ecmade\SP100\window_002\BayesianConfig_ECMADE_MOO\run_009,1.0,0.6721342002936546,0.9553802963005114,0.00654567864950208,0.9416666666666667,1.3479537440546285,0.028262059963957052
SP100,window_003,BayesianConfig_ECMADE_MOO,9,60,10,756,124,-0.2531327996306035,-0.2541327996306035,-0.44741657803197,-0.4489191424407819,0.407000161711107,-1.251736128694502,-2.173023680622351,-0.2775216874406899,1.0,0.001,3.8652944000205034,0.05029657453317687,-0.27752168744068995,9,9.211805555555555,10.0,288,p0_lite_outputs\p1_rolling_window_market_validation_20260719\raw_configured_ecmade\SP100\window_003\BayesianConfig_ECMADE_MOO\run_009,1.0,0.3789059104927427,0.9400345772660211,0.006048166323654996,0.9916666666666667,1.382256125710843,0.03611408482507566
SP100,window_004,BayesianConfig_ECMADE_MOO,9,60,10,756,125,-0.1450939804901164,-0.1460939804901164,-0.2709665690144105,-0.2726847205174785,0.298377140884465,-0.9093921638295231,-1.4878180489060673,-0.2640987620375882,1.0,0.001,3.851300400041509,0.037107037860801585,-0.2640987620375882,8,9.337386018237082,10.0,329,p0_lite_outputs\p1_rolling_window_market_validation_20260719\raw_configured_ecmade\SP100\window_004\BayesianConfig_ECMADE_MOO\run_009,1.0,0.40310618068963344,0.9263944065664778,0.005100661044984284,0.975,1.3776311527898537,0.01338640887375038
SP100,window_005,BayesianConfig_ECMADE_MOO,9,60,10,755,123,0.3596372595706119,0.3586372595706119,0.8765258735055643,0.8736993057657112,0.1929961740653768,3.361797606160822,5.646998268730394,-0.0915895766458205,1.0,0.001,10.329695699969308,0.02282794979607833,-0.09158957664582057,8,8.61198738170347,9.0,317,p0_lite_outputs\p1_rolling_window_market_validation_20260719\raw_configured_ecmade\SP100\window_005\BayesianConfig_ECMADE_MOO\run_009,1.0,0.2945151970070412,0.9853968181599497,0.0048902266871796995,0.9833333333333333,1.3599688184388012,0.011074023830646642
SP100,window_006,BayesianConfig_ECMADE_MOO,9,60,10,753,125,0.1578498998650501,0.1568498998650501,0.3437638733663364,0.3414251942301025,0.1690962400320206,1.8324407522599373,3.116283695986416,-0.0772393603745088,1.0,0.001,9.803867600043304,0.019372164207672765,-0.07723936037450885,9,9.394366197183098,10.0,213,p0_lite_outputs\p1_rolling_window_market_validation_20260719\raw_configured_ecmade\SP100\window_006\BayesianConfig_ECMADE_MOO\run_009,1.0,0.4552197450921983,1.0060608278561087,0.015187830491230654,0.9,1.146107034479414,0.022702385739888614
SP100,window_007,BayesianConfig_ECMADE_MOO,9,60,10,752,124,0.4761479367606085,0.4751479367606085,1.2065591325147098,1.2035223571512563,0.1771050767669775,4.563854576788327,8.085946514272212,-0.0678542414945133,1.0,0.001,9.34914890001528,0.019260486988355256,-0.06785424149451336,10,9.382857142857143,10.0,175,p0_lite_outputs\p1_rolling_window_market_validation_20260719\raw_configured_ecmade\SP100\window_007\BayesianConfig_ECMADE_MOO\run_009,1.0,0.2951207954207731,1.0720953441869636,0.010112605530985789,0.8916666666666667,1.38592177336981,0.06118631208223161
SP100,window_008,BayesianConfig_ECMADE_MOO,9,60,10,752,126,-0.0016065706313672,-0.0026065706313672,-0.0032105601935409,-0.0052063470522781,0.2539779081315466,0.1137878371502712,0.1832859643985154,-0.1481450350623182,1.0,0.0009999999999999,9.678524999995716,0.03150763731323881,-0.14814503506231824,10,9.515418502202643,10.0,227,p0_lite_outputs\p1_rolling_window_market_validation_20260719\raw_configured_ecmade\SP100\window_008\BayesianConfig_ECMADE_MOO\run_009,1.0,0.15501916967607512,1.0254419710056673,0.00748906341054227,0.9666666666666667,1.3305363157530163,0.05520537796867313
SP100,window_009,BayesianConfig_ECMADE_MOO,9,60,10,752,122,0.1970124213849606,0.1960124213849606,0.449834859481929,0.4473341269269726,0.2985793259097197,1.39438177336978,1.8082666741385909,-0.1822838659108061,1.0,0.001,9.869867399916984,0.04229149085145393,-0.18228386591080614,10,8.866425992779783,10.0,277,p0_lite_outputs\p1_rolling_window_market_validation_20260719\raw_configured_ecmade\SP100\window_009\BayesianConfig_ECMADE_MOO\run_009,1.0,0.3128139729033192,1.056733344147454,0.018398136315200434,0.9,1.0613677710706328,0.02764111936327739
SP100,window_010,BayesianConfig_ECMADE_MOO,9,60,10,750,126,0.149904384776637,0.148904384776637,0.3222800941285362,0.3199812853589832,0.1807852509712494,1.6366694014501453,2.3483246741668875,-0.0867578367528791,1.0,0.001,9.556800100021064,0.024261368677733892,-0.08675783675287918,8,9.614457831325302,10.0,249,p0_lite_outputs\p1_rolling_window_market_validation_20260719\raw_configured_ecmade\SP100\window_010\BayesianConfig_ECMADE_MOO\run_009,1.0,0.576652039172866,1.0302990251241837,0.006614247217885205,0.9666666666666667,1.3468115761722517,0.0856859179994344
SP100,window_011,BayesianConfig_ECMADE_MOO,9,60,10,751,123,0.0656747474818977,0.0646747474818977,0.1391919163944914,0.1370028753983101,0.2113158801050884,0.7223087039916015,1.2564575558350124,-0.1249925154485872,1.0,0.001,9.599280699971132,0.025145431001955165,-0.12499251544858725,10,9.379446640316205,10.0,253,p0_lite_outputs\p1_rolling_window_market_validation_20260719\raw_configured_ecmade\SP100\window_011\BayesianConfig_ECMADE_MOO\run_009,1.0,0.49411187320827454,0.9755218231507669,0.007205345469138444,0.9583333333333334,1.3243219759491838,0.0323681178214239
SP100,window_001,BayesianConfig_ECMADE_MOO,10,60,10,755,124,0.0188100940082494,0.0178100940082494,0.0385981639975772,0.0365274834671811,0.3610039154429131,0.2846294364993991,0.4413951914680387,-0.2369969090486575,0.9999999999999998,0.0009999999999999,2.472172799985856,0.04860464532529934,-0.23699690904865756,9,9.399328859060402,10.0,298,p0_lite_outputs\p1_rolling_window_market_validation_20260719\raw_configured_ecmade\SP100\window_001\BayesianConfig_ECMADE_MOO\run_010,0.9999999999999998,1.0,0.9816295067625933,0.008017523832866889,0.8833333333333333,1.367333521294446,0.03400179564516837
SP100,window_002,BayesianConfig_ECMADE_MOO,10,60,10,755,126,0.2561917952121519,0.2551917952121519,0.5780178263583291,0.5755064427679051,0.1985159073923663,2.3986423988547885,4.433172165443327,-0.084733387498726,1.0,0.001,5.2867487000185065,0.023012252264632885,-0.08473338749872605,10,9.397111913357401,10.0,277,p0_lite_outputs\p1_rolling_window_market_validation_20260719\raw_configured_ecmade\SP100\window_002\BayesianConfig_ECMADE_MOO\run_010,1.0,0.639271590522577,0.9553755706377252,0.006580157035778237,0.925,1.3408354051292721,0.028262059963957052
SP100,window_003,BayesianConfig_ECMADE_MOO,10,60,10,756,124,-0.2517905949578326,-0.2527905949578326,-0.4453965624764424,-0.4469019162170013,0.3974306139157912,-1.282450320069059,-2.2279205611213797,-0.270962631203778,0.9999999999999998,0.0009999999999999,4.11900439998135,0.049224307153355185,-0.27096263120377806,10,8.571014492753623,9.0,345,p0_lite_outputs\p1_rolling_window_market_validation_20260719\raw_configured_ecmade\SP100\window_003\BayesianConfig_ECMADE_MOO\run_010,0.9999999999999998,0.32811359303418713,0.9440313151927244,0.004879515664184857,0.9916666666666667,1.4001540893939914,0.03611408482507566
SP100,window_004,BayesianConfig_ECMADE_MOO,10,60,10,756,125,-0.1121914117353728,-0.1131914117353728,-0.2132952122259098,-0.2150806076122999,0.2769798245234075,-0.7274051640589188,-1.22607458431271,-0.2265913066563571,1.0,0.0009999999999999,3.799592700030189,0.034301030714753176,-0.22659130665635718,10,9.166134185303514,10.0,313,p0_lite_outputs\p1_rolling_window_market_validation_20260719\raw_configured_ecmade\SP100\window_004\BayesianConfig_ECMADE_MOO\run_010,1.0,0.37470852748322653,0.9245623875488597,0.005951271482249857,0.9833333333333333,1.3789177764802993,0.01338640887375038
SP100,window_005,BayesianConfig_ECMADE_MOO,10,60,10,755,123,0.3647586146756281,0.3637586146756281,0.8910359216707053,0.8881981825866856,0.1922758628453242,3.413827553507128,5.714776609280677,-0.0897915595485319,1.0,0.001,10.137265600031242,0.022913359425458357,-0.08979155954853191,10,9.183946488294314,10.0,299,p0_lite_outputs\p1_rolling_window_market_validation_20260719\raw_configured_ecmade\SP100\window_005\BayesianConfig_ECMADE_MOO\run_010,1.0,0.30337725905173973,0.9844047137382658,0.00540358802252231,1.0,1.3660140900203979,0.011074023830646642
SP100,window_006,BayesianConfig_ECMADE_MOO,10,60,10,753,125,0.1220730196892452,0.1210730196892452,0.2613702322585303,0.2591049865186763,0.1649211645365605,1.4906214305152763,2.4700715019976034,-0.0883540555693354,1.0,0.001,10.015862899948845,0.01963346212492783,-0.0883540555693354,10,8.464028776978417,9.0,278,p0_lite_outputs\p1_rolling_window_market_validation_20260719\raw_configured_ecmade\SP100\window_006\BayesianConfig_ECMADE_MOO\run_010,1.0,0.4338947702573185,1.016382859493874,0.005165037625837963,0.975,1.3630563860276965,0.022702385739888614
SP100,window_007,BayesianConfig_ECMADE_MOO,10,60,10,752,124,0.4011678851254645,0.4001678851254645,0.9847501292606168,0.9818725021495048,0.1623815158290652,4.308072173346516,7.905181426359906,-0.0597590682954602,1.0,0.001,9.48520350002218,0.017200679024062502,-0.059759068295460294,8,8.581673306772908,9.0,251,p0_lite_outputs\p1_rolling_window_market_validation_20260719\raw_configured_ecmade\SP100\window_007\BayesianConfig_ECMADE_MOO\run_010,1.0,0.35020123847931994,1.0812668131394823,0.0064312220988194,0.9583333333333334,1.3310938169696869,0.06118631208223161
SP100,window_008,BayesianConfig_ECMADE_MOO,10,60,10,752,126,0.033561628118681,0.032561628118681,0.0682496391193387,0.066183515863101,0.2709472405039064,0.3781736497156537,0.6440805682868397,-0.1486906853949257,1.0,0.001,9.334118400001898,0.03267887670665553,-0.1486906853949257,7,8.882926829268293,10.0,205,p0_lite_outputs\p1_rolling_window_market_validation_20260719\raw_configured_ecmade\SP100\window_008\BayesianConfig_ECMADE_MOO\run_010,1.0,0.14955676526171796,1.0131848625736068,0.018848304931361116,0.8333333333333334,1.345022933829071,0.05520537796867313
SP100,window_009,BayesianConfig_ECMADE_MOO,10,60,10,752,122,0.1723819933695769,0.1713819933695769,0.3888885668395925,0.3864426506708023,0.2865637680239155,1.2904387044285883,1.6480223424220015,-0.1787073357416838,1.0,0.001,9.341551499906927,0.03965283708600825,-0.17870733574168385,10,9.11111111111111,10.0,198,p0_lite_outputs\p1_rolling_window_market_validation_20260719\raw_configured_ecmade\SP100\window_009\BayesianConfig_ECMADE_MOO\run_010,1.0,0.31483451890019076,1.0542720019794298,0.01779246571485977,0.9,1.12194488698159,0.02764111936327739
SP100,window_010,BayesianConfig_ECMADE_MOO,10,60,10,750,126,0.1377954612862602,0.1367954612862602,0.2945785117236137,0.2923039208010407,0.1861857024915356,1.4807230750087093,2.1097137097299967,-0.0851709049088486,1.0,0.001,9.831352199893445,0.025633247393603596,-0.0851709049088486,9,9.399253731343284,10.0,268,p0_lite_outputs\p1_rolling_window_market_validation_20260719\raw_configured_ecmade\SP100\window_010\BayesianConfig_ECMADE_MOO\run_010,1.0,0.6413962922668923,1.0271891350300077,0.008697755796019358,0.9083333333333333,1.3376387503888352,0.0856859179994344
SP100,window_011,BayesianConfig_ECMADE_MOO,10,60,10,751,123,0.0765291290013638,0.0755291290013638,0.1630912930233277,0.1608788512493271,0.2177457940223365,0.8026393292314314,1.3594992154357075,-0.1288485142964658,1.0,0.001,9.903609200031497,0.025874706978732807,-0.12884851429646582,10,9.409893992932862,10.0,283,p0_lite_outputs\p1_rolling_window_market_validation_20260719\raw_configured_ecmade\SP100\window_011\BayesianConfig_ECMADE_MOO\run_010,1.0,0.46288283850905176,0.9762668764836719,0.007038636907329676,0.9416666666666667,1.359104513647367,0.0323681178214239
SP100,window_001,ExperimentC_StabilityAware_ECMADE_MOO,1,60,10,755,124,0.0312190486074461,0.0302190486074461,0.0644677994659908,0.0623710669069434,0.3383074853192093,0.3532908148741835,0.543757700395971,-0.223554076713268,1.0,0.001,10.938290500082076,0.04569501419322685,-0.223554076713268,6,8.982507288629737,10.0,343,p0_lite_outputs\p1_rolling_window_market_validation_20260719\raw_configured_ecmade\SP100\window_001\ExperimentC_StabilityAware_ECMADE_MOO\run_001,1.0,1.0,0.9767598484484415,0.01998168747965005,0.8666666666666667,1.1909584074890207,0.03986928747589431
SP100,window_002,ExperimentC_StabilityAware_ECMADE_MOO,1,60,10,755,126,0.2451947536831875,0.2441947536831875,0.5505099746001341,0.548020585092768,0.1946135364886095,2.352294452596556,4.444892623087803,-0.0806707712617877,1.0,0.001,10.71368889999576,0.02208352574362069,-0.08067077126178779,8,8.407216494845361,9.0,388,p0_lite_outputs\p1_rolling_window_market_validation_20260719\raw_configured_ecmade\SP100\window_002\ExperimentC_StabilityAware_ECMADE_MOO\run_001,1.0,0.6448697099797953,0.9609579421752421,0.003926959339417011,1.0,1.4009067203602665,0.03161147386234886
SP100,window_003,ExperimentC_StabilityAware_ECMADE_MOO,1,60,10,756,124,-0.2674115376764435,-0.2684115376764435,-0.4686743321770121,-0.4701472329898875,0.4185675200755215,-1.299180857201968,-2.229156731054598,-0.2830049787846082,1.0,0.001,11.718081900035031,0.05163496577388035,-0.2830049787846082,10,8.773809523809524,10.0,336,p0_lite_outputs\p1_rolling_window_market_validation_20260719\raw_configured_ecmade\SP100\window_003\ExperimentC_StabilityAware_ECMADE_MOO\run_001,1.0,0.3570756343946751,0.9445973681287838,0.004437374050652135,0.9916666666666667,1.4072052219158175,0.08898674632265939
SP100,window_004,ExperimentC_StabilityAware_ECMADE_MOO,1,60,10,756,125,-0.1257406624249256,-0.1267406624249256,-0.2373121928822048,-0.2390698923748803,0.2863398321010057,-0.802560732934522,-1.3356424370492068,-0.2388878003746208,1.0,0.001,10.615969100035729,0.03522760814543174,-0.23888780037462087,7,8.751428571428571,10.0,350,p0_lite_outputs\p1_rolling_window_market_validation_20260719\raw_configured_ecmade\SP100\window_004\ExperimentC_StabilityAware_ECMADE_MOO\run_001,1.0,0.34433627482300233,0.927006440465076,0.004559822657091188,0.9916666666666667,1.3770025923430065,0.026908446804070552
SP100,window_005,ExperimentC_StabilityAware_ECMADE_MOO,1,60,10,755,123,0.4106152183737168,0.4096152183737168,1.0235099884073082,1.0205721308057885,0.1910792294360121,3.789273594824816,6.288749320724335,-0.0953638154797088,1.0,0.001,9.970318299951032,0.022118596079173183,-0.09536381547970862,10,8.900552486187845,10.0,181,p0_lite_outputs\p1_rolling_window_market_validation_20260719\raw_configured_ecmade\SP100\window_005\ExperimentC_StabilityAware_ECMADE_MOO\run_001,1.0,0.26674336615744065,0.9806595555995463,0.007512325878177502,0.9916666666666667,1.3348022862789883,0.060026830402004405
SP100,window_006,ExperimentC_StabilityAware_ECMADE_MOO,1,60,10,753,125,0.1227271903286646,0.1217271903286646,0.2628531997739587,0.2605866116569559,0.1736728954050021,1.4307663554983134,2.422887499509569,-0.0920411200057743,1.0,0.001,9.838327599922197,0.020538861304151806,-0.09204112000577436,10,7.153153153153153,7.0,222,p0_lite_outputs\p1_rolling_window_market_validation_20260719\raw_configured_ecmade\SP100\window_006\ExperimentC_StabilityAware_ECMADE_MOO\run_001,1.0,0.45072323650798474,1.0138291449154013,0.007647992239911458,0.975,1.3015322706825017,0.04449837282396966
SP100,window_007,ExperimentC_StabilityAware_ECMADE_MOO,1,60,10,752,124,0.4371638992937976,0.4361638992937976,1.0897457336700125,1.0867917369530526,0.1787344991485089,4.218637380205695,7.588109037498132,-0.0685833858179642,1.0,0.001,9.65645449992735,0.018945503196205273,-0.0685833858179642,8,8.748299319727892,10.0,147,p0_lite_outputs\p1_rolling_window_market_validation_20260719\raw_configured_ecmade\SP100\window_007\ExperimentC_StabilityAware_ECMADE_MOO\run_001,1.0,0.41423614285052096,1.067354469490025,0.013571087900622244,0.7833333333333333,1.3240489696214186,0.07167588080956368
SP100,window_008,ExperimentC_StabilityAware_ECMADE_MOO,1,60,10,752,126,-0.0157933947898138,-0.0167933947898138,-0.0313373582606408,-0.0333047714710612,0.2477074556527489,-0.0052039538788734,-0.0083288092923886,-0.1539774390680393,1.0,0.001,10.175512199988589,0.030784154627792142,-0.15397743906803918,9,8.381578947368421,10.0,152,p0_lite_outputs\p1_rolling_window_market_validation_20260719\raw_configured_ecmade\SP100\window_008\ExperimentC_StabilityAware_ECMADE_MOO\run_001,1.0,0.29790599362328873,1.0164478785154392,0.013484127469163087,0.7583333333333333,1.3885648931496384,0.07485859337820366
SP100,window_009,ExperimentC_StabilityAware_ECMADE_MOO,1,60,10,752,122,0.1542210194220323,0.1532210194220323,0.3448148034987202,0.3424092573108452,0.3188531207255972,1.0889126215115688,1.4823612380154538,-0.1929067867245727,1.0,0.001,9.48490949999541,0.045490614333455796,-0.19290678672457273,9,8.979591836734693,10.0,147,p0_lite_outputs\p1_rolling_window_market_validation_20260719\raw_configured_ecmade\SP100\window_009\ExperimentC_StabilityAware_ECMADE_MOO\run_001,1.0,0.25550793255902204,1.0271480503239727,0.025940775899848747,0.49166666666666664,1.3179706661662205,0.054366582202769596
SP100,window_010,ExperimentC_StabilityAware_ECMADE_MOO,1,60,10,750,126,0.1308811503903779,0.1298811503903779,0.2788921763082645,0.2766314140074841,0.1553731407184176,1.661795105381833,2.412401141543196,-0.0714540903985013,1.0,0.001,10.018603500095196,0.02072438345229772,-0.07145409039850137,10,9.867088607594937,10.0,158,p0_lite_outputs\p1_rolling_window_market_validation_20260719\raw_configured_ecmade\SP100\window_010\ExperimentC_StabilityAware_ECMADE_MOO\run_001,1.0,0.7795644518965997,1.0078203167226327,0.020539111001132947,0.6083333333333333,1.250197973246214,0.03714663580028091
SP100,window_011,ExperimentC_StabilityAware_ECMADE_MOO,1,60,10,751,123,0.0934617228367695,0.0924617228367695,0.2008811496079752,0.1986321801834238,0.215921426055717,0.9557978186171404,1.6798992532595558,-0.1347214649101782,1.0,0.001,9.648006599978544,0.02537300337363123,-0.13472146491017822,10,9.028409090909092,10.0,176,p0_lite_outputs\p1_rolling_window_market_validation_20260719\raw_configured_ecmade\SP100\window_011\ExperimentC_StabilityAware_ECMADE_MOO\run_001,1.0,0.45059532417987724,0.9669074367262932,0.011070719203203365,0.9166666666666666,1.3197718485163794,0.03428153407565238
SP100,window_001,ExperimentC_StabilityAware_ECMADE_MOO,2,60,10,755,124,0.0322289072176193,0.0312289072176193,0.0665873339454619,0.0644884807878951,0.3453586277084997,0.3587340040703188,0.5527839666764434,-0.2280186319949197,1.0,0.001,10.712324000080116,0.04656468656430906,-0.22801863199491978,8,9.006006006006006,10.0,333,p0_lite_outputs\p1_rolling_window_market_validation_20260719\raw_configured_ecmade\SP100\window_001\ExperimentC_StabilityAware_ECMADE_MOO\run_002,1.0,1.0,0.9739021213999676,0.020313895455079767,0.8166666666666667,1.2026725082518477,0.03986928747589431
SP100,window_002,ExperimentC_StabilityAware_ECMADE_MOO,2,60,10,755,126,0.2961024064502531,0.2951024064502531,0.679881448006137,0.6772902431932364,0.2080650196934027,2.599083711394924,4.809564816669151,-0.0824447681746191,0.9999999999999998,0.0009999999999999,10.284414699999616,0.024024425123755817,-0.0824447681746191,10,8.632075471698114,9.0,318,p0_lite_outputs\p1_rolling_window_market_validation_20260719\raw_configured_ecmade\SP100\window_002\ExperimentC_StabilityAware_ECMADE_MOO\run_002,0.9999999999999998,0.5802122348535769,0.9598836541806028,0.0044464218975946435,1.0,1.4006945869036325,0.03161147386234886
SP100,window_003,ExperimentC_StabilityAware_ECMADE_MOO,2,60,10,756,124,-0.2083325639782283,-0.2093325639782283,-0.3779679687126952,-0.3795637214417767,0.3791047969922091,-1.0611253797978977,-1.7608241640207805,-0.2587276495091022,1.0,0.001,11.911979299969971,0.04742621235463983,-0.25872764950910243,10,9.655172413793103,10.0,290,p0_lite_outputs\p1_rolling_window_market_validation_20260719\raw_configured_ecmade\SP100\window_003\ExperimentC_StabilityAware_ECMADE_MOO\run_002,1.0,0.33941081346433843,0.9200434575540676,0.01990857876879076,0.8333333333333334,1.2098031602562003,0.08898674632265939
SP100,window_004,ExperimentC_StabilityAware_ECMADE_MOO,2,60,10,756,125,-0.1215704866518568,-0.1225704866518568,-0.2299602432851986,-0.2317264662671938,0.2797077482794224,-0.7940445563506598,-1.3267916351054976,-0.2354525696035846,1.0,0.0009999999999999,10.552218400058337,0.03473576380877701,-0.23545256960358463,10,8.916010498687664,10.0,381,p0_lite_outputs\p1_rolling_window_market_validation_20260719\raw_configured_ecmade\SP100\window_004\ExperimentC_StabilityAware_ECMADE_MOO\run_002,1.0,0.28888933301124864,0.9275527056415847,0.004462115938760316,1.0,1.4011975923542421,0.026908446804070552
SP100,window_005,ExperimentC_StabilityAware_ECMADE_MOO,2,60,10,755,123,0.4425805932063635,0.4415805932063635,1.1185713836279771,1.1155636418442372,0.1944523771291789,3.96365983564138,6.770506855886097,-0.0940388495403523,1.0,0.001,9.756077999947593,0.021859293391206954,-0.09403884954035235,10,9.404580152671755,10.0,131,p0_lite_outputs\p1_rolling_window_market_validation_20260719\raw_configured_ecmade\SP100\window_005\ExperimentC_StabilityAware_ECMADE_MOO\run_002,1.0,0.2914383929161976,0.9585326737393026,0.020090685357467254,0.5333333333333333,1.3219136391508817,0.060026830402004405
SP100,window_006,ExperimentC_StabilityAware_ECMADE_MOO,2,60,10,753,125,0.1054147827420517,0.1044147827420517,0.2239028343082656,0.2216717675133217,0.1649117279104369,1.30790849965649,2.1738054501959945,-0.09119230234871,0.9999999999999998,0.0009999999999999,9.49635550007224,0.020049523864468337,-0.09119230234871001,10,9.493243243243244,10.0,148,p0_lite_outputs\p1_rolling_window_market_validation_20260719\raw_configured_ecmade\SP100\window_006\ExperimentC_StabilityAware_ECMADE_MOO\run_002,0.9999999999999998,0.46130277451033525,1.003976069929585,0.013364988925164053,0.9083333333333333,1.2403247351103137,0.04449837282396966
SP100,window_007,ExperimentC_StabilityAware_ECMADE_MOO,2,60,10,752,124,0.374361772718772,0.373361772718772,0.9083455081792976,0.9055247122319712,0.1675447590799655,3.945436936983711,7.140540031346102,-0.0625087972821419,1.0,0.001,9.785206399974411,0.01793867283793627,-0.06250879728214198,10,8.722222222222221,10.0,126,p0_lite_outputs\p1_rolling_window_market_validation_20260719\raw_configured_ecmade\SP100\window_007\ExperimentC_StabilityAware_ECMADE_MOO\run_002,1.0,0.5212064200474792,1.0680916553551014,0.013667892463303681,0.8416666666666667,1.2862536512648133,0.07167588080956368
SP100,window_008,ExperimentC_StabilityAware_ECMADE_MOO,2,60,10,752,126,0.017082683664179,0.016082683664179,0.0344571854095285,0.0324240200421999,0.2627284359227322,0.2594480778348301,0.4338711826201166,-0.1413376456660967,1.0,0.001,10.233317099977285,0.03202344900605116,-0.14133764566609675,8,8.521472392638037,9.0,163,p0_lite_outputs\p1_rolling_window_market_validation_20260719\raw_configured_ecmade\SP100\window_008\ExperimentC_StabilityAware_ECMADE_MOO\run_002,1.0,0.2608928209609937,1.0261192865360123,0.008206807936692456,0.95,1.363468074130051,0.07485859337820366
SP100,window_009,ExperimentC_StabilityAware_ECMADE_MOO,2,60,10,752,122,0.1634980397742242,0.1624980397742242,0.3672370352837835,0.3648108723973982,0.3032922657866477,1.183526992400131,1.5798016977591571,-0.1863966006474674,1.0,0.001,9.600480999913998,0.04251182829186103,-0.18639660064746744,10,8.41139240506329,10.0,158,p0_lite_outputs\p1_rolling_window_market_validation_20260719\raw_configured_ecmade\SP100\window_009\ExperimentC_StabilityAware_ECMADE_MOO\run_002,1.0,0.24643152033964552,1.0568216618573856,0.009617811873046741,0.95,1.3377249805140312,0.054366582202769596
SP100,window_010,ExperimentC_StabilityAware_ECMADE_MOO,2,60,10,750,126,0.1026481309149234,0.1016481309149234,0.215832900610174,0.2136286043483439,0.1792663856892145,1.18048854912416,1.667213469570322,-0.0904191164147647,1.0,0.001,9.710766299976967,0.025138921370017442,-0.09041911641476474,8,9.790849673202615,10.0,153,p0_lite_outputs\p1_rolling_window_market_validation_20260719\raw_configured_ecmade\SP100\window_010\ExperimentC_StabilityAware_ECMADE_MOO\run_002,1.0,0.7376935947341448,1.0024459295418984,0.02449515646530786,0.55,1.2315977670986904,0.03714663580028091
SP100,window_011,ExperimentC_StabilityAware_ECMADE_MOO,2,60,10,751,123,0.042351034156651,0.041351034156651,0.0886962700953672,0.0865574728084412,0.192740860421069,0.5370760795082283,0.9386623078220874,-0.1094575087045328,1.0000000000000002,0.001,9.50407149991952,0.021976282589203013,-0.10945750870453286,10,9.219101123595506,10.0,178,p0_lite_outputs\p1_rolling_window_market_validation_20260719\raw_configured_ecmade\SP100\window_011\ExperimentC_StabilityAware_ECMADE_MOO\run_002,1.0000000000000002,0.6188970463074617,0.9724455507029229,0.009922759496657699,0.975,1.3659014013948234,0.03428153407565238
SP100,window_001,ExperimentC_StabilityAware_ECMADE_MOO,3,60,10,755,124,0.0256052445300032,0.0246052445300032,0.0527243464954327,0.0506394011200783,0.3384190673571,0.3204312931410857,0.5000580575820763,-0.2215932423758195,1.0,0.001,10.343411799985915,0.04515093357176495,-0.22159324237581957,6,9.278761061946902,10.0,226,p0_lite_outputs\p1_rolling_window_market_validation_20260719\raw_configured_ecmade\SP100\window_001\ExperimentC_StabilityAware_ECMADE_MOO\run_003,1.0,1.0,0.9510175152147079,0.056077032805161346,0.7666666666666667,1.0076413054533118,0.03986928747589431
SP100,window_002,ExperimentC_StabilityAware_ECMADE_MOO,3,60,10,755,126,0.2015097532250276,0.2005097532250276,0.4436256870948667,0.4412236675884164,0.1825753408267501,2.1033286078977333,3.7062110392234335,-0.0847179549389716,1.0,0.001,10.670078599941917,0.020873551571563946,-0.0847179549389716,8,9.294840294840295,10.0,407,p0_lite_outputs\p1_rolling_window_market_validation_20260719\raw_configured_ecmade\SP100\window_002\ExperimentC_StabilityAware_ECMADE_MOO\run_003,1.0,0.7400839716822651,0.9162670996743285,0.032121447470066504,0.3333333333333333,1.3803669098129487,0.03161147386234886
SP100,window_003,ExperimentC_StabilityAware_ECMADE_MOO,3,60,10,756,124,-0.2380103664986491,-0.2390103664986491,-0.42444075889345,-0.4259747596071035,0.3922370589441712,-1.2102986707336565,-2.0629816484500507,-0.2632406502266243,1.0,0.001,11.96727990009822,0.04889275521072483,-0.26324065022662435,10,9.02659574468085,10.0,376,p0_lite_outputs\p1_rolling_window_market_validation_20260719\raw_configured_ecmade\SP100\window_003\ExperimentC_StabilityAware_ECMADE_MOO\run_003,1.0,0.3758578738116613,0.944968476661489,0.004312275262699973,1.0,1.4006557555773835,0.08898674632265939
SP100,window_004,ExperimentC_StabilityAware_ECMADE_MOO,3,60,10,756,125,-0.1413376749372187,-0.1423376749372187,-0.2644944152940585,-0.2662202415964534,0.2919931443252764,-0.9055144447244812,-1.4899463826076007,-0.2593610851486853,1.0,0.001,10.67777449998539,0.03640275684808179,-0.2593610851486853,10,8.281323877068559,9.0,423,p0_lite_outputs\p1_rolling_window_market_validation_20260719\raw_configured_ecmade\SP100\window_004\ExperimentC_StabilityAware_ECMADE_MOO\run_003,1.0,0.3474115856894364,0.928980066237383,0.003988119161862389,0.9833333333333333,1.408852392130359,0.026908446804070552
SP100,window_005,ExperimentC_StabilityAware_ECMADE_MOO,3,60,10,755,123,0.4392075210916211,0.4382075210916211,1.108434808123557,1.1054344443023534,0.1882452028699937,4.062521419854583,6.802248404312461,-0.0948182871167411,1.0,0.001,10.129420400015078,0.02160240772628205,-0.0948182871167409,7,7.553921568627451,8.0,204,p0_lite_outputs\p1_rolling_window_market_validation_20260719\raw_configured_ecmade\SP100\window_005\ExperimentC_StabilityAware_ECMADE_MOO\run_003,1.0,0.30082834139506254,0.9824290389192605,0.00683066407264687,1.0,1.3721904655217338,0.060026830402004405
SP100,window_006,ExperimentC_StabilityAware_ECMADE_MOO,3,60,10,753,125,0.0880944756900627,0.0870944756900627,0.1855500042772422,0.1833544661019128,0.1627695885009321,1.1270537961578773,1.857510882854286,-0.0961465934426102,1.0,0.001,9.734760499908589,0.01979904460812255,-0.09614659344261023,10,9.105263157894736,10.0,152,p0_lite_outputs\p1_rolling_window_market_validation_20260719\raw_configured_ecmade\SP100\window_006\ExperimentC_StabilityAware_ECMADE_MOO\run_003,1.0,0.4189507802522972,1.0076225731920823,0.013148327125306261,0.9083333333333333,1.2249147738579003,0.04449837282396966
SP100,window_007,ExperimentC_StabilityAware_ECMADE_MOO,3,60,10,752,124,0.4216055532676033,0.4206055532676033,1.04402677803106,1.041105797766639,0.1551477892601015,4.691806962110233,8.30480657992754,-0.0592567041742192,1.0,0.001,9.53533740004059,0.01717758138461888,-0.059256704174219244,10,9.425373134328359,10.0,134,p0_lite_outputs\p1_rolling_window_market_validation_20260719\raw_configured_ecmade\SP100\window_007\ExperimentC_StabilityAware_ECMADE_MOO\run_003,1.0,0.3045318776935263,1.0550398004309822,0.020498200016257122,0.5916666666666667,1.3414138228680506,0.07167588080956368
SP100,window_008,ExperimentC_StabilityAware_ECMADE_MOO,3,60,10,752,126,0.0052214007585851,0.0042214007585851,0.0104700645430519,0.008460621741535,0.2566932971708418,0.1683478992872534,0.2720869132734816,-0.1505356910733948,1.0,0.001,9.840749399969354,0.031831779520114296,-0.15053569107339482,10,9.030534351145038,10.0,131,p0_lite_outputs\p1_rolling_window_market_validation_20260719\raw_configured_ecmade\SP100\window_008\ExperimentC_StabilityAware_ECMADE_MOO\run_003,1.0,0.33212955272898687,1.0128873523291693,0.01480367704312177,0.7666666666666667,1.3065183431517646,0.07485859337820366
SP100,window_009,ExperimentC_StabilityAware_ECMADE_MOO,3,60,10,752,122,0.1853047859840364,0.1843047859840364,0.4206967597126623,0.4182220924721782,0.315612951679634,1.271098816381378,1.733662627884934,-0.1935210610879535,0.9999999999999996,0.0009999999999999,9.77493999991566,0.04506430125477479,-0.19352106108795375,10,9.222222222222221,10.0,135,p0_lite_outputs\p1_rolling_window_market_validation_20260719\raw_configured_ecmade\SP100\window_009\ExperimentC_StabilityAware_ECMADE_MOO\run_003,0.9999999999999996,0.2770657324928608,1.0484006967944834,0.018263709087362363,0.8916666666666667,1.151066723728619,0.054366582202769596
SP100,window_010,ExperimentC_StabilityAware_ECMADE_MOO,3,60,10,750,126,0.0991610294909801,0.0981610294909801,0.2081549687516712,0.2059576466926891,0.196515474402115,1.0612968871604282,1.4414847524676069,-0.0999872522152337,1.0,0.001,9.812346499995328,0.028654370987660698,-0.09998725221523375,8,9.726190476190476,10.0,168,p0_lite_outputs\p1_rolling_window_market_validation_20260719\raw_configured_ecmade\SP100\window_010\ExperimentC_StabilityAware_ECMADE_MOO\run_003,1.0,0.7704534104071071,1.014690187025798,0.01472473096668414,0.725,1.3283538104114925,0.03714663580028091
SP100,window_011,ExperimentC_StabilityAware_ECMADE_MOO,3,60,10,751,123,0.0867054197128254,0.0857054197128254,0.1857283914276557,0.1834940002972573,0.2167469755475418,0.8944059811481263,1.5016408734955593,-0.1370982381258826,1.0,0.001,9.50155360007193,0.02628498516718234,-0.13709823812588262,9,8.925,10.0,160,p0_lite_outputs\p1_rolling_window_market_validation_20260719\raw_configured_ecmade\SP100\window_011\ExperimentC_StabilityAware_ECMADE_MOO\run_003,1.0,0.45365167756649,0.9650273801087894,0.013187760022725906,0.8,1.3589683212410708,0.03428153407565238
SP100,window_001,ExperimentC_StabilityAware_ECMADE_MOO,4,60,10,755,124,0.0217983945764141,0.0207983945764141,0.04479848871341,0.042721535315024,0.3559517451011431,0.3003374009768944,0.466931276007927,-0.2348537824590111,1.0,0.001,10.9017254000064,0.04784896876831416,-0.23485378245901112,8,9.375,10.0,344,p0_lite_outputs\p1_rolling_window_market_validation_20260719\raw_configured_ecmade\SP100\window_001\ExperimentC_StabilityAware_ECMADE_MOO\run_004,1.0,1.0,0.9777974457908033,0.012977813190684894,0.8416666666666667,1.274462563568534,0.03986928747589431
SP100,window_002,ExperimentC_StabilityAware_ECMADE_MOO,4,60,10,755,126,0.2264600331381581,0.2254600331381581,0.504204212885252,0.5017522928189753,0.1904902803451353,2.2396837846687365,4.136111300946178,-0.0815997915400705,1.0,0.001,10.347524000098929,0.022004170031216845,-0.08159979154007058,10,8.345205479452055,9.0,365,p0_lite_outputs\p1_rolling_window_market_validation_20260719\raw_configured_ecmade\SP100\window_002\ExperimentC_StabilityAware_ECMADE_MOO\run_004,1.0,0.6545181602211199,0.9606174063255957,0.004661148140703708,0.9833333333333333,1.3731983947676583,0.03161147386234886
SP100,window_003,ExperimentC_StabilityAware_ECMADE_MOO,4,60,10,756,124,-0.2400186294010465,-0.2410186294010465,-0.4275193303627385,-0.4290491551587501,0.3847951998386162,-1.2550395962490477,-2.106200269078952,-0.2720445204434383,1.0,0.001,11.33330759999808,0.04830148141697934,-0.2720445204434383,10,9.87279151943463,10.0,283,p0_lite_outputs\p1_rolling_window_market_validation_20260719\raw_configured_ecmade\SP100\window_003\ExperimentC_StabilityAware_ECMADE_MOO\run_004,1.0,0.3892620832954321,0.9171755461297995,0.01764055335000734,0.75,1.2264951866671157,0.08898674632265939
SP100,window_004,ExperimentC_StabilityAware_ECMADE_MOO,4,60,10,756,125,-0.1307066338467534,-0.1317066338467534,-0.2460207522854245,-0.2477683025985231,0.2849530436348833,-0.8480861356098922,-1.4039023647800142,-0.2479491941062332,1.0,0.001,10.266145800007507,0.035536618526185705,-0.24794919410623328,10,9.87593984962406,10.0,266,p0_lite_outputs\p1_rolling_window_market_validation_20260719\raw_configured_ecmade\SP100\window_004\ExperimentC_StabilityAware_ECMADE_MOO\run_004,1.0,0.42421731291663634,0.9239099582638991,0.006470266383637217,0.9833333333333333,1.3684455455466487,0.026908446804070552
SP100,window_005,ExperimentC_StabilityAware_ECMADE_MOO,4,60,10,755,123,0.3499322989079969,0.3489322989079969,0.8491862667821741,0.8463808630856475,0.1787945977635117,3.5317421792833006,5.544985788049045,-0.092637474073024,1.0,0.001,9.790390099980868,0.02189814795972087,-0.09263747407302403,10,9.333333333333334,10.0,153,p0_lite_outputs\p1_rolling_window_market_validation_20260719\raw_configured_ecmade\SP100\window_005\ExperimentC_StabilityAware_ECMADE_MOO\run_004,1.0,0.36859217818411666,0.9591121201690582,0.019504314391524367,0.525,1.327669692715168,0.060026830402004405
SP100,window_006,ExperimentC_StabilityAware_ECMADE_MOO,4,60,10,753,125,0.1118363377078639,0.1108363377078639,0.2382786397823626,0.2360343983748141,0.1758941487069167,1.3030015326077302,2.163631828361739,-0.1058113697387104,1.0,0.001,9.53751569997985,0.02183490764909048,-0.10581136973871041,9,8.45,9.0,180,p0_lite_outputs\p1_rolling_window_market_validation_20260719\raw_configured_ecmade\SP100\window_006\ExperimentC_StabilityAware_ECMADE_MOO\run_004,1.0,0.3705332840201163,1.0120870234770911,0.007710429870336126,0.9916666666666667,1.377069765983704,0.04449837282396966
SP100,window_007,ExperimentC_StabilityAware_ECMADE_MOO,4,60,10,752,124,0.4593042959893567,0.4583042959893567,1.1556921971022749,1.1526911962664892,0.170436623978031,4.598398288078927,8.05829129629001,-0.0618644937915972,1.0,0.001,9.879450800013728,0.018827774166867844,-0.0618644937915972,5,7.446808510638298,8.0,188,p0_lite_outputs\p1_rolling_window_market_validation_20260719\raw_configured_ecmade\SP100\window_007\ExperimentC_StabilityAware_ECMADE_MOO\run_004,1.0,0.3652573005260612,1.0797929137287336,0.00706991153167626,0.9583333333333334,1.363517690853135,0.07167588080956368
SP100,window_008,ExperimentC_StabilityAware_ECMADE_MOO,4,60,10,752,126,0.008767721652886,0.007767721652886,0.0176123162487547,0.0155957808054492,0.2487692792529247,0.193896293961796,0.3189662168526219,-0.1392150492969641,1.0,0.001,9.863585199927911,0.031020694692023554,-0.13921504929696416,10,8.80451127819549,10.0,133,p0_lite_outputs\p1_rolling_window_market_validation_20260719\raw_configured_ecmade\SP100\window_008\ExperimentC_StabilityAware_ECMADE_MOO\run_004,1.0,0.271211082993414,1.011366980648169,0.016579285413964254,0.7,1.3228955933990185,0.07485859337820366
SP100,window_009,ExperimentC_StabilityAware_ECMADE_MOO,4,60,10,752,122,0.1977992696475385,0.1967992696475385,0.451804122189857,0.4493016372322211,0.3009650321633719,1.3902971702753013,1.7846795968745437,-0.1923980388574931,1.0,0.001,9.867080500000156,0.042701740513598915,-0.19239803885749318,8,8.693877551020408,10.0,147,p0_lite_outputs\p1_rolling_window_market_validation_20260719\raw_configured_ecmade\SP100\window_009\ExperimentC_StabilityAware_ECMADE_MOO\run_004,1.0,0.3509056874281853,1.0405501072648704,0.03197185858807839,0.875,1.0041440385518825,0.054366582202769596
SP100,window_010,ExperimentC_StabilityAware_ECMADE_MOO,4,60,10,750,126,0.1022819548624822,0.1012819548624822,0.2150255080154552,0.2128219441057302,0.1894694612233237,1.1234055565648895,1.585383814086062,-0.0967696345473566,1.0,0.001,9.94573269993998,0.02657272646093451,-0.09676963454735643,9,9.574162679425838,10.0,209,p0_lite_outputs\p1_rolling_window_market_validation_20260719\raw_configured_ecmade\SP100\window_010\ExperimentC_StabilityAware_ECMADE_MOO\run_004,1.0,0.6376556793932583,1.027908285524679,0.007510787047454043,0.975,1.3808034356521715,0.03714663580028091
SP100,window_011,ExperimentC_StabilityAware_ECMADE_MOO,4,60,10,751,123,0.0412712701419712,0.0402712701419712,0.0863869664653611,0.0842504938760095,0.2048671578887526,0.5066907210876022,0.9293238535427432,-0.1110489907690573,1.0,0.001,9.58080080000218,0.02325549293204412,-0.11104899076905739,9,9.180645161290322,10.0,155,p0_lite_outputs\p1_rolling_window_market_validation_20260719\raw_configured_ecmade\SP100\window_011\ExperimentC_StabilityAware_ECMADE_MOO\run_004,1.0,0.5971468611054552,0.958068051690929,0.01633386742463896,0.75,1.2362637963160297,0.03428153407565238
SP100,window_001,ExperimentC_StabilityAware_ECMADE_MOO,5,60,10,755,124,0.0270695649090055,0.0260695649090055,0.0557811626438795,0.0536931428667877,0.3470724709388011,0.329262066249863,0.5054035231041254,-0.2293282007620916,1.0,0.0009999999999999,10.96116519998759,0.046847362348191104,-0.22932820076209148,10,9.25,10.0,368,p0_lite_outputs\p1_rolling_window_market_validation_20260719\raw_configured_ecmade\SP100\window_001\ExperimentC_StabilityAware_ECMADE_MOO\run_005,1.0,1.0,0.9788024851639654,0.011867742093590861,0.8583333333333333,1.3446364836204105,0.03986928747589431
SP100,window_002,ExperimentC_StabilityAware_ECMADE_MOO,5,60,10,755,126,0.2670722285470739,0.2660722285470739,0.6054720323552483,0.6029388878981545,0.2013143296156724,2.4538839603624947,4.561284038984478,-0.0841079896476603,1.0,0.001,10.063377400045283,0.02332868789489809,-0.08410798964766031,10,8.75632911392405,9.0,316,p0_lite_outputs\p1_rolling_window_market_validation_20260719\raw_configured_ecmade\SP100\window_002\ExperimentC_StabilityAware_ECMADE_MOO\run_005,1.0,0.6016038841848166,0.955390971867396,0.006626879987375963,0.9166666666666666,1.3533136764201712,0.03161147386234886
SP100,window_003,ExperimentC_StabilityAware_ECMADE_MOO,5,60,10,756,124,-0.2738856018819905,-0.2748856018819905,-0.4781731892251251,-0.4796326465149259,0.424507828805693,-1.3173688347828303,-2.251008002348672,-0.290272922289718,1.0,0.001,11.287991899996996,0.05348433516252838,-0.2902729222897179,10,9.943894389438944,10.0,303,p0_lite_outputs\p1_rolling_window_market_validation_20260719\raw_configured_ecmade\SP100\window_003\ExperimentC_StabilityAware_ECMADE_MOO\run_005,1.0,0.38194210157315817,0.8635419422657913,0.070427616351508,0.75,0.9170876904618589,0.08898674632265939
SP100,window_004,ExperimentC_StabilityAware_ECMADE_MOO,5,60,10,756,125,-0.1328772324554815,-0.1338772324554815,-0.2498113862332396,-0.2515545006873486,0.2904851212083164,-0.8437898250883119,-1.3972842589531325,-0.249964357538913,1.0,0.001,10.672932700021192,0.03608837771316894,-0.249964357538913,10,9.081818181818182,10.0,330,p0_lite_outputs\p1_rolling_window_market_validation_20260719\raw_configured_ecmade\SP100\window_004\ExperimentC_StabilityAware_ECMADE_MOO\run_005,1.0,0.35922058562374237,0.9263582914382923,0.005317822863231449,0.9916666666666667,1.3732660911674623,0.026908446804070552
SP100,window_005,ExperimentC_StabilityAware_ECMADE_MOO,5,60,10,755,123,0.3441790572181713,0.3431790572181713,0.833075912094656,0.8302830512489325,0.1888816135198147,3.306550491893839,5.61689107175661,-0.0894889718672203,1.0,0.001,10.061521800002083,0.02228583849214686,-0.08948897186722038,10,8.152046783625732,9.0,171,p0_lite_outputs\p1_rolling_window_market_validation_20260719\raw_configured_ecmade\SP100\window_005\ExperimentC_StabilityAware_ECMADE_MOO\run_005,1.0,0.3562101777819109,0.9814690107686374,0.007059904851719177,1.0,1.377077647078733,0.060026830402004405
SP100,window_006,ExperimentC_StabilityAware_ECMADE_MOO,5,60,10,753,125,0.1630357807980325,0.1620357807980325,0.3559249159238953,0.3535755895301853,0.1725894662831775,1.8511663571866952,3.038669842755977,-0.0853468327585988,1.0,0.001,9.35911820002366,0.0204631295637115,-0.08534683275859889,7,8.140845070422536,9.0,142,p0_lite_outputs\p1_rolling_window_market_validation_20260719\raw_configured_ecmade\SP100\window_006\ExperimentC_StabilityAware_ECMADE_MOO\run_005,1.0,0.559000386668469,1.0074977316145843,0.010478334959584801,0.9166666666666666,1.349074019854644,0.04449837282396966
SP100,window_007,ExperimentC_StabilityAware_ECMADE_MOO,5,60,10,752,124,0.3831409948194126,0.3821409948194126,0.9332008891774056,0.930361484462196,0.1642570610843692,4.100085492831221,7.448850203882598,-0.0609790244737989,1.0,0.001,9.623626900021918,0.01750275809384768,-0.06097902447379899,8,8.953488372093023,10.0,129,p0_lite_outputs\p1_rolling_window_market_validation_20260719\raw_configured_ecmade\SP100\window_007\ExperimentC_StabilityAware_ECMADE_MOO\run_005,1.0,0.289223487859677,1.048457335831397,0.049294146671616815,0.5416666666666666,1.0861836697709173,0.07167588080956368
SP100,window_008,ExperimentC_StabilityAware_ECMADE_MOO,5,60,10,752,126,0.0109458448621815,0.0099458448621815,0.02201150124411,0.0199906095543858,0.2667998103549208,0.2143416619956893,0.3560822245609765,-0.15673307200854,1.0,0.001,9.757045399979688,0.03302294034346436,-0.15673307200854003,9,7.624277456647399,8.0,173,p0_lite_outputs\p1_rolling_window_market_validation_20260719\raw_configured_ecmade\SP100\window_008\ExperimentC_StabilityAware_ECMADE_MOO\run_005,1.0,0.15697114964648612,1.0277927162417364,0.007046174038850045,0.9833333333333333,1.3741028666096784,0.07485859337820366
SP100,window_009,ExperimentC_StabilityAware_ECMADE_MOO,5,60,10,752,122,0.1928886538045402,0.1918886538045402,0.439536762898296,0.4370452132169242,0.3077618981455387,1.3384150616197306,1.787873105548285,-0.1898964161331386,1.0,0.001,9.993695100070909,0.04400713801505337,-0.18989641613313868,9,9.210843373493976,10.0,166,p0_lite_outputs\p1_rolling_window_market_validation_20260719\raw_configured_ecmade\SP100\window_009\ExperimentC_StabilityAware_ECMADE_MOO\run_005,1.0,0.3451465459624666,1.0491917570533544,0.01375501495978696,0.8083333333333333,1.3269474640814685,0.054366582202769596
SP100,window_010,ExperimentC_StabilityAware_ECMADE_MOO,5,60,10,750,126,0.1167762005608501,0.1157762005608501,0.2471890821391282,0.2449565297380063,0.187833924854656,1.2707322103608711,1.7600883175515951,-0.0832687087610603,1.0,0.001,9.765237500076182,0.026962883544223614,-0.0832687087610603,10,9.736842105263158,10.0,152,p0_lite_outputs\p1_rolling_window_market_validation_20260719\raw_configured_ecmade\SP100\window_010\ExperimentC_StabilityAware_ECMADE_MOO\run_005,1.0,0.5921793295778534,1.0116268547142437,0.014990473631162956,0.75,1.334224904218875,0.03714663580028091
SP100,window_011,ExperimentC_StabilityAware_ECMADE_MOO,5,60,10,751,123,0.0887261152962191,0.0877261152962191,0.1902500002659206,0.1880112494775754,0.2143442974740444,0.9196699407415472,1.5994511997204657,-0.1336339907894245,1.0,0.001,9.583513799938371,0.024853811555018333,-0.1336339907894245,10,8.829268292682928,10.0,164,p0_lite_outputs\p1_rolling_window_market_validation_20260719\raw_configured_ecmade\SP100\window_011\ExperimentC_StabilityAware_ECMADE_MOO\run_005,1.0,0.4584083369021329,0.9720148648735222,0.009206124097078735,0.9583333333333334,1.3578336202491246,0.03428153407565238
SP100,window_001,ExperimentC_StabilityAware_ECMADE_MOO,6,60,10,755,124,0.0215197121684009,0.0205197121684009,0.0442194673453197,0.0421430989660116,0.3618954904583487,0.2997518361520934,0.46411716184492,-0.237761621798574,1.0,0.001,10.752020100015216,0.04864449413836891,-0.23776162179857407,7,8.720797720797721,9.0,351,p0_lite_outputs\p1_rolling_window_market_validation_20260719\raw_configured_ecmade\SP100\window_001\ExperimentC_StabilityAware_ECMADE_MOO\run_006,1.0,1.0,0.9831303993892108,0.013246238091251795,0.875,1.2711404718092103,0.03986928747589431
SP100,window_002,ExperimentC_StabilityAware_ECMADE_MOO,6,60,10,755,126,0.2778513285977502,0.2768513285977502,0.6329040179990353,0.6303493153418396,0.2087358173130589,2.4551231921465164,4.589917911104057,-0.0863859732043748,1.0,0.001,10.195528200012632,0.024131844845035517,-0.0863859732043748,10,9.016129032258064,10.0,310,p0_lite_outputs\p1_rolling_window_market_validation_20260719\raw_configured_ecmade\SP100\window_002\ExperimentC_StabilityAware_ECMADE_MOO\run_006,1.0,0.5894986651781429,0.9569213894252274,0.006046944092888526,0.9833333333333333,1.3410140797317622,0.03161147386234886
SP100,window_003,ExperimentC_StabilityAware_ECMADE_MOO,6,60,10,756,124,-0.2748775023019412,-0.2758775023019412,-0.4796208338638773,-0.4810782317936678,0.4268621717754944,-1.3143979506730783,-2.3197707586980787,-0.28809440900968,1.0,0.001,10.796095600002444,0.05252880639751677,-0.28809440900968,10,8.695652173913043,10.0,322,p0_lite_outputs\p1_rolling_window_market_validation_20260719\raw_configured_ecmade\SP100\window_003\ExperimentC_StabilityAware_ECMADE_MOO\run_006,1.0,0.3699743673385966,0.9435348589881807,0.00507576588286783,0.9916666666666667,1.3814959459207512,0.08898674632265939
SP100,window_004,ExperimentC_StabilityAware_ECMADE_MOO,6,60,10,756,125,-0.1430237133062527,-0.1440237133062527,-0.2674030429669661,-0.2691254243269241,0.2917465623098802,-0.9200781247370804,-1.5005726759490272,-0.2633221305113943,1.0000000000000002,0.001,10.066987499943934,0.036657935207415546,-0.2633221305113943,10,8.929368029739777,10.0,269,p0_lite_outputs\p1_rolling_window_market_validation_20260719\raw_configured_ecmade\SP100\window_004\ExperimentC_StabilityAware_ECMADE_MOO\run_006,1.0000000000000002,0.39592269365279525,0.9232506099705825,0.006298706649909682,0.9833333333333333,1.3764229003128616,0.026908446804070552
SP100,window_005,ExperimentC_StabilityAware_ECMADE_MOO,6,60,10,755,123,0.4320632660909729,0.4310632660909729,1.0870474448076042,1.0840627049157137,0.1969080488789262,3.8402698161476927,6.252135390261964,-0.0977510046952048,1.0,0.001,9.973448199918494,0.022887721075070065,-0.09775100469520481,4,8.497109826589595,10.0,173,p0_lite_outputs\p1_rolling_window_market_validation_20260719\raw_configured_ecmade\SP100\window_005\ExperimentC_StabilityAware_ECMADE_MOO\run_006,1.0,0.3249059753682797,0.9737706244434449,0.010976314680932995,0.9583333333333334,1.356196653023658,0.060026830402004405
SP100,window_006,ExperimentC_StabilityAware_ECMADE_MOO,6,60,10,753,125,0.1542156417017159,0.1532156417017159,0.3352743369985738,0.332943118990906,0.1736846770147643,1.7519788536906622,2.9528062443673004,-0.082978494621652,1.0,0.001,9.709496599971317,0.020796522285015977,-0.08297849462165208,10,7.488038277511961,7.0,209,p0_lite_outputs\p1_rolling_window_market_validation_20260719\raw_configured_ecmade\SP100\window_006\ExperimentC_StabilityAware_ECMADE_MOO\run_006,1.0,0.49857965565715623,1.009875647832445,0.00844614994253886,0.9916666666666667,1.4121680542309052,0.04449837282396966
SP100,window_007,ExperimentC_StabilityAware_ECMADE_MOO,6,60,10,752,124,0.4220132523128441,0.4210132523128441,1.0452182677498971,1.0422964224532765,0.182596598156483,4.014836524059836,7.105289718128677,-0.0656208173085046,1.0,0.001,9.715566399972886,0.019893461804513735,-0.06562081730850466,6,9.487394957983193,10.0,119,p0_lite_outputs\p1_rolling_window_market_validation_20260719\raw_configured_ecmade\SP100\window_007\ExperimentC_StabilityAware_ECMADE_MOO\run_006,1.0,0.2606675585970678,1.040879725513923,0.02920463110907748,0.4,1.2432154546529304,0.07167588080956368
SP100,window_008,ExperimentC_StabilityAware_ECMADE_MOO,6,60,10,752,126,0.0200736141635751,0.0190736141635751,0.0405501783127382,0.0385110310844114,0.2580631391970103,0.2823339387249129,0.4688031396925985,-0.1382618011708479,1.0,0.001,9.44834450003691,0.03219520427764151,-0.13826180117084796,10,8.780303030303031,10.0,132,p0_lite_outputs\p1_rolling_window_market_validation_20260719\raw_configured_ecmade\SP100\window_008\ExperimentC_StabilityAware_ECMADE_MOO\run_006,1.0,0.17047545334718076,1.008883221022401,0.017251082551645914,0.6666666666666666,1.359806709228096,0.07485859337820366
SP100,window_009,ExperimentC_StabilityAware_ECMADE_MOO,6,60,10,752,122,0.2159379705936974,0.2149379705936974,0.4975826608936877,0.495039758094796,0.31623188045069,1.4361765039204766,1.9159118378904312,-0.1963347287691874,1.0,0.001,7.705264499993063,0.04481594365801097,-0.19633472876918756,10,8.841836734693878,10.0,196,p0_lite_outputs\p1_rolling_window_market_validation_20260719\raw_configured_ecmade\SP100\window_009\ExperimentC_StabilityAware_ECMADE_MOO\run_006,1.0,0.2564472349789227,1.0350905989036268,0.02096492459547746,0.525,1.3830525174492205,0.054366582202769596
SP100,window_010,ExperimentC_StabilityAware_ECMADE_MOO,6,60,10,750,126,0.112788372878819,0.111788372878819,0.2382979628142896,0.2360733860685322,0.1873791716112397,1.235159755398607,1.6911107480074867,-0.0895659721731159,1.0,0.001,9.916530500049705,0.027056093831701333,-0.0895659721731159,10,9.461077844311378,10.0,167,p0_lite_outputs\p1_rolling_window_market_validation_20260719\raw_configured_ecmade\SP100\window_010\ExperimentC_StabilityAware_ECMADE_MOO\run_006,1.0,0.6640570241254266,1.0179259143386128,0.012394940301029335,0.8333333333333334,1.3614217444861065,0.03714663580028091
SP100,window_011,ExperimentC_StabilityAware_ECMADE_MOO,6,60,10,751,123,0.0843123516832473,0.0833123516832473,0.1803849374248252,0.1781557088355201,0.217929944699066,0.8699204346049286,1.567490917321412,-0.1317032388914045,1.0,0.001,9.525499099981973,0.025189382039112668,-0.13170323889140456,9,8.946666666666667,10.0,150,p0_lite_outputs\p1_rolling_window_market_validation_20260719\raw_configured_ecmade\SP100\window_011\ExperimentC_StabilityAware_ECMADE_MOO\run_006,1.0,0.4081200696647802,0.9436810878659779,0.026965803455193407,0.5416666666666666,1.1753340260945113,0.03428153407565238
SP100,window_001,ExperimentC_StabilityAware_ECMADE_MOO,7,60,10,755,124,0.0137038047678914,0.0127038047678914,0.0280466754758808,0.0259867123978636,0.3731619046186045,0.2598015051647849,0.4069215212138123,-0.2457178926996009,1.0,0.001,10.542317599989474,0.05013471775695809,-0.24571789269960098,8,8.055555555555555,9.0,396,p0_lite_outputs\p1_rolling_window_market_validation_20260719\raw_configured_ecmade\SP100\window_001\ExperimentC_StabilityAware_ECMADE_MOO\run_007,1.0,1.0,0.9895761960883486,0.0045160001574951975,0.9916666666666667,1.3857331520849858,0.03986928747589431
SP100,window_002,ExperimentC_StabilityAware_ECMADE_MOO,7,60,10,755,126,0.2469381057112174,0.2459381057112174,0.5548546394746792,0.5523617632632565,0.1947127456422052,2.3655366581064343,4.410504299019011,-0.0816100950793132,1.0,0.001,10.162866400089117,0.022173795822015997,-0.08161009507931327,10,8.830618892508143,10.0,307,p0_lite_outputs\p1_rolling_window_market_validation_20260719\raw_configured_ecmade\SP100\window_002\ExperimentC_StabilityAware_ECMADE_MOO\run_007,1.0,0.6512583317338082,0.9590859032786715,0.004624854607590903,0.9916666666666667,1.3781287802280335,0.03161147386234886
SP100,window_003,ExperimentC_StabilityAware_ECMADE_MOO,7,60,10,756,124,-0.2487415738937746,-0.2497415738937746,-0.4407938781002197,-0.4423055688298092,0.3947498557606052,-1.2728801787927917,-2.164079296270221,-0.2674278696926567,1.0,0.001,11.107144399895333,0.04972384552786864,-0.26742786969265664,9,9.126182965299684,10.0,317,p0_lite_outputs\p1_rolling_window_market_validation_20260719\raw_configured_ecmade\SP100\window_003\ExperimentC_StabilityAware_ECMADE_MOO\run_007,1.0,0.32593986536691877,0.9427288667113572,0.0056814526190635895,0.9916666666666667,1.3826882760300219,0.08898674632265939
SP100,window_004,ExperimentC_StabilityAware_ECMADE_MOO,7,60,10,756,125,-0.1367608796753023,-0.1377608796753023,-0.2565695850351064,-0.2583047632692469,0.2945673889166925,-0.858717209269381,-1.412885335140584,-0.2542269193868613,1.0,0.001,11.114493799977936,0.03638040025107634,-0.25422691938686104,9,8.239294710327457,9.0,397,p0_lite_outputs\p1_rolling_window_market_validation_20260719\raw_configured_ecmade\SP100\window_004\ExperimentC_StabilityAware_ECMADE_MOO\run_007,1.0,0.41093088223976426,0.9293382677494013,0.003749802021642886,1.0,1.399919298403069,0.026908446804070552
SP100,window_005,ExperimentC_StabilityAware_ECMADE_MOO,7,60,10,755,123,0.3769259608452862,0.3759259608452862,0.9257384547053048,0.9228741664839492,0.1856736842988057,3.626688197842428,6.151364645392412,-0.0915965756720947,1.0,0.001,10.427811500034297,0.021627921841688665,-0.09159657567209478,9,8.76923076923077,10.0,169,p0_lite_outputs\p1_rolling_window_market_validation_20260719\raw_configured_ecmade\SP100\window_005\ExperimentC_StabilityAware_ECMADE_MOO\run_007,1.0,0.22691202105995786,0.9799287308856002,0.007879286539731259,0.9916666666666667,1.3744708261262186,0.060026830402004405
SP100,window_006,ExperimentC_StabilityAware_ECMADE_MOO,7,60,10,753,125,0.0933745927849931,0.0923745927849931,0.1971767093796212,0.1949703412131458,0.1624516690694665,1.1892068978259491,1.890153966293516,-0.0919556845513588,1.0,0.001,9.567655300023034,0.020421935638886408,-0.09195568455135883,9,8.938202247191011,10.0,178,p0_lite_outputs\p1_rolling_window_market_validation_20260719\raw_configured_ecmade\SP100\window_006\ExperimentC_StabilityAware_ECMADE_MOO\run_007,1.0,0.4989559722417583,1.0115264904910373,0.007824113548582024,0.9916666666666667,1.3671223650497235,0.04449837282396966
SP100,window_007,ExperimentC_StabilityAware_ECMADE_MOO,7,60,10,752,124,0.4312107114791164,0.4302107114791164,1.0721913281530706,1.069249966098209,0.1851674049483991,4.032619741667161,7.0806301148501305,-0.0672933714154728,1.0,0.001,9.707720900070854,0.020444580933640433,-0.06729337141547287,6,9.296875,10.0,128,p0_lite_outputs\p1_rolling_window_market_validation_20260719\raw_configured_ecmade\SP100\window_007\ExperimentC_StabilityAware_ECMADE_MOO\run_007,1.0,0.447585249294855,1.0527392554235517,0.021758921576857708,0.44166666666666665,1.2944547372231126,0.07167588080956368
SP100,window_008,ExperimentC_StabilityAware_ECMADE_MOO,7,60,10,752,126,0.0101088340450852,0.0091088340450852,0.0203198566159215,0.0183006389478315,0.25337979079561,0.2053794379955319,0.3360043167289229,-0.1342657955877217,1.0,0.001,9.580504500074312,0.031629717099599504,-0.13426579558772178,6,7.659863945578231,9.0,147,p0_lite_outputs\p1_rolling_window_market_validation_20260719\raw_configured_ecmade\SP100\window_008\ExperimentC_StabilityAware_ECMADE_MOO\run_007,1.0,0.10371522035154503,1.0240955420908286,0.009037932296661428,0.9583333333333334,1.3965173098941153,0.07485859337820366
SP100,window_009,ExperimentC_StabilityAware_ECMADE_MOO,7,60,10,752,122,0.1401705345339716,0.1391705345339716,0.3112193575822077,0.3088450156350932,0.2903395384968794,1.0790369148275707,1.3931638244546496,-0.18514461997126,1.0,0.001,9.658931099926122,0.0412350655154883,-0.18514461997126008,7,9.192857142857143,10.0,140,p0_lite_outputs\p1_rolling_window_market_validation_20260719\raw_configured_ecmade\SP100\window_009\ExperimentC_StabilityAware_ECMADE_MOO\run_007,1.0,0.15646629752188404,1.0459667257961092,0.019140013867517607,0.9,1.16273001949993,0.054366582202769596
SP100,window_010,ExperimentC_StabilityAware_ECMADE_MOO,7,60,10,750,126,0.0988589759227744,0.0978589759227744,0.2074910489660486,0.2052943310142034,0.1822298309759892,1.1264580768827996,1.5711852549028007,-0.0846410755302521,1.0000000000000002,0.001,9.753208200098015,0.025603049958282238,-0.08464107553025213,10,9.4,10.0,195,p0_lite_outputs\p1_rolling_window_market_validation_20260719\raw_configured_ecmade\SP100\window_010\ExperimentC_StabilityAware_ECMADE_MOO\run_007,1.0000000000000002,0.7383684616371345,1.0176091275263335,0.012466995806806507,0.8166666666666667,1.3500906300578919,0.03714663580028091
SP100,window_011,ExperimentC_StabilityAware_ECMADE_MOO,7,60,10,751,123,0.0701502928339912,0.0691502928339912,0.149015480202739,0.1468167918564837,0.2030872075135347,0.7854528014948408,1.3242078261394463,-0.1263548070378477,1.0000000000000002,0.001,9.705003799987026,0.024192715041996996,-0.12635480703784774,10,8.851485148514852,10.0,202,p0_lite_outputs\p1_rolling_window_market_validation_20260719\raw_configured_ecmade\SP100\window_011\ExperimentC_StabilityAware_ECMADE_MOO\run_007,1.0000000000000002,0.607142340276659,0.9721725314425871,0.009337120685743716,0.975,1.3887938978921455,0.03428153407565238
SP100,window_001,ExperimentC_StabilityAware_ECMADE_MOO,8,60,10,755,124,0.026947483693744,0.025947483693744,0.0555261421372632,0.0534383786801857,0.3490643865088048,0.3286122417614606,0.5086170537545922,-0.2291272200117985,1.0,0.001,10.217299400013871,0.04666009919214783,-0.22912722001179853,7,8.884057971014492,10.0,276,p0_lite_outputs\p1_rolling_window_market_validation_20260719\raw_configured_ecmade\SP100\window_001\ExperimentC_StabilityAware_ECMADE_MOO\run_008,1.0,1.0,0.9697003803123659,0.02090481621531521,0.7916666666666666,1.2514794283120205,0.03986928747589431
SP100,window_002,ExperimentC_StabilityAware_ECMADE_MOO,8,60,10,755,126,0.2412961008947878,0.2402961008947878,0.5408160100966033,0.538334417894814,0.1920780969212797,2.348106036558768,4.342666427365752,-0.079935223030207,1.0,0.001,10.742192000034263,0.02195993416972053,-0.07993522303020706,10,8.677142857142858,9.0,350,p0_lite_outputs\p1_rolling_window_market_validation_20260719\raw_configured_ecmade\SP100\window_002\ExperimentC_StabilityAware_ECMADE_MOO\run_008,1.0,0.6632520185609034,0.9596377003841563,0.004580082416647608,0.9916666666666667,1.3772966693495097,0.03161147386234886
SP100,window_003,ExperimentC_StabilityAware_ECMADE_MOO,8,60,10,756,124,-0.2725396041109262,-0.2735396041109262,-0.4762054848253565,-0.4776677367888521,0.4213024740359753,-1.3216808257130712,-2.225864922575698,-0.2924259353078966,1.0,0.001,11.712383800069802,0.0529270162307364,-0.2924259353078966,10,8.099537037037036,10.0,432,p0_lite_outputs\p1_rolling_window_market_validation_20260719\raw_configured_ecmade\SP100\window_003\ExperimentC_StabilityAware_ECMADE_MOO\run_008,1.0,0.41880581508834114,0.946816585886353,0.004058378119628127,1.0,1.4077366501487512,0.08898674632265939
SP100,window_004,ExperimentC_StabilityAware_ECMADE_MOO,8,60,10,756,125,-0.1233362751206047,-0.1243362751206047,-0.2330776375055179,-0.2348402512848143,0.2806473646119603,-0.8048628230668727,-1.3398507919400633,-0.2384419211656259,1.0,0.001,10.717654599924572,0.03492927665614419,-0.2384419211656259,8,7.963235294117647,8.0,408,p0_lite_outputs\p1_rolling_window_market_validation_20260719\raw_configured_ecmade\SP100\window_004\ExperimentC_StabilityAware_ECMADE_MOO\run_008,1.0,0.364345831363286,0.9297880618333505,0.004108687610349191,0.9916666666666667,1.3953092255017925,0.026908446804070552
SP100,window_005,ExperimentC_StabilityAware_ECMADE_MOO,8,60,10,755,123,0.4229350572137929,0.4219350572137929,1.0598832282348662,1.0569184454886331,0.1948357501651707,3.811638630163867,6.369797239703483,-0.097979004172668,1.0000000000000002,0.001,9.922385199926794,0.02241963486838527,-0.09797900417266803,9,7.943502824858757,8.0,177,p0_lite_outputs\p1_rolling_window_market_validation_20260719\raw_configured_ecmade\SP100\window_005\ExperimentC_StabilityAware_ECMADE_MOO\run_008,1.0000000000000002,0.2581356477212362,0.9817537209315315,0.006879246537781219,0.9833333333333333,1.3590770544027382,0.060026830402004405
SP100,window_006,ExperimentC_StabilityAware_ECMADE_MOO,8,60,10,753,125,0.0835980541077772,0.0825980541077772,0.1756940610815007,0.1735077448048725,0.1616526906004399,1.082130182175683,1.7692358441778937,-0.1005432952207749,1.0,0.001,9.56483930000104,0.019514895151708917,-0.10054329522077499,8,8.169398907103826,9.0,183,p0_lite_outputs\p1_rolling_window_market_validation_20260719\raw_configured_ecmade\SP100\window_006\ExperimentC_StabilityAware_ECMADE_MOO\run_008,1.0,0.39048268127778374,1.0129034815677163,0.007376895224941344,0.9916666666666667,1.3519054335683285,0.04449837282396966
SP100,window_007,ExperimentC_StabilityAware_ECMADE_MOO,8,60,10,752,124,0.466344629931857,0.465344629931857,1.1768803512859494,1.1738643989634951,0.1619199632157466,4.892193174761765,8.710790886716508,-0.0601830843276074,1.0,0.001,9.651801700005308,0.017768235341636025,-0.06018308432760744,10,8.833333333333334,10.0,114,p0_lite_outputs\p1_rolling_window_market_validation_20260719\raw_configured_ecmade\SP100\window_007\ExperimentC_StabilityAware_ECMADE_MOO\run_008,1.0,0.3611085247888985,1.0663984026107223,0.014766539388656167,0.7,1.3355328649062297,0.07167588080956368
SP100,window_008,ExperimentC_StabilityAware_ECMADE_MOO,8,60,10,752,126,0.0350794454115335,0.0340794454115335,0.0713894583134477,0.0693202994226249,0.2715256434021834,0.3886493691552481,0.6621351896374817,-0.1488009867819303,1.0,0.0009999999999999,9.378932300023736,0.03263222236799564,-0.14880098678193032,9,9.105633802816902,10.0,142,p0_lite_outputs\p1_rolling_window_market_validation_20260719\raw_configured_ecmade\SP100\window_008\ExperimentC_StabilityAware_ECMADE_MOO\run_008,1.0,0.30359919691213266,1.0046133212791737,0.018979584228231396,0.5583333333333333,1.4010004848134754,0.07485859337820366
SP100,window_009,ExperimentC_StabilityAware_ECMADE_MOO,8,60,10,752,122,0.1645515260861694,0.1635515260861694,0.369795369192307,0.3673668644170453,0.2896492070873899,1.231917196038678,1.636556244959712,-0.1823194403709941,1.0,0.001,9.821663700044155,0.04017393716058209,-0.18231944037099412,6,8.064516129032258,9.0,155,p0_lite_outputs\p1_rolling_window_market_validation_20260719\raw_configured_ecmade\SP100\window_009\ExperimentC_StabilityAware_ECMADE_MOO\run_008,1.0,0.34177743793086346,1.053372813654613,0.010961860501353605,0.875,1.384282801626057,0.054366582202769596
SP100,window_010,ExperimentC_StabilityAware_ECMADE_MOO,8,60,10,750,126,0.0929238158337528,0.0919238158337528,0.194482467216611,0.1922976195849437,0.1885581509774038,1.036924867456145,1.4896523655106573,-0.1047850435388925,1.0,0.0009999999999999,9.8003792000236,0.025722983210970156,-0.10478504353889251,10,9.74375,10.0,160,p0_lite_outputs\p1_rolling_window_market_validation_20260719\raw_configured_ecmade\SP100\window_010\ExperimentC_StabilityAware_ECMADE_MOO\run_008,1.0,0.6757759003591892,0.9837038318098723,0.030847578829424644,0.44166666666666665,1.2742531594336783,0.03714663580028091
SP100,window_011,ExperimentC_StabilityAware_ECMADE_MOO,8,60,10,751,123,0.0729095658100409,0.0719095658100409,0.1550934429472876,0.152888805813931,0.2109462223076039,0.7889345891389985,1.3689798667883972,-0.1266575916688181,1.0,0.001,9.98287209996488,0.025403323128838307,-0.12665759166881818,9,8.71264367816092,10.0,174,p0_lite_outputs\p1_rolling_window_market_validation_20260719\raw_configured_ecmade\SP100\window_011\ExperimentC_StabilityAware_ECMADE_MOO\run_008,1.0,0.4993263973482659,0.9705981348729678,0.010849817429905925,0.9166666666666666,1.3895513879933266,0.03428153407565238
SP100,window_001,ExperimentC_StabilityAware_ECMADE_MOO,9,60,10,755,124,0.0203018011606115,0.0193018011606115,0.0416909140007395,0.0396171022389471,0.3606759701609985,0.2927444175385526,0.4524190457260098,-0.2384649880620123,1.0,0.001,10.60917749989312,0.048461189663855826,-0.23846498806201233,10,8.564245810055866,10.0,358,p0_lite_outputs\p1_rolling_window_market_validation_20260719\raw_configured_ecmade\SP100\window_001\ExperimentC_StabilityAware_ECMADE_MOO\run_009,1.0,1.0,0.9869874858453341,0.006934782522342366,0.9333333333333333,1.3639123819960317,0.03986928747589431
SP100,window_002,ExperimentC_StabilityAware_ECMADE_MOO,9,60,10,755,126,0.2502190011770273,0.2492190011770273,0.563047550904084,0.56054811290173,0.1952375420176734,2.3867274578357947,4.468519020643827,-0.0795119706998435,1.0,0.001,10.975699799950236,0.022232507844547587,-0.0795119706998435,8,7.466124661246613,8.0,369,p0_lite_outputs\p1_rolling_window_market_validation_20260719\raw_configured_ecmade\SP100\window_002\ExperimentC_StabilityAware_ECMADE_MOO\run_009,1.0,0.6488556835092749,0.9613739207586294,0.004058379119592509,0.9833333333333333,1.3854023395229684,0.03161147386234886
SP100,window_003,ExperimentC_StabilityAware_ECMADE_MOO,9,60,10,756,124,-0.2413713742088072,-0.2423713742088072,-0.4295882968295851,-0.4311153089720229,0.3958301715370981,-1.2183598227154493,-2.0752163106992496,-0.2661576699654751,1.0,0.001,10.998428999911994,0.04942508775399679,-0.2661576699654751,8,8.577540106951872,10.0,374,p0_lite_outputs\p1_rolling_window_market_validation_20260719\raw_configured_ecmade\SP100\window_003\ExperimentC_StabilityAware_ECMADE_MOO\run_009,1.0,0.3034600224429964,0.9435064862961389,0.004831450165484955,0.975,1.397014332210406,0.08898674632265939
SP100,window_004,ExperimentC_StabilityAware_ECMADE_MOO,9,60,10,756,125,-0.1467057750391109,-0.1477057750391109,-0.2737348689082215,-0.27544972739417,0.2939868112231988,-0.9403014275297206,-1.529778289827664,-0.2679309473657665,1.0,0.001,10.695770299993455,0.03690853909459404,-0.26793094736576684,8,8.249329758713136,9.0,373,p0_lite_outputs\p1_rolling_window_market_validation_20260719\raw_configured_ecmade\SP100\window_004\ExperimentC_StabilityAware_ECMADE_MOO\run_009,1.0,0.33840960813067156,0.9284671846878157,0.004490608385110752,1.0,1.4072091590791103,0.026908446804070552
SP100,window_005,ExperimentC_StabilityAware_ECMADE_MOO,9,60,10,755,123,0.4241117928476527,0.4231117928476527,1.0633747934161004,1.0604074383042832,0.1993653145319158,3.738023743213145,6.208177811059369,-0.0967443009058808,1.0,0.001,9.920981700066475,0.022711692429125265,-0.09674430090588082,9,8.844311377245509,9.0,167,p0_lite_outputs\p1_rolling_window_market_validation_20260719\raw_configured_ecmade\SP100\window_005\ExperimentC_StabilityAware_ECMADE_MOO\run_009,1.0,0.2999958507471138,0.9778949063840492,0.00870608510651267,0.9916666666666667,1.3538016867914158,0.060026830402004405
SP100,window_006,ExperimentC_StabilityAware_ECMADE_MOO,9,60,10,753,125,0.133914328488685,0.132914328488685,0.2883497285902114,0.286060182208953,0.173849126913832,1.5443966364808015,2.642257849435788,-0.0903520409680428,0.9999999999999998,0.0009999999999999,9.658429999952205,0.02020316853813944,-0.09035204096804283,10,8.96629213483146,10.0,178,p0_lite_outputs\p1_rolling_window_market_validation_20260719\raw_configured_ecmade\SP100\window_006\ExperimentC_StabilityAware_ECMADE_MOO\run_009,0.9999999999999998,0.4249636258850846,1.0068896237740068,0.010490025364282755,0.9083333333333333,1.3466947153551139,0.04449837282396966
SP100,window_007,ExperimentC_StabilityAware_ECMADE_MOO,9,60,10,752,124,0.4198136311271352,0.4188136311271352,1.0387941142442996,1.035876935881451,0.1652166953780868,4.399997167198129,8.112086041655743,-0.065585319204962,1.0,0.001,9.72610809991602,0.017941210087771588,-0.06558531920496202,10,8.928571428571429,10.0,140,p0_lite_outputs\p1_rolling_window_market_validation_20260719\raw_configured_ecmade\SP100\window_007\ExperimentC_StabilityAware_ECMADE_MOO\run_009,1.0,0.3558013843332443,1.0702285072986588,0.01158951026192248,0.8416666666666667,1.3833719446057546,0.07167588080956368
SP100,window_008,ExperimentC_StabilityAware_ECMADE_MOO,9,60,10,752,126,0.0005870612754543,-0.0004129387245456,0.0011744671918498,-0.000825706930701,0.2585707446170512,0.1333113840723046,0.2100927203496276,-0.1458271787298442,1.0,0.001,9.50276699999813,0.032368075383924264,-0.1458271787298442,9,9.649122807017545,10.0,114,p0_lite_outputs\p1_rolling_window_market_validation_20260719\raw_configured_ecmade\SP100\window_008\ExperimentC_StabilityAware_ECMADE_MOO\run_009,1.0,0.25199403434595974,0.9968689642608821,0.025311043059918867,0.44166666666666665,1.2815471302644263,0.07485859337820366
SP100,window_009,ExperimentC_StabilityAware_ECMADE_MOO,9,60,10,752,122,0.1441405807823743,0.1431405807823743,0.3206675082778316,0.3182843519343374,0.3077905975371419,1.058144090060545,1.4492907415137497,-0.1747572714488602,1.0,0.0009999999999999,9.847905099974014,0.04405101642760419,-0.17475727144886022,8,9.626984126984127,10.0,126,p0_lite_outputs\p1_rolling_window_market_validation_20260719\raw_configured_ecmade\SP100\window_009\ExperimentC_StabilityAware_ECMADE_MOO\run_009,1.0,0.31041523240007873,1.014251975973965,0.04312899735081145,0.775,1.0320643172244415,0.054366582202769596
SP100,window_010,ExperimentC_StabilityAware_ECMADE_MOO,9,60,10,750,126,0.1208424175847306,0.1198424175847306,0.2562877250571838,0.2540470402220141,0.1788604520415786,1.365848562952907,1.9677202974619097,-0.0814953067011176,1.0,0.001,9.671447400003672,0.02438012918643392,-0.0814953067011176,10,9.58041958041958,10.0,143,p0_lite_outputs\p1_rolling_window_market_validation_20260719\raw_configured_ecmade\SP100\window_010\ExperimentC_StabilityAware_ECMADE_MOO\run_009,1.0,0.6930852128961805,1.0061608983865586,0.01907948891990424,0.5833333333333334,1.3016382528997585,0.03714663580028091
SP100,window_011,ExperimentC_StabilityAware_ECMADE_MOO,9,60,10,751,123,0.0582634218065163,0.0572634218065163,0.123019422484466,0.1208463527658563,0.2078527917464039,0.6620392960367919,1.167651761223525,-0.1202862448812203,1.0,0.001,9.820166100049391,0.024467196939444633,-0.1202862448812203,10,9.748538011695906,10.0,171,p0_lite_outputs\p1_rolling_window_market_validation_20260719\raw_configured_ecmade\SP100\window_011\ExperimentC_StabilityAware_ECMADE_MOO\run_009,1.0,0.5141802828315184,0.9564624402984067,0.0164149839056933,0.6083333333333333,1.3170433025671282,0.03428153407565238
SP100,window_001,ExperimentC_StabilityAware_ECMADE_MOO,10,60,10,755,124,0.0183466575105699,0.0173466575105699,0.0376382740873764,0.035568566322973,0.3597614468941873,0.281764557111542,0.4351682485712831,-0.2364975529292041,1.0,0.0009999999999999,10.52164199994877,0.04823168957488002,-0.23649755292920416,10,9.0,10.0,361,p0_lite_outputs\p1_rolling_window_market_validation_20260719\raw_configured_ecmade\SP100\window_001\ExperimentC_StabilityAware_ECMADE_MOO\run_010,1.0,1.0,0.9778609836593751,0.018331255787895774,0.8583333333333333,1.3853665821415484,0.03986928747589431
SP100,window_002,ExperimentC_StabilityAware_ECMADE_MOO,10,60,10,755,126,0.2663338191930513,0.2653338191930513,0.6036013416320596,0.6010696739936732,0.1977533336884024,2.48854644716852,4.591179368385166,-0.0794141285389201,1.0,0.001,11.418542600004002,0.022563856990339932,-0.07941412853892016,10,9.393846153846154,10.0,325,p0_lite_outputs\p1_rolling_window_market_validation_20260719\raw_configured_ecmade\SP100\window_002\ExperimentC_StabilityAware_ECMADE_MOO\run_010,1.0,0.6333696412905141,0.9568801907791772,0.005523666946245511,0.9833333333333333,1.3792823801706504,0.03161147386234886
SP100,window_003,ExperimentC_StabilityAware_ECMADE_MOO,10,60,10,756,124,-0.2470648395308745,-0.2480648395308745,-0.4382545098186503,-0.4397696857739941,0.3905983613883042,-1.2790726998556208,-2.209391759834665,-0.2699573262705649,1.0,0.001,11.148956599994564,0.04858249498745258,-0.2699573262705649,8,8.942779291553133,10.0,367,p0_lite_outputs\p1_rolling_window_market_validation_20260719\raw_configured_ecmade\SP100\window_003\ExperimentC_StabilityAware_ECMADE_MOO\run_010,1.0,0.35898534126354453,0.9400634342135026,0.007749228106888633,0.9083333333333333,1.294498319028624,0.08898674632265939
SP100,window_004,ExperimentC_StabilityAware_ECMADE_MOO,10,60,10,756,125,-0.1434617464466634,-0.1444617464466634,-0.2681577545584648,-0.2698792409393652,0.2973816427468652,-0.900537848376433,-1.4712678362789795,-0.2616409361605495,1.0000000000000002,0.001,11.249324799980968,0.03686754333779529,-0.2616409361605495,8,8.976635514018692,10.0,428,p0_lite_outputs\p1_rolling_window_market_validation_20260719\raw_configured_ecmade\SP100\window_004\ExperimentC_StabilityAware_ECMADE_MOO\run_010,1.0000000000000002,0.4516434568169489,0.9278289121299557,0.0043719156635095196,1.0,1.4045527875419097,0.026908446804070552
SP100,window_005,ExperimentC_StabilityAware_ECMADE_MOO,10,60,10,755,123,0.4698809052294497,0.4688809052294497,1.2015289515531795,1.1984614646385814,0.2010671426660991,4.031381790371097,6.700049051597357,-0.0985499253353873,1.0,0.001,9.933313399902543,0.02277369742270787,-0.09854992533538731,10,7.5964912280701755,8.0,171,p0_lite_outputs\p1_rolling_window_market_validation_20260719\raw_configured_ecmade\SP100\window_005\ExperimentC_StabilityAware_ECMADE_MOO\run_010,1.0,0.22948290676578048,0.9817592776885342,0.007764401448805714,0.9916666666666667,1.3748513438076342,0.060026830402004405
SP100,window_006,ExperimentC_StabilityAware_ECMADE_MOO,10,60,10,753,125,0.0906946005242836,0.0896946005242836,0.1912682772762031,0.1890674061177877,0.1544726914227968,1.210475343127407,1.904096883063638,-0.0882433646132462,0.9999999999999998,0.0009999999999999,9.535336400032977,0.018864561836414113,-0.08824336461324622,10,9.153374233128835,10.0,163,p0_lite_outputs\p1_rolling_window_market_validation_20260719\raw_configured_ecmade\SP100\window_006\ExperimentC_StabilityAware_ECMADE_MOO\run_010,0.9999999999999998,0.5300844270906977,1.0007668621411565,0.013576038705675298,0.8083333333333333,1.3656702656106232,0.04449837282396966
SP100,window_007,ExperimentC_StabilityAware_ECMADE_MOO,10,60,10,752,124,0.3782969000581784,0.3772969000581784,0.919466280082862,0.9166371435651746,0.1640691016329031,4.061035699321631,7.363180523057077,-0.0622380871310566,1.0,0.001,9.911728999926709,0.017307500323694446,-0.06223808713105661,9,8.74496644295302,10.0,149,p0_lite_outputs\p1_rolling_window_market_validation_20260719\raw_configured_ecmade\SP100\window_007\ExperimentC_StabilityAware_ECMADE_MOO\run_010,1.0,0.4942262546999926,1.0719887051468089,0.011463714272126242,0.825,1.37462332721801,0.07167588080956368
SP100,window_008,ExperimentC_StabilityAware_ECMADE_MOO,10,60,10,752,126,0.0130056471792114,0.0120056471792114,0.026180441216973,0.0241554299226145,0.2649944105345806,0.2290635239356175,0.3839966139744726,-0.1485913665957576,1.0,0.001,9.55750390002504,0.032156350825910375,-0.14859136659575767,4,9.027972027972028,10.0,143,p0_lite_outputs\p1_rolling_window_market_validation_20260719\raw_configured_ecmade\SP100\window_008\ExperimentC_StabilityAware_ECMADE_MOO\run_010,1.0,0.22809071093141686,1.0059129025498887,0.017535462639186268,0.6583333333333333,1.3247795421569735,0.07485859337820366
SP100,window_009,ExperimentC_StabilityAware_ECMADE_MOO,10,60,10,752,122,0.1530925531129758,0.1520925531129758,0.3421003867128007,0.3396973476215985,0.3022481665174834,1.1251038576960624,1.4710022444873263,-0.1934354199702014,1.0,0.001,9.775970399961809,0.04269769137192508,-0.19343541997020142,10,8.746835443037975,10.0,158,p0_lite_outputs\p1_rolling_window_market_validation_20260719\raw_configured_ecmade\SP100\window_009\ExperimentC_StabilityAware_ECMADE_MOO\run_010,1.0,0.2036138590360729,1.0567692911170428,0.009414556510674443,0.9833333333333333,1.368356821266515,0.054366582202769596
SP100,window_010,ExperimentC_StabilityAware_ECMADE_MOO,10,60,10,750,126,0.0964962051469271,0.0954962051469271,0.2023039279016121,0.2001119354913185,0.1883663975434123,1.0729400985548183,1.5015016748535983,-0.1008168959541004,1.0,0.001,9.569995599915272,0.026597087623427915,-0.10081689595410048,10,9.87912087912088,10.0,182,p0_lite_outputs\p1_rolling_window_market_validation_20260719\raw_configured_ecmade\SP100\window_010\ExperimentC_StabilityAware_ECMADE_MOO\run_010,1.0,0.7952011998976094,1.0131947728823254,0.014656969488080462,0.8166666666666667,1.2894844668774623,0.03714663580028091
SP100,window_011,ExperimentC_StabilityAware_ECMADE_MOO,10,60,10,751,123,0.0935669761723418,0.0925669761723418,0.2011179866678338,0.1988687900999022,0.2401521533877502,0.8830831943091021,1.4632001082347348,-0.1524983294835872,1.0,0.0009999999999999,9.675289100036023,0.02835034986195949,-0.1524983294835872,10,9.256983240223464,10.0,179,p0_lite_outputs\p1_rolling_window_market_validation_20260719\raw_configured_ecmade\SP100\window_011\ExperimentC_StabilityAware_ECMADE_MOO\run_010,1.0,0.4879143653804127,0.9670332648856989,0.012218249942613276,0.925,1.3748637526511505,0.03428153407565238
SP100,window_001,HandCrafted_ECMADE_MOO,1,60,10,755,124,0.0261074415933337,0.0251074415933337,0.0537721918762674,0.0516861921331746,0.3422614515873416,0.3235841848894269,0.4970998856370766,-0.2261581550939673,1.0,0.001,4.843231500010006,0.0462393068698261,-0.2261581550939673,10,9.008287292817679,10.0,362,p0_lite_outputs\p1_rolling_window_market_validation_20260719\raw_configured_ecmade\SP100\window_001\HandCrafted_ECMADE_MOO\run_001,1.0,1.0,0.982554595205404,0.013247425018297582,0.8833333333333333,1.3679255475532275,0.07465666615523639
SP100,window_002,HandCrafted_ECMADE_MOO,1,60,10,755,126,0.2747186247727862,0.2737186247727862,0.6249075723426232,0.6223591350930775,0.2041416206547372,2.481707593662131,4.569917566657142,-0.0821531186120723,1.0000000000000002,0.001,4.32178409997141,0.023255441862823616,-0.0821531186120723,10,8.555555555555555,10.0,306,p0_lite_outputs\p1_rolling_window_market_validation_20260719\raw_configured_ecmade\SP100\window_002\HandCrafted_ECMADE_MOO\run_001,1.0000000000000002,0.5605490147525145,0.9567398203878094,0.006087381162611666,0.9666666666666667,1.3956226272921815,0.04395734727674794
SP100,window_003,HandCrafted_ECMADE_MOO,1,60,10,756,124,-0.2674115376764435,-0.2684115376764435,-0.4686743321770121,-0.4701472329898875,0.4185675200755215,-1.299180857201968,-2.229156731054598,-0.2830049787846082,1.0,0.001,4.3412721999920905,0.05163496577388035,-0.2830049787846082,10,8.773809523809524,10.0,336,p0_lite_outputs\p1_rolling_window_market_validation_20260719\raw_configured_ecmade\SP100\window_003\HandCrafted_ECMADE_MOO\run_001,1.0,0.36256367941523443,0.9445973681287838,0.004437374050652135,0.9916666666666667,1.4072052219158175,0.08898674632265939
SP100,window_004,HandCrafted_ECMADE_MOO,1,60,10,756,125,-0.1257406624249256,-0.1267406624249256,-0.2373121928822048,-0.2390698923748803,0.2863398321010057,-0.802560732934522,-1.3356424370492068,-0.2388878003746208,1.0,0.001,4.309400799975265,0.03522760814543174,-0.23888780037462087,7,8.751428571428571,10.0,350,p0_lite_outputs\p1_rolling_window_market_validation_20260719\raw_configured_ecmade\SP100\window_004\HandCrafted_ECMADE_MOO\run_001,1.0,0.34433627482300233,0.927006440465076,0.004559822657091188,0.9916666666666667,1.3770025923430065,0.026908446804070552
SP100,window_005,HandCrafted_ECMADE_MOO,1,60,10,755,123,0.3789829372445408,0.3779829372445408,0.9316370900129682,0.9287683123369456,0.1933876256078982,3.5054284522613397,5.985580469875805,-0.0919058045937278,1.0,0.001,4.693022999970708,0.022863000853907,-0.09190580459372788,8,5.773809523809524,6.0,420,p0_lite_outputs\p1_rolling_window_market_validation_20260719\raw_configured_ecmade\SP100\window_005\HandCrafted_ECMADE_MOO\run_001,1.0,0.26653730845916646,0.9884956686097915,0.003608695534748892,0.9916666666666667,1.3862724171859082,0.03775622017103953
SP100,window_006,HandCrafted_ECMADE_MOO,1,60,10,753,125,0.1255706577115063,0.1245706577115063,0.2693093824662902,0.2670369593262534,0.1700671169955984,1.487488262954469,2.47519159243451,-0.091114065056252,1.0,0.001,4.491128000023309,0.020288127464283053,-0.09111406505625208,10,8.492625368731563,9.0,339,p0_lite_outputs\p1_rolling_window_market_validation_20260719\raw_configured_ecmade\SP100\window_006\HandCrafted_ECMADE_MOO\run_001,1.0,0.415591729339837,1.0146160949419727,0.00936704814525446,0.925,1.2003591291785196,0.04627024883129262
SP100,window_007,HandCrafted_ECMADE_MOO,1,60,10,752,124,0.4710058639972636,0.4700058639972636,1.1909664345487894,1.187940581934924,0.1773999777316164,4.516466244568143,8.093649610527994,-0.0675291945079108,1.0,0.001,4.168200000014622,0.019194321144287603,-0.06752919450791095,8,7.735849056603773,9.0,318,p0_lite_outputs\p1_rolling_window_market_validation_20260719\raw_configured_ecmade\SP100\window_007\HandCrafted_ECMADE_MOO\run_001,1.0,0.37479928103995397,1.0836559441951663,0.005665020339768407,0.9833333333333333,1.3198895524242533,0.11065896883191847
SP100,window_008,HandCrafted_ECMADE_MOO,1,60,10,752,126,-0.0082012047475906,-0.0092012047475906,-0.0163351497358694,-0.0183177473263742,0.2439271440210397,0.0538544377156807,0.0865689289697027,-0.1397588057591396,1.0,0.001,4.658088199968915,0.029892747351220023,-0.13975880575913968,9,8.735632183908047,10.0,261,p0_lite_outputs\p1_rolling_window_market_validation_20260719\raw_configured_ecmade\SP100\window_008\HandCrafted_ECMADE_MOO\run_001,1.0,0.20531266907670787,1.004928645521292,0.024647418512008898,0.7166666666666667,1.1843090500322637,0.11922588434441383
SP100,window_009,HandCrafted_ECMADE_MOO,1,60,10,752,122,0.1752100949716197,0.1742100949716197,0.3958179060013511,0.3933656995442607,0.2801047120363727,1.3316027476483503,1.6785626204523756,-0.1749716589665554,1.0,0.001,3.9468553999904543,0.0392061134986719,-0.17497165896655542,10,8.691964285714286,10.0,224,p0_lite_outputs\p1_rolling_window_market_validation_20260719\raw_configured_ecmade\SP100\window_009\HandCrafted_ECMADE_MOO\run_001,1.0,0.283963965693684,1.0586831430571912,0.01095553982525189,0.925,1.2262247324485838,0.05641863121933057
SP100,window_010,HandCrafted_ECMADE_MOO,1,60,10,750,126,0.1260681144994133,0.1250681144994133,0.2680293984922639,0.2657782622632647,0.1799788602061622,1.4101084294350346,2.045141680688209,-0.0817828450603904,1.0,0.001,4.2680953000090085,0.024640488433379404,-0.08178284506039046,9,8.976377952755906,10.0,254,p0_lite_outputs\p1_rolling_window_market_validation_20260719\raw_configured_ecmade\SP100\window_010\HandCrafted_ECMADE_MOO\run_001,1.0,0.5330876715157928,1.0311928147725669,0.006143924996410518,0.9833333333333333,1.3826569259876724,0.0781417162152119
SP100,window_011,HandCrafted_ECMADE_MOO,1,60,10,751,123,0.0772381850925025,0.0762381850925025,0.1646613449533451,0.1624473741353209,0.2136480980293296,0.8202208395236126,1.4533309475205398,-0.1239554987944481,1.0,0.001,4.242241400002968,0.024974396067139137,-0.12395549879444823,10,8.875,10.0,312,p0_lite_outputs\p1_rolling_window_market_validation_20260719\raw_configured_ecmade\SP100\window_011\HandCrafted_ECMADE_MOO\run_001,1.0,0.4272493219518496,0.9796556751202837,0.00566458634426133,0.95,1.368056771771567,0.06244265900795866
SP100,window_001,HandCrafted_ECMADE_MOO,2,60,10,755,124,0.0291036318976904,0.0281036318976904,0.0600348137213382,0.0579425231010297,0.3513326192391667,0.3408631809596691,0.5302813491023484,-0.2299395170938938,1.0,0.001,4.4508990999893285,0.04692596691693759,-0.22993951709389382,8,9.114478114478114,10.0,297,p0_lite_outputs\p1_rolling_window_market_validation_20260719\raw_configured_ecmade\SP100\window_001\HandCrafted_ECMADE_MOO\run_002,1.0,1.0,0.9858827362392617,0.007106899259893048,0.925,1.4040971517623422,0.07465666615523639
SP100,window_002,HandCrafted_ECMADE_MOO,2,60,10,755,126,0.2593412098583034,0.2583412098583034,0.5859402828473754,0.5834226004276586,0.1968520622944152,2.442733830874063,4.523247054362728,-0.0875898141172265,1.0,0.001,4.754732200002763,0.022678821918166638,-0.08758981411722655,10,9.376811594202898,10.0,276,p0_lite_outputs\p1_rolling_window_market_validation_20260719\raw_configured_ecmade\SP100\window_002\HandCrafted_ECMADE_MOO\run_002,1.0,0.5977976435695407,0.9504561475101777,0.008358094434047898,0.9166666666666666,1.3525756013560035,0.04395734727674794
SP100,window_003,HandCrafted_ECMADE_MOO,2,60,10,756,124,-0.2083325639782283,-0.2093325639782283,-0.3779679687126952,-0.3795637214417767,0.3791047969922091,-1.0611253797978977,-1.7608241640207805,-0.2587276495091022,1.0,0.001,4.123139400035143,0.04742621235463983,-0.25872764950910243,10,9.655172413793103,10.0,290,p0_lite_outputs\p1_rolling_window_market_validation_20260719\raw_configured_ecmade\SP100\window_003\HandCrafted_ECMADE_MOO\run_002,1.0,0.3436367211200071,0.9200434575540676,0.01990857876879076,0.8333333333333334,1.2098031602562003,0.08898674632265939
SP100,window_004,HandCrafted_ECMADE_MOO,2,60,10,756,125,-0.1215704866518568,-0.1225704866518568,-0.2299602432851986,-0.2317264662671938,0.2797077482794224,-0.7940445563506598,-1.3267916351054976,-0.2354525696035846,1.0,0.0009999999999999,4.381243199983146,0.03473576380877701,-0.23545256960358463,10,8.916010498687664,10.0,381,p0_lite_outputs\p1_rolling_window_market_validation_20260719\raw_configured_ecmade\SP100\window_004\HandCrafted_ECMADE_MOO\run_002,1.0,0.28888933301124864,0.9275527056415847,0.004462115938760316,1.0,1.4011975923542421,0.026908446804070552
SP100,window_005,HandCrafted_ECMADE_MOO,2,60,10,755,123,0.3838229732566298,0.3828229732566298,0.9455529263081246,0.942673583721227,0.1931157942193176,3.547355578145051,6.088887973442418,-0.0927163811327365,1.0,0.001,4.712609900045209,0.022595506745276293,-0.0927163811327365,10,7.742647058823529,8.0,272,p0_lite_outputs\p1_rolling_window_market_validation_20260719\raw_configured_ecmade\SP100\window_005\HandCrafted_ECMADE_MOO\run_002,1.0,0.30396649318991587,0.98493373335429,0.005105307881717247,1.0,1.370337458086875,0.03775622017103953
SP100,window_006,HandCrafted_ECMADE_MOO,2,60,10,753,125,0.097557989220798,0.096557989220798,0.2064290615884498,0.2042141123080973,0.1653825297920198,1.21737897893743,2.051542789986403,-0.0919823484145673,1.0,0.001,4.609684200026095,0.019826426571101168,-0.09198234841456732,10,8.171296296296296,9.0,216,p0_lite_outputs\p1_rolling_window_market_validation_20260719\raw_configured_ecmade\SP100\window_006\HandCrafted_ECMADE_MOO\run_002,1.0,0.41200609527899124,1.0166681647244284,0.005230311689849015,0.9916666666666667,1.3664144943699303,0.04627024883129262
SP100,window_007,HandCrafted_ECMADE_MOO,2,60,10,752,124,0.4055461078319593,0.4045461078319593,0.9973739911577612,0.9944870785026728,0.1760981445746587,4.021646480595815,7.222685322781519,-0.0632326860624122,1.0,0.001,3.96445509995101,0.01891797538350465,-0.06323268606241228,6,9.536458333333334,10.0,192,p0_lite_outputs\p1_rolling_window_market_validation_20260719\raw_configured_ecmade\SP100\window_007\HandCrafted_ECMADE_MOO\run_002,1.0,0.38619528439754125,1.0368187697454658,0.08100123366356034,0.575,1.0332285409686974,0.11065896883191847
SP100,window_008,HandCrafted_ECMADE_MOO,2,60,10,752,126,-0.0227921054580915,-0.0237921054580915,-0.0450647308449703,-0.0470181466340541,0.239209816167448,-0.0736399318898571,-0.1155805875529975,-0.1431164692007352,1.0,0.001,3.896086499968078,0.0301493754885726,-0.14311646920073529,10,9.025751072961373,10.0,233,p0_lite_outputs\p1_rolling_window_market_validation_20260719\raw_configured_ecmade\SP100\window_008\HandCrafted_ECMADE_MOO\run_002,1.0,0.24172388734128492,1.0204160630546353,0.010482219405956221,0.8833333333333333,1.3260032552937997,0.11922588434441383
SP100,window_009,HandCrafted_ECMADE_MOO,2,60,10,752,122,0.1596764894397586,0.1586764894397586,0.3579773154993755,0.3555596467103898,0.2881060954136201,1.206810352499328,1.5600467263895004,-0.1881318941803447,1.0,0.0009999999999999,4.109947399992961,0.04059991715115398,-0.1881318941803447,10,8.985576923076923,10.0,208,p0_lite_outputs\p1_rolling_window_market_validation_20260719\raw_configured_ecmade\SP100\window_009\HandCrafted_ECMADE_MOO\run_002,1.0,0.3190111594481413,1.0585864360178752,0.007713914536364944,0.9666666666666667,1.3572557119393047,0.05641863121933057
SP100,window_010,HandCrafted_ECMADE_MOO,2,60,10,750,126,0.1687791506372169,0.1677791506372169,0.3660447029642542,0.3637081446629795,0.179797338737547,1.825892061360784,2.647845349035816,-0.0690976867304613,1.0,0.001,3.918294499977492,0.023862570289023964,-0.06909768673046135,10,9.076124567474048,10.0,289,p0_lite_outputs\p1_rolling_window_market_validation_20260719\raw_configured_ecmade\SP100\window_010\HandCrafted_ECMADE_MOO\run_002,1.0,0.606219307682509,1.0319236415312023,0.005610200560676426,0.975,1.395106741266038,0.0781417162152119
SP100,window_011,HandCrafted_ECMADE_MOO,2,60,10,751,123,0.0826831399211198,0.0816831399211198,0.1767541576479872,0.1745284434224383,0.2124905478348514,0.8721620322147167,1.539465768944662,-0.1247166914402713,1.0,0.001,4.357994100020733,0.02498497960368454,-0.12471669144027131,10,9.205405405405406,10.0,370,p0_lite_outputs\p1_rolling_window_market_validation_20260719\raw_configured_ecmade\SP100\window_011\HandCrafted_ECMADE_MOO\run_002,1.0,0.4575419706864172,0.9815125184768986,0.0048099958172156945,0.9916666666666667,1.360832747752914,0.06244265900795866
SP100,window_001,HandCrafted_ECMADE_MOO,3,60,10,755,124,0.0177366869020798,0.0167366869020798,0.0363755634989333,0.0343071360578854,0.3556562139883704,0.2775244349895752,0.4300360522331908,-0.231866616769483,1.0,0.001,4.219619600044098,0.04757229728539073,-0.23186661676948306,8,9.168831168831169,10.0,308,p0_lite_outputs\p1_rolling_window_market_validation_20260719\raw_configured_ecmade\SP100\window_001\HandCrafted_ECMADE_MOO\run_003,1.0,1.0,0.9842912392907922,0.008556781284665686,0.9083333333333333,1.390225900956255,0.07465666615523639
SP100,window_002,HandCrafted_ECMADE_MOO,3,60,10,755,126,0.3082667493672519,0.3072667493672519,0.7115618874999561,0.7089463540012217,0.2134008409180946,2.6269112226998605,4.795217705621034,-0.0898485160633062,1.0000000000000002,0.001,5.4209736000048,0.02454134676196141,-0.08984851606330624,9,9.236,10.0,250,p0_lite_outputs\p1_rolling_window_market_validation_20260719\raw_configured_ecmade\SP100\window_002\HandCrafted_ECMADE_MOO\run_003,1.0000000000000002,0.5966685439582466,0.9522211644903087,0.008247670564316974,0.9333333333333333,1.3393567280133305,0.04395734727674794
SP100,window_003,HandCrafted_ECMADE_MOO,3,60,10,756,124,-0.2380103664986491,-0.2390103664986491,-0.42444075889345,-0.4259747596071035,0.3922370589441712,-1.2102986707336565,-2.0629816484500507,-0.2632406502266243,1.0,0.001,4.594094500003848,0.04889275521072483,-0.26324065022662435,10,9.02659574468085,10.0,376,p0_lite_outputs\p1_rolling_window_market_validation_20260719\raw_configured_ecmade\SP100\window_003\HandCrafted_ECMADE_MOO\run_003,1.0,0.28903447009913724,0.944968476661489,0.004312275262699973,1.0,1.4006557555773835,0.08898674632265939
SP100,window_004,HandCrafted_ECMADE_MOO,3,60,10,756,125,-0.1413376749372187,-0.1423376749372187,-0.2644944152940585,-0.2662202415964534,0.2919931443252764,-0.9055144447244812,-1.4899463826076007,-0.2593610851486853,1.0,0.001,6.34003359999042,0.03640275684808179,-0.2593610851486853,10,8.281323877068559,9.0,423,p0_lite_outputs\p1_rolling_window_market_validation_20260719\raw_configured_ecmade\SP100\window_004\HandCrafted_ECMADE_MOO\run_003,1.0,0.3474115856894364,0.928980066237383,0.003988119161862389,0.9833333333333333,1.408852392130359,0.026908446804070552
SP100,window_005,HandCrafted_ECMADE_MOO,3,60,10,755,123,0.4170016721135485,0.4160016721135485,1.0423240220351904,1.0393722081941834,0.2010617403033687,3.657029980135404,6.101526589375936,-0.0950397236398584,1.0,0.001,5.278212099976372,0.022844682531888556,-0.09503972363985846,9,8.69578313253012,9.0,332,p0_lite_outputs\p1_rolling_window_market_validation_20260719\raw_configured_ecmade\SP100\window_005\HandCrafted_ECMADE_MOO\run_003,1.0,0.27974276124680747,0.9860122749116604,0.004480184293883127,0.9833333333333333,1.338739443830422,0.03775622017103953
SP100,window_006,HandCrafted_ECMADE_MOO,3,60,10,753,125,0.1219201523340345,0.1209201523340345,0.2610238172659977,0.2587588852125904,0.1611185273836608,1.5203410984301882,2.5070946960085423,-0.0902712499892524,1.0,0.001,4.613025399972685,0.019490075318388495,-0.0902712499892524,10,8.96812749003984,10.0,251,p0_lite_outputs\p1_rolling_window_market_validation_20260719\raw_configured_ecmade\SP100\window_006\HandCrafted_ECMADE_MOO\run_003,1.0,0.5109526688833966,1.015428027306469,0.006079775427615603,0.975,1.3323022423189685,0.04627024883129262
SP100,window_007,HandCrafted_ECMADE_MOO,3,60,10,752,124,0.4198647730675864,0.4188647730675864,1.038943361433779,1.036026074565782,0.1672702415393911,4.348448266443568,7.939085761994936,-0.0640526301744518,1.0,0.001,4.563717400014866,0.017895274604468273,-0.06405263017445184,10,9.657608695652174,10.0,184,p0_lite_outputs\p1_rolling_window_market_validation_20260719\raw_configured_ecmade\SP100\window_007\HandCrafted_ECMADE_MOO\run_003,1.0,0.3882701699634302,1.0537769635693077,0.0665432130604521,0.7083333333333334,1.0684675824267174,0.11065896883191847
SP100,window_008,HandCrafted_ECMADE_MOO,3,60,10,752,126,-0.0066522962930496,-0.0076522962930496,-0.0132603395401287,-0.0152460349475426,0.2356902018591538,0.060610501657511,0.0979894509792479,-0.1353520149874639,1.0,0.001,4.483574200014118,0.028888351122842493,-0.13535201498746396,7,9.772727272727273,10.0,220,p0_lite_outputs\p1_rolling_window_market_validation_20260719\raw_configured_ecmade\SP100\window_008\HandCrafted_ECMADE_MOO\run_003,1.0,0.20797271210965582,0.9147191375056325,0.13554228825977302,0.5583333333333333,0.8043933829554245,0.11922588434441383
SP100,window_009,HandCrafted_ECMADE_MOO,3,60,10,752,122,0.1520239519300847,0.1510239519300847,0.3395325777267872,0.3371319125824348,0.3042404293195553,1.11336970102723,1.4702483364722363,-0.1939411592910825,1.0,0.001,4.0129106999957,0.04296087379122409,-0.19394115929108258,10,9.533980582524272,10.0,206,p0_lite_outputs\p1_rolling_window_market_validation_20260719\raw_configured_ecmade\SP100\window_009\HandCrafted_ECMADE_MOO\run_003,1.0,0.2468269183556472,1.0561595601984306,0.007910201779408857,0.9416666666666667,1.361662383796202,0.05641863121933057
SP100,window_010,HandCrafted_ECMADE_MOO,3,60,10,750,126,0.1863242309259454,0.1853242309259454,0.4073651808820357,0.4049935324201843,0.1622148035855914,2.1891438389130964,3.241713315628317,-0.0576055497764909,1.0,0.001,3.7518188999965782,0.021736313812688306,-0.05760554977649113,10,9.195238095238095,10.0,210,p0_lite_outputs\p1_rolling_window_market_validation_20260719\raw_configured_ecmade\SP100\window_010\HandCrafted_ECMADE_MOO\run_003,1.0,0.643423409131616,1.017166032846584,0.017502669294508697,0.8166666666666667,1.2873964967434333,0.0781417162152119
SP100,window_011,HandCrafted_ECMADE_MOO,3,60,10,751,123,0.0896946846021202,0.0886946846021202,0.1924204425529201,0.1901796019327792,0.2252068841371292,0.8940138701004728,1.5056825611236215,-0.1527115221279292,0.9999999999999998,0.0009999999999999,3.7282628000248224,0.02735436752508527,-0.15271152212792927,10,8.256704980842912,10.0,261,p0_lite_outputs\p1_rolling_window_market_validation_20260719\raw_configured_ecmade\SP100\window_011\HandCrafted_ECMADE_MOO\run_003,0.9999999999999998,0.36564826639652065,0.9793108489227199,0.0060970149813595,0.9916666666666667,1.3742046823806857,0.06244265900795866
SP100,window_001,HandCrafted_ECMADE_MOO,4,60,10,755,124,0.0120352965678875,0.0110352965678875,0.0246107806324216,0.0225543191639023,0.3693892889275944,0.2497339831049136,0.3870690734124887,-0.2429408171462275,1.0,0.001,4.496739000023808,0.049984163860476265,-0.2429408171462275,6,7.162790697674419,10.0,387,p0_lite_outputs\p1_rolling_window_market_validation_20260719\raw_configured_ecmade\SP100\window_001\HandCrafted_ECMADE_MOO\run_004,1.0,1.0,0.9891210487917291,0.005071350118357038,1.0,1.4025531539212799,0.07465666615523639
SP100,window_002,HandCrafted_ECMADE_MOO,4,60,10,755,126,0.2324166747462137,0.2314166747462137,0.5188508601925148,0.5163870268430226,0.1891244917564211,2.3057987884198465,4.185218074069764,-0.077369445074697,1.0,0.001,6.686310200020671,0.021740665286060223,-0.07736944507469701,10,8.294498381877023,9.0,309,p0_lite_outputs\p1_rolling_window_market_validation_20260719\raw_configured_ecmade\SP100\window_002\HandCrafted_ECMADE_MOO\run_004,1.0,0.6593841294759455,0.9591378618221836,0.005201807368547214,0.9833333333333333,1.401227866017871,0.04395734727674794
SP100,window_003,HandCrafted_ECMADE_MOO,4,60,10,756,124,-0.2400186294010465,-0.2410186294010465,-0.4275193303627385,-0.4290491551587501,0.3847951998386162,-1.2550395962490477,-2.106200269078952,-0.2720445204434383,1.0,0.001,4.008705399988685,0.04830148141697934,-0.2720445204434383,10,9.87279151943463,10.0,283,p0_lite_outputs\p1_rolling_window_market_validation_20260719\raw_configured_ecmade\SP100\window_003\HandCrafted_ECMADE_MOO\run_004,1.0,0.420981098655603,0.9171755461297995,0.01764055335000734,0.75,1.2264951866671157,0.08898674632265939
SP100,window_004,HandCrafted_ECMADE_MOO,4,60,10,756,125,-0.1307066338467534,-0.1317066338467534,-0.2460207522854245,-0.2477683025985231,0.2849530436348833,-0.8480861356098922,-1.4039023647800142,-0.2479491941062332,1.0,0.001,4.905089800013229,0.035536618526185705,-0.24794919410623328,10,9.87593984962406,10.0,266,p0_lite_outputs\p1_rolling_window_market_validation_20260719\raw_configured_ecmade\SP100\window_004\HandCrafted_ECMADE_MOO\run_004,1.0,0.42421731291663634,0.9239099582638991,0.006470266383637217,0.9833333333333333,1.3684455455466487,0.026908446804070552
SP100,window_005,HandCrafted_ECMADE_MOO,4,60,10,755,123,0.4181740155782891,0.4171740155782891,1.0457873447326276,1.0428329686498763,0.197188803706465,3.7335614808121567,6.271813943547944,-0.0953703857751366,1.0,0.001,4.491204999969341,0.022597573341468315,-0.09537038577513646,10,6.918767507002801,7.0,357,p0_lite_outputs\p1_rolling_window_market_validation_20260719\raw_configured_ecmade\SP100\window_005\HandCrafted_ECMADE_MOO\run_004,1.0,0.2978574328938377,0.9879717689219379,0.003947767181946641,1.0,1.381582892091373,0.03775622017103953
SP100,window_006,HandCrafted_ECMADE_MOO,4,60,10,753,125,0.1174204507919933,0.1164204507919933,0.2508484558734369,0.2485927569782633,0.1671133182122959,1.42300804865521,2.3957144343651025,-0.0926363885793997,1.0,0.001,4.714869000017643,0.020059686512437763,-0.09263638857939971,10,8.932960893854748,10.0,179,p0_lite_outputs\p1_rolling_window_market_validation_20260719\raw_configured_ecmade\SP100\window_006\HandCrafted_ECMADE_MOO\run_004,1.0,0.46541457604439257,1.0088781221790901,0.009577839697855672,0.95,1.328370005717467,0.04627024883129262
SP100,window_007,HandCrafted_ECMADE_MOO,4,60,10,752,124,0.4123101309881787,0.4113101309881787,1.0169568303565328,1.0140555704038832,0.1702815873286201,4.210658750571868,7.7172367916695395,-0.0666376383318066,1.0,0.001,4.472932299948297,0.01835770807018396,-0.06663763833180669,10,9.297297297297296,10.0,185,p0_lite_outputs\p1_rolling_window_market_validation_20260719\raw_configured_ecmade\SP100\window_007\HandCrafted_ECMADE_MOO\run_004,1.0,0.3932715607732435,0.888358062679883,0.25899556331752416,0.4083333333333333,0.6793834723214797,0.11065896883191847
SP100,window_008,HandCrafted_ECMADE_MOO,4,60,10,752,126,-0.0015597371644617,-0.0025597371644617,-0.0031170415489013,-0.0051129220745724,0.2413157979776934,0.1073267639559396,0.1676957355015415,-0.1425018094318606,1.0,0.001,3.857546299987007,0.030872326085386075,-0.14250180943186064,10,9.832369942196532,10.0,173,p0_lite_outputs\p1_rolling_window_market_validation_20260719\raw_configured_ecmade\SP100\window_008\HandCrafted_ECMADE_MOO\run_004,1.0,0.2770968623717503,0.9665101489178661,0.04041253278451948,0.475,1.1420635720227095,0.11922588434441383
SP100,window_009,HandCrafted_ECMADE_MOO,4,60,10,752,122,0.1610254775261388,0.1600254775261388,0.3612422432071414,0.3588215762537876,0.2917529791554654,1.2036082979126748,1.5766077094281434,-0.1809925882545239,1.0000000000000002,0.001,4.433654099993873,0.0413867168348462,-0.1809925882545237,10,8.693602693602694,10.0,297,p0_lite_outputs\p1_rolling_window_market_validation_20260719\raw_configured_ecmade\SP100\window_009\HandCrafted_ECMADE_MOO\run_004,1.0000000000000002,0.26166304641828325,1.062991365065691,0.005956858685659757,0.9666666666666667,1.3262880969852497,0.05641863121933057
SP100,window_010,HandCrafted_ECMADE_MOO,4,60,10,750,126,0.1235480564324489,0.1225480564324489,0.2623602351131333,0.2601141390002688,0.179184221390991,1.3906514067306417,1.9539866317170944,-0.08148819319754,1.0000000000000002,0.001,4.998747599951457,0.02479269247920572,-0.08148819319754019,9,9.511029411764707,10.0,272,p0_lite_outputs\p1_rolling_window_market_validation_20260719\raw_configured_ecmade\SP100\window_010\HandCrafted_ECMADE_MOO\run_004,1.0000000000000002,0.6349710677061475,1.0212695076842584,0.012152755955216532,0.7916666666666666,1.369914820452568,0.0781417162152119
SP100,window_011,HandCrafted_ECMADE_MOO,4,60,10,751,123,0.0782126361864052,0.0772126361864052,0.1668208258297658,0.1646047535765276,0.2162240950700263,0.8216284531349644,1.432310430005808,-0.1334850783411046,1.0,0.001,3.8424844999681222,0.02603455204671209,-0.13348507834110468,9,9.565573770491802,10.0,244,p0_lite_outputs\p1_rolling_window_market_validation_20260719\raw_configured_ecmade\SP100\window_011\HandCrafted_ECMADE_MOO\run_004,1.0,0.41316380822697635,0.9722617224142655,0.008450519410501523,0.9166666666666666,1.3118787588954066,0.06244265900795866
SP100,window_001,HandCrafted_ECMADE_MOO,5,60,10,755,124,0.0301122834700295,0.0291122834700295,0.0621473330304165,0.0600529244865826,0.3438445143165498,0.346550108167765,0.5401943181644705,-0.2275347631298012,1.0,0.001,4.473408299963921,0.04598875579161173,-0.22753476312980125,7,9.300275482093664,10.0,363,p0_lite_outputs\p1_rolling_window_market_validation_20260719\raw_configured_ecmade\SP100\window_001\HandCrafted_ECMADE_MOO\run_005,1.0,1.0,0.987293893512934,0.005963949844753058,0.9666666666666667,1.3941275003353868,0.07465666615523639
SP100,window_002,HandCrafted_ECMADE_MOO,5,60,10,755,126,0.2578416727879453,0.2568416727879453,0.5821656738019765,0.5796509904564009,0.2000943129987131,2.394505078886379,4.3603743004866535,-0.0849522394864872,1.0,0.001,5.181456300022546,0.023412560194766594,-0.08495223948648722,10,9.17490494296578,10.0,263,p0_lite_outputs\p1_rolling_window_market_validation_20260719\raw_configured_ecmade\SP100\window_002\HandCrafted_ECMADE_MOO\run_005,1.0,0.5818333072119034,0.9520592132532065,0.010220300340005073,0.9416666666666667,1.2764877427064338,0.04395734727674794
SP100,window_003,HandCrafted_ECMADE_MOO,5,60,10,756,124,-0.2738856018819905,-0.2748856018819905,-0.4781731892251251,-0.4796326465149259,0.424507828805693,-1.3173688347828303,-2.251008002348672,-0.290272922289718,1.0,0.001,4.189937099989038,0.05348433516252838,-0.2902729222897179,10,9.943894389438944,10.0,303,p0_lite_outputs\p1_rolling_window_market_validation_20260719\raw_configured_ecmade\SP100\window_003\HandCrafted_ECMADE_MOO\run_005,1.0,0.3254389873765519,0.8635419422657913,0.070427616351508,0.75,0.9170876904618589,0.08898674632265939
SP100,window_004,HandCrafted_ECMADE_MOO,5,60,10,756,125,-0.1328772324554815,-0.1338772324554815,-0.2498113862332396,-0.2515545006873486,0.2904851212083164,-0.8437898250883119,-1.3972842589531325,-0.249964357538913,1.0,0.001,4.864296599989757,0.03608837771316894,-0.249964357538913,10,9.081818181818182,10.0,330,p0_lite_outputs\p1_rolling_window_market_validation_20260719\raw_configured_ecmade\SP100\window_004\HandCrafted_ECMADE_MOO\run_005,1.0,0.35922058562374237,0.9263582914382923,0.005317822863231449,0.9916666666666667,1.3732660911674623,0.026908446804070552
SP100,window_005,HandCrafted_ECMADE_MOO,5,60,10,755,123,0.3842136019603426,0.3832136019603426,0.9466782731015048,0.943798077765069,0.180415108274343,3.7871340738975054,6.162386689188512,-0.0935165174864651,1.0000000000000002,0.001,4.098359299998265,0.02113448850631855,-0.09351651748646517,10,9.580487804878048,10.0,205,p0_lite_outputs\p1_rolling_window_market_validation_20260719\raw_configured_ecmade\SP100\window_005\HandCrafted_ECMADE_MOO\run_005,1.0000000000000002,0.2768514411281289,0.9787277490319582,0.00864181206177419,0.9833333333333333,1.3277289815095996,0.03775622017103953
SP100,window_006,HandCrafted_ECMADE_MOO,5,60,10,753,125,0.1389861588145373,0.1379861588145373,0.2999935217670622,0.2976935657701445,0.1689165593387206,1.6379393653704373,2.7055690938111376,-0.0842400444563616,1.0,0.001,4.599511899985373,0.02008647563056536,-0.08424004445636168,10,7.886861313868613,8.0,274,p0_lite_outputs\p1_rolling_window_market_validation_20260719\raw_configured_ecmade\SP100\window_006\HandCrafted_ECMADE_MOO\run_005,1.0,0.3633851091810713,1.01705610349131,0.0052950605533737495,0.975,1.3302196289429131,0.04627024883129262
SP100,window_007,HandCrafted_ECMADE_MOO,5,60,10,752,124,0.4350689563459524,0.4340689563459524,1.083559713365981,1.0806101630138518,0.1671049005159434,4.482486386916591,8.132030612812246,-0.0641668533749589,1.0,0.001,4.868475699971896,0.017957260253316582,-0.06416685337495898,9,9.195121951219512,10.0,205,p0_lite_outputs\p1_rolling_window_market_validation_20260719\raw_configured_ecmade\SP100\window_007\HandCrafted_ECMADE_MOO\run_005,1.0,0.29316524637668384,1.0692400063849183,0.012377811484437846,0.7833333333333333,1.3379843421158422,0.11065896883191847
SP100,window_008,HandCrafted_ECMADE_MOO,5,60,10,752,126,0.0058844173684762,0.0048844173684762,0.0118034611047188,0.0097926922699822,0.2489714097057933,0.1710066093739277,0.2799026852000341,-0.141082591133823,1.0,0.001,4.11434690002352,0.030804073127235494,-0.14108259113382304,10,9.645,10.0,200,p0_lite_outputs\p1_rolling_window_market_validation_20260719\raw_configured_ecmade\SP100\window_008\HandCrafted_ECMADE_MOO\run_005,1.0,0.17243452097766593,1.0186201682815863,0.011601080567978865,0.8333333333333334,1.3254585654315612,0.11922588434441383
SP100,window_009,HandCrafted_ECMADE_MOO,5,60,10,752,122,0.1921822354682936,0.1911822354682936,0.4377764556333592,0.4352864788072601,0.302679377296885,1.3516283379327023,1.8177500915121143,-0.1915591785518209,1.0,0.001,3.924438999965787,0.042250635406232515,-0.19155917855182103,10,8.838709677419354,10.0,279,p0_lite_outputs\p1_rolling_window_market_validation_20260719\raw_configured_ecmade\SP100\window_009\HandCrafted_ECMADE_MOO\run_005,1.0,0.2730745660849987,1.0638065946182595,0.005154750873517879,0.975,1.3719742450511025,0.05641863121933057
SP100,window_010,HandCrafted_ECMADE_MOO,5,60,10,750,126,0.1928353396253739,0.1918353396253739,0.4228561474591812,0.42047147677993,0.1772393394214758,2.0798111944355533,3.0513402227213224,-0.0734921132858557,1.0,0.001,3.784360799996648,0.0232564299486413,-0.0734921132858557,10,9.59288537549407,10.0,253,p0_lite_outputs\p1_rolling_window_market_validation_20260719\raw_configured_ecmade\SP100\window_010\HandCrafted_ECMADE_MOO\run_005,1.0,0.6189759177344124,1.0297102465943175,0.007710423698335062,0.9166666666666666,1.358053982343248,0.0781417162152119
SP100,window_011,HandCrafted_ECMADE_MOO,5,60,10,751,123,0.0908067956867808,0.0898067956867808,0.1949150404137003,0.1926718001373082,0.218353162439864,0.924676655797867,1.6373800335077786,-0.1348679109316968,1.0,0.001,4.281632400001399,0.0254279822941586,-0.1348679109316968,10,9.397058823529411,10.0,204,p0_lite_outputs\p1_rolling_window_market_validation_20260719\raw_configured_ecmade\SP100\window_011\HandCrafted_ECMADE_MOO\run_005,1.0,0.36026267511988996,0.9449235796211671,0.03161051663472467,0.725,1.1015499802940854,0.06244265900795866
SP100,window_001,HandCrafted_ECMADE_MOO,6,60,10,755,124,0.0285903462680054,0.0275903462680054,0.0589606087326388,0.0568693958618742,0.3512964782342139,0.337941087953369,0.5250504850970495,-0.2311454136315532,0.9999999999999998,0.0009999999999999,4.727472700004,0.04697997092096611,-0.23114541363155328,8,7.287015945330296,9.0,439,p0_lite_outputs\p1_rolling_window_market_validation_20260719\raw_configured_ecmade\SP100\window_001\HandCrafted_ECMADE_MOO\run_006,0.9999999999999998,1.0,0.9903133485584031,0.004137976311476537,1.0,1.4012562299045472,0.07465666615523639
SP100,window_002,HandCrafted_ECMADE_MOO,6,60,10,755,126,0.2289817712587492,0.2279817712587492,0.5103961940862924,0.5079392305437747,0.1880805643047707,2.2878470345271444,4.133928201648372,-0.0792507811324847,1.0,0.001,4.432074799959082,0.021821093400501756,-0.07925078113248474,10,9.426724137931034,10.0,232,p0_lite_outputs\p1_rolling_window_market_validation_20260719\raw_configured_ecmade\SP100\window_002\HandCrafted_ECMADE_MOO\run_006,1.0,0.6437805332576285,0.9504981143693048,0.008512080713891484,0.925,1.3716507834606098,0.04395734727674794
SP100,window_003,HandCrafted_ECMADE_MOO,6,60,10,756,124,-0.2748775023019412,-0.2758775023019412,-0.4796208338638773,-0.4810782317936678,0.4268621717754944,-1.3143979506730783,-2.3197707586980787,-0.28809440900968,1.0,0.001,4.295652400003746,0.05252880639751677,-0.28809440900968,10,8.695652173913043,10.0,322,p0_lite_outputs\p1_rolling_window_market_validation_20260719\raw_configured_ecmade\SP100\window_003\HandCrafted_ECMADE_MOO\run_006,1.0,0.36355925596403027,0.9435348589881807,0.00507576588286783,0.9916666666666667,1.3814959459207512,0.08898674632265939
SP100,window_004,HandCrafted_ECMADE_MOO,6,60,10,756,125,-0.1430237133062527,-0.1440237133062527,-0.2674030429669661,-0.2691254243269241,0.2917465623098802,-0.9200781247370804,-1.5005726759490272,-0.2633221305113943,1.0000000000000002,0.001,4.361389699974097,0.036657935207415546,-0.2633221305113943,10,8.929368029739777,10.0,269,p0_lite_outputs\p1_rolling_window_market_validation_20260719\raw_configured_ecmade\SP100\window_004\HandCrafted_ECMADE_MOO\run_006,1.0000000000000002,0.39592269365279525,0.9232506099705825,0.006298706649909682,0.9833333333333333,1.3764229003128616,0.026908446804070552
SP100,window_005,HandCrafted_ECMADE_MOO,6,60,10,755,123,0.4040918543603344,0.4030918543603344,1.0043846357326522,1.0014610303760274,0.1925020271510268,3.71323946793494,6.196127190676554,-0.0940694614721947,1.0,0.001,4.747613600047771,0.022176402620432235,-0.09406946147219475,9,9.62114537444934,10.0,227,p0_lite_outputs\p1_rolling_window_market_validation_20260719\raw_configured_ecmade\SP100\window_005\HandCrafted_ECMADE_MOO\run_006,1.0,0.3202286569959135,0.9763884524295502,0.010511492763680515,0.9416666666666667,1.2697543462347043,0.03775622017103953
SP100,window_006,HandCrafted_ECMADE_MOO,6,60,10,753,125,0.0947811492208221,0.0937811492208221,0.2002835623154917,0.1980743090349206,0.1681109515706798,1.1700217837601232,1.889539811447661,-0.0967655321600504,1.0,0.001,4.188406499975827,0.020706567643095218,-0.09676553216005068,10,8.988636363636363,10.0,264,p0_lite_outputs\p1_rolling_window_market_validation_20260719\raw_configured_ecmade\SP100\window_006\HandCrafted_ECMADE_MOO\run_006,1.0,0.41202052584149096,1.0151294689453971,0.0055989572202911056,0.975,1.3393679239724334,0.04627024883129262
SP100,window_007,HandCrafted_ECMADE_MOO,6,60,10,752,124,0.4100316907832519,0.4090316907832519,1.010349572482895,1.007453145621087,0.170703166159517,4.181400424924565,7.752625347908581,-0.0657664459727145,1.0,0.001,4.564449199999217,0.018366516766203347,-0.06576644597271453,7,9.846511627906978,10.0,215,p0_lite_outputs\p1_rolling_window_market_validation_20260719\raw_configured_ecmade\SP100\window_007\HandCrafted_ECMADE_MOO\run_006,1.0,0.4480287347873154,0.8509250199269434,0.3018989432415412,0.39166666666666666,0.6424255183460702,0.11065896883191847
SP100,window_008,HandCrafted_ECMADE_MOO,6,60,10,752,126,0.00204301790822,0.00104301790822,0.0040902097386132,0.002087123702797,0.2658230679193374,0.1476317361572772,0.2406259555378496,-0.1590242323644971,1.0,0.001,3.938321200024802,0.032583218471048926,-0.15902423236449714,10,8.646616541353383,10.0,266,p0_lite_outputs\p1_rolling_window_market_validation_20260719\raw_configured_ecmade\SP100\window_008\HandCrafted_ECMADE_MOO\run_006,1.0,0.244141744520038,1.0302272588703578,0.00607151302609605,0.9833333333333333,1.3392756003644573,0.11922588434441383
SP100,window_009,HandCrafted_ECMADE_MOO,6,60,10,752,122,0.1033285187686883,0.1023285187686883,0.2252085124518397,0.2229158711681584,0.2862258999484314,0.8531000538300002,1.117949002004051,-0.1750847122011243,1.0000000000000002,0.001,3.919597600004636,0.041577691308739735,-0.17508471220112432,7,8.655737704918034,10.0,183,p0_lite_outputs\p1_rolling_window_market_validation_20260719\raw_configured_ecmade\SP100\window_009\HandCrafted_ECMADE_MOO\run_006,1.0000000000000002,0.2563204741358224,1.0015033124367536,0.043536053975754226,0.4083333333333333,1.0436427998675644,0.05641863121933057
SP100,window_010,HandCrafted_ECMADE_MOO,6,60,10,750,126,0.1456376756422255,0.1446376756422255,0.3124856838509211,0.310195408499637,0.1687109525942684,1.697102114030817,2.4235303888674364,-0.0731220476951554,1.0,0.001,3.814519400009885,0.022650835382642013,-0.0731220476951554,9,8.427118644067797,10.0,295,p0_lite_outputs\p1_rolling_window_market_validation_20260719\raw_configured_ecmade\SP100\window_010\HandCrafted_ECMADE_MOO\run_006,1.0,0.7156767125309894,1.0320616354559473,0.006132072862714679,0.9583333333333334,1.4006697861170705,0.0781417162152119
SP100,window_011,HandCrafted_ECMADE_MOO,6,60,10,751,123,0.0768392676311404,0.0758392676311404,0.1637778947912453,0.1615647842248355,0.2084135219211188,0.8318674819999061,1.471960573355256,-0.1354535726625215,1.0,0.001,3.8622258999967016,0.024556234414812052,-0.13545357266252156,10,9.229090909090909,10.0,275,p0_lite_outputs\p1_rolling_window_market_validation_20260719\raw_configured_ecmade\SP100\window_011\HandCrafted_ECMADE_MOO\run_006,1.0,0.4564017151208822,0.9750376197074004,0.007780745596541244,0.9583333333333334,1.3433196035221442,0.06244265900795866
SP100,window_001,HandCrafted_ECMADE_MOO,7,60,10,755,124,0.019869227416329,0.018869227416329,0.0407935798607208,0.0387206761264793,0.3573804763786044,0.2898487941313226,0.4496791819893312,-0.2352527145789759,1.0,0.001,4.208307699998841,0.04819981919482162,-0.2352527145789759,6,9.028125,10.0,320,p0_lite_outputs\p1_rolling_window_market_validation_20260719\raw_configured_ecmade\SP100\window_001\HandCrafted_ECMADE_MOO\run_007,1.0,1.0,0.9789168349904623,0.011699641285208551,0.8416666666666667,1.3558588463635817,0.07465666615523639
SP100,window_002,HandCrafted_ECMADE_MOO,7,60,10,755,126,0.2740498844343089,0.2730498844343089,0.6232031080270759,0.6206560082582069,0.2017150192995268,2.503905038052332,4.588165525314814,-0.0814941056929654,0.9999999999999998,0.0009999999999999,4.90350529999705,0.0230848719667618,-0.08149410569296522,10,9.132930513595166,10.0,331,p0_lite_outputs\p1_rolling_window_market_validation_20260719\raw_configured_ecmade\SP100\window_002\HandCrafted_ECMADE_MOO\run_007,0.9999999999999998,0.6093712753661048,0.9585194539152713,0.005321949113380556,0.9916666666666667,1.396607845784174,0.04395734727674794
SP100,window_003,HandCrafted_ECMADE_MOO,7,60,10,756,124,-0.2487415738937746,-0.2497415738937746,-0.4407938781002197,-0.4423055688298092,0.3947498557606052,-1.2728801787927917,-2.164079296270221,-0.2674278696926567,1.0,0.001,4.083616900024936,0.04972384552786864,-0.26742786969265664,9,9.126182965299684,10.0,317,p0_lite_outputs\p1_rolling_window_market_validation_20260719\raw_configured_ecmade\SP100\window_003\HandCrafted_ECMADE_MOO\run_007,1.0,0.32493129330362336,0.9427288667113572,0.0056814526190635895,0.9916666666666667,1.3826882760300219,0.08898674632265939
SP100,window_004,HandCrafted_ECMADE_MOO,7,60,10,756,125,-0.1367608796753023,-0.1377608796753023,-0.2565695850351064,-0.2583047632692469,0.2945673889166925,-0.858717209269381,-1.412885335140584,-0.2542269193868613,1.0,0.001,5.029739700024948,0.03638040025107634,-0.25422691938686104,9,8.239294710327457,9.0,397,p0_lite_outputs\p1_rolling_window_market_validation_20260719\raw_configured_ecmade\SP100\window_004\HandCrafted_ECMADE_MOO\run_007,1.0,0.41093088223976426,0.9293382677494013,0.003749802021642886,1.0,1.399919298403069,0.026908446804070552
SP100,window_005,HandCrafted_ECMADE_MOO,7,60,10,755,123,0.3825028565008903,0.3815028565008903,0.9417523191684656,0.9388758583334196,0.1930944814926318,3.537576926415971,6.059179238214644,-0.0935364598055352,1.0000000000000002,0.001,3.9954933000262822,0.022631763926706034,-0.09353645980553527,9,8.484177215189874,9.0,316,p0_lite_outputs\p1_rolling_window_market_validation_20260719\raw_configured_ecmade\SP100\window_005\HandCrafted_ECMADE_MOO\run_007,1.0000000000000002,0.2659338209129604,0.9852157103713375,0.004535527574256204,1.0,1.3730272755505386,0.03775622017103953
SP100,window_006,HandCrafted_ECMADE_MOO,7,60,10,753,125,0.1219691450063091,0.1209691450063091,0.2611348350695086,0.2588698024823681,0.1615937748036379,1.5168886102476675,2.5132199062837293,-0.0838930302192169,1.0,0.001,4.2506820999551564,0.019277807580482215,-0.0838930302192169,10,7.714285714285714,8.0,357,p0_lite_outputs\p1_rolling_window_market_validation_20260719\raw_configured_ecmade\SP100\window_006\HandCrafted_ECMADE_MOO\run_007,1.0,0.4740310787448893,1.017413276625394,0.00471658554054803,0.9833333333333333,1.341203034786862,0.04627024883129262
SP100,window_007,HandCrafted_ECMADE_MOO,7,60,10,752,124,0.4257600366495306,0.4247600366495306,1.0561846604134515,1.0532548650325717,0.1572151388865115,4.669963005127793,8.722087998930158,-0.0579334979270128,1.0000000000000002,0.001,3.973117599962279,0.0165941395273052,-0.057933497927012856,8,7.970212765957447,10.0,235,p0_lite_outputs\p1_rolling_window_market_validation_20260719\raw_configured_ecmade\SP100\window_007\HandCrafted_ECMADE_MOO\run_007,1.0000000000000002,0.39905006705830715,1.0794558961789775,0.008418713663055044,0.9666666666666667,1.3019955089351118,0.11065896883191847
SP100,window_008,HandCrafted_ECMADE_MOO,7,60,10,752,126,0.0197056815467546,0.0187056815467546,0.0397996769787314,0.037761265615638,0.2669431635108013,0.2789308343842311,0.461690494844156,-0.1435650712330151,1.0,0.001,3.808635400026105,0.03276886128203084,-0.1435650712330151,9,8.6890756302521,10.0,238,p0_lite_outputs\p1_rolling_window_market_validation_20260719\raw_configured_ecmade\SP100\window_008\HandCrafted_ECMADE_MOO\run_007,1.0,0.2965403808460516,1.029046245088546,0.00601198828031776,1.0,1.3843322832936673,0.11922588434441383
SP100,window_009,HandCrafted_ECMADE_MOO,7,60,10,752,122,0.1750360938982913,0.1740360938982913,0.3953910595953309,0.3929392401816427,0.3042126872388674,1.2481318876157277,1.6528397624165885,-0.1856496672031665,1.0,0.001,4.177167399961036,0.04345330381599867,-0.18564966720316656,10,9.610655737704919,10.0,244,p0_lite_outputs\p1_rolling_window_market_validation_20260719\raw_configured_ecmade\SP100\window_009\HandCrafted_ECMADE_MOO\run_007,1.0,0.26058470900496894,1.060149176917283,0.006716643447341888,0.9666666666666667,1.3231882429072788,0.05641863121933057
SP100,window_010,HandCrafted_ECMADE_MOO,7,60,10,750,126,0.1219989902351843,0.1209989902351843,0.2588817340887732,0.2566387361083027,0.1777585887524757,1.384826559582612,1.9216947608558528,-0.0811415814188527,1.0,0.001,3.8342814999632537,0.025275089796844136,-0.08114158141885275,10,8.064285714285715,10.0,280,p0_lite_outputs\p1_rolling_window_market_validation_20260719\raw_configured_ecmade\SP100\window_010\HandCrafted_ECMADE_MOO\run_007,1.0,0.6698792978169343,1.0325480585656202,0.004982517961061439,0.9916666666666667,1.3912587920092314,0.0781417162152119
SP100,window_011,HandCrafted_ECMADE_MOO,7,60,10,751,123,0.0746828226545548,0.0736828226545548,0.1590081324432399,0.1567996719059157,0.2103558038157946,0.8066375085249085,1.4670492091149478,-0.1257903064056005,1.0,0.001,3.94797949999338,0.024932197990534533,-0.12579030640560052,9,9.45486111111111,10.0,288,p0_lite_outputs\p1_rolling_window_market_validation_20260719\raw_configured_ecmade\SP100\window_011\HandCrafted_ECMADE_MOO\run_007,1.0,0.48554166332001286,0.9754511666001433,0.007340422896630114,0.9416666666666667,1.3161312893312085,0.06244265900795866
SP100,window_001,HandCrafted_ECMADE_MOO,8,60,10,755,124,0.0256925859965559,0.0246925859965559,0.0529065483772539,0.0508214196288174,0.3509176896639076,0.3217288926636357,0.4946065957080937,-0.2305881045360668,1.0,0.001,4.580420700018294,0.04725695051750079,-0.2305881045360667,6,7.475826972010178,8.0,393,p0_lite_outputs\p1_rolling_window_market_validation_20260719\raw_configured_ecmade\SP100\window_001\HandCrafted_ECMADE_MOO\run_008,1.0,1.0,0.9909776261571108,0.004284359088351493,0.9916666666666667,1.4022065275457054,0.07465666615523639
SP100,window_002,HandCrafted_ECMADE_MOO,8,60,10,755,126,0.2381738271973232,0.2371738271973232,0.5330744263564668,0.5305990787020727,0.1878078938882688,2.3703722255408737,4.349700612386411,-0.0792364984673695,1.0,0.001,4.274838499957696,0.02137163080581966,-0.07923649846736958,10,8.766949152542374,10.0,236,p0_lite_outputs\p1_rolling_window_market_validation_20260719\raw_configured_ecmade\SP100\window_002\HandCrafted_ECMADE_MOO\run_008,1.0,0.6333483908361677,0.9540493457113912,0.007326124263548829,0.9833333333333333,1.3841362185787776,0.04395734727674794
SP100,window_003,HandCrafted_ECMADE_MOO,8,60,10,756,124,-0.2725396041109262,-0.2735396041109262,-0.4762054848253565,-0.4776677367888521,0.4213024740359753,-1.3216808257130712,-2.225864922575698,-0.2924259353078966,1.0,0.001,4.559730399982072,0.0529270162307364,-0.2924259353078966,10,8.099537037037036,10.0,432,p0_lite_outputs\p1_rolling_window_market_validation_20260719\raw_configured_ecmade\SP100\window_003\HandCrafted_ECMADE_MOO\run_008,1.0,0.4035332342301588,0.946816585886353,0.004058378119628127,1.0,1.4077366501487512,0.08898674632265939
SP100,window_004,HandCrafted_ECMADE_MOO,8,60,10,756,125,-0.1233362751206047,-0.1243362751206047,-0.2330776375055179,-0.2348402512848143,0.2806473646119603,-0.8048628230668727,-1.3398507919400633,-0.2384419211656259,1.0,0.001,5.013156100001652,0.03492927665614419,-0.2384419211656259,8,7.963235294117647,8.0,408,p0_lite_outputs\p1_rolling_window_market_validation_20260719\raw_configured_ecmade\SP100\window_004\HandCrafted_ECMADE_MOO\run_008,1.0,0.364345831363286,0.9297880618333505,0.004108687610349191,0.9916666666666667,1.3953092255017925,0.026908446804070552
SP100,window_005,HandCrafted_ECMADE_MOO,8,60,10,755,123,0.3981799990886836,0.3971799990886836,0.987132419715697,0.9842217277894094,0.1954416789089431,3.6159271619399,6.090153573626386,-0.0938542514379707,1.0,0.001,4.37757299997611,0.02277430289294505,-0.09385425143797077,8,8.142857142857142,8.0,294,p0_lite_outputs\p1_rolling_window_market_validation_20260719\raw_configured_ecmade\SP100\window_005\HandCrafted_ECMADE_MOO\run_008,1.0,0.3052876051574675,0.9859549495406067,0.0049961854270215,0.9916666666666667,1.354543345661289,0.03775622017103953
SP100,window_006,HandCrafted_ECMADE_MOO,8,60,10,753,125,0.1414406461766675,0.1404406461766675,0.3056474364308785,0.3033424424849817,0.1711043412291187,1.6444264721311077,2.792283523812612,-0.0815397326408409,1.0,0.001,3.811895699996967,0.01976162243000743,-0.08153973264084091,9,8.215447154471544,9.0,246,p0_lite_outputs\p1_rolling_window_market_validation_20260719\raw_configured_ecmade\SP100\window_006\HandCrafted_ECMADE_MOO\run_008,1.0,0.40704833728897605,1.0170663038187913,0.004941842144953176,0.9916666666666667,1.3898007926377047,0.04627024883129262
SP100,window_007,HandCrafted_ECMADE_MOO,8,60,10,752,124,0.4048501423238886,0.4038501423238886,0.9953645751309876,0.9924791385752808,0.1800494512820258,3.931728626550238,7.282906847508989,-0.0682609285674356,1.0,0.001,3.996659099997487,0.019247515944286673,-0.0682609285674356,7,8.908108108108108,10.0,185,p0_lite_outputs\p1_rolling_window_market_validation_20260719\raw_configured_ecmade\SP100\window_007\HandCrafted_ECMADE_MOO\run_008,1.0,0.4114963060101293,1.035317139898595,0.05670823837918994,0.5416666666666666,1.060487953816914,0.11065896883191847
SP100,window_008,HandCrafted_ECMADE_MOO,8,60,10,752,126,-0.0162075229440048,-0.0172075229440048,-0.0321523620880292,-0.0341189470421412,0.2565030765504099,0.000177080584161,0.0002883880071582,-0.1506902153278078,1.0,0.001,3.977135699999053,0.03124345284590144,-0.1506902153278078,8,7.536873156342183,8.0,339,p0_lite_outputs\p1_rolling_window_market_validation_20260719\raw_configured_ecmade\SP100\window_008\HandCrafted_ECMADE_MOO\run_008,1.0,0.33130672827160873,1.0328119709364125,0.004269771642752536,1.0,1.4029751970523883,0.11922588434441383
SP100,window_009,HandCrafted_ECMADE_MOO,8,60,10,752,122,0.1814154601452235,0.1804154601452235,0.411084476997086,0.4086184650354725,0.3249307091669716,1.2228625183000137,1.629531425956498,-0.2028285246629861,1.0,0.001,4.076849100005347,0.04669268257287868,-0.20282852466298618,10,9.801020408163266,10.0,196,p0_lite_outputs\p1_rolling_window_market_validation_20260719\raw_configured_ecmade\SP100\window_009\HandCrafted_ECMADE_MOO\run_008,1.0,0.40970610605955604,1.0165360083223531,0.041404884526476476,0.7583333333333333,1.0396514110539332,0.05641863121933057
SP100,window_010,HandCrafted_ECMADE_MOO,8,60,10,750,126,0.118839732918015,0.117839732918015,0.2518023479560554,0.2495656684902194,0.1834716130457209,1.3166029880195202,1.9001812732494896,-0.0960376081589079,1.0,0.001,3.9379984000115655,0.0248951323546806,-0.09603760815890794,8,9.089595375722544,10.0,346,p0_lite_outputs\p1_rolling_window_market_validation_20260719\raw_configured_ecmade\SP100\window_010\HandCrafted_ECMADE_MOO\run_008,1.0,0.6248043712477203,1.0117153517827189,0.015478834355662248,0.6333333333333333,1.378264140112212,0.0781417162152119
SP100,window_011,HandCrafted_ECMADE_MOO,8,60,10,751,123,0.1247299889211988,0.1237299889211988,0.2722917460676015,0.269975251234646,0.2226106073436103,1.1933281647039784,2.0790167357486267,-0.1340971447569627,1.0,0.001,3.80106040003011,0.025971966523401196,-0.13409714475696277,10,9.914798206278027,10.0,223,p0_lite_outputs\p1_rolling_window_market_validation_20260719\raw_configured_ecmade\SP100\window_011\HandCrafted_ECMADE_MOO\run_008,1.0,0.4622064324714313,0.9220930699440925,0.0522956458257198,0.725,0.9731288366959399,0.06244265900795866
SP100,window_001,HandCrafted_ECMADE_MOO,9,60,10,755,124,0.0257424447186844,0.0247424447186844,0.0530105651811778,0.0509253317543141,0.355143147496,0.3221467493013472,0.5059120431120241,-0.2332884447868042,1.0,0.001,4.171918999985792,0.04718412908591922,-0.23328844478680422,8,8.94306049822064,10.0,281,p0_lite_outputs\p1_rolling_window_market_validation_20260719\raw_configured_ecmade\SP100\window_001\HandCrafted_ECMADE_MOO\run_009,1.0,1.0,0.986307308304724,0.008633908249401603,0.8916666666666667,1.3248701287205564,0.07465666615523639
SP100,window_002,HandCrafted_ECMADE_MOO,9,60,10,755,126,0.246969210301974,0.245969210301974,0.5549322114411288,0.5524392730205252,0.1932011312155769,2.3829277063974645,4.297861720360273,-0.0791466121342758,1.0,0.001,4.236240900005214,0.022366528964211162,-0.07914661213427587,10,8.785714285714286,10.0,378,p0_lite_outputs\p1_rolling_window_market_validation_20260719\raw_configured_ecmade\SP100\window_002\HandCrafted_ECMADE_MOO\run_009,1.0,0.6079851468201092,0.9604169200420675,0.004219178661731596,1.0,1.3952409687869693,0.04395734727674794
SP100,window_003,HandCrafted_ECMADE_MOO,9,60,10,756,124,-0.2413713742088072,-0.2423713742088072,-0.4295882968295851,-0.4311153089720229,0.3958301715370981,-1.2183598227154493,-2.0752163106992496,-0.2661576699654751,1.0,0.001,4.1688171999994665,0.04942508775399679,-0.2661576699654751,8,8.577540106951872,10.0,374,p0_lite_outputs\p1_rolling_window_market_validation_20260719\raw_configured_ecmade\SP100\window_003\HandCrafted_ECMADE_MOO\run_009,1.0,0.2723902731992876,0.9435064862961389,0.004831450165484955,0.975,1.397014332210406,0.08898674632265939
SP100,window_004,HandCrafted_ECMADE_MOO,9,60,10,756,125,-0.1467057750391109,-0.1477057750391109,-0.2737348689082215,-0.27544972739417,0.2939868112231988,-0.9403014275297206,-1.529778289827664,-0.2679309473657665,1.0,0.001,5.3872499000281096,0.03690853909459404,-0.26793094736576684,8,8.249329758713136,9.0,373,p0_lite_outputs\p1_rolling_window_market_validation_20260719\raw_configured_ecmade\SP100\window_004\HandCrafted_ECMADE_MOO\run_009,1.0,0.33840960813067156,0.9284671846878157,0.004490608385110752,1.0,1.4072091590791103,0.026908446804070552
SP100,window_005,HandCrafted_ECMADE_MOO,9,60,10,755,123,0.4285327602319608,0.4275327602319608,1.0765195705519033,1.073542550198456,0.1947438613476599,3.8547640475594034,6.440602717635289,-0.0987408849650537,1.0,0.001,4.203244699980132,0.022278662651775322,-0.09874088496505373,10,8.923076923076923,10.0,312,p0_lite_outputs\p1_rolling_window_market_validation_20260719\raw_configured_ecmade\SP100\window_005\HandCrafted_ECMADE_MOO\run_009,1.0,0.2956736400833034,0.9830963704864082,0.0054075731137192586,1.0,1.4047694847493881,0.03775622017103953
SP100,window_006,HandCrafted_ECMADE_MOO,9,60,10,753,125,0.1200266109664967,0.1190266109664967,0.2567368106778209,0.2544757641471697,0.1752233040481157,1.391665633554692,2.3950884811717037,-0.096585615709905,1.0,0.001,3.878180700005032,0.020461673858922336,-0.09658561570990509,10,9.237373737373737,10.0,198,p0_lite_outputs\p1_rolling_window_market_validation_20260719\raw_configured_ecmade\SP100\window_006\HandCrafted_ECMADE_MOO\run_009,1.0,0.3143960411067901,1.0141126854779166,0.006364472297748948,1.0,1.3812878641938253,0.04627024883129262
SP100,window_007,HandCrafted_ECMADE_MOO,9,60,10,752,124,0.4352287292793484,0.4342287292793484,1.0840311683175474,1.0810812788663011,0.1724938109513119,4.3490246001191855,7.841540186730247,-0.0644862830785873,1.0,0.001,4.200237400014885,0.018645601231837138,-0.06448628307858739,9,6.423841059602649,6.0,302,p0_lite_outputs\p1_rolling_window_market_validation_20260719\raw_configured_ecmade\SP100\window_007\HandCrafted_ECMADE_MOO\run_009,1.0,0.3568507773315921,1.0841957816402517,0.004606310647902965,0.9916666666666667,1.378630859439929,0.11065896883191847
SP100,window_008,HandCrafted_ECMADE_MOO,9,60,10,752,126,-0.003129573117007,-0.004129573117007,-0.0062493520061193,-0.0082420928598853,0.2487154163017984,0.0985975830621699,0.1595944141123395,-0.14773974183852,1.0,0.001,4.435501700034365,0.031026133368550254,-0.14773974183852,10,8.46116504854369,9.0,412,p0_lite_outputs\p1_rolling_window_market_validation_20260719\raw_configured_ecmade\SP100\window_008\HandCrafted_ECMADE_MOO\run_009,1.0,0.19607283470647946,1.0315316768618807,0.005024837754077592,0.9916666666666667,1.3454086899235966,0.11922588434441383
SP100,window_009,HandCrafted_ECMADE_MOO,9,60,10,752,122,0.2046292337339583,0.2036292337339583,0.4689555651001797,0.4664378658496204,0.3148897012097282,1.3795993838883096,1.8420867567078112,-0.1943354867664768,1.0,0.001,3.9804222999955527,0.044822585880212505,-0.19433548676647683,8,9.680365296803654,10.0,219,p0_lite_outputs\p1_rolling_window_market_validation_20260719\raw_configured_ecmade\SP100\window_009\HandCrafted_ECMADE_MOO\run_009,1.0,0.2918255272422665,1.0531035020414197,0.010728416224756258,0.9416666666666667,1.2891244288182044,0.05641863121933057
SP100,window_010,HandCrafted_ECMADE_MOO,9,60,10,750,126,0.1581184437719445,0.1571184437719445,0.3412383298047505,0.3389230929172069,0.1846886060320854,1.6829806114981447,2.4407150602396404,-0.0736562562566546,1.0,0.001,3.8145603999728337,0.024772034567967397,-0.07365625625665462,10,9.887550200803213,10.0,249,p0_lite_outputs\p1_rolling_window_market_validation_20260719\raw_configured_ecmade\SP100\window_010\HandCrafted_ECMADE_MOO\run_009,1.0,0.5546775385713157,0.9788916083105382,0.07524018568125894,0.625,0.9791285263220014,0.0781417162152119
SP100,window_011,HandCrafted_ECMADE_MOO,9,60,10,751,123,0.0852913551512077,0.0842913551512077,0.1825694497003813,0.1803381091840843,0.2106388658396271,0.9013837151677272,1.5746354444969464,-0.1239648817271281,1.0,0.001,4.643214799987618,0.02454923220476394,-0.12396488172712816,10,9.334600760456274,10.0,263,p0_lite_outputs\p1_rolling_window_market_validation_20260719\raw_configured_ecmade\SP100\window_011\HandCrafted_ECMADE_MOO\run_009,1.0,0.42210893983104386,0.9769229860722791,0.006720333076017734,0.9916666666666667,1.3535233574085865,0.06244265900795866
SP100,window_001,HandCrafted_ECMADE_MOO,10,60,10,755,124,0.0228596643702221,0.0218596643702221,0.0470049927678084,0.0449258114705886,0.3563837855695071,0.3062951099180058,0.4754850888910564,-0.2333318442458203,1.0,0.001,4.592332300031558,0.04778692122219973,-0.23333184424582054,10,8.978552278820375,10.0,373,p0_lite_outputs\p1_rolling_window_market_validation_20260719\raw_configured_ecmade\SP100\window_001\HandCrafted_ECMADE_MOO\run_010,1.0,1.0,0.9729677722665694,0.03369742114920201,0.8416666666666667,1.0937521644003525,0.07465666615523639
SP100,window_002,HandCrafted_ECMADE_MOO,10,60,10,755,126,0.2610669261630227,0.2600669261630227,0.5902897922622548,0.5877686584099289,0.1981062895462824,2.442329520952906,4.403042983236837,-0.0864754234950889,1.0,0.0009999999999999,4.586330899968743,0.02275473264507189,-0.08647542349508897,10,8.270777479892761,9.0,373,p0_lite_outputs\p1_rolling_window_market_validation_20260719\raw_configured_ecmade\SP100\window_002\HandCrafted_ECMADE_MOO\run_010,1.0,0.6025198939619179,0.9599775669012671,0.005075926392990062,0.975,1.3825460803859622,0.04395734727674794
SP100,window_003,HandCrafted_ECMADE_MOO,10,60,10,756,124,-0.2470648395308745,-0.2480648395308745,-0.4382545098186503,-0.4397696857739941,0.3905983613883042,-1.2790726998556208,-2.209391759834665,-0.2699573262705649,1.0,0.001,4.119444800016936,0.04858249498745258,-0.2699573262705649,8,8.942779291553133,10.0,367,p0_lite_outputs\p1_rolling_window_market_validation_20260719\raw_configured_ecmade\SP100\window_003\HandCrafted_ECMADE_MOO\run_010,1.0,0.34174537758776763,0.9400634342135026,0.007749228106888633,0.9083333333333333,1.294498319028624,0.08898674632265939
SP100,window_004,HandCrafted_ECMADE_MOO,10,60,10,756,125,-0.1434617464466634,-0.1444617464466634,-0.2681577545584648,-0.2698792409393652,0.2973816427468652,-0.900537848376433,-1.4712678362789795,-0.2616409361605495,1.0000000000000002,0.001,5.2167818999732845,0.03686754333779529,-0.2616409361605495,8,8.976635514018692,10.0,428,p0_lite_outputs\p1_rolling_window_market_validation_20260719\raw_configured_ecmade\SP100\window_004\HandCrafted_ECMADE_MOO\run_010,1.0000000000000002,0.4516434568169489,0.9278289121299557,0.0043719156635095196,1.0,1.4045527875419097,0.026908446804070552
SP100,window_005,HandCrafted_ECMADE_MOO,10,60,10,755,123,0.3804477579909104,0.3794477579909104,0.935843275375849,0.9329713004554644,0.1913536589310442,3.5520643819254545,5.993932584673821,-0.0936775151014586,1.0,0.001,4.061598400003277,0.022709666012772745,-0.0936775151014585,10,7.684981684981685,8.0,273,p0_lite_outputs\p1_rolling_window_market_validation_20260719\raw_configured_ecmade\SP100\window_005\HandCrafted_ECMADE_MOO\run_010,1.0,0.27573150905747623,0.9854046927617889,0.005132257995990436,0.9916666666666667,1.353544583567446,0.03775622017103953
SP100,window_006,HandCrafted_ECMADE_MOO,10,60,10,753,125,0.1080368465087604,0.1070368465087604,0.229762575830309,0.2275261296954998,0.1669758500013885,1.3221567968674826,2.1859570164544277,-0.0881048291254816,1.0,0.001,3.925776800024323,0.019976117555332372,-0.08810482912548168,10,8.055147058823529,8.0,272,p0_lite_outputs\p1_rolling_window_market_validation_20260719\raw_configured_ecmade\SP100\window_006\HandCrafted_ECMADE_MOO\run_010,1.0,0.501612030439414,1.01649946439026,0.004976831281582298,1.0,1.3947981438895565,0.04627024883129262
SP100,window_007,HandCrafted_ECMADE_MOO,10,60,10,752,124,0.4469688399435692,0.4459688399435692,1.1188219343658696,1.115847124596347,0.1675812403181789,4.570653697532941,8.151042671383603,-0.063431934358154,1.0,0.001,4.282310499984305,0.01828718454155142,-0.06343193435815409,7,8.79245283018868,10.0,212,p0_lite_outputs\p1_rolling_window_market_validation_20260719\raw_configured_ecmade\SP100\window_007\HandCrafted_ECMADE_MOO\run_010,1.0,0.27167228327432363,1.0724730272498915,0.012206993622001183,0.7416666666666667,1.3312956252455708,0.11065896883191847
SP100,window_008,HandCrafted_ECMADE_MOO,10,60,10,752,126,-0.000587738117163,-0.001587738117163,-0.0011751307982317,-0.0031729553219974,0.2532043329627653,0.1212893454256138,0.2001389876195867,-0.1466612065925444,1.0,0.001,4.567678199964576,0.030999127997112193,-0.14666120659254445,9,7.2838196286472146,7.0,377,p0_lite_outputs\p1_rolling_window_market_validation_20260719\raw_configured_ecmade\SP100\window_008\HandCrafted_ECMADE_MOO\run_010,1.0,0.11591502174153473,1.0331013935130875,0.004428659828744245,0.975,1.380652369989591,0.11922588434441383
SP100,window_009,HandCrafted_ECMADE_MOO,10,60,10,752,122,0.1758443355060839,0.1748443355060839,0.3973743475486484,0.3949207302718047,0.292685467960437,1.2902818077370648,1.6790202857523346,-0.1867476665595471,1.0,0.001,4.079059200012125,0.041276891769238384,-0.1867476665595471,10,9.691358024691358,10.0,243,p0_lite_outputs\p1_rolling_window_market_validation_20260719\raw_configured_ecmade\SP100\window_009\HandCrafted_ECMADE_MOO\run_010,1.0,0.2848228845506367,1.0551177952035355,0.00965769469661107,0.925,1.2473612742888958,0.05641863121933057
SP100,window_010,HandCrafted_ECMADE_MOO,10,60,10,750,126,0.1865363614480208,0.1855363614480208,0.4078685370383084,0.4054964643154122,0.1771871880906571,2.020539379287266,2.9647718183138605,-0.0740403446374122,1.0,0.001,3.781096199993044,0.023104281506194455,-0.07404034463741227,8,9.27450980392157,10.0,255,p0_lite_outputs\p1_rolling_window_market_validation_20260719\raw_configured_ecmade\SP100\window_010\HandCrafted_ECMADE_MOO\run_010,1.0,0.6192331467552132,1.0307282477150908,0.006376894765719213,0.9416666666666667,1.371405080046863,0.0781417162152119
SP100,window_011,HandCrafted_ECMADE_MOO,10,60,10,751,123,0.0817840787956041,0.0807840787956041,0.1747530066370688,0.1725292316608608,0.2087687798666994,0.8758169587702004,1.4904300170296985,-0.1249947412137135,1.0,0.001,3.866689999995288,0.024258790769803935,-0.12499474121371357,8,8.562753036437247,10.0,247,p0_lite_outputs\p1_rolling_window_market_validation_20260719\raw_configured_ecmade\SP100\window_011\HandCrafted_ECMADE_MOO\run_010,1.0,0.4337554552407776,0.9768459527416153,0.007112499106816868,0.975,1.3637136995990817,0.06244265900795866
SP100,window_001,MetaDesigned_ECMADE_MOO,1,60,10,755,124,0.0211750616006618,0.0201750616006618,0.0435036087320424,0.0414279638471724,0.3620099390994752,0.2977860785925011,0.4662941045054921,-0.2392981766631962,1.0000000000000002,0.001,11.46338560001459,0.04856087684886535,-0.23929817666319608,10,9.748792270531402,10.0,207,p0_lite_outputs\p1_rolling_window_market_validation_20260719\raw_configured_ecmade\SP100\window_001\MetaDesigned_ECMADE_MOO\run_001,1.0000000000000002,1.0,0.9707755623546863,0.01318683332203666,0.7916666666666666,1.3485592133824962,0.03277433597988165
SP100,window_002,MetaDesigned_ECMADE_MOO,1,60,10,755,126,0.2427814233667105,0.2417814233667105,0.5445056662653869,0.5420211034186537,0.1971123387554362,2.3053145275446485,4.085763323506219,-0.0901653257440644,1.0000000000000002,0.001,10.01124969997909,0.02322367424758065,-0.09016532574406444,10,9.21078431372549,10.0,204,p0_lite_outputs\p1_rolling_window_market_validation_20260719\raw_configured_ecmade\SP100\window_002\MetaDesigned_ECMADE_MOO\run_001,1.0000000000000002,0.6143871998664768,0.9540114555457216,0.007859616549109726,1.0,1.399282381531974,0.05623775500176541
SP100,window_003,MetaDesigned_ECMADE_MOO,1,60,10,756,124,-0.2511815317900092,-0.2521815317900092,-0.4444786885867224,-0.4459853081184066,0.3965520014170703,-1.2818190066785369,-2.166776639351499,-0.2737649541484478,1.0,0.001,10.556161900050938,0.050314655338576424,-0.2737649541484478,10,9.763358778625955,10.0,262,p0_lite_outputs\p1_rolling_window_market_validation_20260719\raw_configured_ecmade\SP100\window_003\MetaDesigned_ECMADE_MOO\run_001,1.0,0.3325579846760123,0.9193782627761293,0.018050052435749753,0.8666666666666667,1.2174847021205055,0.03611408482507566
SP100,window_004,MetaDesigned_ECMADE_MOO,1,60,10,756,125,-0.1503998077741903,-0.1513998077741903,-0.280059446465325,-0.2817667581413557,0.2980154964866015,-0.952893567730812,-1.543579727927093,-0.273008797780561,1.0,0.001,10.836410599993542,0.03748090272360923,-0.273008797780561,7,9.219047619047618,10.0,315,p0_lite_outputs\p1_rolling_window_market_validation_20260719\raw_configured_ecmade\SP100\window_004\MetaDesigned_ECMADE_MOO\run_001,1.0,0.4390748073816867,0.925098014387665,0.005377068641508026,0.9916666666666667,1.3824139280189096,0.01338640887375038
SP100,window_005,MetaDesigned_ECMADE_MOO,1,60,10,755,123,0.4867274741227732,0.4857274741227732,1.253534775445995,1.2504303937131,0.2034480790294333,4.101647390451872,6.693418173358756,-0.1037352162716022,1.0,0.001,10.147548399982044,0.023411665724176446,-0.1037352162716022,8,8.5125,9.0,160,p0_lite_outputs\p1_rolling_window_market_validation_20260719\raw_configured_ecmade\SP100\window_005\MetaDesigned_ECMADE_MOO\run_001,1.0,0.2515746318243149,0.9793783225851872,0.007972858830410465,0.9916666666666667,1.3680476772452508,0.02652202085959259
SP100,window_006,MetaDesigned_ECMADE_MOO,1,60,10,753,125,0.1293497325574402,0.1283497325574402,0.277915571122689,0.2756353926529999,0.1637317325789301,1.58001247807236,2.5972508976003432,-0.0798841686300015,1.0,0.001,10.318520899978466,0.01975154421883657,-0.07988416863000158,10,8.094972067039107,9.0,179,p0_lite_outputs\p1_rolling_window_market_validation_20260719\raw_configured_ecmade\SP100\window_006\MetaDesigned_ECMADE_MOO\run_001,1.0,0.5231263008210653,1.0103384586096449,0.01088337717600117,0.9416666666666667,1.2789408420275596,0.05374239648155431
SP100,window_007,MetaDesigned_ECMADE_MOO,1,60,10,752,124,0.3904893043781261,0.3894893043781261,0.9541307402233026,0.9512757568243896,0.1572222640004764,4.345060071756784,8.065725214950318,-0.0629050300775386,1.0,0.001,9.811261900002137,0.01634219221645145,-0.06290503007753867,10,9.29203539823009,10.0,113,p0_lite_outputs\p1_rolling_window_market_validation_20260719\raw_configured_ecmade\SP100\window_007\MetaDesigned_ECMADE_MOO\run_001,1.0,0.3518740135246342,1.0570435868720949,0.019850517689155016,0.575,1.2809689529138009,0.11862224012383966
SP100,window_008,MetaDesigned_ECMADE_MOO,1,60,10,752,126,-0.0361099208399761,-0.0371099208399761,-0.0709159152968829,-0.0728426954552029,0.2190324011819223,-0.2266440392518477,-0.3618777810528821,-0.1382442577307469,1.0,0.001,10.119509599986486,0.028532662602843917,-0.1382442577307469,8,8.329268292682928,9.0,164,p0_lite_outputs\p1_rolling_window_market_validation_20260719\raw_configured_ecmade\SP100\window_008\MetaDesigned_ECMADE_MOO\run_001,1.0,0.250417675744292,1.020827310251219,0.010784592105132645,0.925,1.3676306885136478,0.06825439144817665
SP100,window_009,MetaDesigned_ECMADE_MOO,1,60,10,752,122,0.1469175679424261,0.1459175679424261,0.32729714847614,0.3249078254028912,0.2960260124532035,1.1049797711668332,1.4371744369228938,-0.1932900182207505,1.0,0.001,10.228422999964096,0.04207286843955489,-0.19329001822075054,7,8.454545454545455,9.0,176,p0_lite_outputs\p1_rolling_window_market_validation_20260719\raw_configured_ecmade\SP100\window_009\MetaDesigned_ECMADE_MOO\run_001,1.0,0.35494386555605084,1.0578031994799086,0.00847938429192771,0.9833333333333333,1.3435089433327505,0.07957118815267321
SP100,window_010,MetaDesigned_ECMADE_MOO,1,60,10,750,126,0.0920446897339426,0.0910446897339426,0.1925616043761031,0.1903785149966348,0.1786108582458845,1.075940269707407,1.5174588551574584,-0.0995288204857677,1.0,0.001,9.923118199920282,0.024737031109465884,-0.09952882048576772,7,9.037037037037036,10.0,162,p0_lite_outputs\p1_rolling_window_market_validation_20260719\raw_configured_ecmade\SP100\window_010\MetaDesigned_ECMADE_MOO\run_001,1.0,0.6942854454034474,1.020381141699459,0.011270937518808363,0.9083333333333333,1.3603895507251418,0.11062665699705487
SP100,window_011,MetaDesigned_ECMADE_MOO,1,60,10,751,123,0.0955651595249718,0.0945651595249718,0.2056187584548645,0.2033652494781239,0.2052520636365294,1.013700234527696,1.82259632645892,-0.1203656957463593,1.0,0.001,10.16296699992381,0.023600491099713634,-0.12036569574635936,10,7.648888888888889,8.0,225,p0_lite_outputs\p1_rolling_window_market_validation_20260719\raw_configured_ecmade\SP100\window_011\MetaDesigned_ECMADE_MOO\run_001,1.0,0.5351338061186369,0.9797319142808434,0.005985717870124644,0.9916666666666667,1.3684159820368689,0.04590466155578525
SP100,window_001,MetaDesigned_ECMADE_MOO,2,60,10,755,124,0.0273220841587158,0.0263220841587158,0.05630875986864,0.0542202099025401,0.3510809875023067,0.3307529129320143,0.5182152631481675,-0.2349241878519387,1.0,0.001,11.229673800058665,0.04682069135005851,-0.2349241878519387,9,9.5,10.0,238,p0_lite_outputs\p1_rolling_window_market_validation_20260719\raw_configured_ecmade\SP100\window_001\MetaDesigned_ECMADE_MOO\run_002,1.0,1.0,0.9810043624398949,0.009806649818496709,0.8916666666666667,1.3617857561507414,0.03277433597988165
SP100,window_002,MetaDesigned_ECMADE_MOO,2,60,10,755,126,0.2963896561614862,0.2953896561614862,0.6806261406024965,0.6780343612901734,0.2060150243319213,2.624973775230611,4.867514003656718,-0.083897560218985,1.0,0.001,9.812032300047576,0.023627959904505964,-0.08389756021898509,10,8.616666666666667,10.0,180,p0_lite_outputs\p1_rolling_window_market_validation_20260719\raw_configured_ecmade\SP100\window_002\MetaDesigned_ECMADE_MOO\run_002,1.0,0.5965475741368833,0.9534247228298447,0.00816503417238581,0.9916666666666667,1.4076114092707621,0.05623775500176541
SP100,window_003,MetaDesigned_ECMADE_MOO,2,60,10,756,124,-0.2671429691495359,-0.2681429691495359,-0.4682784035881673,-0.4697518621720141,0.4259087857801102,-1.2677193539003029,-2.178772587737187,-0.2818600476981235,1.0,0.001,10.460507999989204,0.053437451364208875,-0.2818600476981237,10,9.245421245421245,10.0,273,p0_lite_outputs\p1_rolling_window_market_validation_20260719\raw_configured_ecmade\SP100\window_003\MetaDesigned_ECMADE_MOO\run_002,1.0,0.29893601971863276,0.9341849538746624,0.009800157159320842,0.8916666666666667,1.2884300473587966,0.03611408482507566
SP100,window_004,MetaDesigned_ECMADE_MOO,2,60,10,756,125,-0.1311553343915548,-0.1321553343915548,-0.2468051318304608,-0.2485517651596789,0.2907818639862067,-0.8289020220027757,-1.3694569186764802,-0.2473403688425981,1.0,0.001,10.89572750008665,0.035778451037626044,-0.24734036884259814,10,9.349514563106796,10.0,309,p0_lite_outputs\p1_rolling_window_market_validation_20260719\raw_configured_ecmade\SP100\window_004\MetaDesigned_ECMADE_MOO\run_002,1.0,0.3456223740604446,0.9264227588751115,0.0052963885743238775,0.9916666666666667,1.3585771335590948,0.01338640887375038
SP100,window_005,MetaDesigned_ECMADE_MOO,2,60,10,755,123,0.3823788653281916,0.3813788653281916,0.9413955448652856,0.9385193546901528,0.1886430011111054,3.615551346450411,6.038194086080283,-0.0917307859206397,1.0,0.0009999999999999,10.437046600040048,0.02206650830340698,-0.09173078592063977,9,7.44131455399061,8.0,213,p0_lite_outputs\p1_rolling_window_market_validation_20260719\raw_configured_ecmade\SP100\window_005\MetaDesigned_ECMADE_MOO\run_002,1.0,0.2508215343593405,0.9832106462827327,0.006254354856413006,0.9833333333333333,1.3390665513139952,0.02652202085959259
SP100,window_006,MetaDesigned_ECMADE_MOO,2,60,10,753,125,0.0935252860166642,0.0925252860166642,0.1975093719674912,0.1953026947034493,0.1664219416249929,1.1662454039776555,1.974634624887837,-0.1033752745311537,1.0,0.001,10.266668700031005,0.020099558649546666,-0.1033752745311537,7,8.407894736842104,9.0,152,p0_lite_outputs\p1_rolling_window_market_validation_20260719\raw_configured_ecmade\SP100\window_006\MetaDesigned_ECMADE_MOO\run_002,1.0,0.3551808616072808,1.0081706722567658,0.01271668783253559,0.9416666666666667,1.2432906568879014,0.05374239648155431
SP100,window_007,MetaDesigned_ECMADE_MOO,2,60,10,752,124,0.4119461750594457,0.4109461750594457,1.0159006540656703,1.0130001661633723,0.1644203120364694,4.35163481040341,8.12814096876928,-0.0618464879491685,1.0,0.001,9.66659979999531,0.017207689076463608,-0.06184648794916858,6,8.759493670886076,10.0,158,p0_lite_outputs\p1_rolling_window_market_validation_20260719\raw_configured_ecmade\SP100\window_007\MetaDesigned_ECMADE_MOO\run_002,1.0,0.48920912797307126,1.070638488342053,0.012442769391966025,0.8333333333333334,1.3815737279667204,0.11862224012383966
SP100,window_008,MetaDesigned_ECMADE_MOO,2,60,10,752,126,-0.0469074226645193,-0.0479074226645193,-0.0916145390280107,-0.0935197241826817,0.2460405404757246,-0.2679144693972585,-0.4371382212135124,-0.1502364694483952,1.0,0.001,10.223007599939592,0.031911361098888306,-0.1502364694483952,8,8.877697841726619,10.0,139,p0_lite_outputs\p1_rolling_window_market_validation_20260719\raw_configured_ecmade\SP100\window_008\MetaDesigned_ECMADE_MOO\run_002,1.0,0.4525817456908447,1.011898563947327,0.015241240410033042,0.7666666666666667,1.364563040252363,0.06825439144817665
SP100,window_009,MetaDesigned_ECMADE_MOO,2,60,10,752,122,0.111203707082613,0.110203707082613,0.2433409212425401,0.2410308308187168,0.2914289157305678,0.8934068851597106,1.1852351881723056,-0.1794644920101104,1.0,0.001,10.113936700043269,0.04290872360157744,-0.1794644920101104,10,9.07027027027027,10.0,185,p0_lite_outputs\p1_rolling_window_market_validation_20260719\raw_configured_ecmade\SP100\window_009\MetaDesigned_ECMADE_MOO\run_002,1.0,0.3303672869566194,1.0556744351591458,0.009374152416987294,0.9583333333333334,1.3070717501407418,0.07957118815267321
SP100,window_010,MetaDesigned_ECMADE_MOO,2,60,10,750,126,0.1139659580694958,0.1129659580694958,0.2409201557376896,0.2386932238215504,0.1787435570985562,1.2976651205865048,1.90846498386894,-0.0778188878621343,0.9999999999999998,0.0009999999999999,10.269612300093286,0.02472842457938027,-0.07781888786213431,8,9.120603015075377,10.0,199,p0_lite_outputs\p1_rolling_window_market_validation_20260719\raw_configured_ecmade\SP100\window_010\MetaDesigned_ECMADE_MOO\run_002,0.9999999999999998,0.7532027976963773,1.0046493516230977,0.018147001231630804,0.5583333333333333,1.3940405526915802,0.11062665699705487
SP100,window_011,MetaDesigned_ECMADE_MOO,2,60,10,751,123,0.0833916572069619,0.0823916572069619,0.1783324202225065,0.1761051776898976,0.225818870325697,0.8394267829467317,1.4634434032650905,-0.1464376781633916,1.0,0.0009999999999999,9.574145199963825,0.02602788312713389,-0.1464376781633916,7,9.177631578947368,10.0,152,p0_lite_outputs\p1_rolling_window_market_validation_20260719\raw_configured_ecmade\SP100\window_011\MetaDesigned_ECMADE_MOO\run_002,1.0,0.42088761109180056,0.9548473072604147,0.020220583370734905,0.8416666666666667,1.2139339763966919,0.04590466155578525
SP100,window_001,MetaDesigned_ECMADE_MOO,3,60,10,755,124,0.0190415614870631,0.0180415614870631,0.039077758362199,0.0370065919698316,0.3543377881278371,0.2846281021076169,0.4416536386441826,-0.2274199245700568,1.0,0.001,11.16529040003661,0.04759342528089576,-0.227419924570057,10,9.639024390243902,10.0,205,p0_lite_outputs\p1_rolling_window_market_validation_20260719\raw_configured_ecmade\SP100\window_001\MetaDesigned_ECMADE_MOO\run_003,1.0,1.0,0.9672096041786652,0.019590623692086966,0.8,1.236756969689339,0.03277433597988165
SP100,window_002,MetaDesigned_ECMADE_MOO,3,60,10,755,126,0.2043215756362637,0.2033215756362637,0.4503904575430129,0.4479828143917406,0.1864286322859335,2.0886025842942515,3.68490534635762,-0.0834320789615491,1.0,0.001,10.138364699902011,0.021683513695200118,-0.08343207896154914,6,8.401639344262295,9.0,244,p0_lite_outputs\p1_rolling_window_market_validation_20260719\raw_configured_ecmade\SP100\window_002\MetaDesigned_ECMADE_MOO\run_003,1.0,0.6880090134951239,0.9576487036932924,0.0060185554822082135,1.0,1.4056381699736944,0.05623775500176541
SP100,window_003,MetaDesigned_ECMADE_MOO,3,60,10,756,124,-0.267396413894013,-0.268396413894013,-0.468652040403278,-0.4701249726254916,0.4205619854274094,-1.2908744026767671,-2.2267876673776343,-0.2796480098473003,1.0,0.0009999999999999,11.02756459999364,0.05296529515238589,-0.2796480098473004,9,9.214953271028037,10.0,321,p0_lite_outputs\p1_rolling_window_market_validation_20260719\raw_configured_ecmade\SP100\window_003\MetaDesigned_ECMADE_MOO\run_003,1.0,0.31909316403345267,0.9416409520130087,0.005316752868517568,0.9666666666666667,1.371953251616123,0.03611408482507566
SP100,window_004,MetaDesigned_ECMADE_MOO,3,60,10,756,125,-0.1451679798933268,-0.1461679798933268,-0.2710937812008215,-0.2728117815153817,0.2984895278269915,-0.9095017806559637,-1.4665406330780244,-0.2726570402346322,1.0000000000000002,0.001,10.622616600012408,0.03742724111451721,-0.2726570402346322,10,9.453333333333333,10.0,300,p0_lite_outputs\p1_rolling_window_market_validation_20260719\raw_configured_ecmade\SP100\window_004\MetaDesigned_ECMADE_MOO\run_003,1.0000000000000002,0.35760126486856486,0.923819285089691,0.005763120090462761,0.9833333333333333,1.371010297536329,0.01338640887375038
SP100,window_005,MetaDesigned_ECMADE_MOO,3,60,10,755,123,0.3145727842410295,0.3135727842410295,0.7513124944973735,0.7485841377012736,0.1829029485900208,3.1585088453790764,5.122719515579437,-0.0865219805257221,1.0,0.001,10.446968400035985,0.022858439561917486,-0.08652198052572202,9,7.149484536082475,7.0,194,p0_lite_outputs\p1_rolling_window_market_validation_20260719\raw_configured_ecmade\SP100\window_005\MetaDesigned_ECMADE_MOO\run_003,1.0,0.38449758096083475,0.9814109660417181,0.007483522921046332,1.0,1.3720700677222484,0.02652202085959259
SP100,window_006,MetaDesigned_ECMADE_MOO,3,60,10,753,125,0.1278629611615327,0.1268629611615327,0.2745262096112593,0.2722490823089505,0.1755743028852258,1.4697503077715175,2.5035551622062147,-0.0920700375533135,1.0,0.001,10.14043050003238,0.020699894023319693,-0.09207003755331356,8,9.296703296703297,10.0,182,p0_lite_outputs\p1_rolling_window_market_validation_20260719\raw_configured_ecmade\SP100\window_006\MetaDesigned_ECMADE_MOO\run_003,1.0,0.4898042037881509,1.005269174451556,0.011685781256949353,0.975,1.3300458447393928,0.05374239648155431
SP100,window_007,MetaDesigned_ECMADE_MOO,3,60,10,752,124,0.382188087024923,0.381188087024923,0.9304951507289912,0.9276577660176644,0.1370293028843687,4.874786893276534,10.017734164636645,-0.0487444209442491,1.0,0.001,9.633127799956128,0.013260615008710756,-0.048744420944249134,10,9.446153846153846,10.0,130,p0_lite_outputs\p1_rolling_window_market_validation_20260719\raw_configured_ecmade\SP100\window_007\MetaDesigned_ECMADE_MOO\run_003,1.0,0.4082575166101128,1.0352997356983773,0.030527622070169232,0.3333333333333333,1.2928502034299132,0.11862224012383966
SP100,window_008,MetaDesigned_ECMADE_MOO,3,60,10,752,126,-0.0629618907677653,-0.0639618907677653,-0.1219595818464787,-0.1238326580649431,0.2510789754331125,-0.3928430024759757,-0.6242986623905675,-0.1512945537173275,1.0,0.001,10.22494939994067,0.032348804592492314,-0.15129455371732758,10,7.61,8.0,200,p0_lite_outputs\p1_rolling_window_market_validation_20260719\raw_configured_ecmade\SP100\window_008\MetaDesigned_ECMADE_MOO\run_003,1.0,0.3319180709504326,1.0274096270469613,0.007892910647146293,0.975,1.3962642145774244,0.06825439144817665
SP100,window_009,MetaDesigned_ECMADE_MOO,3,60,10,752,122,0.1884824276903889,0.1874824276903889,0.4285751392391983,0.4260933991134659,0.3172425710888946,1.2837837669202594,1.7197716189739678,-0.1967236752670351,1.0000000000000002,0.001,8.289730600081384,0.0449983059970569,-0.19672367526703516,10,8.772357723577235,10.0,123,p0_lite_outputs\p1_rolling_window_market_validation_20260719\raw_configured_ecmade\SP100\window_009\MetaDesigned_ECMADE_MOO\run_003,1.0000000000000002,0.4248157999639329,1.0470535211246534,0.015318311195987377,0.725,1.3745681714069757,0.07957118815267321
SP100,window_010,MetaDesigned_ECMADE_MOO,3,60,10,750,126,0.1133256820802013,0.1123256820802013,0.2394940743793454,0.2372684230151853,0.1749851840710452,1.3151868646721037,1.886386401972828,-0.0921572444902415,1.0,0.001,10.928215200081468,0.024010386666610244,-0.09215724449024154,8,7.9035087719298245,8.0,228,p0_lite_outputs\p1_rolling_window_market_validation_20260719\raw_configured_ecmade\SP100\window_010\MetaDesigned_ECMADE_MOO\run_003,1.0,0.6676484164725174,1.0310937778185016,0.0062574790879149555,0.9916666666666667,1.3975869361994384,0.11062665699705487
SP100,window_011,MetaDesigned_ECMADE_MOO,3,60,10,751,123,0.0885112813008208,0.0875112813008208,0.1897688585161085,0.1875305712516501,0.2126042019192912,0.9235575456026042,1.5932959121829415,-0.1297941843882738,1.0,0.001,9.50553329999093,0.024765001845502566,-0.12979418438827384,10,9.33108108108108,10.0,148,p0_lite_outputs\p1_rolling_window_market_validation_20260719\raw_configured_ecmade\SP100\window_011\MetaDesigned_ECMADE_MOO\run_003,1.0,0.5617074980819451,0.9612811073820924,0.014463314324413406,0.8166666666666667,1.284339749551842,0.04590466155578525
SP100,window_001,MetaDesigned_ECMADE_MOO,4,60,10,755,124,0.0239656679735669,0.0229656679735669,0.049307019724224,0.0472255165401451,0.3491931935510625,0.3116585742327891,0.4831408856302534,-0.2352246845299713,1.0,0.001,11.059186800033784,0.046942357611644024,-0.23522468452997136,10,9.23469387755102,10.0,196,p0_lite_outputs\p1_rolling_window_market_validation_20260719\raw_configured_ecmade\SP100\window_001\MetaDesigned_ECMADE_MOO\run_004,1.0,1.0,0.981576760701028,0.008764115764026288,0.9833333333333333,1.3885132295816758,0.03277433597988165
SP100,window_002,MetaDesigned_ECMADE_MOO,4,60,10,755,126,0.2552862228852002,0.2542862228852002,0.5757435013653924,0.5732339289196218,0.1943379920923527,2.438572507291555,4.364770854914282,-0.0809185080476799,0.9999999999999998,0.0009999999999999,9.93967170000542,0.022463228543487583,-0.08091850804767997,10,8.281081081081082,10.0,185,p0_lite_outputs\p1_rolling_window_market_validation_20260719\raw_configured_ecmade\SP100\window_002\MetaDesigned_ECMADE_MOO\run_004,0.9999999999999998,0.6224953833348283,0.9539626458517539,0.007617912126910742,0.975,1.4029926647393323,0.05623775500176541
SP100,window_003,MetaDesigned_ECMADE_MOO,4,60,10,756,124,-0.252589106995065,-0.253589106995065,-0.4465987727418041,-0.4481024670177761,0.4008487762983022,-1.2734556514068442,-2.18937904198092,-0.2827374848942694,1.0,0.001,10.980086700059474,0.04927316135373153,-0.2827374848942694,9,8.364942528735632,9.0,348,p0_lite_outputs\p1_rolling_window_market_validation_20260719\raw_configured_ecmade\SP100\window_003\MetaDesigned_ECMADE_MOO\run_004,1.0,0.39106063417682896,0.9397519795833625,0.007521962507788559,0.9083333333333333,1.3004569443381426,0.03611408482507566
SP100,window_004,MetaDesigned_ECMADE_MOO,4,60,10,756,125,-0.1331952909607638,-0.1341952909607638,-0.2503660202336969,-0.2521084847148974,0.291414448777302,-0.8427019518271318,-1.391735087880947,-0.2514452309021204,1.0,0.001,10.949504300020635,0.036200133551481294,-0.25144523090212045,10,9.173913043478262,10.0,299,p0_lite_outputs\p1_rolling_window_market_validation_20260719\raw_configured_ecmade\SP100\window_004\MetaDesigned_ECMADE_MOO\run_004,1.0,0.4124759022114495,0.9262966623203311,0.004932834361407169,0.9916666666666667,1.3777226523110553,0.01338640887375038
SP100,window_005,MetaDesigned_ECMADE_MOO,4,60,10,755,123,0.4716217081115503,0.4706217081115503,1.206874064868296,1.2038027664612263,0.2036946728554622,3.993910136663663,6.701065458463551,-0.1016147489293662,1.0,0.001,10.298003499978222,0.02313354820183173,-0.10161474892936628,8,8.226744186046512,9.0,172,p0_lite_outputs\p1_rolling_window_market_validation_20260719\raw_configured_ecmade\SP100\window_005\MetaDesigned_ECMADE_MOO\run_004,1.0,0.2264797494161276,0.9777136420776756,0.00863284453700297,0.9916666666666667,1.3783402300269014,0.02652202085959259
SP100,window_006,MetaDesigned_ECMADE_MOO,4,60,10,753,125,0.1190450177598212,0.1180450177598212,0.2545173642260139,0.2522583318707423,0.1588181414555536,1.5076021010683331,2.461498459111802,-0.0809112254023648,1.0,0.001,9.690281999995932,0.019127620112582754,-0.08091122540236484,7,8.072847682119205,8.0,151,p0_lite_outputs\p1_rolling_window_market_validation_20260719\raw_configured_ecmade\SP100\window_006\MetaDesigned_ECMADE_MOO\run_004,1.0,0.5265375613690396,1.0112989808513413,0.008634507667727255,0.9666666666666667,1.3268073597939194,0.05374239648155431
SP100,window_007,MetaDesigned_ECMADE_MOO,4,60,10,752,124,0.5167909671355329,0.5157909671355329,1.3317811186807336,1.3286579668429583,0.1820130931103527,4.749825905003244,8.286087889100115,-0.0687359745443437,1.0,0.001,9.976055299979636,0.019745782518711927,-0.06873597454434377,9,9.126760563380282,10.0,142,p0_lite_outputs\p1_rolling_window_market_validation_20260719\raw_configured_ecmade\SP100\window_007\MetaDesigned_ECMADE_MOO\run_004,1.0,0.48525202210749635,1.0640475257183069,0.016903205684607268,0.7083333333333334,1.3404856384749613,0.11862224012383966
SP100,window_008,MetaDesigned_ECMADE_MOO,4,60,10,752,126,0.0283641289838372,0.0273641289838372,0.0575327817806861,0.0554770535227187,0.2522482950980202,0.3474535835692127,0.5693966908471609,-0.1409237180063498,1.0000000000000002,0.001,9.989975500036962,0.03210674757977424,-0.14092371800634984,8,8.55813953488372,9.0,172,p0_lite_outputs\p1_rolling_window_market_validation_20260719\raw_configured_ecmade\SP100\window_008\MetaDesigned_ECMADE_MOO\run_004,1.0000000000000002,0.24623684398859902,1.023620291887891,0.009794703993573033,0.9416666666666667,1.3366130417746185,0.06825439144817665
SP100,window_009,MetaDesigned_ECMADE_MOO,4,60,10,752,122,0.1612077208030413,0.1602077208030413,0.3616836329256341,0.3592625609138893,0.3125350761740537,1.144660031892682,1.5435823766736405,-0.1814379787931347,1.0,0.001,7.309659399907105,0.044784612138392875,-0.18143797879313472,10,9.225806451612904,10.0,155,p0_lite_outputs\p1_rolling_window_market_validation_20260719\raw_configured_ecmade\SP100\window_009\MetaDesigned_ECMADE_MOO\run_004,1.0,0.24130430453640653,1.055259722445049,0.010642022512909495,0.9583333333333334,1.3206263567697134,0.07957118815267321
SP100,window_010,MetaDesigned_ECMADE_MOO,4,60,10,750,126,0.1489162476496037,0.1479162476496037,0.3200085441132456,0.3177117116179466,0.1760491483139341,1.6661071350838406,2.37324827574467,-0.08602948207538,1.0000000000000002,0.001,10.04153559997212,0.02393058077848029,-0.08602948207538008,10,8.955974842767295,10.0,159,p0_lite_outputs\p1_rolling_window_market_validation_20260719\raw_configured_ecmade\SP100\window_010\MetaDesigned_ECMADE_MOO\run_004,1.0000000000000002,0.6568759264869231,1.0240288982521868,0.00943519857501146,0.9,1.4054635331541878,0.11062665699705487
SP100,window_011,MetaDesigned_ECMADE_MOO,4,60,10,751,123,0.0680275526997404,0.0670275526997404,0.1443508050756388,0.1421566926897439,0.2010115281775027,0.7712265447321316,1.3216241262578887,-0.1111094495225877,1.0,0.001,9.4096313000191,0.02303472705939928,-0.11110944952258772,10,9.441176470588236,10.0,170,p0_lite_outputs\p1_rolling_window_market_validation_20260719\raw_configured_ecmade\SP100\window_011\MetaDesigned_ECMADE_MOO\run_004,1.0,0.6200399067226895,0.9649489481782866,0.012568857352152251,0.875,1.3691549412688755,0.04590466155578525
SP100,window_001,MetaDesigned_ECMADE_MOO,5,60,10,755,124,0.0119667699829368,0.0109667699829368,0.0244697913733342,0.0224134737139358,0.3714519319025746,0.2499074274389578,0.3874951877132895,-0.2442990200497419,1.0,0.001,10.682624600012788,0.04992040571848317,-0.2442990200497419,10,9.355555555555556,10.0,225,p0_lite_outputs\p1_rolling_window_market_validation_20260719\raw_configured_ecmade\SP100\window_001\MetaDesigned_ECMADE_MOO\run_005,1.0,1.0,0.9804889795746458,0.009376106941722992,0.9333333333333333,1.3943421210393625,0.03277433597988165
SP100,window_002,MetaDesigned_ECMADE_MOO,5,60,10,755,126,0.2325794080566059,0.2315794080566059,0.519251997165173,0.5167878383490596,0.1896563609221199,2.301379930301763,4.003969306196173,-0.0815597203908485,1.0,0.001,10.320961899938991,0.0223961850778481,-0.08155972039084858,10,9.201149425287356,10.0,174,p0_lite_outputs\p1_rolling_window_market_validation_20260719\raw_configured_ecmade\SP100\window_002\MetaDesigned_ECMADE_MOO\run_005,1.0,0.6308651162711273,0.9518767158229984,0.0093742408346202,0.9916666666666667,1.4001761742361694,0.05623775500176541
SP100,window_003,MetaDesigned_ECMADE_MOO,5,60,10,756,124,-0.2486326590497727,-0.2496326590497727,-0.4406291070210515,-0.4421410241311889,0.4103721400536275,-1.2083159690429677,-2.04883192995318,-0.2748268895396892,1.0,0.001,10.708160399924964,0.05124619320844814,-0.27482688953968937,10,9.736434108527131,10.0,258,p0_lite_outputs\p1_rolling_window_market_validation_20260719\raw_configured_ecmade\SP100\window_003\MetaDesigned_ECMADE_MOO\run_005,1.0,0.3409030801216801,0.9255450228727694,0.014517897823192398,0.8583333333333333,1.2261013231061841,0.03611408482507566
SP100,window_004,MetaDesigned_ECMADE_MOO,5,60,10,756,125,-0.153530507919589,-0.154530507919589,-0.2853977138157475,-0.2870986299664114,0.3027430335856594,-0.957852638731538,-1.541961431066843,-0.2797562267572882,1.0,0.001,10.748565100017004,0.03795476400140484,-0.2797562267572883,10,9.567567567567568,10.0,296,p0_lite_outputs\p1_rolling_window_market_validation_20260719\raw_configured_ecmade\SP100\window_004\MetaDesigned_ECMADE_MOO\run_005,1.0,0.3645501136412744,0.922351742102125,0.006920920247770977,0.975,1.3359184293210027,0.01338640887375038
SP100,window_005,MetaDesigned_ECMADE_MOO,5,60,10,755,123,0.3335009769818897,0.3325009769818897,0.8033661455060073,0.8005965573794027,0.1889212044211344,3.219216198539678,5.286606942533034,-0.0874892660604347,1.0,0.001,10.210575200035237,0.02324262530366219,-0.08748926606043472,6,8.126315789473685,9.0,190,p0_lite_outputs\p1_rolling_window_market_validation_20260719\raw_configured_ecmade\SP100\window_005\MetaDesigned_ECMADE_MOO\run_005,1.0,0.35630968426942805,0.9828049126422801,0.007070498784770013,0.9833333333333333,1.3418688186017418,0.02652202085959259
SP100,window_006,MetaDesigned_ECMADE_MOO,5,60,10,753,125,0.109801305440127,0.108801305440127,0.233713696877458,0.2314736307219567,0.1641983660968764,1.3612433211478487,2.3396030975151696,-0.0890491385134937,1.0,0.001,9.566817199927756,0.01913867347601517,-0.08904913851349372,9,9.112781954887218,9.0,133,p0_lite_outputs\p1_rolling_window_market_validation_20260719\raw_configured_ecmade\SP100\window_006\MetaDesigned_ECMADE_MOO\run_005,1.0,0.36696128989424626,0.9972608174959251,0.017734140613147525,0.875,1.2596567061805632,0.05374239648155431
SP100,window_007,MetaDesigned_ECMADE_MOO,5,60,10,752,124,0.4555462619122861,0.4545462619122861,1.1444253383725118,1.1414323174839716,0.1734742792106743,4.490589690490687,8.095102274266976,-0.0668618354296225,1.0,0.001,10.140608199988492,0.018489630510003845,-0.06686183542962254,6,7.648148148148148,8.0,162,p0_lite_outputs\p1_rolling_window_market_validation_20260719\raw_configured_ecmade\SP100\window_007\MetaDesigned_ECMADE_MOO\run_005,1.0,0.4060916496328004,1.0800979815772027,0.006989496183285487,0.9916666666666667,1.3578686658484125,0.11862224012383966
SP100,window_008,MetaDesigned_ECMADE_MOO,5,60,10,752,126,0.0056357236347635,0.0046357236347635,0.0113032086504143,0.0092929372031451,0.2760425064643552,0.178213082696354,0.2905785560922483,-0.1653211346525497,1.0,0.001,10.08484339993447,0.034434292615332304,-0.16532113465254972,9,8.906040268456376,10.0,149,p0_lite_outputs\p1_rolling_window_market_validation_20260719\raw_configured_ecmade\SP100\window_008\MetaDesigned_ECMADE_MOO\run_005,1.0,0.2917488440962292,1.0157326178498838,0.013019732926261704,0.8,1.3620021735330434,0.06825439144817665
SP100,window_009,MetaDesigned_ECMADE_MOO,5,60,10,752,122,0.1156384938592041,0.1146384938592041,0.2536123901852665,0.2512924699813637,0.3013718928321029,0.9007206438670026,1.2261138901897342,-0.1868829657765056,0.9999999999999996,0.0009999999999999,9.492993899970315,0.04230902302274477,-0.18688296577650565,10,8.98473282442748,10.0,131,p0_lite_outputs\p1_rolling_window_market_validation_20260719\raw_configured_ecmade\SP100\window_009\MetaDesigned_ECMADE_MOO\run_005,0.9999999999999996,0.39949299543929767,1.0518891879005225,0.012630843869777393,0.9166666666666666,1.3141354494740576,0.07957118815267321
SP100,window_010,MetaDesigned_ECMADE_MOO,5,60,10,750,126,0.1237985361148592,0.1227985361148592,0.2629231497739006,0.2606765527016705,0.1736913714513487,1.431601135621967,2.039395234688396,-0.0753932558972023,1.0000000000000002,0.001,9.991221000091173,0.023543244385714014,-0.07539325589720236,9,9.165605095541402,10.0,157,p0_lite_outputs\p1_rolling_window_market_validation_20260719\raw_configured_ecmade\SP100\window_010\MetaDesigned_ECMADE_MOO\run_005,1.0000000000000002,0.8142341367589732,1.0197847019347306,0.01132266058694817,0.875,1.387469360460878,0.11062665699705487
SP100,window_011,MetaDesigned_ECMADE_MOO,5,60,10,751,123,0.0572875025541828,0.0562875025541828,0.1208986565919369,0.1187276895564182,0.2136075324999862,0.6410143499131854,1.1392799523642452,-0.1215738283430472,1.0,0.0009999999999999,9.739539899979718,0.02503069820930371,-0.1215738283430472,10,8.98421052631579,10.0,190,p0_lite_outputs\p1_rolling_window_market_validation_20260719\raw_configured_ecmade\SP100\window_011\MetaDesigned_ECMADE_MOO\run_005,1.0,0.5598047137474231,0.9760415265347284,0.0071793900629174455,0.9583333333333334,1.3520669947410136,0.04590466155578525
SP100,window_001,MetaDesigned_ECMADE_MOO,6,60,10,755,124,0.0212921126987799,0.0202921126987799,0.0437467024833764,0.0416708118843778,0.3684807461373057,0.2996458105910438,0.469133452650578,-0.2374374959748163,1.0,0.001,10.50571850000415,0.049422151404534924,-0.23743749597481634,7,9.454022988505747,10.0,174,p0_lite_outputs\p1_rolling_window_market_validation_20260719\raw_configured_ecmade\SP100\window_001\MetaDesigned_ECMADE_MOO\run_006,1.0,1.0,0.9512188341359162,0.043784055002389535,0.7083333333333334,1.045403964061544,0.03277433597988165
SP100,window_002,MetaDesigned_ECMADE_MOO,6,60,10,755,126,0.3379705838228783,0.3369705838228783,0.7901652831753341,0.7874903420076884,0.2256813915788125,2.695167871362965,5.05614236054351,-0.0910405029055555,1.0,0.001,10.188370000105351,0.02572000466179761,-0.09104050290555554,10,8.644444444444444,9.5,180,p0_lite_outputs\p1_rolling_window_market_validation_20260719\raw_configured_ecmade\SP100\window_002\MetaDesigned_ECMADE_MOO\run_006,1.0,0.5328050541521869,0.9537030941283864,0.007546311229145393,0.9916666666666667,1.378138922461914,0.05623775500176541
SP100,window_003,MetaDesigned_ECMADE_MOO,6,60,10,756,124,-0.2277594513429146,-0.2287594513429146,-0.4085959154618935,-0.4101512371164451,0.3766966374451652,-1.204220162820458,-2.036180083350065,-0.2547877234694946,1.0,0.001,11.16387459996622,0.046884169991485224,-0.2547877234694945,9,9.197986577181208,10.0,298,p0_lite_outputs\p1_rolling_window_market_validation_20260719\raw_configured_ecmade\SP100\window_003\MetaDesigned_ECMADE_MOO\run_006,1.0,0.3245670840262017,0.9384911479578147,0.007480196308668464,0.925,1.3145834899151463,0.03611408482507566
SP100,window_004,MetaDesigned_ECMADE_MOO,6,60,10,756,125,-0.1515817479920936,-0.1525817479920936,-0.2820771671453033,-0.2837820642599511,0.2985461971541467,-0.9600574557785596,-1.5560287043421002,-0.2743340859403188,1.0,0.001,10.753820099984296,0.037525351780686056,-0.27433408594031883,6,9.028753993610223,10.0,313,p0_lite_outputs\p1_rolling_window_market_validation_20260719\raw_configured_ecmade\SP100\window_004\MetaDesigned_ECMADE_MOO\run_006,1.0,0.3564496162818598,0.9271628514094608,0.0047649997285109285,1.0,1.3973875901574278,0.01338640887375038
SP100,window_005,MetaDesigned_ECMADE_MOO,6,60,10,755,123,0.4446906450244388,0.4436906450244388,1.1249250522452183,1.121912694690768,0.2068156497408115,3.753229708876496,6.453283651215503,-0.1044969975107433,1.0,0.001,10.218046399997547,0.023249875366375603,-0.10449699751074337,8,9.078947368421053,10.0,152,p0_lite_outputs\p1_rolling_window_market_validation_20260719\raw_configured_ecmade\SP100\window_005\MetaDesigned_ECMADE_MOO\run_006,1.0,0.2713256242370702,0.9748172857648795,0.010660341551039294,0.9333333333333333,1.3299972002136171,0.02652202085959259
SP100,window_006,MetaDesigned_ECMADE_MOO,6,60,10,753,125,0.1182549194085129,0.1172549194085129,0.2527323363376799,0.2504749252003144,0.1833714521307366,1.320109520877068,2.324633912305897,-0.100652400203005,1.0,0.001,9.765437499969266,0.021536804100573792,-0.10065240020300503,6,7.609589041095891,8.0,146,p0_lite_outputs\p1_rolling_window_market_validation_20260719\raw_configured_ecmade\SP100\window_006\MetaDesigned_ECMADE_MOO\run_006,1.0,0.3156675189798991,1.0082383838986653,0.010679229441990215,0.975,1.304816818494958,0.05374239648155431
SP100,window_007,MetaDesigned_ECMADE_MOO,6,60,10,752,124,0.4425080087624444,0.4415080087624444,1.1055681968997266,1.1026028567504698,0.1802399297385084,4.226854688339476,7.549679958015051,-0.0679564040818812,1.0,0.001,10.36972610000521,0.019527087753570795,-0.0679564040818812,9,8.68,10.0,125,p0_lite_outputs\p1_rolling_window_market_validation_20260719\raw_configured_ecmade\SP100\window_007\MetaDesigned_ECMADE_MOO\run_006,1.0,0.4310320988868051,1.0517439651456917,0.06467083141371963,0.6416666666666667,1.045523657533571,0.11862224012383966
SP100,window_008,MetaDesigned_ECMADE_MOO,6,60,10,752,126,0.0380249312375975,0.0370249312375975,0.077495757870819,0.0754207080083437,0.2496276467024437,0.4231240852532758,0.7017944671712208,-0.1381992809513328,1.0000000000000002,0.001,10.402807799982838,0.030505957298048014,-0.13819928095133283,10,9.265625,10.0,128,p0_lite_outputs\p1_rolling_window_market_validation_20260719\raw_configured_ecmade\SP100\window_008\MetaDesigned_ECMADE_MOO\run_006,1.0000000000000002,0.21353769161750197,0.995624551756772,0.023788048334751722,0.44166666666666665,1.3453177961543403,0.06825439144817665
SP100,window_009,MetaDesigned_ECMADE_MOO,6,60,10,752,122,0.1999228991500297,0.1989228991500297,0.4571258603006409,0.4546186453960612,0.3138141379386207,1.3575033561674703,1.811778058392459,-0.1933315699100632,1.0,0.001,10.089833899983203,0.0447733344060866,-0.19333156991006328,10,8.555555555555555,9.0,135,p0_lite_outputs\p1_rolling_window_market_validation_20260719\raw_configured_ecmade\SP100\window_009\MetaDesigned_ECMADE_MOO\run_006,1.0,0.3136983059635041,1.052446139382618,0.0125863354394896,0.9333333333333333,1.2253193810612482,0.07957118815267321
SP100,window_010,MetaDesigned_ECMADE_MOO,6,60,10,750,126,0.0805567577186137,0.0795567577186137,0.1676029066513629,0.1654427931359259,0.1777709830968766,0.9611407076945632,1.2786217884388211,-0.092359849717807,1.0,0.001,9.923763699945994,0.025583550269963062,-0.09235984971780709,7,9.393548387096773,10.0,155,p0_lite_outputs\p1_rolling_window_market_validation_20260719\raw_configured_ecmade\SP100\window_010\MetaDesigned_ECMADE_MOO\run_006,1.0,0.6320232580296237,1.0142723248797167,0.01446799955571427,0.7583333333333333,1.387299394751695,0.11062665699705487
SP100,window_011,MetaDesigned_ECMADE_MOO,6,60,10,751,123,0.1213704422768564,0.1203704422768564,0.2645179385198715,0.2622087032378657,0.2108764076163616,1.218576599294416,2.14014439820802,-0.1247765206662095,1.0000000000000002,0.001,9.676943199941888,0.02435187068311372,-0.12477652066620937,9,9.370588235294118,10.0,170,p0_lite_outputs\p1_rolling_window_market_validation_20260719\raw_configured_ecmade\SP100\window_011\MetaDesigned_ECMADE_MOO\run_006,1.0000000000000002,0.47034809237188263,0.9614140467615675,0.014914220472606873,0.8583333333333333,1.2753917619681203,0.04590466155578525
SP100,window_001,MetaDesigned_ECMADE_MOO,7,60,10,755,124,0.0292758092025788,0.0282758092025788,0.0603952705684815,0.0583026184223569,0.3383818690120843,0.3417774481674303,0.5219246295440897,-0.226597070805865,1.0,0.001,11.020520700025372,0.045014312598687475,-0.226597070805865,8,9.381578947368421,10.0,228,p0_lite_outputs\p1_rolling_window_market_validation_20260719\raw_configured_ecmade\SP100\window_001\MetaDesigned_ECMADE_MOO\run_007,1.0,1.0,0.9754449769464071,0.013010276491725866,0.9,1.3538078722271218,0.03277433597988165
SP100,window_002,MetaDesigned_ECMADE_MOO,7,60,10,755,126,0.2691334990735907,0.2681334990735907,0.610699838470776,0.6081625714726284,0.2015806387694007,2.466929021541909,4.407985942811559,-0.0876267873762944,1.0,0.001,10.38032359990757,0.02262451403369391,-0.08762678737629448,9,6.6603053435114505,7.0,262,p0_lite_outputs\p1_rolling_window_market_validation_20260719\raw_configured_ecmade\SP100\window_002\MetaDesigned_ECMADE_MOO\run_007,1.0,0.661328821826244,0.9597506288348804,0.005050753680791004,1.0,1.4023867157411554,0.05623775500176541
SP100,window_003,MetaDesigned_ECMADE_MOO,7,60,10,756,124,-0.2350278040084414,-0.2360278040084414,-0.4198531551547857,-0.4213933583688364,0.3873578427728711,-1.2100007485558186,-2.0412049763510702,-0.2642773221042233,1.0,0.001,12.944082600064576,0.04834528936423813,-0.2642773221042233,10,8.98159509202454,9.0,326,p0_lite_outputs\p1_rolling_window_market_validation_20260719\raw_configured_ecmade\SP100\window_003\MetaDesigned_ECMADE_MOO\run_007,1.0,0.26185037243943277,0.9365014739739006,0.007561287419624332,0.9333333333333333,1.3183278129722023,0.03611408482507566
SP100,window_004,MetaDesigned_ECMADE_MOO,7,60,10,756,125,-0.1402519519809294,-0.1412519519809294,-0.2626183325495682,-0.2643463772770144,0.2909971568228988,-0.9008556527121836,-1.467335462263883,-0.2615180688509643,1.0,0.001,10.69395650003571,0.03661967445363079,-0.2615180688509642,10,8.961538461538462,10.0,364,p0_lite_outputs\p1_rolling_window_market_validation_20260719\raw_configured_ecmade\SP100\window_004\MetaDesigned_ECMADE_MOO\run_007,1.0,0.32022432089054187,0.9259350521420338,0.0050390667824366,0.9916666666666667,1.3769346394448911,0.01338640887375038
SP100,window_005,MetaDesigned_ECMADE_MOO,7,60,10,755,123,0.4221932007912956,0.4211932007912956,1.0576835758008372,1.0547204147129476,0.1967357958637565,3.771290657415287,6.235388210636596,-0.097616479316106,1.0,0.0009999999999999,10.580437499913389,0.022514360237411817,-0.09761647931610606,7,8.410596026490067,9.0,151,p0_lite_outputs\p1_rolling_window_market_validation_20260719\raw_configured_ecmade\SP100\window_005\MetaDesigned_ECMADE_MOO\run_007,1.0,0.31281909536920743,0.9763413977067789,0.009502962395518792,0.975,1.3612491715447437,0.02652202085959259
SP100,window_006,MetaDesigned_ECMADE_MOO,7,60,10,753,125,0.1113064384254236,0.1103064384254236,0.2370891623231947,0.2348460081156325,0.1730450531989918,1.3160898450387573,2.234570152635321,-0.0981054754045639,1.0000000000000002,0.001,9.861208300106227,0.020096622138458465,-0.09810547540456394,9,8.586666666666666,9.0,150,p0_lite_outputs\p1_rolling_window_market_validation_20260719\raw_configured_ecmade\SP100\window_006\MetaDesigned_ECMADE_MOO\run_007,1.0000000000000002,0.4090680797421068,1.007511358242643,0.010281087319657116,0.975,1.3384754268239456,0.05374239648155431
SP100,window_007,MetaDesigned_ECMADE_MOO,7,60,10,752,124,0.421178245863129,0.420178245863129,1.0427783619249231,1.0398582882879883,0.1684338417372034,4.330738356516548,7.946012380974362,-0.0631888484349062,1.0,0.001,11.367612099973485,0.01798582780930192,-0.06318884843490624,8,7.312820512820513,7.0,195,p0_lite_outputs\p1_rolling_window_market_validation_20260719\raw_configured_ecmade\SP100\window_007\MetaDesigned_ECMADE_MOO\run_007,1.0,0.46795245556795484,1.0809225243342828,0.008131547457015274,0.9666666666666667,1.2916062174568101,0.11862224012383966
SP100,window_008,MetaDesigned_ECMADE_MOO,7,60,10,752,126,-0.014779519365939,-0.015779519365939,-0.0293406045391898,-0.031310045500458,0.2512449324580914,0.0065665258197359,0.0103862604655217,-0.1404807094160376,1.0,0.001,10.53916000004392,0.031205163130590494,-0.14048070941603763,9,7.597560975609756,9.0,164,p0_lite_outputs\p1_rolling_window_market_validation_20260719\raw_configured_ecmade\SP100\window_008\MetaDesigned_ECMADE_MOO\run_007,1.0,0.18279148410543855,1.025961046546073,0.008555113587334406,0.9416666666666667,1.378382857632643,0.06825439144817665
SP100,window_009,MetaDesigned_ECMADE_MOO,7,60,10,752,122,0.1433040572781969,0.1423040572781969,0.3186737901560106,0.3162924912500926,0.3031982122004529,1.0643950499998245,1.387189125598594,-0.1964540146879547,1.0,0.001,9.547592799994163,0.04321973774186495,-0.19645401468795487,7,9.2,10.0,140,p0_lite_outputs\p1_rolling_window_market_validation_20260719\raw_configured_ecmade\SP100\window_009\MetaDesigned_ECMADE_MOO\run_007,1.0,0.1731686455876839,1.0490479456019033,0.013244451671411096,0.925,1.3595249544448649,0.07957118815267321
SP100,window_010,MetaDesigned_ECMADE_MOO,7,60,10,750,126,0.0836564589297659,0.0826564589297659,0.1743113209801994,0.1721450080623396,0.2123099752417881,0.8629397676017216,1.2607213362463632,-0.1319884028386378,1.0,0.001,9.975752700003795,0.02853432784818904,-0.13198840283863789,7,8.234177215189874,10.0,158,p0_lite_outputs\p1_rolling_window_market_validation_20260719\raw_configured_ecmade\SP100\window_010\MetaDesigned_ECMADE_MOO\run_007,1.0,0.728394025396668,1.0267202789106822,0.008835683292659846,0.95,1.3941631699452919,0.11062665699705487
SP100,window_011,MetaDesigned_ECMADE_MOO,7,60,10,751,123,0.0693512554445774,0.0683512554445774,0.1472584729224404,0.1450615071016237,0.2182943506080662,0.7382888220269999,1.2540959269091192,-0.1356462480858067,1.0,0.001,9.509375999914482,0.02580694391079204,-0.13564624808580672,10,9.577181208053691,10.0,149,p0_lite_outputs\p1_rolling_window_market_validation_20260719\raw_configured_ecmade\SP100\window_011\MetaDesigned_ECMADE_MOO\run_007,1.0,0.4641079349155962,0.9628569571147493,0.01351200623971192,0.7833333333333333,1.3619445223915267,0.04590466155578525
SP100,window_001,MetaDesigned_ECMADE_MOO,8,60,10,755,124,0.0342064494834954,0.0332064494834954,0.0707440873532225,0.0686410813677751,0.3442331267372666,0.3700043716242618,0.5740340236432143,-0.222978423223101,1.0,0.001,10.647207100060768,0.045810793359870504,-0.22297842322310124,8,9.700460829493087,10.0,217,p0_lite_outputs\p1_rolling_window_market_validation_20260719\raw_configured_ecmade\SP100\window_001\MetaDesigned_ECMADE_MOO\run_008,1.0,1.0,0.9795028991254733,0.009544247504319255,0.8916666666666667,1.3695560638937267,0.03277433597988165
SP100,window_002,MetaDesigned_ECMADE_MOO,8,60,10,755,126,0.3118284619099198,0.3108284619099198,0.7208939134769461,0.7182712565531266,0.2124460259652159,2.6634458349657275,4.811693265387805,-0.0893384994159431,1.0,0.0009999999999999,10.2910732999444,0.024335229876376485,-0.08933849941594318,7,9.207100591715976,10.0,169,p0_lite_outputs\p1_rolling_window_market_validation_20260719\raw_configured_ecmade\SP100\window_002\MetaDesigned_ECMADE_MOO\run_008,1.0,0.6014474877711856,0.9478884359233875,0.010645633055288529,0.9333333333333333,1.3788110942263123,0.05623775500176541
SP100,window_003,MetaDesigned_ECMADE_MOO,8,60,10,756,124,-0.270040555964518,-0.271040555964518,-0.4725421682781467,-0.4740096094178703,0.4118773167899419,-1.3446919697220092,-2.3263530862231807,-0.2852344448606816,1.0,0.001,7.501213699928485,0.05156900649938672,-0.2852344448606816,10,8.680272108843537,9.0,294,p0_lite_outputs\p1_rolling_window_market_validation_20260719\raw_configured_ecmade\SP100\window_003\MetaDesigned_ECMADE_MOO\run_008,1.0,0.3255649171121226,0.942224746661754,0.005428106711924739,0.9666666666666667,1.3648466866107476,0.03611408482507566
SP100,window_004,MetaDesigned_ECMADE_MOO,8,60,10,756,125,-0.1482254396567984,-0.1492254396567984,-0.2763400719665617,-0.2780518257549503,0.2943407290772933,-0.9510172493396416,-1.5440405938537192,-0.2705456132035151,1.0,0.001,10.601871600025332,0.03712098245428092,-0.2705456132035151,6,8.80817610062893,10.0,318,p0_lite_outputs\p1_rolling_window_market_validation_20260719\raw_configured_ecmade\SP100\window_004\MetaDesigned_ECMADE_MOO\run_008,1.0,0.42969179859481155,0.9267062154444777,0.005114422441446096,0.9833333333333333,1.3784573525915313,0.01338640887375038
SP100,window_005,MetaDesigned_ECMADE_MOO,8,60,10,755,123,0.4024281787392714,0.4014281787392714,0.999521910785963,0.9966019397111467,0.1948994867522854,3.657446430664427,6.238484554653245,-0.0935499190970561,1.0,0.001,10.68019290000666,0.022489201139974244,-0.09354991909705612,10,8.077380952380953,8.5,168,p0_lite_outputs\p1_rolling_window_market_validation_20260719\raw_configured_ecmade\SP100\window_005\MetaDesigned_ECMADE_MOO\run_008,1.0,0.3418009864599084,0.9807272180894432,0.007708836414912975,0.9916666666666667,1.3378802820209326,0.02652202085959259
SP100,window_006,MetaDesigned_ECMADE_MOO,8,60,10,753,125,0.086467169751484,0.085467169751484,0.1819782388148536,0.1797860382197644,0.15341010048828,1.1667741471266015,1.8132619961768808,-0.0919110176504901,1.0,0.001,9.903024600003846,0.01937981673264211,-0.09191101765049015,10,8.202247191011235,8.0,178,p0_lite_outputs\p1_rolling_window_market_validation_20260719\raw_configured_ecmade\SP100\window_006\MetaDesigned_ECMADE_MOO\run_008,1.0,0.5704475919421278,1.0135737820264528,0.006324126162625811,0.9833333333333333,1.3779545438679976,0.05374239648155431
SP100,window_007,MetaDesigned_ECMADE_MOO,8,60,10,752,124,0.4018417369688216,0.4008417369688216,0.9866904196264376,0.9838113634390176,0.1776794269607831,3.9571675055455655,7.252998308821556,-0.0647404166839659,1.0,0.001,8.878889099927619,0.01911371125414863,-0.0647404166839659,8,8.744525547445255,10.0,137,p0_lite_outputs\p1_rolling_window_market_validation_20260719\raw_configured_ecmade\SP100\window_007\MetaDesigned_ECMADE_MOO\run_008,1.0,0.5028821645251543,1.0717359080410835,0.011720961698077495,0.85,1.3723968011294267,0.11862224012383966
SP100,window_008,MetaDesigned_ECMADE_MOO,8,60,10,752,126,0.0151058899590135,0.0141058899590135,0.0304399678294808,0.0284107560495625,0.2686004301397094,0.2452840621892877,0.4059056128324164,-0.1513043810457203,1.0,0.001,10.030783100053668,0.03334289274828183,-0.1513043810457203,10,8.081521739130435,9.0,184,p0_lite_outputs\p1_rolling_window_market_validation_20260719\raw_configured_ecmade\SP100\window_008\MetaDesigned_ECMADE_MOO\run_008,1.0,0.1888593037596183,1.0291241501147324,0.006493461811811328,1.0,1.3884713620752982,0.06825439144817665
SP100,window_009,MetaDesigned_ECMADE_MOO,8,60,10,752,122,0.1056193035353036,0.1046193035353036,0.2304688102363594,0.2281710940761103,0.289104264494499,0.8622071226088821,1.1325304703046737,-0.1814515886203264,1.0,0.001,10.100060099968688,0.041695902572087884,-0.1814515886203264,8,7.025454545454545,7.0,275,p0_lite_outputs\p1_rolling_window_market_validation_20260719\raw_configured_ecmade\SP100\window_009\MetaDesigned_ECMADE_MOO\run_008,1.0,0.170284099594818,1.0359701288946694,0.02099774065417551,0.5666666666666667,1.3467839213654194,0.07957118815267321
SP100,window_010,MetaDesigned_ECMADE_MOO,8,60,10,750,126,0.1129803548998356,0.1119803548998356,0.2387252703929641,0.2365003096831646,0.1804672497478815,1.277163808014416,1.8192617467473515,-0.0871733246558372,1.0,0.001,10.665766099933537,0.02491215830747175,-0.08717332465583727,10,5.4460227272727275,5.0,352,p0_lite_outputs\p1_rolling_window_market_validation_20260719\raw_configured_ecmade\SP100\window_010\MetaDesigned_ECMADE_MOO\run_008,1.0,0.8091278728672016,1.0293651195685367,0.006897351427863985,0.9833333333333333,1.400114310987601,0.11062665699705487
SP100,window_011,MetaDesigned_ECMADE_MOO,8,60,10,751,123,0.0916820304557861,0.0906820304557861,0.1968801731040366,0.1946350442069899,0.2214473459564584,0.9222119630932027,1.6049095456979985,-0.1303538962611717,1.0,0.001,9.669257399975322,0.025352613146553078,-0.13035389626117178,8,9.272727272727273,10.0,143,p0_lite_outputs\p1_rolling_window_market_validation_20260719\raw_configured_ecmade\SP100\window_011\MetaDesigned_ECMADE_MOO\run_008,1.0,0.512318218658683,0.9591236012730008,0.01524200115836415,0.8,1.2737574196610824,0.04590466155578525
SP100,window_001,MetaDesigned_ECMADE_MOO,9,60,10,755,124,0.0094196012806393,0.0084196012806393,0.0192361384586949,0.0171851660357844,0.3810145845744389,0.2395622822037945,0.3760671928503432,-0.2501227281652319,1.0,0.001,10.379762300057337,0.05114981116260413,-0.25012272816523207,7,8.80084745762712,10.0,236,p0_lite_outputs\p1_rolling_window_market_validation_20260719\raw_configured_ecmade\SP100\window_001\MetaDesigned_ECMADE_MOO\run_009,1.0,1.0,0.9861128911807847,0.006516353031658473,0.975,1.3802117671569623,0.03277433597988165
SP100,window_002,MetaDesigned_ECMADE_MOO,9,60,10,755,126,0.2679459366124672,0.2669459366124672,0.6076868981720669,0.605152006298842,0.2047325544045006,2.422905991417398,4.50241654646784,-0.0891278018089108,1.0,0.001,10.028231300064364,0.02355273605403253,-0.08912780180891122,9,8.99438202247191,10.0,178,p0_lite_outputs\p1_rolling_window_market_validation_20260719\raw_configured_ecmade\SP100\window_002\MetaDesigned_ECMADE_MOO\run_009,1.0,0.6236592355133845,0.94148413256652,0.012872844673001534,0.8083333333333333,1.3609672671831015,0.05623775500176541
SP100,window_003,MetaDesigned_ECMADE_MOO,9,60,10,756,124,-0.2531327996306035,-0.2541327996306035,-0.44741657803197,-0.4489191424407819,0.407000161711107,-1.251736128694502,-2.173023680622351,-0.2775216874406899,1.0,0.001,10.876557199982926,0.05029657453317687,-0.27752168744068995,9,9.211805555555555,10.0,288,p0_lite_outputs\p1_rolling_window_market_validation_20260719\raw_configured_ecmade\SP100\window_003\MetaDesigned_ECMADE_MOO\run_009,1.0,0.3675466035557679,0.9400345772660211,0.006048166323654996,0.9916666666666667,1.382256125710843,0.03611408482507566
SP100,window_004,MetaDesigned_ECMADE_MOO,9,60,10,756,125,-0.1450939804901164,-0.1460939804901164,-0.2709665690144105,-0.2726847205174785,0.298377140884465,-0.9093921638295231,-1.4878180489060673,-0.2640987620375882,1.0,0.001,10.458926899940709,0.037107037860801585,-0.2640987620375882,8,9.337386018237082,10.0,329,p0_lite_outputs\p1_rolling_window_market_validation_20260719\raw_configured_ecmade\SP100\window_004\MetaDesigned_ECMADE_MOO\run_009,1.0,0.40310618068963344,0.9263944065664778,0.005100661044984284,0.975,1.3776311527898537,0.01338640887375038
SP100,window_005,MetaDesigned_ECMADE_MOO,9,60,10,755,123,0.5010415435112163,0.5000415435112163,1.2982112531215342,1.295075506825237,0.201497474003489,4.237109521838719,6.884749714513059,-0.1115407235721259,1.0,0.001,10.500477300025524,0.02359635285001021,-0.11154072357212597,9,8.016666666666667,8.0,180,p0_lite_outputs\p1_rolling_window_market_validation_20260719\raw_configured_ecmade\SP100\window_005\MetaDesigned_ECMADE_MOO\run_009,1.0,0.20485296517864957,0.9781887008808462,0.008460509644631029,0.9916666666666667,1.4097581470363647,0.02652202085959259
SP100,window_006,MetaDesigned_ECMADE_MOO,9,60,10,753,125,0.108815113328651,0.107815113328651,0.2315045473367984,0.2292665044961164,0.1621827246205536,1.3652875448086106,2.233692972890438,-0.0887629199226893,1.0,0.001,9.798947500064967,0.01982456406849554,-0.08876291992268937,10,9.120805369127517,10.0,149,p0_lite_outputs\p1_rolling_window_market_validation_20260719\raw_configured_ecmade\SP100\window_006\MetaDesigned_ECMADE_MOO\run_009,1.0,0.5217801536601285,1.0045734336134031,0.01317882080361856,0.9333333333333333,1.3023546087823632,0.05374239648155431
SP100,window_007,MetaDesigned_ECMADE_MOO,9,60,10,752,124,0.405899450683187,0.404899450683187,0.998394568223748,0.99550690614151,0.1617509376952958,4.366709935923302,8.076275856824505,-0.061348227733979,1.0,0.001,9.985582199995406,0.016838427013605006,-0.06134822773397908,10,9.040650406504065,10.0,123,p0_lite_outputs\p1_rolling_window_market_validation_20260719\raw_configured_ecmade\SP100\window_007\MetaDesigned_ECMADE_MOO\run_009,1.0,0.49397518568965726,1.0611381972774967,0.016990292927983673,0.6166666666666667,1.3305315590824531,0.11862224012383966
SP100,window_008,MetaDesigned_ECMADE_MOO,9,60,10,752,126,-0.0214385066547961,-0.0224385066547961,-0.0424174037420046,-0.0443735267286949,0.2472179414718712,-0.0521360766077384,-0.0811008019744482,-0.1409727113488954,1.0,0.001,7.014416099991649,0.031587151691778094,-0.14097271134889544,8,9.050955414012739,10.0,157,p0_lite_outputs\p1_rolling_window_market_validation_20260719\raw_configured_ecmade\SP100\window_008\MetaDesigned_ECMADE_MOO\run_009,1.0,0.1871694719950801,1.0082432326172839,0.017345960825526842,0.675,1.3229223394007843,0.06825439144817665
SP100,window_009,MetaDesigned_ECMADE_MOO,9,60,10,752,122,0.1910525060527084,0.1900525060527084,0.4349636187222334,0.4324761571353384,0.2869268188910064,1.4032820275134206,1.7817411841344626,-0.1787218358913439,1.0,0.001,9.573195899953134,0.04046068812377783,-0.17872183589134416,8,8.946308724832214,10.0,149,p0_lite_outputs\p1_rolling_window_market_validation_20260719\raw_configured_ecmade\SP100\window_009\MetaDesigned_ECMADE_MOO\run_009,1.0,0.3557810245682449,1.0394347746147716,0.03248200516862235,0.8916666666666667,1.092775542522578,0.07957118815267321
SP100,window_010,MetaDesigned_ECMADE_MOO,9,60,10,750,126,0.114121849225,0.113121849225,0.2412674949205335,0.2390402512220839,0.1797438090479769,1.293084825154692,1.8554440990514696,-0.0948436245170161,1.0,0.001,9.76512019999791,0.024788476631211316,-0.09484362451701611,9,9.405063291139241,10.0,158,p0_lite_outputs\p1_rolling_window_market_validation_20260719\raw_configured_ecmade\SP100\window_010\MetaDesigned_ECMADE_MOO\run_009,1.0,0.6019271702751933,1.0129864764643057,0.01717863074274594,0.7583333333333333,1.3152728585228242,0.11062665699705487
SP100,window_011,MetaDesigned_ECMADE_MOO,9,60,10,751,123,0.0954613768676222,0.0944613768676222,0.2053847829324258,0.2031314979452119,0.2178986389307895,0.9662417507717406,1.662055515543411,-0.1311120797493906,1.0,0.001,9.729701400035992,0.026231332121043394,-0.13111207974939065,10,9.751412429378531,10.0,177,p0_lite_outputs\p1_rolling_window_market_validation_20260719\raw_configured_ecmade\SP100\window_011\MetaDesigned_ECMADE_MOO\run_009,1.0,0.5516517407831019,0.9620564976518665,0.013544040563617524,0.8166666666666667,1.3320916505649627,0.04590466155578525
SP100,window_001,MetaDesigned_ECMADE_MOO,10,60,10,755,124,0.007345611738037,0.006345611738037,0.0149847801130558,0.0129381596381485,0.3849328278843349,0.2297865217863063,0.363006786629721,-0.2524927543446976,1.0,0.001,10.175549300038256,0.05074751203257272,-0.25249275434469753,5,9.077319587628866,10.0,194,p0_lite_outputs\p1_rolling_window_market_validation_20260719\raw_configured_ecmade\SP100\window_001\MetaDesigned_ECMADE_MOO\run_010,1.0,1.0,0.9805047089314843,0.009744791025490255,0.95,1.3973261295071804,0.03277433597988165
SP100,window_002,MetaDesigned_ECMADE_MOO,10,60,10,755,126,0.2266889656530217,0.2256889656530217,0.5047658184548804,0.5023134405235747,0.1813460180200749,2.345458257654127,3.953202365140208,-0.0781104647615966,1.0,0.001,10.183743700035848,0.02106242217279512,-0.07811046476159667,8,9.194285714285714,10.0,175,p0_lite_outputs\p1_rolling_window_market_validation_20260719\raw_configured_ecmade\SP100\window_002\MetaDesigned_ECMADE_MOO\run_010,1.0,0.6636173556241739,0.9491053961327651,0.009736177723551101,0.9416666666666667,1.3796120052341443,0.05623775500176541
SP100,window_003,MetaDesigned_ECMADE_MOO,10,60,10,756,124,-0.2517905949578326,-0.2527905949578326,-0.4453965624764424,-0.4469019162170013,0.3974306139157912,-1.282450320069059,-2.2279205611213797,-0.270962631203778,0.9999999999999998,0.0009999999999999,11.13666129997,0.049224307153355185,-0.27096263120377806,10,8.571014492753623,9.0,345,p0_lite_outputs\p1_rolling_window_market_validation_20260719\raw_configured_ecmade\SP100\window_003\MetaDesigned_ECMADE_MOO\run_010,0.9999999999999998,0.2833366849166415,0.9440313151927244,0.004879515664184857,0.9916666666666667,1.4001540893939914,0.03611408482507566
SP100,window_004,MetaDesigned_ECMADE_MOO,10,60,10,756,125,-0.1121914117353728,-0.1131914117353728,-0.2132952122259098,-0.2150806076122999,0.2769798245234075,-0.7274051640589188,-1.22607458431271,-0.2265913066563571,1.0,0.0009999999999999,10.60030709998682,0.034301030714753176,-0.22659130665635718,10,9.166134185303514,10.0,313,p0_lite_outputs\p1_rolling_window_market_validation_20260719\raw_configured_ecmade\SP100\window_004\MetaDesigned_ECMADE_MOO\run_010,1.0,0.37470852748322653,0.9245623875488597,0.005951271482249857,0.9833333333333333,1.3789177764802993,0.01338640887375038
SP100,window_005,MetaDesigned_ECMADE_MOO,10,60,10,755,123,0.4592282900411344,0.4582282900411344,1.1689647463930322,1.1659205786000215,0.2036964278591944,3.908575625789216,6.670519538629698,-0.0970914175209122,1.0,0.001,10.170448299963027,0.02290657299927662,-0.09709141752091222,8,7.88135593220339,8.0,177,p0_lite_outputs\p1_rolling_window_market_validation_20260719\raw_configured_ecmade\SP100\window_005\MetaDesigned_ECMADE_MOO\run_010,1.0,0.24202307442499238,0.9818457450509427,0.007129065660360983,0.9916666666666667,1.341236066048653,0.02652202085959259
SP100,window_006,MetaDesigned_ECMADE_MOO,10,60,10,753,125,0.0940362055824375,0.0930362055824375,0.1986375982710737,0.1964298730186278,0.1530289870486569,1.2608585363656042,1.947472165642261,-0.0890300886649109,1.0,0.001,9.968252600054257,0.019477614865245657,-0.08903008866491091,9,8.716049382716049,10.0,162,p0_lite_outputs\p1_rolling_window_market_validation_20260719\raw_configured_ecmade\SP100\window_006\MetaDesigned_ECMADE_MOO\run_010,1.0,0.6014916148424946,1.0080351022761107,0.010194689958062227,0.9666666666666667,1.3226877956795557,0.05374239648155431
SP100,window_007,MetaDesigned_ECMADE_MOO,10,60,10,752,124,0.4524167813439335,0.4514167813439335,1.1350658126984303,1.132079436556329,0.171922551033014,4.504047892914239,7.958334672208614,-0.0645323131944748,1.0,0.001,11.135938900057226,0.018926096790001654,-0.06453231319447483,8,6.082621082621083,6.0,351,p0_lite_outputs\p1_rolling_window_market_validation_20260719\raw_configured_ecmade\SP100\window_007\MetaDesigned_ECMADE_MOO\run_010,1.0,0.32998168526607263,1.0825761036099382,0.0059023865618104574,0.9666666666666667,1.3209387130436876,0.11862224012383966
SP100,window_008,MetaDesigned_ECMADE_MOO,10,60,10,752,126,0.0427997459602598,0.0417997459602598,0.0874313101747823,0.085346710682862,0.2715487499308373,0.443498748765506,0.7484263819610144,-0.1403098269949303,1.0,0.001,6.979153600055724,0.03322879603676411,-0.14030982699493033,7,8.473684210526315,10.0,152,p0_lite_outputs\p1_rolling_window_market_validation_20260719\raw_configured_ecmade\SP100\window_008\MetaDesigned_ECMADE_MOO\run_010,1.0,0.2581845281535826,1.019901696673259,0.011794715361861188,0.8333333333333334,1.3962658044527894,0.06825439144817665
SP100,window_009,MetaDesigned_ECMADE_MOO,10,60,10,752,122,0.0992467667150724,0.0982467667150724,0.2158644505949307,0.213580850082778,0.2935282955490215,0.8128911103885264,1.0772582114796978,-0.1854991132565538,1.0,0.001,9.8640996000031,0.042417845807783475,-0.18549911325655388,9,7.769230769230769,9.0,169,p0_lite_outputs\p1_rolling_window_market_validation_20260719\raw_configured_ecmade\SP100\window_009\MetaDesigned_ECMADE_MOO\run_010,1.0,0.2055798106387567,1.0579259258645368,0.009466414044845372,0.9833333333333333,1.37451874067254,0.07957118815267321
SP100,window_010,MetaDesigned_ECMADE_MOO,10,60,10,750,126,0.133198339507746,0.132198339507746,0.284138476663113,0.2818730799840976,0.1662703400604559,1.5882098913077232,2.117079051422993,-0.0764324298180297,1.0,0.001,9.931263700011186,0.024990796192372582,-0.07643242981802989,10,9.452830188679245,10.0,159,p0_lite_outputs\p1_rolling_window_market_validation_20260719\raw_configured_ecmade\SP100\window_010\MetaDesigned_ECMADE_MOO\run_010,1.0,0.8163361669094873,1.00777741886927,0.017249129810393015,0.5916666666666667,1.388766592853872,0.11062665699705487
SP100,window_011,MetaDesigned_ECMADE_MOO,10,60,10,751,123,0.1112472699868918,0.1102472699868918,0.2412409148142535,0.2389535479841891,0.2152455756054177,1.1117665881463334,2.0117211709867373,-0.1211407191830733,1.0,0.001,9.74895929999184,0.02505367228161547,-0.12114071918307323,10,8.85,10.0,180,p0_lite_outputs\p1_rolling_window_market_validation_20260719\raw_configured_ecmade\SP100\window_011\MetaDesigned_ECMADE_MOO\run_010,1.0,0.4904566898775988,0.9713664849232098,0.009831964140638284,0.925,1.3814626362129805,0.04590466155578525
TAIWAN50,window_001,BayesianConfig_ECMADE_MOO,1,49,10,730,115,0.3284951689841098,0.3274951689841098,0.8634565007223942,0.8603841752393997,0.2709444988039641,2.434598957648724,4.476985076826528,-0.1378777537770673,1.0,0.001,11.359458100050688,0.030873402082455786,-0.13787775377706735,10,9.657692307692308,10.0,260,p0_lite_outputs\p1_rolling_window_market_validation_20260719\raw_configured_ecmade\TAIWAN50\window_001\BayesianConfig_ECMADE_MOO\run_001,1.0,1.0,1.0664095480176319,0.045053954577771074,0.85,1.021829772798752,0.02926416264417699
TAIWAN50,window_002,BayesianConfig_ECMADE_MOO,1,49,10,729,126,0.0193653420504469,0.0183653420504469,0.0391057005736246,0.0370679698895235,0.3420291587690195,0.2836831591921659,0.4266984333411601,-0.2658023287460976,1.0,0.001,10.649228599970227,0.0444152558960677,-0.26580232874609766,10,9.532679738562091,10.0,306,p0_lite_outputs\p1_rolling_window_market_validation_20260719\raw_configured_ecmade\TAIWAN50\window_002\BayesianConfig_ECMADE_MOO\run_001,1.0,0.7057091245964544,0.9846850619973009,0.0075312584721290605,0.95,1.146144200063228,0.013748465332788479
TAIWAN50,window_003,BayesianConfig_ECMADE_MOO,1,49,10,728,117,-0.2842775329060649,-0.2852775329060649,-0.5134333665339399,-0.5148964266260239,0.2633990114954701,-2.5987020595736814,-3.82442451087739,-0.2888800562323708,1.0,0.001,10.577097399975171,0.03858813912795626,-0.2888800562323708,10,8.523529411764706,10.0,340,p0_lite_outputs\p1_rolling_window_market_validation_20260719\raw_configured_ecmade\TAIWAN50\window_003\BayesianConfig_ECMADE_MOO\run_001,1.0,0.6038966136256553,1.068798633469631,0.007943649646769406,0.95,1.1796267249349854,0.031688255011085756
TAIWAN50,window_004,BayesianConfig_ECMADE_MOO,1,49,10,730,127,-0.0111276659789655,-0.0121276659789655,-0.0219591707349076,-0.0239207117376627,0.1861133305122122,-0.026046202035536,-0.0398135197172052,-0.1845139391355429,1.0,0.001,10.270913599990308,0.026280739605296272,-0.18451393913554293,10,9.382059800664452,10.0,301,p0_lite_outputs\p1_rolling_window_market_validation_20260719\raw_configured_ecmade\TAIWAN50\window_004\BayesianConfig_ECMADE_MOO\run_001,1.0,0.4373319927159337,1.0702723024809975,0.021447661950671097,0.8916666666666667,1.1519517874250287,0.029114143087230503
TAIWAN50,window_005,BayesianConfig_ECMADE_MOO,1,49,10,733,112,0.2999321972056492,0.2989321972056492,0.8043532927165586,0.8012317121324306,0.140144107733652,4.286293021339903,7.623096723239071,-0.0410128758718799,1.0,0.001,5.828143299906515,0.015334057544692413,-0.04101287587187996,10,9.556291390728477,10.0,302,p0_lite_outputs\p1_rolling_window_market_validation_20260719\raw_configured_ecmade\TAIWAN50\window_005\BayesianConfig_ECMADE_MOO\run_001,1.0,0.19852018842311947,1.0016719200288509,0.027555462523252562,0.9,1.0490141340739745,0.039002145247642735
TAIWAN50,window_006,BayesianConfig_ECMADE_MOO,1,49,10,729,125,0.1747765171531747,0.1737765171531747,0.3836613107467788,0.3812878763607776,0.2910119590599609,1.26250155797995,1.805814824480889,-0.1834924827843452,1.0,0.001,6.78637839993462,0.041361691063709086,-0.18349248278434527,10,8.769470404984423,10.0,321,p0_lite_outputs\p1_rolling_window_market_validation_20260719\raw_configured_ecmade\TAIWAN50\window_006\BayesianConfig_ECMADE_MOO\run_001,1.0,0.6538172879898408,1.0577883960583947,0.0043768164047762554,0.9916666666666667,1.3867401249907763,0.03236382293322247
TAIWAN50,window_007,BayesianConfig_ECMADE_MOO,1,49,10,727,117,0.2615875017011835,0.2605875017011835,0.6495310928140099,0.646716217467133,0.1443526618883042,3.542612432358664,5.999076198714576,-0.053965112122272,1.0,0.0009999999999999,10.385592000093313,0.01707623618561147,-0.05396511212227206,10,9.555956678700362,10.0,277,p0_lite_outputs\p1_rolling_window_market_validation_20260719\raw_configured_ecmade\TAIWAN50\window_007\BayesianConfig_ECMADE_MOO\run_001,1.0,0.5572251577634738,1.0626576796216398,0.017815831275756797,0.8916666666666667,1.1651771889083196,0.054188272634318926
TAIWAN50,window_008,BayesianConfig_ECMADE_MOO,1,49,10,729,123,-0.0035703900622905,-0.0045703900622905,-0.0073012506798114,-0.0093412859088176,0.212902961607157,0.0728331091950233,0.0898724733300943,-0.1374411549672431,1.0,0.001,10.826452099950984,0.03389617226917028,-0.13744115496724318,10,9.478964401294498,10.0,309,p0_lite_outputs\p1_rolling_window_market_validation_20260719\raw_configured_ecmade\TAIWAN50\window_008\BayesianConfig_ECMADE_MOO\run_001,1.0,0.3502193447666769,0.9398933028410513,0.007555555727443187,0.9416666666666667,1.3017989390737355,0.019901557197404312
TAIWAN50,window_009,BayesianConfig_ECMADE_MOO,1,49,10,726,116,0.0962924046616535,0.0952924046616535,0.2210590687300015,0.2186407109909494,0.2737780194673484,0.8671002153963329,1.0845948470812536,-0.2230288582969074,1.0,0.001,10.748861399944872,0.04376855324389248,-0.22302885829690744,10,9.302941176470588,10.0,340,p0_lite_outputs\p1_rolling_window_market_validation_20260719\raw_configured_ecmade\TAIWAN50\window_009\BayesianConfig_ECMADE_MOO\run_001,1.0,0.4139188057026192,0.9495955278437439,0.004729879593199914,0.975,1.3635112812323884,0.025661859653479745
TAIWAN50,window_010,BayesianConfig_ECMADE_MOO,1,49,10,725,124,0.3250254968768236,0.3240254968768236,0.7717040903983392,0.7689877974352581,0.1638808072423062,3.5757949114837544,5.818537799315342,-0.0484283471665726,1.0,0.001,11.403551199939102,0.019608864130610547,-0.04842834716657263,10,9.669753086419753,10.0,324,p0_lite_outputs\p1_rolling_window_market_validation_20260719\raw_configured_ecmade\TAIWAN50\window_010\BayesianConfig_ECMADE_MOO\run_001,1.0,0.689976168907901,0.9484388194316672,0.009151502246665007,0.9166666666666666,1.2792001055780782,0.03552049531456633
TAIWAN50,window_011,BayesianConfig_ECMADE_MOO,1,49,10,722,116,0.5122357968220459,0.5112357968220459,1.4558843422323613,1.4523576905290176,0.2430862468450126,3.823826565652348,6.202498013655031,-0.05918234236316,1.0,0.001,10.831799800042065,0.030018105085326027,-0.05918234236316,10,9.882575757575758,10.0,264,p0_lite_outputs\p1_rolling_window_market_validation_20260719\raw_configured_ecmade\TAIWAN50\window_011\BayesianConfig_ECMADE_MOO\run_001,1.0,0.4678120614913737,0.9708756824871206,0.018647846728801522,0.9083333333333333,1.1362357999334198,0.05192386745183754
TAIWAN50,window_001,BayesianConfig_ECMADE_MOO,2,49,10,730,115,0.4084959045537668,0.4074959045537668,1.1182087998209624,1.11491473465587,0.2904730995679738,2.7319152565808587,4.992120407632871,-0.1413927100198037,1.0,0.001,10.942797300056554,0.03255283519327698,-0.14139271001980347,10,9.037037037037036,10.0,270,p0_lite_outputs\p1_rolling_window_market_validation_20260719\raw_configured_ecmade\TAIWAN50\window_001\BayesianConfig_ECMADE_MOO\run_002,1.0,1.0,1.0719795257921005,0.04294934030048195,0.8666666666666667,1.042939881590135,0.02926416264417699
TAIWAN50,window_002,BayesianConfig_ECMADE_MOO,2,49,10,729,126,0.0365739669664288,0.0355739669664288,0.0744855889925191,0.0724134410585866,0.3451078381432619,0.3812411696019334,0.5714628266631592,-0.2539933969773894,1.0,0.001,10.663176900008692,0.04478032063488794,-0.25399339697738943,9,9.205438066465257,10.0,331,p0_lite_outputs\p1_rolling_window_market_validation_20260719\raw_configured_ecmade\TAIWAN50\window_002\BayesianConfig_ECMADE_MOO\run_002,1.0,0.5720819046581767,0.9987844923421626,0.005869740691085841,0.9916666666666667,1.2016718604635044,0.013748465332788479
TAIWAN50,window_003,BayesianConfig_ECMADE_MOO,2,49,10,728,117,-0.2651059101910571,-0.2661059101910571,-0.4849270977815221,-0.4864355014399794,0.2459509401841314,-2.5703931008559278,-3.805778772304933,-0.2706205335530501,1.0,0.001,10.281783199985512,0.03636806240979741,-0.27062053355305016,10,9.620437956204379,10.0,274,p0_lite_outputs\p1_rolling_window_market_validation_20260719\raw_configured_ecmade\TAIWAN50\window_003\BayesianConfig_ECMADE_MOO\run_002,1.0,0.633147986033487,1.0449930401163698,0.022071668161569073,0.8833333333333333,1.0566033051154988,0.031688255011085756
TAIWAN50,window_004,BayesianConfig_ECMADE_MOO,2,49,10,730,127,-0.0371853929899252,-0.0381853929899252,-0.0724346616972202,-0.0743452918209612,0.1633822079412851,-0.3783314407993385,-0.5799572811021426,-0.1798304326539533,1.0,0.001,10.351848099962808,0.022548975832850395,-0.17983043265395338,10,9.478405315614618,10.0,301,p0_lite_outputs\p1_rolling_window_market_validation_20260719\raw_configured_ecmade\TAIWAN50\window_004\BayesianConfig_ECMADE_MOO\run_002,1.0,0.47794259487646484,1.0403945592222943,0.0548252437219116,0.8166666666666667,0.9770796827530092,0.029114143087230503
TAIWAN50,window_005,BayesianConfig_ECMADE_MOO,2,49,10,733,112,0.2905485456873919,0.2895485456873919,0.7751795162156996,0.7720860876730911,0.1491258452848734,3.927259014153869,7.109874711549184,-0.0424268001300793,1.0,0.001,7.071859500021674,0.01611472734275215,-0.04242680013007938,9,8.79840848806366,10.0,377,p0_lite_outputs\p1_rolling_window_market_validation_20260719\raw_configured_ecmade\TAIWAN50\window_005\BayesianConfig_ECMADE_MOO\run_002,1.0,0.26287416933995933,1.0269798908428223,0.004227173089971069,0.9916666666666667,1.3989456953311918,0.039002145247642735
TAIWAN50,window_006,BayesianConfig_ECMADE_MOO,2,49,10,729,125,0.1664513984190052,0.1654513984190052,0.3639648000552631,0.3616084605591545,0.2769003200947681,1.2605081250466963,1.7716315398657645,-0.1804470709659057,1.0,0.001,10.312767799943686,0.03980122216422964,-0.18044707096590573,10,9.25296442687747,10.0,253,p0_lite_outputs\p1_rolling_window_market_validation_20260719\raw_configured_ecmade\TAIWAN50\window_006\BayesianConfig_ECMADE_MOO\run_002,1.0,0.7351008656870496,1.012596241352909,0.043973668916245594,0.8583333333333333,0.9154062302556408,0.03236382293322247
TAIWAN50,window_007,BayesianConfig_ECMADE_MOO,2,49,10,727,117,0.1535362988636199,0.1525362988636199,0.3602094946173231,0.3576710250243227,0.1302717470680137,2.4281001976842105,3.708715336096499,-0.050432105530412,1.0,0.001,6.821943100076169,0.01640899569008873,-0.050432105530412,10,9.68,10.0,275,p0_lite_outputs\p1_rolling_window_market_validation_20260719\raw_configured_ecmade\TAIWAN50\window_007\BayesianConfig_ECMADE_MOO\run_002,1.0,0.5492163231873938,1.03391842204961,0.048553288856214884,0.825,0.9635637357580821,0.054188272634318926
TAIWAN50,window_008,BayesianConfig_ECMADE_MOO,2,49,10,729,123,0.0112424023014683,0.0102424023014683,0.0231690293808624,0.0210971604359959,0.201239024430027,0.2149799714927453,0.271783530236926,-0.1252181890516596,1.0,0.001,10.885573899955489,0.030658581350849295,-0.1252181890516596,10,8.98489425981873,10.0,331,p0_lite_outputs\p1_rolling_window_market_validation_20260719\raw_configured_ecmade\TAIWAN50\window_008\BayesianConfig_ECMADE_MOO\run_002,1.0,0.33872562293283565,0.9437519240163409,0.005479896004128584,0.9666666666666667,1.3516771819564366,0.019901557197404312
TAIWAN50,window_009,BayesianConfig_ECMADE_MOO,2,49,10,726,116,0.0988138697656537,0.0978138697656537,0.2271683625387761,0.2247434793233573,0.2840906743084517,0.8634642152237448,1.0581748375672193,-0.2365861072549129,1.0,0.001,10.601459500030614,0.04582355211337811,-0.23658610725491291,10,9.29,10.0,300,p0_lite_outputs\p1_rolling_window_market_validation_20260719\raw_configured_ecmade\TAIWAN50\window_009\BayesianConfig_ECMADE_MOO\run_002,1.0,0.2673777317679129,0.9428304078467858,0.009349838713774152,0.9083333333333333,1.256868476012449,0.025661859653479745
TAIWAN50,window_010,BayesianConfig_ECMADE_MOO,2,49,10,725,124,0.3222092507901795,0.3212092507901795,0.7640597548891761,0.7613494234908631,0.1535501160493572,3.7775907056722735,5.812650583935654,-0.050901906548133,1.0,0.001,11.340315400040708,0.018931875625965794,-0.05090190654813309,10,9.493827160493828,10.0,324,p0_lite_outputs\p1_rolling_window_market_validation_20260719\raw_configured_ecmade\TAIWAN50\window_010\BayesianConfig_ECMADE_MOO\run_002,1.0,0.6505837380662135,0.9550555047392755,0.005060108423498558,1.0,1.3984833311696987,0.03552049531456633
TAIWAN50,window_011,BayesianConfig_ECMADE_MOO,2,49,10,722,116,0.4870972372817794,0.4860972372817794,1.3680584488758094,1.3646004537382228,0.2295065695908935,3.8770992815798913,6.211854750000144,-0.0578613840271171,1.0,0.001,10.755977699998766,0.02857911091902429,-0.05786138402711716,10,9.355311355311356,10.0,273,p0_lite_outputs\p1_rolling_window_market_validation_20260719\raw_configured_ecmade\TAIWAN50\window_011\BayesianConfig_ECMADE_MOO\run_002,1.0,0.4528717310134302,0.9696989492968088,0.024425256832897542,0.8916666666666667,1.0878724767259413,0.05192386745183754
TAIWAN50,window_001,BayesianConfig_ECMADE_MOO,3,49,10,730,115,0.511271539433793,0.510271539433793,1.471690043332699,1.4681075696754675,0.3119541763355786,3.0605146895270803,5.682089282933277,-0.1492569358733175,1.0,0.001,10.880609800107775,0.03293218450789273,-0.14925693587331734,9,9.194139194139193,10.0,273,p0_lite_outputs\p1_rolling_window_market_validation_20260719\raw_configured_ecmade\TAIWAN50\window_001\BayesianConfig_ECMADE_MOO\run_003,1.0,1.0,1.071471127404432,0.039122154265704714,0.875,1.0608772206710697,0.02926416264417699
TAIWAN50,window_002,BayesianConfig_ECMADE_MOO,3,49,10,729,126,-0.0035747513240564,-0.0045747513240564,-0.007136723801084,-0.009128574298436,0.3495187780045508,0.1548581668416294,0.2293725483761348,-0.2823724467333462,1.0000000000000002,0.001,10.548456400050782,0.04626883190662867,-0.28237244673334627,10,9.661341853035143,10.0,313,p0_lite_outputs\p1_rolling_window_market_validation_20260719\raw_configured_ecmade\TAIWAN50\window_002\BayesianConfig_ECMADE_MOO\run_003,1.0000000000000002,0.5505817093084704,0.9878530734739668,0.007585378621422687,0.95,1.1589073701786259,0.013748465332788479
TAIWAN50,window_003,BayesianConfig_ECMADE_MOO,3,49,10,728,117,-0.2952305382844865,-0.2962305382844865,-0.5293297133792607,-0.5307669515781911,0.2718039978270316,-2.631879782058883,-3.9132427945271866,-0.3000229145869285,1.0,0.001,10.83610710001085,0.039723493382692814,-0.30002291458692854,10,9.706896551724139,10.0,348,p0_lite_outputs\p1_rolling_window_market_validation_20260719\raw_configured_ecmade\TAIWAN50\window_003\BayesianConfig_ECMADE_MOO\run_003,1.0,0.5690077761748582,1.0665342637485853,0.009213460812369333,0.95,1.170676377971961,0.031688255011085756
TAIWAN50,window_004,BayesianConfig_ECMADE_MOO,3,49,10,730,127,-0.0275754492083463,-0.0285754492083463,-0.0539739937711439,-0.0559034020380783,0.1811763681594542,-0.215475799508262,-0.3373228437605879,-0.194563898711401,1.0,0.001,10.20411759999115,0.02521763944444322,-0.1945638987114009,7,9.367132867132867,10.0,286,p0_lite_outputs\p1_rolling_window_market_validation_20260719\raw_configured_ecmade\TAIWAN50\window_004\BayesianConfig_ECMADE_MOO\run_003,1.0,0.4386044017186108,1.0302022815024647,0.054659273032370524,0.8166666666666667,0.9731242383559209,0.029114143087230503
TAIWAN50,window_005,BayesianConfig_ECMADE_MOO,3,49,10,733,112,0.2680704962550257,0.2670704962550257,0.7063677942509095,0.7033415939213881,0.1494619805112843,3.653679118350787,6.5350946937388406,-0.041354816121798,1.0,0.001,10.616951999953017,0.016794687950861118,-0.04135481612179803,10,9.474626865671642,10.0,335,p0_lite_outputs\p1_rolling_window_market_validation_20260719\raw_configured_ecmade\TAIWAN50\window_005\BayesianConfig_ECMADE_MOO\run_003,1.0,0.3003097839275055,1.0165237137103469,0.009817872409331775,0.9416666666666667,1.2175697034218669,0.039002145247642735
TAIWAN50,window_006,BayesianConfig_ECMADE_MOO,3,49,10,729,125,0.1694155867546716,0.1684155867546716,0.3709614980141813,0.3685990720444805,0.267014913447012,1.3161188609180987,1.88689207473298,-0.1827852237465338,1.0,0.001,10.100004100007936,0.037269956251866056,-0.18278522374653383,10,9.230125523012552,10.0,239,p0_lite_outputs\p1_rolling_window_market_validation_20260719\raw_configured_ecmade\TAIWAN50\window_006\BayesianConfig_ECMADE_MOO\run_003,1.0,0.8081481545824382,1.028068161740633,0.034015099348901005,0.8916666666666667,1.017180716942388,0.03236382293322247
TAIWAN50,window_007,BayesianConfig_ECMADE_MOO,3,49,10,727,117,0.2337297448390369,0.2327297448390369,0.572077394122325,0.5693341437921431,0.1419591872381568,3.260545040554617,5.4090597963104505,-0.0432003477204536,1.0,0.001,12.293172199977562,0.016670745108999716,-0.04320034772045367,10,9.333333333333334,10.0,270,p0_lite_outputs\p1_rolling_window_market_validation_20260719\raw_configured_ecmade\TAIWAN50\window_007\BayesianConfig_ECMADE_MOO\run_003,1.0,0.4634350021800938,1.0571446032798741,0.020285158108855027,0.875,1.1565826450295593,0.054188272634318926
TAIWAN50,window_008,BayesianConfig_ECMADE_MOO,3,49,10,729,123,-0.0057141762590906,-0.0067141762590906,-0.0116720162720763,-0.0137074462610323,0.190288884195863,0.034183046630152,0.0418674359342745,-0.1181493968307203,1.0,0.001,11.15020499995444,0.030229633221025048,-0.11814939683072034,10,8.627450980392156,9.0,357,p0_lite_outputs\p1_rolling_window_market_validation_20260719\raw_configured_ecmade\TAIWAN50\window_008\BayesianConfig_ECMADE_MOO\run_003,1.0,0.40141950617711236,0.9461207288631485,0.004652122982151916,0.9916666666666667,1.3752739260930884,0.019901557197404312
TAIWAN50,window_009,BayesianConfig_ECMADE_MOO,3,49,10,726,116,0.0903342943606071,0.0893342943606071,0.2066884336168497,0.2042854849961672,0.2791294615472683,0.8134567513373604,1.003934800951551,-0.2308469283875082,1.0,0.001,10.738517899997532,0.04490245275925144,-0.2308469283875082,10,8.965277777777779,10.0,288,p0_lite_outputs\p1_rolling_window_market_validation_20260719\raw_configured_ecmade\TAIWAN50\window_009\BayesianConfig_ECMADE_MOO\run_003,1.0,0.46337330340206584,0.9395140261147853,0.010204427629554601,0.925,1.257264369669638,0.025661859653479745
TAIWAN50,window_010,BayesianConfig_ECMADE_MOO,3,49,10,725,124,0.3458781491902307,0.3448781491902307,0.8288284117106963,0.826067964185599,0.1652767949016373,3.7395004503050746,5.877684172307974,-0.0437450053652554,1.0,0.001,11.560380600043572,0.020202179456873443,-0.043745005365255496,10,9.258855585831062,10.0,367,p0_lite_outputs\p1_rolling_window_market_validation_20260719\raw_configured_ecmade\TAIWAN50\window_010\BayesianConfig_ECMADE_MOO\run_003,1.0,0.6989619259473114,0.9560525768061415,0.0050034732042832115,1.0,1.3987782709450038,0.03552049531456633
TAIWAN50,window_011,BayesianConfig_ECMADE_MOO,3,49,10,722,116,0.506385412265854,0.505385412265854,1.43529087161058,1.4317802157429749,0.2359880090288401,3.895915960914127,6.231514525601793,-0.0509101528567496,1.0,0.001,10.929996100021526,0.028753970379195897,-0.0509101528567496,10,9.344615384615384,10.0,325,p0_lite_outputs\p1_rolling_window_market_validation_20260719\raw_configured_ecmade\TAIWAN50\window_011\BayesianConfig_ECMADE_MOO\run_003,1.0,0.6195202793943937,0.992683672350093,0.004637272738146636,0.9916666666666667,1.3809153472482791,0.05192386745183754
TAIWAN50,window_001,BayesianConfig_ECMADE_MOO,4,49,10,730,115,0.4024849164673059,0.4014849164673059,1.0984501780712592,1.0951728593191694,0.2737935465425807,2.847005258731183,5.161473311977019,-0.1366500523512831,1.0,0.001,10.267659000004642,0.030199619662672237,-0.13665005235128314,10,9.423728813559322,10.0,236,p0_lite_outputs\p1_rolling_window_market_validation_20260719\raw_configured_ecmade\TAIWAN50\window_001\BayesianConfig_ECMADE_MOO\run_004,1.0,1.0,1.0595432636625994,0.046759022238374685,0.8333333333333334,1.0125816952708846,0.02926416264417699
TAIWAN50,window_002,BayesianConfig_ECMADE_MOO,4,49,10,729,126,0.0285206210757653,0.0275206210757653,0.057854667978078,0.0557986267359267,0.3352324760619007,0.335773480149125,0.5060649747860093,-0.2600530541950884,1.0,0.001,10.497811400098726,0.04409338094585542,-0.2600530541950884,9,9.685975609756097,10.0,328,p0_lite_outputs\p1_rolling_window_market_validation_20260719\raw_configured_ecmade\TAIWAN50\window_002\BayesianConfig_ECMADE_MOO\run_004,1.0,0.5403400544593131,0.9932179053804743,0.007086316945351404,0.9916666666666667,1.1896837002247942,0.013748465332788479
TAIWAN50,window_003,BayesianConfig_ECMADE_MOO,4,49,10,728,117,-0.3086304211807985,-0.3096304211807985,-0.5483930954970144,-0.5497988272618379,0.2911823285016166,-2.579387510370891,-3.808999967459684,-0.3150612737319508,1.0,0.001,10.422713099978864,0.04295282056754387,-0.3150612737319508,10,9.423076923076923,10.0,286,p0_lite_outputs\p1_rolling_window_market_validation_20260719\raw_configured_ecmade\TAIWAN50\window_003\BayesianConfig_ECMADE_MOO\run_004,1.0,0.5810848488212537,1.0215851362180057,0.0325021124629965,0.8666666666666667,0.9941657199023691,0.031688255011085756
TAIWAN50,window_004,BayesianConfig_ECMADE_MOO,4,49,10,730,127,-0.024152906302,-0.025152906302,-0.0473557242082978,-0.0492918195279756,0.171790645668921,-0.196360529614664,-0.3082243356138629,-0.1797097320444648,1.0,0.001,10.91219139995519,0.023343060946504013,-0.17970973204446483,9,9.377551020408163,10.0,294,p0_lite_outputs\p1_rolling_window_market_validation_20260719\raw_configured_ecmade\TAIWAN50\window_004\BayesianConfig_ECMADE_MOO\run_004,1.0,0.5152009177915442,1.0480097146897087,0.052833322680045196,0.8166666666666667,0.9766560880406846,0.029114143087230503
TAIWAN50,window_005,BayesianConfig_ECMADE_MOO,4,49,10,733,112,0.3066567214723634,0.3056567214723634,0.8254224623616551,0.8222806761203769,0.1491945586237521,4.112970985526488,7.74943793489456,-0.0432183591199644,1.0000000000000002,0.001,10.547138900030404,0.015862028290682628,-0.04321835911996441,10,9.446540880503145,10.0,318,p0_lite_outputs\p1_rolling_window_market_validation_20260719\raw_configured_ecmade\TAIWAN50\window_005\BayesianConfig_ECMADE_MOO\run_004,1.0000000000000002,0.3277535298284721,1.0119809171542364,0.012231398059498718,0.8833333333333333,1.21306200350162,0.039002145247642735
TAIWAN50,window_006,BayesianConfig_ECMADE_MOO,4,49,10,729,125,0.179224728384084,0.1782247283840839,0.3942437322076297,0.39186116302026,0.2619828933129075,1.4006976486758975,1.983672058121952,-0.1663888212676124,1.0,0.001,9.958875700016506,0.03700897135290059,-0.16638882126761267,10,9.53256704980843,10.0,261,p0_lite_outputs\p1_rolling_window_market_validation_20260719\raw_configured_ecmade\TAIWAN50\window_006\BayesianConfig_ECMADE_MOO\run_004,1.0,0.7098434784802247,1.0295623982254118,0.02325759850015165,0.9,1.0725258001022815,0.03236382293322247
TAIWAN50,window_007,BayesianConfig_ECMADE_MOO,4,49,10,727,117,0.2223419235539683,0.2213419235539683,0.5409894921893696,0.5382754497764954,0.1395496286729976,3.171054692332953,5.4689997650364415,-0.0520488763943617,1.0,0.001,10.326663499930874,0.01597023428988961,-0.05204887639436173,10,9.4251968503937,10.0,254,p0_lite_outputs\p1_rolling_window_market_validation_20260719\raw_configured_ecmade\TAIWAN50\window_007\BayesianConfig_ECMADE_MOO\run_004,1.0,0.4946540280414728,1.0540181979337073,0.023507877779589105,0.9083333333333333,1.1305483650485362,0.054188272634318926
TAIWAN50,window_008,BayesianConfig_ECMADE_MOO,4,49,10,729,123,-0.0036672487041461,-0.0046672487041461,-0.0074989396852341,-0.0095387668339407,0.1812231592149663,0.0496075587681841,0.0625881253943273,-0.1128166095162938,1.0,0.001,10.749108400079422,0.02794016292365167,-0.1128166095162938,10,9.18581081081081,10.0,296,p0_lite_outputs\p1_rolling_window_market_validation_20260719\raw_configured_ecmade\TAIWAN50\window_008\BayesianConfig_ECMADE_MOO\run_004,1.0,0.34031432614623575,0.9444053189886097,0.005201398065678307,0.975,1.373197840437055,0.019901557197404312
TAIWAN50,window_009,BayesianConfig_ECMADE_MOO,4,49,10,726,116,0.1037138200148664,0.1027138200148664,0.2390875960387284,0.236650024514629,0.2422435743660571,1.0069617032469464,1.246085868697051,-0.1962672261611745,1.0,0.001,10.474791300017388,0.038689495319497856,-0.19626722616117454,10,9.425925925925926,10.0,324,p0_lite_outputs\p1_rolling_window_market_validation_20260719\raw_configured_ecmade\TAIWAN50\window_009\BayesianConfig_ECMADE_MOO\run_004,1.0,0.32536948828684686,0.9457767543818515,0.005692041257701093,0.9833333333333333,1.3814433505258001,0.025661859653479745
TAIWAN50,window_010,BayesianConfig_ECMADE_MOO,4,49,10,725,124,0.3517449995449249,0.3507449995449249,0.8450662098744852,0.8422933355604363,0.1629659288859254,3.844555935018819,6.143915886359909,-0.0488848454827319,1.0,0.001,11.136421300005168,0.019823483988849873,-0.048884845482731976,10,9.686274509803921,10.0,306,p0_lite_outputs\p1_rolling_window_market_validation_20260719\raw_configured_ecmade\TAIWAN50\window_010\BayesianConfig_ECMADE_MOO\run_004,1.0,0.5666714796979219,0.9511430435457031,0.006158749470288003,0.9666666666666667,1.3608518479287601,0.03552049531456633
TAIWAN50,window_011,BayesianConfig_ECMADE_MOO,4,49,10,722,116,0.4368067467689878,0.4358067467689878,1.1975277364708208,1.1942064882091317,0.203602018476084,3.974613511778012,6.300596531714102,-0.0472618135112671,1.0,0.001,10.504522499977613,0.02534586428143948,-0.047261813511267126,10,9.469135802469136,10.0,243,p0_lite_outputs\p1_rolling_window_market_validation_20260719\raw_configured_ecmade\TAIWAN50\window_011\BayesianConfig_ECMADE_MOO\run_004,1.0,0.5592106297387104,0.9509387798168216,0.033729654825938135,0.8666666666666667,1.0147015783207247,0.05192386745183754
TAIWAN50,window_001,BayesianConfig_ECMADE_MOO,5,49,10,730,115,0.367513331359,0.366513331359,0.9854887822841064,0.9823086193610392,0.3020784861265535,2.4233888716119933,4.602850204114263,-0.1465616885299685,1.0000000000000002,0.001,10.394389000022784,0.03380085925232809,-0.14656168852996854,10,9.786008230452675,10.0,243,p0_lite_outputs\p1_rolling_window_market_validation_20260719\raw_configured_ecmade\TAIWAN50\window_001\BayesianConfig_ECMADE_MOO\run_005,1.0000000000000002,1.0,1.0521391476657747,0.04987135461452448,0.825,0.9899582554707347,0.02926416264417699
TAIWAN50,window_002,BayesianConfig_ECMADE_MOO,5,49,10,729,126,0.0133527426602149,0.0123527426602149,0.0268837810569797,0.0248580755716596,0.3514972514066536,0.2517529379459969,0.3839301177753589,-0.2765197164137818,1.0,0.001,10.246417799964547,0.04656109051225317,-0.2765197164137818,10,9.7,10.0,270,p0_lite_outputs\p1_rolling_window_market_validation_20260719\raw_configured_ecmade\TAIWAN50\window_002\BayesianConfig_ECMADE_MOO\run_005,1.0,0.6138633909842292,0.9853379875859837,0.008650578691483795,0.95,1.1380669019950158,0.013748465332788479
TAIWAN50,window_003,BayesianConfig_ECMADE_MOO,5,49,10,728,117,-0.2704883484885468,-0.2714883484885468,-0.4930180456976113,-0.4945137005375687,0.261677063868136,-2.460886063865576,-3.5569758648679137,-0.2809521764234409,1.0,0.001,10.7797661999939,0.039198160642181096,-0.28095217642344095,10,9.560240963855422,10.0,332,p0_lite_outputs\p1_rolling_window_market_validation_20260719\raw_configured_ecmade\TAIWAN50\window_003\BayesianConfig_ECMADE_MOO\run_005,1.0,0.5702876359146298,1.0620769590133636,0.013812388663097804,0.925,1.1326992954522348,0.031688255011085756
TAIWAN50,window_004,BayesianConfig_ECMADE_MOO,5,49,10,730,127,-0.020287869837823,-0.021287869837823,-0.039854276714462,-0.0417979231980237,0.2027985455639845,-0.0988664153937617,-0.1487537476534473,-0.196117444936943,1.0,0.001,10.3124647999648,0.028789418778956417,-0.19611744493694316,10,9.729411764705882,10.0,255,p0_lite_outputs\p1_rolling_window_market_validation_20260719\raw_configured_ecmade\TAIWAN50\window_004\BayesianConfig_ECMADE_MOO\run_005,1.0,0.2978987007831439,1.0199212585052249,0.06370571647554672,0.8083333333333333,0.9497332756676609,0.029114143087230503
TAIWAN50,window_005,BayesianConfig_ECMADE_MOO,5,49,10,733,112,0.3139207193556752,0.3129207193556752,0.8483346814761918,0.8451710393474772,0.1634375668786464,3.8447016135528975,7.007817591188696,-0.0484939354709778,1.0,0.001,10.741599899949506,0.01786922472094102,-0.0484939354709778,10,9.638977635782748,10.0,313,p0_lite_outputs\p1_rolling_window_market_validation_20260719\raw_configured_ecmade\TAIWAN50\window_005\BayesianConfig_ECMADE_MOO\run_005,1.0,0.2936656496544736,1.0034227867745582,0.015048601024261662,0.8916666666666667,1.3148002236789484,0.039002145247642735
TAIWAN50,window_006,BayesianConfig_ECMADE_MOO,5,49,10,729,125,0.1788259772327307,0.1778259772327307,0.3932934338207166,0.3909116835271946,0.2805558542748638,1.3236184906949002,1.8786750096006,-0.1826439217820971,1.0,0.001,9.90892850002274,0.03990622221789299,-0.1826439217820971,10,9.459349593495935,10.0,246,p0_lite_outputs\p1_rolling_window_market_validation_20260719\raw_configured_ecmade\TAIWAN50\window_006\BayesianConfig_ECMADE_MOO\run_005,1.0,0.7938236419443981,0.9949246724110749,0.04172876111220817,0.8416666666666667,0.9455002353702988,0.03236382293322247
TAIWAN50,window_007,BayesianConfig_ECMADE_MOO,5,49,10,727,117,0.2849312056223745,0.2839312056223745,0.715973209262164,0.7130981270004875,0.1585231920031436,3.4890127919891865,6.0536521407034725,-0.0536339565348008,1.0,0.001,10.391024100012146,0.01897252638265065,-0.05363395653480085,10,9.035031847133759,10.0,314,p0_lite_outputs\p1_rolling_window_market_validation_20260719\raw_configured_ecmade\TAIWAN50\window_007\BayesianConfig_ECMADE_MOO\run_005,1.0,0.5576270737685419,1.0660469981038245,0.009775523578519992,0.925,1.3178128129504425,0.054188272634318926
TAIWAN50,window_008,BayesianConfig_ECMADE_MOO,5,49,10,729,123,-0.0012969716117715,-0.0022969716117715,-0.0026554029497707,-0.0047003224206398,0.1896474735040809,0.0814559781720894,0.1017600516300923,-0.1177795418444414,1.0,0.001,11.201283499947747,0.02911508988358492,-0.1177795418444414,10,8.426791277258568,9.0,321,p0_lite_outputs\p1_rolling_window_market_validation_20260719\raw_configured_ecmade\TAIWAN50\window_008\BayesianConfig_ECMADE_MOO\run_005,1.0,0.24578534942267988,0.9443657340270363,0.005241401030324506,0.975,1.368098204180947,0.019901557197404312
TAIWAN50,window_009,BayesianConfig_ECMADE_MOO,5,49,10,726,116,0.0866508450091831,0.0856508450091831,0.1978500675834733,0.1954566379985196,0.26977453909475,0.8047261881111132,1.0048894752531214,-0.223507503366634,1.0,0.001,10.223271899973042,0.04323912120099244,-0.22350750336663405,10,9.045296167247386,10.0,287,p0_lite_outputs\p1_rolling_window_market_validation_20260719\raw_configured_ecmade\TAIWAN50\window_009\BayesianConfig_ECMADE_MOO\run_005,1.0,0.358098365471828,0.9455666321643393,0.007373188607418583,0.9583333333333334,1.3051000445553609,0.025661859653479745
TAIWAN50,window_010,BayesianConfig_ECMADE_MOO,5,49,10,725,124,0.3636919901655673,0.3626919901655673,0.8783575550730194,0.8755593700305719,0.1655926061342506,3.894400773696189,6.301482460860653,-0.0492634947836703,1.0,0.001,11.241236199974082,0.020076546029975113,-0.049263494783670314,10,9.553846153846154,10.0,325,p0_lite_outputs\p1_rolling_window_market_validation_20260719\raw_configured_ecmade\TAIWAN50\window_010\BayesianConfig_ECMADE_MOO\run_005,1.0,0.6140818046153641,0.9459563016150434,0.00999509998180547,0.9166666666666666,1.2340918069172448,0.03552049531456633
TAIWAN50,window_011,BayesianConfig_ECMADE_MOO,5,49,10,722,116,0.553055886580075,0.552055886580075,1.6021807421075915,1.598542186848535,0.233952094873242,4.212229032694785,6.791815189656158,-0.0598127370857094,1.0,0.001,10.716275200014934,0.02865727124232211,-0.059812737085709444,10,9.595744680851064,10.0,282,p0_lite_outputs\p1_rolling_window_market_validation_20260719\raw_configured_ecmade\TAIWAN50\window_011\BayesianConfig_ECMADE_MOO\run_005,1.0,0.5954145930484637,0.9686037963667574,0.01625620758972669,0.8666666666666667,1.1593783873308932,0.05192386745183754
TAIWAN50,window_001,BayesianConfig_ECMADE_MOO,6,49,10,730,115,0.5208457887298268,0.5198457887298268,1.5061325983605154,1.502523061799201,0.3040821320067176,3.1775459835843742,5.91537294879968,-0.1462149449441466,1.0,0.001,10.381392800016329,0.03254935066237008,-0.14621494494414666,9,9.475,10.0,280,p0_lite_outputs\p1_rolling_window_market_validation_20260719\raw_configured_ecmade\TAIWAN50\window_001\BayesianConfig_ECMADE_MOO\run_006,1.0,1.0,1.0689272538719619,0.023634660647787038,0.8666666666666667,1.1292344757610369,0.02926416264417699
TAIWAN50,window_002,BayesianConfig_ECMADE_MOO,6,49,10,729,126,0.0102590129643631,0.0092590129643631,0.0206232732757292,0.0186037552498004,0.3458716438150445,0.2325349077022885,0.3474270520040677,-0.273780423067849,1.0,0.001,10.450550999958068,0.045999741906633654,-0.273780423067849,10,9.603225806451613,10.0,310,p0_lite_outputs\p1_rolling_window_market_validation_20260719\raw_configured_ecmade\TAIWAN50\window_002\BayesianConfig_ECMADE_MOO\run_006,1.0,0.5399461192020658,0.9916166321917416,0.006699990431044367,0.9666666666666667,1.1720403557041428,0.013748465332788479
TAIWAN50,window_003,BayesianConfig_ECMADE_MOO,6,49,10,728,117,-0.2956070588361645,-0.2966070588361645,-0.5298711394889446,-0.5313074911268953,0.2740756605726833,-2.6119810863511708,-3.8616855739809672,-0.2998407175241712,1.0,0.001,10.673433999996632,0.04028730287981369,-0.29984071752417096,10,9.652317880794701,10.0,302,p0_lite_outputs\p1_rolling_window_market_validation_20260719\raw_configured_ecmade\TAIWAN50\window_003\BayesianConfig_ECMADE_MOO\run_006,1.0,0.5802959420852773,1.0301153689727258,0.030014702976819206,0.85,1.009711313151323,0.031688255011085756
TAIWAN50,window_004,BayesianConfig_ECMADE_MOO,6,49,10,730,127,-0.0342895335306997,-0.0352895335306997,-0.0668907221580383,-0.0688070111950265,0.1655406984965807,-0.3352880201041643,-0.5272580275923048,-0.1776485711082962,1.0000000000000002,0.001,10.511024400009774,0.022533639391769642,-0.17764857110829624,10,9.222996515679442,10.0,287,p0_lite_outputs\p1_rolling_window_market_validation_20260719\raw_configured_ecmade\TAIWAN50\window_004\BayesianConfig_ECMADE_MOO\run_006,1.0000000000000002,0.4520259490279578,1.0443668484295838,0.05457935710906879,0.825,0.9913584571379845,0.029114143087230503
TAIWAN50,window_005,BayesianConfig_ECMADE_MOO,6,49,10,733,112,0.2753533230402247,0.2743533230402247,0.7284971416938182,0.7254491919840216,0.1416240860989776,3.939020584488189,7.309884829298458,-0.0398101603379651,1.0,0.001,11.146039400016887,0.01562671551899771,-0.03981016033796514,10,9.565749235474007,10.0,327,p0_lite_outputs\p1_rolling_window_market_validation_20260719\raw_configured_ecmade\TAIWAN50\window_005\BayesianConfig_ECMADE_MOO\run_006,1.0,0.2918873011349721,0.9983451144815036,0.029345388099717776,0.9,1.04326520302304,0.039002145247642735
TAIWAN50,window_006,BayesianConfig_ECMADE_MOO,6,49,10,729,125,0.1686414438871306,0.1676414438871306,0.3691324632877812,0.3667716269170822,0.2709482332647633,1.2961830649073005,1.810511218430484,-0.1821963429426524,1.0,0.001,10.200276499963364,0.03915333771999165,-0.1821963429426524,10,9.52112676056338,10.0,284,p0_lite_outputs\p1_rolling_window_market_validation_20260719\raw_configured_ecmade\TAIWAN50\window_006\BayesianConfig_ECMADE_MOO\run_006,1.0,0.6876980716735976,1.0490600926540612,0.007118423617424278,0.9416666666666667,1.3752128792057818,0.03236382293322247
TAIWAN50,window_007,BayesianConfig_ECMADE_MOO,6,49,10,727,117,0.1794991906516008,0.1784991906516008,0.4270056797765202,0.424401144366282,0.1522358281440137,2.4133637166574444,3.906987483337527,-0.0693963700990586,1.0,0.001,8.010939000057988,0.01889672058451913,-0.06939637009905852,10,9.75925925925926,10.0,270,p0_lite_outputs\p1_rolling_window_market_validation_20260719\raw_configured_ecmade\TAIWAN50\window_007\BayesianConfig_ECMADE_MOO\run_006,1.0,0.6190799726430252,1.03998721448773,0.039009449773334454,0.8083333333333333,1.0066913728203168,0.054188272634318926
TAIWAN50,window_008,BayesianConfig_ECMADE_MOO,6,49,10,729,123,-0.028133423496541,-0.029133423496541,-0.0567892556664236,-0.0587765542837696,0.2144542503760857,-0.164398230776053,-0.1996550640959795,-0.1336213915750751,1.0,0.001,10.550104500027372,0.03423900853441655,-0.13362139157507513,9,9.779935275080906,10.0,309,p0_lite_outputs\p1_rolling_window_market_validation_20260719\raw_configured_ecmade\TAIWAN50\window_008\BayesianConfig_ECMADE_MOO\run_006,1.0,0.3946405824728694,0.9378091206157018,0.007749990266048736,0.9583333333333334,1.314453995513467,0.019901557197404312
TAIWAN50,window_009,BayesianConfig_ECMADE_MOO,6,49,10,726,116,0.0691775104533571,0.0681775104533571,0.1564003618172806,0.1540520120139306,0.2556665836794196,0.6967913123348065,0.8719549604206674,-0.2103984869700808,1.0,0.001,10.832674599951131,0.04051431468505199,-0.2103984869700808,10,9.177049180327868,10.0,305,p0_lite_outputs\p1_rolling_window_market_validation_20260719\raw_configured_ecmade\TAIWAN50\window_009\BayesianConfig_ECMADE_MOO\run_006,1.0,0.46632668150221385,0.9489519031845967,0.005002269453371166,0.9916666666666667,1.3659363240576246,0.025661859653479745
TAIWAN50,window_010,BayesianConfig_ECMADE_MOO,6,49,10,725,124,0.3611528970878488,0.3601528970878488,0.8712568429337957,0.8684640377796062,0.1767865774991616,3.637280472327341,5.584580146827485,-0.0625022227915432,1.0,0.001,11.790111100068316,0.02258262016308892,-0.06250222279154327,10,9.26328502415459,10.0,414,p0_lite_outputs\p1_rolling_window_market_validation_20260719\raw_configured_ecmade\TAIWAN50\window_010\BayesianConfig_ECMADE_MOO\run_006,1.0,0.707308207219308,0.954291091601543,0.006462232548886373,0.975,1.308423636376588,0.03552049531456633
TAIWAN50,window_011,BayesianConfig_ECMADE_MOO,6,49,10,722,116,0.4375474102209762,0.4365474102209762,1.1999894113549456,1.1966661550397824,0.2243509768640698,3.6317212583334992,5.839391306049352,-0.0492269606241766,1.0,0.001,10.270095699932426,0.027752511268887295,-0.04922696062417664,10,9.863247863247864,10.0,234,p0_lite_outputs\p1_rolling_window_market_validation_20260719\raw_configured_ecmade\TAIWAN50\window_011\BayesianConfig_ECMADE_MOO\run_006,1.0,0.5104794961359627,0.9748114517904822,0.0164773100684075,0.9166666666666666,1.160414564573081,0.05192386745183754
TAIWAN50,window_001,BayesianConfig_ECMADE_MOO,7,49,10,730,115,0.4834275276058124,0.4824275276058124,1.3729941195066917,1.3694901637372028,0.2889415805690404,3.1391732356405537,5.685801978624386,-0.1445209898098616,1.0,0.001,10.08329620002769,0.031545958106289,-0.1445209898098616,10,9.187739463601533,10.0,261,p0_lite_outputs\p1_rolling_window_market_validation_20260719\raw_configured_ecmade\TAIWAN50\window_001\BayesianConfig_ECMADE_MOO\run_007,1.0,1.0,1.0790325176143887,0.011693018285879606,0.8916666666666667,1.3542837034509467,0.02926416264417699
TAIWAN50,window_002,BayesianConfig_ECMADE_MOO,7,49,10,729,126,0.0266622112045116,0.0256622112045116,0.0540352959153371,0.0519829714929285,0.3042421881329504,0.3254904203418437,0.4966905394802332,-0.2315576382996882,1.0,0.001,10.342796099954285,0.04011321682682866,-0.23155763829968823,10,9.606271777003485,10.0,287,p0_lite_outputs\p1_rolling_window_market_validation_20260719\raw_configured_ecmade\TAIWAN50\window_002\BayesianConfig_ECMADE_MOO\run_007,1.0,0.5810400533870403,0.9872966408288246,0.0067364089018744615,0.9583333333333334,1.1724718456985919,0.013748465332788479
TAIWAN50,window_003,BayesianConfig_ECMADE_MOO,7,49,10,728,117,-0.2570055991244133,-0.2580055991244133,-0.472621156337077,-0.4741487734378629,0.245684961560927,-2.477598972464364,-3.647861119988443,-0.262937362215803,1.0,0.001,10.410817399970256,0.03610554358397089,-0.262937362215803,10,9.577946768060837,10.0,263,p0_lite_outputs\p1_rolling_window_market_validation_20260719\raw_configured_ecmade\TAIWAN50\window_003\BayesianConfig_ECMADE_MOO\run_007,1.0,0.5394393580011982,1.0484606657252462,0.014707466800229772,0.8916666666666667,1.1126849980281923,0.031688255011085756
TAIWAN50,window_004,BayesianConfig_ECMADE_MOO,7,49,10,730,127,-0.0260041607839165,-0.0270041607839165,-0.0509383898716552,-0.0528708682084687,0.1645648554660951,-0.2352427899670059,-0.3602914325527582,-0.1782621872774736,1.0000000000000002,0.001,10.694739699945783,0.02270911865051725,-0.17826218727747367,10,9.587591240875913,10.0,274,p0_lite_outputs\p1_rolling_window_market_validation_20260719\raw_configured_ecmade\TAIWAN50\window_004\BayesianConfig_ECMADE_MOO\run_007,1.0000000000000002,0.4370214817094631,1.0320689222192614,0.056716423780537574,0.825,0.984408518702205,0.029114143087230503
TAIWAN50,window_005,BayesianConfig_ECMADE_MOO,7,49,10,733,112,0.3425657890128109,0.3415657890128108,0.9402381821937088,0.9369880593326908,0.1605066313393256,4.214991852993661,7.711347768738493,-0.0474186620161707,1.0,0.0009999999999999,10.595051300013438,0.017010603444258993,-0.04741866201617073,9,9.293929712460065,10.0,313,p0_lite_outputs\p1_rolling_window_market_validation_20260719\raw_configured_ecmade\TAIWAN50\window_005\BayesianConfig_ECMADE_MOO\run_007,1.0,0.32057343612293976,1.0243472596237555,0.004367132137980328,0.975,1.4062397426357307,0.039002145247642735
TAIWAN50,window_006,BayesianConfig_ECMADE_MOO,7,49,10,729,125,0.1303151327876568,0.1293151327876568,0.2801188029058279,0.2778366431975323,0.2335124445738816,1.1750466485030568,1.658617947883115,-0.1689547766913125,1.0,0.001,11.44587940000929,0.032859124653898064,-0.16895477669131254,9,9.677514792899409,10.0,338,p0_lite_outputs\p1_rolling_window_market_validation_20260719\raw_configured_ecmade\TAIWAN50\window_006\BayesianConfig_ECMADE_MOO\run_007,1.0,0.7586676142623616,1.0282984965091468,0.02541316431036429,0.8833333333333333,1.038409152460956,0.03236382293322247
TAIWAN50,window_007,BayesianConfig_ECMADE_MOO,7,49,10,727,117,0.1730287226169544,0.1720287226169544,0.4101982172189131,0.407610167861697,0.1377984798409378,2.5649700448250314,4.173309275254549,-0.052959951536984,1.0,0.001,6.783708299975842,0.01627963674572366,-0.05295995153698407,8,8.362275449101796,10.0,334,p0_lite_outputs\p1_rolling_window_market_validation_20260719\raw_configured_ecmade\TAIWAN50\window_007\BayesianConfig_ECMADE_MOO\run_007,1.0,0.6035590448903856,1.070305712345557,0.004845329844454649,0.9833333333333333,1.3995638140688347,0.054188272634318926
TAIWAN50,window_008,BayesianConfig_ECMADE_MOO,7,49,10,729,123,-0.0195942806274354,-0.0205942806274354,-0.0397320263658657,-0.0417376511527735,0.1999736387478102,-0.1019756588297802,-0.12463587767797,-0.1241898034762252,1.0,0.001,10.63545070006512,0.031508328689585266,-0.12418980347622521,10,9.113573407202216,10.0,361,p0_lite_outputs\p1_rolling_window_market_validation_20260719\raw_configured_ecmade\TAIWAN50\window_008\BayesianConfig_ECMADE_MOO\run_007,1.0,0.35764646141767187,0.9429319921435991,0.005535100388078192,0.975,1.3529826100362585,0.019901557197404312
TAIWAN50,window_009,BayesianConfig_ECMADE_MOO,7,49,10,726,116,0.0961254020537274,0.0951254020537274,0.2206550167034124,0.2182370910707816,0.3024497575740015,0.8115096615915875,0.9803371035225578,-0.256777547138426,1.0,0.001,10.86771719995886,0.050036263073082655,-0.25677754713842604,10,9.256140350877192,10.0,285,p0_lite_outputs\p1_rolling_window_market_validation_20260719\raw_configured_ecmade\TAIWAN50\window_009\BayesianConfig_ECMADE_MOO\run_007,1.0,0.4035233298329175,0.9410643236229236,0.011397006973694748,0.9333333333333333,1.2398090454088553,0.025661859653479745
TAIWAN50,window_010,BayesianConfig_ECMADE_MOO,7,49,10,725,124,0.3466907157840546,0.3456907157840546,0.8310730188889055,0.8283108503410892,0.1639850565503289,3.7750034187184967,6.346773369534572,-0.0517512273530806,1.0000000000000002,0.001,11.29312129993923,0.01888231182678744,-0.05175122735308069,10,9.328840970350404,10.0,371,p0_lite_outputs\p1_rolling_window_market_validation_20260719\raw_configured_ecmade\TAIWAN50\window_010\BayesianConfig_ECMADE_MOO\run_007,1.0000000000000002,0.5831224610239839,0.9536612370378653,0.006584117314234097,0.9833333333333333,1.3254820636245614,0.03552049531456633
TAIWAN50,window_011,BayesianConfig_ECMADE_MOO,7,49,10,722,116,0.4766629424399553,0.4756629424399553,1.3321108879507189,1.3286813316418145,0.2086627174073356,4.1689525858344405,6.844654162432237,-0.0508875324685238,1.0,0.001,10.558368000085466,0.025549434813556354,-0.050887532468523844,10,8.665680473372781,10.0,338,p0_lite_outputs\p1_rolling_window_market_validation_20260719\raw_configured_ecmade\TAIWAN50\window_011\BayesianConfig_ECMADE_MOO\run_007,1.0,0.7078207257744936,0.9941040726151699,0.0040277822378541285,1.0,1.4003553785717509,0.05192386745183754
TAIWAN50,window_001,BayesianConfig_ECMADE_MOO,8,49,10,730,115,0.2970924012329232,0.2960924012329232,0.7682906780765835,0.7653047044357653,0.2555802047497364,2.359743614380285,4.361831078622569,-0.1252861697122597,1.0,0.001,10.375783999916166,0.02837599790951757,-0.1252861697122597,10,9.145390070921986,10.0,282,p0_lite_outputs\p1_rolling_window_market_validation_20260719\raw_configured_ecmade\TAIWAN50\window_001\BayesianConfig_ECMADE_MOO\run_008,1.0,1.0,1.0800177908959314,0.007603312158610381,0.9166666666666666,1.3605877397485664,0.02926416264417699
TAIWAN50,window_002,BayesianConfig_ECMADE_MOO,8,49,10,729,126,0.0030416806557853,0.0020416806557853,0.0060926131327825,0.004087529771471,0.3289391599743138,0.1834304215870078,0.2734087520592139,-0.2672079163552171,1.0,0.001,10.26839579991065,0.04359440557285731,-0.2672079163552171,10,9.64516129032258,10.0,279,p0_lite_outputs\p1_rolling_window_market_validation_20260719\raw_configured_ecmade\TAIWAN50\window_002\BayesianConfig_ECMADE_MOO\run_008,1.0,0.585711922141362,0.9893373294209178,0.007283505710887713,0.975,1.1622147394759634,0.013748465332788479
TAIWAN50,window_003,BayesianConfig_ECMADE_MOO,8,49,10,728,117,-0.2750450078712947,-0.2760450078712947,-0.4998140584064416,-0.501298931673031,0.2535465626789088,-2.6012687350630657,-3.858545749287889,-0.2807034431815309,1.0,0.001,10.335686800070109,0.03712353537920568,-0.28070344318153095,10,9.6328125,10.0,256,p0_lite_outputs\p1_rolling_window_market_validation_20260719\raw_configured_ecmade\TAIWAN50\window_003\BayesianConfig_ECMADE_MOO\run_008,1.0,0.5371801812745988,0.995400897730982,0.042346214740449785,0.825,0.926506043521811,0.031688255011085756
TAIWAN50,window_004,BayesianConfig_ECMADE_MOO,8,49,10,730,127,-0.0161916039287363,-0.0171916039287363,-0.0318721925184209,-0.0338238414090771,0.1782429837702923,-0.0924485526424344,-0.1425275577996279,-0.182341056063765,1.0,0.001,10.45945640001446,0.024750911431840127,-0.18234105606376505,10,9.63125,10.0,320,p0_lite_outputs\p1_rolling_window_market_validation_20260719\raw_configured_ecmade\TAIWAN50\window_004\BayesianConfig_ECMADE_MOO\run_008,1.0,0.405341888455814,1.0701497503379238,0.030084103875209968,0.8833333333333333,1.1129669222174734,0.029114143087230503
TAIWAN50,window_005,BayesianConfig_ECMADE_MOO,8,49,10,733,112,0.3005521501473849,0.2995521501473849,0.8062900337544598,0.8031665914452224,0.1556889876084076,3.879962669145784,7.27034773596297,-0.0444373409296687,1.0,0.001,10.545772300101817,0.017116686080746308,-0.04443734092966878,9,9.406666666666666,10.0,300,p0_lite_outputs\p1_rolling_window_market_validation_20260719\raw_configured_ecmade\TAIWAN50\window_005\BayesianConfig_ECMADE_MOO\run_008,1.0,0.33573957144784883,1.0017993720639429,0.02660634541691742,0.8833333333333333,1.0468525937425601,0.039002145247642735
TAIWAN50,window_006,BayesianConfig_ECMADE_MOO,8,49,10,729,125,0.1615967122260992,0.1605967122260992,0.3525447227989118,0.3501983510679922,0.270120997766024,1.254054471578418,1.7831425126178624,-0.1746401116504465,1.0,0.001,10.587267599999905,0.038619766962526995,-0.1746401116504468,10,9.243816254416961,10.0,283,p0_lite_outputs\p1_rolling_window_market_validation_20260719\raw_configured_ecmade\TAIWAN50\window_006\BayesianConfig_ECMADE_MOO\run_008,1.0,0.7028863962669777,1.0345395185062396,0.031047668777472618,0.8916666666666667,1.0338681394695812,0.03236382293322247
TAIWAN50,window_007,BayesianConfig_ECMADE_MOO,8,49,10,727,117,0.2592976910987645,0.2582976910987645,0.6430893643951097,0.6402803856353165,0.1527998629696607,3.329282662345378,5.873528870265672,-0.0549543854152551,1.0,0.001,11.006170899956487,0.018130923977673373,-0.054954385415255325,9,9.173333333333334,10.0,300,p0_lite_outputs\p1_rolling_window_market_validation_20260719\raw_configured_ecmade\TAIWAN50\window_007\BayesianConfig_ECMADE_MOO\run_008,1.0,0.6535874571877106,1.0620358275273827,0.013857941752675249,0.9083333333333333,1.2273713512609599,0.054188272634318926
TAIWAN50,window_008,BayesianConfig_ECMADE_MOO,8,49,10,729,123,-0.0106530733372988,-0.0116530733372988,-0.0217039029688176,-0.0237287251603934,0.1785749210765501,-0.0329695995021089,-0.0406166923442199,-0.1054570470209477,1.0,0.001,10.65455059998203,0.027529520825954334,-0.10545704702094771,10,9.102409638554217,10.0,332,p0_lite_outputs\p1_rolling_window_market_validation_20260719\raw_configured_ecmade\TAIWAN50\window_008\BayesianConfig_ECMADE_MOO\run_008,1.0,0.29164775953930616,0.940885421070265,0.007387854336280603,0.9416666666666667,1.3013914809498912,0.019901557197404312
TAIWAN50,window_009,BayesianConfig_ECMADE_MOO,8,49,10,726,116,0.0955918695956992,0.0945918695956992,0.2193646529288848,0.2169481076944126,0.2843932644298745,0.8403719023708146,1.039000827410326,-0.2364445785714483,1.0,0.001,10.9355672999518,0.046171098221622166,-0.2364445785714483,10,9.049122807017543,10.0,285,p0_lite_outputs\p1_rolling_window_market_validation_20260719\raw_configured_ecmade\TAIWAN50\window_009\BayesianConfig_ECMADE_MOO\run_008,1.0,0.48987807323978455,0.933668064174915,0.019161791643569116,0.875,1.1311888702935085,0.025661859653479745
TAIWAN50,window_010,BayesianConfig_ECMADE_MOO,8,49,10,725,124,0.3912709926194717,0.3902709926194717,0.9563639236297898,0.953507282866766,0.1736578661799396,3.956404412994859,6.207208534997516,-0.0509611878442629,1.0,0.001,10.963290499988943,0.021621372764857642,-0.050961187844262956,10,9.539823008849558,10.0,339,p0_lite_outputs\p1_rolling_window_market_validation_20260719\raw_configured_ecmade\TAIWAN50\window_010\BayesianConfig_ECMADE_MOO\run_008,1.0,0.5980438669866083,0.9407429204954535,0.014407862128051537,0.9166666666666666,1.1719519426427085,0.03552049531456633
TAIWAN50,window_011,BayesianConfig_ECMADE_MOO,8,49,10,722,116,0.5429528393117027,0.5419528393117027,1.5655465503730015,1.5619357392302606,0.2513663963237489,3.880508686086755,6.254657513190232,-0.0555187851964786,1.0,0.001,12.140728699974716,0.031228134433536333,-0.05551878519647868,10,9.746794871794872,10.0,312,p0_lite_outputs\p1_rolling_window_market_validation_20260719\raw_configured_ecmade\TAIWAN50\window_011\BayesianConfig_ECMADE_MOO\run_008,1.0,0.5439019140096448,0.9856888855438588,0.009137062928628276,0.9333333333333333,1.2356631318186224,0.05192386745183754
TAIWAN50,window_001,BayesianConfig_ECMADE_MOO,9,49,10,730,115,0.3578118502409817,0.3568118502409817,0.954753418480646,0.9516001239639404,0.2875974968507224,2.4764642817981226,4.372914253127487,-0.1400898209473474,1.0,0.001,10.60581659991294,0.03290273924503838,-0.14008982094734757,9,9.273972602739725,10.0,292,p0_lite_outputs\p1_rolling_window_market_validation_20260719\raw_configured_ecmade\TAIWAN50\window_001\BayesianConfig_ECMADE_MOO\run_009,1.0,1.0,1.0756888559840199,0.02025456084593828,0.875,1.1637124432355144,0.02926416264417699
TAIWAN50,window_002,BayesianConfig_ECMADE_MOO,9,49,10,729,126,0.0106496502035255,0.0096496502035255,0.0214127154565086,0.0193924161561018,0.353518387648616,0.2372186694318077,0.3551059206255754,-0.2753558636813858,1.0,0.001,10.977697500027716,0.046208636227418796,-0.275355863681386,10,9.561904761904762,10.0,315,p0_lite_outputs\p1_rolling_window_market_validation_20260719\raw_configured_ecmade\TAIWAN50\window_002\BayesianConfig_ECMADE_MOO\run_009,1.0,0.5699904380500944,0.9874702629158947,0.00699320908566031,0.9583333333333334,1.2030945412047802,0.013748465332788479
TAIWAN50,window_003,BayesianConfig_ECMADE_MOO,9,49,10,728,117,-0.2957981211525389,-0.2967981211525389,-0.5301457541183511,-0.5315816559059863,0.2665988199352427,-2.694975170926201,-3.917255033518309,-0.300249177511488,1.0,0.001,10.153501600027084,0.04004802018166893,-0.30024917751148794,10,9.34965034965035,10.0,286,p0_lite_outputs\p1_rolling_window_market_validation_20260719\raw_configured_ecmade\TAIWAN50\window_003\BayesianConfig_ECMADE_MOO\run_009,1.0,0.5945605479976825,1.0449310868143908,0.02473600642024561,0.8916666666666667,1.039736244731888,0.031688255011085756
TAIWAN50,window_004,BayesianConfig_ECMADE_MOO,9,49,10,730,127,-0.0230167992104691,-0.0240167992104691,-0.0451537418545737,-0.047092056847881,0.1777812460091969,-0.1708210135657851,-0.2611461104532315,-0.1869155129707657,1.0,0.001,10.321840599994175,0.024365594588178004,-0.1869155129707657,10,9.5125786163522,10.0,318,p0_lite_outputs\p1_rolling_window_market_validation_20260719\raw_configured_ecmade\TAIWAN50\window_004\BayesianConfig_ECMADE_MOO\run_009,1.0,0.429780959015758,1.0589635495035346,0.039038539626626775,0.85,1.0461417416663477,0.029114143087230503
TAIWAN50,window_005,BayesianConfig_ECMADE_MOO,9,49,10,733,112,0.4226671604888281,0.4216671604888281,1.2104588794443225,1.206964493832576,0.1998258931741743,4.075233479343279,7.382073270804512,-0.0627320208594482,1.0,0.001,10.740044499980286,0.02108948867102263,-0.06273202085944829,9,9.131147540983607,10.0,305,p0_lite_outputs\p1_rolling_window_market_validation_20260719\raw_configured_ecmade\TAIWAN50\window_005\BayesianConfig_ECMADE_MOO\run_009,1.0,0.4915268943740209,1.0070709739870256,0.02379418942293266,0.9166666666666666,1.0835607481851575,0.039002145247642735
TAIWAN50,window_006,BayesianConfig_ECMADE_MOO,9,49,10,729,125,0.1621503630277014,0.1611503630277014,0.3538446764351097,0.3514971679679146,0.3002463922598979,1.1601374994099498,1.640214678320029,-0.2083242899063762,1.0,0.001,10.086927699972875,0.04283259778820521,-0.2083242899063762,10,9.282945736434108,10.0,258,p0_lite_outputs\p1_rolling_window_market_validation_20260719\raw_configured_ecmade\TAIWAN50\window_006\BayesianConfig_ECMADE_MOO\run_009,1.0,0.6245847172948236,1.0215726058542038,0.038443762280403714,0.8916666666666667,0.9880196012136412,0.03236382293322247
TAIWAN50,window_007,BayesianConfig_ECMADE_MOO,9,49,10,727,117,0.2279491999617273,0.2269491999617273,0.5562553685062941,0.5535269495472543,0.1351926369054565,3.34184313100013,5.793169024977247,-0.0477986530426678,1.0,0.001,10.862996899988502,0.01561215764790577,-0.04779865304266784,9,9.462046204620462,10.0,303,p0_lite_outputs\p1_rolling_window_market_validation_20260719\raw_configured_ecmade\TAIWAN50\window_007\BayesianConfig_ECMADE_MOO\run_009,1.0,0.724644547738456,1.024414558338464,0.051860066224874254,0.825,0.9836602941726797,0.054188272634318926
TAIWAN50,window_008,BayesianConfig_ECMADE_MOO,9,49,10,729,123,0.0011677883815537,0.0001677883815537,0.0023940072151518,0.0003437918086981,0.2188828732846702,0.1211909690647637,0.1489405388399217,-0.1426059460805161,1.0,0.001,10.521430799970403,0.03455259644088587,-0.14260594608051613,9,9.253424657534246,10.0,292,p0_lite_outputs\p1_rolling_window_market_validation_20260719\raw_configured_ecmade\TAIWAN50\window_008\BayesianConfig_ECMADE_MOO\run_009,1.0,0.2894016706601586,0.936248889692665,0.010127580416068782,0.9416666666666667,1.2518220675384453,0.019901557197404312
TAIWAN50,window_009,BayesianConfig_ECMADE_MOO,9,49,10,726,116,0.0918442043655221,0.0908442043655221,0.2103215685855768,0.2079147163421577,0.2838971536681378,0.8150783474615286,1.0138864653122943,-0.2323341896934317,1.0,0.001,11.412157400045544,0.04594577056212404,-0.23233418969343178,10,9.03735632183908,10.0,348,p0_lite_outputs\p1_rolling_window_market_validation_20260719\raw_configured_ecmade\TAIWAN50\window_009\BayesianConfig_ECMADE_MOO\run_009,1.0,0.3390211403046425,0.9503402875633934,0.0041504879152052514,1.0,1.387843997250499,0.025661859653479745
TAIWAN50,window_010,BayesianConfig_ECMADE_MOO,9,49,10,725,124,0.2700743093735898,0.2690743093735898,0.6255771633310239,0.6229771187646349,0.1442537203391716,3.4435157317040384,5.294775509162374,-0.0556048428598517,1.0,0.001,11.085643799975514,0.018309121757254264,-0.05560484285985179,10,9.366197183098592,10.0,355,p0_lite_outputs\p1_rolling_window_market_validation_20260719\raw_configured_ecmade\TAIWAN50\window_010\BayesianConfig_ECMADE_MOO\run_009,1.0,0.7780817136438826,0.9563331861220972,0.0044033485565017575,1.0,1.381099131774339,0.03552049531456633
TAIWAN50,window_011,BayesianConfig_ECMADE_MOO,9,49,10,722,116,0.4781430561146966,0.4771430561146966,1.3371920209654935,1.3337584326878726,0.2325242031827434,3.7731771742084743,5.986231516017258,-0.0545058677215123,1.0,0.001,12.356842599925583,0.029756456571991455,-0.054505867721512335,10,8.65606936416185,10.0,346,p0_lite_outputs\p1_rolling_window_market_validation_20260719\raw_configured_ecmade\TAIWAN50\window_011\BayesianConfig_ECMADE_MOO\run_009,1.0,0.479209516124207,0.9923286996229845,0.005724641887546007,0.9666666666666667,1.3162718323279432,0.05192386745183754
TAIWAN50,window_001,BayesianConfig_ECMADE_MOO,10,49,10,730,115,0.3909278779460134,0.3899278779460134,1.0607438790972623,1.0574987192527838,0.2948218425544645,2.602329599174726,4.826623692488101,-0.1439035215480081,1.0,0.001,10.31113670009654,0.03273515614725608,-0.14390352154800812,10,9.101503759398497,10.0,266,p0_lite_outputs\p1_rolling_window_market_validation_20260719\raw_configured_ecmade\TAIWAN50\window_001\BayesianConfig_ECMADE_MOO\run_010,1.0,1.0,1.0692573770536964,0.03949279060025469,0.875,1.0569452201160199,0.02926416264417699
TAIWAN50,window_002,BayesianConfig_ECMADE_MOO,10,49,10,729,126,0.0033168120881517,0.0023168120881517,0.0066446254187315,0.0046389917945555,0.3506188586085721,0.1948019377845117,0.2907675720390678,-0.2765089817761312,1.0000000000000002,0.001,11.05798829998821,0.04654321741275106,-0.27650898177613126,9,9.67524115755627,10.0,311,p0_lite_outputs\p1_rolling_window_market_validation_20260719\raw_configured_ecmade\TAIWAN50\window_002\BayesianConfig_ECMADE_MOO\run_010,1.0000000000000002,0.6288149840870256,0.9918509354065729,0.006877660028696305,0.975,1.1702313339432673,0.013748465332788479
TAIWAN50,window_003,BayesianConfig_ECMADE_MOO,10,49,10,728,117,-0.2905124671490112,-0.2915124671490112,-0.5225169462448764,-0.5239652998566772,0.2784945600648607,-2.510553758358616,-3.657446720661472,-0.2967618474277718,1.0,0.001,10.38453409995418,0.04085702300325401,-0.2967618474277718,10,9.538461538461538,10.0,325,p0_lite_outputs\p1_rolling_window_market_validation_20260719\raw_configured_ecmade\TAIWAN50\window_003\BayesianConfig_ECMADE_MOO\run_010,1.0,0.6121898824036269,1.0613987376867133,0.01443292252635791,0.9166666666666666,1.1165893087548417,0.031688255011085756
TAIWAN50,window_004,BayesianConfig_ECMADE_MOO,10,49,10,730,127,-0.0364314962518914,-0.0374314962518914,-0.0709929519202746,-0.0729050552891696,0.1700881875390897,-0.3476963445573116,-0.5386722924506243,-0.1851987483770029,1.0,0.001,10.33679159998428,0.023350315166026068,-0.1851987483770029,9,9.699386503067485,10.0,326,p0_lite_outputs\p1_rolling_window_market_validation_20260719\raw_configured_ecmade\TAIWAN50\window_004\BayesianConfig_ECMADE_MOO\run_010,1.0,0.4657643985326071,1.0645456793959673,0.02501490019278444,0.875,1.137026496850214,0.029114143087230503
TAIWAN50,window_005,BayesianConfig_ECMADE_MOO,10,49,10,733,112,0.2697340131858665,0.2687340131858665,0.711408541996368,0.7083773764982502,0.1383189781255946,3.957799879634996,7.304579574565624,-0.0382111897293613,1.0,0.001,10.478994399891237,0.015429116459649691,-0.03821118972936133,9,9.64873417721519,10.0,316,p0_lite_outputs\p1_rolling_window_market_validation_20260719\raw_configured_ecmade\TAIWAN50\window_005\BayesianConfig_ECMADE_MOO\run_010,1.0,0.25334560338250456,0.9841442553824761,0.03652857209752122,0.875,0.9793731301876072,0.039002145247642735
TAIWAN50,window_006,BayesianConfig_ECMADE_MOO,10,49,10,729,125,0.1794985570694987,0.1784985570694987,0.394896506165389,0.3925133746281715,0.2877164955671384,1.3018383300637024,1.8010773639286273,-0.1886224342141904,1.0,0.001,10.430233400082216,0.04152168761809979,-0.18862243421419067,10,9.603988603988604,10.0,351,p0_lite_outputs\p1_rolling_window_market_validation_20260719\raw_configured_ecmade\TAIWAN50\window_006\BayesianConfig_ECMADE_MOO\run_010,1.0,0.8203533843352515,1.0213907700914788,0.03820851266488428,0.8833333333333333,0.9890577379035256,0.03236382293322247
TAIWAN50,window_007,BayesianConfig_ECMADE_MOO,10,49,10,727,117,0.1994436884072392,0.1984436884072392,0.4794846894683773,0.4768292502984688,0.1394802137730157,2.880044721854787,4.7416801716989845,-0.0507934794836967,1.0,0.001,10.747772099915892,0.016259764816512545,-0.050793479483696724,10,8.550819672131148,10.0,305,p0_lite_outputs\p1_rolling_window_market_validation_20260719\raw_configured_ecmade\TAIWAN50\window_007\BayesianConfig_ECMADE_MOO\run_010,1.0,0.5494641488482038,1.06972398547325,0.005198752412154326,0.9666666666666667,1.385525280002466,0.054188272634318926
TAIWAN50,window_008,BayesianConfig_ECMADE_MOO,10,49,10,729,123,-0.0104383510801576,-0.0114383510801576,-0.0212688485043148,-0.0232941318241995,0.2055445030374618,-0.0011003973320595,-0.0013708047703435,-0.13264370343088,1.0,0.001,10.937585899955591,0.03195776256981612,-0.13264370343088006,9,9.592705167173252,10.0,329,p0_lite_outputs\p1_rolling_window_market_validation_20260719\raw_configured_ecmade\TAIWAN50\window_008\BayesianConfig_ECMADE_MOO\run_010,1.0,0.3005435081357403,0.9402055067767201,0.0068093304398866095,0.9583333333333334,1.3168432667953145,0.019901557197404312
TAIWAN50,window_009,BayesianConfig_ECMADE_MOO,10,49,10,726,116,0.0843879787922416,0.0833879787922416,0.1924377477442471,0.1900501632634061,0.2824239223302391,0.7651014119414414,0.9501674971760432,-0.2318690130907891,1.0,0.001,11.653019499965012,0.04568529049541212,-0.23186901309078922,10,9.393854748603353,10.0,358,p0_lite_outputs\p1_rolling_window_market_validation_20260719\raw_configured_ecmade\TAIWAN50\window_009\BayesianConfig_ECMADE_MOO\run_010,1.0,0.2968769827852942,0.9457119125575785,0.006162675683796642,0.9666666666666667,1.3334686943496776,0.025661859653479745
TAIWAN50,window_010,BayesianConfig_ECMADE_MOO,10,49,10,725,124,0.3772591333183526,0.3762591333183526,0.9165303378393106,0.9137034009608456,0.164849302184643,4.033637217311968,6.208013021069387,-0.0518754644499489,1.0,0.001,11.181674399995243,0.020566357604899364,-0.05187546444994895,10,9.694677871148459,10.0,357,p0_lite_outputs\p1_rolling_window_market_validation_20260719\raw_configured_ecmade\TAIWAN50\window_010\BayesianConfig_ECMADE_MOO\run_010,1.0,0.6771755817921459,0.9528073429006013,0.006526437365894112,0.9666666666666667,1.2954212259174833,0.03552049531456633
TAIWAN50,window_011,BayesianConfig_ECMADE_MOO,10,49,10,722,116,0.4080627764524616,0.4070627764524616,1.1031416352499162,1.0998981776979946,0.2210976385179897,3.477762398515379,5.449779071325573,-0.0553693129360985,1.0,0.001,12.799124400014987,0.028177749725613807,-0.05536931293609859,10,9.406626506024097,10.0,332,p0_lite_outputs\p1_rolling_window_market_validation_20260719\raw_configured_ecmade\TAIWAN50\window_011\BayesianConfig_ECMADE_MOO\run_010,1.0,0.6629214645483448,0.9896176999967816,0.0060428387760773335,0.9666666666666667,1.3195350769441763,0.05192386745183754
TAIWAN50,window_001,ExperimentC_StabilityAware_ECMADE_MOO,1,49,10,730,115,0.2372595779992543,0.2362595779992543,0.5944459684245431,0.5916234124626101,0.2956979181103812,1.7262278470814754,2.990001441406397,-0.1587299458228771,1.0,0.001,10.700438700034285,0.035517347400482464,-0.15872994582287714,10,8.653495440729483,9.0,329,p0_lite_outputs\p1_rolling_window_market_validation_20260719\raw_configured_ecmade\TAIWAN50\window_001\ExperimentC_StabilityAware_ECMADE_MOO\run_001,1.0,1.0,1.0775193965820375,0.029678440642955335,0.875,1.1105604844961154,0.054698251853694715
TAIWAN50,window_002,ExperimentC_StabilityAware_ECMADE_MOO,1,49,10,729,126,0.0163916594622435,0.0153916594622435,0.0330520054244132,0.0310202221054889,0.3311802165828755,0.2642862897281272,0.3966407834452573,-0.2584231882186215,1.0000000000000002,0.001,11.074606600101106,0.043860860565014224,-0.25842318821862154,10,9.112021857923498,10.0,366,p0_lite_outputs\p1_rolling_window_market_validation_20260719\raw_configured_ecmade\TAIWAN50\window_002\ExperimentC_StabilityAware_ECMADE_MOO\run_001,1.0000000000000002,0.6136651907013794,0.9998424039420732,0.00538046579620414,0.9916666666666667,1.2165617619474711,0.014535912942586379
TAIWAN50,window_003,ExperimentC_StabilityAware_ECMADE_MOO,1,49,10,728,117,-0.3043300568748039,-0.3053300568748039,-0.5423211704046687,-0.5437370032321371,0.289016466647054,-2.554894930518689,-3.809335349549038,-0.3083600890299603,1.0,0.001,10.69184069999028,0.04233327236728709,-0.30836008902996037,10,9.872413793103448,10.0,290,p0_lite_outputs\p1_rolling_window_market_validation_20260719\raw_configured_ecmade\TAIWAN50\window_003\ExperimentC_StabilityAware_ECMADE_MOO\run_001,1.0,0.5254755109015922,1.0502087429520404,0.014045971871844077,0.8166666666666667,1.16929774992074,0.047208169519628376
TAIWAN50,window_004,ExperimentC_StabilityAware_ECMADE_MOO,1,49,10,730,127,-0.0390946181532589,-0.0400946181532589,-0.0760807886435468,-0.0779876877284131,0.1688708534167558,-0.3839429193303694,-0.5957889651158962,-0.1832443387673522,1.0,0.001,11.239799199975096,0.023463669064555655,-0.18324433876735224,10,7.058080808080808,10.0,396,p0_lite_outputs\p1_rolling_window_market_validation_20260719\raw_configured_ecmade\TAIWAN50\window_004\ExperimentC_StabilityAware_ECMADE_MOO\run_001,1.0,0.5100596587537909,1.0752959297553555,0.004640553457893808,1.0,1.4088935916397474,0.04644471593241343
TAIWAN50,window_005,ExperimentC_StabilityAware_ECMADE_MOO,1,49,10,733,112,0.274737302028144,0.273737302028144,0.7266191871793917,0.7235730783555065,0.1390703093441091,4.000970081179977,7.264867313302096,-0.0406818021430636,1.0,0.001,11.057950199930929,0.015751576782498316,-0.040681802143063606,10,8.630813953488373,10.0,344,p0_lite_outputs\p1_rolling_window_market_validation_20260719\raw_configured_ecmade\TAIWAN50\window_005\ExperimentC_StabilityAware_ECMADE_MOO\run_001,1.0,0.2546147577737228,1.026521722720918,0.004009075823850836,1.0,1.3994533037261463,0.029463970463331664
TAIWAN50,window_006,ExperimentC_StabilityAware_ECMADE_MOO,1,49,10,729,125,0.1623927615807361,0.1613927615807361,0.3544140182540607,0.3520660120999874,0.271466885422344,1.2542213279337515,1.7629887412964398,-0.1916146018057017,1.0,0.001,11.088209199951962,0.03870685356858131,-0.19161460180570178,10,9.115264797507788,10.0,321,p0_lite_outputs\p1_rolling_window_market_validation_20260719\raw_configured_ecmade\TAIWAN50\window_006\ExperimentC_StabilityAware_ECMADE_MOO\run_001,1.0,0.6975637996023116,1.047155779642704,0.012862534466429472,0.925,1.1951603836575728,0.037253213288158955
TAIWAN50,window_007,ExperimentC_StabilityAware_ECMADE_MOO,1,49,10,727,117,0.2207097113522771,0.2197097113522771,0.5365609213726517,0.5338510618983243,0.1358423128629389,3.2325867926462157,5.34248571892035,-0.0493847936893934,1.0,0.001,10.362456599948928,0.01596681387700385,-0.049384793689393414,10,9.547413793103448,10.0,232,p0_lite_outputs\p1_rolling_window_market_validation_20260719\raw_configured_ecmade\TAIWAN50\window_007\ExperimentC_StabilityAware_ECMADE_MOO\run_001,1.0,0.4767608401758967,1.0339600290634718,0.04868996770269648,0.85,1.0049836252154434,0.03415927874869597
TAIWAN50,window_008,ExperimentC_StabilityAware_ECMADE_MOO,1,49,10,729,123,0.0129759778124389,0.0119759778124389,0.0267658647264621,0.0246902687136216,0.1794849524397277,0.2373948659716591,0.3039865639215963,-0.1085713183724088,1.0,0.001,5.657079200027511,0.026999251484089503,-0.10857131837240885,10,8.798136645962733,10.0,322,p0_lite_outputs\p1_rolling_window_market_validation_20260719\raw_configured_ecmade\TAIWAN50\window_008\ExperimentC_StabilityAware_ECMADE_MOO\run_001,1.0,0.3666554542139032,0.9454464038745176,0.004611852029450719,0.9916666666666667,1.3838107729752314,0.04127882688080756
TAIWAN50,window_009,ExperimentC_StabilityAware_ECMADE_MOO,1,49,10,726,116,0.1018400092470319,0.1008400092470319,0.2345221688786276,0.2320894506942674,0.2865771774251188,0.8794393990388946,1.081494917397374,-0.2375796234773624,1.0,0.001,11.057459899922833,0.04684362142308221,-0.2375796234773624,10,9.843949044585987,10.0,314,p0_lite_outputs\p1_rolling_window_market_validation_20260719\raw_configured_ecmade\TAIWAN50\window_009\ExperimentC_StabilityAware_ECMADE_MOO\run_001,1.0,0.49646510952733797,0.9412422977655152,0.00972999800504299,0.9416666666666667,1.2677947112608647,0.034585349925284434
TAIWAN50,window_010,ExperimentC_StabilityAware_ECMADE_MOO,1,49,10,725,124,0.4039578697469386,0.4029578697469386,0.9927898772863036,0.9899063331504916,0.1726718032278274,4.085051468609001,6.426124833350397,-0.0457269385621688,1.0,0.001,11.281436000019312,0.020780048062210642,-0.045726938562168806,10,8.734104046242775,10.0,346,p0_lite_outputs\p1_rolling_window_market_validation_20260719\raw_configured_ecmade\TAIWAN50\window_010\ExperimentC_StabilityAware_ECMADE_MOO\run_001,1.0,0.5968434851382672,0.9570070274879919,0.00490951411045821,0.9916666666666667,1.3961078621921532,0.03680894382870094
TAIWAN50,window_011,ExperimentC_StabilityAware_ECMADE_MOO,1,49,10,722,116,0.4439359963625806,0.4429359963625806,1.2212843278598635,1.2179437436971297,0.2173623862507522,3.7858624478964096,6.17179425698644,-0.0474441624589733,1.0,0.001,4.135677000042051,0.026593958340460758,-0.047444162458973316,10,9.087209302325581,10.0,344,p0_lite_outputs\p1_rolling_window_market_validation_20260719\raw_configured_ecmade\TAIWAN50\window_011\ExperimentC_StabilityAware_ECMADE_MOO\run_001,1.0,0.4669384078439581,0.9928970481710985,0.004852855029599023,0.9916666666666667,1.4039486157888852,0.03279584309673505
TAIWAN50,window_001,ExperimentC_StabilityAware_ECMADE_MOO,2,49,10,730,115,0.4046111533722178,0.4036111533722178,1.1054277907929966,1.1021445499824818,0.2893610998309633,2.7203277300234854,5.011082621216364,-0.1429867648363454,1.0,0.001,10.346932400017977,0.03192245534165082,-0.14298676483634543,10,9.534296028880867,10.0,277,p0_lite_outputs\p1_rolling_window_market_validation_20260719\raw_configured_ecmade\TAIWAN50\window_001\ExperimentC_StabilityAware_ECMADE_MOO\run_002,1.0,1.0,1.0734790468963296,0.03644494791650789,0.8666666666666667,1.0639047509177793,0.054698251853694715
TAIWAN50,window_002,ExperimentC_StabilityAware_ECMADE_MOO,2,49,10,729,126,0.0086567020593653,0.0076567020593653,0.0173883426092751,0.0153720292051566,0.3528880135928043,0.2259069729363183,0.3324254165766364,-0.2670602641747299,1.0,0.001,10.881726999999955,0.0465783075325597,-0.26706026417472994,10,9.31791907514451,10.0,346,p0_lite_outputs\p1_rolling_window_market_validation_20260719\raw_configured_ecmade\TAIWAN50\window_002\ExperimentC_StabilityAware_ECMADE_MOO\run_002,1.0,0.6282240506999377,0.9979320937888407,0.005513773789867126,0.975,1.2180260780860548,0.014535912942586379
TAIWAN50,window_003,ExperimentC_StabilityAware_ECMADE_MOO,2,49,10,728,117,-0.311979495964432,-0.312979495964432,-0.5530917630648557,-0.5544896349312989,0.2863861208035321,-2.663946769911687,-4.062296121804904,-0.3165985011628613,1.0000000000000002,0.001,10.589148300001398,0.04128107516746287,-0.3165985011628618,10,9.696551724137931,10.0,290,p0_lite_outputs\p1_rolling_window_market_validation_20260719\raw_configured_ecmade\TAIWAN50\window_003\ExperimentC_StabilityAware_ECMADE_MOO\run_002,1.0000000000000002,0.5650402123554793,1.0479506816981798,0.022957836316699103,0.9083333333333333,1.0532156449156338,0.047208169519628376
TAIWAN50,window_004,ExperimentC_StabilityAware_ECMADE_MOO,2,49,10,730,127,-0.0282208952635321,-0.0292208952635321,-0.0552195462943178,-0.0571476934305535,0.1696428420145914,-0.249873724268773,-0.3946144741995748,-0.1803077714169793,1.0,0.0009999999999999,11.010400399914944,0.02328331539215948,-0.1803077714169793,10,9.824742268041238,10.0,291,p0_lite_outputs\p1_rolling_window_market_validation_20260719\raw_configured_ecmade\TAIWAN50\window_004\ExperimentC_StabilityAware_ECMADE_MOO\run_002,1.0,0.5330950459788211,1.0671528033877256,0.03407529913980951,0.875,1.0952756537917783,0.04644471593241343
TAIWAN50,window_005,ExperimentC_StabilityAware_ECMADE_MOO,2,49,10,733,112,0.317124421517625,0.316124421517625,0.8584903277449214,0.8553170367131058,0.1458502813326065,4.327263354095816,7.996121483630699,-0.0384386712070551,1.0,0.0009999999999999,11.716261700028554,0.015114808394501272,-0.03843867120705513,10,9.8675,10.0,400,p0_lite_outputs\p1_rolling_window_market_validation_20260719\raw_configured_ecmade\TAIWAN50\window_005\ExperimentC_StabilityAware_ECMADE_MOO\run_002,1.0,0.3025646877238201,0.9902132108510567,0.03174831404836454,0.9,1.02587571387168,0.029463970463331664
TAIWAN50,window_006,ExperimentC_StabilityAware_ECMADE_MOO,2,49,10,729,125,0.1773757884141529,0.1763757884141529,0.3898401165422465,0.3874613443863077,0.2925470779410073,1.2727262040258087,1.7856480375984205,-0.1893605619896468,1.0,0.001,10.93980609998107,0.04205031114807073,-0.1893605619896468,10,9.544585987261147,10.0,314,p0_lite_outputs\p1_rolling_window_market_validation_20260719\raw_configured_ecmade\TAIWAN50\window_006\ExperimentC_StabilityAware_ECMADE_MOO\run_002,1.0,0.6265233588887122,1.0246070278605306,0.03403485925760752,0.8833333333333333,1.0064424076246905,0.037253213288158955
TAIWAN50,window_007,ExperimentC_StabilityAware_ECMADE_MOO,2,49,10,727,117,0.2568200815258297,0.2558200815258297,0.6361345244100958,0.6333319239878139,0.1451207106721823,3.4683404468996386,5.8717189554051705,-0.047951826556588,1.0,0.001,10.71910540002864,0.01709859825789373,-0.04795182655658803,10,9.868512110726643,10.0,289,p0_lite_outputs\p1_rolling_window_market_validation_20260719\raw_configured_ecmade\TAIWAN50\window_007\ExperimentC_StabilityAware_ECMADE_MOO\run_002,1.0,0.6200402342661387,1.0049701076502249,0.06077562915459202,0.7833333333333333,0.9109360750357792,0.03415927874869597
TAIWAN50,window_008,ExperimentC_StabilityAware_ECMADE_MOO,2,49,10,729,123,0.008143554565817,0.007143554565817,0.0167556139940556,0.0146904065812314,0.1944421675539486,0.1831632319116096,0.2341118041179614,-0.1205458292778786,1.0,0.001,3.754335599951446,0.029558686402072844,-0.1205458292778786,10,9.721830985915492,10.0,284,p0_lite_outputs\p1_rolling_window_market_validation_20260719\raw_configured_ecmade\TAIWAN50\window_008\ExperimentC_StabilityAware_ECMADE_MOO\run_002,1.0,0.25725694203883887,0.938489433282427,0.00708690180808039,0.9583333333333334,1.3475461144687189,0.04127882688080756
TAIWAN50,window_009,ExperimentC_StabilityAware_ECMADE_MOO,2,49,10,726,116,0.0848654487189872,0.0838654487189872,0.1935786585189673,0.1911898408828238,0.2792872794205686,0.7742236435196564,0.9494551752813974,-0.2353597163062915,1.0,0.001,10.829262500046752,0.04593010089482958,-0.2353597163062915,10,9.846153846153847,10.0,312,p0_lite_outputs\p1_rolling_window_market_validation_20260719\raw_configured_ecmade\TAIWAN50\window_009\ExperimentC_StabilityAware_ECMADE_MOO\run_002,1.0,0.4200529473071942,0.9377261933327737,0.012150910684894071,0.9333333333333333,1.2297646439837668,0.034585349925284434
TAIWAN50,window_010,ExperimentC_StabilityAware_ECMADE_MOO,2,49,10,725,124,0.3766174708250158,0.3756174708250158,0.9147161547961808,0.911890577951882,0.1697739363203694,3.915954169149405,6.035108105928635,-0.0503768542768112,1.0,0.001,11.261903500068,0.02158706338763592,-0.05037685427681127,10,9.722955145118734,10.0,379,p0_lite_outputs\p1_rolling_window_market_validation_20260719\raw_configured_ecmade\TAIWAN50\window_010\ExperimentC_StabilityAware_ECMADE_MOO\run_002,1.0,0.6992792140244473,0.9537182578859464,0.005308547518172521,0.9666666666666667,1.3947813102666595,0.03680894382870094
TAIWAN50,window_011,ExperimentC_StabilityAware_ECMADE_MOO,2,49,10,722,116,0.4556951119812282,0.4546951119812282,1.2607702924118898,1.2573977792962705,0.2112720489732832,3.972551782933021,6.341862308145254,-0.0483481473889967,1.0,0.001,7.535294999950565,0.026202274211363008,-0.04834814738899673,10,9.815533980582524,10.0,309,p0_lite_outputs\p1_rolling_window_market_validation_20260719\raw_configured_ecmade\TAIWAN50\window_011\ExperimentC_StabilityAware_ECMADE_MOO\run_002,1.0,0.5914739265171894,0.973209850383393,0.01857833990500056,0.9166666666666666,1.1364893550571327,0.03279584309673505
TAIWAN50,window_001,ExperimentC_StabilityAware_ECMADE_MOO,3,49,10,730,115,0.3655097365622892,0.3645097365622892,0.9791198105659568,0.9759451996284008,0.313540945667818,2.335697837436106,4.336986528324257,-0.1559338411369683,1.0,0.001,10.501175800105557,0.035457490370902116,-0.1559338411369683,10,8.68141592920354,10.0,339,p0_lite_outputs\p1_rolling_window_market_validation_20260719\raw_configured_ecmade\TAIWAN50\window_001\ExperimentC_StabilityAware_ECMADE_MOO\run_003,1.0,1.0,1.0810561211095815,0.005993941618352899,0.925,1.3837298809115914,0.054698251853694715
TAIWAN50,window_002,ExperimentC_StabilityAware_ECMADE_MOO,3,49,10,729,126,0.009680882802834,0.008680882802834,0.0194554850975103,0.0174371233319043,0.3145575048887822,0.2188987822701551,0.3213309725741126,-0.2620092405702962,1.0,0.001,11.343957599950954,0.041425940015128705,-0.2620092405702962,9,9.582210242587601,10.0,371,p0_lite_outputs\p1_rolling_window_market_validation_20260719\raw_configured_ecmade\TAIWAN50\window_002\ExperimentC_StabilityAware_ECMADE_MOO\run_003,1.0,0.6827717011918739,0.9956592682755233,0.0075303768399169226,0.9916666666666667,1.199443482638971,0.014535912942586379
TAIWAN50,window_003,ExperimentC_StabilityAware_ECMADE_MOO,3,49,10,728,117,-0.2697902449863349,-0.2707902449863349,-0.4919725205646845,-0.4934698281144533,0.2455101081769197,-2.63141990915628,-3.946587765501933,-0.2748428199042116,1.0,0.001,11.532735700020568,0.036184877756161624,-0.27484281990421167,10,9.367601246105918,10.0,321,p0_lite_outputs\p1_rolling_window_market_validation_20260719\raw_configured_ecmade\TAIWAN50\window_003\ExperimentC_StabilityAware_ECMADE_MOO\run_003,1.0,0.4994748275345441,1.067445375712889,0.009070521729583727,0.9666666666666667,1.1806202144139062,0.047208169519628376
TAIWAN50,window_004,ExperimentC_StabilityAware_ECMADE_MOO,3,49,10,730,127,-0.0186105005375767,-0.0196105005375767,-0.0365896769637446,-0.03853660039584,0.1857056884364868,-0.1076328838621147,-0.1621022282747944,-0.18921810407606,1.0000000000000002,0.001,11.671773200039752,0.02670703018198367,-0.18921810407606,10,8.951612903225806,10.0,372,p0_lite_outputs\p1_rolling_window_market_validation_20260719\raw_configured_ecmade\TAIWAN50\window_004\ExperimentC_StabilityAware_ECMADE_MOO\run_003,1.0000000000000002,0.41536367810051333,1.0555446761597664,0.03804730374574973,0.85,1.064649494402469,0.04644471593241343
TAIWAN50,window_005,ExperimentC_StabilityAware_ECMADE_MOO,3,49,10,733,112,0.3176877649073883,0.3166877649073883,0.8602793070084238,0.8571043186929372,0.1549597685002028,4.087951039191363,7.556525811663301,-0.0423968454112668,1.0,0.001,11.073312600026838,0.016934587307753848,-0.04239684541126687,10,9.571428571428571,10.0,329,p0_lite_outputs\p1_rolling_window_market_validation_20260719\raw_configured_ecmade\TAIWAN50\window_005\ExperimentC_StabilityAware_ECMADE_MOO\run_003,1.0,0.3018240208126027,0.9907891901838712,0.029309368225028564,0.9,1.040477333467275,0.029463970463331664
TAIWAN50,window_006,ExperimentC_StabilityAware_ECMADE_MOO,3,49,10,729,125,0.1903268903206953,0.1893268903206953,0.4208333728774998,0.4184280020013398,0.3182762265212532,1.2638284275216645,1.798364151218184,-0.2161261341755644,1.0,0.001,11.153265899978578,0.044654006344790775,-0.21612613417556448,10,9.792642140468228,10.0,299,p0_lite_outputs\p1_rolling_window_market_validation_20260719\raw_configured_ecmade\TAIWAN50\window_006\ExperimentC_StabilityAware_ECMADE_MOO\run_003,1.0,0.6856281616279538,1.0462527313378738,0.009079821619743562,0.925,1.2796009848726964,0.037253213288158955
TAIWAN50,window_007,ExperimentC_StabilityAware_ECMADE_MOO,3,49,10,727,117,0.203072332127677,0.202072332127677,0.4891417971026583,0.4864770825719202,0.1548176487327672,2.6513394570077526,4.475927677423232,-0.0517611678267098,1.0,0.001,10.933975499938242,0.01848096880160768,-0.05176116782670981,9,9.562770562770563,10.0,231,p0_lite_outputs\p1_rolling_window_market_validation_20260719\raw_configured_ecmade\TAIWAN50\window_007\ExperimentC_StabilityAware_ECMADE_MOO\run_003,1.0,0.5897088310214557,1.044743342789223,0.04323741241798077,0.8666666666666667,1.0176679073568955,0.03415927874869597
TAIWAN50,window_008,ExperimentC_StabilityAware_ECMADE_MOO,3,49,10,729,123,-0.0067389017677162,-0.0077389017677162,-0.0137577460903698,-0.0157909749549164,0.2009889018926874,0.032325489512143,0.0399280020590397,-0.1299157189287487,1.0,0.001,10.696371299913151,0.03154451237453433,-0.12991571892874876,10,9.513307984790874,10.0,263,p0_lite_outputs\p1_rolling_window_market_validation_20260719\raw_configured_ecmade\TAIWAN50\window_008\ExperimentC_StabilityAware_ECMADE_MOO\run_003,1.0,0.5014185468698014,0.9351601086516511,0.009590882221388578,0.9166666666666666,1.310308476354585,0.04127882688080756
TAIWAN50,window_009,ExperimentC_StabilityAware_ECMADE_MOO,3,49,10,726,116,0.0885475858736279,0.0875475858736279,0.2023968815797396,0.1999985509940365,0.2668005522330995,0.8248654119335547,1.0243351298326289,-0.2170581890776844,1.0,0.001,10.8635722999461,0.04268967833561494,-0.21705818907768415,10,9.7,10.0,340,p0_lite_outputs\p1_rolling_window_market_validation_20260719\raw_configured_ecmade\TAIWAN50\window_009\ExperimentC_StabilityAware_ECMADE_MOO\run_003,1.0,0.5848905880678295,0.9463187198840882,0.005638627338372363,0.975,1.3552140965214012,0.034585349925284434
TAIWAN50,window_010,ExperimentC_StabilityAware_ECMADE_MOO,3,49,10,725,124,0.395705636157593,0.394705636157593,0.9690576579376656,0.9661916141122576,0.1772356973209683,3.9166226863189832,6.108471744982918,-0.0515905147285978,1.0,0.001,11.122595200082287,0.021963854435264114,-0.05159051472859788,10,9.955357142857142,10.0,336,p0_lite_outputs\p1_rolling_window_market_validation_20260719\raw_configured_ecmade\TAIWAN50\window_010\ExperimentC_StabilityAware_ECMADE_MOO\run_003,1.0,0.5777421643315285,0.9200828718869118,0.02915085237006637,0.8416666666666667,1.0545186127283996,0.03680894382870094
TAIWAN50,window_011,ExperimentC_StabilityAware_ECMADE_MOO,3,49,10,722,116,0.4362616276930056,0.4352616276930056,1.1957169245680546,1.1923971540946687,0.2040380222716949,3.962567832584568,6.270908074614471,-0.048325827449533,1.0,0.001,12.587976000038909,0.025808756477578767,-0.048325827449533065,10,9.571022727272727,10.0,352,p0_lite_outputs\p1_rolling_window_market_validation_20260719\raw_configured_ecmade\TAIWAN50\window_011\ExperimentC_StabilityAware_ECMADE_MOO\run_003,1.0,0.5134534786216486,0.9906166312218935,0.005156996859470487,0.9916666666666667,1.3690503159418785,0.03279584309673505
TAIWAN50,window_001,ExperimentC_StabilityAware_ECMADE_MOO,4,49,10,730,115,0.4475763875684997,0.4465763875684997,1.2491291607488757,1.2457258870849626,0.2855916681680209,2.984334810490126,5.3911717088108,-0.1391770165500181,1.0,0.001,10.994982100091876,0.03146236909362381,-0.13917701655001813,9,7.746113989637306,9.0,386,p0_lite_outputs\p1_rolling_window_market_validation_20260719\raw_configured_ecmade\TAIWAN50\window_001\ExperimentC_StabilityAware_ECMADE_MOO\run_004,1.0,1.0,1.0830010356079194,0.004673426455443819,0.9833333333333333,1.3842108499913524,0.054698251853694715
TAIWAN50,window_002,ExperimentC_StabilityAware_ECMADE_MOO,4,49,10,729,126,0.0185353525136404,0.0175353525136404,0.0374142643200858,0.0353781936150587,0.3512128000369057,0.2807150744512678,0.4263696383206273,-0.2678695022496379,1.0000000000000002,0.001,11.666203500004483,0.045712134434743104,-0.2678695022496378,10,9.095679012345679,10.0,324,p0_lite_outputs\p1_rolling_window_market_validation_20260719\raw_configured_ecmade\TAIWAN50\window_002\ExperimentC_StabilityAware_ECMADE_MOO\run_004,1.0000000000000002,0.6069948881143769,0.9995632352947756,0.005483877395929507,0.9916666666666667,1.212219761328359,0.014535912942586379
TAIWAN50,window_003,ExperimentC_StabilityAware_ECMADE_MOO,4,49,10,728,117,-0.2604048496421856,-0.2614048496421856,-0.4778042309932195,-0.47932378133228,0.2462424518434072,-2.511432067955288,-3.731846469801293,-0.2662709285699014,1.0,0.001,11.25402349990327,0.036308570576926706,-0.2662709285699014,10,9.31686046511628,10.0,344,p0_lite_outputs\p1_rolling_window_market_validation_20260719\raw_configured_ecmade\TAIWAN50\window_003\ExperimentC_StabilityAware_ECMADE_MOO\run_004,1.0,0.6390955292327782,1.0659621788387865,0.009652817982920428,0.9416666666666667,1.177722904306775,0.047208169519628376
TAIWAN50,window_004,ExperimentC_StabilityAware_ECMADE_MOO,4,49,10,730,127,-0.0271314730186141,-0.0281314730186141,-0.0531167561360759,-0.0550470318760635,0.16755203104292,-0.2418134967322907,-0.3753362832830161,-0.1788648583484773,1.0,0.001,11.389648500015028,0.02298291987814658,-0.1788648583484772,10,9.363363363363364,10.0,333,p0_lite_outputs\p1_rolling_window_market_validation_20260719\raw_configured_ecmade\TAIWAN50\window_004\ExperimentC_StabilityAware_ECMADE_MOO\run_004,1.0,0.44011909905836044,1.0726498773067572,0.01893722864891279,0.9083333333333333,1.1786956075649888,0.04644471593241343
TAIWAN50,window_005,ExperimentC_StabilityAware_ECMADE_MOO,4,49,10,733,112,0.2919902610941478,0.2909902610941478,0.7796446362705629,0.7765468857332549,0.1411407096098481,4.159076317261724,7.800900069135302,-0.0411384816252508,1.0,0.001,11.02790670003742,0.015209740545720702,-0.04113848162525102,10,9.589506172839506,10.0,324,p0_lite_outputs\p1_rolling_window_market_validation_20260719\raw_configured_ecmade\TAIWAN50\window_005\ExperimentC_StabilityAware_ECMADE_MOO\run_004,1.0,0.2581659298362121,1.021898972485469,0.006408207499071885,0.95,1.311562539137414,0.029463970463331664
TAIWAN50,window_006,ExperimentC_StabilityAware_ECMADE_MOO,4,49,10,729,125,0.1866232127168154,0.1856232127168154,0.4119349382023087,0.4095371743420704,0.2617430497963415,1.4500915379845245,2.072927973148815,-0.1554492313858162,1.0,0.001,11.221295799943618,0.03746028690960396,-0.15544923138581623,10,9.39795918367347,10.0,294,p0_lite_outputs\p1_rolling_window_market_validation_20260719\raw_configured_ecmade\TAIWAN50\window_006\ExperimentC_StabilityAware_ECMADE_MOO\run_004,1.0,0.6594115992436782,1.0246019876738384,0.0379888143917197,0.8666666666666667,0.9540257326809478,0.037253213288158955
TAIWAN50,window_007,ExperimentC_StabilityAware_ECMADE_MOO,4,49,10,727,117,0.2421547516237452,0.2411547516237452,0.5952912385417413,0.5925263526914266,0.1570634656959919,3.054760336131336,5.25870429581883,-0.0584019207081654,1.0,0.001,10.235632400028408,0.018716991659427876,-0.05840192070816541,10,9.657894736842104,10.0,228,p0_lite_outputs\p1_rolling_window_market_validation_20260719\raw_configured_ecmade\TAIWAN50\window_007\ExperimentC_StabilityAware_ECMADE_MOO\run_004,1.0,0.4886173612688659,1.050160298770625,0.03532301046638968,0.8666666666666667,1.0553851387307778,0.03415927874869597
TAIWAN50,window_008,ExperimentC_StabilityAware_ECMADE_MOO,4,49,10,729,123,-0.0057932984273054,-0.0067932984273054,-0.0118331421626857,-0.0138684021921963,0.1941395196180663,0.0364404004945588,0.0448354791760667,-0.1204700645311386,1.0,0.001,11.156468900036998,0.030731194596719864,-0.12047006453113862,10,8.757668711656441,10.0,326,p0_lite_outputs\p1_rolling_window_market_validation_20260719\raw_configured_ecmade\TAIWAN50\window_008\ExperimentC_StabilityAware_ECMADE_MOO\run_004,1.0,0.31882414228569006,0.9456630523451971,0.004724127920938552,0.9916666666666667,1.3895287786342527,0.04127882688080756
TAIWAN50,window_009,ExperimentC_StabilityAware_ECMADE_MOO,4,49,10,726,116,0.0992541853905508,0.0982541853905508,0.2282368973468878,0.2258108743426883,0.2684237444791899,0.9011854003460024,1.0786837077386895,-0.223689181761503,1.0,0.001,10.538960800040512,0.04375552247278497,-0.223689181761503,10,9.093189964157705,10.0,279,p0_lite_outputs\p1_rolling_window_market_validation_20260719\raw_configured_ecmade\TAIWAN50\window_009\ExperimentC_StabilityAware_ECMADE_MOO\run_004,1.0,0.33892303265144724,0.9469256660777204,0.0056267935674043585,0.9916666666666667,1.396431294220225,0.034585349925284434
TAIWAN50,window_010,ExperimentC_StabilityAware_ECMADE_MOO,4,49,10,725,124,0.3025596375470947,0.3015596375470947,0.7111905847975153,0.7085218371924686,0.1561460256022125,3.522034792927445,5.4142512300108665,-0.0524475037613259,1.0,0.001,11.707386999973096,0.01948624216651118,-0.0524475037613259,10,9.66193853427896,10.0,423,p0_lite_outputs\p1_rolling_window_market_validation_20260719\raw_configured_ecmade\TAIWAN50\window_010\ExperimentC_StabilityAware_ECMADE_MOO\run_004,1.0,0.6559996578747576,0.946833572752908,0.010639274731265929,0.9166666666666666,1.2128740598930117,0.03680894382870094
TAIWAN50,window_011,ExperimentC_StabilityAware_ECMADE_MOO,4,49,10,722,116,0.4873983320853894,0.4863983320853894,1.3691001674472525,1.3656413511590624,0.2143967195221139,4.136872791195158,6.607961663441552,-0.051025911840577,1.0,0.001,11.323276299983265,0.026778794774266104,-0.05102591184057703,10,9.378461538461538,10.0,325,p0_lite_outputs\p1_rolling_window_market_validation_20260719\raw_configured_ecmade\TAIWAN50\window_011\ExperimentC_StabilityAware_ECMADE_MOO\run_004,1.0,0.6815162376664592,0.9903712740797888,0.005692810752475709,0.95,1.3924340151382766,0.03279584309673505
TAIWAN50,window_001,ExperimentC_StabilityAware_ECMADE_MOO,5,49,10,730,115,0.4361138901232748,0.4351138901232748,1.2102870651336626,1.206915882045355,0.3139603359225569,2.685771549291996,4.937192525869644,-0.1563050222711069,0.9999999999999998,0.0009999999999999,10.769888399983756,0.03488654529646847,-0.15630502227110699,10,9.24561403508772,10.0,285,p0_lite_outputs\p1_rolling_window_market_validation_20260719\raw_configured_ecmade\TAIWAN50\window_001\ExperimentC_StabilityAware_ECMADE_MOO\run_005,0.9999999999999998,1.0,1.0692208509102716,0.04264743779537051,0.8583333333333333,1.033458078849194,0.054698251853694715
TAIWAN50,window_002,ExperimentC_StabilityAware_ECMADE_MOO,5,49,10,729,126,-0.0114906248724584,-0.0124906248724584,-0.0228492152849573,-0.0248252340352124,0.3470517610463485,0.107519118005532,0.1596845156135212,-0.2870081936830617,1.0000000000000002,0.001,10.753814000054264,0.046131526355838774,-0.28700819368306174,9,8.093484419263456,9.0,353,p0_lite_outputs\p1_rolling_window_market_validation_20260719\raw_configured_ecmade\TAIWAN50\window_002\ExperimentC_StabilityAware_ECMADE_MOO\run_005,1.0000000000000002,0.6504575210012614,0.9999356656933978,0.004834308773780611,0.9916666666666667,1.2566101791758533,0.014535912942586379
TAIWAN50,window_003,ExperimentC_StabilityAware_ECMADE_MOO,5,49,10,728,117,-0.2679025181356749,-0.2689025181356749,-0.4891395586334565,-0.490641336458459,0.2584246677720028,-2.4658518959322016,-3.69055612837899,-0.2713423083068278,1.0,0.001,11.003115800092928,0.037561698155353415,-0.2713423083068278,10,9.604229607250755,10.0,331,p0_lite_outputs\p1_rolling_window_market_validation_20260719\raw_configured_ecmade\TAIWAN50\window_003\ExperimentC_StabilityAware_ECMADE_MOO\run_005,1.0,0.6373204002217353,1.0644840631928985,0.006959092673319458,0.9333333333333333,1.2467179607388632,0.047208169519628376
TAIWAN50,window_004,ExperimentC_StabilityAware_ECMADE_MOO,5,49,10,730,127,-0.0283258866990022,-0.0293258866990022,-0.0554220770320371,-0.0573500190252921,0.19330216214624,-0.1980424962155521,-0.2987235511710819,-0.2039367477185526,1.0,0.001,11.188408499932848,0.02741353864197597,-0.20393674771855264,10,9.92,10.0,300,p0_lite_outputs\p1_rolling_window_market_validation_20260719\raw_configured_ecmade\TAIWAN50\window_004\ExperimentC_StabilityAware_ECMADE_MOO\run_005,1.0,0.4046478242004871,1.0521864973050938,0.04553279850330097,0.8333333333333334,1.0205246787131907,0.04644471593241343
TAIWAN50,window_005,ExperimentC_StabilityAware_ECMADE_MOO,5,49,10,733,112,0.2800268329917381,0.2790268329917381,0.7427813991228662,0.7397194760951755,0.1491988351799714,3.8016815960979193,7.1728791696934096,-0.0424152787234637,1.0000000000000002,0.001,10.955360899912192,0.01617108411528827,-0.042415278723463734,10,9.5015479876161,10.0,323,p0_lite_outputs\p1_rolling_window_market_validation_20260719\raw_configured_ecmade\TAIWAN50\window_005\ExperimentC_StabilityAware_ECMADE_MOO\run_005,1.0000000000000002,0.25677598295887016,1.0222937745587324,0.005981660791479663,0.9583333333333334,1.3574250082483448,0.029463970463331664
TAIWAN50,window_006,ExperimentC_StabilityAware_ECMADE_MOO,5,49,10,729,125,0.1898844551638518,0.1888844551638518,0.4197688988946921,0.4173644367599314,0.310586686915097,1.285110345905805,1.7821831612723005,-0.2073461742890832,1.0,0.0009999999999999,10.793328400002792,0.044757534564703425,-0.2073461742890832,10,9.365546218487395,10.0,238,p0_lite_outputs\p1_rolling_window_market_validation_20260719\raw_configured_ecmade\TAIWAN50\window_006\ExperimentC_StabilityAware_ECMADE_MOO\run_005,1.0,0.6525136296273688,1.0528484217845588,0.005916017271346147,0.9666666666666667,1.4021715997880082,0.037253213288158955
TAIWAN50,window_007,ExperimentC_StabilityAware_ECMADE_MOO,5,49,10,727,117,0.2103295579750177,0.2093295579750177,0.5085568634726576,0.5058735854685301,0.1433660485339119,2.941760798298884,4.800467844893545,-0.049902616089837,1.0,0.0009999999999999,10.35710589995142,0.017681473030800532,-0.04990261608983704,10,9.623255813953488,10.0,215,p0_lite_outputs\p1_rolling_window_market_validation_20260719\raw_configured_ecmade\TAIWAN50\window_007\ExperimentC_StabilityAware_ECMADE_MOO\run_005,1.0,0.7154275487069359,1.04265181927227,0.04205236861052974,0.8666666666666667,1.0246319740817955,0.03415927874869597
TAIWAN50,window_008,ExperimentC_StabilityAware_ECMADE_MOO,5,49,10,729,123,-0.0031723392840676,-0.0041723392840676,-0.0064886153030222,-0.0085295056702735,0.1833097198247873,0.0566527582947131,0.0717251656154533,-0.1158259587402457,1.0,0.001,10.842994999955408,0.028418405824942455,-0.1158259587402457,10,9.553745928338762,10.0,307,p0_lite_outputs\p1_rolling_window_market_validation_20260719\raw_configured_ecmade\TAIWAN50\window_008\ExperimentC_StabilityAware_ECMADE_MOO\run_005,1.0,0.37554589577133285,0.9415340475306659,0.006218681416767006,0.9916666666666667,1.3758842938890337,0.04127882688080756
TAIWAN50,window_009,ExperimentC_StabilityAware_ECMADE_MOO,5,49,10,726,116,0.1037900716711881,0.1027900716711881,0.239273571202758,0.2368358021498446,0.2676705037952798,0.9361858485323702,1.1315854134223406,-0.2161431770838315,1.0,0.001,10.603598900022916,0.04298550536252043,-0.21614317708383146,9,9.881118881118882,10.0,286,p0_lite_outputs\p1_rolling_window_market_validation_20260719\raw_configured_ecmade\TAIWAN50\window_009\ExperimentC_StabilityAware_ECMADE_MOO\run_005,1.0,0.373919850738231,0.924181482292565,0.024063170457937665,0.8833333333333333,1.1343753612744047,0.034585349925284434
TAIWAN50,window_010,ExperimentC_StabilityAware_ECMADE_MOO,5,49,10,725,124,0.3469966167440652,0.3459966167440652,0.8319183919533386,0.8291555754960935,0.1645715678157319,3.765133283832912,5.716566743806767,-0.0556612767324089,1.0,0.001,11.607650499907322,0.021049075301035315,-0.05566127673240895,10,9.611898016997166,10.0,353,p0_lite_outputs\p1_rolling_window_market_validation_20260719\raw_configured_ecmade\TAIWAN50\window_010\ExperimentC_StabilityAware_ECMADE_MOO\run_005,1.0,0.597011972949135,0.9571324225146387,0.00452474596546798,0.9833333333333333,1.4023417103940232,0.03680894382870094
TAIWAN50,window_011,ExperimentC_StabilityAware_ECMADE_MOO,5,49,10,722,116,0.4904115279472671,0.4894115279472671,1.379538750391859,1.3760717148890422,0.2220617219601995,4.021296429547518,6.316379067740948,-0.0487426402679427,1.0,0.001,10.694927799981087,0.02773858515971719,-0.04874264026794273,10,9.78368794326241,10.0,282,p0_lite_outputs\p1_rolling_window_market_validation_20260719\raw_configured_ecmade\TAIWAN50\window_011\ExperimentC_StabilityAware_ECMADE_MOO\run_005,1.0,0.5258930288465544,0.9597528849919392,0.031301643062902396,0.875,1.044127613228885,0.03279584309673505
TAIWAN50,window_001,ExperimentC_StabilityAware_ECMADE_MOO,6,49,10,730,115,0.4371544726677869,0.4361544726677869,1.213798029692725,1.210423935390951,0.2783597865522939,2.99759549432009,5.2516469820112,-0.1320542584231133,1.0,0.001,10.54942099994514,0.03100713425518291,-0.13205425842311336,10,9.583333333333334,10.0,288,p0_lite_outputs\p1_rolling_window_market_validation_20260719\raw_configured_ecmade\TAIWAN50\window_001\ExperimentC_StabilityAware_ECMADE_MOO\run_006,1.0,1.0,1.06457523777976,0.04533385573881184,0.8583333333333333,1.0311073295050261,0.054698251853694715
TAIWAN50,window_002,ExperimentC_StabilityAware_ECMADE_MOO,6,49,10,729,126,-0.0049780580512447,-0.0059780580512447,-0.0099313350405279,-0.0119203789244254,0.3387385337967074,0.1404599683881696,0.208280531723201,-0.2724620666739503,1.0,0.001,10.86981350008864,0.04475099330075812,-0.27246206667395034,10,9.176,10.0,375,p0_lite_outputs\p1_rolling_window_market_validation_20260719\raw_configured_ecmade\TAIWAN50\window_002\ExperimentC_StabilityAware_ECMADE_MOO\run_006,1.0,0.6029875099476176,0.9954047970544825,0.005771184251163862,0.9833333333333333,1.1902280989534277,0.014535912942586379
TAIWAN50,window_003,ExperimentC_StabilityAware_ECMADE_MOO,6,49,10,728,117,-0.2245647196175741,-0.2255647196175741,-0.4217733267127713,-0.4233782121291621,0.2224132827320161,-2.348569698995606,-3.397477461448992,-0.238950373230989,1.0,0.001,10.855345600051804,0.03316366531538934,-0.2389503732309891,10,9.061224489795919,10.0,294,p0_lite_outputs\p1_rolling_window_market_validation_20260719\raw_configured_ecmade\TAIWAN50\window_003\ExperimentC_StabilityAware_ECMADE_MOO\run_006,1.0,0.6850597222794927,1.0672843835581582,0.009595752118316637,0.9583333333333334,1.1739648083018661,0.047208169519628376
TAIWAN50,window_004,ExperimentC_StabilityAware_ECMADE_MOO,6,49,10,730,127,-0.0373477716315137,-0.0383477716315137,-0.072745040117223,-0.0746553529225197,0.1663222542536313,-0.3706737151957064,-0.5489184572494389,-0.1897429420530197,1.0,0.001,11.317883100011386,0.023579394454019287,-0.18974294205301978,10,9.88857938718663,10.0,359,p0_lite_outputs\p1_rolling_window_market_validation_20260719\raw_configured_ecmade\TAIWAN50\window_004\ExperimentC_StabilityAware_ECMADE_MOO\run_006,1.0,0.3937564044259554,1.0272847841509554,0.06155724035578647,0.8083333333333333,0.9772207432554968,0.04644471593241343
TAIWAN50,window_005,ExperimentC_StabilityAware_ECMADE_MOO,6,49,10,733,112,0.2619948193566901,0.2609948193566901,0.6880275763847796,0.6850194965325755,0.139104196646246,3.837144878427164,7.0786057987499165,-0.0387907165271053,1.0,0.001,11.121353900060058,0.015311410632657554,-0.03879071652710531,10,9.622093023255815,10.0,344,p0_lite_outputs\p1_rolling_window_market_validation_20260719\raw_configured_ecmade\TAIWAN50\window_005\ExperimentC_StabilityAware_ECMADE_MOO\run_006,1.0,0.27989546559956535,1.021794007149311,0.008585269234255292,0.95,1.2593661920612513,0.029463970463331664
TAIWAN50,window_006,ExperimentC_StabilityAware_ECMADE_MOO,6,49,10,729,125,0.1849185649095488,0.1839185649095488,0.4078488288114565,0.4054545660146633,0.3272804490137568,1.2100269781292885,1.6984502888033477,-0.2223215130628448,1.0,0.001,10.78772480005864,0.04667593730975096,-0.22232151306284487,10,9.562043795620438,10.0,274,p0_lite_outputs\p1_rolling_window_market_validation_20260719\raw_configured_ecmade\TAIWAN50\window_006\ExperimentC_StabilityAware_ECMADE_MOO\run_006,1.0,0.7628775223762974,1.047753252423312,0.009034949156817492,0.9083333333333333,1.3633201362786362,0.037253213288158955
TAIWAN50,window_007,ExperimentC_StabilityAware_ECMADE_MOO,6,49,10,727,117,0.1952451197191311,0.1942451197191311,0.4683528028079753,0.465708090424072,0.1379498590086662,2.855649647863572,4.66719253321626,-0.0493490178219573,1.0,0.001,10.453390800044872,0.016906372389561865,-0.04934901782195733,10,9.047101449275363,10.0,276,p0_lite_outputs\p1_rolling_window_market_validation_20260719\raw_configured_ecmade\TAIWAN50\window_007\ExperimentC_StabilityAware_ECMADE_MOO\run_006,1.0,0.6592213107769366,1.0642043214280412,0.007040588852460167,0.925,1.4032100626966835,0.03415927874869597
TAIWAN50,window_008,ExperimentC_StabilityAware_ECMADE_MOO,6,49,10,729,123,-0.0017344650961821,-0.0027344650961821,-0.0035503062640226,-0.0055942857759787,0.1936300924367948,0.0789992963266275,0.1000014630962121,-0.1175444155760269,1.0,0.001,10.753135000006296,0.030200494977578853,-0.1175444155760269,10,8.873949579831933,10.0,357,p0_lite_outputs\p1_rolling_window_market_validation_20260719\raw_configured_ecmade\TAIWAN50\window_008\ExperimentC_StabilityAware_ECMADE_MOO\run_006,1.0,0.30072603213627236,0.9448202567393863,0.004997569854857677,0.975,1.3525480986193423,0.04127882688080756
TAIWAN50,window_009,ExperimentC_StabilityAware_ECMADE_MOO,6,49,10,726,116,0.1058266050662017,0.1048266050662017,0.2442461801774349,0.2418031346436653,0.2386456844808871,1.035969288391875,1.2745498890263365,-0.1936547362976016,1.0,0.001,10.566797000006773,0.03799333461764819,-0.19365473629760144,10,9.280303030303031,10.0,264,p0_lite_outputs\p1_rolling_window_market_validation_20260719\raw_configured_ecmade\TAIWAN50\window_009\ExperimentC_StabilityAware_ECMADE_MOO\run_006,1.0,0.2842421771378101,0.9450550067012851,0.006371827598105725,0.9833333333333333,1.3797278257741166,0.034585349925284434
TAIWAN50,window_010,ExperimentC_StabilityAware_ECMADE_MOO,6,49,10,725,124,0.3525460994156721,0.3515460994156721,0.8472890873400825,0.8445145160520564,0.1600770957971929,3.918519211103407,6.196345616456458,-0.0424170854064196,1.0,0.001,10.370478000026196,0.019422383684879894,-0.04241708540641964,10,9.502202643171806,10.0,227,p0_lite_outputs\p1_rolling_window_market_validation_20260719\raw_configured_ecmade\TAIWAN50\window_010\ExperimentC_StabilityAware_ECMADE_MOO\run_006,1.0,0.6952090010080805,0.9525012618669124,0.006165472454207695,0.9833333333333333,1.3643348552595809,0.03680894382870094
TAIWAN50,window_011,ExperimentC_StabilityAware_ECMADE_MOO,6,49,10,722,116,0.4760137120062537,0.4750137120062537,1.3298840054701515,1.3264562175060766,0.22124640558861,3.939850475679938,6.257221856864805,-0.0605353354946931,1.0,0.001,10.12143489997834,0.027760484598413165,-0.06053533549469314,10,8.898617511520737,10.0,217,p0_lite_outputs\p1_rolling_window_market_validation_20260719\raw_configured_ecmade\TAIWAN50\window_011\ExperimentC_StabilityAware_ECMADE_MOO\run_006,1.0,0.5809492265770784,0.9893601250115587,0.006695551336615142,0.9916666666666667,1.4011793586007508,0.03279584309673505
TAIWAN50,window_001,ExperimentC_StabilityAware_ECMADE_MOO,7,49,10,730,115,0.3487854482218795,0.3477854482218795,0.9263907309296802,0.9232624022107068,0.2867470345103504,2.4318510674843443,4.374315087242987,-0.1481652746505092,1.0,0.001,10.816536499885842,0.03336213165697053,-0.14816527465050922,10,9.307453416149068,10.0,322,p0_lite_outputs\p1_rolling_window_market_validation_20260719\raw_configured_ecmade\TAIWAN50\window_001\ExperimentC_StabilityAware_ECMADE_MOO\run_007,1.0,1.0,1.074927068576193,0.03868084991315675,0.875,1.0565506000965679,0.054698251853694715
TAIWAN50,window_002,ExperimentC_StabilityAware_ECMADE_MOO,7,49,10,729,126,-0.0001193872299067,-0.0011193872299067,-0.0002387602065029,-0.0022375214320431,0.3376529186694217,0.1687201415397066,0.2511813575539023,-0.2730424896914372,1.0,0.001,10.436114999931306,0.044735933081634746,-0.2730424896914372,8,9.154574132492113,10.0,317,p0_lite_outputs\p1_rolling_window_market_validation_20260719\raw_configured_ecmade\TAIWAN50\window_002\ExperimentC_StabilityAware_ECMADE_MOO\run_007,1.0,0.7281478896590287,0.998873668253267,0.005884470760602806,0.9916666666666667,1.2143176951761985,0.014535912942586379
TAIWAN50,window_003,ExperimentC_StabilityAware_ECMADE_MOO,7,49,10,728,117,-0.2934063387961405,-0.2944063387961405,-0.5267018375421686,-0.5281433720606838,0.2766988527637669,-2.560307658792097,-3.715059181555842,-0.2968321302362339,1.0,0.001,11.113635300076568,0.04138131440088811,-0.2968321302362339,10,9.652777777777779,10.0,288,p0_lite_outputs\p1_rolling_window_market_validation_20260719\raw_configured_ecmade\TAIWAN50\window_003\ExperimentC_StabilityAware_ECMADE_MOO\run_007,1.0,0.6838466469426138,1.065128708051619,0.009928948102418896,0.9416666666666667,1.1743450220488778,0.047208169519628376
TAIWAN50,window_004,ExperimentC_StabilityAware_ECMADE_MOO,7,49,10,730,127,-0.0379822106121597,-0.0389822106121597,-0.0739572436402944,-0.0758663166242615,0.1696099513083077,-0.3680038194754806,-0.571924160148945,-0.185236145266167,1.0,0.001,11.077516700024717,0.023408177932256115,-0.18523614526616705,8,9.36,10.0,350,p0_lite_outputs\p1_rolling_window_market_validation_20260719\raw_configured_ecmade\TAIWAN50\window_004\ExperimentC_StabilityAware_ECMADE_MOO\run_007,1.0,0.4316045509359774,1.0568603367556304,0.04226508488860335,0.8333333333333334,1.025936160785154,0.04644471593241343
TAIWAN50,window_005,ExperimentC_StabilityAware_ECMADE_MOO,7,49,10,733,112,0.2897824176599692,0.2887824176599692,0.772809285382521,0.7697181530580723,0.1462037920846492,3.9936215256463954,7.388278016690426,-0.0418431192673376,1.0,0.001,11.39288070006296,0.01567847476026639,-0.041843119267337636,10,9.864406779661017,10.0,354,p0_lite_outputs\p1_rolling_window_market_validation_20260719\raw_configured_ecmade\TAIWAN50\window_005\ExperimentC_StabilityAware_ECMADE_MOO\run_007,1.0,0.29585822403000944,0.9880022353430218,0.029023505658183405,0.8833333333333333,1.033747797729602,0.029463970463331664
TAIWAN50,window_006,ExperimentC_StabilityAware_ECMADE_MOO,7,49,10,729,125,0.1585857743624725,0.1575857743624725,0.3454861589766773,0.3431459690451215,0.2635274548281889,1.258804173689738,1.7954054715596783,-0.175155542662448,1.0,0.001,11.043188800103962,0.037213177968182354,-0.17515554266244782,10,8.579804560260586,10.0,307,p0_lite_outputs\p1_rolling_window_market_validation_20260719\raw_configured_ecmade\TAIWAN50\window_006\ExperimentC_StabilityAware_ECMADE_MOO\run_007,1.0,0.7336283935352822,1.0564926449019705,0.005239692535381217,0.9833333333333333,1.368668591278553,0.037253213288158955
TAIWAN50,window_007,ExperimentC_StabilityAware_ECMADE_MOO,7,49,10,727,117,0.2287042194405619,0.2277042194405619,0.558317077338184,0.5555867218049693,0.1417357457699387,3.2032866654684,5.211512558845048,-0.0532073480279792,1.0,0.001,10.643268199986778,0.016790875413080424,-0.05320734802797922,10,9.086614173228346,10.0,254,p0_lite_outputs\p1_rolling_window_market_validation_20260719\raw_configured_ecmade\TAIWAN50\window_007\ExperimentC_StabilityAware_ECMADE_MOO\run_007,1.0,0.5293554851233538,1.0613704235017216,0.008437527627406287,0.875,1.3997626363296356,0.03415927874869597
TAIWAN50,window_008,ExperimentC_StabilityAware_ECMADE_MOO,7,49,10,729,123,0.0078517056837392,0.0068517056837392,0.0161526633947,0.0140880833122372,0.2044121323470067,0.1813039320187797,0.2235934060408141,-0.1281516909953379,1.0,0.001,10.728398200008089,0.032280674797231186,-0.12815169099533819,10,8.843478260869565,10.0,345,p0_lite_outputs\p1_rolling_window_market_validation_20260719\raw_configured_ecmade\TAIWAN50\window_008\ExperimentC_StabilityAware_ECMADE_MOO\run_007,1.0,0.23852542508461116,0.9422889275223981,0.006287480754877237,0.95,1.3164116961546224,0.04127882688080756
TAIWAN50,window_009,ExperimentC_StabilityAware_ECMADE_MOO,7,49,10,726,116,0.1100618694550201,0.1090618694550201,0.2546218593649594,0.2521678352641368,0.274627309087573,0.9643654052328822,1.1648640181969696,-0.2294424569443677,1.0,0.001,10.973236500052735,0.04484415805256994,-0.2294424569443677,10,9.832278481012658,10.0,316,p0_lite_outputs\p1_rolling_window_market_validation_20260719\raw_configured_ecmade\TAIWAN50\window_009\ExperimentC_StabilityAware_ECMADE_MOO\run_007,1.0,0.35080281001214797,0.939907370788852,0.011793594398029501,0.9333333333333333,1.244751549587415,0.034585349925284434
TAIWAN50,window_010,ExperimentC_StabilityAware_ECMADE_MOO,7,49,10,725,124,0.3036391429196268,0.3026391429196268,0.7140738869663039,0.7114028553642846,0.1648618381246744,3.3546696825554885,5.035818020979376,-0.0643217345462798,1.0,0.001,11.517263800022192,0.02191703850330814,-0.06432173454627987,10,9.618686868686869,10.0,396,p0_lite_outputs\p1_rolling_window_market_validation_20260719\raw_configured_ecmade\TAIWAN50\window_010\ExperimentC_StabilityAware_ECMADE_MOO\run_007,1.0,0.6443786900104019,0.9536567250339346,0.005604918129152046,0.9666666666666667,1.3702013374194144,0.03680894382870094
TAIWAN50,window_011,ExperimentC_StabilityAware_ECMADE_MOO,7,49,10,722,116,0.5024465745048847,0.5014465745048847,1.4214787850710071,1.417978892550208,0.2172234762668708,4.186826282354389,6.777767232998951,-0.0527634468466868,1.0,0.001,10.922989499988034,0.026991245395545566,-0.05276344684668688,10,9.939873417721518,10.0,316,p0_lite_outputs\p1_rolling_window_market_validation_20260719\raw_configured_ecmade\TAIWAN50\window_011\ExperimentC_StabilityAware_ECMADE_MOO\run_007,1.0,0.47457757063516015,0.9603844491119463,0.02951144356162639,0.8416666666666667,1.0419313112099344,0.03279584309673505
TAIWAN50,window_001,ExperimentC_StabilityAware_ECMADE_MOO,8,49,10,730,115,0.3699923477200735,0.3689923477200735,0.9933844108878896,0.9901973764256606,0.2709075187181375,2.6843795144467757,4.708932397171487,-0.1332512671737933,1.0,0.001,10.978690900024958,0.030713839368996937,-0.13325126717379343,10,8.864705882352942,10.0,340,p0_lite_outputs\p1_rolling_window_market_validation_20260719\raw_configured_ecmade\TAIWAN50\window_001\ExperimentC_StabilityAware_ECMADE_MOO\run_008,1.0,1.0,1.0733052652469024,0.041078229066205826,0.8666666666666667,1.0577856004806625,0.054698251853694715
TAIWAN50,window_002,ExperimentC_StabilityAware_ECMADE_MOO,8,49,10,729,126,0.008497890861463,0.007497890861463,0.0170679958720194,0.0150520000902967,0.3540439656545627,0.225371089680663,0.3325237963729099,-0.2781685755723347,1.0,0.001,10.920902300043965,0.046546838433126674,-0.27816857557233476,8,8.74468085106383,9.0,376,p0_lite_outputs\p1_rolling_window_market_validation_20260719\raw_configured_ecmade\TAIWAN50\window_002\ExperimentC_StabilityAware_ECMADE_MOO\run_008,1.0,0.6420769535291431,0.9961270310142476,0.0056352500988845755,0.9916666666666667,1.192114836109267,0.014535912942586379
TAIWAN50,window_003,ExperimentC_StabilityAware_ECMADE_MOO,8,49,10,728,117,-0.3481588575729948,-0.3491588575729948,-0.602176931516015,-0.6034902750909374,0.3206322246191379,-2.708266878483508,-4.067422147392081,-0.351384533464486,1.0,0.001,11.004387599998154,0.04699878652084394,-0.35138453346448606,10,9.684410646387832,10.0,263,p0_lite_outputs\p1_rolling_window_market_validation_20260719\raw_configured_ecmade\TAIWAN50\window_003\ExperimentC_StabilityAware_ECMADE_MOO\run_008,1.0,0.5422836468937884,1.0555802995032857,0.010048306034046701,0.9166666666666666,1.20841280113515,0.047208169519628376
TAIWAN50,window_004,ExperimentC_StabilityAware_ECMADE_MOO,8,49,10,730,127,-0.0304441692953222,-0.0314441692953222,-0.0595036887415841,-0.0614274917434755,0.1706629500269464,-0.2739489758788684,-0.4238654898696902,-0.1771629751272038,1.0,0.001,11.25013579998631,0.023616002376552574,-0.1771629751272038,10,9.24207492795389,10.0,347,p0_lite_outputs\p1_rolling_window_market_validation_20260719\raw_configured_ecmade\TAIWAN50\window_004\ExperimentC_StabilityAware_ECMADE_MOO\run_008,1.0,0.6024722386333091,1.0658610767362329,0.031061685931756754,0.8666666666666667,1.1033328410177983,0.04644471593241343
TAIWAN50,window_005,ExperimentC_StabilityAware_ECMADE_MOO,8,49,10,733,112,0.2773372967657901,0.2763372967657901,0.7345530415063166,0.7314991614790589,0.1381425611303162,4.060129113118929,7.380158845986168,-0.0369243277107178,1.0000000000000002,0.001,11.240403099916875,0.015126100519147742,-0.03692432771071785,10,9.559633027522937,10.0,327,p0_lite_outputs\p1_rolling_window_market_validation_20260719\raw_configured_ecmade\TAIWAN50\window_005\ExperimentC_StabilityAware_ECMADE_MOO\run_008,1.0000000000000002,0.2591487429447104,1.014496102120662,0.013440612808659425,0.9083333333333333,1.190378868620122,0.029463970463331664
TAIWAN50,window_006,ExperimentC_StabilityAware_ECMADE_MOO,8,49,10,729,125,0.2002122185769899,0.1992122185769899,0.4447217669254446,0.4422960906348627,0.2722759539049937,1.488916049120418,2.0661576141910096,-0.1578191536696919,1.0,0.001,6.82487910008058,0.03988989147273222,-0.1578191536696919,10,9.821678321678322,10.0,286,p0_lite_outputs\p1_rolling_window_market_validation_20260719\raw_configured_ecmade\TAIWAN50\window_006\ExperimentC_StabilityAware_ECMADE_MOO\run_008,1.0,0.7097466305921877,1.0368756426852646,0.009774847692776971,0.8833333333333333,1.2949445265308563,0.037253213288158955
TAIWAN50,window_007,ExperimentC_StabilityAware_ECMADE_MOO,8,49,10,727,117,0.2194683840160194,0.2184683840160194,0.5331974825337618,0.5304908036848068,0.1412312211677815,3.0990029601863265,5.056017987426693,-0.0436464771268599,1.0,0.001,10.52425670006778,0.017492337461836104,-0.043646477126859984,10,9.63135593220339,10.0,236,p0_lite_outputs\p1_rolling_window_market_validation_20260719\raw_configured_ecmade\TAIWAN50\window_007\ExperimentC_StabilityAware_ECMADE_MOO\run_008,1.0,0.5244995403377801,1.0533358183531987,0.020858424542736412,0.8666666666666667,1.167066626804675,0.03415927874869597
TAIWAN50,window_008,ExperimentC_StabilityAware_ECMADE_MOO,8,49,10,729,123,0.0055766356026569,0.0045766356026569,0.0114587166277173,0.0093990265135428,0.2083122990697772,0.1597456369670946,0.1934316987141939,-0.1310069489763536,1.0,0.001,10.948917599976994,0.033126690644789215,-0.13100694897635368,10,9.18095238095238,10.0,315,p0_lite_outputs\p1_rolling_window_market_validation_20260719\raw_configured_ecmade\TAIWAN50\window_008\ExperimentC_StabilityAware_ECMADE_MOO\run_008,1.0,0.3887793012107694,0.9416882197260589,0.006111675965498392,0.9833333333333333,1.3667430787209598,0.04127882688080756
TAIWAN50,window_009,ExperimentC_StabilityAware_ECMADE_MOO,8,49,10,726,116,0.0793969590980974,0.0783969590980974,0.1805469820747591,0.1781722822221987,0.2746635921924527,0.7422666608070375,0.929374877231876,-0.2295441220179993,1.0,0.001,10.223779499996454,0.04421618896322654,-0.22954412201799934,10,9.634920634920634,10.0,252,p0_lite_outputs\p1_rolling_window_market_validation_20260719\raw_configured_ecmade\TAIWAN50\window_009\ExperimentC_StabilityAware_ECMADE_MOO\run_008,1.0,0.47350799431066215,0.9406232576399128,0.0089812515187486,0.95,1.3032036140981185,0.034585349925284434
TAIWAN50,window_010,ExperimentC_StabilityAware_ECMADE_MOO,8,49,10,725,124,0.3672287795009736,0.3662287795009736,0.8882711461051578,0.885465466694281,0.1704655451019054,3.818810043013188,6.411631272706277,-0.0468270525762983,1.0,0.0009999999999999,11.002616500016302,0.019676376362517106,-0.04682705257629838,10,9.523489932885907,10.0,298,p0_lite_outputs\p1_rolling_window_market_validation_20260719\raw_configured_ecmade\TAIWAN50\window_010\ExperimentC_StabilityAware_ECMADE_MOO\run_008,1.0,0.6368080895953713,0.9523827989590606,0.006426197440895128,0.9916666666666667,1.3780058831588895,0.03680894382870094
TAIWAN50,window_011,ExperimentC_StabilityAware_ECMADE_MOO,8,49,10,722,116,0.409831482638801,0.408831482638801,1.1088849742095643,1.1056367378001224,0.2020910516201175,3.79843728110103,6.006161329644187,-0.0450103961940379,1.0,0.001,11.014402300002985,0.025195419586758316,-0.045010396194037905,10,9.531645569620252,10.0,316,p0_lite_outputs\p1_rolling_window_market_validation_20260719\raw_configured_ecmade\TAIWAN50\window_011\ExperimentC_StabilityAware_ECMADE_MOO\run_008,1.0,0.5937289301811357,0.9910398391587448,0.005519153007902663,0.95,1.3678565941054632,0.03279584309673505
TAIWAN50,window_001,ExperimentC_StabilityAware_ECMADE_MOO,9,49,10,730,115,0.325059593481708,0.324059593481708,0.8529128238671708,0.8498499647959361,0.2838381627751206,2.316545316662747,4.103331245210497,-0.1468325743918016,1.0,0.001,10.39777789998334,0.03346435177146071,-0.14683257439180153,10,9.184668989547038,10.0,287,p0_lite_outputs\p1_rolling_window_market_validation_20260719\raw_configured_ecmade\TAIWAN50\window_001\ExperimentC_StabilityAware_ECMADE_MOO\run_009,1.0,1.0,1.0584905901345802,0.04779602469786753,0.8416666666666667,1.0291379662183802,0.054698251853694715
TAIWAN50,window_002,ExperimentC_StabilityAware_ECMADE_MOO,9,49,10,729,126,0.0136316400509375,0.0126316400509375,0.0274491017123534,0.0254228384322516,0.3055571615805882,0.2418341990065965,0.3642158066584026,-0.243103293460439,1.0,0.0009999999999999,11.17900549992919,0.04030109268969836,-0.24310329346043902,10,9.392682926829268,10.0,410,p0_lite_outputs\p1_rolling_window_market_validation_20260719\raw_configured_ecmade\TAIWAN50\window_002\ExperimentC_StabilityAware_ECMADE_MOO\run_009,1.0,0.6882595492015412,0.9982823833213064,0.005047396342068243,0.9916666666666667,1.190497443777812,0.014535912942586379
TAIWAN50,window_003,ExperimentC_StabilityAware_ECMADE_MOO,9,49,10,728,117,-0.2551009323199312,-0.2561009323199312,-0.4697049868536193,-0.4712371264053492,0.2456214616799829,-2.45593484800602,-3.609042241411055,-0.2649948255582456,1.0,0.001,10.979719999944791,0.03623380867267815,-0.2649948255582456,10,8.02364864864865,10.0,296,p0_lite_outputs\p1_rolling_window_market_validation_20260719\raw_configured_ecmade\TAIWAN50\window_003\ExperimentC_StabilityAware_ECMADE_MOO\run_009,1.0,0.5174546559946094,1.06676388605649,0.004653115999981037,1.0,1.3488968137614423,0.047208169519628376
TAIWAN50,window_004,ExperimentC_StabilityAware_ECMADE_MOO,9,49,10,730,127,-0.0369188645056487,-0.0379188645056487,-0.071925094514458,-0.0738362454832211,0.1694854664611624,-0.3554352646769549,-0.5368548168826067,-0.1824003596736226,1.0000000000000002,0.001,11.297288900008423,0.023646698700114575,-0.18240035967362267,10,9.062678062678062,10.0,351,p0_lite_outputs\p1_rolling_window_market_validation_20260719\raw_configured_ecmade\TAIWAN50\window_004\ExperimentC_StabilityAware_ECMADE_MOO\run_009,1.0000000000000002,0.3269407767814284,1.0745365338022599,0.005315712608147446,0.9666666666666667,1.4031238567404338,0.04644471593241343
TAIWAN50,window_005,ExperimentC_StabilityAware_ECMADE_MOO,9,49,10,733,112,0.316447825667099,0.315447825667099,0.8563429625920329,0.8531717098195233,0.1456904424261286,4.323963915200513,7.728807635345186,-0.0401717738613232,1.0,0.001,11.452998999971896,0.01588700041229355,-0.0401717738613232,10,9.544072948328267,10.0,329,p0_lite_outputs\p1_rolling_window_market_validation_20260719\raw_configured_ecmade\TAIWAN50\window_005\ExperimentC_StabilityAware_ECMADE_MOO\run_009,1.0,0.21323849015204135,1.0106490058650797,0.01933622932687958,0.9083333333333333,1.1113187332342396,0.029463970463331664
TAIWAN50,window_006,ExperimentC_StabilityAware_ECMADE_MOO,9,49,10,729,125,0.1875145721978215,0.1865145721978215,0.4140739390430696,0.411674344446455,0.2746152019356142,1.4003744818272623,1.895393376252596,-0.1745492763605222,1.0,0.001,3.11741860001348,0.04041615871088532,-0.17454927636052264,10,9.67816091954023,10.0,261,p0_lite_outputs\p1_rolling_window_market_validation_20260719\raw_configured_ecmade\TAIWAN50\window_006\ExperimentC_StabilityAware_ECMADE_MOO\run_009,1.0,0.7489366234034811,1.0378842853762553,0.01834247114469846,0.9166666666666666,1.1329641268029094,0.037253213288158955
TAIWAN50,window_007,ExperimentC_StabilityAware_ECMADE_MOO,9,49,10,727,117,0.1835972281772131,0.1825972281772131,0.4377057954172823,0.43509081144363,0.1476218513244501,2.534815828478194,4.014708649431317,-0.050618689755477,1.0,0.001,10.62408029998187,0.01911205824427109,-0.05061868975547701,10,9.465648854961833,10.0,262,p0_lite_outputs\p1_rolling_window_market_validation_20260719\raw_configured_ecmade\TAIWAN50\window_007\ExperimentC_StabilityAware_ECMADE_MOO\run_009,1.0,0.5263790990467683,1.0366048095070164,0.0482910978491899,0.8333333333333334,0.9739580907559137,0.03415927874869597
TAIWAN50,window_008,ExperimentC_StabilityAware_ECMADE_MOO,9,49,10,729,123,-0.0071235607620182,-0.0081235607620182,-0.0145401000682835,-0.0165725027086519,0.1977241337879315,0.0255215046785685,0.0314035404154297,-0.1225965076644582,1.0,0.001,10.799226499977522,0.031567544205892153,-0.12259650766445829,10,8.768976897689768,10.0,303,p0_lite_outputs\p1_rolling_window_market_validation_20260719\raw_configured_ecmade\TAIWAN50\window_008\ExperimentC_StabilityAware_ECMADE_MOO\run_009,1.0,0.40858767687403796,0.9452342590238407,0.004937322311380064,1.0,1.3992849179645692,0.04127882688080756
TAIWAN50,window_009,ExperimentC_StabilityAware_ECMADE_MOO,9,49,10,726,116,0.0760182008069725,0.0750182008069725,0.1725338138674517,0.1701678306613101,0.2740855439073851,0.7183627285107117,0.8964073380797364,-0.2196500982847373,1.0,0.001,10.387418800033627,0.04422863681540487,-0.21965009828473736,10,9.667857142857143,10.0,280,p0_lite_outputs\p1_rolling_window_market_validation_20260719\raw_configured_ecmade\TAIWAN50\window_009\ExperimentC_StabilityAware_ECMADE_MOO\run_009,1.0,0.42612977209462155,0.9409511874083956,0.00816669008832846,0.95,1.3555711274589113,0.034585349925284434
TAIWAN50,window_010,ExperimentC_StabilityAware_ECMADE_MOO,9,49,10,725,124,0.313428693801105,0.312428693801105,0.7403338372367436,0.7376420903083767,0.1565580143981674,3.62122980778922,5.823197609418545,-0.0443542361227206,1.0,0.0009999999999999,11.718066400033422,0.01873994607003065,-0.0443542361227206,10,9.416201117318435,10.0,358,p0_lite_outputs\p1_rolling_window_market_validation_20260719\raw_configured_ecmade\TAIWAN50\window_010\ExperimentC_StabilityAware_ECMADE_MOO\run_009,1.0,0.7191870442759672,0.956562867981462,0.004251935995290416,1.0,1.384082770931428,0.03680894382870094
TAIWAN50,window_011,ExperimentC_StabilityAware_ECMADE_MOO,9,49,10,722,116,0.4723154022756515,0.4713154022756515,1.3172205721082175,1.3138028548748135,0.2315118662413436,3.7513934443563297,5.918517674397648,-0.0501838167248329,1.0000000000000002,0.001,10.95948329998646,0.029045523165920267,-0.050183816724832964,10,9.839285714285714,10.0,336,p0_lite_outputs\p1_rolling_window_market_validation_20260719\raw_configured_ecmade\TAIWAN50\window_011\ExperimentC_StabilityAware_ECMADE_MOO\run_009,1.0000000000000002,0.5879896108275899,0.9853792738920346,0.007477534147007904,0.9583333333333334,1.2839333653189489,0.03279584309673505
TAIWAN50,window_001,ExperimentC_StabilityAware_ECMADE_MOO,10,49,10,730,115,0.2886588806829993,0.2876588806829993,0.7431943705043764,0.7402315198204039,0.2509434374403179,2.341616797006564,4.259838202767905,-0.1283335481906753,1.0,0.001,10.848902800003998,0.028459164018817405,-0.12833354819067522,10,8.996763754045308,10.0,309,p0_lite_outputs\p1_rolling_window_market_validation_20260719\raw_configured_ecmade\TAIWAN50\window_001\ExperimentC_StabilityAware_ECMADE_MOO\run_010,1.0,1.0,1.075244870237318,0.03590224072517768,0.8666666666666667,1.065673231248204,0.054698251853694715
TAIWAN50,window_002,ExperimentC_StabilityAware_ECMADE_MOO,10,49,10,729,126,0.0178696749908835,0.0168696749908835,0.036058675266047,0.034023935916065,0.3725259501532866,0.2818835201040838,0.4216942805368898,-0.287999777278923,1.0,0.0009999999999999,10.898005500086583,0.04801197873743561,-0.2879997772789231,9,8.487437185929648,9.0,398,p0_lite_outputs\p1_rolling_window_market_validation_20260719\raw_configured_ecmade\TAIWAN50\window_002\ExperimentC_StabilityAware_ECMADE_MOO\run_010,1.0,0.7478385706725319,1.0001226244590165,0.005277704224064849,0.9916666666666667,1.2145703641669978,0.014535912942586379
TAIWAN50,window_003,ExperimentC_StabilityAware_ECMADE_MOO,10,49,10,728,117,-0.2556216692678063,-0.2566216692678063,-0.470503124875593,-0.4720340278097367,0.244596209832211,-2.4733906444164204,-3.6215263833586615,-0.2614398887051078,1.0,0.001,11.709127200068906,0.036026680194138135,-0.2614398887051078,10,9.51645569620253,10.0,395,p0_lite_outputs\p1_rolling_window_market_validation_20260719\raw_configured_ecmade\TAIWAN50\window_003\ExperimentC_StabilityAware_ECMADE_MOO\run_010,1.0,0.5791478880637385,1.0672719507301063,0.009120106612319495,0.95,1.1696942098788592,0.047208169519628376
TAIWAN50,window_004,ExperimentC_StabilityAware_ECMADE_MOO,10,49,10,730,127,-0.0275116813492873,-0.0285116813492873,-0.0538508932669723,-0.0557804261285832,0.1646776649091878,-0.2536284592295275,-0.3839388540502487,-0.1791147452536992,1.0,0.001,10.916151399957016,0.022748213914854976,-0.1791147452536992,10,9.380645161290323,10.0,310,p0_lite_outputs\p1_rolling_window_market_validation_20260719\raw_configured_ecmade\TAIWAN50\window_004\ExperimentC_StabilityAware_ECMADE_MOO\run_010,1.0,0.3989535092936225,1.0707829758966643,0.031058429880422546,0.8833333333333333,1.1067830914674817,0.04644471593241343
TAIWAN50,window_005,ExperimentC_StabilityAware_ECMADE_MOO,10,49,10,733,112,0.278764530999557,0.277764530999557,0.7389168227708993,0.7358586751571363,0.149749632476512,3.773390463106764,6.957404104368704,-0.0404609029419293,1.0,0.001,11.344459799933247,0.01630498857032377,-0.04046090294192939,10,9.917933130699089,10.0,329,p0_lite_outputs\p1_rolling_window_market_validation_20260719\raw_configured_ecmade\TAIWAN50\window_005\ExperimentC_StabilityAware_ECMADE_MOO\run_010,1.0,0.23402389626189796,1.0109778487048406,0.01253078108612002,0.9,1.2005234412356496,0.029463970463331664
TAIWAN50,window_006,ExperimentC_StabilityAware_ECMADE_MOO,10,49,10,729,125,0.169311788176061,0.168311788176061,0.3707161860491488,0.3683539732169463,0.2796205066285824,1.2685708837108864,1.8008784303449976,-0.182184828285475,1.0,0.001,10.21500039997045,0.03960027943547586,-0.182184828285475,10,9.445255474452555,10.0,274,p0_lite_outputs\p1_rolling_window_market_validation_20260719\raw_configured_ecmade\TAIWAN50\window_006\ExperimentC_StabilityAware_ECMADE_MOO\run_010,1.0,0.7224967297237277,1.0460314997087816,0.007696501108917718,0.9166666666666666,1.3606291344730836,0.037253213288158955
TAIWAN50,window_007,ExperimentC_StabilityAware_ECMADE_MOO,10,49,10,727,117,0.2712123299570967,0.2702123299570967,0.6767555268868026,0.6739158482559107,0.149553185310847,3.534179974633852,6.138028111721204,-0.0537706884893343,1.0,0.001,10.811858400003985,0.017825497981518407,-0.053770688489334306,10,9.87037037037037,10.0,270,p0_lite_outputs\p1_rolling_window_market_validation_20260719\raw_configured_ecmade\TAIWAN50\window_007\ExperimentC_StabilityAware_ECMADE_MOO\run_010,1.0,0.6773489876167789,0.9976041352907494,0.06484091849524373,0.7833333333333333,0.9306893295644619,0.03415927874869597
TAIWAN50,window_008,ExperimentC_StabilityAware_ECMADE_MOO,10,49,10,729,123,-0.0058335493305647,-0.0068335493305647,-0.0119151047081449,-0.0139502782764108,0.1902063889613337,0.0327750295589165,0.0401508002711686,-0.1225954483807417,1.0,0.001,11.26425439992454,0.029719065360031112,-0.12259544838074177,10,8.846153846153847,10.0,377,p0_lite_outputs\p1_rolling_window_market_validation_20260719\raw_configured_ecmade\TAIWAN50\window_008\ExperimentC_StabilityAware_ECMADE_MOO\run_010,1.0,0.3135533262737458,0.9448857928686853,0.0047841670886317085,0.9916666666666667,1.375199495930461,0.04127882688080756
TAIWAN50,window_009,ExperimentC_StabilityAware_ECMADE_MOO,10,49,10,726,116,0.0772018200839976,0.0762018200839976,0.1753375704872068,0.1729685342724873,0.2419840885439992,0.7892411801224793,1.0025918534295883,-0.1987873089633302,1.0,0.001,10.82824210007675,0.038531701899267704,-0.1987873089633302,10,9.498516320474778,10.0,337,p0_lite_outputs\p1_rolling_window_market_validation_20260719\raw_configured_ecmade\TAIWAN50\window_009\ExperimentC_StabilityAware_ECMADE_MOO\run_010,1.0,0.3826848042398403,0.9487295084557988,0.005169402893240535,0.9916666666666667,1.3839380739032041,0.034585349925284434
TAIWAN50,window_010,ExperimentC_StabilityAware_ECMADE_MOO,10,49,10,725,124,0.3224780156995488,0.3214780156995488,0.7647885577736988,0.7620776574586099,0.1454614493590355,3.98213585940912,6.209092273615062,-0.0415877092834842,1.0,0.001,5.9790069999871776,0.017878707809298542,-0.04158770928348421,10,9.536443148688047,10.0,343,p0_lite_outputs\p1_rolling_window_market_validation_20260719\raw_configured_ecmade\TAIWAN50\window_010\ExperimentC_StabilityAware_ECMADE_MOO\run_010,1.0,0.5447598679677659,0.9561715631774905,0.004619745062863382,1.0,1.3881990974256904,0.03680894382870094
TAIWAN50,window_011,ExperimentC_StabilityAware_ECMADE_MOO,10,49,10,722,116,0.4061478723915497,0.4051478723915497,1.0969330916161026,1.0936948067657783,0.1912138044146583,3.973661440652092,6.257820927234927,-0.0455595545480997,1.0,0.001,11.128319599898532,0.024568717849871514,-0.04555955454809979,10,9.820809248554914,10.0,346,p0_lite_outputs\p1_rolling_window_market_validation_20260719\raw_configured_ecmade\TAIWAN50\window_011\ExperimentC_StabilityAware_ECMADE_MOO\run_010,1.0,0.5207670399227082,0.9670954689716041,0.02340631693890572,0.8833333333333333,1.1028079177760788,0.03279584309673505
TAIWAN50,window_001,HandCrafted_ECMADE_MOO,1,49,10,730,115,0.4197766813482015,0.4187766813482015,1.1555615747784411,1.152236044847311,0.2867814849574928,2.8243581441440293,5.449247001749716,-0.1378715442706188,1.0,0.001,4.8860718999640085,0.030882069819498103,-0.13787154427061887,10,9.387096774193548,10.0,279,p0_lite_outputs\p1_rolling_window_market_validation_20260719\raw_configured_ecmade\TAIWAN50\window_001\HandCrafted_ECMADE_MOO\run_001,1.0,1.0,1.0793640397071573,0.010346646837706114,0.9333333333333333,1.3553041449878322,0.04357629346392981
TAIWAN50,window_002,HandCrafted_ECMADE_MOO,1,49,10,729,126,0.0147664449912869,0.0137664449912869,0.0297509378802547,0.0277224049902717,0.3131646612404594,0.2506700004416956,0.3734464054194167,-0.2486637770410887,1.0,0.001,4.5264487999957055,0.041626273617706114,-0.24866377704108877,10,9.759530791788857,10.0,341,p0_lite_outputs\p1_rolling_window_market_validation_20260719\raw_configured_ecmade\TAIWAN50\window_002\HandCrafted_ECMADE_MOO\run_001,1.0,0.62033047396667,0.9962164111528046,0.0059091061169200985,0.975,1.2580650858688676,0.02659257239123623
TAIWAN50,window_003,HandCrafted_ECMADE_MOO,1,49,10,728,117,-0.3043300568748039,-0.3053300568748039,-0.5423211704046687,-0.5437370032321371,0.289016466647054,-2.554894930518689,-3.809335349549038,-0.3083600890299603,1.0,0.001,4.306891699961852,0.04233327236728709,-0.30836008902996037,10,9.872413793103448,10.0,290,p0_lite_outputs\p1_rolling_window_market_validation_20260719\raw_configured_ecmade\TAIWAN50\window_003\HandCrafted_ECMADE_MOO\run_001,1.0,0.547209888139093,1.0502087429520404,0.014045971871844077,0.8166666666666667,1.16929774992074,0.047208169519628376
TAIWAN50,window_004,HandCrafted_ECMADE_MOO,1,49,10,730,127,-0.0390946181532589,-0.0400946181532589,-0.0760807886435468,-0.0779876877284131,0.1688708534167558,-0.3839429193303694,-0.5957889651158962,-0.1832443387673522,1.0,0.001,4.377555100014433,0.023463669064555655,-0.18324433876735224,10,7.058080808080808,10.0,396,p0_lite_outputs\p1_rolling_window_market_validation_20260719\raw_configured_ecmade\TAIWAN50\window_004\HandCrafted_ECMADE_MOO\run_001,1.0,0.5100596587537909,1.0752959297553555,0.004640553457893808,1.0,1.4088935916397474,0.04644471593241343
TAIWAN50,window_005,HandCrafted_ECMADE_MOO,1,49,10,733,112,0.274737302028144,0.273737302028144,0.7266191871793917,0.7235730783555065,0.1390703093441091,4.000970081179977,7.264867313302096,-0.0406818021430636,1.0,0.001,4.691782400012016,0.015751576782498316,-0.040681802143063606,10,8.630813953488373,10.0,344,p0_lite_outputs\p1_rolling_window_market_validation_20260719\raw_configured_ecmade\TAIWAN50\window_005\HandCrafted_ECMADE_MOO\run_001,1.0,0.2546147577737228,1.026521722720918,0.004009075823850836,1.0,1.3994533037261463,0.029463970463331664
TAIWAN50,window_006,HandCrafted_ECMADE_MOO,1,49,10,729,125,0.1623927615807361,0.1613927615807361,0.3544140182540607,0.3520660120999874,0.271466885422344,1.2542213279337515,1.7629887412964398,-0.1916146018057017,1.0,0.001,4.212539399974048,0.03870685356858131,-0.19161460180570178,10,9.115264797507788,10.0,321,p0_lite_outputs\p1_rolling_window_market_validation_20260719\raw_configured_ecmade\TAIWAN50\window_006\HandCrafted_ECMADE_MOO\run_001,1.0,0.6975637996023116,1.047155779642704,0.012862534466429472,0.925,1.1951603836575728,0.037253213288158955
TAIWAN50,window_007,HandCrafted_ECMADE_MOO,1,49,10,727,117,0.2207097113522771,0.2197097113522771,0.5365609213726517,0.5338510618983243,0.1358423128629389,3.2325867926462157,5.34248571892035,-0.0493847936893934,1.0,0.001,4.097118700039573,0.01596681387700385,-0.049384793689393414,10,9.547413793103448,10.0,232,p0_lite_outputs\p1_rolling_window_market_validation_20260719\raw_configured_ecmade\TAIWAN50\window_007\HandCrafted_ECMADE_MOO\run_001,1.0,0.4767608401758967,1.0339600290634718,0.04868996770269648,0.85,1.0049836252154434,0.03415927874869597
TAIWAN50,window_008,HandCrafted_ECMADE_MOO,1,49,10,729,123,0.0129759778124389,0.0119759778124389,0.0267658647264621,0.0246902687136216,0.1794849524397277,0.2373948659716591,0.3039865639215963,-0.1085713183724088,1.0,0.001,4.040378500008956,0.026999251484089503,-0.10857131837240885,10,8.798136645962733,10.0,322,p0_lite_outputs\p1_rolling_window_market_validation_20260719\raw_configured_ecmade\TAIWAN50\window_008\HandCrafted_ECMADE_MOO\run_001,1.0,0.3666554542139032,0.9454464038745176,0.004611852029450719,0.9916666666666667,1.3838107729752314,0.04127882688080756
TAIWAN50,window_009,HandCrafted_ECMADE_MOO,1,49,10,726,116,0.1018400092470319,0.1008400092470319,0.2345221688786276,0.2320894506942674,0.2865771774251188,0.8794393990388946,1.081494917397374,-0.2375796234773624,1.0,0.001,4.137165100022685,0.04684362142308221,-0.2375796234773624,10,9.843949044585987,10.0,314,p0_lite_outputs\p1_rolling_window_market_validation_20260719\raw_configured_ecmade\TAIWAN50\window_009\HandCrafted_ECMADE_MOO\run_001,1.0,0.49646510952733797,0.9412422977655152,0.00972999800504299,0.9416666666666667,1.2677947112608647,0.034585349925284434
TAIWAN50,window_010,HandCrafted_ECMADE_MOO,1,49,10,725,124,0.4039578697469386,0.4029578697469386,0.9927898772863036,0.9899063331504916,0.1726718032278274,4.085051468609001,6.426124833350397,-0.0457269385621688,1.0,0.001,4.315142799983732,0.020780048062210642,-0.045726938562168806,10,8.734104046242775,10.0,346,p0_lite_outputs\p1_rolling_window_market_validation_20260719\raw_configured_ecmade\TAIWAN50\window_010\HandCrafted_ECMADE_MOO\run_001,1.0,0.5968434851382672,0.9570070274879919,0.00490951411045821,0.9916666666666667,1.3961078621921532,0.03680894382870094
TAIWAN50,window_011,HandCrafted_ECMADE_MOO,1,49,10,722,116,0.4439359963625806,0.4429359963625806,1.2212843278598635,1.2179437436971297,0.2173623862507522,3.7858624478964096,6.17179425698644,-0.0474441624589733,1.0,0.001,5.316571399976965,0.026593958340460758,-0.047444162458973316,10,9.087209302325581,10.0,344,p0_lite_outputs\p1_rolling_window_market_validation_20260719\raw_configured_ecmade\TAIWAN50\window_011\HandCrafted_ECMADE_MOO\run_001,1.0,0.4669384078439581,0.9928970481710985,0.004852855029599023,0.9916666666666667,1.4039486157888852,0.03279584309673505
TAIWAN50,window_001,HandCrafted_ECMADE_MOO,2,49,10,730,115,0.3824285718590821,0.3814285718590821,1.033250850174332,1.030029308127402,0.3066465758125503,2.469385901759858,4.796067334922011,-0.1459606280939021,1.0,0.0009999999999999,4.688745200051926,0.03347795312925846,-0.1459606280939021,10,9.801948051948052,10.0,308,p0_lite_outputs\p1_rolling_window_market_validation_20260719\raw_configured_ecmade\TAIWAN50\window_001\HandCrafted_ECMADE_MOO\run_002,1.0,1.0,1.064510029938441,0.026458986737082756,0.85,1.1124528179852757,0.04357629346392981
TAIWAN50,window_002,HandCrafted_ECMADE_MOO,2,49,10,729,126,0.0324878126362124,0.0314878126362124,0.0660310832423105,0.063967107617038,0.374558722091914,0.3585757102357993,0.538818183897238,-0.2724701014063349,1.0000000000000002,0.001,4.07933730003424,0.0480077833062666,-0.2724701014063349,10,9.643410852713178,10.0,258,p0_lite_outputs\p1_rolling_window_market_validation_20260719\raw_configured_ecmade\TAIWAN50\window_002\HandCrafted_ECMADE_MOO\run_002,1.0000000000000002,0.641968361728491,0.9887335513682664,0.007958792796206288,0.975,1.1739653431954749,0.02659257239123623
TAIWAN50,window_003,HandCrafted_ECMADE_MOO,2,49,10,728,117,-0.311979495964432,-0.312979495964432,-0.5530917630648557,-0.5544896349312989,0.2863861208035321,-2.663946769911687,-4.062296121804904,-0.3165985011628613,1.0000000000000002,0.001,4.390859499981161,0.04128107516746287,-0.3165985011628618,10,9.696551724137931,10.0,290,p0_lite_outputs\p1_rolling_window_market_validation_20260719\raw_configured_ecmade\TAIWAN50\window_003\HandCrafted_ECMADE_MOO\run_002,1.0000000000000002,0.5223339274096432,1.0479506816981798,0.022957836316699103,0.9083333333333333,1.0532156449156338,0.047208169519628376
TAIWAN50,window_004,HandCrafted_ECMADE_MOO,2,49,10,730,127,-0.0282208952635321,-0.0292208952635321,-0.0552195462943178,-0.0571476934305535,0.1696428420145914,-0.249873724268773,-0.3946144741995748,-0.1803077714169793,1.0,0.0009999999999999,4.640203899994958,0.02328331539215948,-0.1803077714169793,10,9.824742268041238,10.0,291,p0_lite_outputs\p1_rolling_window_market_validation_20260719\raw_configured_ecmade\TAIWAN50\window_004\HandCrafted_ECMADE_MOO\run_002,1.0,0.5330950459788211,1.0671528033877256,0.03407529913980951,0.875,1.0952756537917783,0.04644471593241343
TAIWAN50,window_005,HandCrafted_ECMADE_MOO,2,49,10,733,112,0.317124421517625,0.316124421517625,0.8584903277449214,0.8553170367131058,0.1458502813326065,4.327263354095816,7.996121483630699,-0.0384386712070551,1.0,0.0009999999999999,4.967727200011723,0.015114808394501272,-0.03843867120705513,10,9.8675,10.0,400,p0_lite_outputs\p1_rolling_window_market_validation_20260719\raw_configured_ecmade\TAIWAN50\window_005\HandCrafted_ECMADE_MOO\run_002,1.0,0.3025646877238201,0.9902132108510567,0.03174831404836454,0.9,1.02587571387168,0.029463970463331664
TAIWAN50,window_006,HandCrafted_ECMADE_MOO,2,49,10,729,125,0.1773757884141529,0.1763757884141529,0.3898401165422465,0.3874613443863077,0.2925470779410073,1.2727262040258087,1.7856480375984205,-0.1893605619896468,1.0,0.001,3.95920899999328,0.04205031114807073,-0.1893605619896468,10,9.544585987261147,10.0,314,p0_lite_outputs\p1_rolling_window_market_validation_20260719\raw_configured_ecmade\TAIWAN50\window_006\HandCrafted_ECMADE_MOO\run_002,1.0,0.6265233588887122,1.0246070278605306,0.03403485925760752,0.8833333333333333,1.0064424076246905,0.037253213288158955
TAIWAN50,window_007,HandCrafted_ECMADE_MOO,2,49,10,727,117,0.2568200815258297,0.2558200815258297,0.6361345244100958,0.6333319239878139,0.1451207106721823,3.4683404468996386,5.8717189554051705,-0.047951826556588,1.0,0.001,4.046106500027236,0.01709859825789373,-0.04795182655658803,10,9.868512110726643,10.0,289,p0_lite_outputs\p1_rolling_window_market_validation_20260719\raw_configured_ecmade\TAIWAN50\window_007\HandCrafted_ECMADE_MOO\run_002,1.0,0.6200402342661387,1.0049701076502249,0.06077562915459202,0.7833333333333333,0.9109360750357792,0.03415927874869597
TAIWAN50,window_008,HandCrafted_ECMADE_MOO,2,49,10,729,123,0.008143554565817,0.007143554565817,0.0167556139940556,0.0146904065812314,0.1944421675539486,0.1831632319116096,0.2341118041179614,-0.1205458292778786,1.0,0.001,4.603551000007428,0.029558686402072844,-0.1205458292778786,10,9.721830985915492,10.0,284,p0_lite_outputs\p1_rolling_window_market_validation_20260719\raw_configured_ecmade\TAIWAN50\window_008\HandCrafted_ECMADE_MOO\run_002,1.0,0.25725694203883887,0.938489433282427,0.00708690180808039,0.9583333333333334,1.3475461144687189,0.04127882688080756
TAIWAN50,window_009,HandCrafted_ECMADE_MOO,2,49,10,726,116,0.0848654487189872,0.0838654487189872,0.1935786585189673,0.1911898408828238,0.2792872794205686,0.7742236435196564,0.9494551752813974,-0.2353597163062915,1.0,0.001,4.3635746000218205,0.04593010089482958,-0.2353597163062915,10,9.846153846153847,10.0,312,p0_lite_outputs\p1_rolling_window_market_validation_20260719\raw_configured_ecmade\TAIWAN50\window_009\HandCrafted_ECMADE_MOO\run_002,1.0,0.4200529473071942,0.9377261933327737,0.012150910684894071,0.9333333333333333,1.2297646439837668,0.034585349925284434
TAIWAN50,window_010,HandCrafted_ECMADE_MOO,2,49,10,725,124,0.3766174708250158,0.3756174708250158,0.9147161547961808,0.911890577951882,0.1697739363203694,3.915954169149405,6.035108105928635,-0.0503768542768112,1.0,0.001,4.619761599984486,0.02158706338763592,-0.05037685427681127,10,9.722955145118734,10.0,379,p0_lite_outputs\p1_rolling_window_market_validation_20260719\raw_configured_ecmade\TAIWAN50\window_010\HandCrafted_ECMADE_MOO\run_002,1.0,0.6992792140244473,0.9537182578859464,0.005308547518172521,0.9666666666666667,1.3947813102666595,0.03680894382870094
TAIWAN50,window_011,HandCrafted_ECMADE_MOO,2,49,10,722,116,0.4556951119812282,0.4546951119812282,1.2607702924118898,1.2573977792962705,0.2112720489732832,3.972551782933021,6.341862308145254,-0.0483481473889967,1.0,0.001,4.116371999960393,0.026202274211363008,-0.04834814738899673,10,9.815533980582524,10.0,309,p0_lite_outputs\p1_rolling_window_market_validation_20260719\raw_configured_ecmade\TAIWAN50\window_011\HandCrafted_ECMADE_MOO\run_002,1.0,0.5914739265171894,0.973209850383393,0.01857833990500056,0.9166666666666666,1.1364893550571327,0.03279584309673505
TAIWAN50,window_001,HandCrafted_ECMADE_MOO,3,49,10,730,115,0.3526940815480679,0.3516940815480679,0.938644742388407,0.9355056068348512,0.2568509966453545,2.70820823774865,5.070329041675892,-0.1273271250028013,1.0,0.001,4.027220799995121,0.02842572146717942,-0.1273271250028013,10,9.629893238434164,10.0,281,p0_lite_outputs\p1_rolling_window_market_validation_20260719\raw_configured_ecmade\TAIWAN50\window_001\HandCrafted_ECMADE_MOO\run_003,1.0,1.0,1.0633907506327287,0.044747811829755915,0.8583333333333333,1.0417721225760708,0.04357629346392981
TAIWAN50,window_002,HandCrafted_ECMADE_MOO,3,49,10,729,126,0.0180147184556513,0.0170147184556513,0.0363539669923391,0.034318937555428,0.3317217303355086,0.2739425326817978,0.4105124890543311,-0.2611954898831091,1.0,0.001,3.944525099999737,0.04342670897767673,-0.26119548988310914,10,9.417543859649124,10.0,285,p0_lite_outputs\p1_rolling_window_market_validation_20260719\raw_configured_ecmade\TAIWAN50\window_002\HandCrafted_ECMADE_MOO\run_003,1.0,0.6561049152444387,0.9948216806137774,0.006550926546996643,0.9916666666666667,1.1919518829158477,0.02659257239123623
TAIWAN50,window_003,HandCrafted_ECMADE_MOO,3,49,10,728,117,-0.2697902449863349,-0.2707902449863349,-0.4919725205646845,-0.4934698281144533,0.2455101081769197,-2.63141990915628,-3.946587765501933,-0.2748428199042116,1.0,0.001,5.028283699997701,0.036184877756161624,-0.27484281990421167,10,9.367601246105918,10.0,321,p0_lite_outputs\p1_rolling_window_market_validation_20260719\raw_configured_ecmade\TAIWAN50\window_003\HandCrafted_ECMADE_MOO\run_003,1.0,0.5625387074138949,1.067445375712889,0.009070521729583727,0.9666666666666667,1.1806202144139062,0.047208169519628376
TAIWAN50,window_004,HandCrafted_ECMADE_MOO,3,49,10,730,127,-0.0186105005375767,-0.0196105005375767,-0.0365896769637446,-0.03853660039584,0.1857056884364868,-0.1076328838621147,-0.1621022282747944,-0.18921810407606,1.0000000000000002,0.001,4.3845381999854,0.02670703018198367,-0.18921810407606,10,8.951612903225806,10.0,372,p0_lite_outputs\p1_rolling_window_market_validation_20260719\raw_configured_ecmade\TAIWAN50\window_004\HandCrafted_ECMADE_MOO\run_003,1.0000000000000002,0.41536367810051333,1.0555446761597664,0.03804730374574973,0.85,1.064649494402469,0.04644471593241343
TAIWAN50,window_005,HandCrafted_ECMADE_MOO,3,49,10,733,112,0.3176877649073883,0.3166877649073883,0.8602793070084238,0.8571043186929372,0.1549597685002028,4.087951039191363,7.556525811663301,-0.0423968454112668,1.0,0.001,4.220726499974262,0.016934587307753848,-0.04239684541126687,10,9.571428571428571,10.0,329,p0_lite_outputs\p1_rolling_window_market_validation_20260719\raw_configured_ecmade\TAIWAN50\window_005\HandCrafted_ECMADE_MOO\run_003,1.0,0.3018240208126027,0.9907891901838712,0.029309368225028564,0.9,1.040477333467275,0.029463970463331664
TAIWAN50,window_006,HandCrafted_ECMADE_MOO,3,49,10,729,125,0.1903268903206953,0.1893268903206953,0.4208333728774998,0.4184280020013398,0.3182762265212532,1.2638284275216645,1.798364151218184,-0.2161261341755644,1.0,0.001,4.116870699974243,0.044654006344790775,-0.21612613417556448,10,9.792642140468228,10.0,299,p0_lite_outputs\p1_rolling_window_market_validation_20260719\raw_configured_ecmade\TAIWAN50\window_006\HandCrafted_ECMADE_MOO\run_003,1.0,0.6856281616279538,1.0462527313378738,0.009079821619743562,0.925,1.2796009848726964,0.037253213288158955
TAIWAN50,window_007,HandCrafted_ECMADE_MOO,3,49,10,727,117,0.203072332127677,0.202072332127677,0.4891417971026583,0.4864770825719202,0.1548176487327672,2.6513394570077526,4.475927677423232,-0.0517611678267098,1.0,0.001,3.757023799989838,0.01848096880160768,-0.05176116782670981,9,9.562770562770563,10.0,231,p0_lite_outputs\p1_rolling_window_market_validation_20260719\raw_configured_ecmade\TAIWAN50\window_007\HandCrafted_ECMADE_MOO\run_003,1.0,0.5897088310214557,1.044743342789223,0.04323741241798077,0.8666666666666667,1.0176679073568955,0.03415927874869597
TAIWAN50,window_008,HandCrafted_ECMADE_MOO,3,49,10,729,123,-0.0067389017677162,-0.0077389017677162,-0.0137577460903698,-0.0157909749549164,0.2009889018926874,0.032325489512143,0.0399280020590397,-0.1299157189287487,1.0,0.001,5.437104900018312,0.03154451237453433,-0.12991571892874876,10,9.513307984790874,10.0,263,p0_lite_outputs\p1_rolling_window_market_validation_20260719\raw_configured_ecmade\TAIWAN50\window_008\HandCrafted_ECMADE_MOO\run_003,1.0,0.5014185468698014,0.9351601086516511,0.009590882221388578,0.9166666666666666,1.310308476354585,0.04127882688080756
TAIWAN50,window_009,HandCrafted_ECMADE_MOO,3,49,10,726,116,0.0885475858736279,0.0875475858736279,0.2023968815797396,0.1999985509940365,0.2668005522330995,0.8248654119335547,1.0243351298326289,-0.2170581890776844,1.0,0.001,4.131948900001589,0.04268967833561494,-0.21705818907768415,10,9.7,10.0,340,p0_lite_outputs\p1_rolling_window_market_validation_20260719\raw_configured_ecmade\TAIWAN50\window_009\HandCrafted_ECMADE_MOO\run_003,1.0,0.5848905880678295,0.9463187198840882,0.005638627338372363,0.975,1.3552140965214012,0.034585349925284434
TAIWAN50,window_010,HandCrafted_ECMADE_MOO,3,49,10,725,124,0.395705636157593,0.394705636157593,0.9690576579376656,0.9661916141122576,0.1772356973209683,3.9166226863189832,6.108471744982918,-0.0515905147285978,1.0,0.001,4.171250200015493,0.021963854435264114,-0.05159051472859788,10,9.955357142857142,10.0,336,p0_lite_outputs\p1_rolling_window_market_validation_20260719\raw_configured_ecmade\TAIWAN50\window_010\HandCrafted_ECMADE_MOO\run_003,1.0,0.5777421643315285,0.9200828718869118,0.02915085237006637,0.8416666666666667,1.0545186127283996,0.03680894382870094
TAIWAN50,window_011,HandCrafted_ECMADE_MOO,3,49,10,722,116,0.4362616276930056,0.4352616276930056,1.1957169245680546,1.1923971540946687,0.2040380222716949,3.962567832584568,6.270908074614471,-0.048325827449533,1.0,0.001,4.462316400022246,0.025808756477578767,-0.048325827449533065,10,9.571022727272727,10.0,352,p0_lite_outputs\p1_rolling_window_market_validation_20260719\raw_configured_ecmade\TAIWAN50\window_011\HandCrafted_ECMADE_MOO\run_003,1.0,0.5134534786216486,0.9906166312218935,0.005156996859470487,0.9916666666666667,1.3690503159418785,0.03279584309673505
TAIWAN50,window_001,HandCrafted_ECMADE_MOO,4,49,10,730,115,0.3907340855021726,0.3897340855021726,1.060114774435177,1.0568701534078355,0.2648527771818811,2.864219760505156,5.354387942179368,-0.1316949210303024,1.0,0.001,4.165831599966623,0.028609728569561066,-0.13169492103030245,10,8.949526813880126,10.0,317,p0_lite_outputs\p1_rolling_window_market_validation_20260719\raw_configured_ecmade\TAIWAN50\window_001\HandCrafted_ECMADE_MOO\run_004,1.0,1.0,1.080843163285139,0.018347702040796932,0.9,1.174955897222085,0.04357629346392981
TAIWAN50,window_002,HandCrafted_ECMADE_MOO,4,49,10,729,126,0.0121479876449004,0.0111479876449004,0.0244435488936214,0.0224202529183314,0.3247289424106968,0.2371185244846243,0.3570013577070414,-0.2633623752701303,1.0,0.001,4.2286575000034645,0.04309234788755106,-0.2633623752701303,10,9.714689265536723,10.0,354,p0_lite_outputs\p1_rolling_window_market_validation_20260719\raw_configured_ecmade\TAIWAN50\window_002\HandCrafted_ECMADE_MOO\run_004,1.0,0.5795918800861674,0.9933403185368321,0.008576231033830196,0.9916666666666667,1.204000506563,0.02659257239123623
TAIWAN50,window_003,HandCrafted_ECMADE_MOO,4,49,10,728,117,-0.2604048496421856,-0.2614048496421856,-0.4778042309932195,-0.47932378133228,0.2462424518434072,-2.511432067955288,-3.731846469801293,-0.2662709285699014,1.0,0.001,4.7914495000150055,0.036308570576926706,-0.2662709285699014,10,9.31686046511628,10.0,344,p0_lite_outputs\p1_rolling_window_market_validation_20260719\raw_configured_ecmade\TAIWAN50\window_003\HandCrafted_ECMADE_MOO\run_004,1.0,0.5689771358649306,1.0659621788387865,0.009652817982920428,0.9416666666666667,1.177722904306775,0.047208169519628376
TAIWAN50,window_004,HandCrafted_ECMADE_MOO,4,49,10,730,127,-0.0271314730186141,-0.0281314730186141,-0.0531167561360759,-0.0550470318760635,0.16755203104292,-0.2418134967322907,-0.3753362832830161,-0.1788648583484773,1.0,0.001,4.331147000018973,0.02298291987814658,-0.1788648583484772,10,9.363363363363364,10.0,333,p0_lite_outputs\p1_rolling_window_market_validation_20260719\raw_configured_ecmade\TAIWAN50\window_004\HandCrafted_ECMADE_MOO\run_004,1.0,0.44011909905836044,1.0726498773067572,0.01893722864891279,0.9083333333333333,1.1786956075649888,0.04644471593241343
TAIWAN50,window_005,HandCrafted_ECMADE_MOO,4,49,10,733,112,0.2919902610941478,0.2909902610941478,0.7796446362705629,0.7765468857332549,0.1411407096098481,4.159076317261724,7.800900069135302,-0.0411384816252508,1.0,0.001,4.096979199966881,0.015209740545720702,-0.04113848162525102,10,9.589506172839506,10.0,324,p0_lite_outputs\p1_rolling_window_market_validation_20260719\raw_configured_ecmade\TAIWAN50\window_005\HandCrafted_ECMADE_MOO\run_004,1.0,0.2581659298362121,1.021898972485469,0.006408207499071885,0.95,1.311562539137414,0.029463970463331664
TAIWAN50,window_006,HandCrafted_ECMADE_MOO,4,49,10,729,125,0.1866232127168154,0.1856232127168154,0.4119349382023087,0.4095371743420704,0.2617430497963415,1.4500915379845245,2.072927973148815,-0.1554492313858162,1.0,0.001,4.665715700015426,0.03746028690960396,-0.15544923138581623,10,9.39795918367347,10.0,294,p0_lite_outputs\p1_rolling_window_market_validation_20260719\raw_configured_ecmade\TAIWAN50\window_006\HandCrafted_ECMADE_MOO\run_004,1.0,0.6594115992436782,1.0246019876738384,0.0379888143917197,0.8666666666666667,0.9540257326809478,0.037253213288158955
TAIWAN50,window_007,HandCrafted_ECMADE_MOO,4,49,10,727,117,0.2421547516237452,0.2411547516237452,0.5952912385417413,0.5925263526914266,0.1570634656959919,3.054760336131336,5.25870429581883,-0.0584019207081654,1.0,0.001,4.074681199970655,0.018716991659427876,-0.05840192070816541,10,9.657894736842104,10.0,228,p0_lite_outputs\p1_rolling_window_market_validation_20260719\raw_configured_ecmade\TAIWAN50\window_007\HandCrafted_ECMADE_MOO\run_004,1.0,0.4886173612688659,1.050160298770625,0.03532301046638968,0.8666666666666667,1.0553851387307778,0.03415927874869597
TAIWAN50,window_008,HandCrafted_ECMADE_MOO,4,49,10,729,123,-0.0057932984273054,-0.0067932984273054,-0.0118331421626857,-0.0138684021921963,0.1941395196180663,0.0364404004945588,0.0448354791760667,-0.1204700645311386,1.0,0.001,4.713762399973348,0.030731194596719864,-0.12047006453113862,10,8.757668711656441,10.0,326,p0_lite_outputs\p1_rolling_window_market_validation_20260719\raw_configured_ecmade\TAIWAN50\window_008\HandCrafted_ECMADE_MOO\run_004,1.0,0.31882414228569006,0.9456630523451971,0.004724127920938552,0.9916666666666667,1.3895287786342527,0.04127882688080756
TAIWAN50,window_009,HandCrafted_ECMADE_MOO,4,49,10,726,116,0.0992541853905508,0.0982541853905508,0.2282368973468878,0.2258108743426883,0.2684237444791899,0.9011854003460024,1.0786837077386895,-0.223689181761503,1.0,0.001,3.934118499979377,0.04375552247278497,-0.223689181761503,10,9.093189964157705,10.0,279,p0_lite_outputs\p1_rolling_window_market_validation_20260719\raw_configured_ecmade\TAIWAN50\window_009\HandCrafted_ECMADE_MOO\run_004,1.0,0.33892303265144724,0.9469256660777204,0.0056267935674043585,0.9916666666666667,1.396431294220225,0.034585349925284434
TAIWAN50,window_010,HandCrafted_ECMADE_MOO,4,49,10,725,124,0.3025596375470947,0.3015596375470947,0.7111905847975153,0.7085218371924686,0.1561460256022125,3.522034792927445,5.4142512300108665,-0.0524475037613259,1.0,0.001,4.770061200018972,0.01948624216651118,-0.0524475037613259,10,9.66193853427896,10.0,423,p0_lite_outputs\p1_rolling_window_market_validation_20260719\raw_configured_ecmade\TAIWAN50\window_010\HandCrafted_ECMADE_MOO\run_004,1.0,0.6559996578747576,0.946833572752908,0.010639274731265929,0.9166666666666666,1.2128740598930117,0.03680894382870094
TAIWAN50,window_011,HandCrafted_ECMADE_MOO,4,49,10,722,116,0.4873983320853894,0.4863983320853894,1.3691001674472525,1.3656413511590624,0.2143967195221139,4.136872791195158,6.607961663441552,-0.051025911840577,1.0,0.001,4.165490299987141,0.026778794774266104,-0.05102591184057703,10,9.378461538461538,10.0,325,p0_lite_outputs\p1_rolling_window_market_validation_20260719\raw_configured_ecmade\TAIWAN50\window_011\HandCrafted_ECMADE_MOO\run_004,1.0,0.6815162376664592,0.9903712740797888,0.005692810752475709,0.95,1.3924340151382766,0.03279584309673505
TAIWAN50,window_001,HandCrafted_ECMADE_MOO,5,49,10,730,115,0.4247812460625579,0.4237812460625579,1.1722463554661111,1.1689068512645693,0.2958366859222792,2.7730287565593583,5.017768138205388,-0.1454743882880876,1.0,0.001,5.050227299972903,0.03252748017437266,-0.14547438828808756,10,9.369565217391305,10.0,276,p0_lite_outputs\p1_rolling_window_market_validation_20260719\raw_configured_ecmade\TAIWAN50\window_001\HandCrafted_ECMADE_MOO\run_005,1.0,1.0,1.0738054471298342,0.03452849247949043,0.875,1.0872017695550087,0.04357629346392981
TAIWAN50,window_002,HandCrafted_ECMADE_MOO,5,49,10,729,126,0.0053352315923709,0.0043352315923709,0.010698927880886,0.0086892574177015,0.358443754828257,0.2095399666213571,0.311348245403363,-0.2806452393132221,1.0,0.0009999999999999,4.458948699990287,0.04733789484694962,-0.28064523931322216,10,9.82882882882883,10.0,333,p0_lite_outputs\p1_rolling_window_market_validation_20260719\raw_configured_ecmade\TAIWAN50\window_002\HandCrafted_ECMADE_MOO\run_005,1.0,0.5560668981929251,0.9808820284125601,0.009337173953849864,0.925,1.1345889146561314,0.02659257239123623
TAIWAN50,window_003,HandCrafted_ECMADE_MOO,5,49,10,728,117,-0.2679025181356749,-0.2689025181356749,-0.4891395586334565,-0.490641336458459,0.2584246677720028,-2.4658518959322016,-3.69055612837899,-0.2713423083068278,1.0,0.001,4.717045800003689,0.037561698155353415,-0.2713423083068278,10,9.604229607250755,10.0,331,p0_lite_outputs\p1_rolling_window_market_validation_20260719\raw_configured_ecmade\TAIWAN50\window_003\HandCrafted_ECMADE_MOO\run_005,1.0,0.6126119759819524,1.0644840631928985,0.006959092673319458,0.9333333333333333,1.2467179607388632,0.047208169519628376
TAIWAN50,window_004,HandCrafted_ECMADE_MOO,5,49,10,730,127,-0.0283258866990022,-0.0293258866990022,-0.0554220770320371,-0.0573500190252921,0.19330216214624,-0.1980424962155521,-0.2987235511710819,-0.2039367477185526,1.0,0.001,4.179319099988788,0.02741353864197597,-0.20393674771855264,10,9.92,10.0,300,p0_lite_outputs\p1_rolling_window_market_validation_20260719\raw_configured_ecmade\TAIWAN50\window_004\HandCrafted_ECMADE_MOO\run_005,1.0,0.4046478242004871,1.0521864973050938,0.04553279850330097,0.8333333333333334,1.0205246787131907,0.04644471593241343
TAIWAN50,window_005,HandCrafted_ECMADE_MOO,5,49,10,733,112,0.2800268329917381,0.2790268329917381,0.7427813991228662,0.7397194760951755,0.1491988351799714,3.8016815960979193,7.1728791696934096,-0.0424152787234637,1.0000000000000002,0.001,4.645244100014679,0.01617108411528827,-0.042415278723463734,10,9.5015479876161,10.0,323,p0_lite_outputs\p1_rolling_window_market_validation_20260719\raw_configured_ecmade\TAIWAN50\window_005\HandCrafted_ECMADE_MOO\run_005,1.0000000000000002,0.25677598295887016,1.0222937745587324,0.005981660791479663,0.9583333333333334,1.3574250082483448,0.029463970463331664
TAIWAN50,window_006,HandCrafted_ECMADE_MOO,5,49,10,729,125,0.1898844551638518,0.1888844551638518,0.4197688988946921,0.4173644367599314,0.310586686915097,1.285110345905805,1.7821831612723005,-0.2073461742890832,1.0,0.0009999999999999,4.393080300011206,0.044757534564703425,-0.2073461742890832,10,9.365546218487395,10.0,238,p0_lite_outputs\p1_rolling_window_market_validation_20260719\raw_configured_ecmade\TAIWAN50\window_006\HandCrafted_ECMADE_MOO\run_005,1.0,0.6525136296273688,1.0528484217845588,0.005916017271346147,0.9666666666666667,1.4021715997880082,0.037253213288158955
TAIWAN50,window_007,HandCrafted_ECMADE_MOO,5,49,10,727,117,0.2103295579750177,0.2093295579750177,0.5085568634726576,0.5058735854685301,0.1433660485339119,2.941760798298884,4.800467844893545,-0.049902616089837,1.0,0.0009999999999999,3.936038400046528,0.017681473030800532,-0.04990261608983704,10,9.623255813953488,10.0,215,p0_lite_outputs\p1_rolling_window_market_validation_20260719\raw_configured_ecmade\TAIWAN50\window_007\HandCrafted_ECMADE_MOO\run_005,1.0,0.7154275487069359,1.04265181927227,0.04205236861052974,0.8666666666666667,1.0246319740817955,0.03415927874869597
TAIWAN50,window_008,HandCrafted_ECMADE_MOO,5,49,10,729,123,-0.0031723392840676,-0.0041723392840676,-0.0064886153030222,-0.0085295056702735,0.1833097198247873,0.0566527582947131,0.0717251656154533,-0.1158259587402457,1.0,0.001,4.2918719999725,0.028418405824942455,-0.1158259587402457,10,9.553745928338762,10.0,307,p0_lite_outputs\p1_rolling_window_market_validation_20260719\raw_configured_ecmade\TAIWAN50\window_008\HandCrafted_ECMADE_MOO\run_005,1.0,0.37554589577133285,0.9415340475306659,0.006218681416767006,0.9916666666666667,1.3758842938890337,0.04127882688080756
TAIWAN50,window_009,HandCrafted_ECMADE_MOO,5,49,10,726,116,0.1037900716711881,0.1027900716711881,0.239273571202758,0.2368358021498446,0.2676705037952798,0.9361858485323702,1.1315854134223406,-0.2161431770838315,1.0,0.001,3.916883600002621,0.04298550536252043,-0.21614317708383146,9,9.881118881118882,10.0,286,p0_lite_outputs\p1_rolling_window_market_validation_20260719\raw_configured_ecmade\TAIWAN50\window_009\HandCrafted_ECMADE_MOO\run_005,1.0,0.373919850738231,0.924181482292565,0.024063170457937665,0.8833333333333333,1.1343753612744047,0.034585349925284434
TAIWAN50,window_010,HandCrafted_ECMADE_MOO,5,49,10,725,124,0.3469966167440652,0.3459966167440652,0.8319183919533386,0.8291555754960935,0.1645715678157319,3.765133283832912,5.716566743806767,-0.0556612767324089,1.0,0.001,4.656887199962512,0.021049075301035315,-0.05566127673240895,10,9.611898016997166,10.0,353,p0_lite_outputs\p1_rolling_window_market_validation_20260719\raw_configured_ecmade\TAIWAN50\window_010\HandCrafted_ECMADE_MOO\run_005,1.0,0.597011972949135,0.9571324225146387,0.00452474596546798,0.9833333333333333,1.4023417103940232,0.03680894382870094
TAIWAN50,window_011,HandCrafted_ECMADE_MOO,5,49,10,722,116,0.4904115279472671,0.4894115279472671,1.379538750391859,1.3760717148890422,0.2220617219601995,4.021296429547518,6.316379067740948,-0.0487426402679427,1.0,0.001,4.01397630001884,0.02773858515971719,-0.04874264026794273,10,9.78368794326241,10.0,282,p0_lite_outputs\p1_rolling_window_market_validation_20260719\raw_configured_ecmade\TAIWAN50\window_011\HandCrafted_ECMADE_MOO\run_005,1.0,0.5258930288465544,0.9597528849919392,0.031301643062902396,0.875,1.044127613228885,0.03279584309673505
TAIWAN50,window_001,HandCrafted_ECMADE_MOO,6,49,10,730,115,0.2361334937686101,0.2351334937686101,0.5912677256702887,0.5884482310587689,0.2767385474681209,1.8178662853751384,3.15006831722135,-0.1357694478132278,1.0,0.0009999999999999,4.6428514999570325,0.033702017140225575,-0.13576944781322742,10,9.675585284280936,10.0,299,p0_lite_outputs\p1_rolling_window_market_validation_20260719\raw_configured_ecmade\TAIWAN50\window_001\HandCrafted_ECMADE_MOO\run_006,1.0,1.0,1.0578350951693087,0.048171072364108586,0.85,1.0272873975613876,0.04357629346392981
TAIWAN50,window_002,HandCrafted_ECMADE_MOO,6,49,10,729,126,-0.017603597171895,-0.018603597171895,-0.0348973077103997,-0.036861100516056,0.3694032471117045,0.0893089704065581,0.1313735777723398,-0.3048093872405196,1.0,0.001,4.197675599949434,0.04927714295105804,-0.30480938724051965,10,9.895652173913044,10.0,345,p0_lite_outputs\p1_rolling_window_market_validation_20260719\raw_configured_ecmade\TAIWAN50\window_002\HandCrafted_ECMADE_MOO\run_006,1.0,0.7247684486010904,0.9867983846588115,0.007058623660990019,0.9666666666666667,1.1743753263990024,0.02659257239123623
TAIWAN50,window_003,HandCrafted_ECMADE_MOO,6,49,10,728,117,-0.2245647196175741,-0.2255647196175741,-0.4217733267127713,-0.4233782121291621,0.2224132827320161,-2.348569698995606,-3.397477461448992,-0.238950373230989,1.0,0.001,4.05741789995227,0.03316366531538934,-0.2389503732309891,10,9.061224489795919,10.0,294,p0_lite_outputs\p1_rolling_window_market_validation_20260719\raw_configured_ecmade\TAIWAN50\window_003\HandCrafted_ECMADE_MOO\run_006,1.0,0.7714980448137965,1.0672843835581582,0.009595752118316637,0.9583333333333334,1.1739648083018661,0.047208169519628376
TAIWAN50,window_004,HandCrafted_ECMADE_MOO,6,49,10,730,127,-0.0373477716315137,-0.0383477716315137,-0.072745040117223,-0.0746553529225197,0.1663222542536313,-0.3706737151957064,-0.5489184572494389,-0.1897429420530197,1.0,0.001,4.410126700007822,0.023579394454019287,-0.18974294205301978,10,9.88857938718663,10.0,359,p0_lite_outputs\p1_rolling_window_market_validation_20260719\raw_configured_ecmade\TAIWAN50\window_004\HandCrafted_ECMADE_MOO\run_006,1.0,0.3937564044259554,1.0272847841509554,0.06155724035578647,0.8083333333333333,0.9772207432554968,0.04644471593241343
TAIWAN50,window_005,HandCrafted_ECMADE_MOO,6,49,10,733,112,0.2619948193566901,0.2609948193566901,0.6880275763847796,0.6850194965325755,0.139104196646246,3.837144878427164,7.0786057987499165,-0.0387907165271053,1.0,0.001,4.306728100054897,0.015311410632657554,-0.03879071652710531,10,9.622093023255815,10.0,344,p0_lite_outputs\p1_rolling_window_market_validation_20260719\raw_configured_ecmade\TAIWAN50\window_005\HandCrafted_ECMADE_MOO\run_006,1.0,0.27989546559956535,1.021794007149311,0.008585269234255292,0.95,1.2593661920612513,0.029463970463331664
TAIWAN50,window_006,HandCrafted_ECMADE_MOO,6,49,10,729,125,0.1849185649095488,0.1839185649095488,0.4078488288114565,0.4054545660146633,0.3272804490137568,1.2100269781292885,1.6984502888033477,-0.2223215130628448,1.0,0.001,4.538835100014694,0.04667593730975096,-0.22232151306284487,10,9.562043795620438,10.0,274,p0_lite_outputs\p1_rolling_window_market_validation_20260719\raw_configured_ecmade\TAIWAN50\window_006\HandCrafted_ECMADE_MOO\run_006,1.0,0.7628775223762974,1.047753252423312,0.009034949156817492,0.9083333333333333,1.3633201362786362,0.037253213288158955
TAIWAN50,window_007,HandCrafted_ECMADE_MOO,6,49,10,727,117,0.1952451197191311,0.1942451197191311,0.4683528028079753,0.465708090424072,0.1379498590086662,2.855649647863572,4.66719253321626,-0.0493490178219573,1.0,0.001,3.91630730003817,0.016906372389561865,-0.04934901782195733,10,9.047101449275363,10.0,276,p0_lite_outputs\p1_rolling_window_market_validation_20260719\raw_configured_ecmade\TAIWAN50\window_007\HandCrafted_ECMADE_MOO\run_006,1.0,0.6592213107769366,1.0642043214280412,0.007040588852460167,0.925,1.4032100626966835,0.03415927874869597
TAIWAN50,window_008,HandCrafted_ECMADE_MOO,6,49,10,729,123,-0.0017344650961821,-0.0027344650961821,-0.0035503062640226,-0.0055942857759787,0.1936300924367948,0.0789992963266275,0.1000014630962121,-0.1175444155760269,1.0,0.001,4.32357080001384,0.030200494977578853,-0.1175444155760269,10,8.873949579831933,10.0,357,p0_lite_outputs\p1_rolling_window_market_validation_20260719\raw_configured_ecmade\TAIWAN50\window_008\HandCrafted_ECMADE_MOO\run_006,1.0,0.30072603213627236,0.9448202567393863,0.004997569854857677,0.975,1.3525480986193423,0.04127882688080756
TAIWAN50,window_009,HandCrafted_ECMADE_MOO,6,49,10,726,116,0.1058266050662017,0.1048266050662017,0.2442461801774349,0.2418031346436653,0.2386456844808871,1.035969288391875,1.2745498890263365,-0.1936547362976016,1.0,0.001,3.994860199978575,0.03799333461764819,-0.19365473629760144,10,9.280303030303031,10.0,264,p0_lite_outputs\p1_rolling_window_market_validation_20260719\raw_configured_ecmade\TAIWAN50\window_009\HandCrafted_ECMADE_MOO\run_006,1.0,0.2842421771378101,0.9450550067012851,0.006371827598105725,0.9833333333333333,1.3797278257741166,0.034585349925284434
TAIWAN50,window_010,HandCrafted_ECMADE_MOO,6,49,10,725,124,0.3525460994156721,0.3515460994156721,0.8472890873400825,0.8445145160520564,0.1600770957971929,3.918519211103407,6.196345616456458,-0.0424170854064196,1.0,0.001,3.795938699971885,0.019422383684879894,-0.04241708540641964,10,9.502202643171806,10.0,227,p0_lite_outputs\p1_rolling_window_market_validation_20260719\raw_configured_ecmade\TAIWAN50\window_010\HandCrafted_ECMADE_MOO\run_006,1.0,0.6952090010080805,0.9525012618669124,0.006165472454207695,0.9833333333333333,1.3643348552595809,0.03680894382870094
TAIWAN50,window_011,HandCrafted_ECMADE_MOO,6,49,10,722,116,0.4760137120062537,0.4750137120062537,1.3298840054701515,1.3264562175060766,0.22124640558861,3.939850475679938,6.257221856864805,-0.0605353354946931,1.0,0.001,3.990257099969313,0.027760484598413165,-0.06053533549469314,10,8.898617511520737,10.0,217,p0_lite_outputs\p1_rolling_window_market_validation_20260719\raw_configured_ecmade\TAIWAN50\window_011\HandCrafted_ECMADE_MOO\run_006,1.0,0.5809492265770784,0.9893601250115587,0.006695551336615142,0.9916666666666667,1.4011793586007508,0.03279584309673505
TAIWAN50,window_001,HandCrafted_ECMADE_MOO,7,49,10,730,115,0.4515606180079008,0.4505606180079008,1.2627164117162568,1.2593019723289736,0.2872296104100076,2.9898837336887487,5.70528478463389,-0.1395444631402136,1.0,0.0009999999999999,4.317401300009806,0.03056178624327847,-0.13954446314021363,10,8.20401337792642,10.0,299,p0_lite_outputs\p1_rolling_window_market_validation_20260719\raw_configured_ecmade\TAIWAN50\window_001\HandCrafted_ECMADE_MOO\run_007,1.0,1.0,1.0828976599571931,0.007678319066662346,0.9666666666666667,1.3088132272300372,0.04357629346392981
TAIWAN50,window_002,HandCrafted_ECMADE_MOO,7,49,10,729,126,-0.0041086641605077,-0.0051086641605077,-0.0082004471998315,-0.0101912298715105,0.3645741894277742,0.1604059596893301,0.2355226852256393,-0.2842612006612274,1.0,0.001,3.96088480000617,0.04861443800192433,-0.2842612006612274,9,9.687943262411348,10.0,282,p0_lite_outputs\p1_rolling_window_market_validation_20260719\raw_configured_ecmade\TAIWAN50\window_002\HandCrafted_ECMADE_MOO\run_007,1.0,0.5871230442974626,0.9865101400249305,0.008940651506594397,0.9666666666666667,1.1481436569621863,0.02659257239123623
TAIWAN50,window_003,HandCrafted_ECMADE_MOO,7,49,10,728,117,-0.2934063387961405,-0.2944063387961405,-0.5267018375421686,-0.5281433720606838,0.2766988527637669,-2.560307658792097,-3.715059181555842,-0.2968321302362339,1.0,0.001,4.177939000015613,0.04138131440088811,-0.2968321302362339,10,9.652777777777779,10.0,288,p0_lite_outputs\p1_rolling_window_market_validation_20260719\raw_configured_ecmade\TAIWAN50\window_003\HandCrafted_ECMADE_MOO\run_007,1.0,0.6073962481138302,1.065128708051619,0.009928948102418896,0.9416666666666667,1.1743450220488778,0.047208169519628376
TAIWAN50,window_004,HandCrafted_ECMADE_MOO,7,49,10,730,127,-0.0379822106121597,-0.0389822106121597,-0.0739572436402944,-0.0758663166242615,0.1696099513083077,-0.3680038194754806,-0.571924160148945,-0.185236145266167,1.0,0.001,4.500586299982388,0.023408177932256115,-0.18523614526616705,8,9.36,10.0,350,p0_lite_outputs\p1_rolling_window_market_validation_20260719\raw_configured_ecmade\TAIWAN50\window_004\HandCrafted_ECMADE_MOO\run_007,1.0,0.4316045509359774,1.0568603367556304,0.04226508488860335,0.8333333333333334,1.025936160785154,0.04644471593241343
TAIWAN50,window_005,HandCrafted_ECMADE_MOO,7,49,10,733,112,0.2897824176599692,0.2887824176599692,0.772809285382521,0.7697181530580723,0.1462037920846492,3.9936215256463954,7.388278016690426,-0.0418431192673376,1.0,0.001,4.531817899958696,0.01567847476026639,-0.041843119267337636,10,9.864406779661017,10.0,354,p0_lite_outputs\p1_rolling_window_market_validation_20260719\raw_configured_ecmade\TAIWAN50\window_005\HandCrafted_ECMADE_MOO\run_007,1.0,0.29585822403000944,0.9880022353430218,0.029023505658183405,0.8833333333333333,1.033747797729602,0.029463970463331664
TAIWAN50,window_006,HandCrafted_ECMADE_MOO,7,49,10,729,125,0.1585857743624725,0.1575857743624725,0.3454861589766773,0.3431459690451215,0.2635274548281889,1.258804173689738,1.7954054715596783,-0.175155542662448,1.0,0.001,4.56282300001476,0.037213177968182354,-0.17515554266244782,10,8.579804560260586,10.0,307,p0_lite_outputs\p1_rolling_window_market_validation_20260719\raw_configured_ecmade\TAIWAN50\window_006\HandCrafted_ECMADE_MOO\run_007,1.0,0.7336283935352822,1.0564926449019705,0.005239692535381217,0.9833333333333333,1.368668591278553,0.037253213288158955
TAIWAN50,window_007,HandCrafted_ECMADE_MOO,7,49,10,727,117,0.2287042194405619,0.2277042194405619,0.558317077338184,0.5555867218049693,0.1417357457699387,3.2032866654684,5.211512558845048,-0.0532073480279792,1.0,0.001,4.106646200001705,0.016790875413080424,-0.05320734802797922,10,9.086614173228346,10.0,254,p0_lite_outputs\p1_rolling_window_market_validation_20260719\raw_configured_ecmade\TAIWAN50\window_007\HandCrafted_ECMADE_MOO\run_007,1.0,0.5293554851233538,1.0613704235017216,0.008437527627406287,0.875,1.3997626363296356,0.03415927874869597
TAIWAN50,window_008,HandCrafted_ECMADE_MOO,7,49,10,729,123,0.0078517056837392,0.0068517056837392,0.0161526633947,0.0140880833122372,0.2044121323470067,0.1813039320187797,0.2235934060408141,-0.1281516909953379,1.0,0.001,4.143024599994533,0.032280674797231186,-0.12815169099533819,10,8.843478260869565,10.0,345,p0_lite_outputs\p1_rolling_window_market_validation_20260719\raw_configured_ecmade\TAIWAN50\window_008\HandCrafted_ECMADE_MOO\run_007,1.0,0.23852542508461116,0.9422889275223981,0.006287480754877237,0.95,1.3164116961546224,0.04127882688080756
TAIWAN50,window_009,HandCrafted_ECMADE_MOO,7,49,10,726,116,0.1100618694550201,0.1090618694550201,0.2546218593649594,0.2521678352641368,0.274627309087573,0.9643654052328822,1.1648640181969696,-0.2294424569443677,1.0,0.001,5.006872500001919,0.04484415805256994,-0.2294424569443677,10,9.832278481012658,10.0,316,p0_lite_outputs\p1_rolling_window_market_validation_20260719\raw_configured_ecmade\TAIWAN50\window_009\HandCrafted_ECMADE_MOO\run_007,1.0,0.35080281001214797,0.939907370788852,0.011793594398029501,0.9333333333333333,1.244751549587415,0.034585349925284434
TAIWAN50,window_010,HandCrafted_ECMADE_MOO,7,49,10,725,124,0.3036391429196268,0.3026391429196268,0.7140738869663039,0.7114028553642846,0.1648618381246744,3.3546696825554885,5.035818020979376,-0.0643217345462798,1.0,0.001,5.12877860001754,0.02191703850330814,-0.06432173454627987,10,9.618686868686869,10.0,396,p0_lite_outputs\p1_rolling_window_market_validation_20260719\raw_configured_ecmade\TAIWAN50\window_010\HandCrafted_ECMADE_MOO\run_007,1.0,0.6443786900104019,0.9536567250339346,0.005604918129152046,0.9666666666666667,1.3702013374194144,0.03680894382870094
TAIWAN50,window_011,HandCrafted_ECMADE_MOO,7,49,10,722,116,0.5024465745048847,0.5014465745048847,1.4214787850710071,1.417978892550208,0.2172234762668708,4.186826282354389,6.777767232998951,-0.0527634468466868,1.0,0.001,4.166533800016623,0.026991245395545566,-0.05276344684668688,10,9.939873417721518,10.0,316,p0_lite_outputs\p1_rolling_window_market_validation_20260719\raw_configured_ecmade\TAIWAN50\window_011\HandCrafted_ECMADE_MOO\run_007,1.0,0.47457757063516015,0.9603844491119463,0.02951144356162639,0.8416666666666667,1.0419313112099344,0.03279584309673505
TAIWAN50,window_001,HandCrafted_ECMADE_MOO,8,49,10,730,115,0.2889668630449822,0.2879668630449822,0.7441074281788094,0.741143733579591,0.2414450422011098,2.4263842434330973,4.222363759274178,-0.1194675172251313,1.0,0.001,4.644377700053155,0.02798386315975862,-0.11946751722513138,10,9.344370860927153,10.0,302,p0_lite_outputs\p1_rolling_window_market_validation_20260719\raw_configured_ecmade\TAIWAN50\window_001\HandCrafted_ECMADE_MOO\run_008,1.0,1.0,1.0787210268112468,0.023218451088119173,0.8916666666666667,1.1490967482679713,0.04357629346392981
TAIWAN50,window_002,HandCrafted_ECMADE_MOO,8,49,10,729,126,-0.0010640542768594,-0.0020640542768594,-0.0021269763422147,-0.0041238482336609,0.323924520759139,0.1558905500259563,0.2311921550952083,-0.2588093971562865,1.0,0.001,4.34753189998446,0.0426929276483292,-0.2588093971562865,10,9.60179640718563,10.0,334,p0_lite_outputs\p1_rolling_window_market_validation_20260719\raw_configured_ecmade\TAIWAN50\window_002\HandCrafted_ECMADE_MOO\run_008,1.0,0.6913837090173434,0.9952160901060556,0.004927816957901758,0.975,1.2960322350090152,0.02659257239123623
TAIWAN50,window_003,HandCrafted_ECMADE_MOO,8,49,10,728,117,-0.3481588575729948,-0.3491588575729948,-0.602176931516015,-0.6034902750909374,0.3206322246191379,-2.708266878483508,-4.067422147392081,-0.351384533464486,1.0,0.001,4.001667300006375,0.04699878652084394,-0.35138453346448606,10,9.684410646387832,10.0,263,p0_lite_outputs\p1_rolling_window_market_validation_20260719\raw_configured_ecmade\TAIWAN50\window_003\HandCrafted_ECMADE_MOO\run_008,1.0,0.6045178655699048,1.0555802995032857,0.010048306034046701,0.9166666666666666,1.20841280113515,0.047208169519628376
TAIWAN50,window_004,HandCrafted_ECMADE_MOO,8,49,10,730,127,-0.0304441692953222,-0.0314441692953222,-0.0595036887415841,-0.0614274917434755,0.1706629500269464,-0.2739489758788684,-0.4238654898696902,-0.1771629751272038,1.0,0.001,4.451035899983253,0.023616002376552574,-0.1771629751272038,10,9.24207492795389,10.0,347,p0_lite_outputs\p1_rolling_window_market_validation_20260719\raw_configured_ecmade\TAIWAN50\window_004\HandCrafted_ECMADE_MOO\run_008,1.0,0.6024722386333091,1.0658610767362329,0.031061685931756754,0.8666666666666667,1.1033328410177983,0.04644471593241343
TAIWAN50,window_005,HandCrafted_ECMADE_MOO,8,49,10,733,112,0.2773372967657901,0.2763372967657901,0.7345530415063166,0.7314991614790589,0.1381425611303162,4.060129113118929,7.380158845986168,-0.0369243277107178,1.0000000000000002,0.001,4.26975079998374,0.015126100519147742,-0.03692432771071785,10,9.559633027522937,10.0,327,p0_lite_outputs\p1_rolling_window_market_validation_20260719\raw_configured_ecmade\TAIWAN50\window_005\HandCrafted_ECMADE_MOO\run_008,1.0000000000000002,0.2591487429447104,1.014496102120662,0.013440612808659425,0.9083333333333333,1.190378868620122,0.029463970463331664
TAIWAN50,window_006,HandCrafted_ECMADE_MOO,8,49,10,729,125,0.2002122185769899,0.1992122185769899,0.4447217669254446,0.4422960906348627,0.2722759539049937,1.488916049120418,2.0661576141910096,-0.1578191536696919,1.0,0.001,5.152046400005929,0.03988989147273222,-0.1578191536696919,10,9.821678321678322,10.0,286,p0_lite_outputs\p1_rolling_window_market_validation_20260719\raw_configured_ecmade\TAIWAN50\window_006\HandCrafted_ECMADE_MOO\run_008,1.0,0.7097466305921877,1.0368756426852646,0.009774847692776971,0.8833333333333333,1.2949445265308563,0.037253213288158955
TAIWAN50,window_007,HandCrafted_ECMADE_MOO,8,49,10,727,117,0.2194683840160194,0.2184683840160194,0.5331974825337618,0.5304908036848068,0.1412312211677815,3.0990029601863265,5.056017987426693,-0.0436464771268599,1.0,0.001,4.034091599984095,0.017492337461836104,-0.043646477126859984,10,9.63135593220339,10.0,236,p0_lite_outputs\p1_rolling_window_market_validation_20260719\raw_configured_ecmade\TAIWAN50\window_007\HandCrafted_ECMADE_MOO\run_008,1.0,0.5244995403377801,1.0533358183531987,0.020858424542736412,0.8666666666666667,1.167066626804675,0.03415927874869597
TAIWAN50,window_008,HandCrafted_ECMADE_MOO,8,49,10,729,123,0.0055766356026569,0.0045766356026569,0.0114587166277173,0.0093990265135428,0.2083122990697772,0.1597456369670946,0.1934316987141939,-0.1310069489763536,1.0,0.001,4.42529620003188,0.033126690644789215,-0.13100694897635368,10,9.18095238095238,10.0,315,p0_lite_outputs\p1_rolling_window_market_validation_20260719\raw_configured_ecmade\TAIWAN50\window_008\HandCrafted_ECMADE_MOO\run_008,1.0,0.3887793012107694,0.9416882197260589,0.006111675965498392,0.9833333333333333,1.3667430787209598,0.04127882688080756
TAIWAN50,window_009,HandCrafted_ECMADE_MOO,8,49,10,726,116,0.0793969590980974,0.0783969590980974,0.1805469820747591,0.1781722822221987,0.2746635921924527,0.7422666608070375,0.929374877231876,-0.2295441220179993,1.0,0.001,3.765334099996835,0.04421618896322654,-0.22954412201799934,10,9.634920634920634,10.0,252,p0_lite_outputs\p1_rolling_window_market_validation_20260719\raw_configured_ecmade\TAIWAN50\window_009\HandCrafted_ECMADE_MOO\run_008,1.0,0.47350799431066215,0.9406232576399128,0.0089812515187486,0.95,1.3032036140981185,0.034585349925284434
TAIWAN50,window_010,HandCrafted_ECMADE_MOO,8,49,10,725,124,0.3672287795009736,0.3662287795009736,0.8882711461051578,0.885465466694281,0.1704655451019054,3.818810043013188,6.411631272706277,-0.0468270525762983,1.0,0.0009999999999999,4.104687099985313,0.019676376362517106,-0.04682705257629838,10,9.523489932885907,10.0,298,p0_lite_outputs\p1_rolling_window_market_validation_20260719\raw_configured_ecmade\TAIWAN50\window_010\HandCrafted_ECMADE_MOO\run_008,1.0,0.6368080895953713,0.9523827989590606,0.006426197440895128,0.9916666666666667,1.3780058831588895,0.03680894382870094
TAIWAN50,window_011,HandCrafted_ECMADE_MOO,8,49,10,722,116,0.409831482638801,0.408831482638801,1.1088849742095643,1.1056367378001224,0.2020910516201175,3.79843728110103,6.006161329644187,-0.0450103961940379,1.0,0.001,4.247952799953055,0.025195419586758316,-0.045010396194037905,10,9.531645569620252,10.0,316,p0_lite_outputs\p1_rolling_window_market_validation_20260719\raw_configured_ecmade\TAIWAN50\window_011\HandCrafted_ECMADE_MOO\run_008,1.0,0.5937289301811357,0.9910398391587448,0.005519153007902663,0.95,1.3678565941054632,0.03279584309673505
TAIWAN50,window_001,HandCrafted_ECMADE_MOO,9,49,10,730,115,0.3522594994149157,0.3512594994149157,0.9372801903764898,0.9341422566784944,0.258386041665242,2.6910424698598363,4.705123145534037,-0.1294772489504692,1.0,0.001,4.617075499962084,0.030367993873394287,-0.1294772489504692,10,9.643962848297214,10.0,323,p0_lite_outputs\p1_rolling_window_market_validation_20260719\raw_configured_ecmade\TAIWAN50\window_001\HandCrafted_ECMADE_MOO\run_009,1.0,1.0,1.0718393505470163,0.033791209741207986,0.875,1.0795006906461602,0.04357629346392981
TAIWAN50,window_002,HandCrafted_ECMADE_MOO,9,49,10,729,126,0.0107969335784399,0.0097969335784399,0.0217104409315771,0.0196898470644204,0.3462180723399026,0.2356008630521574,0.3478029551614222,-0.2755603113490048,1.0,0.001,4.794862299982924,0.046275836537566124,-0.27556031134900494,10,9.705882352941176,10.0,357,p0_lite_outputs\p1_rolling_window_market_validation_20260719\raw_configured_ecmade\TAIWAN50\window_002\HandCrafted_ECMADE_MOO\run_009,1.0,0.646679184949428,0.9825777529634963,0.008770655251265573,0.9416666666666667,1.1698172444138932,0.02659257239123623
TAIWAN50,window_003,HandCrafted_ECMADE_MOO,9,49,10,728,117,-0.2551009323199312,-0.2561009323199312,-0.4697049868536193,-0.4712371264053492,0.2456214616799829,-2.45593484800602,-3.609042241411055,-0.2649948255582456,1.0,0.001,4.306303099961951,0.03623380867267815,-0.2649948255582456,10,8.02364864864865,10.0,296,p0_lite_outputs\p1_rolling_window_market_validation_20260719\raw_configured_ecmade\TAIWAN50\window_003\HandCrafted_ECMADE_MOO\run_009,1.0,0.6293584483563701,1.06676388605649,0.004653115999981037,1.0,1.3488968137614423,0.047208169519628376
TAIWAN50,window_004,HandCrafted_ECMADE_MOO,9,49,10,730,127,-0.0369188645056487,-0.0379188645056487,-0.071925094514458,-0.0738362454832211,0.1694854664611624,-0.3554352646769549,-0.5368548168826067,-0.1824003596736226,1.0000000000000002,0.001,4.514889499987476,0.023646698700114575,-0.18240035967362267,10,9.062678062678062,10.0,351,p0_lite_outputs\p1_rolling_window_market_validation_20260719\raw_configured_ecmade\TAIWAN50\window_004\HandCrafted_ECMADE_MOO\run_009,1.0000000000000002,0.3269407767814284,1.0745365338022599,0.005315712608147446,0.9666666666666667,1.4031238567404338,0.04644471593241343
TAIWAN50,window_005,HandCrafted_ECMADE_MOO,9,49,10,733,112,0.316447825667099,0.315447825667099,0.8563429625920329,0.8531717098195233,0.1456904424261286,4.323963915200513,7.728807635345186,-0.0401717738613232,1.0,0.001,4.270158200000878,0.01588700041229355,-0.0401717738613232,10,9.544072948328267,10.0,329,p0_lite_outputs\p1_rolling_window_market_validation_20260719\raw_configured_ecmade\TAIWAN50\window_005\HandCrafted_ECMADE_MOO\run_009,1.0,0.21323849015204135,1.0106490058650797,0.01933622932687958,0.9083333333333333,1.1113187332342396,0.029463970463331664
TAIWAN50,window_006,HandCrafted_ECMADE_MOO,9,49,10,729,125,0.1875145721978215,0.1865145721978215,0.4140739390430696,0.411674344446455,0.2746152019356142,1.4003744818272623,1.895393376252596,-0.1745492763605222,1.0,0.001,4.271826599957421,0.04041615871088532,-0.17454927636052264,10,9.67816091954023,10.0,261,p0_lite_outputs\p1_rolling_window_market_validation_20260719\raw_configured_ecmade\TAIWAN50\window_006\HandCrafted_ECMADE_MOO\run_009,1.0,0.7489366234034811,1.0378842853762553,0.01834247114469846,0.9166666666666666,1.1329641268029094,0.037253213288158955
TAIWAN50,window_007,HandCrafted_ECMADE_MOO,9,49,10,727,117,0.1835972281772131,0.1825972281772131,0.4377057954172823,0.43509081144363,0.1476218513244501,2.534815828478194,4.014708649431317,-0.050618689755477,1.0,0.001,4.167722400045022,0.01911205824427109,-0.05061868975547701,10,9.465648854961833,10.0,262,p0_lite_outputs\p1_rolling_window_market_validation_20260719\raw_configured_ecmade\TAIWAN50\window_007\HandCrafted_ECMADE_MOO\run_009,1.0,0.5263790990467683,1.0366048095070164,0.0482910978491899,0.8333333333333334,0.9739580907559137,0.03415927874869597
TAIWAN50,window_008,HandCrafted_ECMADE_MOO,9,49,10,729,123,-0.0071235607620182,-0.0081235607620182,-0.0145401000682835,-0.0165725027086519,0.1977241337879315,0.0255215046785685,0.0314035404154297,-0.1225965076644582,1.0,0.001,4.244090699998196,0.031567544205892153,-0.12259650766445829,10,8.768976897689768,10.0,303,p0_lite_outputs\p1_rolling_window_market_validation_20260719\raw_configured_ecmade\TAIWAN50\window_008\HandCrafted_ECMADE_MOO\run_009,1.0,0.40858767687403796,0.9452342590238407,0.004937322311380064,1.0,1.3992849179645692,0.04127882688080756
TAIWAN50,window_009,HandCrafted_ECMADE_MOO,9,49,10,726,116,0.0760182008069725,0.0750182008069725,0.1725338138674517,0.1701678306613101,0.2740855439073851,0.7183627285107117,0.8964073380797364,-0.2196500982847373,1.0,0.001,3.889058300002944,0.04422863681540487,-0.21965009828473736,10,9.667857142857143,10.0,280,p0_lite_outputs\p1_rolling_window_market_validation_20260719\raw_configured_ecmade\TAIWAN50\window_009\HandCrafted_ECMADE_MOO\run_009,1.0,0.42612977209462155,0.9409511874083956,0.00816669008832846,0.95,1.3555711274589113,0.034585349925284434
TAIWAN50,window_010,HandCrafted_ECMADE_MOO,9,49,10,725,124,0.313428693801105,0.312428693801105,0.7403338372367436,0.7376420903083767,0.1565580143981674,3.62122980778922,5.823197609418545,-0.0443542361227206,1.0,0.0009999999999999,4.150245499971788,0.01873994607003065,-0.0443542361227206,10,9.416201117318435,10.0,358,p0_lite_outputs\p1_rolling_window_market_validation_20260719\raw_configured_ecmade\TAIWAN50\window_010\HandCrafted_ECMADE_MOO\run_009,1.0,0.7191870442759672,0.956562867981462,0.004251935995290416,1.0,1.384082770931428,0.03680894382870094
TAIWAN50,window_011,HandCrafted_ECMADE_MOO,9,49,10,722,116,0.4723154022756515,0.4713154022756515,1.3172205721082175,1.3138028548748135,0.2315118662413436,3.7513934443563297,5.918517674397648,-0.0501838167248329,1.0000000000000002,0.001,4.281145600019954,0.029045523165920267,-0.050183816724832964,10,9.839285714285714,10.0,336,p0_lite_outputs\p1_rolling_window_market_validation_20260719\raw_configured_ecmade\TAIWAN50\window_011\HandCrafted_ECMADE_MOO\run_009,1.0000000000000002,0.5879896108275899,0.9853792738920346,0.007477534147007904,0.9583333333333334,1.2839333653189489,0.03279584309673505
TAIWAN50,window_001,HandCrafted_ECMADE_MOO,10,49,10,730,115,0.220349605342192,0.219349605342192,0.5470820454838667,0.5443054042948399,0.2592929112774174,1.813358947096988,3.2045241299160194,-0.1347568724810904,1.0,0.001,4.69287389999954,0.030475988375996074,-0.13475687248109047,10,9.325342465753424,10.0,292,p0_lite_outputs\p1_rolling_window_market_validation_20260719\raw_configured_ecmade\TAIWAN50\window_001\HandCrafted_ECMADE_MOO\run_010,1.0,1.0,1.0783518378634815,0.019788827415753288,0.8916666666666667,1.16239061474696,0.04357629346392981
TAIWAN50,window_002,HandCrafted_ECMADE_MOO,10,49,10,729,126,0.0175293834544718,0.0165293834544718,0.0353660461932376,0.0333319874263289,0.3441725414168211,0.273583610789013,0.4069938356565721,-0.2651872566264872,1.0,0.001,4.626564599981066,0.044673443871021186,-0.26518725662648723,10,9.551401869158878,10.0,321,p0_lite_outputs\p1_rolling_window_market_validation_20260719\raw_configured_ecmade\TAIWAN50\window_002\HandCrafted_ECMADE_MOO\run_010,1.0,0.5998639896648869,0.997640379620635,0.005389795520598703,0.9916666666666667,1.2623948703085914,0.02659257239123623
TAIWAN50,window_003,HandCrafted_ECMADE_MOO,10,49,10,728,117,-0.2556216692678063,-0.2566216692678063,-0.470503124875593,-0.4720340278097367,0.244596209832211,-2.4733906444164204,-3.6215263833586615,-0.2614398887051078,1.0,0.001,4.438610800018068,0.036026680194138135,-0.2614398887051078,10,9.51645569620253,10.0,395,p0_lite_outputs\p1_rolling_window_market_validation_20260719\raw_configured_ecmade\TAIWAN50\window_003\HandCrafted_ECMADE_MOO\run_010,1.0,0.561600501259602,1.0672719507301063,0.009120106612319495,0.95,1.1696942098788592,0.047208169519628376
TAIWAN50,window_004,HandCrafted_ECMADE_MOO,10,49,10,730,127,-0.0275116813492873,-0.0285116813492873,-0.0538508932669723,-0.0557804261285832,0.1646776649091878,-0.2536284592295275,-0.3839388540502487,-0.1791147452536992,1.0,0.001,5.4906609999598,0.022748213914854976,-0.1791147452536992,10,9.380645161290323,10.0,310,p0_lite_outputs\p1_rolling_window_market_validation_20260719\raw_configured_ecmade\TAIWAN50\window_004\HandCrafted_ECMADE_MOO\run_010,1.0,0.3989535092936225,1.0707829758966643,0.031058429880422546,0.8833333333333333,1.1067830914674817,0.04644471593241343
TAIWAN50,window_005,HandCrafted_ECMADE_MOO,10,49,10,733,112,0.278764530999557,0.277764530999557,0.7389168227708993,0.7358586751571363,0.149749632476512,3.773390463106764,6.957404104368704,-0.0404609029419293,1.0,0.001,4.154373199969996,0.01630498857032377,-0.04046090294192939,10,9.917933130699089,10.0,329,p0_lite_outputs\p1_rolling_window_market_validation_20260719\raw_configured_ecmade\TAIWAN50\window_005\HandCrafted_ECMADE_MOO\run_010,1.0,0.23402389626189796,1.0109778487048406,0.01253078108612002,0.9,1.2005234412356496,0.029463970463331664
TAIWAN50,window_006,HandCrafted_ECMADE_MOO,10,49,10,729,125,0.169311788176061,0.168311788176061,0.3707161860491488,0.3683539732169463,0.2796205066285824,1.2685708837108864,1.8008784303449976,-0.182184828285475,1.0,0.001,4.128293300047517,0.03960027943547586,-0.182184828285475,10,9.445255474452555,10.0,274,p0_lite_outputs\p1_rolling_window_market_validation_20260719\raw_configured_ecmade\TAIWAN50\window_006\HandCrafted_ECMADE_MOO\run_010,1.0,0.7224967297237277,1.0460314997087816,0.007696501108917718,0.9166666666666666,1.3606291344730836,0.037253213288158955
TAIWAN50,window_007,HandCrafted_ECMADE_MOO,10,49,10,727,117,0.2712123299570967,0.2702123299570967,0.6767555268868026,0.6739158482559107,0.149553185310847,3.534179974633852,6.138028111721204,-0.0537706884893343,1.0,0.001,4.077149900025688,0.017825497981518407,-0.053770688489334306,10,9.87037037037037,10.0,270,p0_lite_outputs\p1_rolling_window_market_validation_20260719\raw_configured_ecmade\TAIWAN50\window_007\HandCrafted_ECMADE_MOO\run_010,1.0,0.6773489876167789,0.9976041352907494,0.06484091849524373,0.7833333333333333,0.9306893295644619,0.03415927874869597
TAIWAN50,window_008,HandCrafted_ECMADE_MOO,10,49,10,729,123,-0.0058335493305647,-0.0068335493305647,-0.0119151047081449,-0.0139502782764108,0.1902063889613337,0.0327750295589165,0.0401508002711686,-0.1225954483807417,1.0,0.001,4.3651884000282735,0.029719065360031112,-0.12259544838074177,10,8.846153846153847,10.0,377,p0_lite_outputs\p1_rolling_window_market_validation_20260719\raw_configured_ecmade\TAIWAN50\window_008\HandCrafted_ECMADE_MOO\run_010,1.0,0.3135533262737458,0.9448857928686853,0.0047841670886317085,0.9916666666666667,1.375199495930461,0.04127882688080756
TAIWAN50,window_009,HandCrafted_ECMADE_MOO,10,49,10,726,116,0.0772018200839976,0.0762018200839976,0.1753375704872068,0.1729685342724873,0.2419840885439992,0.7892411801224793,1.0025918534295883,-0.1987873089633302,1.0,0.001,4.386114299995825,0.038531701899267704,-0.1987873089633302,10,9.498516320474778,10.0,337,p0_lite_outputs\p1_rolling_window_market_validation_20260719\raw_configured_ecmade\TAIWAN50\window_009\HandCrafted_ECMADE_MOO\run_010,1.0,0.3826848042398403,0.9487295084557988,0.005169402893240535,0.9916666666666667,1.3839380739032041,0.034585349925284434
TAIWAN50,window_010,HandCrafted_ECMADE_MOO,10,49,10,725,124,0.3224780156995488,0.3214780156995488,0.7647885577736988,0.7620776574586099,0.1454614493590355,3.98213585940912,6.209092273615062,-0.0415877092834842,1.0,0.001,4.628353899985086,0.017878707809298542,-0.04158770928348421,10,9.536443148688047,10.0,343,p0_lite_outputs\p1_rolling_window_market_validation_20260719\raw_configured_ecmade\TAIWAN50\window_010\HandCrafted_ECMADE_MOO\run_010,1.0,0.5447598679677659,0.9561715631774905,0.004619745062863382,1.0,1.3881990974256904,0.03680894382870094
TAIWAN50,window_011,HandCrafted_ECMADE_MOO,10,49,10,722,116,0.4061478723915497,0.4051478723915497,1.0969330916161026,1.0936948067657783,0.1912138044146583,3.973661440652092,6.257820927234927,-0.0455595545480997,1.0,0.001,4.44796530000167,0.024568717849871514,-0.04555955454809979,10,9.820809248554914,10.0,346,p0_lite_outputs\p1_rolling_window_market_validation_20260719\raw_configured_ecmade\TAIWAN50\window_011\HandCrafted_ECMADE_MOO\run_010,1.0,0.5207670399227082,0.9670954689716041,0.02340631693890572,0.8833333333333333,1.1028079177760788,0.03279584309673505
TAIWAN50,window_001,MetaDesigned_ECMADE_MOO,1,49,10,730,115,0.5303839191876343,0.5293839191876343,1.5407030327729232,1.5370665029633033,0.2786234312666326,3.490950455218312,6.577776514107452,-0.1345252120545593,1.0,0.001,9.65933860000223,0.029714765269880233,-0.13452521205455947,10,9.37704918032787,10.0,183,p0_lite_outputs\p1_rolling_window_market_validation_20260719\raw_configured_ecmade\TAIWAN50\window_001\MetaDesigned_ECMADE_MOO\run_001,1.0,1.0,1.0746489446431884,0.016574016914717517,0.9166666666666666,1.2231643383676252,0.04254425661414053
TAIWAN50,window_002,MetaDesigned_ECMADE_MOO,1,49,10,729,126,0.0041833585996411,0.0031833585996411,0.0083842176884554,0.0063768509712565,0.3704995574862776,0.2083290559826924,0.3076867307088876,-0.2969562926437334,1.0,0.001,10.02270650002174,0.0489578867129644,-0.29695629264373347,9,9.434426229508198,10.0,244,p0_lite_outputs\p1_rolling_window_market_validation_20260719\raw_configured_ecmade\TAIWAN50\window_002\MetaDesigned_ECMADE_MOO\run_001,1.0,0.6163546546536537,0.9941921682082555,0.00723379666068677,1.0,1.3435500879384583,0.031134872983579403
TAIWAN50,window_003,MetaDesigned_ECMADE_MOO,1,49,10,728,117,-0.254585510947927,-0.255585510947927,-0.4689143618353076,-0.4704477255125484,0.2531832197955223,-2.369210490952768,-3.535213999929123,-0.2740555663043523,1.0,0.001,10.136262399959378,0.036576332747872094,-0.27405556630435246,10,9.683937823834198,10.0,193,p0_lite_outputs\p1_rolling_window_market_validation_20260719\raw_configured_ecmade\TAIWAN50\window_003\MetaDesigned_ECMADE_MOO\run_001,1.0,0.5976293373056556,1.0575061117007083,0.012662918747432805,0.9583333333333334,1.1812082184865464,0.04063928203011435
TAIWAN50,window_004,MetaDesigned_ECMADE_MOO,1,49,10,730,127,-0.0236458666038498,-0.0246458666038498,-0.0463733005590683,-0.048310386514548,0.1757500390769804,-0.1821199193751425,-0.2807568801790788,-0.1850510915783808,1.0,0.001,9.793903899961151,0.024944806471703135,-0.18505109157838084,10,9.368421052631579,10.0,190,p0_lite_outputs\p1_rolling_window_market_validation_20260719\raw_configured_ecmade\TAIWAN50\window_004\MetaDesigned_ECMADE_MOO\run_001,1.0,0.39364410898952706,1.0706089686118563,0.009262321597410255,0.925,1.402533239546154,0.03362729801264372
TAIWAN50,window_005,MetaDesigned_ECMADE_MOO,1,49,10,733,112,0.2598108111954638,0.2588108111954638,0.6814617588417997,0.6784601873878031,0.1406831616117118,3.7679215441084777,6.794003372077829,-0.0386785233330564,1.0,0.001,10.304141100030392,0.01576051020647754,-0.038678523333056436,10,9.601990049751244,10.0,201,p0_lite_outputs\p1_rolling_window_market_validation_20260719\raw_configured_ecmade\TAIWAN50\window_005\MetaDesigned_ECMADE_MOO\run_001,1.0,0.20455912146673028,1.0101793253440254,0.01117995456836931,0.8833333333333333,1.2654060411358077,0.03438806613729326
TAIWAN50,window_006,MetaDesigned_ECMADE_MOO,1,49,10,729,125,0.1743559910660201,0.1733559910660201,0.3826629694654111,0.3802903986388972,0.2737425638639496,1.321627744737722,1.8614624946471168,-0.1779680164737082,1.0,0.001,9.961244100006295,0.03901327838469926,-0.17796801647370797,10,9.825301204819278,10.0,166,p0_lite_outputs\p1_rolling_window_market_validation_20260719\raw_configured_ecmade\TAIWAN50\window_006\MetaDesigned_ECMADE_MOO\run_001,1.0,0.6482548234422033,1.0104679075377194,0.04061192650675401,0.875,0.9808149566345168,0.044336395983121016
TAIWAN50,window_007,MetaDesigned_ECMADE_MOO,1,49,10,727,117,0.1367009098025637,0.1357009098025637,0.3178117338771236,0.3153159821915425,0.1339560860134502,2.1282358486578827,3.429646721045507,-0.0576466796745542,1.0,0.001,9.915950699942186,0.016669900668466298,-0.05764667967455428,10,9.734463276836157,10.0,177,p0_lite_outputs\p1_rolling_window_market_validation_20260719\raw_configured_ecmade\TAIWAN50\window_007\MetaDesigned_ECMADE_MOO\run_001,1.0,0.5773092267346475,1.0359350737779083,0.0386947761289213,0.875,1.0572418189060497,0.051685006868205964
TAIWAN50,window_008,MetaDesigned_ECMADE_MOO,1,49,10,729,123,0.0045949101219782,0.0035949101219782,0.009436647081088,0.0073790668919124,0.1822919805654186,0.1433404824175926,0.1743927164751045,-0.1104847319831,1.0,0.001,9.676625499967486,0.0284739184392171,-0.11048473198310005,9,9.6,10.0,200,p0_lite_outputs\p1_rolling_window_market_validation_20260719\raw_configured_ecmade\TAIWAN50\window_008\MetaDesigned_ECMADE_MOO\run_001,1.0,0.35300854219912847,0.9214613522435472,0.020948713375724237,0.875,1.1813772857809406,0.05297509721951878
TAIWAN50,window_009,MetaDesigned_ECMADE_MOO,1,49,10,726,116,0.0842112991514834,0.0832112991514834,0.1920157223358944,0.1896285941395012,0.2679416862942333,0.7902376329263235,1.0046652587749871,-0.2248108129891467,1.0,0.001,10.277056599967182,0.042677893295043325,-0.22481081298914674,10,8.98744769874477,10.0,239,p0_lite_outputs\p1_rolling_window_market_validation_20260719\raw_configured_ecmade\TAIWAN50\window_009\MetaDesigned_ECMADE_MOO\run_001,1.0,0.5973687116297262,0.9466949675370391,0.006787216484428391,1.0,1.4025819633820684,0.06303539731481936
TAIWAN50,window_010,MetaDesigned_ECMADE_MOO,1,49,10,725,124,0.2975507123180756,0.2965507123180756,0.6978442693847469,0.6951861187685573,0.1534886360119521,3.5292394887899925,5.454670165840894,-0.0565002491346756,1.0,0.001,10.6048737000674,0.019640969970435018,-0.05650024913467566,10,9.670634920634921,10.0,252,p0_lite_outputs\p1_rolling_window_market_validation_20260719\raw_configured_ecmade\TAIWAN50\window_010\MetaDesigned_ECMADE_MOO\run_001,1.0,0.6839634862892751,0.9519393328631836,0.006665345080998675,1.0,1.3853729639076335,0.033928377703949006
TAIWAN50,window_011,MetaDesigned_ECMADE_MOO,1,49,10,722,116,0.4520791746407326,0.4510791746407326,1.2485883455653943,1.2452256553815544,0.2117494996491151,3.93854736117265,6.475326373539185,-0.0482040480482265,1.0,0.001,10.187457600026391,0.026234215057859833,-0.048204048048226644,10,9.463302752293577,10.0,218,p0_lite_outputs\p1_rolling_window_market_validation_20260719\raw_configured_ecmade\TAIWAN50\window_011\MetaDesigned_ECMADE_MOO\run_001,1.0,0.4745543095253255,0.9836479999242803,0.008760736056786142,0.9666666666666667,1.3672946969973112,0.034992775618887285
TAIWAN50,window_001,MetaDesigned_ECMADE_MOO,2,49,10,730,115,0.3963872913097583,0.3953872913097583,1.0785095867114554,1.0752492417118122,0.2610100442581881,2.9367263399020125,5.408829242728387,-0.1292375174607317,1.0,0.001,9.620066700037569,0.0288249374938941,-0.12923751746073175,10,9.53623188405797,10.0,207,p0_lite_outputs\p1_rolling_window_market_validation_20260719\raw_configured_ecmade\TAIWAN50\window_001\MetaDesigned_ECMADE_MOO\run_002,1.0,1.0,1.0721635797114641,0.031341826116199484,0.875,1.1071550961532848,0.04254425661414053
TAIWAN50,window_002,MetaDesigned_ECMADE_MOO,2,49,10,729,126,0.0144922286304183,0.0134922286304183,0.0291944819515128,0.0271664974942522,0.3337056301765438,0.2535777412926726,0.3764890028036363,-0.2671279521539631,1.0,0.0009999999999999,10.528242900036275,0.04364213588845711,-0.2671279521539631,10,9.53076923076923,10.0,260,p0_lite_outputs\p1_rolling_window_market_validation_20260719\raw_configured_ecmade\TAIWAN50\window_002\MetaDesigned_ECMADE_MOO\run_002,1.0,0.6091252012546751,0.9947609211515422,0.006008107056312965,0.9916666666666667,1.403077763037687,0.031134872983579403
TAIWAN50,window_003,MetaDesigned_ECMADE_MOO,2,49,10,728,117,-0.2082232045776934,-0.2092232045776934,-0.3952081005560605,-0.39685209874276,0.2192223779843539,-2.181554742044057,-3.169942530976245,-0.2245871178758349,1.0,0.001,10.146370300091805,0.03253232995644834,-0.22458711787583496,10,9.783251231527094,10.0,203,p0_lite_outputs\p1_rolling_window_market_validation_20260719\raw_configured_ecmade\TAIWAN50\window_003\MetaDesigned_ECMADE_MOO\run_002,1.0,0.5871751244570778,1.06041051587114,0.01106183985795994,0.9416666666666667,1.1951119562562356,0.04063928203011435
TAIWAN50,window_004,MetaDesigned_ECMADE_MOO,2,49,10,730,127,-0.0433856314594618,-0.0443856314594618,-0.0842495189802909,-0.0861480320705114,0.1855309242178293,-0.3813051747988075,-0.5733651861548419,-0.1934143644277902,1.0,0.001,9.812843699939547,0.02639795359420572,-0.19341436442779025,10,9.251231527093596,10.0,203,p0_lite_outputs\p1_rolling_window_market_validation_20260719\raw_configured_ecmade\TAIWAN50\window_004\MetaDesigned_ECMADE_MOO\run_002,1.0,0.33713436379704276,1.0714564119957217,0.008478421613907959,0.95,1.3963417538662646,0.03362729801264372
TAIWAN50,window_005,MetaDesigned_ECMADE_MOO,2,49,10,733,112,0.3240349476420014,0.3230349476420014,0.8805018232796884,0.8773076991628548,0.1539688427605034,4.183654073786931,7.942706269297055,-0.0395301302027514,1.0,0.001,10.446876500034705,0.016310715505752624,-0.03953013020275142,10,9.59447004608295,10.0,217,p0_lite_outputs\p1_rolling_window_market_validation_20260719\raw_configured_ecmade\TAIWAN50\window_005\MetaDesigned_ECMADE_MOO\run_002,1.0,0.30787824778178385,1.0113012794468084,0.010017903515952165,0.9166666666666666,1.3985404868545281,0.03438806613729326
TAIWAN50,window_006,MetaDesigned_ECMADE_MOO,2,49,10,729,125,0.1596906528910835,0.1586906528910835,0.3480741719501972,0.3457317136066484,0.2837270122080446,1.1956897660636816,1.6469352690234664,-0.2022752084417454,1.0,0.001,9.662416699924506,0.04137068524445421,-0.2022752084417454,10,8.857894736842105,10.0,190,p0_lite_outputs\p1_rolling_window_market_validation_20260719\raw_configured_ecmade\TAIWAN50\window_006\MetaDesigned_ECMADE_MOO\run_002,1.0,0.7469075177286137,1.0498555546805384,0.00804792833585089,0.9916666666666667,1.4129131261856624,0.044336395983121016
TAIWAN50,window_007,MetaDesigned_ECMADE_MOO,2,49,10,727,117,0.2495709031305995,0.2485709031305994,0.6158762608438693,0.6130923115215166,0.1643225285134547,3.0050608245215957,5.175784449280681,-0.0611170362126547,1.0,0.001,9.937411200022323,0.02009880719178687,-0.06111703621265474,9,9.615853658536585,10.0,164,p0_lite_outputs\p1_rolling_window_market_validation_20260719\raw_configured_ecmade\TAIWAN50\window_007\MetaDesigned_ECMADE_MOO\run_002,1.0,0.5645589376875607,1.0046581040861295,0.04504757632426484,0.7916666666666666,1.0010475093769426,0.051685006868205964
TAIWAN50,window_008,MetaDesigned_ECMADE_MOO,2,49,10,729,123,-0.0026942626084245,-0.0036942626084245,-0.0055121541653788,-0.007554071613696,0.1828939073781189,0.061723086813739,0.0799688594086953,-0.1140211406804965,1.0,0.001,9.85575730004348,0.028568270212397946,-0.11402114068049651,10,8.26271186440678,9.0,236,p0_lite_outputs\p1_rolling_window_market_validation_20260719\raw_configured_ecmade\TAIWAN50\window_008\MetaDesigned_ECMADE_MOO\run_002,1.0,0.4517245805892566,0.9431096632480762,0.005926048671563007,1.0,1.4076235431440176,0.05297509721951878
TAIWAN50,window_009,MetaDesigned_ECMADE_MOO,2,49,10,726,116,0.0950252316853226,0.0940252316853226,0.2179950291358254,0.2155799498256398,0.2560821806650134,0.898838612446963,1.132396193871097,-0.209145186234836,1.0000000000000002,0.001,10.060373899992555,0.04072378284786052,-0.20914518623483602,10,8.767857142857142,10.0,224,p0_lite_outputs\p1_rolling_window_market_validation_20260719\raw_configured_ecmade\TAIWAN50\window_009\MetaDesigned_ECMADE_MOO\run_002,1.0000000000000002,0.35450075678446397,0.9461140692843544,0.006637969882452882,1.0,1.3992636822091284,0.06303539731481936
TAIWAN50,window_010,MetaDesigned_ECMADE_MOO,2,49,10,725,124,0.3898990491400587,0.3888990491400587,0.9524453149261458,0.9495915829881394,0.1866859083279092,3.682113167356165,5.593715940170983,-0.0589457245944208,1.0,0.001,10.675890399958009,0.02337441027848139,-0.05894572459442082,10,9.83206106870229,10.0,262,p0_lite_outputs\p1_rolling_window_market_validation_20260719\raw_configured_ecmade\TAIWAN50\window_010\MetaDesigned_ECMADE_MOO\run_002,1.0,0.6223786016412817,0.9380333550332083,0.011855283697699719,0.925,1.2404792498838402,0.033928377703949006
TAIWAN50,window_011,MetaDesigned_ECMADE_MOO,2,49,10,722,116,0.413710263194383,0.412710263194383,1.1215097427104714,1.1182510226259468,0.1961586385749653,3.937811667652873,6.261690397489731,-0.0428969861625515,1.0,0.001,9.888222499983383,0.024330502276055738,-0.042896986162551554,10,9.753768844221106,10.0,199,p0_lite_outputs\p1_rolling_window_market_validation_20260719\raw_configured_ecmade\TAIWAN50\window_011\MetaDesigned_ECMADE_MOO\run_002,1.0,0.46511720162339454,0.9576960099654797,0.024635671944045458,0.8416666666666667,1.1014199309471167,0.034992775618887285
TAIWAN50,window_001,MetaDesigned_ECMADE_MOO,3,49,10,730,115,0.3511730029496758,0.3501730029496758,0.9338709664481109,0.9307360371793254,0.2865888796587028,2.446495323047546,4.587077259480472,-0.1340885636797582,1.0,0.001,9.514434200013056,0.03147086136030587,-0.1340885636797582,10,8.877659574468085,10.0,188,p0_lite_outputs\p1_rolling_window_market_validation_20260719\raw_configured_ecmade\TAIWAN50\window_001\MetaDesigned_ECMADE_MOO\run_003,1.0,1.0,1.0744451588763522,0.025471762836911483,0.8833333333333333,1.1186840320672256,0.04254425661414053
TAIWAN50,window_002,MetaDesigned_ECMADE_MOO,3,49,10,729,126,0.0234791631508874,0.0224791631508874,0.0475095974040409,0.0454636390777394,0.2963691397122501,0.3052279903773721,0.452382837177653,-0.2400361636030107,1.0,0.0009999999999999,10.20283439999912,0.03883758233760143,-0.24003616360301094,10,9.713675213675213,10.0,234,p0_lite_outputs\p1_rolling_window_market_validation_20260719\raw_configured_ecmade\TAIWAN50\window_002\MetaDesigned_ECMADE_MOO\run_003,1.0,0.5859801121037901,0.989419709090385,0.00837911064239832,0.9916666666666667,1.1908297779144965,0.031134872983579403
TAIWAN50,window_003,MetaDesigned_ECMADE_MOO,3,49,10,728,117,-0.2374857680702071,-0.2384857680702071,-0.4423262422194886,-0.4439002911964691,0.2286522381914081,-2.436188828797232,-3.563475122855009,-0.2522610997150329,1.0,0.001,9.898905499954708,0.034097421176332555,-0.25226109971503297,10,9.416666666666666,10.0,204,p0_lite_outputs\p1_rolling_window_market_validation_20260719\raw_configured_ecmade\TAIWAN50\window_003\MetaDesigned_ECMADE_MOO\run_003,1.0,0.5962901922168635,1.05556927309495,0.010207237781339928,0.9083333333333333,1.3463404662735396,0.04063928203011435
TAIWAN50,window_004,MetaDesigned_ECMADE_MOO,3,49,10,730,127,-0.0344934473962255,-0.0354934473962255,-0.0672816386696907,-0.0691975292393074,0.1841461719426634,-0.2859185311653051,-0.4404190309775873,-0.1978804975318894,1.0,0.001,9.680880300002173,0.02635578037314054,-0.1978804975318894,10,9.687150837988828,10.0,179,p0_lite_outputs\p1_rolling_window_market_validation_20260719\raw_configured_ecmade\TAIWAN50\window_004\MetaDesigned_ECMADE_MOO\run_003,1.0,0.3864370311429659,1.0580145287498626,0.03824328604225638,0.85,1.089993975724702,0.03362729801264372
TAIWAN50,window_005,MetaDesigned_ECMADE_MOO,3,49,10,733,112,0.2243382890484297,0.2233382890484297,0.5768058440992934,0.5739095839584627,0.1334541806648405,3.482104039482904,6.1405559085749095,-0.0330935558244867,1.0,0.001,10.04118549998384,0.014616680020862855,-0.0330935558244867,10,9.633333333333333,10.0,180,p0_lite_outputs\p1_rolling_window_market_validation_20260719\raw_configured_ecmade\TAIWAN50\window_005\MetaDesigned_ECMADE_MOO\run_003,1.0,0.22943805039850076,0.9951878042685611,0.02468456345894364,0.7916666666666666,1.1299580586399287,0.03438806613729326
TAIWAN50,window_006,MetaDesigned_ECMADE_MOO,3,49,10,729,125,0.1594413280106867,0.1584413280106867,0.347489946672231,0.3451480002174332,0.3139593315895817,1.1080635970887818,1.5302999652033158,-0.2201174080547795,1.0,0.001,9.517873200005852,0.04565069575549497,-0.22011740805477953,10,9.775401069518717,10.0,187,p0_lite_outputs\p1_rolling_window_market_validation_20260719\raw_configured_ecmade\TAIWAN50\window_006\MetaDesigned_ECMADE_MOO\run_003,1.0,0.770190889956579,1.0381301274728711,0.010016165746792054,0.85,1.3653927840389084,0.044336395983121016
TAIWAN50,window_007,MetaDesigned_ECMADE_MOO,3,49,10,727,117,0.1722189193340559,0.1712189193340559,0.4081022102233131,0.4055162231736036,0.1264693296278837,2.7711741896414392,4.462238678164527,-0.0472804220816299,1.0,0.001,9.962172799976544,0.015379594832060797,-0.04728042208162997,10,9.327777777777778,10.0,180,p0_lite_outputs\p1_rolling_window_market_validation_20260719\raw_configured_ecmade\TAIWAN50\window_007\MetaDesigned_ECMADE_MOO\run_003,1.0,0.7535105440669478,1.0501341942649545,0.01439537164665961,0.8416666666666667,1.2948908545252213,0.051685006868205964
TAIWAN50,window_008,MetaDesigned_ECMADE_MOO,3,49,10,729,123,0.013171547594416,0.012171547594416,0.0271720399450465,0.025096023451091,0.2060997416519834,0.2338222855952833,0.2954700621358205,-0.1227564389519895,1.0,0.001,9.750375300063752,0.03197408134258702,-0.12275643895198951,10,9.703703703703704,10.0,162,p0_lite_outputs\p1_rolling_window_market_validation_20260719\raw_configured_ecmade\TAIWAN50\window_008\MetaDesigned_ECMADE_MOO\run_003,1.0,0.4529303647354958,0.9197520127724024,0.0185020719172266,0.8583333333333333,1.1965592222910524,0.05297509721951878
TAIWAN50,window_009,MetaDesigned_ECMADE_MOO,3,49,10,726,116,0.0802071780282214,0.0792071780282214,0.1824729013816874,0.1800961105958953,0.2588276171164387,0.777868871341135,0.9779216395733086,-0.2102527013493116,1.0,0.001,10.513474500039592,0.041622735978127094,-0.21025270134931173,10,9.313636363636364,10.0,220,p0_lite_outputs\p1_rolling_window_market_validation_20260719\raw_configured_ecmade\TAIWAN50\window_009\MetaDesigned_ECMADE_MOO\run_003,1.0,0.4843626677903557,0.9406559390632292,0.00919518201150096,0.975,1.3600898315397767,0.06303539731481936
TAIWAN50,window_010,MetaDesigned_ECMADE_MOO,3,49,10,725,124,0.4224734686588476,0.4214734686588476,1.0465636616460636,1.0436408398794623,0.205784552307073,3.588113148652472,5.398380211275379,-0.0665092695795559,1.0,0.001,10.729145500110462,0.026654674747154248,-0.06650926957955594,10,9.620071684587813,10.0,279,p0_lite_outputs\p1_rolling_window_market_validation_20260719\raw_configured_ecmade\TAIWAN50\window_010\MetaDesigned_ECMADE_MOO\run_003,1.0,0.8153554638137493,0.9512614195490334,0.007200867029829706,1.0,1.3935601108292615,0.033928377703949006
TAIWAN50,window_011,MetaDesigned_ECMADE_MOO,3,49,10,722,116,0.4231833561570068,0.4221833561570068,1.152514064331711,1.1492297192740455,0.217843766311214,3.6331850230449754,5.728864637813127,-0.0486284315487407,1.0,0.001,9.867797999992035,0.02697878822830284,-0.048628431548740636,10,9.76,10.0,175,p0_lite_outputs\p1_rolling_window_market_validation_20260719\raw_configured_ecmade\TAIWAN50\window_011\MetaDesigned_ECMADE_MOO\run_003,1.0,0.5040463205431304,0.9582051594437498,0.030375502088469085,0.8916666666666667,1.0792294473922928,0.034992775618887285
TAIWAN50,window_001,MetaDesigned_ECMADE_MOO,4,49,10,730,115,0.2946453685098051,0.2936453685098051,0.7609887596842808,0.7580094982691477,0.3296297462303945,1.88231845332475,3.4606805620136227,-0.1657792109433583,1.0,0.001,9.674400500021877,0.03843679864791962,-0.16577921094335835,9,9.75,10.0,176,p0_lite_outputs\p1_rolling_window_market_validation_20260719\raw_configured_ecmade\TAIWAN50\window_001\MetaDesigned_ECMADE_MOO\run_004,1.0,1.0,1.0667727589398925,0.02666779198280387,0.9,1.1431809551080676,0.04254425661414053
TAIWAN50,window_002,MetaDesigned_ECMADE_MOO,4,49,10,729,126,0.0086399603386342,0.0076399603386342,0.0173545695919217,0.0153382896712446,0.3708415762111939,0.2324061998199466,0.3405285260540643,-0.280129915488424,1.0,0.001,10.103261100011878,0.04846279535679247,-0.28012991548842403,10,9.561085972850679,10.0,221,p0_lite_outputs\p1_rolling_window_market_validation_20260719\raw_configured_ecmade\TAIWAN50\window_002\MetaDesigned_ECMADE_MOO\run_004,1.0,0.6134419377781744,0.9921454680434905,0.008083057361309199,0.9916666666666667,1.2226190386077231,0.031134872983579403
TAIWAN50,window_003,MetaDesigned_ECMADE_MOO,4,49,10,728,117,-0.3626736587994398,-0.3636736587994398,-0.6210119091540122,-0.6222915411580755,0.3272470036642164,-2.7945581024469743,-4.083439399408142,-0.3694220760443584,1.0,0.001,9.757701800088398,0.047907003270988485,-0.3694220760443584,10,9.595505617977528,10.0,178,p0_lite_outputs\p1_rolling_window_market_validation_20260719\raw_configured_ecmade\TAIWAN50\window_003\MetaDesigned_ECMADE_MOO\run_004,1.0,0.4687876726184822,1.058638407693811,0.01393310724369368,0.9416666666666667,1.1586138406718591,0.04063928203011435
TAIWAN50,window_004,MetaDesigned_ECMADE_MOO,4,49,10,730,127,-0.0278698447741365,-0.0288698447741365,-0.0545422059459335,-0.056471038997904,0.1746370496883236,-0.2335975001137859,-0.3448906870385608,-0.1863990813962542,1.0,0.0009999999999999,9.868339900043791,0.024992226623219822,-0.18639908139625427,9,9.331521739130435,10.0,184,p0_lite_outputs\p1_rolling_window_market_validation_20260719\raw_configured_ecmade\TAIWAN50\window_004\MetaDesigned_ECMADE_MOO\run_004,1.0,0.6356115172640903,1.0627904555400336,0.011758393736199465,0.8833333333333333,1.3913186871856962,0.03362729801264372
TAIWAN50,window_005,MetaDesigned_ECMADE_MOO,4,49,10,733,112,0.2450354876682638,0.2440354876682638,0.6374154862397563,0.6344578713230316,0.1350670826813598,3.721912373966398,6.834340982324789,-0.0379750855431032,1.0,0.001,10.09856650000438,0.014483642696786656,-0.03797508554310325,9,9.05945945945946,10.0,185,p0_lite_outputs\p1_rolling_window_market_validation_20260719\raw_configured_ecmade\TAIWAN50\window_005\MetaDesigned_ECMADE_MOO\run_004,1.0,0.1864694462745112,1.016784228413177,0.008657734882172492,0.95,1.4014843700213302,0.03438806613729326
TAIWAN50,window_006,MetaDesigned_ECMADE_MOO,4,49,10,729,125,0.1559961909987932,0.1549961909987932,0.3394302676108129,0.3370953941840386,0.2778531097446627,1.1915566162011595,1.7262571820575126,-0.1996035749546411,1.0,0.0009999999999999,9.620886399992742,0.03838222163246905,-0.1996035749546411,10,9.925925925925926,10.0,162,p0_lite_outputs\p1_rolling_window_market_validation_20260719\raw_configured_ecmade\TAIWAN50\window_006\MetaDesigned_ECMADE_MOO\run_004,1.0,0.5563621667701303,0.9847659036294188,0.05212705108455449,0.85,0.933454666941643,0.044336395983121016
TAIWAN50,window_007,MetaDesigned_ECMADE_MOO,4,49,10,727,117,0.1861258201210245,0.1851258201210245,0.4443294018150225,0.4417079680361613,0.1436907328664192,2.632160549884061,4.446278223100516,-0.0532938381844473,1.0,0.001,10.106239200104028,0.017351634856781973,-0.05329383818444733,10,9.53191489361702,10.0,188,p0_lite_outputs\p1_rolling_window_market_validation_20260719\raw_configured_ecmade\TAIWAN50\window_007\MetaDesigned_ECMADE_MOO\run_004,1.0,0.6255525955694354,1.0399370330708129,0.02040491402424107,0.8666666666666667,1.1976711070919572,0.051685006868205964
TAIWAN50,window_008,MetaDesigned_ECMADE_MOO,4,49,10,729,123,-0.0196386287465675,-0.0206386287465675,-0.0398210175409925,-0.041826547130581,0.2169913669493102,-0.0775262442635791,-0.0915186935390829,-0.1384093720373919,1.0,0.001,10.351982399937697,0.03520966719025535,-0.1384093720373919,10,9.124352331606218,10.0,193,p0_lite_outputs\p1_rolling_window_market_validation_20260719\raw_configured_ecmade\TAIWAN50\window_008\MetaDesigned_ECMADE_MOO\run_004,1.0,0.48436171040639825,0.9345910427538784,0.010076866814545903,0.9916666666666667,1.3804792984049998,0.05297509721951878
TAIWAN50,window_009,MetaDesigned_ECMADE_MOO,4,49,10,726,116,0.1073769420767329,0.1063769420767329,0.2480388475288517,0.2455917840827577,0.2662706541403277,0.9663189726196256,1.1875729320556976,-0.2171928712662735,1.0,0.001,10.231928599998357,0.043599729248213454,-0.2171928712662735,10,9.307317073170731,10.0,205,p0_lite_outputs\p1_rolling_window_market_validation_20260719\raw_configured_ecmade\TAIWAN50\window_009\MetaDesigned_ECMADE_MOO\run_004,1.0,0.6323119356410429,0.94427585394722,0.007454964990174088,1.0,1.394918599552703,0.06303539731481936
TAIWAN50,window_010,MetaDesigned_ECMADE_MOO,4,49,10,725,124,0.3971155642064659,0.3961155642064659,0.9731021760688424,0.9702331424793836,0.1840436382271499,3.78962546539721,5.840113943494772,-0.0507562240492162,1.0,0.001,10.255324300029317,0.022733711948744708,-0.0507562240492162,10,9.391129032258064,10.0,248,p0_lite_outputs\p1_rolling_window_market_validation_20260719\raw_configured_ecmade\TAIWAN50\window_010\MetaDesigned_ECMADE_MOO\run_004,1.0,0.4508640299968261,0.9512610606655468,0.0074365895202352355,1.0,1.4018427014760542,0.033928377703949006
TAIWAN50,window_011,MetaDesigned_ECMADE_MOO,4,49,10,722,116,0.4286464189782677,0.4276464189782677,1.170504441395206,1.167205305211839,0.2015290922294516,3.951777167682245,6.139704013396188,-0.0455999264615567,1.0,0.001,9.841550800018013,0.025212122879048126,-0.04559992646155675,10,9.544117647058824,10.0,204,p0_lite_outputs\p1_rolling_window_market_validation_20260719\raw_configured_ecmade\TAIWAN50\window_011\MetaDesigned_ECMADE_MOO\run_004,1.0,0.5715415279299454,0.9841760138678849,0.008466676497195864,0.9666666666666667,1.3734094626663915,0.034992775618887285
TAIWAN50,window_001,MetaDesigned_ECMADE_MOO,5,49,10,730,115,0.239672199472571,0.238672199472571,0.6012669217334417,0.598437805071546,0.2819531056606557,1.8115297062757223,3.197269940943824,-0.140903391544776,1.0,0.001,9.47257310000714,0.03376560916020051,-0.14090339154477605,10,8.302857142857142,10.0,175,p0_lite_outputs\p1_rolling_window_market_validation_20260719\raw_configured_ecmade\TAIWAN50\window_001\MetaDesigned_ECMADE_MOO\run_005,1.0,1.0,1.0783664865994034,0.0073181087850418955,0.9666666666666667,1.4085139962124755,0.04254425661414053
TAIWAN50,window_002,MetaDesigned_ECMADE_MOO,5,49,10,729,126,0.0437106168796412,0.0427106168796412,0.0893318517872814,0.0872454305535217,0.2962507560471404,0.4373408913588417,0.6535194579719305,-0.2119432054043344,1.0000000000000002,0.001,10.231539299944416,0.038556061481818386,-0.21194320540433442,9,9.413461538461538,10.0,208,p0_lite_outputs\p1_rolling_window_market_validation_20260719\raw_configured_ecmade\TAIWAN50\window_002\MetaDesigned_ECMADE_MOO\run_005,1.0000000000000002,0.7237827375721048,0.9909090439167593,0.009000411917686841,0.9916666666666667,1.2005038516267783,0.031134872983579403
TAIWAN50,window_003,MetaDesigned_ECMADE_MOO,5,49,10,728,117,-0.2582880763751496,-0.2592880763751496,-0.4745798605360296,-0.4761044335210781,0.2526522394976493,-2.4170088095674878,-3.5249543964352354,-0.2622424122813298,1.0,0.001,9.754449600004593,0.037716789892857934,-0.26224241228132983,10,9.439613526570048,10.0,207,p0_lite_outputs\p1_rolling_window_market_validation_20260719\raw_configured_ecmade\TAIWAN50\window_003\MetaDesigned_ECMADE_MOO\run_005,1.0,0.4458118440810369,1.063809162861338,0.011101607385069419,0.9583333333333334,1.1859387458784982,0.04063928203011435
TAIWAN50,window_004,MetaDesigned_ECMADE_MOO,5,49,10,730,127,-0.0391019179855546,-0.0401019179855546,-0.0760947157678206,-0.0780016005870117,0.1762225027887104,-0.3607817731236732,-0.5541530530064259,-0.1946418288282436,1.0000000000000002,0.001,9.996701100026256,0.02476178271474567,-0.19464182882824366,9,9.278048780487804,10.0,205,p0_lite_outputs\p1_rolling_window_market_validation_20260719\raw_configured_ecmade\TAIWAN50\window_004\MetaDesigned_ECMADE_MOO\run_005,1.0000000000000002,0.34352452255252713,1.068178400615425,0.008612991237086632,0.925,1.4053528540640248,0.03362729801264372
TAIWAN50,window_005,MetaDesigned_ECMADE_MOO,5,49,10,733,112,0.258526879438163,0.257526879438163,0.6776084889668621,0.6746107423446279,0.1348906507507497,3.906745109976484,6.773911914603716,-0.0364043925522532,1.0,0.001,10.174494700040668,0.015449780036260624,-0.03640439255225325,9,9.542105263157895,10.0,190,p0_lite_outputs\p1_rolling_window_market_validation_20260719\raw_configured_ecmade\TAIWAN50\window_005\MetaDesigned_ECMADE_MOO\run_005,1.0,0.26046252706104495,1.0153729936660758,0.007875138493249527,0.9666666666666667,1.3687363375559287,0.03438806613729326
TAIWAN50,window_006,MetaDesigned_ECMADE_MOO,5,49,10,729,125,0.1684581203914961,0.1674581203914961,0.3686995128013779,0.3663390528585288,0.2736040662301317,1.284951710814861,1.7680006954727987,-0.1872879962867275,1.0,0.001,9.51811349997297,0.038387692317374926,-0.18728799628672754,10,9.75,10.0,172,p0_lite_outputs\p1_rolling_window_market_validation_20260719\raw_configured_ecmade\TAIWAN50\window_006\MetaDesigned_ECMADE_MOO\run_005,1.0,0.7762820147668701,1.0319331367762552,0.02078472374678014,0.85,1.158195467178233,0.044336395983121016
TAIWAN50,window_007,MetaDesigned_ECMADE_MOO,5,49,10,727,117,0.194315464046769,0.193315464046769,0.4658940474235513,0.4632517094031552,0.1343597473493765,2.9158426274221,4.643098625715436,-0.0531644393881227,1.0,0.001,10.309956999961289,0.016251075250712357,-0.05316443938812265,10,8.375,10.0,184,p0_lite_outputs\p1_rolling_window_market_validation_20260719\raw_configured_ecmade\TAIWAN50\window_007\MetaDesigned_ECMADE_MOO\run_005,1.0,0.630776381043971,1.0647642133597521,0.0084580614489371,0.975,1.3879858193182877,0.051685006868205964
TAIWAN50,window_008,MetaDesigned_ECMADE_MOO,5,49,10,729,123,-0.0213785493910056,-0.0223785493910056,-0.0433090981421805,-0.0453108929979431,0.2140922215028207,-0.0988277689325105,-0.12011245101345,-0.1393574829905791,1.0,0.001,9.821953199920245,0.03421017165790736,-0.13935748299057915,10,9.359788359788359,10.0,189,p0_lite_outputs\p1_rolling_window_market_validation_20260719\raw_configured_ecmade\TAIWAN50\window_008\MetaDesigned_ECMADE_MOO\run_005,1.0,0.38567881077584887,0.9365200794774132,0.008776235996855765,0.975,1.3587041924264767,0.05297509721951878
TAIWAN50,window_009,MetaDesigned_ECMADE_MOO,5,49,10,726,116,0.0485936272139464,0.0475936272139464,0.1085809105277593,0.1062855025303006,0.2578349142173168,0.5294500126056002,0.6537758400953904,-0.2185760714188886,1.0,0.0009999999999999,10.732341499999166,0.04181837299686866,-0.21857607141888868,10,9.626865671641792,10.0,201,p0_lite_outputs\p1_rolling_window_market_validation_20260719\raw_configured_ecmade\TAIWAN50\window_009\MetaDesigned_ECMADE_MOO\run_005,1.0,0.5254357279614815,0.9278424571999788,0.015089459544714353,0.9166666666666666,1.2523771006301305,0.06303539731481936
TAIWAN50,window_010,MetaDesigned_ECMADE_MOO,5,49,10,725,124,0.325336137163845,0.324336137163845,0.7725483113659266,0.7698313607995348,0.1774651232993086,3.317972519464036,5.132088285437681,-0.0534714030394324,1.0,0.001,9.939067099941894,0.022812257413377262,-0.05347140303943243,10,9.77889447236181,10.0,199,p0_lite_outputs\p1_rolling_window_market_validation_20260719\raw_configured_ecmade\TAIWAN50\window_010\MetaDesigned_ECMADE_MOO\run_005,1.0,0.7558164726081272,0.9134738815711962,0.030301581044050587,0.85,1.0716945827472328,0.033928377703949006
TAIWAN50,window_011,MetaDesigned_ECMADE_MOO,5,49,10,722,116,0.3771677295582949,0.3761677295582949,1.004180918547477,1.001020768215378,0.2045170279337869,3.5061917929979325,5.608658092083819,-0.0453786046831452,1.0,0.001,9.961659000022337,0.025587874795711535,-0.04537860468314525,10,9.469194312796208,10.0,211,p0_lite_outputs\p1_rolling_window_market_validation_20260719\raw_configured_ecmade\TAIWAN50\window_011\MetaDesigned_ECMADE_MOO\run_005,1.0,0.661025338265542,0.9795847007982239,0.009135190405519482,0.9166666666666666,1.3246981805699634,0.034992775618887285
TAIWAN50,window_001,MetaDesigned_ECMADE_MOO,6,49,10,730,115,0.2541161645678147,0.2531161645678147,0.6424341759669028,0.6395657304976974,0.316145971619078,1.7279690366134075,3.2247821038261595,-0.1733095526201906,1.0,0.001,9.9305210999446,0.036407490473319655,-0.17330955262019065,10,9.126829268292683,10.0,205,p0_lite_outputs\p1_rolling_window_market_validation_20260719\raw_configured_ecmade\TAIWAN50\window_001\MetaDesigned_ECMADE_MOO\run_006,1.0,1.0,1.0771167851902104,0.008333520754556782,0.9666666666666667,1.3928971127718046,0.04254425661414053
TAIWAN50,window_002,MetaDesigned_ECMADE_MOO,6,49,10,729,126,0.0173678100451453,0.0163678100451453,0.0350372609160549,0.0330035252959648,0.340762333880216,0.2719603110412056,0.4099265440626063,-0.2597042085135146,1.0,0.001,10.56496440002229,0.044976871456776965,-0.2597042085135146,10,9.504237288135593,10.0,236,p0_lite_outputs\p1_rolling_window_market_validation_20260719\raw_configured_ecmade\TAIWAN50\window_002\MetaDesigned_ECMADE_MOO\run_006,1.0,0.6728239734749913,0.995266092106765,0.007390743157901069,0.9916666666666667,1.2147693267944524,0.031134872983579403
TAIWAN50,window_003,MetaDesigned_ECMADE_MOO,6,49,10,728,117,-0.3045295556692694,-0.3055295556692694,-0.542603814997871,-0.5440191790124171,0.2855467607212012,-2.5916112459015714,-3.927741302796209,-0.3079277290466343,1.0,0.001,9.804945699987002,0.041849466814018306,-0.30792772904663446,10,9.071090047393366,10.0,211,p0_lite_outputs\p1_rolling_window_market_validation_20260719\raw_configured_ecmade\TAIWAN50\window_003\MetaDesigned_ECMADE_MOO\run_006,1.0,0.5764443120363325,1.0648582630291907,0.006708774409325548,0.975,1.280216077762893,0.04063928203011435
TAIWAN50,window_004,MetaDesigned_ECMADE_MOO,6,49,10,730,127,-0.038383934904521,-0.039383934904521,-0.0747243994731221,-0.0766326874003897,0.1881953256203846,-0.3183079759319318,-0.4873665322609518,-0.1978510418336696,1.0,0.001,10.220135199953802,0.02678219793309532,-0.19785104183366964,8,9.232876712328768,10.0,219,p0_lite_outputs\p1_rolling_window_market_validation_20260719\raw_configured_ecmade\TAIWAN50\window_004\MetaDesigned_ECMADE_MOO\run_006,1.0,0.48221400756647087,1.070615465660112,0.008479062338707096,0.925,1.4138616373716568,0.03362729801264372
TAIWAN50,window_005,MetaDesigned_ECMADE_MOO,6,49,10,733,112,0.2544419978365499,0.2534419978365499,0.6653818118358843,0.6623962275786004,0.1413829798011074,3.6818827807206014,6.416366658884399,-0.0390496657177343,1.0000000000000002,0.001,10.156776000047104,0.01600354504395385,-0.03904966571773438,10,9.54639175257732,10.0,194,p0_lite_outputs\p1_rolling_window_market_validation_20260719\raw_configured_ecmade\TAIWAN50\window_005\MetaDesigned_ECMADE_MOO\run_006,1.0000000000000002,0.17329030878725568,1.0048492960885644,0.016579077684951826,0.8916666666666667,1.1561684631972389,0.03438806613729326
TAIWAN50,window_006,MetaDesigned_ECMADE_MOO,6,49,10,729,125,0.1428258339864623,0.1418258339864623,0.308843676772478,0.3065358395878819,0.2776938636030062,1.1087701473156837,1.5862593554055973,-0.2003965136039373,1.0,0.001,9.666723499889486,0.03786406826893967,-0.20039651360393718,10,9.433526011560694,10.0,173,p0_lite_outputs\p1_rolling_window_market_validation_20260719\raw_configured_ecmade\TAIWAN50\window_006\MetaDesigned_ECMADE_MOO\run_006,1.0,0.8023624624422316,1.0331872429191036,0.013557273223375224,0.8833333333333333,1.2265328587579731,0.044336395983121016
TAIWAN50,window_007,MetaDesigned_ECMADE_MOO,6,49,10,727,117,0.2234075037678045,0.2224075037678045,0.5438843429097735,0.5411675692259521,0.1544883736570436,2.890699792882234,4.850145222746394,-0.0508220118706089,1.0,0.001,10.188653300050646,0.0191968509942083,-0.050822011870608974,10,9.532544378698224,10.0,169,p0_lite_outputs\p1_rolling_window_market_validation_20260719\raw_configured_ecmade\TAIWAN50\window_007\MetaDesigned_ECMADE_MOO\run_006,1.0,0.5771212035646394,1.0495996349184278,0.013941857902306802,0.825,1.350488743527662,0.051685006868205964
TAIWAN50,window_008,MetaDesigned_ECMADE_MOO,6,49,10,729,123,0.0122576925181463,0.0112576925181463,0.0252747771042911,0.0232007253931723,0.1839827832881511,0.2280747843289992,0.291771257668984,-0.1038415799689039,1.0,0.001,9.812117699999362,0.02773362075275673,-0.10384157996890397,9,9.375586854460094,10.0,213,p0_lite_outputs\p1_rolling_window_market_validation_20260719\raw_configured_ecmade\TAIWAN50\window_008\MetaDesigned_ECMADE_MOO\run_006,1.0,0.28459830112782586,0.9279530963948525,0.016380323080981345,0.9083333333333333,1.2144084728178755,0.05297509721951878
TAIWAN50,window_009,MetaDesigned_ECMADE_MOO,6,49,10,726,116,0.0719934623085076,0.0709934623085076,0.1630270461515646,0.1606714399546991,0.2624475729573421,0.7074159257904623,0.8952570995822579,-0.2162266389374033,1.0,0.001,10.560566600062884,0.042208350068585386,-0.21622663893740335,10,7.992063492063492,9.0,252,p0_lite_outputs\p1_rolling_window_market_validation_20260719\raw_configured_ecmade\TAIWAN50\window_009\MetaDesigned_ECMADE_MOO\run_006,1.0,0.46983876774996713,0.9476865096990351,0.006347029265660503,1.0,1.3968241274885251,0.06303539731481936
TAIWAN50,window_010,MetaDesigned_ECMADE_MOO,6,49,10,725,124,0.2803352256475231,0.2793352256475231,0.6523781492383018,0.6497564099765039,0.1535151776680604,3.351553066929149,5.0526757182132505,-0.0601292247985139,1.0,0.001,10.214629499940202,0.02025823183952576,-0.0601292247985139,10,9.679824561403509,10.0,228,p0_lite_outputs\p1_rolling_window_market_validation_20260719\raw_configured_ecmade\TAIWAN50\window_010\MetaDesigned_ECMADE_MOO\run_006,1.0,0.640060464725512,0.9492256637610124,0.00753993135184494,0.9833333333333333,1.3824898014372051,0.033928377703949006
TAIWAN50,window_011,MetaDesigned_ECMADE_MOO,6,49,10,722,116,0.4354522832551524,0.4344522832551524,1.1930298776522732,1.1897123010894042,0.2084681905511401,3.8768079396005946,6.068021460906725,-0.0489178392300394,1.0,0.001,10.26109740009997,0.02626517923084969,-0.04891783923003945,10,9.779411764705882,10.0,204,p0_lite_outputs\p1_rolling_window_market_validation_20260719\raw_configured_ecmade\TAIWAN50\window_011\MetaDesigned_ECMADE_MOO\run_006,1.0,0.42863640418935145,0.9841294180120924,0.0075044990147589245,0.9916666666666667,1.351177786030733,0.034992775618887285
TAIWAN50,window_001,MetaDesigned_ECMADE_MOO,7,49,10,730,115,0.4966781445800505,0.4956781445800505,1.419689619236475,1.4161483326363582,0.2789309512986205,3.311778840904564,6.3873685530115045,-0.1380584696081842,1.0,0.001,9.856621999992058,0.029492987415092736,-0.13805846960818424,10,9.606741573033707,10.0,178,p0_lite_outputs\p1_rolling_window_market_validation_20260719\raw_configured_ecmade\TAIWAN50\window_001\MetaDesigned_ECMADE_MOO\run_007,1.0,1.0,1.0728939492560088,0.009815147991482717,0.8833333333333333,1.3745541590275403,0.04254425661414053
TAIWAN50,window_002,MetaDesigned_ECMADE_MOO,7,49,10,729,126,0.013050986764219,0.012050986764219,0.0262723017839578,0.0242471998104296,0.353151940711797,0.2505241358859726,0.377388734535511,-0.2741756748712093,1.0,0.001,10.075981699978,0.046572485139748744,-0.2741756748712093,10,9.598086124401913,10.0,209,p0_lite_outputs\p1_rolling_window_market_validation_20260719\raw_configured_ecmade\TAIWAN50\window_002\MetaDesigned_ECMADE_MOO\run_007,1.0,0.6492679257724705,0.9945574799977105,0.007585431572943999,0.9916666666666667,1.207556742883914,0.031134872983579403
TAIWAN50,window_003,MetaDesigned_ECMADE_MOO,7,49,10,728,117,-0.2558365892791575,-0.2568365892791575,-0.4708323468893987,-0.4723627394820887,0.2462887557754763,-2.457255389239887,-3.748389878782437,-0.2668993974328211,1.0,0.0009999999999999,9.776979600079358,0.03586099406041551,-0.2668993974328211,10,9.199029126213592,10.0,206,p0_lite_outputs\p1_rolling_window_market_validation_20260719\raw_configured_ecmade\TAIWAN50\window_003\MetaDesigned_ECMADE_MOO\run_007,1.0,0.5569064215254869,1.0617984176031312,0.00824531419272508,0.95,1.4081209081931396,0.04063928203011435
TAIWAN50,window_004,MetaDesigned_ECMADE_MOO,7,49,10,730,127,-0.030156568376946,-0.031156568376946,-0.0589500394404397,-0.0608744044048434,0.181417964751851,-0.2440020846090661,-0.3774169968623923,-0.1893053775378189,1.0,0.001,10.13259040005505,0.024953869055898296,-0.18930537753781895,9,9.39622641509434,10.0,212,p0_lite_outputs\p1_rolling_window_market_validation_20260719\raw_configured_ecmade\TAIWAN50\window_004\MetaDesigned_ECMADE_MOO\run_007,1.0,0.40010920018357304,1.06550724061859,0.033729436051890875,0.8833333333333333,1.0948347729823433,0.03362729801264372
TAIWAN50,window_005,MetaDesigned_ECMADE_MOO,7,49,10,733,112,0.3022186137167384,0.3012186137167384,0.8115018099328617,0.808373362116245,0.1515278717451786,4.0013622920033045,7.282634204762245,-0.0411354847927827,1.0000000000000002,0.001,9.699696599971505,0.01669992756822937,-0.04113548479278273,9,9.36923076923077,10.0,195,p0_lite_outputs\p1_rolling_window_market_validation_20260719\raw_configured_ecmade\TAIWAN50\window_005\MetaDesigned_ECMADE_MOO\run_007,1.0000000000000002,0.30317705141518836,1.00746704215058,0.02176263700633995,0.9166666666666666,1.1179724229499979,0.03438806613729326
TAIWAN50,window_006,MetaDesigned_ECMADE_MOO,7,49,10,729,125,0.1764943714224134,0.1754943714224134,0.3877433190224504,0.3853663569338894,0.2766414625993759,1.3237930703764298,1.8889897438280832,-0.1819442706295407,1.0,0.001,9.672352000023238,0.03813047350245534,-0.18194427062954022,9,9.662983425414364,10.0,181,p0_lite_outputs\p1_rolling_window_market_validation_20260719\raw_configured_ecmade\TAIWAN50\window_006\MetaDesigned_ECMADE_MOO\run_007,1.0,0.7516435362237757,1.0333167761540667,0.010997523981619512,0.8333333333333334,1.332809019894264,0.044336395983121016
TAIWAN50,window_007,MetaDesigned_ECMADE_MOO,7,49,10,727,117,0.1392902133344793,0.1382902133344793,0.3242857717861451,0.3217834563331534,0.1486980708716518,1.9641709678068036,3.12301783851476,-0.0573745980321717,1.0,0.001,10.502946499967948,0.018804647301931886,-0.05737459803217171,10,8.792899408284024,10.0,169,p0_lite_outputs\p1_rolling_window_market_validation_20260719\raw_configured_ecmade\TAIWAN50\window_007\MetaDesigned_ECMADE_MOO\run_007,1.0,0.6283638931016927,1.0464412008850739,0.01820783975013701,0.625,1.413898982429314,0.051685006868205964
TAIWAN50,window_008,MetaDesigned_ECMADE_MOO,7,49,10,729,123,-0.0125406532756205,-0.0135406532756205,-0.0255241177818353,-0.0275448864980147,0.1972220601481873,-0.0316863271638063,-0.0385056229812529,-0.1160645197772825,1.0,0.001,10.029814000008628,0.03082268254848209,-0.1160645197772825,10,8.467811158798284,9.0,233,p0_lite_outputs\p1_rolling_window_market_validation_20260719\raw_configured_ecmade\TAIWAN50\window_008\MetaDesigned_ECMADE_MOO\run_007,1.0,0.5079104293043968,0.9416128430722888,0.006790566013932975,1.0,1.4028654690844158,0.05297509721951878
TAIWAN50,window_009,MetaDesigned_ECMADE_MOO,7,49,10,726,116,0.0985615339206784,0.0975615339206784,0.2265562334057134,0.2241320033443372,0.2768050018838683,0.877240197321707,1.0702523477575103,-0.2333017430359667,1.0,0.001,10.250487699988298,0.04555658152789466,-0.23330174303596662,10,9.729064039408867,10.0,203,p0_lite_outputs\p1_rolling_window_market_validation_20260719\raw_configured_ecmade\TAIWAN50\window_009\MetaDesigned_ECMADE_MOO\run_007,1.0,0.5715604139588387,0.9397922405642168,0.008995551713160806,0.9833333333333333,1.3767484663852705,0.06303539731481936
TAIWAN50,window_010,MetaDesigned_ECMADE_MOO,7,49,10,725,124,0.3714480462406406,0.3704480462406406,0.9001323892479345,0.8973177684977873,0.1592886055662674,4.114725743437589,6.41813410460369,-0.0535116523690505,1.0,0.001,9.878559000091627,0.019879183722163636,-0.05351165236905053,10,9.879310344827585,10.0,232,p0_lite_outputs\p1_rolling_window_market_validation_20260719\raw_configured_ecmade\TAIWAN50\window_010\MetaDesigned_ECMADE_MOO\run_007,1.0,0.718659384938979,0.9423213711358227,0.009194424102037878,0.95,1.283563626845743,0.033928377703949006
TAIWAN50,window_011,MetaDesigned_ECMADE_MOO,7,49,10,722,116,0.3850314121656175,0.3840314121656175,1.0291251633016447,1.0259438391615214,0.1885893559652549,3.8514250771027,5.867123501852647,-0.0414103443891394,1.0,0.001,10.134223299915902,0.024163248104918867,-0.041410344389139486,10,9.728155339805825,10.0,206,p0_lite_outputs\p1_rolling_window_market_validation_20260719\raw_configured_ecmade\TAIWAN50\window_011\MetaDesigned_ECMADE_MOO\run_007,1.0,0.5708296059091954,0.9488618854917105,0.037547618847547204,0.8583333333333333,1.0219643139089416,0.034992775618887285
TAIWAN50,window_001,MetaDesigned_ECMADE_MOO,8,49,10,730,115,0.3474186510183537,0.3464186510183537,0.9221156328290252,0.9189910817034764,0.3023771212872968,2.3136538596349343,4.344091013815477,-0.1569799728373229,1.0,0.001,9.962678999989294,0.0330438325633373,-0.1569799728373229,10,9.51685393258427,10.0,178,p0_lite_outputs\p1_rolling_window_market_validation_20260719\raw_configured_ecmade\TAIWAN50\window_001\MetaDesigned_ECMADE_MOO\run_008,1.0,1.0,1.0724498688347899,0.014687085978085086,0.9083333333333333,1.252830716241381,0.04254425661414053
TAIWAN50,window_002,MetaDesigned_ECMADE_MOO,8,49,10,729,126,0.0192302126878005,0.0182302126878005,0.038830226455619,0.0367927660302438,0.3293555049004722,0.280776899678392,0.4166742873695769,-0.2612192252367615,1.0,0.001,10.411066100001335,0.043249527732154076,-0.2612192252367618,10,9.812206572769954,10.0,213,p0_lite_outputs\p1_rolling_window_market_validation_20260719\raw_configured_ecmade\TAIWAN50\window_002\MetaDesigned_ECMADE_MOO\run_008,1.0,0.6702034676248432,0.9845190203859098,0.009540595565369785,0.925,1.215852694540978,0.031134872983579403
TAIWAN50,window_003,MetaDesigned_ECMADE_MOO,8,49,10,728,117,-0.2390668305220686,-0.2400668305220686,-0.4448138172085714,-0.4463840984299888,0.2420520919323979,-2.3066593880666644,-3.327818627211835,-0.2491984992470723,1.0,0.0009999999999999,9.691814600024372,0.03647566909706615,-0.2491984992470726,10,9.48421052631579,10.0,190,p0_lite_outputs\p1_rolling_window_market_validation_20260719\raw_configured_ecmade\TAIWAN50\window_003\MetaDesigned_ECMADE_MOO\run_008,1.0,0.6370420574199418,1.0566842432258503,0.014750405608710904,0.9083333333333333,1.1857298205511955,0.04063928203011435
TAIWAN50,window_004,MetaDesigned_ECMADE_MOO,8,49,10,730,127,-0.0141010000030136,-0.0151010000030136,-0.0277857566980508,-0.0297414895604688,0.187886537382774,-0.0557878207664121,-0.0835092896825347,-0.1893587957154113,1.0000000000000002,0.001,10.44436969992239,0.027029954792988174,-0.18935879571541137,10,8.203846153846154,9.0,260,p0_lite_outputs\p1_rolling_window_market_validation_20260719\raw_configured_ecmade\TAIWAN50\window_004\MetaDesigned_ECMADE_MOO\run_008,1.0000000000000002,0.4203830244278764,1.0743653651993363,0.005543607190432345,0.9833333333333333,1.4054080812952559,0.03362729801264372
TAIWAN50,window_005,MetaDesigned_ECMADE_MOO,8,49,10,733,112,0.2979007718654043,0.2969007718654043,0.7980151803688496,0.794899698619828,0.1375552242241723,4.338642506723332,7.951709624915228,-0.0371319818483248,1.0,0.001,9.709220599965192,0.014497943828425064,-0.03713198184832489,10,9.475935828877006,10.0,187,p0_lite_outputs\p1_rolling_window_market_validation_20260719\raw_configured_ecmade\TAIWAN50\window_005\MetaDesigned_ECMADE_MOO\run_008,1.0,0.18578998954194637,1.0105669077381192,0.011417142329990134,0.9083333333333333,1.3980306502900688,0.03438806613729326
TAIWAN50,window_006,MetaDesigned_ECMADE_MOO,8,49,10,729,125,0.1691127823987206,0.1681127823987206,0.3702459283915222,0.3678841241921373,0.2611693184627032,1.337824856183414,1.8602382507593769,-0.1683134915687886,1.0,0.0009999999999999,9.75179039989598,0.037607986938136,-0.1683134915687886,10,9.052631578947368,10.0,190,p0_lite_outputs\p1_rolling_window_market_validation_20260719\raw_configured_ecmade\TAIWAN50\window_006\MetaDesigned_ECMADE_MOO\run_008,1.0,0.6781609538880007,1.0479405161381972,0.008601612286788126,0.9416666666666667,1.4063851877847695,0.044336395983121016
TAIWAN50,window_007,MetaDesigned_ECMADE_MOO,8,49,10,727,117,0.2530805938043774,0.2520805938043774,0.6256674171950931,0.6228744400138304,0.1621280312816326,3.080861827318546,5.180198709219157,-0.0471854448802461,1.0,0.001,10.011737399967387,0.02002799446088506,-0.04718544488024612,10,8.81437125748503,10.0,167,p0_lite_outputs\p1_rolling_window_market_validation_20260719\raw_configured_ecmade\TAIWAN50\window_007\MetaDesigned_ECMADE_MOO\run_008,1.0,0.5358285563130951,1.0638880090204255,0.00932698598960702,0.95,1.398734878854662,0.051685006868205964
TAIWAN50,window_008,MetaDesigned_ECMADE_MOO,8,49,10,729,123,-0.0158899943410767,-0.0168899943410767,-0.0322839133667138,-0.0342974904861037,0.2011804241306111,-0.061880859448025,-0.0777993914181053,-0.1234752090347313,1.0,0.001,9.761286200024188,0.031488187124418775,-0.1234752090347313,9,8.994791666666666,10.0,192,p0_lite_outputs\p1_rolling_window_market_validation_20260719\raw_configured_ecmade\TAIWAN50\window_008\MetaDesigned_ECMADE_MOO\run_008,1.0,0.37000471983668204,0.9308997891740571,0.012164965622665431,0.9083333333333333,1.3128070051027128,0.05297509721951878
TAIWAN50,window_009,MetaDesigned_ECMADE_MOO,8,49,10,726,116,0.087497865371477,0.086497865371477,0.1998793722316072,0.1974837542075589,0.2444196520516365,0.8684381707352488,1.0984371257015142,-0.1967513216779464,1.0,0.001,10.18792190006934,0.039317101361479694,-0.1967513216779464,10,9.605633802816902,10.0,213,p0_lite_outputs\p1_rolling_window_market_validation_20260719\raw_configured_ecmade\TAIWAN50\window_009\MetaDesigned_ECMADE_MOO\run_008,1.0,0.5154015327979871,0.9206083140583577,0.024570496528840854,0.875,1.1393358397788649,0.06303539731481936
TAIWAN50,window_010,MetaDesigned_ECMADE_MOO,8,49,10,725,124,0.3346898354792014,0.3336898354792014,0.7980643632405073,0.7953276092379107,0.1682142320460091,3.576017495671389,5.681779204939394,-0.0478611861477532,1.0,0.001,9.9689068000298,0.020499175649778083,-0.047861186147753254,10,9.551440329218106,10.0,243,p0_lite_outputs\p1_rolling_window_market_validation_20260719\raw_configured_ecmade\TAIWAN50\window_010\MetaDesigned_ECMADE_MOO\run_008,1.0,0.6240858399194349,0.9471024370065022,0.008025618233004576,0.9666666666666667,1.3254679351473126,0.033928377703949006
TAIWAN50,window_011,MetaDesigned_ECMADE_MOO,8,49,10,722,116,0.5440654269425298,0.5430654269425298,1.569567119849601,1.565953254946013,0.2203214158666268,4.4013780202273285,7.30120122339661,-0.054377330829382,1.0,0.001,10.117799100000411,0.02688706374038856,-0.05437733082938201,10,9.585714285714285,10.0,210,p0_lite_outputs\p1_rolling_window_market_validation_20260719\raw_configured_ecmade\TAIWAN50\window_011\MetaDesigned_ECMADE_MOO\run_008,1.0,0.6267705950460191,0.9828781463307926,0.008288395012587872,0.9666666666666667,1.3813004395680395,0.034992775618887285
TAIWAN50,window_001,MetaDesigned_ECMADE_MOO,9,49,10,730,115,0.4083547853100193,0.4073547853100193,1.1177437749282135,1.1144501030736709,0.3113454109471126,2.5678895304095404,4.768732558227396,-0.1487467370648977,1.0,0.001,9.700295699993148,0.03384478697757859,-0.14874673706489772,10,9.103825136612022,10.0,183,p0_lite_outputs\p1_rolling_window_market_validation_20260719\raw_configured_ecmade\TAIWAN50\window_001\MetaDesigned_ECMADE_MOO\run_009,1.0,1.0,1.0768757798628479,0.009864884890614807,0.9583333333333334,1.4039967589101092,0.04254425661414053
TAIWAN50,window_002,MetaDesigned_ECMADE_MOO,9,49,10,729,126,0.0333049207524873,0.0323049207524873,0.0677190592513041,0.0656534494097995,0.2882110696839075,0.3718813694157363,0.5634270321397272,-0.2208525520278893,1.0,0.001,10.407640199991874,0.037733429508814934,-0.22085255202788934,9,9.67381974248927,10.0,233,p0_lite_outputs\p1_rolling_window_market_validation_20260719\raw_configured_ecmade\TAIWAN50\window_002\MetaDesigned_ECMADE_MOO\run_009,1.0,0.6988211916888604,0.9899887356904024,0.008928310663601863,0.9833333333333333,1.188487074654848,0.031134872983579403
TAIWAN50,window_003,MetaDesigned_ECMADE_MOO,9,49,10,728,117,-0.2822207170987804,-0.2832207170987804,-0.5104167000556685,-0.5118846159422235,0.2654364258941406,-2.553521698315691,-3.765785950298021,-0.2850237551101379,1.0000000000000002,0.001,9.666090299957432,0.03881533225808611,-0.2850237551101379,10,8.77127659574468,10.0,188,p0_lite_outputs\p1_rolling_window_market_validation_20260719\raw_configured_ecmade\TAIWAN50\window_003\MetaDesigned_ECMADE_MOO\run_009,1.0000000000000002,0.43161848891793786,1.0648856931671526,0.00782310280958141,0.9666666666666667,1.3456663867409313,0.04063928203011435
TAIWAN50,window_004,MetaDesigned_ECMADE_MOO,9,49,10,730,127,-0.03653502106424,-0.03753502106424,-0.071190992742889,-0.0731028938073978,0.1860154351167574,-0.3037727291120213,-0.4653254408503779,-0.1965381733178034,1.0000000000000002,0.001,10.232213699957356,0.02605890709521132,-0.19653817331780343,9,9.464454976303317,10.0,211,p0_lite_outputs\p1_rolling_window_market_validation_20260719\raw_configured_ecmade\TAIWAN50\window_004\MetaDesigned_ECMADE_MOO\run_009,1.0000000000000002,0.35311161265781715,1.0684863946030152,0.010371448935646616,0.9,1.3480254796356879,0.03362729801264372
TAIWAN50,window_005,MetaDesigned_ECMADE_MOO,9,49,10,733,112,0.2449846343722901,0.2439846343722901,0.6372650100795059,0.634307546226871,0.1397872028854695,3.600214477080978,6.3112658148811045,-0.0365077240388411,1.0,0.001,9.87903810001444,0.015770558887947084,-0.03650772403884117,10,9.641414141414142,10.0,198,p0_lite_outputs\p1_rolling_window_market_validation_20260719\raw_configured_ecmade\TAIWAN50\window_005\MetaDesigned_ECMADE_MOO\run_009,1.0,0.2352626598097657,1.0063592399581147,0.009717325137966434,0.8666666666666667,1.365937458612834,0.03438806613729326
TAIWAN50,window_006,MetaDesigned_ECMADE_MOO,9,49,10,729,125,0.1831462911396808,0.1821462911396808,0.4036069451555484,0.4012163222292118,0.3122522633376004,1.2434874050218012,1.7146224091966094,-0.2083126469368807,1.0,0.001,10.063348099938594,0.046074564343580586,-0.20831264693688079,10,9.343589743589744,10.0,195,p0_lite_outputs\p1_rolling_window_market_validation_20260719\raw_configured_ecmade\TAIWAN50\window_006\MetaDesigned_ECMADE_MOO\run_009,1.0,0.7143083237773789,1.0412369509875363,0.010301860012528053,0.925,1.3509065541667238,0.044336395983121016
TAIWAN50,window_007,MetaDesigned_ECMADE_MOO,9,49,10,727,117,0.1574052551255491,0.1564052551255491,0.3700546534478215,0.3675063531946225,0.1557750139722948,2.100220415207647,3.401316234257065,-0.0679073453878433,1.0,0.001,10.086641100002453,0.01991558888446252,-0.06790734538784338,10,9.892215568862275,10.0,167,p0_lite_outputs\p1_rolling_window_market_validation_20260719\raw_configured_ecmade\TAIWAN50\window_007\MetaDesigned_ECMADE_MOO\run_009,1.0,0.8586075297090356,1.0247734149244578,0.04301919362276703,0.7083333333333334,1.030520943204492,0.051685006868205964
TAIWAN50,window_008,MetaDesigned_ECMADE_MOO,9,49,10,729,123,0.0294588240620949,0.0284588240620949,0.0612874614575129,0.0591764129801111,0.1694242957078235,0.4362745017634154,0.54836607517104,-0.0961550514905809,1.0,0.0009999999999999,9.71844179998152,0.02528196348544341,-0.0961550514905809,10,9.2707182320442,10.0,181,p0_lite_outputs\p1_rolling_window_market_validation_20260719\raw_configured_ecmade\TAIWAN50\window_008\MetaDesigned_ECMADE_MOO\run_009,1.0,0.44567903834451894,0.9301287304046829,0.012910688950936649,0.9333333333333333,1.2939821192669672,0.05297509721951878
TAIWAN50,window_009,MetaDesigned_ECMADE_MOO,9,49,10,726,116,0.0805955477128741,0.0795955477128741,0.1833966707056011,0.1810188775576382,0.2816146806715389,0.7397244187852421,0.9007688549847432,-0.2310795123284419,1.0,0.001,10.160979700041937,0.04597006048939913,-0.23107951232844193,10,9.274038461538462,10.0,208,p0_lite_outputs\p1_rolling_window_market_validation_20260719\raw_configured_ecmade\TAIWAN50\window_009\MetaDesigned_ECMADE_MOO\run_009,1.0,0.5702389016023827,0.9430030098896787,0.007986640717948353,0.9666666666666667,1.3731777605839244,0.06303539731481936
TAIWAN50,window_010,MetaDesigned_ECMADE_MOO,9,49,10,725,124,0.350217237523597,0.349217237523597,0.8408307717815984,0.8380611336437214,0.1644292630547452,3.797927486110153,5.82030050931114,-0.0600559774497302,1.0,0.001,10.03482239996083,0.021248685479275945,-0.060055977449730236,10,9.447257383966244,10.0,237,p0_lite_outputs\p1_rolling_window_market_validation_20260719\raw_configured_ecmade\TAIWAN50\window_010\MetaDesigned_ECMADE_MOO\run_009,1.0,0.6825362891670895,0.9440430094613095,0.010238597017051758,0.9666666666666667,1.3260101149243062,0.033928377703949006
TAIWAN50,window_011,MetaDesigned_ECMADE_MOO,9,49,10,722,116,0.3978196688927091,0.3968196688927091,1.0700463910607612,1.06683058891287,0.1972964944231652,3.791398517978686,6.103947231956913,-0.0473123929455955,1.0,0.001,10.10358910006471,0.024532194369256976,-0.04731239294559553,10,9.32843137254902,10.0,204,p0_lite_outputs\p1_rolling_window_market_validation_20260719\raw_configured_ecmade\TAIWAN50\window_011\MetaDesigned_ECMADE_MOO\run_009,1.0,0.3517252436425255,0.9825620447871407,0.009061420823552236,0.9166666666666666,1.3017502616185248,0.034992775618887285
TAIWAN50,window_001,MetaDesigned_ECMADE_MOO,10,49,10,730,115,0.3773950284031346,0.3763950284031346,1.0170632647485758,1.0138556967830326,0.2524981205060543,2.9080011263539536,5.359548520349406,-0.1220923795240608,1.0,0.001,9.887750400113871,0.02716750605591797,-0.12209237952406093,10,9.647668393782384,10.0,193,p0_lite_outputs\p1_rolling_window_market_validation_20260719\raw_configured_ecmade\TAIWAN50\window_001\MetaDesigned_ECMADE_MOO\run_010,1.0,1.0,1.0726841112985994,0.017410118953026344,0.9083333333333333,1.2072922149009033,0.04254425661414053
TAIWAN50,window_002,MetaDesigned_ECMADE_MOO,10,49,10,729,126,-0.0198528622782565,-0.0208528622782565,-0.0393115884158736,-0.0412708826913171,0.3580924993240144,0.0677468622134669,0.1000252043841873,-0.2946809764559833,1.0,0.001,10.255285499966703,0.04815361801301838,-0.29468097645598335,7,9.371559633027523,10.0,218,p0_lite_outputs\p1_rolling_window_market_validation_20260719\raw_configured_ecmade\TAIWAN50\window_002\MetaDesigned_ECMADE_MOO\run_010,1.0,0.6599378020538704,0.9962790575713284,0.006750930973820132,0.9916666666666667,1.209054170468946,0.031134872983579403
TAIWAN50,window_003,MetaDesigned_ECMADE_MOO,10,49,10,728,117,-0.3720198251927543,-0.3730198251927543,-0.632881199477698,-0.634139186717361,0.3449820198826974,-2.7253166677897145,-4.031553461133286,-0.3766353452799277,1.0,0.001,9.772426399984395,0.05014510824397503,-0.3766353452799277,10,9.448275862068966,10.0,174,p0_lite_outputs\p1_rolling_window_market_validation_20260719\raw_configured_ecmade\TAIWAN50\window_003\MetaDesigned_ECMADE_MOO\run_010,1.0,0.6043584268810109,1.0629985081588933,0.011002777767321177,0.9666666666666667,1.1986180940075821,0.04063928203011435
TAIWAN50,window_004,MetaDesigned_ECMADE_MOO,10,49,10,730,127,-0.0099709048517179,-0.0109709048517179,-0.0196876996929328,-0.0216515002500176,0.1724277982122905,-0.0289509614590573,-0.0439830967509326,-0.1743678372391481,1.0,0.001,10.108217500033788,0.0242220739975685,-0.17436783723914817,10,9.237113402061855,10.0,194,p0_lite_outputs\p1_rolling_window_market_validation_20260719\raw_configured_ecmade\TAIWAN50\window_004\MetaDesigned_ECMADE_MOO\run_010,1.0,0.6349569189101263,1.0656376634733833,0.0341903184857545,0.8833333333333333,1.1053038445375247,0.03362729801264372
TAIWAN50,window_005,MetaDesigned_ECMADE_MOO,10,49,10,733,112,0.2635829700582441,0.2625829700582441,0.6928109871904236,0.6897981728403568,0.1389003576137212,3.862952052985542,7.084292774427492,-0.0402942249858244,1.0,0.001,9.973541699931957,0.015119528855743821,-0.04029422498582447,7,8.990147783251231,10.0,203,p0_lite_outputs\p1_rolling_window_market_validation_20260719\raw_configured_ecmade\TAIWAN50\window_005\MetaDesigned_ECMADE_MOO\run_010,1.0,0.18926118502342776,1.0177087189047536,0.008118292941105975,0.9666666666666667,1.4101845389913197,0.03438806613729326
TAIWAN50,window_006,MetaDesigned_ECMADE_MOO,10,49,10,729,125,0.15472201664481,0.15372201664481,0.336455590372591,0.3341233328001656,0.2672755359181853,1.2197308395938338,1.7104328938594562,-0.19088876041962,1.0,0.001,9.979477899963968,0.03846785116829648,-0.19088876041962,10,9.51336898395722,10.0,187,p0_lite_outputs\p1_rolling_window_market_validation_20260719\raw_configured_ecmade\TAIWAN50\window_006\MetaDesigned_ECMADE_MOO\run_010,1.0,0.6738623824076372,1.01727631869853,0.029546261886215657,0.8916666666666667,1.046493163360601,0.044336395983121016
TAIWAN50,window_007,MetaDesigned_ECMADE_MOO,10,49,10,727,117,0.2751520209282225,0.2741520209282225,0.687968077707448,0.6851182380992304,0.1474400351685848,3.627976097159985,6.387499475886366,-0.0538992168043849,1.0,0.001,9.887353500002064,0.016925810435070066,-0.05389921680438492,10,9.569767441860465,10.0,172,p0_lite_outputs\p1_rolling_window_market_validation_20260719\raw_configured_ecmade\TAIWAN50\window_007\MetaDesigned_ECMADE_MOO\run_010,1.0,0.5794040676316312,1.0490140209154555,0.014192705817334854,0.7416666666666667,1.3698548592576127,0.051685006868205964
TAIWAN50,window_008,MetaDesigned_ECMADE_MOO,10,49,10,729,123,-0.0007973434782716,-0.0017973434782716,-0.0016328987374161,-0.0036788916886624,0.1764316892647414,0.0795681931087846,0.0985608129880316,-0.1108225026015399,1.0,0.001,10.096094699925745,0.028054725874289813,-0.11082250260153992,10,9.117924528301886,10.0,212,p0_lite_outputs\p1_rolling_window_market_validation_20260719\raw_configured_ecmade\TAIWAN50\window_008\MetaDesigned_ECMADE_MOO\run_010,1.0,0.44122724019312365,0.938134409251624,0.008083770820270002,0.975,1.3553142628992436,0.05297509721951878
TAIWAN50,window_009,MetaDesigned_ECMADE_MOO,10,49,10,726,116,0.0813662729908615,0.0803662729908615,0.185231057329601,0.1828512747953439,0.2472359951962089,0.8118618881761459,0.9585267879034192,-0.2061112393423705,0.9999999999999998,0.0009999999999999,10.152834300068209,0.03935186918501077,-0.20611123934237052,10,9.664804469273744,10.0,179,p0_lite_outputs\p1_rolling_window_market_validation_20260719\raw_configured_ecmade\TAIWAN50\window_009\MetaDesigned_ECMADE_MOO\run_010,0.9999999999999998,0.7073643450056505,0.9209594347952487,0.020725896138581935,0.8,1.2396679030671762,0.06303539731481936
TAIWAN50,window_010,MetaDesigned_ECMADE_MOO,10,49,10,725,124,0.3434603374483915,0.3424603374483915,0.8221577994488292,0.8194024726704603,0.1642333796577001,3.739979556441052,5.7796778783157166,-0.0445961794230242,1.0,0.001,10.10641560005024,0.02045334724745448,-0.044596179423024296,10,9.85377358490566,10.0,212,p0_lite_outputs\p1_rolling_window_market_validation_20260719\raw_configured_ecmade\TAIWAN50\window_010\MetaDesigned_ECMADE_MOO\run_010,1.0,0.6575338502910325,0.9385073258972126,0.01115033264529606,0.8916666666666667,1.257593533217873,0.033928377703949006
TAIWAN50,window_011,MetaDesigned_ECMADE_MOO,10,49,10,722,116,0.4401266474181509,0.4391266474181509,1.2085733940428565,1.205243143623465,0.1919862699075958,4.229284889101865,6.915029549313967,-0.0462653801350165,1.0,0.001,10.096496299956923,0.02360237734960299,-0.046265380135016576,10,9.233333333333333,10.0,210,p0_lite_outputs\p1_rolling_window_market_validation_20260719\raw_configured_ecmade\TAIWAN50\window_011\MetaDesigned_ECMADE_MOO\run_010,1.0,0.5083217260074528,0.9785107710113983,0.009401057419459787,0.925,1.2991548137758253,0.034992775618887285
