method,universe,window_id,run,assets,K,train_days,test_days,gross_return,net_return,annual_return,annual_net_return,annual_volatility,sharpe,sortino,max_drawdown,turnover,transaction_cost,runtime_sec,daily_return_days,cvar95_loss,mdd_from_daily_returns,rebalance_turnover
A_MPMO,NASDAQ100,window_001,1,60,10,755,124,0.285176647373238,0.284176647373238,0.665100996964928,0.662469019515087,0.429679248057567,1.40068511942321,2.28786965194098,-0.296653774862593,1,0.001,2.4080454,124,0.051775127976472234,-0.2966537748625929,1.0
A_MPMO,NASDAQ100,window_002,1,59,10,755,126,0.274435661590148,0.273435661590148,0.624186255532718,0.621638384209538,0.253900337485312,2.03796907385582,3.22097086776837,-0.1681973781122,1,0.001,2.2055783,126,0.03184624939017834,-0.16819737811219937,0.3518247601731289
A_MPMO,NASDAQ100,window_003,1,60,10,756,124,-0.480888875594865,-0.481888875594865,-0.736163108743485,-0.737194971732662,0.577989367316321,-2.01111952215953,-3.54720075013985,-0.486680561391191,1,0.001,2.2066354,124,0.07402842663827028,-0.4866805613911911,0.40726800530096235
A_MPMO,NASDAQ100,window_004,1,60,10,756,125,-0.120378109507447,-0.121378109507447,-0.227851567698601,-0.229620227918643,0.394584234452296,-0.460442278479418,-0.781386817371313,-0.326859901472384,1,0.001,2.3307518,125,0.04807618475953539,-0.3268599014723842,0.8313341078804843
A_MPMO,NASDAQ100,window_005,1,60,10,755,123,0.361781499351569,0.360781499351569,0.88259406530824,0.879762820532212,0.291693778104117,2.31617853652604,3.54202309517944,-0.180778463094231,1,0.001,2.2113977,123,0.03714317239113856,-0.18077846309423062,0.2631286870773213
A_MPMO,NASDAQ100,window_006,1,60,10,753,125,0.185091753943611,0.184091753943611,0.408263697523309,0.405869079028685,0.192983247433042,1.87044058259003,3.15364084298039,-0.0822002971896365,1,0.001,2.1889424,125,0.022594947617703885,-0.08220029718963617,0.8669944634257164
A_MPMO,NASDAQ100,window_007,1,60,10,752,124,0.335567561505374,0.334567561505374,0.800468228363465,0.797729615829046,0.178019842105636,3.39526500318525,6.06317654728979,-0.0678651125940353,1,0.001,1.9505295,124,0.019246321106406283,-0.06786511259403538,0.38001775627069057
A_MPMO,NASDAQ100,window_008,1,60,10,752,126,0.156060198052448,0.155060198052448,0.336475181521064,0.334164061124959,0.285981639288653,1.15622060030604,1.69043857476404,-0.134804135246737,1,0.001,2.0189921,126,0.04016870201922673,-0.13480413524673718,0.23119866362907152
A_MPMO,NASDAQ100,window_009,1,59,10,752,122,0.250008907660921,0.249008907660921,0.585554496386811,0.58293556794712,0.375204497252876,1.4140735361363,1.890729439746,-0.238824373123537,1,0.001,2.1770777,122,0.052742819756485974,-0.23882437312353655,0.4342498136097527
A_MPMO,NASDAQ100,window_010,1,60,10,750,126,-0.0919849844474308,-0.0929849844474308,-0.175508731531067,-0.177323761562173,0.187164934383201,-0.93735898548629,-1.24742559530376,-0.149473632071821,1,0.001,2.1868061,126,0.028809525141983486,-0.14947363207182085,0.4487436832083619
A_MPMO,NASDAQ100,window_011,1,60,10,751,123,0.0719029462945282,0.0709029462945282,0.152874219367449,0.150671752517431,0.318443116017893,0.604978357095861,0.965097769066591,-0.158961762364096,1,0.001,2.2029557,123,0.04315444714771161,-0.1589617623640952,0.6089133951643557
A_MPMO,NASDAQ100,window_001,2,60,10,755,124,0.263912881158376,0.262912881158376,0.609590788697478,0.60700376854812,0.394924765661738,1.40213404393844,2.21515298158392,-0.271992688653921,1,0.001,2.1570263,124,0.04846226742532583,-0.27199268865392057,1.0
A_MPMO,NASDAQ100,window_002,2,59,10,755,126,0.233082139170507,0.232082139170507,0.520491561941314,0.518026397662973,0.254804027858013,1.77217689849534,2.94270319767919,-0.177320847068793,1,0.001,2.0588848,126,0.031519796437665684,-0.17732084706879248,0.3198330172593188
A_MPMO,NASDAQ100,window_003,2,60,10,756,124,-0.481692079942024,-0.482692079942024,-0.736992067904037,-0.738022281274088,0.562327012329272,-2.08851301259119,-3.71918688229824,-0.488495247750867,1,0.001,2.189628,124,0.07196143250154785,-0.48849524775086706,0.49345859792815894
A_MPMO,NASDAQ100,window_004,2,60,10,756,125,-0.151387045503225,-0.152387045503225,-0.281744981836751,-0.28345027670141,0.393590864028023,-0.645695312307641,-1.05529895183678,-0.351081239937663,1,0.001,2.0460867,125,0.0490164193039233,-0.35108123993766294,0.7705597804832753
A_MPMO,NASDAQ100,window_005,2,60,10,755,123,0.346294323540725,0.345294323540725,0.838990739195839,0.836193267085246,0.291036805552985,2.24018973705825,3.40230203954181,-0.186457631803213,1,0.001,2.2449683,123,0.03729538752445383,-0.18645763180321306,0.2976774642667328
A_MPMO,NASDAQ100,window_006,2,60,10,753,125,0.210207177783818,0.209207177783818,0.469079181807184,0.466632972187859,0.195929926074098,2.06126753974877,3.63124279143179,-0.0778709755916717,1,0.001,2.2681885,125,0.021776435683507542,-0.07787097559167167,0.7739246106388642
A_MPMO,NASDAQ100,window_007,2,60,10,752,124,0.376900937418068,0.375900937418068,0.915517497003894,0.912691319341194,0.175334539055858,3.79882869918549,6.31529319543409,-0.0665667203441855,1,0.001,2.2123878,124,0.0197887944120676,-0.06656672034418543,0.2780532536019892
A_MPMO,NASDAQ100,window_008,2,60,10,752,126,0.149114586363361,0.148114586363361,0.320464332593037,0.318167103420311,0.287808343055686,1.10881301696691,1.62217817505419,-0.135402152184673,1,0.001,2.2052339,126,0.04042703680354094,-0.1354021521846731,0.2706657477431286
A_MPMO,NASDAQ100,window_009,2,59,10,752,122,0.221347465027906,0.220347465027906,0.511377131881934,0.508822167607522,0.390928597673647,1.24945629811318,1.67128326457853,-0.247942946233611,1,0.001,2.0447147,122,0.055569289798026146,-0.24794294623361113,0.5406953790343075
A_MPMO,NASDAQ100,window_010,2,60,10,750,126,-0.0553530182459848,-0.0563530182459848,-0.107642079863029,-0.109530373826537,0.192874549099926,-0.494198800753778,-0.653692189996581,-0.139389048025268,1,0.001,2.1895023,126,0.029343613732887668,-0.1393890480252683,0.427460086370214
A_MPMO,NASDAQ100,window_011,2,60,10,751,123,0.178784036598078,0.177784036598078,0.400725674641969,0.398292232452161,0.306156390385042,1.25367637835201,1.92879001184622,-0.159522609964149,1,0.001,2.1788737,123,0.04241156804566199,-0.1595226099641497,0.6592976548762188
A_MPMO,NASDAQ100,window_001,3,60,10,755,124,0.269430978744079,0.268430978744079,0.623904232484994,0.621305547927126,0.422534198068761,1.35768812437478,2.17532683312613,-0.287176496122548,1,0.001,2.1777034,124,0.05066630444289867,-0.2871764961225489,1.0
A_MPMO,NASDAQ100,window_002,3,59,10,755,126,0.215690009273901,0.214690009273901,0.477902198648378,0.47547181862983,0.263667030769637,1.61341917840806,2.58214596255157,-0.173731650225456,1,0.001,1.9457797,126,0.03316093847087246,-0.1737316502254559,0.38843644480074535
A_MPMO,NASDAQ100,window_003,3,60,10,756,124,-0.467284220374742,-0.468284220374742,-0.72192086830777,-0.722980684926698,0.544541903173217,-2.07290880855172,-3.65915295051155,-0.478896690629389,1,0.001,2.1082885,124,0.07044529005780474,-0.478896690629389,0.4606744351764347
A_MPMO,NASDAQ100,window_004,3,60,10,756,125,-0.0925149758988654,-0.0935149758988654,-0.177749085844117,-0.179574713668282,0.385413489777648,-0.317598584682879,-0.545035896043792,-0.297338168878716,1,0.001,2.2308102,125,0.046535849441648715,-0.2973381688787158,0.8048132528582017
A_MPMO,NASDAQ100,window_005,3,60,10,755,123,0.325782831229025,0.324782831229025,0.782046549610213,0.779293777411868,0.275168887381452,2.23855272169028,3.40337474567889,-0.174068088494037,1,0.001,2.2438476,123,0.03526443621925837,-0.17406808849403732,0.2763480877916426
A_MPMO,NASDAQ100,window_006,3,60,10,753,125,0.238336984530523,0.237336984530523,0.538732438099238,0.536228424992361,0.206090613707535,2.19446375805264,3.78032774938568,-0.0780648144161284,1,0.001,1.913907,125,0.023478407893429743,-0.07806481441612856,0.8660334257152292
A_MPMO,NASDAQ100,window_007,3,60,10,752,124,0.407299166016707,0.406299166016707,1.00244003525543,0.999549404368898,0.20111576512926,3.55673844456475,6.49736479820837,-0.0791311541088219,1,0.001,1.9262351,124,0.0214145165061894,-0.07913115410882177,0.2942436945528145
A_MPMO,NASDAQ100,window_008,3,60,10,752,126,0.146733219918163,0.145733219918163,0.314997077663878,0.312704611224041,0.296178358377643,1.07153587914885,1.58723360338574,-0.139126288778722,1,0.001,1.9633155,126,0.041347683587140596,-0.1391262887787218,0.14926791075514945
A_MPMO,NASDAQ100,window_009,3,59,10,752,122,0.2355903213382,0.2345903213382,0.548009254318172,0.545422516216762,0.366188353535959,1.37388486287745,1.89837861585281,-0.223936930106899,1,0.001,2.1095676,122,0.05019688603483054,-0.22393693010689886,0.41157659035842964
A_MPMO,NASDAQ100,window_010,3,60,10,750,126,-0.0726757438703367,-0.0736757438703367,-0.140069723993567,-0.141923372505826,0.194345780383738,-0.679434637125217,-0.914871654628721,-0.138776559049787,1,0.001,2.3776077,126,0.028865377629928024,-0.13877655904978736,0.42094854968248924
A_MPMO,NASDAQ100,window_011,3,60,10,751,123,0.136600245918066,0.135600245918066,0.299954238310353,0.297612084913558,0.33450948277106,0.950823628089429,1.47984239838515,-0.150694980893415,1,0.001,2.2471023,123,0.04552632141640673,-0.15069498089341415,0.6980807921214249
A_MPMO,NASDAQ100,window_001,4,60,10,755,124,0.25801693309055,0.25701693309055,0.594368358107342,0.591793799268115,0.39129305035245,1.38702404990759,2.19208809044845,-0.258814009994592,1,0.001,2.0952012,124,0.0476033734115352,-0.25881400999459214,1.0
A_MPMO,NASDAQ100,window_002,4,59,10,755,126,0.202016950963586,0.201016950963586,0.444844750403796,0.442441716501869,0.269695204691433,1.49932563001088,2.37702426552241,-0.17624736627141,1,0.001,2.0322075,126,0.03410462600512763,-0.17624736627141002,0.34941192010490774
A_MPMO,NASDAQ100,window_003,4,60,10,756,124,-0.45377566122684,-0.45477566122684,-0.707402781338337,-0.708490376957205,0.545754132758329,-1.97438018663648,-3.40992275793064,-0.47160695700248,1,0.001,2.4847667,124,0.07027115878051743,-0.47160695700247857,0.5859508714060223
A_MPMO,NASDAQ100,window_004,4,60,10,756,125,-0.108592795547673,-0.109592795547673,-0.206853343520572,-0.208646095945507,0.390937387277385,-0.400126000854573,-0.697582794965708,-0.319524015012307,1,0.001,2.1904992,125,0.047014383737763836,-0.3195240150123069,0.8301362570707587
A_MPMO,NASDAQ100,window_005,4,60,10,755,123,0.311105213422163,0.310105213422163,0.741861039784761,0.739140233279908,0.278965658831497,2.12995951741875,3.17730360583931,-0.170251220279673,1,0.001,1.9832886,123,0.03668072383345926,-0.17025122027967354,0.2916729157417413
A_MPMO,NASDAQ100,window_006,4,60,10,753,125,0.203336042316779,0.202336042316779,0.452312383728838,0.449880290246326,0.199288044349109,1.97211342131808,3.36534181820736,-0.0777756729855665,1,0.001,2.226594,125,0.022653716375565448,-0.07777567298556676,0.7788117809429881
A_MPMO,NASDAQ100,window_007,4,60,10,752,124,0.339390039162306,0.338390039162306,0.81095603071584,0.808209323856688,0.169430631462059,3.59298330554956,6.52381513633422,-0.0659490873424953,1,0.001,2.0233362,124,0.01775303290876603,-0.06594908734249516,0.31281835906762856
A_MPMO,NASDAQ100,window_008,4,60,10,752,126,0.153434700961929,0.152434700961929,0.330411609383135,0.328105739981212,0.29658889378795,1.10999267867167,1.62644745242584,-0.142190720392686,1,0.001,1.9504752,126,0.041584696859374014,-0.14219072039268565,0.28042245031606716
A_MPMO,NASDAQ100,window_009,4,59,10,752,122,0.230819452272162,0.229819452272162,0.535688338578089,0.533112246310607,0.37058950395635,1.34042807397398,1.82696995133047,-0.230501494504671,1,0.001,1.9728981,122,0.05102523489956902,-0.23050149450467183,0.37476994988084233
A_MPMO,NASDAQ100,window_010,4,60,10,750,126,-0.0802534030006125,-0.0812534030006125,-0.154066197308046,-0.155904690502045,0.189943044463002,-0.78593305803502,-1.05930424858582,-0.140811975350714,1,0.001,2.1040743,126,0.0283473066517776,-0.14081197535071488,0.37247454774661176
A_MPMO,NASDAQ100,window_011,4,60,10,751,123,0.070503935511679,0.069503935511679,0.149793546238221,0.147594095506462,0.306942216769296,0.607127573016866,0.985388311031083,-0.162786098552459,1,0.001,2.2411283,123,0.04007691198994362,-0.1627860985524585,0.6179009422408935
A_MPMO,NASDAQ100,window_001,5,60,10,755,124,0.255148569558619,0.254148569558619,0.586989250258863,0.584420753133976,0.40951695765241,1.33176497318841,2.17777395900587,-0.284887661667352,1,0.001,2.3041624,124,0.049912418197167525,-0.28488766166735235,1.0
A_MPMO,NASDAQ100,window_002,5,59,10,755,126,0.220801569251314,0.219801569251314,0.49035647148647,0.487915868347967,0.255777589017525,1.68830844836992,2.57216571786373,-0.173021171038607,1,0.001,2.0578057,126,0.034058085616273374,-0.1730211710386067,0.3606309253545411
A_MPMO,NASDAQ100,window_003,5,60,10,756,124,-0.45768334649415,-0.45868334649415,-0.711641076061139,-0.712720633611428,0.55063989593019,-1.97866369904101,-3.57891901108397,-0.474417977951222,1,0.001,2.2161767,124,0.06804174295113974,-0.4744179779512222,0.4866778694907638
A_MPMO,NASDAQ100,window_004,5,60,10,756,125,-0.149404801970764,-0.150404801970764,-0.27835863379668,-0.280067978191314,0.386799934623179,-0.651890180990111,-1.12203456201055,-0.325273723556773,1,0.001,1.9217378,125,0.04732551670221783,-0.32527372355677286,0.7906551096216083
A_MPMO,NASDAQ100,window_005,5,60,10,755,123,0.314239604826726,0.313239604826726,0.750403220284424,0.747675588995671,0.272704569102414,2.19052823697775,3.24910563746175,-0.173079585681995,1,0.001,1.812017,123,0.03547068755398416,-0.17307958568199566,0.3679033807241517
A_MPMO,NASDAQ100,window_006,5,60,10,753,125,0.212981063659876,0.211981063659876,0.47587544189003,0.473423533204926,0.204368750277855,2.00690850716025,3.54806174872758,-0.0799921054864217,1,0.001,2.3674747,125,0.02267112661292116,-0.07999210548642122,0.7630753129895785
A_MPMO,NASDAQ100,window_007,5,60,10,752,124,0.320887455000305,0.319887455000305,0.760477700438113,0.757770166939278,0.169012590764803,3.43386678243024,6.22083008003959,-0.064225729787705,1,0.001,1.9467056,124,0.018450292366814888,-0.06422572978770469,0.31580963868605155
A_MPMO,NASDAQ100,window_008,5,60,10,752,126,0.146091128886134,0.145091128886134,0.313524875711494,0.311233693453722,0.301719840539004,1.05354458861513,1.55660837024589,-0.141835178275239,1,0.001,2.2732964,126,0.04219464183964448,-0.1418351782752394,0.25611064655536875
A_MPMO,NASDAQ100,window_009,5,59,10,752,122,0.213346564311338,0.212346564311338,0.49099756335346,0.488460437331626,0.374847168264007,1.25076711235274,1.66022559199132,-0.243756051698437,1,0.001,1.9552138,122,0.05273401463510889,-0.24375605169843717,0.42212649848973816
A_MPMO,NASDAQ100,window_010,5,60,10,750,126,-0.0653576162894951,-0.0663576162894951,-0.126443614571945,-0.128311899339366,0.190426443578089,-0.614831847003237,-0.82278069430275,-0.138019465700201,1,0.001,2.3820217,126,0.028752390074123342,-0.13801946570020107,0.4333921786531888
A_MPMO,NASDAQ100,window_011,5,60,10,751,123,0.11562369108102,0.11462369108102,0.251276806069685,0.248979986320418,0.309187769834199,0.879076131472671,1.30781886578576,-0.147865589425224,1,0.001,2.1759257,123,0.04456686189458873,-0.14786558942522365,0.6499678442908711
A_MPMO,NASDAQ100,window_001,6,60,10,755,124,0.239395223526137,0.238395223526137,0.54677236593995,0.544237152374563,0.387572942140747,1.31854414450598,2.05252264389481,-0.265218119136737,1,0.001,2.2530124,124,0.04848037695743361,-0.2652181191367359,1.0
A_MPMO,NASDAQ100,window_002,6,59,10,755,126,0.243029421051526,0.242029421051526,0.545122141599692,0.542637082757589,0.272753314870125,1.7319756083207,2.74888864722181,-0.171170498490025,1,0.001,2.2750088,126,0.034375093701201696,-0.17117049849002486,0.38690262117123075
A_MPMO,NASDAQ100,window_003,6,60,10,756,124,-0.474285352506941,-0.475285352506941,-0.729297608183968,-0.730343036585722,0.564422427347192,-2.02779547206599,-3.59237231384638,-0.487384660290373,1,0.001,1.9594415,124,0.0724130740906173,-0.48738466029037253,0.4036789174319385
A_MPMO,NASDAQ100,window_004,6,60,10,756,125,-0.109990238407799,-0.110990238407799,-0.209358044845671,-0.211147940271125,0.36356259454518,-0.466126336346738,-0.780513769249353,-0.30050721510562,1,0.001,1.9705587,125,0.04498459293766723,-0.30050721510561995,0.7960129952362518
A_MPMO,NASDAQ100,window_005,6,60,10,755,123,0.377906891644184,0.376906891644184,0.928550243716378,0.925683814604904,0.292274168778494,2.39486126011212,3.68038266330663,-0.186827431110472,1,0.001,2.2545176,123,0.0372452365570892,-0.18682743111047173,0.27745304727005704
A_MPMO,NASDAQ100,window_006,6,60,10,753,125,0.226203170323156,0.225203170323156,0.508488029663842,0.506008952742641,0.192424509705573,2.23314689518952,3.78367157179574,-0.0783051132596461,1,0.001,2.3641622,125,0.02271233224149861,-0.07830511325964573,0.7852092223943522
A_MPMO,NASDAQ100,window_007,6,60,10,752,124,0.37302873137644,0.37202873137644,0.904585741026641,0.901767770308832,0.175685274169649,3.75876244219898,6.89866588714327,-0.0710021258258187,1,0.001,2.0052716,124,0.018571016754328314,-0.07100212582581855,0.32812146537551573
A_MPMO,NASDAQ100,window_008,6,60,10,752,126,0.145104973927461,0.144104973927461,0.311265401313411,0.308976191365556,0.29806764618408,1.05723008989179,1.54748370364273,-0.141833344732051,1,0.001,2.2906921,126,0.04173775000043418,-0.14183334473205134,0.24661906579254508
A_MPMO,NASDAQ100,window_009,6,59,10,752,122,0.245188751942021,0.244188751942021,0.572951414625917,0.570343250190584,0.366993462779063,1.41590775865974,1.9024731573634,-0.234627033935498,1,0.001,2.0121592,122,0.05189412232719829,-0.2346270339354979,0.5546310188984263
A_MPMO,NASDAQ100,window_010,6,60,10,750,126,-0.0689187863836461,-0.0699187863836461,-0.133087773650698,-0.13494893607793,0.184692821322432,-0.680994621055896,-0.908833999830217,-0.138624621592393,1,0.001,2.1805885,126,0.027928485843777887,-0.13862462159239297,0.4075640113583537
A_MPMO,NASDAQ100,window_011,6,60,10,751,123,0.15520277015513,0.15420277015513,0.343918529638692,0.341536139049192,0.311373339616909,1.10452457002862,1.74690553449349,-0.153789066412217,1,0.001,2.3732697,123,0.04194265672936919,-0.15378906641221735,0.5869976173809401
A_MPMO,NASDAQ100,window_001,7,60,10,755,124,0.245489738698073,0.244489738698073,0.562268932842808,0.559720844438022,0.391298366114261,1.3351253957238,2.09487870971644,-0.265208483570328,1,0.001,2.0213342,124,0.04822025102424984,-0.2652084835703281,1.0
A_MPMO,NASDAQ100,window_002,7,59,10,755,126,0.224337271354487,0.223337271354487,0.49900175402775,0.496554079485041,0.264580971836019,1.66248185007237,2.68234403837748,-0.168775977985495,1,0.001,2.1183894,126,0.0333906272509582,-0.16877597798549493,0.3880482887246109
A_MPMO,NASDAQ100,window_003,7,60,10,756,124,-0.493909446110351,-0.494909446110351,-0.749437866769753,-0.750442998392622,0.593025351564765,-2.03231166632132,-3.73555916074509,-0.491336417977256,1,0.001,2.1579588,124,0.07359727522574275,-0.49133641797725613,0.45166822904333626
A_MPMO,NASDAQ100,window_004,7,60,10,756,125,-0.114270371370733,-0.115270371370733,-0.21700468434418,-0.218785829706978,0.393988584508572,-0.42630686365282,-0.728376270329845,-0.326069211585164,1,0.001,2.1958856,125,0.04802126628796112,-0.32606921158516367,0.7996922644668403
A_MPMO,NASDAQ100,window_005,7,60,10,755,123,0.329813399733452,0.328813399733452,0.793163872875045,0.790402319660281,0.273596510004611,2.27267691837743,3.39834091376537,-0.164318641285153,1,0.001,2.292073,123,0.03563805864922998,-0.16431864128515405,0.2576225372586953
A_MPMO,NASDAQ100,window_006,7,60,10,753,125,0.221883643391661,0.220883643391661,0.497794322539572,0.495324121721267,0.216754647217668,1.97217405391491,3.5594219941888,-0.0885171720873922,1,0.001,1.9328175,125,0.023494459742821366,-0.0885171720873924,0.8317878128149865
A_MPMO,NASDAQ100,window_007,7,60,10,752,124,0.373248959368858,0.372248959368858,0.905206621827264,0.902388184367373,0.172156035648963,3.83424560736834,6.81384662774892,-0.0698565470000958,1,0.001,2.368128,124,0.01858094654392713,-0.06985654700009569,0.3874032836958252
A_MPMO,NASDAQ100,window_008,7,60,10,752,126,0.159335753379716,0.158335753379716,0.344059389064512,0.341741717557753,0.279320496554902,1.19756702152053,1.73999881261279,-0.131267157407111,1,0.001,2.1711384,126,0.03953561713400578,-0.13126715740711048,0.3274733703380534
A_MPMO,NASDAQ100,window_009,7,59,10,752,122,0.276410033646977,0.275410033646977,0.65550538048652,0.652827447015641,0.386889862456115,1.49446841735181,2.03109841929944,-0.244127644830498,1,0.001,1.9307544,122,0.05345922948983885,-0.24412764483049942,0.4940381936813341
A_MPMO,NASDAQ100,window_010,7,60,10,750,126,-0.030555268608157,-0.031555268608157,-0.0601769127765974,-0.0621148022393812,0.199946157755862,-0.210749352565799,-0.276097420817736,-0.150692357492944,1,0.001,2.2134825,126,0.030037466865337824,-0.1506923574929434,0.3963160136661408
A_MPMO,NASDAQ100,window_011,7,60,10,751,123,0.136822583124425,0.135822583124425,0.300475279959654,0.298132645836987,0.330578971695617,0.959669106032389,1.41644650799191,-0.155096316712412,1,0.001,2.4635509,123,0.04761391892819337,-0.15509631671241153,0.5517499462177942
A_MPMO,NASDAQ100,window_001,8,60,10,755,124,0.242146525257484,0.241146525257484,0.553758404521836,0.551217379004417,0.384680881920212,1.33711264278387,2.09358955532677,-0.255622067507293,1,0.001,1.9884973,124,0.04713326204715725,-0.255622067507294,1.0
A_MPMO,NASDAQ100,window_002,8,59,10,755,126,0.211202593512875,0.210202593512875,0.467011722532315,0.464590317345289,0.260667207316004,1.60074633988941,2.45112009000036,-0.178908917529391,1,0.001,2.1407346,126,0.03427638137757725,-0.17890891752939142,0.3049210456704979
A_MPMO,NASDAQ100,window_003,8,60,10,756,124,-0.459006904809069,-0.460006904809069,-0.713069493040386,-0.714146328468047,0.554287106379432,-1.97061966492344,-3.45261251882604,-0.473085629748967,1,0.001,2.0214351,124,0.07173501714141894,-0.47308562974896673,0.49480997343557415
A_MPMO,NASDAQ100,window_004,8,60,10,756,125,-0.127746803292925,-0.128746803292925,-0.24083632298398,-0.242589922324754,0.387830026725352,-0.518777404712065,-0.894767447103832,-0.322277860105819,1,0.001,2.0036327,125,0.04735498602170999,-0.32227786010581805,0.8175756931748388
A_MPMO,NASDAQ100,window_005,8,60,10,755,123,0.341424420854212,0.340424420854212,0.825387864075425,0.822601007785616,0.28602496267959,2.24840946658715,3.3872500394831,-0.181005344537209,1,0.001,2.056177,123,0.036924285055635254,-0.18100534453720862,0.2898890371988772
A_MPMO,NASDAQ100,window_006,8,60,10,753,125,0.232451432779357,0.231451432779357,0.524024487337556,0.521532570111188,0.20494525515567,2.15872471913926,3.70712425376007,-0.0797345599653349,1,0.001,2.0599752,125,0.02299617384776056,-0.07973455996533463,0.847137282883061
A_MPMO,NASDAQ100,window_007,8,60,10,752,124,0.325581449513033,0.324581449513033,0.773215136245962,0.770497666367325,0.17675329682526,3.33184596979183,5.96962072950503,-0.0683297609388644,1,0.001,2.3479777,124,0.01910065977954763,-0.06832976093886411,0.2479285528810249
A_MPMO,NASDAQ100,window_008,8,60,10,752,126,0.148125207125515,0.147125207125515,0.318191491237007,0.315896240822755,0.283967743725098,1.11376765965435,1.63853837041494,-0.12994188723735,1,0.001,2.2624123,126,0.03972401248062674,-0.12994188723735012,0.27393680895933153
A_MPMO,NASDAQ100,window_009,8,59,10,752,122,0.212900239509777,0.211900239509777,0.489864905664762,0.487328774510963,0.357656275929149,1.29157257350325,1.68734476402855,-0.233030534985613,1,0.001,2.2334291,122,0.05034114670679113,-0.23303053498561332,0.4243650808039255
A_MPMO,NASDAQ100,window_010,8,60,10,750,126,-0.0799146861327208,-0.0809146861327208,-0.15344301520575,-0.155282185833485,0.195881892913084,-0.752524304919815,-1.02150875879924,-0.14746417949356,1,0.001,2.2118581,126,0.028983777114373888,-0.1474641794935605,0.4012984638673839
A_MPMO,NASDAQ100,window_011,8,60,10,751,123,0.147028711413626,0.146028711413626,0.324508167533643,0.322143461328682,0.305312317317964,1.07257511633485,1.704605155622,-0.141474601870921,1,0.001,2.2531276,123,0.04115297589935489,-0.14147460187092153,0.6720737959867702
A_MPMO,NASDAQ100,window_001,9,60,10,755,124,0.227461303552022,0.226461303552022,0.51665513167448,0.514145122934054,0.373848295024299,1.30047565799417,2.00743396400517,-0.255778444742061,1,0.001,2.2973033,124,0.047075544428676376,-0.2557784447420598,1.0
A_MPMO,NASDAQ100,window_002,9,59,10,755,126,0.243005892537637,0.242005892537637,0.545063648883289,0.542578637098213,0.267707057499901,1.75933121275917,2.77342946197758,-0.17900752604328,1,0.001,1.9761597,126,0.03408519342231255,-0.17900752604327985,0.35524193770008045
A_MPMO,NASDAQ100,window_003,9,60,10,756,124,-0.479090922046931,-0.480090922046931,-0.734302700738866,-0.735338256659195,0.562112461887834,-2.07161048068695,-3.71395252314491,-0.486943407414531,1,0.001,2.0559313,124,0.07142057693176551,-0.48694340741453135,0.3849285701507474
A_MPMO,NASDAQ100,window_004,9,60,10,756,125,-0.155730261131978,-0.156730261131978,-0.289136613996493,-0.290833036625605,0.394002322866995,-0.671006089883503,-1.13575650774314,-0.349845187556149,1,0.001,1.9720485,125,0.04881615239513043,-0.349845187556149,0.8338519384876086
A_MPMO,NASDAQ100,window_005,9,60,10,755,123,0.331702556777315,0.330702556777315,0.798386826687166,0.795621157298257,0.280614729077683,2.23304060538411,3.36453329802308,-0.170558101150062,1,0.001,1.9005099,123,0.03619574575268385,-0.17055810115006242,0.3397224746941804
A_MPMO,NASDAQ100,window_006,9,60,10,753,125,0.212597628089354,0.211597628089354,0.474935050019939,0.472483929131858,0.203541572074916,2.01105464270917,3.33222580459423,-0.079152644421409,1,0.001,1.9224526,125,0.023462782824373616,-0.07915264442140935,0.8541169692447764
A_MPMO,NASDAQ100,window_007,9,60,10,752,124,0.347362054554694,0.346362054554694,0.832928557987942,0.830164967513815,0.171190260534777,3.62848548495317,6.35188293503021,-0.0665267155241137,1,0.001,1.9646312,124,0.01876500580058803,-0.0665267155241136,0.3134075137168861
A_MPMO,NASDAQ100,window_008,9,60,10,752,126,0.144217417438474,0.143217417438474,0.309233498369571,0.306946063534694,0.291119712811548,1.07004204818748,1.56929270171434,-0.136450027794643,1,0.001,2.0891422,126,0.04073994799413193,-0.13645002779464221,0.2690560332280023
A_MPMO,NASDAQ100,window_009,9,59,10,752,122,0.21586531074104,0.21486531074104,0.497397818842791,0.494855078028654,0.360384139508096,1.29809998496924,1.74208248181882,-0.230502430271707,1,0.001,1.9792245,122,0.05023339362840334,-0.2305024302717077,0.46993236981807607
A_MPMO,NASDAQ100,window_010,9,60,10,750,126,-0.0448556791874354,-0.0458556791874354,-0.0876993264195046,-0.0896086150611298,0.201785621499809,-0.35427784095434,-0.475922532544482,-0.143802545001612,1,0.001,2.2524375,126,0.030319621172206407,-0.14380254500161183,0.4265442257342192
A_MPMO,NASDAQ100,window_011,9,60,10,751,123,0.080476652947892,0.079476652947892,0.17184601922244,0.16962506418632,0.303418218959233,0.673322839533162,1.07892724590264,-0.153886437728742,1,0.001,2.2577147,123,0.04043465901944116,-0.15388643772874155,0.5859872232859089
A_MPMO,NASDAQ100,window_001,10,60,10,755,124,0.245044150654456,0.244044150654456,0.561133274155927,0.558586127137769,0.397574200811424,1.31842926217378,2.12959302174542,-0.276282993150008,1,0.001,1.9900254,124,0.04907852686696668,-0.2762829931500079,1.0
A_MPMO,NASDAQ100,window_002,10,59,10,755,126,0.248474546460354,0.247474546460354,0.558688693159386,0.556192744066466,0.253340902779186,1.87905868397013,3.0624866559256,-0.167995986554585,1,0.001,2.1830736,126,0.03154510606883567,-0.1679959865545846,0.34018808957556557
A_MPMO,NASDAQ100,window_003,10,60,10,756,124,-0.482043259669923,-0.483043259669923,-0.737354091931364,-0.738383584075273,0.564779489246059,-2.07976915250674,-3.84167774956513,-0.486316401832443,1,0.001,2.0125208,124,0.0705651903729873,-0.4863164018324426,0.5541300178577289
A_MPMO,NASDAQ100,window_004,10,60,10,756,125,-0.092412117025845,-0.093412117025845,-0.177561187828619,-0.179387026005436,0.38500270738128,-0.317869906147484,-0.547712841021461,-0.296681930931136,1,0.001,2.0875187,125,0.04633292003900722,-0.2966819309311365,0.828772480125088
A_MPMO,NASDAQ100,window_005,10,60,10,755,123,0.277894811644672,0.276894811644672,0.652666017062099,0.65001747319547,0.275538474796099,1.96188565427255,2.941442820499,-0.173495199605625,1,0.001,2.0481787,123,0.036416514575945115,-0.17349519960562565,0.2727547595941642
A_MPMO,NASDAQ100,window_006,10,60,10,753,125,0.217944272981646,0.216944272981646,0.488075183009258,0.485613076680558,0.199311231997545,2.09412502914678,3.57178512936032,-0.0828648586653726,1,0.001,2.2495422,125,0.022962599132551356,-0.08286485866537252,0.8467501002786657
A_MPMO,NASDAQ100,window_007,10,60,10,752,124,0.323053590334808,0.322053590334808,0.766349843058718,0.763637724364937,0.175062296073266,3.34020413970515,5.70677926678935,-0.0654921384645464,1,0.001,1.9457218,124,0.019453315729613483,-0.06549213846454627,0.24666252319586585
A_MPMO,NASDAQ100,window_008,10,60,10,752,126,0.137733233970442,0.136733233970442,0.29443691168084,0.292162445212899,0.284224713081326,1.04924037255492,1.53061689455323,-0.137353330850944,1,0.001,1.893741,126,0.04021128820384223,-0.13735333085094414,0.23587827734978906
A_MPMO,NASDAQ100,window_009,10,59,10,752,122,0.255409710806241,0.254409710806241,0.599737421171658,0.597106428835462,0.39728591260461,1.37881839145904,1.87876826396198,-0.248019063536742,1,0.001,2.1916199,122,0.05456375223631761,-0.24801906353674164,0.5667252323566344
A_MPMO,NASDAQ100,window_010,10,60,10,750,126,-0.128996292969889,-0.129996292969889,-0.241352542339804,-0.243093549753865,0.20274277416599,-1.26046618656735,-1.66354274369721,-0.168993932022601,1,0.001,2.2406875,126,0.032114636980645,-0.16899393202260127,0.40783681826417345
A_MPMO,NASDAQ100,window_011,10,60,10,751,123,0.185995909398376,0.184995909398376,0.418339495070777,0.415890429738312,0.319592001922637,1.2527742664777,2.00556358260994,-0.137981965410495,1,0.001,2.2713739,123,0.041698640376573025,-0.13798196541049623,0.6452291740602905
ECMADE_MOO,NASDAQ100,window_001,1,60,10,755,124,0.269568621305359,0.268568621305359,0.624262087597513,0.62166311206352,0.38979532742218,1.43872118014309,2.25384386412982,-0.257343796182958,1,0.001,4.2401829,124,0.048047862077277625,-0.257343796182958,1.0
ECMADE_MOO,NASDAQ100,window_002,1,59,10,755,126,0.272568387402947,0.271568387402947,0.619430300617337,0.616886163842531,0.256432819695854,2.00876978318701,3.18970499119688,-0.159296647527937,1,0.001,4.9307725,126,0.032250729426560314,-0.1592966475279376,0.4357888602746601
ECMADE_MOO,NASDAQ100,window_003,1,60,10,756,124,-0.435597637295878,-0.436597637295878,-0.687273717324675,-0.688398729160652,0.521095669792211,-1.96562747399841,-3.3341993029603,-0.453702428432081,1,0.001,4.2662534,124,0.06937899454291874,-0.4537024284320814,0.5771300397676048
ECMADE_MOO,NASDAQ100,window_004,1,60,10,756,125,-0.167539489465952,-0.168539489465952,-0.309039691812229,-0.31071199448683,0.364719318073118,-0.832829834879108,-1.46938841808669,-0.356420504934644,1,0.001,4.5148845,125,0.04464897126044446,-0.3564205049346435,0.7434816975812455
ECMADE_MOO,NASDAQ100,window_005,1,60,10,755,123,0.387628611159834,0.386628611159834,0.956530624548003,0.953642973684867,0.288223061120985,2.47462361271263,3.87646972136448,-0.17393726883103,1,0.001,4.5909662,123,0.036524029198032555,-0.17393726883102956,0.4291848757418973
ECMADE_MOO,NASDAQ100,window_006,1,60,10,753,125,0.233768417462757,0.232768417462757,0.527309439687553,0.524814815898002,0.206064479374776,2.15843887505033,3.85594201236429,-0.0748456500417641,1,0.001,4.2411026,125,0.022662142767680273,-0.0748456500417638,0.9004064910581793
ECMADE_MOO,NASDAQ100,window_007,1,60,10,752,124,0.361197059070416,0.360197059070416,0.871380227596925,0.868587328874087,0.171437023642628,3.74484045247917,6.74784805855669,-0.0676882711889573,1,0.001,3.7373566,124,0.018603974006912345,-0.06768827118895715,0.2352396861417943
ECMADE_MOO,NASDAQ100,window_008,1,60,10,752,126,0.164764727577226,0.163764727577226,0.35667687060805,0.354348341152896,0.31081293712186,1.13576216687223,1.68153254271205,-0.143139339028052,1,0.001,3.6943825,126,0.043569919118085325,-0.14313933902805231,0.2708061859812457
ECMADE_MOO,NASDAQ100,window_009,1,59,10,752,122,0.186224424576164,0.185224424576164,0.422974523798039,0.420497809727588,0.354489429894606,1.17006899406504,1.50147623119967,-0.232061130571225,1,0.001,3.6737566,122,0.051984221772666754,-0.23206113057122502,0.47659624473585543
ECMADE_MOO,NASDAQ100,window_010,1,60,10,750,126,-0.0596835978826684,-0.0606835978826684,-0.115805063909117,-0.117684696713351,0.205164013242199,-0.497569102892226,-0.660281525949109,-0.15212570263165,1,0.001,3.8150878,126,0.030551513975440914,-0.15212570263164948,0.5247723909821204
ECMADE_MOO,NASDAQ100,window_011,1,60,10,751,123,0.0328778848768525,0.0318778848768525,0.0685215207642087,0.0664031148457374,0.319796683105041,0.366490362846816,0.529052896284775,-0.177979089577342,1,0.001,4.5231751,123,0.046144601802537114,-0.17797908957734254,0.725160221257034
ECMADE_MOO,NASDAQ100,window_001,2,60,10,755,124,0.247482406520254,0.246482406520254,0.56735272616869,0.564800427754007,0.372911222034743,1.39107017803146,2.16711242889976,-0.254857660919362,1,0.001,3.8478542,124,0.0461083215831679,-0.2548576609193618,1.0
ECMADE_MOO,NASDAQ100,window_002,2,59,10,755,126,0.196966887470383,0.195966887470383,0.432729729700536,0.430336795925595,0.273666854901559,1.45063239579554,2.26513385987252,-0.185311003446367,1,0.001,4.5939243,126,0.035069341531532315,-0.18531100344636653,0.43435383839492986
ECMADE_MOO,NASDAQ100,window_003,2,60,10,756,124,-0.477584348225881,-0.478584348225881,-0.732738680691123,-0.733777331376249,0.568007989538595,-2.0341449742089,-3.62323749052664,-0.485672269823512,1,0.001,4.2617,124,0.07149914568080441,-0.4856722698235123,0.46124724819866736
ECMADE_MOO,NASDAQ100,window_004,2,60,10,756,125,-0.19641478985959,-0.19741478985959,-0.356506179047401,-0.358119528114012,0.384338966354853,-0.955983450102386,-1.64892287209794,-0.38923734397163,1,0.001,4.46916,125,0.047962759143388885,-0.3892373439716298,0.7209760889110463
ECMADE_MOO,NASDAQ100,window_005,2,60,10,755,123,0.360073515489612,0.359073515489612,0.877759663739732,0.874932144463472,0.277128137124393,2.41382121846124,3.71162666886219,-0.164776296980782,1,0.001,4.2107207,123,0.03502337654820219,-0.164776296980782,0.45018049000805294
ECMADE_MOO,NASDAQ100,window_006,2,60,10,753,125,0.170620973593963,0.169620973593963,0.373811864500037,0.371446963395898,0.182487010304872,1.83154573274627,3.52707253570886,-0.0757909488393376,1,0.001,4.328598,125,0.0194499396543107,-0.07579094883933757,0.7817269723992305
ECMADE_MOO,NASDAQ100,window_007,2,60,10,752,124,0.312205401066717,0.311205401066717,0.737041331813693,0.73435217372549,0.153399696089941,3.6794757145493,6.79950555429561,-0.060765732281187,1,0.001,3.5070684,124,0.015966480611269228,-0.06076573228118709,0.4957397899698
ECMADE_MOO,NASDAQ100,window_008,2,60,10,752,126,0.124278431497315,0.123278431497315,0.264001991530064,0.261754434667069,0.267880450418379,1.00788691830838,1.43300401441228,-0.132450328260464,1,0.001,3.8726634,126,0.03794881984049325,-0.13245032826046388,0.28883834460607194
ECMADE_MOO,NASDAQ100,window_009,2,59,10,752,122,0.228071954813978,0.227071954813978,0.528615887534601,0.526045924872575,0.382050270194608,1.29920128409183,1.77965471444353,-0.244705071497694,1,0.001,4.007872,122,0.05256085465317604,-0.24470507149769394,0.4484788265815215
ECMADE_MOO,NASDAQ100,window_010,2,60,10,750,126,-0.009356420331672,-0.0103564203316721,-0.0186252980619211,-0.0206055852212579,0.201680144080752,0.0072936268669434,0.0097524904251181,-0.144579821574235,1,0.001,3.7931187,126,0.030316864241328758,-0.14457982157423466,0.48926842216178007
ECMADE_MOO,NASDAQ100,window_011,2,60,10,751,123,0.180532777606614,0.179532777606614,0.404986340722439,0.402549110647115,0.340056951420248,1.1692981291176,1.87910682157498,-0.149108394059229,1,0.001,4.5073307,123,0.045051453061962274,-0.1491083940592275,0.46117897696011456
ECMADE_MOO,NASDAQ100,window_001,3,60,10,755,124,0.198963612858969,0.197963612858969,0.44595286153423,0.443503008712262,0.374866444966525,1.17030087528923,1.7782972262451,-0.252536438896403,1,0.001,4.2760388,124,0.047110522869300245,-0.25253643889640276,1.0
ECMADE_MOO,NASDAQ100,window_002,3,59,10,755,126,0.239023349730932,0.238023349730932,0.53517886117846,0.532701814478998,0.267133883630946,1.73850271035303,2.73342350293872,-0.174966062522095,1,0.001,4.4595595,126,0.033871629350222546,-0.17496606252209468,0.4422347159889991
ECMADE_MOO,NASDAQ100,window_003,3,60,10,756,124,-0.464089308266129,-0.465089308266129,-0.718521071604042,-0.719587456207798,0.561474893150789,-1.97239481048122,-3.47509386817799,-0.473512222160726,1,0.001,4.2959363,124,0.07160140791636574,-0.4735122221607254,0.3612734993112941
ECMADE_MOO,NASDAQ100,window_004,3,60,10,756,125,-0.164587135101449,-0.165587135101449,-0.304090546278669,-0.305768878527932,0.425702021581388,-0.641244964733993,-1.09465994997937,-0.393159059390847,1,0.001,4.6802623,125,0.051741054203871664,-0.39315905939084717,0.7798370484065638
ECMADE_MOO,NASDAQ100,window_005,3,60,10,755,123,0.381656263726196,0.380656263726196,0.939316986458936,0.936442373624839,0.278888096555404,2.51625828560692,3.88428181023984,-0.148917588397694,1,0.001,4.5355643,123,0.035135539514241795,-0.1489175883976951,0.31090663495817744
ECMADE_MOO,NASDAQ100,window_006,3,60,10,753,125,0.20430994964309,0.20330994964309,0.454682992015368,0.452248897805163,0.188847057249239,2.07933793788521,3.51626442814214,-0.0767544198219862,1,0.001,4.2987821,125,0.02143690184920861,-0.07675441982198561,0.8150077275666902
ECMADE_MOO,NASDAQ100,window_007,3,60,10,752,124,0.389403323946883,0.388403323946883,0.951030383105714,0.948177702192483,0.185259683456914,3.7043036577172,6.06262367743528,-0.0689911161026343,1,0.001,3.4717758,124,0.021287490506919655,-0.06899111610263431,0.2958770202279779
ECMADE_MOO,NASDAQ100,window_008,3,60,10,752,126,0.13549795653841,0.13449795653841,0.289355609302904,0.287085613389827,0.240266600792994,1.17767794733499,1.64490852885689,-0.116706219253754,1,0.001,3.8544961,126,0.03462556782653884,-0.1167062192537539,0.25315932261960916
ECMADE_MOO,NASDAQ100,window_009,3,59,10,752,122,0.238075548609714,0.237075548609714,0.554447551960749,0.551855267193462,0.371210172330177,1.37155415288688,1.87590217159456,-0.238051599250187,1,0.001,4.16621,122,0.05011461280107148,-0.23805159925018693,0.460766429848116
ECMADE_MOO,NASDAQ100,window_010,3,60,10,750,126,-0.0110901046601024,-0.0120901046601024,-0.0220572188988328,-0.0240340386895126,0.198714427802925,-0.0132295739594701,-0.0172716581326671,-0.145406555863533,1,0.001,4.2367946,126,0.029370495829976945,-0.14540655586353324,0.38802038496664326
ECMADE_MOO,NASDAQ100,window_011,3,60,10,751,123,0.0201065307006096,0.0191065307006096,0.0416283435901614,0.0395374141114766,0.272373263971541,0.284960601075495,0.452448138161192,-0.173316317572596,1,0.001,4.3695443,123,0.037197189282695185,-0.17331631757259547,0.5309848800519177
ECMADE_MOO,NASDAQ100,window_001,4,60,10,755,124,0.21762240882102,0.21662240882102,0.492051234413472,0.489561999793501,0.400620667134365,1.19808504135707,1.87771742630675,-0.26874326040385,1,0.001,4.1639703,124,0.049148160334494574,-0.26874326040385044,1.0
ECMADE_MOO,NASDAQ100,window_002,4,59,10,755,126,0.235077359787194,0.234077359787194,0.525416084658906,0.522946929939331,0.263163939640906,1.73646480503963,2.70267115061874,-0.180565817055735,1,0.001,4.3118751,126,0.034317248117893204,-0.18056581705573416,0.22706410622158912
ECMADE_MOO,NASDAQ100,window_003,4,60,10,756,124,-0.449446086026659,-0.450446086026659,-0.702670217007455,-0.703766720686084,0.542012891579225,-1.96227912257729,-3.44577369254221,-0.462227573452503,1,0.001,4.2372058,124,0.0698697336839641,-0.46222757345250287,0.5652246384224413
ECMADE_MOO,NASDAQ100,window_004,4,60,10,756,125,-0.164947594495917,-0.165947594495917,-0.304695752315197,-0.30637334838221,0.391562192284748,-0.73388248425077,-1.25614401466403,-0.382903911834943,1,0.001,4.4596826,125,0.04902279055484754,-0.3829039118349423,0.7652628602769647
ECMADE_MOO,NASDAQ100,window_005,4,60,10,755,123,0.380290317271814,0.379290317271814,0.93539096480472,0.932519333536001,0.28811738867922,2.43771762615006,3.78369488042732,-0.174447068473763,1,0.001,3.9949271,123,0.036589758083096224,-0.1744470684737629,0.36614667373752485
ECMADE_MOO,NASDAQ100,window_006,4,60,10,753,125,0.223251239544885,0.222251239544885,0.501175886370798,0.498702875362852,0.191948806903179,2.21284004985707,3.75960078403404,-0.0820612898567088,1,0.001,4.4529176,125,0.021931733779973785,-0.08206128985670891,0.7617167106470341
ECMADE_MOO,NASDAQ100,window_007,4,60,10,752,124,0.302116932231289,0.301116932231289,0.710008855049672,0.707341044094469,0.182541699607337,3.03275667561716,4.85912642709441,-0.0634745272607925,1,0.001,3.9684209,124,0.021221372288371145,-0.06347452726079239,0.3368632392749873
ECMADE_MOO,NASDAQ100,window_008,4,60,10,752,126,0.16046872001131,0.15946872001131,0.346687650124688,0.344367712684666,0.255564555577149,1.29224359463551,1.796140809651,-0.122024213314969,1,0.001,3.9310491,126,0.03735758439816179,-0.12202421331496816,0.4002021922936528
ECMADE_MOO,NASDAQ100,window_009,4,59,10,752,122,0.241439675744161,0.240439675744161,0.563184713145996,0.560584918972804,0.36144417580454,1.41493559890259,1.92694324820634,-0.228977417761397,1,0.001,4.1500221,122,0.04967496755740048,-0.22897741776139702,0.4345090999901184
ECMADE_MOO,NASDAQ100,window_010,4,60,10,750,126,-0.0723042015137391,-0.0733042015137391,-0.139380505470939,-0.141234897067911,0.199865707099116,-0.651155585995423,-0.843085780819235,-0.15745971432501,1,0.001,4.0620985,126,0.030977213386686218,-0.15745971432501038,0.32178165948337234
ECMADE_MOO,NASDAQ100,window_011,4,60,10,751,123,0.130711370185534,0.129711370185534,0.286192709554229,0.283863287103239,0.310873055867652,0.964424666688725,1.49516481992506,-0.137187784698157,1,0.001,4.2819837,123,0.04222933788838168,-0.13718778469815762,0.6069217918664381
ECMADE_MOO,NASDAQ100,window_001,5,60,10,755,124,0.21579736099813,0.21479736099813,0.487509851607712,0.48502446985102,0.3688661065164,1.26005802907108,1.9314106544595,-0.241890132583812,1,0.001,4.2903219,124,0.045514931079623976,-0.24189013258381276,1.0
ECMADE_MOO,NASDAQ100,window_002,5,59,10,755,126,0.20431769010234,0.20331769010234,0.450381098693435,0.447973463313231,0.266978663967759,1.52610564156934,2.40741127076206,-0.177721161603681,1,0.001,4.4060503,126,0.0349582901604682,-0.17772116160368068,0.3981080157996824
ECMADE_MOO,NASDAQ100,window_003,5,60,10,756,124,-0.462078827728909,-0.463078827728909,-0.716370903931424,-0.717441422257033,0.555261722377092,-1.98704990423585,-3.50779584581939,-0.475274865502759,1,0.001,4.2175565,124,0.07001255143169215,-0.4752748655027589,0.5903135664364542
ECMADE_MOO,NASDAQ100,window_004,5,60,10,756,125,-0.189030894486959,-0.190030894486959,-0.344530197631291,-0.346158618937981,0.397074911736692,-0.867114983604586,-1.55404356963132,-0.359725107561086,1,0.001,4.6677867,125,0.0469108524640839,-0.35972510756108567,0.7121155881272048
ECMADE_MOO,NASDAQ100,window_005,5,60,10,755,123,0.343120825507903,0.342120825507903,0.830120485350764,0.827329931309456,0.271466120364478,2.36356630829491,3.64660616710144,-0.157527441054313,1,0.001,4.1938559,123,0.034179287427666655,-0.15752744105431282,0.578396301997338
ECMADE_MOO,NASDAQ100,window_006,5,60,10,753,125,0.209117230317604,0.208117230317604,0.466413042540287,0.463969072206907,0.203906410190844,1.97940698375317,3.50781369654196,-0.0824950138895278,1,0.001,4.523857,125,0.022438906080778396,-0.08249501388952796,0.8405763368275487
ECMADE_MOO,NASDAQ100,window_007,5,60,10,752,124,0.355311867192469,0.354311867192469,0.85497393892208,0.852193508644768,0.181537265945222,3.49759381113912,6.17728437385993,-0.0711939158595705,1,0.001,3.8967991,124,0.019907149698360514,-0.07119391585957036,0.2965923378645118
ECMADE_MOO,NASDAQ100,window_008,5,60,10,752,126,0.144640361072356,0.143640361072356,0.310201556195854,0.30791327547371,0.268346683011944,1.14012689073149,1.66013271706297,-0.126840747370589,1,0.001,3.7874959,126,0.03795466065336895,-0.12684074737058848,0.23545718963846762
ECMADE_MOO,NASDAQ100,window_009,5,59,10,752,122,0.249561827086443,0.248561827086443,0.584383348306684,0.581765418367984,0.376333043281245,1.40887512779005,1.90166857525933,-0.240259534128231,1,0.001,3.887818,122,0.05238033484857224,-0.24025953412823042,0.46482465762185854
ECMADE_MOO,NASDAQ100,window_010,5,60,10,750,126,-0.0271135716508552,-0.0281135716508552,-0.0534919975340442,-0.0554367703907426,0.180062337708183,-0.215576752051284,-0.289115167510987,-0.126153431597737,1,0.001,4.2607676,126,0.02686620033368367,-0.12615343159773706,0.4458271639297923
ECMADE_MOO,NASDAQ100,window_011,5,60,10,751,123,0.0556725664216302,0.0546725664216302,0.117393753272564,0.11522626551651,0.299205780737357,0.519508222094506,0.83191722034091,-0.154511950334088,1,0.001,4.3853532,123,0.040514161823304196,-0.15451195033408782,0.48741587065831643
ECMADE_MOO,NASDAQ100,window_001,6,60,10,755,124,0.286658763059789,0.285658763059789,0.669005782104746,0.666370670165544,0.412400739410027,1.44769995546559,2.36747421566626,-0.285216783299069,1,0.001,4.1558738,124,0.05002442735451003,-0.28521678329906885,1.0
ECMADE_MOO,NASDAQ100,window_002,6,59,10,755,126,0.260290866496778,0.259290866496778,0.588333068175199,0.585813486442206,0.260330285729545,1.90805795836862,3.01154729365092,-0.173037489055798,1,0.001,4.5093747,126,0.033356205827071744,-0.17303748905579897,0.4011386740027682
ECMADE_MOO,NASDAQ100,window_003,6,60,10,756,124,-0.464202729277051,-0.465202729277051,-0.718642125395002,-0.719708276810254,0.548003265333591,-2.03532802166475,-3.6274434072269,-0.475493883718883,1,0.001,4.3607239,124,0.06913182144558623,-0.4754938837188831,0.37050022474034133
ECMADE_MOO,NASDAQ100,window_004,6,60,10,756,125,-0.167396841054129,-0.168396841054129,-0.308800974051792,-0.310473568048482,0.41062809481489,-0.695577654588459,-1.13715813527123,-0.383335562701083,1,0.001,3.9420742,125,0.05161721364913387,-0.38333556270108227,0.8066682735059675
ECMADE_MOO,NASDAQ100,window_005,6,60,10,755,123,0.354436395288928,0.353436395288928,0.861849103719009,0.859033878657427,0.291462346070531,2.27954078500705,3.58879265030227,-0.186209520629335,1,0.001,4.1093242,123,0.036627247806068096,-0.18620952062933516,0.2733265163223987
ECMADE_MOO,NASDAQ100,window_006,6,60,10,753,125,0.208092409618279,0.207092409618279,0.463908437283643,0.46146657240446,0.208040455333696,1.93613489172987,3.09298429893128,-0.0984534771261735,1,0.001,4.3734426,125,0.025508962956138973,-0.09845347712617336,0.8942319857624285
ECMADE_MOO,NASDAQ100,window_007,6,60,10,752,124,0.416328786304915,0.415328786304915,1.02863738610573,1.02572760105643,0.177348242222311,4.08187973824707,7.37830802439123,-0.0719537323610807,1,0.001,3.4828042,124,0.01903790516264766,-0.07195373236108105,0.4958787333916965
ECMADE_MOO,NASDAQ100,window_008,6,60,10,752,126,0.137010763784497,0.136010763784497,0.292793476961805,0.290520455434236,0.260374408193054,1.11613705778083,1.58463936054018,-0.135937669002085,1,0.001,3.9564721,126,0.0380515336651278,-0.13593766900208493,0.218672988937546
ECMADE_MOO,NASDAQ100,window_009,6,59,10,752,122,0.183840820800915,0.182840820800915,0.417074688876398,0.414603279752916,0.361968838110963,1.14197842147071,1.44917931426622,-0.238663730442429,1,0.001,4.0047702,122,0.052117561508048686,-0.23866373044242906,0.3395426949135796
ECMADE_MOO,NASDAQ100,window_010,6,60,10,750,126,-0.0431203987372173,-0.0441203987372173,-0.084381428687178,-0.0862941878897036,0.187636384626972,-0.376294647052738,-0.498892950235492,-0.13473510951856,1,0.001,4.0686801,126,0.028130906017581513,-0.1347351095185596,0.47766074751227056
ECMADE_MOO,NASDAQ100,window_011,6,60,10,751,123,0.195844918295651,0.194844918295651,0.442576132117161,0.44010572330621,0.307118817184924,1.34656888599869,2.06877656689001,-0.149736446853606,1,0.001,4.6616875,123,0.04165546093398768,-0.1497364468536052,0.6473116762060097
ECMADE_MOO,NASDAQ100,window_001,7,60,10,755,124,0.241251799202375,0.240251799202375,0.551484783294842,0.548945647875622,0.378845230037761,1.34824353737138,2.10458966849375,-0.256116204181002,1,0.001,4.3584113,124,0.047661930746277045,-0.2561162041810011,1.0
ECMADE_MOO,NASDAQ100,window_002,7,59,10,755,126,0.244875530424161,0.243875530424161,0.549715086248837,0.547226335187989,0.268023108251371,1.7687659175125,2.8146046466175,-0.179443440358626,1,0.001,4.5155422,126,0.034301988981866184,-0.17944344035862592,0.31576284855307307
ECMADE_MOO,NASDAQ100,window_003,7,60,10,756,124,-0.444261684286093,-0.445261684286093,-0.696952509506902,-0.698059683017471,0.514695246864481,-2.0579576590715,-3.71634861859809,-0.453343952440791,1,0.001,4.5001122,124,0.0642375528136723,-0.45334395244078995,0.5638515513105004
ECMADE_MOO,NASDAQ100,window_004,7,60,10,756,125,-0.119694674454643,-0.120694674454643,-0.226641627447341,-0.228411684643467,0.37047757922082,-0.510416492113917,-0.863895415914077,-0.306772356175862,1,0.001,4.4887728,125,0.0456386795457044,-0.3067723561758626,0.7716587453654992
ECMADE_MOO,NASDAQ100,window_005,7,60,10,755,123,0.30444336059346,0.30344336059346,0.723776485552882,0.721070181834922,0.265197520853163,2.18711195153206,3.24107625902713,-0.151734627663201,1,0.001,4.3574532,123,0.03495284552370567,-0.151734627663201,0.3668171914001257
ECMADE_MOO,NASDAQ100,window_006,7,60,10,753,125,0.229380463283185,0.228380463283185,0.516378420586221,0.513892814394546,0.193714789576227,2.24648803281994,3.75286023116566,-0.0726697254486874,1,0.001,4.1230729,125,0.022258278749772344,-0.07266972544868766,0.8520990336807615
ECMADE_MOO,NASDAQ100,window_007,7,60,10,752,124,0.28333415408389,0.28233415408389,0.660253237574663,0.657625156605096,0.167687536920119,3.1095282704547,5.04851182580665,-0.0581339537985287,1,0.001,3.5933032,124,0.019326835655936216,-0.05813395379852826,0.3036581603772462
ECMADE_MOO,NASDAQ100,window_008,7,60,10,752,126,0.148369633728799,0.147369633728799,0.318752815670416,0.316457076402959,0.284397528199921,1.11440907412281,1.61166840367804,-0.137053081164853,1,0.001,4.2910124,126,0.0400639962669258,-0.13705308116485315,0.3653256314742363
ECMADE_MOO,NASDAQ100,window_009,7,59,10,752,122,0.227036072955249,0.226036072955249,0.525953751293973,0.523386099427825,0.362036632986459,1.3462273841038,1.76514886365497,-0.235638754314222,1,0.001,4.3385716,122,0.050977027896881855,-0.23563875431422232,0.4693731678089643
ECMADE_MOO,NASDAQ100,window_010,7,60,10,750,126,-0.0154435269978598,-0.0164435269978598,-0.0306485514695859,-0.0326166644155902,0.190000522592864,-0.0692322995752102,-0.0922039594507569,-0.131394614113353,1,0.001,4.1838722,126,0.027621671607748383,-0.1313946141133534,0.37027650631830417
ECMADE_MOO,NASDAQ100,window_011,7,60,10,751,123,0.144262130114794,0.143262130114794,0.317971301360394,0.315612579198497,0.292270047759192,1.09049990627993,1.65155878439147,-0.138106798404458,1,0.001,4.7422809,123,0.0413033942234679,-0.13810679840445872,0.5620471968162545
ECMADE_MOO,NASDAQ100,window_001,8,60,10,755,124,0.250935537849194,0.249935537849194,0.576182392900765,0.573622798367502,0.38278019034455,1.37949507837266,2.17671663910232,-0.258904407629207,1,0.001,4.5313439,124,0.04726240313063842,-0.25890440762920697,1.0
ECMADE_MOO,NASDAQ100,window_002,8,59,10,755,126,0.258978326948944,0.257978326948944,0.585026427727161,0.582509471073263,0.269667854127894,1.8433367679565,2.96332141854814,-0.17569918261798,1,0.001,4.4726142,126,0.03412406222214236,-0.17569918261798034,0.31851176773113654
ECMADE_MOO,NASDAQ100,window_003,8,60,10,756,124,-0.448289377372404,-0.449289377372404,-0.701399314909361,-0.702498198888662,0.534764670158351,-1.98889015278084,-3.69430858610436,-0.455946513674445,1,0.001,4.3328242,124,0.0636726062137208,-0.4559465136744447,0.5456613879250451
ECMADE_MOO,NASDAQ100,window_004,8,60,10,756,125,-0.124034306471317,-0.125034306471317,-0.234308212595642,-0.236069399658191,0.390819897345849,-0.490302328306553,-0.869633972424376,-0.313337253341395,1,0.001,4.1458809,125,0.046617621219895204,-0.3133372533413956,0.7152658733235819
ECMADE_MOO,NASDAQ100,window_005,8,60,10,755,123,0.30397262756934,0.30297262756934,0.722502267861781,0.719796988788401,0.273170324421509,2.12827434168645,3.26095913375679,-0.168299296461937,1,0.001,4.5295662,123,0.03463962480805242,-0.1682992964619371,0.3661900102137462
ECMADE_MOO,NASDAQ100,window_006,8,60,10,753,125,0.217591400083409,0.216591400083409,0.487206137812424,0.484744756534994,0.194584444785845,2.13733156094755,3.79488591108592,-0.0694894726145471,1,0.001,4.2553713,125,0.021486071138851256,-0.0694894726145473,0.865382473797979
ECMADE_MOO,NASDAQ100,window_007,8,60,10,752,124,0.420988048430042,0.419988048430042,1.04222280801884,1.03930313792514,0.172150921011487,4.23886123478223,7.20316710947418,-0.0688670912175695,1,0.001,3.7080735,124,0.019062491516669274,-0.0688670912175694,0.2485100134963133
ECMADE_MOO,NASDAQ100,window_008,8,60,10,752,126,0.149832226574771,0.148832226574771,0.322114149269896,0.319815484816747,0.255892315216882,1.21882962742658,1.71283095285657,-0.135141409347389,1,0.001,3.8876605,126,0.03684375193127793,-0.13514140934738872,0.21604652069855684
ECMADE_MOO,NASDAQ100,window_009,8,59,10,752,122,0.213986021306639,0.212986021306639,0.492621114785697,0.490082563357983,0.352539698721927,1.31032333525577,1.73947511242926,-0.229130789868861,1,0.001,4.0065632,122,0.04981227460417519,-0.22913078986886126,0.4882305910423034
ECMADE_MOO,NASDAQ100,window_010,8,60,10,750,126,-0.0620382650617374,-0.0630382650617374,-0.120227783791604,-0.122102707261481,0.200872327901483,-0.537383376693043,-0.707738670622958,-0.151305809096248,1,0.001,4.1575876,126,0.030506061046733268,-0.15130580909624802,0.5598209733873473
ECMADE_MOO,NASDAQ100,window_011,8,60,10,751,123,0.11788816233119,0.11688816233119,0.256485873004026,0.254184161363712,0.301539029645685,0.907472076678802,1.37434011781757,-0.160952125315951,1,0.001,4.1781729,123,0.04169252992689979,-0.16095212531595127,0.5777825404000568
ECMADE_MOO,NASDAQ100,window_001,9,60,10,755,124,0.227015808842812,0.226015808842812,0.515536675234413,0.513027607240589,0.376004292419092,1.29290650352193,2.03661122726401,-0.238278425998395,1,0.001,4.1401337,124,0.046336576517011764,-0.238278425998394,1.0
ECMADE_MOO,NASDAQ100,window_002,9,59,10,755,126,0.191063329338502,0.190063329338502,0.418631854494917,0.41625072783624,0.246866753702172,1.54001325396762,2.47358938178084,-0.171854452435186,1,0.001,4.213151,126,0.0318251614425151,-0.17185445243518604,0.40464416695595085
ECMADE_MOO,NASDAQ100,window_003,9,60,10,756,124,-0.458001808645391,-0.459001808645391,-0.711985097484546,-0.713064000043678,0.534546874184929,-2.05647642829598,-3.62703477477244,-0.472346336253642,1,0.001,4.4788465,124,0.06840676368709513,-0.47234633625364253,0.3968999529087149
ECMADE_MOO,NASDAQ100,window_004,9,60,10,756,125,-0.146137936031663,-0.147137936031663,-0.27276019592077,-0.274476214533037,0.392282690145548,-0.617512528532299,-1.02670486275078,-0.346656585197254,1,0.001,4.7312041,125,0.04850875856100051,-0.3466565851972535,0.7512495222444341
ECMADE_MOO,NASDAQ100,window_005,9,60,10,755,123,0.349531897983989,0.348531897983989,0.848062718818719,0.845258188135351,0.275321485211591,2.36989985250074,3.56809757848835,-0.163291476156224,1,0.001,4.2718747,123,0.03541013546720041,-0.1632914761562253,0.3244589475946403
ECMADE_MOO,NASDAQ100,window_006,9,60,10,753,125,0.179822363680922,0.178822363680922,0.395668620072784,0.393284823545568,0.193251875634361,1.82155766276969,3.11526205986025,-0.0777449641911798,1,0.001,3.6754431,125,0.021292787858683486,-0.07774496419118038,0.74907584838826
ECMADE_MOO,NASDAQ100,window_007,9,60,10,752,124,0.416470616353489,0.415470616353489,1.02905025284365,1.0261401669046,0.176081794610007,4.11123825579723,7.04149602509776,-0.0691450988032395,1,0.001,3.4355029,124,0.019573811068548913,-0.06914509880323938,0.2585216272154138
ECMADE_MOO,NASDAQ100,window_008,9,60,10,752,126,0.178131650465069,0.177131650465069,0.387994185827548,0.385638922526619,0.297270488556722,1.25047894275591,1.8573208561868,-0.131627637889045,1,0.001,3.9881531,126,0.041375102771453676,-0.1316276378890444,0.35607495690651386
ECMADE_MOO,NASDAQ100,window_009,9,59,10,752,122,0.22922013032692,0.22822013032692,0.531569406944989,0.528996882838345,0.365895816901603,1.34579573076486,1.76793593226493,-0.234441270864643,1,0.001,4.0602623,122,0.0512869696723471,-0.2344412708646424,0.4169212155591284
ECMADE_MOO,NASDAQ100,window_010,9,60,10,750,126,-0.0120433614658817,-0.0130433614658817,-0.0239416803763655,-0.0259165936534338,0.193484221506635,-0.0289789089254918,-0.0393206951044425,-0.125017368638168,1,0.001,4.2634449,126,0.02755567592433027,-0.12501736863816815,0.3928347829747789
ECMADE_MOO,NASDAQ100,window_011,9,60,10,751,123,0.128742624849381,0.127742624849381,0.281608731229805,0.279283564216767,0.293797014548332,0.99087265919572,1.5389802242984,-0.146664731439517,1,0.001,4.4534421,123,0.040777007735452585,-0.1466647314395172,0.6536571753139799
ECMADE_MOO,NASDAQ100,window_001,10,60,10,755,124,0.271889282431403,0.270889282431403,0.630301574667146,0.627697693106564,0.37409781692985,1.49318759080819,2.33843452653281,-0.2435371712933,1,0.001,4.1118807,124,0.046005171503473115,-0.2435371712933012,1.0
ECMADE_MOO,NASDAQ100,window_002,10,59,10,755,126,0.238659876634304,0.237659876634304,0.53427828998371,0.531801970230442,0.278449874112886,1.67693336906425,2.5405414716491,-0.181408531529496,1,0.001,4.1353341,126,0.03774299359229927,-0.18140853152949576,0.3947990778375149
ECMADE_MOO,NASDAQ100,window_003,10,60,10,756,124,-0.449590224588879,-0.450590224588879,-0.702828392396925,-0.703924599475337,0.516614442142606,-2.08562291101452,-3.5942258760407,-0.463083557473675,1,0.001,4.2252224,124,0.06736162266037786,-0.46308355747367513,0.39385543547429464
ECMADE_MOO,NASDAQ100,window_004,10,60,10,756,125,-0.102563968964698,-0.103563968964698,-0.196001830475858,-0.197806909344741,0.37113606421561,-0.404473195340264,-0.706499703361568,-0.274979018812742,1,0.001,4.7450446,125,0.0447881766513051,-0.2749790188127419,0.7524983036626208
ECMADE_MOO,NASDAQ100,window_005,10,60,10,755,123,0.331094720638035,0.330094720638035,0.796705493187901,0.79394114820883,0.272052246803699,2.29121966096386,3.53047476696993,-0.167536457743729,1,0.001,4.4081499,123,0.034690709598737914,-0.16753645774373016,0.3778383403798763
ECMADE_MOO,NASDAQ100,window_006,10,60,10,753,125,0.234138660933331,0.233138660933331,0.528233579169441,0.525738194476342,0.184514533515422,2.39150592664542,4.25706268914605,-0.0715125603865063,1,0.001,4.1942437,125,0.020331028095459915,-0.07151256038650633,0.8038136825161792
ECMADE_MOO,NASDAQ100,window_007,10,60,10,752,124,0.46142610792138,0.46042610792138,1.16206678962562,1.15906128296362,0.195986029590743,4.0373797034868,6.59309624564414,-0.0803116366087189,1,0.001,3.4898421,124,0.022444070270797183,-0.08031163660871876,0.246195502868484
ECMADE_MOO,NASDAQ100,window_008,10,60,10,752,126,0.153178601253798,0.152178601253798,0.329820886389667,0.327515529187159,0.295158713718808,1.11251123439294,1.62259568235392,-0.141668157715985,1,0.001,4.1472844,126,0.041748695944822556,-0.14166815771598473,0.33906531791902916
ECMADE_MOO,NASDAQ100,window_009,10,59,10,752,122,0.187038254300258,0.186038254300258,0.424991790132381,0.422513264642823,0.358620595470172,1.16444600436163,1.52669821311524,-0.237660901974971,1,0.001,4.0188275,122,0.04948764716581917,-0.23766090197497058,0.43880095965215227
ECMADE_MOO,NASDAQ100,window_010,10,60,10,750,126,-0.0873057258863333,-0.0883057258863333,-0.166989162000127,-0.168813550548354,0.189101121256904,-0.871530509489113,-1.13983441760979,-0.152636982219173,1,0.001,3.7886062,126,0.029552128174813296,-0.1526369822191731,0.4738448350226808
ECMADE_MOO,NASDAQ100,window_011,10,60,10,751,123,0.0958071924203974,0.0948071924203974,0.206164506161381,0.203910474811708,0.291531013389446,0.787971600373484,1.20951073722463,-0.149295818915395,1,0.001,4.293346,123,0.04025976808008996,-0.14929581891539645,0.6368104303134694
GDE3,NASDAQ100,window_001,1,60,10,755,124,0.243487709747215,0.242487709747215,0.557169705189734,0.554625846353679,0.386795530364329,1.33768750320878,2.08552610295647,-0.262337345932371,1,0.001,1.4367108,124,0.047853018495849595,-0.26233734593237124,1.0
GDE3,NASDAQ100,window_002,1,59,10,755,126,0.207128523239372,0.206128523239372,0.457159271618067,0.454746014571588,0.266106737793969,1.54801496276152,2.41020261331206,-0.182826769565935,1,0.001,1.4683027,126,0.03523667834378186,-0.1828267695659348,0.3927190748024299
GDE3,NASDAQ100,window_003,1,60,10,756,124,-0.471687231986996,-0.472687231986996,-0.72657185462394,-0.72762262177629,0.565092704354273,-2.0072083233518,-3.56508058505349,-0.482494979350733,1,0.001,1.4587202,124,0.07174765922569959,-0.48249497935073293,0.4562258262278579
GDE3,NASDAQ100,window_004,1,60,10,756,125,-0.160621444972997,-0.161621444972997,-0.297414690682948,-0.299101122572773,0.381141762905336,-0.737240919118141,-1.26828223257297,-0.336597475445576,1,0.001,1.3284884,125,0.046750364816656884,-0.3365974754455754,0.7606289729161181
GDE3,NASDAQ100,window_005,1,60,10,755,123,0.353011933773842,0.352011933773842,0.85783958321785,0.855027464425018,0.283143844622491,2.33076177686368,3.53279527995298,-0.171484416553963,1,0.001,1.4056416,123,0.03622494218660022,-0.1714844165539623,0.36869646341840917
GDE3,NASDAQ100,window_006,1,60,10,753,125,0.225164554369617,0.224164554369617,0.505913262032152,0.503436319386282,0.207990573659109,2.07254401123092,3.71408010667268,-0.0853862316785889,1,0.001,1.44931,125,0.02253303282355153,-0.08538623167858905,0.8256293697420946
GDE3,NASDAQ100,window_007,1,60,10,752,124,0.354512937609322,0.353512937609322,0.852752400763779,0.849973662974755,0.181893663815396,3.4846524318877,5.62914636191935,-0.06702259630402,1,0.001,1.4016825,124,0.02064910946035966,-0.0670225963040203,0.2631951793882461
GDE3,NASDAQ100,window_008,1,60,10,752,126,0.179525059107425,0.178525059107425,0.391279365062374,0.388921314944159,0.315483043780702,1.20339177450019,1.79073536563127,-0.150033528743239,1,0.001,1.529798,126,0.04371969719369887,-0.1500335287432395,0.327754094559393
GDE3,NASDAQ100,window_009,1,59,10,752,122,0.258224425608492,0.257224425608492,0.607154908745196,0.604517627766092,0.38225648619471,1.42999188095673,1.98100876913798,-0.237493045725161,1,0.001,1.4782541,122,0.052135109744420226,-0.2374930457251616,0.5115025431791702
GDE3,NASDAQ100,window_010,1,60,10,750,126,-0.0833559135092151,-0.0843559135092151,-0.159763618701474,-0.161595906874456,0.198555528828846,-0.777347161257201,-1.02070001624638,-0.151360504626238,1,0.001,1.4508232,126,0.030962742716391514,-0.15136050462623762,0.4733190736650996
GDE3,NASDAQ100,window_011,1,60,10,751,123,0.104690634989208,0.103690634989208,0.226282824962662,0.22400961683719,0.307865940571519,0.815772743983579,1.26946931723403,-0.152113570372896,1,0.001,1.4893863,123,0.04194823407444119,-0.15211357037289563,0.5899455195013567
GDE3,NASDAQ100,window_001,2,60,10,755,124,0.213408440564069,0.212408440564069,0.481575974540189,0.479095635757649,0.378490201544973,1.22718626655029,1.8973432675308,-0.260344723863984,1,0.001,1.4906065,124,0.04834543319001717,-0.26034472386398455,1.0
GDE3,NASDAQ100,window_002,2,59,10,755,126,0.219887112511115,0.218887112511115,0.488124567270705,0.485685793045683,0.262543998826584,1.64552086163969,2.62272492858975,-0.16789084886295,1,0.001,1.4725963,126,0.0331098005628565,-0.1678908488629497,0.40960749161496707
GDE3,NASDAQ100,window_003,2,60,10,756,124,-0.45745746769864,-0.45845746769864,-0.711396942140684,-0.712476964270548,0.547524422981926,-1.99135971178476,-3.5159731036067,-0.470778070272609,1,0.001,1.449181,124,0.06976171550816392,-0.4707780702726083,0.42856450527092815
GDE3,NASDAQ100,window_004,2,60,10,756,125,-0.126419335236628,-0.127419335236628,-0.238505318594837,-0.240261630998739,0.385962774036832,-0.514808116453932,-0.850469982997533,-0.319365173604911,1,0.001,1.4089923,125,0.04786058333153526,-0.31936517360491035,0.8168420120215788
GDE3,NASDAQ100,window_005,2,60,10,755,123,0.368294707969735,0.367294707969735,0.901087928547686,0.898242474897621,0.279541132014421,2.43958058487945,3.84331032783349,-0.171751770077249,1,0.001,1.6034798,123,0.03521584106398199,-0.1717517700772494,0.32676104881900475
GDE3,NASDAQ100,window_006,2,60,10,753,125,0.240446105629746,0.239446105629746,0.544020443749646,0.541512095790678,0.217805439662038,2.10342779385637,3.78867049279045,-0.087401782602697,1,0.001,1.4267006,125,0.023338845990002344,-0.08740178260269682,0.8638040997179613
GDE3,NASDAQ100,window_007,2,60,10,752,124,0.322924095896684,0.321924095896684,0.765998519462113,0.763286674884169,0.185767296370583,3.15680438864254,5.85977074087693,-0.0706234616440068,1,0.001,1.4065203,124,0.020066973909976565,-0.0706234616440069,0.2765404917078858
GDE3,NASDAQ100,window_008,2,60,10,752,126,0.174606099616438,0.173606099616438,0.379699489256142,0.37735127705691,0.290019235379225,1.25359581174985,1.86783346073243,-0.128122384639306,1,0.001,1.4281702,126,0.040032190478815344,-0.1281223846393058,0.19259421923755268
GDE3,NASDAQ100,window_009,2,59,10,752,122,0.212738062993701,0.211738062993701,0.489453453316285,0.486917683651645,0.36921540661996,1.26134982109991,1.65169227132323,-0.239302466232594,1,0.001,1.4448654,122,0.05134572753191273,-0.239302466232594,0.36591743945042615
GDE3,NASDAQ100,window_010,2,60,10,750,126,-0.0554930067187095,-0.0564930067187095,-0.107906539642736,-0.109794553629299,0.193911733339284,-0.492062118118523,-0.643673653100691,-0.144641722302112,1,0.001,1.4423892,126,0.02957365486929436,-0.1446417223021117,0.4514530379352813
GDE3,NASDAQ100,window_011,2,60,10,751,123,0.0878720927871752,0.0868720927871752,0.188337922209255,0.186101014025749,0.297682545614363,0.727554960522585,1.16287734010283,-0.138817750369843,1,0.001,1.3604253,123,0.039828410099695795,-0.13881775036984234,0.6517825276152026
GDE3,NASDAQ100,window_001,3,60,10,755,124,0.237053828437123,0.236053828437123,0.540839746480179,0.538309478636915,0.383844131451999,1.31750441556565,2.09182614218018,-0.259846360969871,1,0.001,1.546364,124,0.0473620012968002,-0.25984636096987057,1.0
GDE3,NASDAQ100,window_002,3,59,10,755,126,0.215655911665032,0.214655911665032,0.477819295566141,0.475388983742811,0.275398262144938,1.55598957421565,2.45045130727771,-0.176616885345163,1,0.001,1.4944995,126,0.035038053763152596,-0.17661688534516284,0.3234537313113903
GDE3,NASDAQ100,window_003,3,60,10,756,124,-0.458586122163084,-0.459586122163084,-0.712615764612363,-0.713693465427763,0.562602293883082,-1.93036465030818,-3.36070205776486,-0.4711384130832,1,0.001,1.4549789,124,0.07336461823586593,-0.47113841308320004,0.4591053755752568
GDE3,NASDAQ100,window_004,3,60,10,756,125,-0.150781960632947,-0.151781960632947,-0.280712141680203,-0.282418672658125,0.380455920294148,-0.677485274054531,-1.13829131175424,-0.334123935186106,1,0.001,1.4606092,125,0.04727852943592329,-0.3341239351861066,0.8067626357732629
GDE3,NASDAQ100,window_005,3,60,10,755,123,0.321383425685424,0.320383425685424,0.769952277267928,0.767209088149188,0.261089795199168,2.31882829550161,3.51423804670071,-0.148611047227876,1,0.001,1.4232478,123,0.03313602048001719,-0.14861104722787655,0.3962176971886189
GDE3,NASDAQ100,window_006,3,60,10,753,125,0.232293224545629,0.231293224545629,0.523630108666676,0.521138516574294,0.217503683291591,2.04491780629577,3.49138831312685,-0.0931767357200562,1,0.001,1.4282674,125,0.025126899753350546,-0.09317673572005591,0.7721992607105929
GDE3,NASDAQ100,window_007,3,60,10,752,124,0.34704997960541,0.34604997960541,0.832065883273251,0.829302953791027,0.168701821963476,3.67668635357305,6.50913082285787,-0.0670955613568978,1,0.001,1.4100315,124,0.01838023813712503,-0.06709556135689743,0.3353349020778959
GDE3,NASDAQ100,window_008,3,60,10,752,126,0.154862573514754,0.153862573514754,0.33370756370512,0.33139883855809,0.311123346729565,1.07993940726561,1.59910682136174,-0.144635482683513,1,0.001,1.391239,126,0.04320522656859756,-0.1446354826835129,0.2998132853690947
GDE3,NASDAQ100,window_009,3,59,10,752,122,0.233879239174625,0.232879239174625,0.54358449054345,0.541001570903311,0.375948011722923,1.34038071193863,1.78293344362579,-0.240013324429665,1,0.001,1.4282733,122,0.05258383484453455,-0.24001332442966472,0.5076046121538683
GDE3,NASDAQ100,window_010,3,60,10,750,126,-0.0535475831517256,-0.0545475831517256,-0.10422782264206,-0.106119727475757,0.1959439732363,-0.463967367897329,-0.615283376416299,-0.135248560395433,1,0.001,1.3705344,126,0.029905154425914175,-0.13524856039543232,0.4289585634757147
GDE3,NASDAQ100,window_011,3,60,10,751,123,0.172793221482553,0.171793221482553,0.3861797503942,0.383759282614078,0.31126666848819,1.20429887635668,1.89736638339282,-0.155616468812882,1,0.001,1.4692893,123,0.04187422004023494,-0.15561646881288205,0.6102799250545323
GDE3,NASDAQ100,window_001,4,60,10,755,124,0.252106904669571,0.251106904669571,0.579183304213859,0.576621234552798,0.399868020962643,1.34176312456584,2.1271357652726,-0.27295625050427,1,0.001,1.4931718,124,0.0487359856125913,-0.2729562505042695,1.0
GDE3,NASDAQ100,window_002,4,59,10,755,126,0.260084093306911,0.259084093306911,0.587811922205099,0.585292754018486,0.260013667705067,1.90877824784078,3.06323042540225,-0.164808221773065,1,0.001,1.4635397,126,0.03237810933099432,-0.1648082217730652,0.3310833848792603
GDE3,NASDAQ100,window_003,4,60,10,756,124,-0.461460949029951,-0.462460949029951,-0.715708425689832,-0.716780214527784,0.555582779175605,-1.98124512466233,-3.52097237425311,-0.477489162468952,1,0.001,1.4075193,124,0.07114931753039215,-0.4774891624689519,0.4585356099776815
GDE3,NASDAQ100,window_004,4,60,10,756,125,-0.130343103070935,-0.131343103070935,-0.24538495745746,-0.247133250703365,0.362900267444061,-0.596047193248992,-1.0009979735803,-0.306422961964714,1,0.001,1.5250491,125,0.044907061477334365,-0.3064229619647151,0.7900323652851948
GDE3,NASDAQ100,window_005,4,60,10,755,123,0.287095892540437,0.286095892540437,0.677137548048388,0.674468992592187,0.264727435914815,2.0866734514539,3.11155781999969,-0.160208685227185,1,0.001,1.4144578,123,0.034716259271598784,-0.16020868522718545,0.3378317626315963
GDE3,NASDAQ100,window_006,4,60,10,753,125,0.222201682814932,0.221201682814932,0.498580374463266,0.496109520129705,0.198758166910179,2.13490499031649,3.76076593893536,-0.0812632425282749,1,0.001,1.4229272,125,0.0217798074254242,-0.08126324252827466,0.8175258189032983
GDE3,NASDAQ100,window_007,4,60,10,752,124,0.300606461340694,0.299606461340694,0.705980019921545,0.703315404654358,0.177435567359908,3.10144928387391,5.46694039547022,-0.0651303877354894,1,0.001,1.4296851,124,0.019939542191752042,-0.0651303877354894,0.2697782653765182
GDE3,NASDAQ100,window_008,4,60,10,752,126,0.181728627576253,0.180728627576253,0.396482549233255,0.394120091978102,0.334122091333152,1.16456458732978,1.77466947583153,-0.145040101518233,1,0.001,1.405819,126,0.045189762182073816,-0.14504010151823266,0.3144398613142405
GDE3,NASDAQ100,window_009,4,59,10,752,122,0.228297981998018,0.227297981998018,0.529197078058727,0.526626611169034,0.367309038537493,1.33780029606728,1.78820426618946,-0.235580284485939,1,0.001,1.4065293,122,0.051536368832447874,-0.23558028448593882,0.534113459276073
GDE3,NASDAQ100,window_010,4,60,10,750,126,-0.0981555468514648,-0.0991555468514648,-0.186676582325219,-0.188479271231517,0.209497481127358,-0.881308414439771,-1.15435396732103,-0.164529514355964,1,0.001,1.4771034,126,0.03295377586869186,-0.1645295143559644,0.5860828917258495
GDE3,NASDAQ100,window_011,4,60,10,751,123,0.0988965621284876,0.0978965621284876,0.213141676481926,0.210880976936465,0.297368389908479,0.797562847141636,1.30357308553578,-0.167957861218714,1,0.001,1.4103479,123,0.03921580400001506,-0.16795786121871414,0.6044620331725947
GDE3,NASDAQ100,window_001,5,60,10,755,124,0.266902310285443,0.265902310285443,0.617337106557611,0.614743767418987,0.382940979523952,1.44652902240642,2.27375723740834,-0.258287937847628,1,0.001,1.299366,124,0.0473052319798815,-0.2582879378476277,1.0
GDE3,NASDAQ100,window_002,5,59,10,755,126,0.266797931349253,0.265797931349253,0.604776998870747,0.602244403008048,0.268944014524757,1.89376186208409,2.99692772356766,-0.170518275167943,1,0.001,1.4791522,126,0.03381922191545105,-0.17051827516794393,0.3314405515299246
GDE3,NASDAQ100,window_003,5,60,10,756,124,-0.458862947914379,-0.459862947914379,-0.712914305813941,-0.713991437303011,0.552575507338304,-1.97744942720319,-3.48085783240182,-0.475873621966217,1,0.001,1.4169769,124,0.07026739719760382,-0.4758736219662163,0.4122706608957729
GDE3,NASDAQ100,window_004,5,60,10,756,125,-0.143812943919497,-0.144812943919497,-0.268762569001088,-0.270483337828826,0.385600056502121,-0.620804728401948,-1.04809367649706,-0.327068565652282,1,0.001,1.4448005,125,0.04762880948918212,-0.3270685656522817,0.818292698047169
GDE3,NASDAQ100,window_005,5,60,10,755,123,0.352921846336754,0.351921846336754,0.857586157268608,0.85477423492064,0.280705060615123,2.34798212468067,3.78474232345459,-0.155298848017573,1,0.001,1.4904622,123,0.03477431306666796,-0.15529884801757232,0.40138598555678295
GDE3,NASDAQ100,window_006,5,60,10,753,125,0.200931668507199,0.199931668507199,0.446468190172438,0.444041035957771,0.201105681995452,1.93601328131697,3.36361851394515,-0.0834620267915709,1,0.001,1.4098549,125,0.022888069352604675,-0.08346202679157111,0.8396596534143588
GDE3,NASDAQ100,window_007,5,60,10,752,124,0.392958160676043,0.391958160676043,0.961188363062045,0.958328145000959,0.177144168676613,3.89511159616704,6.58718317220176,-0.0698723585078815,1,0.001,1.4163045,124,0.019935831378909242,-0.06987235850788154,0.26930016935566836
GDE3,NASDAQ100,window_008,5,60,10,752,126,0.163513319677911,0.162513319677911,0.353763245067913,0.351437218428557,0.307270914670438,1.13831152666228,1.68481935296788,-0.140678888917688,1,0.001,1.4125332,126,0.04248792679481145,-0.1406788889176882,0.2615956169067495
GDE3,NASDAQ100,window_009,5,59,10,752,122,0.212283899969578,0.211283899969578,0.488301524216249,0.485766766857685,0.350949336837845,1.30658070246838,1.70107178065603,-0.232443737806404,1,0.001,1.5673862,122,0.04941449642568123,-0.23244373780640426,0.5426508067570878
GDE3,NASDAQ100,window_010,5,60,10,750,126,-0.0523150649079021,-0.0533150649079021,-0.101893263799486,-0.10378763366967,0.191748676321513,-0.464811678482866,-0.618795107363428,-0.138060838190136,1,0.001,1.4210441,126,0.0287384340280917,-0.1380608381901357,0.4611412590915019
GDE3,NASDAQ100,window_011,5,60,10,751,123,0.163451792480872,0.162451792480872,0.363653478881843,0.361253235533933,0.298433257601149,1.18801875893872,1.90118340789437,-0.136893287291052,1,0.001,1.4928091,123,0.03963700595035987,-0.1368932872910531,0.631457736952206
GDE3,NASDAQ100,window_001,6,60,10,755,124,0.208923647365312,0.207923647365312,0.470468662772983,0.467997790453818,0.35951228709905,1.2514268384794,1.92823809255145,-0.22587093356525,1,0.001,1.44275,124,0.0449722604237942,-0.22587093356525023,1.0
GDE3,NASDAQ100,window_002,6,59,10,755,126,0.231342219592907,0.230342219592907,0.516203661751987,0.513741977312802,0.256267771314953,1.75257336580604,2.79826012357102,-0.166470974834961,1,0.001,1.5638725,126,0.032031816394561215,-0.16647097483496176,0.3978765189513796
GDE3,NASDAQ100,window_003,6,60,10,756,124,-0.501917807489022,-0.502917807489022,-0.757429743885812,-0.758418445250436,0.593410606896276,-2.08454929517515,-3.87066316349118,-0.509801881900187,1,0.001,1.4614971,124,0.07506144746479086,-0.5098018819001875,0.34486030338101387
GDE3,NASDAQ100,window_004,6,60,10,756,125,-0.151231668408721,-0.152231668408721,-0.281479834708046,-0.283185446987471,0.396609499790908,-0.636765972408461,-1.0478719431349,-0.356534627788011,1,0.001,1.4186066,125,0.04967808454517204,-0.3565346277880106,0.8067537273227455
GDE3,NASDAQ100,window_005,6,60,10,755,123,0.313157397142153,0.312157397142153,0.747451453604486,0.744726178790829,0.274617100605396,2.1710534581779,3.22866883168909,-0.163235423773954,1,0.001,1.4306042,123,0.035640940059027924,-0.1632354237739544,0.29811349437129125
GDE3,NASDAQ100,window_006,6,60,10,753,125,0.22886815233943,0.22786815233943,0.515104760610404,0.512620207225269,0.20589967571046,2.1210785855008,3.68186410757793,-0.0847870379925484,1,0.001,1.4236797,125,0.023279539616016257,-0.08478703799254783,0.8749526948520665
GDE3,NASDAQ100,window_007,6,60,10,752,124,0.326705130800721,0.325705130800721,0.776271232213039,0.773551383525606,0.178095397354204,3.31778653490504,5.80103153443603,-0.0688105153801635,1,0.001,1.4223165,124,0.019580567327966626,-0.06881051538016358,0.297919679337679
GDE3,NASDAQ100,window_008,6,60,10,752,126,0.152765199037659,0.151765199037659,0.328867604112334,0.326563073714258,0.31424615310485,1.06074602867356,1.58138897845836,-0.143211559653983,1,0.001,1.4111198,126,0.0432821181372608,-0.14321155965398324,0.3201976375846759
GDE3,NASDAQ100,window_009,6,59,10,752,122,0.235109254267128,0.234109254267128,0.546764581232555,0.544178916718395,0.369755040300695,1.36224122467735,1.81014483697292,-0.236916377941153,1,0.001,1.2677119,122,0.051435303186534,-0.23691637794115294,0.5141495889100846
GDE3,NASDAQ100,window_010,6,60,10,750,126,-0.102634145900325,-0.103634145900325,-0.19473452389596,-0.196528255604159,0.209288695599554,-0.929957938010033,-1.23918193289436,-0.170437182254686,1,0.001,1.4296843,126,0.03271445973536284,-0.1704371822546864,0.575235445548589
GDE3,NASDAQ100,window_011,6,60,10,751,123,0.135956168118412,0.134956168118412,0.298445461478703,0.296104700647315,0.299561776293615,1.02105020028659,1.58554116540937,-0.144204270858273,1,0.001,1.5365304,123,0.041377960586546074,-0.14420427085827225,0.7397870765205673
GDE3,NASDAQ100,window_001,7,60,10,755,124,0.244467372062658,0.243467372062658,0.559663876428965,0.557117947945431,0.392976064842102,1.32681482591218,2.12008807872117,-0.269546387159248,1,0.001,1.3682678,124,0.048341321815581324,-0.26954638715924795,1.0
GDE3,NASDAQ100,window_002,7,59,10,755,126,0.240622910046035,0.239622910046035,0.539145204931093,0.536664959111001,0.270879414273861,1.72771529652387,2.75661468910708,-0.170412416074193,1,0.001,1.5534688,126,0.03389800099472524,-0.17041241607419289,0.36239336543251766
GDE3,NASDAQ100,window_003,7,60,10,756,124,-0.4527988030695,-0.4537988030695,-0.706338368261683,-0.707427973558398,0.549479558903447,-1.95070151845771,-3.46292289047259,-0.464836401783967,1,0.001,1.4551857,124,0.07110702895484362,-0.46483640178396723,0.44599412587487586
GDE3,NASDAQ100,window_004,7,60,10,756,125,-0.159637562027556,-0.160637562027556,-0.295753445696227,-0.297441887192089,0.39245042380822,-0.699243557721327,-1.23471562333358,-0.346884847921499,1,0.001,1.448997,125,0.047815695321176625,-0.34688484792149976,0.8019073952841467
GDE3,NASDAQ100,window_005,7,60,10,755,123,0.295728329459076,0.294728329459076,0.700264134631229,0.697576797989731,0.267545615182109,2.11874987549236,3.18372546597133,-0.159607317353797,1,0.001,1.4242175,123,0.03468646793955341,-0.1596073173537973,0.42301690904053396
GDE3,NASDAQ100,window_006,7,60,10,753,125,0.223160778465266,0.222160778465266,0.50095209059032,0.498479265466865,0.205572974893472,2.07837079598711,3.65813616247946,-0.0822398428302551,1,0.001,1.4377261,125,0.02320430021645074,-0.08223984283025487,0.8443355401504571
GDE3,NASDAQ100,window_007,7,60,10,752,124,0.297587238403125,0.296587238403125,0.69794140126688,0.695283173380099,0.171696301730493,3.17172613085516,5.68718929096049,-0.0636900674191001,1,0.001,1.4187765,124,0.018874232296944855,-0.06369006741910033,0.30633410897889224
GDE3,NASDAQ100,window_008,7,60,10,752,126,0.163489882929859,0.162489882929859,0.353708707680136,0.351382727914277,0.302231909013345,1.15213407655566,1.69278155386388,-0.14061009656411,1,0.001,1.4069842,126,0.04221275820991739,-0.14061009656410983,0.327137944457001
GDE3,NASDAQ100,window_009,7,59,10,752,122,0.221662768348867,0.220662768348867,0.512183183023808,0.509627515613664,0.35428189661858,1.34240963175674,1.79419108175657,-0.232113340141232,1,0.001,1.3552207,122,0.04910535744892392,-0.23211334014123253,0.4706029393180887
GDE3,NASDAQ100,window_010,7,60,10,750,126,-0.0376728288805341,-0.0386728288805341,-0.0739264157252063,-0.0758500700674452,0.192734664750681,-0.302417514041379,-0.402236881282692,-0.136254542097287,1,0.001,1.5171005,126,0.029145555949141942,-0.13625454209728727,0.43865516860030696
GDE3,NASDAQ100,window_011,7,60,10,751,123,0.125617556486709,0.124617556486709,0.274349602017256,0.272031189087365,0.324787193361168,0.907989827288591,1.44728949576744,-0.155602040755505,1,0.001,1.4444326,123,0.043028707909527404,-0.15560204075550454,0.6397606734090462
GDE3,NASDAQ100,window_001,8,60,10,755,124,0.250145048379275,0.249145048379275,0.574158885402774,0.571600961151545,0.404791576459342,1.32246611890536,2.11227471803759,-0.281531562450862,1,0.001,1.4137058,124,0.04962889153739568,-0.28153156245086264,1.0
GDE3,NASDAQ100,window_002,8,59,10,755,126,0.21826012588353,0.21726012588353,0.484157734317754,0.481722214065987,0.263901441554318,1.62829467936978,2.61215577216232,-0.176890381578158,1,0.001,1.4481204,126,0.03333920579934427,-0.1768903815781585,0.37911961029525887
GDE3,NASDAQ100,window_003,8,60,10,756,124,-0.453532683259423,-0.454532683259423,-0.707138208902806,-0.708226304386318,0.550258540542003,-1.95201679646005,-3.40388733453422,-0.470991122795472,1,0.001,1.4382784,124,0.07084636520687393,-0.4709911227954722,0.5146750380164126
GDE3,NASDAQ100,window_004,8,60,10,756,125,-0.145864299761233,-0.146864299761233,-0.272290274968413,-0.274006852639038,0.400059154171282,-0.596565377237866,-1.00667433743727,-0.350054240287601,1,0.001,1.4785477,125,0.049124486315542,-0.3500542402876007,0.8062901040908984
GDE3,NASDAQ100,window_005,8,60,10,755,123,0.345057847475576,0.344057847475576,0.835532050609195,0.832737274050204,0.27741141653527,2.32947227142694,3.57023374973008,-0.162341814001351,1,0.001,1.3934414,123,0.03509455624309189,-0.16234181400135095,0.29518372199336806
GDE3,NASDAQ100,window_006,8,60,10,753,125,0.232225272313516,0.231225272313516,0.523460734342783,0.520969281898933,0.21515005968108,2.06436781875687,3.56909362730255,-0.0920800690164796,1,0.001,1.329283,125,0.02423776087502696,-0.09208006901647947,0.8485025540571028
GDE3,NASDAQ100,window_007,8,60,10,752,124,0.343315283155783,0.342315283155783,0.821757996149761,0.819002976576221,0.179214553559028,3.43954951335597,6.21860340914506,-0.0679275625953936,1,0.001,1.4054005,124,0.019708143065983213,-0.06792756259539334,0.26225818358027386
GDE3,NASDAQ100,window_008,8,60,10,752,126,0.143583719844101,0.142583719844101,0.307783724292471,0.305497556852783,0.279572795920449,1.09874749163212,1.58980910967637,-0.135567826015558,1,0.001,1.4096195,126,0.039531339265316816,-0.1355678260155576,0.23229336008479498
GDE3,NASDAQ100,window_009,8,59,10,752,122,0.213448347619526,0.212448347619526,0.491255925420918,0.488718572518436,0.361820465267288,1.28310438448897,1.68786970231044,-0.23004055447493,1,0.001,1.4121619,122,0.050641810763852525,-0.23004055447492988,0.43309542383576755
GDE3,NASDAQ100,window_010,8,60,10,750,126,-0.100864906273826,-0.101864906273826,-0.191556083230025,-0.193353353417477,0.213856986373723,-0.887314212394246,-1.18567157016545,-0.16178407575672,1,0.001,1.4492828,126,0.03237994490853226,-0.16178407575672027,0.4317252370921642
GDE3,NASDAQ100,window_011,8,60,10,751,123,0.132119672542294,0.131119672542294,0.289476906424917,0.287144439710139,0.277236626994653,1.05502719069012,1.64646515431679,-0.127365638826836,1,0.001,1.4530371,123,0.03789019972654852,-0.12736563882683505,0.6838230358162987
GDE3,NASDAQ100,window_001,9,60,10,755,124,0.204165418918742,0.203165418918742,0.45873055909666,0.456269729166584,0.369385301907652,1.20605240953286,1.85756536427247,-0.247397224840158,1,0.001,1.4362307,124,0.04673276019461358,-0.24739722484015814,1.0
GDE3,NASDAQ100,window_002,9,59,10,755,126,0.23836960386307,0.23736960386307,0.533559275771976,0.531083536564251,0.26068513202134,1.77097524500861,2.83517438503542,-0.172073459863513,1,0.001,1.4601439,126,0.0328284403371582,-0.17207345986351363,0.43638836895618305
GDE3,NASDAQ100,window_003,9,60,10,756,124,-0.475151350019881,-0.476151350019881,-0.73020306579789,-0.731246714892861,0.576165881398358,-1.9808422646087,-3.58678587455668,-0.484067717788604,1,0.001,1.4437255,124,0.07250928216729015,-0.4840677177886047,0.41988984799680157
GDE3,NASDAQ100,window_004,9,60,10,756,125,-0.156292838223661,-0.157292838223661,-0.290091233842901,-0.291786507303957,0.390937197341739,-0.682547016892379,-1.15080552532614,-0.328304862036758,1,0.001,1.4782492,125,0.048496690383134373,-0.32830486203675724,0.8160241575610199
GDE3,NASDAQ100,window_005,9,60,10,755,123,0.356989890615753,0.355989890615753,0.869047661855382,0.866226868085266,0.269518982159196,2.45709543141565,3.74177816248116,-0.157949872781525,1,0.001,1.4480871,123,0.03471995876245305,-0.15794987278152472,0.32016861270173413
GDE3,NASDAQ100,window_006,9,60,10,753,125,0.223511460172652,0.222511460172652,0.501819751779089,0.499346206054005,0.199776085917395,2.13594227782717,3.75085909194532,-0.0853464387010943,1,0.001,1.3424942,125,0.022183868232615787,-0.08534643870109404,0.7851350045069996
GDE3,NASDAQ100,window_007,9,60,10,752,124,0.36142269355416,0.36042269355416,0.872010694826929,0.869217318037207,0.183735334504896,3.50793784346557,5.65407446610035,-0.069035729618668,1,0.001,1.3626017,124,0.020926544165023486,-0.0690357296186681,0.22388463286513963
GDE3,NASDAQ100,window_008,9,60,10,752,126,0.148572662256198,0.147572662256198,0.319219160482289,0.316923015157777,0.293072138358945,1.0908436405734,1.5944187311064,-0.137800860528399,1,0.001,1.4256701,126,0.041104982970244126,-0.13780086052839902,0.2623290260578738
GDE3,NASDAQ100,window_009,9,59,10,752,122,0.232597082152187,0.231597082152187,0.540273185628123,0.53769312702969,0.375297310383859,1.33630931246111,1.79456519180374,-0.239022629912948,1,0.001,1.4337564,122,0.05224079771792809,-0.23902262991294831,0.4709968248484444
GDE3,NASDAQ100,window_010,9,60,10,750,126,-0.0434991062685132,-0.0444991062685132,-0.0851060402908669,-0.0870180420783299,0.189183101123262,-0.375890316664171,-0.505285825440078,-0.131734110428006,1,0.001,1.417885,126,0.027765968494429614,-0.1317341104280061,0.3797178972098519
GDE3,NASDAQ100,window_011,9,60,10,751,123,0.138321750110404,0.137321750110404,0.303991330257174,0.301645454594371,0.310972292695481,1.00838894805719,1.58854824279565,-0.135248625231023,1,0.001,1.5104762,123,0.042020453146799516,-0.13524862523102288,0.6480817332799873
GDE3,NASDAQ100,window_001,10,60,10,755,124,0.256960561617396,0.255960561617396,0.59164873051834,0.589076404161507,0.394065886861601,1.37576268125783,2.16386574594172,-0.260703775564613,1,0.001,1.4921101,124,0.04848765975504997,-0.26070377556461344,1.0
GDE3,NASDAQ100,window_002,10,59,10,755,126,0.2316974200114,0.2306974200114,0.517078534462738,0.514616139622715,0.265551826728472,1.70257614832749,2.68634539551647,-0.176627049167846,1,0.001,1.4753513,126,0.03379102443073171,-0.17662704916784555,0.3600777665975913
GDE3,NASDAQ100,window_003,10,60,10,756,124,-0.453372930727617,-0.454372930727617,-0.706964192314449,-0.708052616451597,0.541282705291431,-1.99235392883117,-3.52750285540163,-0.466338369625781,1,0.001,1.4910889,124,0.07056329829853904,-0.4663383696257809,0.4985938227897471
GDE3,NASDAQ100,window_004,10,60,10,756,125,-0.13453672827801,-0.13553672827801,-0.252702959123276,-0.254442682333505,0.370271419015907,-0.603391182093449,-1.02138212152927,-0.311543765423476,1,0.001,1.4727218,125,0.04551504412181518,-0.3115437654234744,0.7376683436741139
GDE3,NASDAQ100,window_005,10,60,10,755,123,0.379585967247045,0.378585967247045,0.933368103982919,0.930498010101555,0.284627057992727,2.46037516193908,3.79876196830298,-0.171360733724637,1,0.001,1.4179452,123,0.036315206913009226,-0.17136073372463745,0.3370774280142427
GDE3,NASDAQ100,window_006,10,60,10,753,125,0.222210507464768,0.221210507464768,0.498602188034157,0.496131315567449,0.214650187778739,1.99199248557747,3.53411753619309,-0.0911046521445824,1,0.001,1.4596121,125,0.023771526664033205,-0.09110465214458252,0.8526307127718104
GDE3,NASDAQ100,window_007,10,60,10,752,124,0.34576525391634,0.34476525391634,0.828516664172805,0.825756455758172,0.182256920251069,3.40558262623695,5.69065812734247,-0.068825325504392,1,0.001,1.4145389,124,0.02045585185417606,-0.0688253255043918,0.3062423234265772
GDE3,NASDAQ100,window_008,10,60,10,752,126,0.163498147953283,0.162498147953283,0.35372794029072,0.351401943994814,0.314513875468005,1.11880385974428,1.6652646997889,-0.139529059606199,1,0.001,1.4149647,126,0.043387395535106725,-0.13952905960619932,0.301351331477208
GDE3,NASDAQ100,window_009,10,59,10,752,122,0.221235646928318,0.220235646928318,0.511091329894938,0.508536614975335,0.379064149467783,1.27661174358946,1.67055637053928,-0.248951061584771,1,0.001,1.4348106,122,0.05315847949848416,-0.24895106158477098,0.49298468070550405
GDE3,NASDAQ100,window_010,10,60,10,750,126,-0.0756126386797094,-0.0766126386797094,-0.14550800623131,-0.147355780953951,0.204688845151705,-0.665880385900338,-0.865134683517414,-0.153705315134082,1,0.001,1.3928118,126,0.0319431586990811,-0.1537053151340818,0.459619386503176
GDE3,NASDAQ100,window_011,10,60,10,751,123,0.185180219687169,0.184180219687169,0.416341654812076,0.413894356748381,0.326493480436799,1.22912880568777,1.89406279307339,-0.144732541434963,1,0.001,1.5153667,123,0.04488716940856023,-0.1447325414349625,0.6951444622552203
MOEAD,NASDAQ100,window_001,1,60,10,755,124,0.268345000625895,0.267345000625895,0.621082216610804,0.618485827772987,0.385099571974168,1.44657753722566,2.27975756108195,-0.261736929529254,1,0.001,11.8291166,124,0.047288344424061206,-0.2617369295292534,1.0
MOEAD,NASDAQ100,window_002,1,59,10,755,126,0.232634198265683,0.231634198265683,0.519387066734083,0.516922798337551,0.259626864653526,1.74144487611444,2.65231958270361,-0.179974272025525,1,0.001,11.3886528,126,0.03520176370780846,-0.17997427202552563,0.35550942873610436
MOEAD,NASDAQ100,window_003,1,60,10,756,124,-0.480405236338219,-0.481405236338219,-0.735663322413696,-0.736696178739759,0.551340363279599,-2.13229085205004,-3.7387173016167,-0.48539205387231,1,0.001,11.2489529,124,0.07013848483401244,-0.4853920538723099,0.4389454656055939
MOEAD,NASDAQ100,window_004,1,60,10,756,125,-0.103131860885052,-0.104131860885052,-0.197027171055486,-0.198831088764791,0.382072434133577,-0.386326915934625,-0.689999223899688,-0.309152224570148,1,0.001,11.507725,125,0.04504653943390234,-0.30915222457014735,0.8125693636245763
MOEAD,NASDAQ100,window_005,1,60,10,755,123,0.287616019925668,0.286616019925668,0.678526396791502,0.675856709892321,0.277497979160953,2.00602674572457,3.00287099975807,-0.17887389743911,1,0.001,6.7435909,123,0.036657341103574534,-0.17887389743910975,0.38117274756881514
MOEAD,NASDAQ100,window_006,1,60,10,753,125,0.210911861372233,0.209911861372233,0.47080421958602,0.46835656218427,0.198365829442171,2.04430861036124,3.48531984465043,-0.0833551045457287,1,0.001,6.5596912,125,0.022059068186779402,-0.08335510454572848,0.7813344095991396
MOEAD,NASDAQ100,window_007,1,60,10,752,124,0.337906710566917,0.336906710566917,0.806882520993977,0.804138955260344,0.164970601336427,3.67211451443074,6.12439217716319,-0.0634390967629125,1,0.001,3.6366613,124,0.01845580960083987,-0.06343909676291226,0.3207133347079132
MOEAD,NASDAQ100,window_008,1,60,10,752,126,0.160038135628859,0.159038135628859,0.345688476113279,0.343369399842022,0.305689784104692,1.12318017030273,1.65519487469748,-0.141997376437537,1,0.001,3.7344716,126,0.04258303999451423,-0.14199737643753663,0.3759245198438469
MOEAD,NASDAQ100,window_009,1,59,10,752,122,0.254498932895415,0.253498932895415,0.597341080698284,0.594712123026437,0.37879319167566,1.42360258631378,1.90359521839106,-0.239801950619069,1,0.001,3.7917812,122,0.052502118236001226,-0.23980195061906873,0.5202340490305657
MOEAD,NASDAQ100,window_010,1,60,10,750,126,-0.0788492014695548,-0.0798492014695548,-0.151481206366723,-0.153322507963784,0.197727397046601,-0.731886576302744,-0.965908772165141,-0.151227819238017,1,0.001,3.7867842,126,0.030161493827732925,-0.15122781923801643,0.44022912588142316
MOEAD,NASDAQ100,window_011,1,60,10,751,123,0.124011066050468,0.123011066050468,0.2706261466103,0.268311205366897,0.325390033990431,0.897930642362326,1.43168421071108,-0.152380621608732,1,0.001,3.4353409,123,0.04342800945747753,-0.15238062160873223,0.6447876489392999
MOEAD,NASDAQ100,window_001,2,60,10,755,124,0.249613621567249,0.248613621567249,0.572799272797241,0.570242471416773,0.382832486271779,1.37384053076049,2.13977643273165,-0.253760802834946,1,0.001,11.7569908,124,0.047851763042760107,-0.2537608028349454,1.0
MOEAD,NASDAQ100,window_002,2,59,10,755,126,0.199103421707006,0.198103421707006,0.437849015949451,0.435451809106037,0.278026311097883,1.44534719399507,2.15067597606262,-0.194538113327229,1,0.001,11.0817721,126,0.037648236892822054,-0.1945381133272286,0.39695367381193825
MOEAD,NASDAQ100,window_003,2,60,10,756,124,-0.467409507728838,-0.468409507728838,-0.722053762563776,-0.723113321647356,0.545712431661915,-2.06804397869931,-3.62718729318018,-0.48469438345736,1,0.001,11.46311,124,0.07082669527402385,-0.4846943834573597,0.4271590714813214
MOEAD,NASDAQ100,window_004,2,60,10,756,125,-0.0986246989055701,-0.0996246989055701,-0.188871244877556,-0.190684378632673,0.380594363239603,-0.36245703670039,-0.635254279206081,-0.303510155544781,1,0.001,11.3160326,125,0.0456201194104798,-0.3035101555447802,0.7685701280582432
MOEAD,NASDAQ100,window_005,2,60,10,755,123,0.337813896742357,0.336813896742357,0.815336124042187,0.812557137060944,0.267982144549368,2.3605434012301,3.66938435671568,-0.16520189537693,1,0.001,4.9085551,123,0.033615257331562086,-0.16520189537692953,0.36183020362365514
MOEAD,NASDAQ100,window_006,2,60,10,753,125,0.216896482133235,0.215896482133235,0.485495461974823,0.483035508542022,0.199116938240483,2.0873326487311,3.43246305619308,-0.0904630373227906,1,0.001,4.7460339,125,0.023341449948113855,-0.09046303732279037,0.8399182255305062
MOEAD,NASDAQ100,window_007,2,60,10,752,124,0.38185752545772,0.38085752545772,0.929556985844953,0.926720301857926,0.186390308336613,3.62335409173645,6.25750313610638,-0.0716377045424211,1,0.001,3.5837601,124,0.0208593401614428,-0.0716377045424208,0.32887117903037005
MOEAD,NASDAQ100,window_008,2,60,10,752,126,0.127884517135382,0.126884517135382,0.272123483993713,0.269868714959442,0.270441130496089,1.02437761337828,1.48022580906918,-0.130398761196374,1,0.001,3.5713623,126,0.038398349982318725,-0.13039876119637295,0.20140444251977158
MOEAD,NASDAQ100,window_009,2,59,10,752,122,0.236340308828435,0.235340308828435,0.549950740090248,0.547362328202857,0.374463037787223,1.35519103361596,1.82102039912019,-0.239312915053561,1,0.001,3.5327416,122,0.051447746357123035,-0.23931291505356167,0.4254632100959993
MOEAD,NASDAQ100,window_010,2,60,10,750,126,-0.0803987485747221,-0.0813987485747221,-0.154333538377063,-0.156171740879913,0.211324123833852,-0.68754660037741,-0.896699894306463,-0.162117812900997,1,0.001,4.4689876,126,0.03259806679707387,-0.1621178129009968,0.46521010036039
MOEAD,NASDAQ100,window_011,2,60,10,751,123,0.144683087449099,0.143683087449099,0.3189648696292,0.316605236993088,0.305646196622816,1.0578862214362,1.72322617830438,-0.144055773174883,1,0.001,3.6971408,123,0.04030737516034382,-0.14405577317488327,0.7267187853896128
MOEAD,NASDAQ100,window_001,3,60,10,755,124,0.255869140375158,0.254869140375158,0.588841344322614,0.586271324457001,0.387596479785977,1.38782106780685,2.16881488910451,-0.261139613762067,1,0.001,11.586432,124,0.04808439263723659,-0.26113961376206696,1.0
MOEAD,NASDAQ100,window_002,3,59,10,755,126,0.202539634070693,0.201539634070693,0.446101571510876,0.443697492242735,0.249697292805777,1.60236391297408,2.4547750754608,-0.167294715897526,1,0.001,11.5527813,126,0.03300310036305084,-0.1672947158975261,0.4210287809662335
MOEAD,NASDAQ100,window_003,3,60,10,756,124,-0.454032624409608,-0.455032624409608,-0.707682449767523,-0.708769516758576,0.523307044502583,-2.08401939135351,-3.76145849393124,-0.468098344418994,1,0.001,12.5851881,124,0.06587035761015034,-0.46809834441899356,0.43008317123547646
MOEAD,NASDAQ100,window_004,3,60,10,756,125,-0.165106568326269,-0.166106568326269,-0.304962582719484,-0.30663985410879,0.375571993545642,-0.781990925073362,-1.27142852251794,-0.334519378385913,1,0.001,9.8995805,125,0.04736987376821096,-0.3345193783859133,0.7663499679336206
MOEAD,NASDAQ100,window_005,3,60,10,755,123,0.329544168508443,0.328544168508443,0.792420162187981,0.789659195562215,0.273224529686648,2.27380705300035,3.49239346275723,-0.166039537767722,1,0.001,5.3957421,123,0.03454704005662999,-0.16603953776772307,0.3665963913765374
MOEAD,NASDAQ100,window_006,3,60,10,753,125,0.230504833536013,0.229504833536013,0.519175616556104,0.516687699742371,0.202794430543155,2.16372214754663,3.75917784620551,-0.0810546503063017,1,0.001,4.8445773,125,0.022765762550684694,-0.08105465030630166,0.8451525404741673
MOEAD,NASDAQ100,window_007,3,60,10,752,124,0.340662637283075,0.339662637283075,0.814454546989398,0.811705145162209,0.177565573733755,3.44711177636154,6.32345331684604,-0.0688695378848502,1,0.001,4.4610797,124,0.01884877978856204,-0.06886953788485017,0.26474026477517165
MOEAD,NASDAQ100,window_008,3,60,10,752,126,0.131533425881819,0.130533425881819,0.280367893887847,0.278105827036083,0.293221197356492,0.98842289221171,1.45378650371159,-0.140327273484127,1,0.001,3.8755063,126,0.04115636709835351,-0.14032727348412666,0.22133707058907
MOEAD,NASDAQ100,window_009,3,59,10,752,122,0.211486454014645,0.210486454014645,0.486280012200626,0.483747032247979,0.360126016847206,1.27820859311252,1.70189442781191,-0.231505641191589,1,0.001,3.64982,122,0.05007054200940216,-0.23150564119158845,0.5533465530994257
MOEAD,NASDAQ100,window_010,3,60,10,750,126,-0.0464896596185824,-0.0474896596185824,-0.0908180307857132,-0.092724051466476,0.194160674733387,-0.393535745581468,-0.518255661684889,-0.136247160970492,1,0.001,4.1393162,126,0.029397487520579198,-0.13624716097049283,0.4259082708984038
MOEAD,NASDAQ100,window_011,3,60,10,751,123,0.164532893634063,0.163532893634063,0.366250819835908,0.363848236280673,0.315749496447107,1.14566326126557,1.84448420626756,-0.146151049011594,1,0.001,3.924365,123,0.04209382557303986,-0.14615104901159393,0.6111873054169368
MOEAD,NASDAQ100,window_001,4,60,10,755,124,0.227809237507434,0.226809237507434,0.517528944133023,0.515018200656373,0.367584402205169,1.31804773136438,2.0524477863293,-0.256500936014694,1,0.001,11.3991068,124,0.04639970553526856,-0.2565009360146938,1.0
MOEAD,NASDAQ100,window_002,4,59,10,755,126,0.228242064123708,0.227242064123708,0.508578568082868,0.506123083954621,0.259215210836225,1.71606354220301,2.76806464034263,-0.173625639104646,1,0.001,11.0924624,126,0.032679597191169155,-0.17362563910464723,0.3940009190254979
MOEAD,NASDAQ100,window_003,4,60,10,756,124,-0.451021622469748,-0.452021622469748,-0.704396865569783,-0.705490127334452,0.557901593063321,-1.90123476915865,-3.32219458343141,-0.464502713670794,1,0.001,11.3115604,124,0.07208337236971071,-0.464502713670794,0.4143486224238465
MOEAD,NASDAQ100,window_004,4,60,10,756,125,-0.184976541129192,-0.185976541129192,-0.33790708548802,-0.339543783604358,0.374439700185692,-0.915141932147966,-1.51962009974764,-0.334323816881613,1,0.001,7.4320557,125,0.047320323152263866,-0.3343238168816125,0.7648944227941122
MOEAD,NASDAQ100,window_005,4,60,10,755,123,0.328526215362701,0.327526215362701,0.789609647434648,0.786850898627445,0.272412442068326,2.27407822891079,3.43952143195043,-0.165447169515706,1,0.001,5.7761216,123,0.03504354608099523,-0.16544716951570526,0.40601403355960336
MOEAD,NASDAQ100,window_006,4,60,10,753,125,0.206846135747506,0.205846135747506,0.460865520167987,0.458426215671389,0.206427067224157,1.93932622994703,3.33319561449583,-0.0861096225185329,1,0.001,4.5860818,125,0.0234303865545564,-0.0861096225185326,0.7812526772089424
MOEAD,NASDAQ100,window_007,4,60,10,752,124,0.33161443691865,0.33061443691865,0.789654511175551,0.786924268832203,0.17063454820894,3.49934135115108,6.30800754958682,-0.0665162318794371,1,0.001,3.9544202,124,0.018291290190012913,-0.0665162318794369,0.32940757179230284
MOEAD,NASDAQ100,window_008,4,60,10,752,126,0.136169183902122,0.135169183902122,0.290880414448814,0.28860907608101,0.283879089381725,1.04027347411303,1.53396226031286,-0.131919950271209,1,0.001,3.7303803,126,0.039666737681290455,-0.1319199502712084,0.22999932167409265
MOEAD,NASDAQ100,window_009,4,59,10,752,122,0.244979530496847,0.243979530496847,0.572405545983241,0.569797848703473,0.38167127499099,1.37470318197505,1.79878129007945,-0.24516363180306,1,0.001,3.4600864,122,0.053375625865655495,-0.24516363180305945,0.5203044729541201
MOEAD,NASDAQ100,window_010,4,60,10,750,126,-0.0792620987091278,-0.0802620987091278,-0.15224171712648,-0.154082192929062,0.19068103847081,-0.770805818671639,-1.01656165714285,-0.142985065745235,1,0.001,3.8313845,126,0.02934501405105393,-0.14298506574523506,0.43091873855377893
MOEAD,NASDAQ100,window_011,4,60,10,751,123,0.158358281466546,0.157358281466546,0.351450377854502,0.349061158753948,0.311108620973181,1.12304932122527,1.80171782827008,-0.139856479747606,1,0.001,3.9434199,123,0.042342420933132494,-0.13985647974760695,0.6329361224354132
MOEAD,NASDAQ100,window_001,5,60,10,755,124,0.264572840490614,0.263572840490614,0.611299274582836,0.608710859467463,0.39478296721735,1.4051920789992,2.22539905460119,-0.271062956784976,1,0.001,11.4241424,124,0.04860673931566214,-0.2710629567849765,1.0
MOEAD,NASDAQ100,window_002,5,59,10,755,126,0.227121883499783,0.226121883499783,0.505828116964056,0.503374873197057,0.245165512994996,1.79273344020596,2.80375709950402,-0.165600688953752,1,0.001,11.1594395,126,0.03224514044504679,-0.1656006889537519,0.41449797313032266
MOEAD,NASDAQ100,window_003,5,60,10,756,124,-0.476576025909442,-0.477576025909442,-0.731689305976415,-0.732730028092079,0.570404840938279,-2.01618848933911,-3.58421856526334,-0.48400613347237,1,0.001,11.2213391,124,0.07264479243350068,-0.4840061334723702,0.4940850042741086
MOEAD,NASDAQ100,window_004,5,60,10,756,125,-0.0869523579263091,-0.0879523579263091,-0.167556486586392,-0.169393490849417,0.397612396015949,-0.26638922907588,-0.496010299417623,-0.295858631102948,1,0.001,5.4675186,125,0.045378959366531836,-0.2958586311029475,0.771438173547956
MOEAD,NASDAQ100,window_005,5,60,10,755,123,0.329031072695688,0.328031072695688,0.791003249616929,0.78824340088541,0.263500033088191,2.34489336939353,3.71422795209752,-0.154541871588204,1,0.001,6.6695596,123,0.033266400017094806,-0.15454187158820443,0.39563325190133203
MOEAD,NASDAQ100,window_006,5,60,10,753,125,0.223344699708826,0.222344699708826,0.501407119383331,0.498933916327978,0.209381874587936,2.0457611971101,3.59868305202084,-0.0883671519489238,1,0.001,3.8142349,125,0.023525292408255884,-0.08836715194892353,0.8049433653068461
MOEAD,NASDAQ100,window_007,5,60,10,752,124,0.332310384236953,0.331310384236953,0.791555865514877,0.788824149658042,0.169253143262654,3.53280273260125,6.47916656553933,-0.0703279276110766,1,0.001,4.0433503,124,0.017880582955750974,-0.07032792761107687,0.3749570632044854
MOEAD,NASDAQ100,window_008,5,60,10,752,126,0.132287260569774,0.131287260569774,0.282074440448602,0.279810865927463,0.280303017478792,1.0256749645207,1.48347163421506,-0.130619645442099,1,0.001,3.7101648,126,0.039608812019529614,-0.13061964544209959,0.31291783921189953
MOEAD,NASDAQ100,window_009,5,59,10,752,122,0.229539606046178,0.228539606046178,0.532391736159136,0.529818499311794,0.38050271803687,1.30934680688687,1.79546696664802,-0.236838932910754,1,0.001,3.7193117,122,0.05162773952607185,-0.23683893291075442,0.37379913111803986
MOEAD,NASDAQ100,window_010,5,60,10,750,126,-0.0707985223614895,-0.0717985223614895,-0.136584613954409,-0.138442016909686,0.207075834261712,-0.605787007503446,-0.801413233400727,-0.152579706563439,1,0.001,3.5393891,126,0.03133259393709322,-0.1525797065634389,0.3774382134921515
MOEAD,NASDAQ100,window_011,5,60,10,751,123,0.134998566401958,0.133998566401958,0.296203900998149,0.293865210533326,0.3182687296321,0.973481655979751,1.60718742539697,-0.147858865917846,1,0.001,4.169927,123,0.042049094762541726,-0.14785886591784603,0.6385562589976821
MOEAD,NASDAQ100,window_001,6,60,10,755,124,0.23755555946834,0.23655555946834,0.542110056128118,0.539578728505249,0.398880193401014,1.28465377167591,2.00641469397612,-0.283505442187541,1,0.001,11.8977962,124,0.0497700207682567,-0.2835054421875408,1.0
MOEAD,NASDAQ100,window_002,6,59,10,755,126,0.185987987966214,0.184987987966214,0.406567507600148,0.404196531624216,0.246986177707463,1.50477131140649,2.38122028818941,-0.174238434485759,1,0.001,11.2214971,126,0.031780669438975805,-0.17423843448575937,0.3615829465755471
MOEAD,NASDAQ100,window_003,6,60,10,756,124,-0.452234235719507,-0.453234235719507,-0.705722304036889,-0.706813070863659,0.522616488069092,-2.07453564224198,-3.64631398677143,-0.460684362384043,1,0.001,11.0922635,124,0.067550282808497,-0.4606843623840431,0.3743915309387786
MOEAD,NASDAQ100,window_004,6,60,10,756,125,-0.180801036321598,-0.181801036321598,-0.331050984727608,-0.332696207668727,0.398504719865055,-0.811121692118078,-1.37037293943641,-0.353184851904452,1,0.001,5.1336903,125,0.04950165198370388,-0.3531848519044519,0.8083190971309749
MOEAD,NASDAQ100,window_005,6,60,10,755,123,0.269725822381955,0.268725822381955,0.631093758538539,0.62846297565753,0.266542657516312,1.9697286735539,2.89033082988781,-0.161368238795967,1,0.001,7.8606133,123,0.03585899444289293,-0.16136823879596718,0.4234417702544082
MOEAD,NASDAQ100,window_006,6,60,10,753,125,0.205956699170899,0.204956699170899,0.458695812512781,0.456258335275602,0.206330711056732,1.9328714603639,3.35487734866159,-0.0852047727441602,1,0.001,4.149286,125,0.023339948846343085,-0.08520477274416038,0.7995408869952448
MOEAD,NASDAQ100,window_007,6,60,10,752,124,0.349732967440604,0.348732967440604,0.83948925437678,0.836720642017532,0.177297113934244,3.52969614950023,5.94314218589269,-0.0670684727119899,1,0.001,3.5968774,124,0.0198522961476164,-0.06706847271199001,0.23432490259769412
MOEAD,NASDAQ100,window_008,6,60,10,752,126,0.102890172556344,0.101890172556344,0.216366732721362,0.214161952376249,0.251261735321059,0.904686973763382,1.26725773532654,-0.131063428603852,1,0.001,3.685412,126,0.036052649911311345,-0.13106342860385123,0.21172578133232886
MOEAD,NASDAQ100,window_009,6,59,10,752,122,0.251148587600359,0.250148587600359,0.58854195980761,0.585920485923122,0.369295056439205,1.4359990049162,1.93547138393164,-0.237933353053831,1,0.001,3.6251377,122,0.05091706114419343,-0.2379333530538299,0.5448849111568603
MOEAD,NASDAQ100,window_010,6,60,10,750,126,-0.0922120982240853,-0.0932120982240853,-0.175921125389282,-0.177735701192834,0.20945357612621,-0.818949626007114,-1.07331941406889,-0.159216725329501,1,0.001,3.7081965,126,0.032328446886880226,-0.15921672532950082,0.4243868930874661
MOEAD,NASDAQ100,window_011,6,60,10,751,123,0.142238500482684,0.141238500482684,0.31320036136222,0.310846015811351,0.296699955081365,1.06611795274033,1.71235702487612,-0.147233326238637,1,0.001,4.7013676,123,0.03998679801085569,-0.1472333262386375,0.7746047321438382
MOEAD,NASDAQ100,window_001,7,60,10,755,124,0.241116205510831,0.240116205510831,0.551140368750767,0.54860151976778,0.383242800189317,1.33641826642043,2.15019516613528,-0.263757306630462,1,0.001,11.2982422,124,0.04721824999798167,-0.26375730663046126,1.0
MOEAD,NASDAQ100,window_002,7,59,10,755,126,0.245819065246292,0.244819065246292,0.552065143331145,0.549574505200652,0.269068989422429,1.76882950009739,2.69761728777844,-0.177532088386711,1,0.001,10.8077179,126,0.03549415033533137,-0.1775320883867103,0.3247057606069833
MOEAD,NASDAQ100,window_003,7,60,10,756,124,-0.479470010068355,-0.480470010068355,-0.734695509329147,-0.735730286582188,0.587597511147398,-1.95933615078896,-3.46066467484997,-0.486667115714954,1,0.001,11.0933983,124,0.07458960482511919,-0.48666711571495347,0.31698851521102017
MOEAD,NASDAQ100,window_004,7,60,10,756,125,-0.0956837665095706,-0.0966837665095706,-0.183527090986372,-0.185346238628184,0.376838450773509,-0.351628909110376,-0.587713711848205,-0.296520913358799,1,0.001,5.5097374,125,0.04631692021985277,-0.2965209133587987,0.8330503841023282
MOEAD,NASDAQ100,window_005,7,60,10,755,123,0.251606226653473,0.250606226653473,0.583762125106724,0.58117071783376,0.253707271495651,1.9399780159444,2.9316811185683,-0.152435698689001,1,0.001,6.1155201,123,0.03300823622947358,-0.1524356986890012,0.43009570428248645
MOEAD,NASDAQ100,window_006,7,60,10,753,125,0.221165994915658,0.220165994915658,0.496021378503844,0.493552652317337,0.193120591102138,2.18268505275026,3.80218472728874,-0.073607512675038,1,0.001,3.5742858,125,0.02190545524102313,-0.07360751267503796,0.7700013901568669
MOEAD,NASDAQ100,window_007,7,60,10,752,124,0.322908682904322,0.321908682904322,0.765956705760512,0.763244893808972,0.172257308950991,3.39049459603178,5.87340558764178,-0.0640070912144197,1,0.001,3.8516597,124,0.019167856686294532,-0.06400709121441961,0.22480486980537867
MOEAD,NASDAQ100,window_008,7,60,10,752,126,0.136838637283897,0.135838637283897,0.292402087221508,0.29012940994694,0.284453170993158,1.04307193127609,1.52294367799774,-0.134244727679777,1,0.001,4.3329772,126,0.03998360614116731,-0.13424472767977658,0.23757039416197184
MOEAD,NASDAQ100,window_009,7,59,10,752,122,0.223311626094415,0.222311626094415,0.516401985183549,0.513842640578018,0.36204797497566,1.3292585117559,1.73032819127565,-0.236713940927181,1,0.001,3.7908213,122,0.05176810385002174,-0.2367139409271799,0.530512488219134
MOEAD,NASDAQ100,window_010,7,60,10,750,126,-0.0737353940513747,-0.0747353940513747,-0.142033879766838,-0.143885408978735,0.192761126317188,-0.698352362016696,-0.923351776004567,-0.144530188619913,1,0.001,3.6457609,126,0.029597542641174916,-0.14453018861991318,0.44808607152239954
MOEAD,NASDAQ100,window_011,7,60,10,751,123,0.132052676880627,0.131052676880627,0.289320573712026,0.286988251822941,0.307918474460251,0.978499948652674,1.55899759545604,-0.144674071708922,1,0.001,4.0964368,123,0.04210022669071961,-0.14467407170892221,0.6222017831564324
MOEAD,NASDAQ100,window_001,8,60,10,755,124,0.247600872981724,0.246600872981724,0.567655227905376,0.565102679193782,0.381418673177585,1.36869153821255,2.13064679199722,-0.251362788719411,1,0.001,11.4994131,124,0.046515223385834595,-0.25136278871941087,1.0
MOEAD,NASDAQ100,window_002,8,59,10,755,126,0.25321669247444,0.25221669247444,0.570552078296575,0.568046644911626,0.283825641828305,1.73300358979939,2.58428316066887,-0.185518873608131,1,0.001,11.3768155,126,0.03874834106849979,-0.18551887360813113,0.2963906961503031
MOEAD,NASDAQ100,window_003,8,60,10,756,124,-0.454882588132736,-0.455882588132736,-0.708606548446028,-0.709691866938524,0.532377930447114,-2.04506418185569,-3.57524688912597,-0.472664409067398,1,0.001,11.3448772,124,0.06914486862271378,-0.4726644090673978,0.44980314132159943
MOEAD,NASDAQ100,window_004,8,60,10,756,125,-0.139612030398375,-0.140612030398375,-0.261511447289033,-0.263240799570007,0.38112927776078,-0.606891492409886,-1.07266226015682,-0.303629631706836,1,0.001,5.2236489,125,0.045434181840976424,-0.3036296317068353,0.6989273634956131
MOEAD,NASDAQ100,window_005,8,60,10,755,123,0.363967757385905,0.362967757385905,0.888791494615995,0.885955480783165,0.287189115009217,2.35958340044474,3.64162610197369,-0.186790098903245,1,0.001,7.4855295,123,0.0365143632345053,-0.18679009890324538,0.43667323516635015
MOEAD,NASDAQ100,window_006,8,60,10,753,125,0.180927708287782,0.179927708287782,0.398305926303547,0.395919859747839,0.187621359495637,1.88069893384089,3.1898647200552,-0.0771070471401749,1,0.001,3.6892085,125,0.021451181954503656,-0.07710704714017358,0.7470106658689692
MOEAD,NASDAQ100,window_007,8,60,10,752,124,0.333487014236019,0.332487014236019,0.79477279566746,0.792038588502099,0.174675372822805,3.43870070134369,6.5477811591862,-0.0669256830074662,1,0.001,4.0531135,124,0.018643153599013473,-0.06692568300746593,0.35920342330669175
MOEAD,NASDAQ100,window_008,8,60,10,752,126,0.172113459405885,0.171113459405885,0.373849961720432,0.37150673480162,0.286075521828271,1.25261900263973,1.81680024788284,-0.132740661430038,1,0.001,3.6809759,126,0.040369582526483656,-0.13274066143003738,0.2838561254080472
MOEAD,NASDAQ100,window_009,8,59,10,752,122,0.226383699303915,0.225383699303915,0.524278429930849,0.521712233283082,0.354363714463818,1.36492274447581,1.79665923470762,-0.230821293740385,1,0.001,3.7869255,122,0.0499818451357006,-0.23082129374038485,0.36570112353830164
MOEAD,NASDAQ100,window_010,8,60,10,750,126,-0.0572582989898766,-0.0582582989898766,-0.111238085176539,-0.113122568578559,0.199676456800763,-0.490865539456685,-0.64426332222828,-0.141584952896904,1,0.001,3.707399,126,0.030675887483596533,-0.14158495289690431,0.45453472343534157
MOEAD,NASDAQ100,window_011,8,60,10,751,123,0.123923046177159,0.122923046177159,0.270422299042028,0.2681075480059,0.301017052887395,0.944950525472303,1.48590379232803,-0.145823595886013,1,0.001,4.4959767,123,0.040876922604182755,-0.14582359588601213,0.6456874420913056
MOEAD,NASDAQ100,window_001,9,60,10,755,124,0.277656777617029,0.276656777617029,0.645360709975483,0.642744634309821,0.415263728154686,1.40609272150208,2.22941152240827,-0.285141784717431,1,0.001,11.4052938,124,0.05047508114897853,-0.2851417847174311,1.0
MOEAD,NASDAQ100,window_002,9,59,10,755,126,0.237564474174028,0.236564474174028,0.531565827737639,0.52909169878929,0.266847025665035,1.73135263135627,2.66541230609409,-0.179989361718023,1,0.001,11.1687707,126,0.03520354680951577,-0.1799893617180237,0.32009858864942586
MOEAD,NASDAQ100,window_003,9,60,10,756,124,-0.446743393734436,-0.447743393734436,-0.699696408114233,-0.70079847370443,0.522929601076743,-2.03411589892408,-3.48128820067064,-0.463869005240173,1,0.001,11.0399325,124,0.06912675353366096,-0.46386900524017394,0.5024650528270024
MOEAD,NASDAQ100,window_004,9,60,10,756,125,-0.120615569710743,-0.121615569710743,-0.228271739174231,-0.230039914017582,0.373662532939984,-0.508775903370696,-0.879147975043159,-0.303429158466194,1,0.001,7.0191506,125,0.04550580873504375,-0.3034291584661938,0.8339709187807828
MOEAD,NASDAQ100,window_005,9,60,10,755,123,0.298281190936418,0.297281190936418,0.707134401350764,0.704441509397321,0.276700960665248,2.07223689239212,3.09750198112458,-0.178162910682012,1,0.001,5.6427464,123,0.03638368450348727,-0.17816291068201262,0.3460290592707568
MOEAD,NASDAQ100,window_006,9,60,10,753,125,0.216481387001234,0.215481387001234,0.484474097850036,0.482014997305017,0.206407340740366,2.01728760929302,3.4273364818588,-0.0902330514674531,1,0.001,3.4733078,125,0.023557284676447358,-0.09023305146745286,0.7579334612435216
MOEAD,NASDAQ100,window_007,9,60,10,752,124,0.302825242689989,0.301825242689989,0.711899773495196,0.709230463933494,0.16349081770925,3.37276708748256,6.11338417353652,-0.0616002360634038,1,0.001,3.8790647,124,0.017754902235957614,-0.061600236063403924,0.35074356633124076
MOEAD,NASDAQ100,window_008,9,60,10,752,126,0.13943368269617,0.13843368269617,0.298309117262556,0.296031249897164,0.29020620595195,1.04365220038317,1.5267120204427,-0.137328523469248,1,0.001,3.7685683,126,0.04068000720739249,-0.13732852346924773,0.2970369236951924
MOEAD,NASDAQ100,window_009,9,59,10,752,122,0.212371230280634,0.211371230280634,0.488522991191667,0.485988039180253,0.376085948488111,1.24347205677287,1.65106210697831,-0.244870118253025,1,0.001,3.6076346,122,0.053197373468707024,-0.24487011825302518,0.39770966954329556
MOEAD,NASDAQ100,window_010,9,60,10,750,126,-0.0683576423814884,-0.0693576423814884,-0.132042517491021,-0.133904802206258,0.193377816946707,-0.635704740107585,-0.839646602188745,-0.139908163553719,1,0.001,3.414251,126,0.029536378311506233,-0.1399081635537185,0.4310987107288148
MOEAD,NASDAQ100,window_011,9,60,10,751,123,0.222211275881033,0.221211275881033,0.508494081503083,0.505966492937131,0.288636832748537,1.56862794500122,2.53423269805149,-0.125580241400837,1,0.001,4.042189,123,0.0383877729500437,-0.1255802414008369,0.6120693883970492
MOEAD,NASDAQ100,window_001,10,60,10,755,124,0.213235694585869,0.212235694585869,0.481147355160363,0.478667381029501,0.370211155233838,1.24555094148848,1.92099979743446,-0.249018055623026,1,0.001,11.4425982,124,0.04722476564148439,-0.24901805562302626,1.0
MOEAD,NASDAQ100,window_002,10,59,10,755,126,0.240775875760502,0.239775875760502,0.53952477386924,0.537044222117719,0.26082952641543,1.78507280620871,2.80293506103854,-0.169559644457466,1,0.001,11.1499565,126,0.033751495174338175,-0.16955964445746663,0.3751113442643589
MOEAD,NASDAQ100,window_003,10,60,10,756,124,-0.463619076397166,-0.464619076397166,-0.718018912870362,-0.719086264266716,0.553580929964679,-2.0050659816236,-3.56687904591587,-0.47419463430125,1,0.001,10.8326668,124,0.07175015708726248,-0.4741946343012494,0.4367565352724625
MOEAD,NASDAQ100,window_004,10,60,10,756,125,-0.12829389405797,-0.12929389405797,-0.241795954193145,-0.243548435415671,0.372199245644091,-0.559714973443024,-0.977238167995489,-0.313915513210518,1,0.001,4.8469636,125,0.04538717781801344,-0.3139155132105187,0.7855008910371323
MOEAD,NASDAQ100,window_005,10,60,10,755,123,0.327086616947825,0.326086616947825,0.785638846395096,0.782883233905105,0.269298288478018,2.28892146932112,3.5506353392307,-0.16582167230543,1,0.001,7.9466057,123,0.03441023473239204,-0.165821672305431,0.3880179125864895
MOEAD,NASDAQ100,window_006,10,60,10,753,125,0.190200123595369,0.189200123595369,0.420528338204618,0.418123227702016,0.202087679597024,1.83784137057815,3.01601380661202,-0.0830200161180599,1,0.001,3.6073373,125,0.023619240640805172,-0.08302001611805998,0.7706514711283468
MOEAD,NASDAQ100,window_007,10,60,10,752,124,0.324707195283631,0.323707195283631,0.770839260349537,0.768123641203045,0.165351596490292,3.54180769745593,6.35031760572817,-0.0622248466436184,1,0.001,3.8061774,124,0.018111649641406085,-0.062224846643618714,0.3752576751211487
MOEAD,NASDAQ100,window_008,10,60,10,752,126,0.137390295907246,0.136390295907246,0.293656685223973,0.291382904632159,0.285936245513056,1.04253658935655,1.51162905979586,-0.136302669457597,1,0.001,3.7388622,126,0.040411208092160526,-0.1363026694575964,0.26825708272397736
MOEAD,NASDAQ100,window_009,10,59,10,752,122,0.224872375578559,0.223872375578559,0.520400937919249,0.517838112313156,0.380202585312704,1.28987788559098,1.70368838908848,-0.244182624490956,1,0.001,3.8263501,122,0.053510287152837184,-0.2441826244909555,0.4422416852580511
MOEAD,NASDAQ100,window_010,10,60,10,750,126,-0.0567948921696965,-0.0577948921696965,-0.110364124562826,-0.112249534778486,0.196171567965888,-0.498224877633238,-0.656947112286884,-0.138410859004072,1,0.001,3.8929259,126,0.029850045077056818,-0.1384108590040719,0.3977278899594655
MOEAD,NASDAQ100,window_011,10,60,10,751,123,0.151715505830502,0.150715505830502,0.335619887882951,0.333245042657522,0.300503740286799,1.11270415296439,1.78355777780129,-0.144868293672432,1,0.001,3.6079989,123,0.0401026293742433,-0.1448682936724316,0.641704867319163
NSGAII,NASDAQ100,window_001,1,60,10,755,124,0.243734497656661,0.242734497656661,0.557797823809052,0.555253443610573,0.385138038763512,1.34290959917074,2.13181535803319,-0.263636524122379,1,0.001,1.2736473,124,0.04781700233805014,-0.2636365241223786,1.0
NSGAII,NASDAQ100,window_002,1,59,10,755,126,0.233686765634199,0.232686765634199,0.521983035700972,0.519516662169703,0.262215099371906,1.73316242908463,2.79206419181985,-0.171682872062876,1,0.001,1.2385214,126,0.03268751663135847,-0.17168287206287614,0.3741789088008383
NSGAII,NASDAQ100,window_003,1,60,10,756,124,-0.475271971222133,-0.476271971222133,-0.73032906097362,-0.731372462243846,0.568136213902608,-2.01767119701084,-3.57770067327498,-0.483155808583717,1,0.001,1.2511337,124,0.07278699299317724,-0.4831558085837159,0.5044688678596431
NSGAII,NASDAQ100,window_004,1,60,10,756,125,-0.112972242449268,-0.113972242449268,-0.21468947870803,-0.216473277821082,0.389935567750685,-0.427428861916854,-0.742386557030189,-0.309952105581493,1,0.001,1.2701381,125,0.046882449302581626,-0.3099521055814932,0.8286329225369615
NSGAII,NASDAQ100,window_005,1,60,10,755,123,0.370696354814068,0.369696354814068,0.907930615806512,0.905079922015982,0.292534086166266,2.35619907446405,3.59827606456381,-0.184322901701653,1,0.001,1.2313117,123,0.03734536278977041,-0.18432290170165277,0.2601494163425494
NSGAII,NASDAQ100,window_006,1,60,10,753,125,0.218756914526798,0.217756914526798,0.490077506234834,0.487613730151101,0.210627928240578,1.99879491231856,3.33331940080962,-0.0882721902156501,1,0.001,1.2554917,125,0.02436670833292463,-0.08827219021564969,0.8021163567865581
NSGAII,NASDAQ100,window_007,1,60,10,752,124,0.358152695541641,0.357152695541641,0.862884221811039,0.860097773134794,0.175181574866556,3.64246012181536,6.50437879891207,-0.068652127006821,1,0.001,1.2511212,124,0.019154938283210857,-0.0686521270068211,0.31977651353678904
NSGAII,NASDAQ100,window_008,1,60,10,752,126,0.131585444508883,0.130585444508883,0.280485618224367,0.27822344733535,0.279171456051045,1.02451992664262,1.47175528720163,-0.138516980085071,1,0.001,1.2726263,126,0.03968154845606838,-0.13851698008507074,0.2085194564095692
NSGAII,NASDAQ100,window_009,1,59,10,752,122,0.219231583388275,0.218231583388275,0.505973762417157,0.503423516313169,0.376321293273099,1.27404812021472,1.68020583849685,-0.245255881238577,1,0.001,1.3010261,122,0.05300608521128726,-0.2452558812385769,0.5114486182486708
NSGAII,NASDAQ100,window_010,1,60,10,750,126,-0.0488259553293877,-0.0498259553293877,-0.095267936744948,-0.0971692848342893,0.186509571070822,-0.443788684117845,-0.596860229280738,-0.131650383069566,1,0.001,1.2125889,126,0.02784114342156808,-0.13165038306956578,0.41582121274960127
NSGAII,NASDAQ100,window_011,1,60,10,751,123,0.125632340962846,0.124632340962846,0.274383894749666,0.272065449868842,0.303696908234477,0.9497344230853,1.45339513753413,-0.150678887564903,1,0.001,1.1968098,123,0.04230600226721598,-0.15067888756490277,0.6264894870232055
NSGAII,NASDAQ100,window_001,2,60,10,755,124,0.250029600992915,0.249029600992915,0.573863471846615,0.571305791529616,0.405976786785645,1.31929566888294,2.0825905615323,-0.279182878175575,1,0.001,1.1548745,124,0.04959152199957862,-0.2791828781755752,1.0
NSGAII,NASDAQ100,window_002,2,59,10,755,126,0.193741734598391,0.192741734598391,0.425019328921976,0.422632845452779,0.256901960138956,1.50706609827598,2.45174375629933,-0.173924207596406,1,0.001,1.1999185,126,0.0319941751310498,-0.1739242075964056,0.37767285810222906
NSGAII,NASDAQ100,window_003,2,60,10,756,124,-0.442365509454256,-0.443365509454256,-0.694847462757673,-0.695958539522226,0.514511362623482,-2.04516351682397,-3.61626357498711,-0.458153916907925,1,0.001,1.2417794,124,0.06574451190060461,-0.45815391690792484,0.4563680585297775
NSGAII,NASDAQ100,window_004,2,60,10,756,125,-0.14543791155514,-0.14643791155514,-0.271557725196699,-0.273275174014464,0.382530428120024,-0.638761088452998,-1.07504279819935,-0.327139343632065,1,0.001,1.2217708,125,0.04746019829787153,-0.3271393436320662,0.8048233271172311
NSGAII,NASDAQ100,window_005,2,60,10,755,123,0.368269813149515,0.367269813149515,0.901017065008786,0.898171665674248,0.295624679912086,2.3223162141005,3.55260200974797,-0.190397151862734,1,0.001,1.183841,123,0.037665195829529895,-0.1903971518627341,0.3026845910820174
NSGAII,NASDAQ100,window_006,2,60,10,753,125,0.246825274719069,0.245825274719069,0.560069995864303,0.557548536155984,0.214011285272789,2.18538557173229,3.74319190185926,-0.0853900448449163,1,0.001,1.2212695,125,0.023848523053825656,-0.08539004484491586,0.8896424450596765
NSGAII,NASDAQ100,window_007,2,60,10,752,124,0.351405211639642,0.350405211639642,0.844123783119767,0.841351628570385,0.177157157664139,3.54648459084856,6.33090352136921,-0.0687172115388055,1,0.001,1.2148602,124,0.019102578151659142,-0.06871721153880539,0.28759602872838924
NSGAII,NASDAQ100,window_008,2,60,10,752,126,0.153236783639229,0.152236783639229,0.329955079138553,0.327649605571274,0.302626468272528,1.09254227054677,1.609887743817,-0.144213574807933,1,0.001,1.2683705,126,0.042339173820117086,-0.14421357480793295,0.2560164503822091
NSGAII,NASDAQ100,window_009,2,59,10,752,122,0.234331387716411,0.233331387716411,0.544753086492924,0.542169157869121,0.361969007801358,1.38040628367408,1.83149863231583,-0.231446745530345,1,0.001,1.2654105,122,0.05141888339894423,-0.23144674553034505,0.5582738870374678
NSGAII,NASDAQ100,window_010,2,60,10,750,126,-0.0902064676926201,-0.0912064676926201,-0.172275728571661,-0.174094315636275,0.206116778405971,-0.814176114872045,-1.07851372626992,-0.156541492084431,1,0.001,1.1994538,126,0.03186997263008705,-0.15654149208443024,0.5057409507978933
NSGAII,NASDAQ100,window_011,2,60,10,751,123,0.153683846001642,0.152683846001642,0.340300711797659,0.337921607828231,0.304094099976059,1.11444692842098,1.80665197358783,-0.139054552756667,1,0.001,1.1637133,123,0.039168176701090095,-0.13905455275666734,0.6375954995523423
NSGAII,NASDAQ100,window_001,3,60,10,755,124,0.243840448307379,0.242840448307379,0.558067526320602,0.555522922290489,0.407923969281144,1.29011203702565,2.02364115350739,-0.277230489716779,1,0.001,1.2597717,124,0.04981068042855612,-0.2772304897167793,1.0
NSGAII,NASDAQ100,window_002,3,59,10,755,126,0.240433690357894,0.239433690357894,0.538675740174903,0.536195872794188,0.276246695120313,1.698343614073,2.64025862775737,-0.184388436709351,1,0.001,1.2596866,126,0.03590823601093501,-0.18438843670935157,0.2869852426520673
NSGAII,NASDAQ100,window_003,3,60,10,756,124,-0.43976217923216,-0.44076217923216,-0.691945306940736,-0.693061743328286,0.535350014115037,-1.92758407003253,-3.33633976165109,-0.455194076185139,1,0.001,1.2536457,124,0.06902057620113915,-0.45519407618513874,0.44958309465369334
NSGAII,NASDAQ100,window_004,3,60,10,756,125,-0.121564832555925,-0.122564832555925,-0.229950251079863,-0.231716485618796,0.386883611506509,-0.484018815293155,-0.812558314506679,-0.315249120798616,1,0.001,1.2139503,125,0.04760768824443882,-0.3152491207986158,0.8205368667783212
NSGAII,NASDAQ100,window_005,3,60,10,755,123,0.322000232557228,0.321000232557228,0.771645381240434,0.768900848645405,0.285509837308804,2.14704516701041,3.22447047106108,-0.179461984028056,1,0.001,1.217536,123,0.037040738936469086,-0.17946198402805535,0.2667720995474991
NSGAII,NASDAQ100,window_006,3,60,10,753,125,0.224139419815324,0.223139419815324,0.503374089010505,0.500899252908337,0.205019069191269,2.09137629703056,3.57512957669023,-0.0804148863255865,1,0.001,1.199095,125,0.0230027844734158,-0.08041488632558647,0.8088874326633769
NSGAII,NASDAQ100,window_007,3,60,10,752,124,0.335013330767422,0.334013330767422,0.798950143548609,0.796212704568875,0.174763455954377,3.45046532077427,5.96932858228778,-0.0675499276596253,1,0.001,1.3268851,124,0.019187771922608655,-0.06754992765962531,0.21089129047029012
NSGAII,NASDAQ100,window_008,3,60,10,752,126,0.156039923200187,0.155039923200187,0.336428304032695,0.334117224186295,0.286022237361349,1.15581775297409,1.7093543431195,-0.129057774929214,1,0.001,1.198991,126,0.039921938639653064,-0.129057774929214,0.2792608749328825
NSGAII,NASDAQ100,window_009,3,59,10,752,122,0.224730758340718,0.223730758340718,0.5200378620673,0.517475352327675,0.373335766225057,1.30640234958207,1.71710991136604,-0.243490227042645,1,0.001,1.2344742,122,0.05282442214159292,-0.2434902270426451,0.5278574274994154
NSGAII,NASDAQ100,window_010,3,60,10,750,126,-0.0726242709763485,-0.0736242709763485,-0.139974257217851,-0.141828008675898,0.197223474064822,-0.66607390401136,-0.891712355350762,-0.147593102828461,1,0.001,1.1728717,126,0.02950270511866957,-0.14759310282846072,0.38093813683173916
NSGAII,NASDAQ100,window_011,3,60,10,751,123,0.106062522295999,0.105062522295999,0.22940492330372,0.22712875299903,0.298965876505203,0.83929332662703,1.40612711612662,-0.150636012134881,1,0.001,1.1883407,123,0.03899478583805717,-0.15063601213488087,0.5318743979662667
NSGAII,NASDAQ100,window_001,4,60,10,755,124,0.242014404956353,0.241014404956353,0.55342256234977,0.55088181593769,0.383022181541056,1.34071756075673,2.0897518447009,-0.258183973402949,1,0.001,1.1997022,124,0.047079624729003976,-0.2581839734029491,1.0
NSGAII,NASDAQ100,window_002,4,59,10,755,126,0.259009091825632,0.258009091825632,0.585103893299603,0.582586875115951,0.26729740341639,1.85763485182251,2.87035386503048,-0.169920487758783,1,0.001,1.2010561,126,0.03410355797418857,-0.16992048775878354,0.2997585370539977
NSGAII,NASDAQ100,window_003,4,60,10,756,124,-0.49302761604264,-0.49402761604264,-0.748549808695677,-0.749556750030182,0.593338068266319,-2.02466540902497,-3.62850831294316,-0.502074570018008,1,0.001,1.2421308,124,0.07463938289454329,-0.5020745700180078,0.48827457411737735
NSGAII,NASDAQ100,window_004,4,60,10,756,125,-0.0944203956703629,-0.0954203956703629,-0.181225909137546,-0.183047640331436,0.385434170599198,-0.328703192604138,-0.565507200956407,-0.297342415806536,1,0.001,1.3209564,125,0.04632060303015617,-0.2973424158065353,0.7971709643943682
NSGAII,NASDAQ100,window_005,4,60,10,755,123,0.347044855306739,0.346044855306739,0.841091763025431,0.838292654676155,0.293288087149795,2.22906433004981,3.38616655243957,-0.183892720897827,1,0.001,1.210583,123,0.03753123979537833,-0.18389272089782804,0.21060658492028334
NSGAII,NASDAQ100,window_006,4,60,10,753,125,0.239552878754224,0.238552878754224,0.541779821929242,0.539273309823508,0.21017528089173,2.16523867696494,3.86277681526863,-0.083363764395692,1,0.001,1.2151107,125,0.023101330213320486,-0.08336376439569171,0.8671884454326798
NSGAII,NASDAQ100,window_007,4,60,10,752,124,0.365090725000184,0.364090725000184,0.88227502865638,0.879473879804576,0.178608711760236,3.6341025937032,6.2432354212606,-0.068215426227435,1,0.001,1.2262431,124,0.019964105766365085,-0.06821542622743493,0.23475864319667614
NSGAII,NASDAQ100,window_008,4,60,10,752,126,0.15873009435507,0.15773009435507,0.342655431564111,0.3403389713754,0.281705378270111,1.18606166346126,1.72070414682866,-0.133424253580525,1,0.001,1.2353789,126,0.03987324047135937,-0.1334242535805248,0.26429396006391237
NSGAII,NASDAQ100,window_009,4,59,10,752,122,0.254456518362467,0.253456518362467,0.597229529319954,0.594600666399183,0.382866093728679,1.41263961054832,1.90298721806145,-0.246494903167786,1,0.001,1.233002,122,0.05391442529764285,-0.24649490316778577,0.49943232588609227
NSGAII,NASDAQ100,window_010,4,60,10,750,126,-0.046247041859681,-0.047247041859681,-0.0903552948385908,-0.0922618007548716,0.181503651562911,-0.431195691524249,-0.569473179640856,-0.125341496579483,1,0.001,1.2150697,126,0.028060259285349085,-0.12534149657948346,0.45957221187782316
NSGAII,NASDAQ100,window_011,4,60,10,751,123,0.0683804947353446,0.0673804947353446,0.145125714230044,0.142930841042823,0.304915045758729,0.595930204225302,0.955307547252001,-0.156715535795944,1,0.001,1.2133814,123,0.041037238203781586,-0.15671553579594477,0.6212633158717904
NSGAII,NASDAQ100,window_001,5,60,10,755,124,0.251056261866376,0.250056261866376,0.576491540378158,0.573931690755441,0.391318080485262,1.35824982537476,2.12623127233643,-0.265888630993674,1,0.001,1.1959443,124,0.04807665376180255,-0.26588863099367366,1.0
NSGAII,NASDAQ100,window_002,5,59,10,755,126,0.220600738945465,0.219600738945465,0.489866163914216,0.487425962436326,0.264164149911425,1.64152953869541,2.62194652803084,-0.171556248816864,1,0.001,1.2151472,126,0.0334213021877461,-0.17155624881686504,0.3543569362066111
NSGAII,NASDAQ100,window_003,5,60,10,756,124,-0.435373890165795,-0.436373890165795,-0.687021717208625,-0.688147189833187,0.536346899833474,-1.89354518474136,-3.26681779083246,-0.446529456196787,1,0.001,1.2184025,124,0.06912353231306409,-0.4465294561967864,0.5321327006753763
NSGAII,NASDAQ100,window_004,5,60,10,756,125,-0.0961746579212112,-0.0971746579212112,-0.184420350473485,-0.186238494273986,0.373554207674776,-0.361433997191931,-0.626690286622103,-0.296167462715843,1,0.001,1.2057377,125,0.045158213756018126,-0.29616746271584315,0.7108414700319988
NSGAII,NASDAQ100,window_005,5,60,10,755,123,0.368801697762665,0.367801697762665,0.902531377993623,0.899684818182574,0.294521712841824,2.33258931851262,3.56902141511505,-0.187051146000263,1,0.001,1.22245,123,0.03750763305936811,-0.18705114600026274,0.24846722401524252
NSGAII,NASDAQ100,window_006,5,60,10,753,125,0.234297225570961,0.233297225570961,0.528629447712578,0.526133737145241,0.206314264156686,2.1602885957095,3.75923828169083,-0.0804580595848648,1,0.001,1.1803101,125,0.0230836004170982,-0.08045805958486474,0.8622759054428849
NSGAII,NASDAQ100,window_007,5,60,10,752,124,0.29200370360257,0.29100370360257,0.6831261623869,0.680479745599893,0.165049278622978,3.23951544337231,5.81768501960163,-0.0613945585839144,1,0.001,1.1970501,124,0.018253022778539598,-0.06139455858391418,0.26504864031878267
NSGAII,NASDAQ100,window_008,5,60,10,752,126,0.14621044193424,0.14521044193424,0.313798377199087,0.311506956315218,0.27888740946209,1.11728376156656,1.61940267001204,-0.132764886779107,1,0.001,1.2254468,126,0.0394600809629557,-0.1327648867791068,0.30264828234620134
NSGAII,NASDAQ100,window_009,5,59,10,752,122,0.233345904202952,0.232345904202952,0.542206651472283,0.539624921954695,0.364315157230901,1.3688654120671,1.85291468941941,-0.228184861126924,1,0.001,1.2730121,122,0.05029170514041086,-0.22818486112692316,0.3793983805288915
NSGAII,NASDAQ100,window_010,5,60,10,750,126,-0.036481889447929,-0.037481889447929,-0.071632850638167,-0.0735588868592711,0.194828723424427,-0.284354147533395,-0.368776873018992,-0.138968712389341,1,0.001,1.218675,126,0.029391120714790213,-0.1389687123893415,0.4747535152682072
NSGAII,NASDAQ100,window_011,5,60,10,751,123,0.0281527786941491,0.0271527786941491,0.0585307663967451,0.0564225280701069,0.337009632291483,0.336131444751374,0.528599887560649,-0.167803372516942,1,0.001,1.2481468,123,0.04589961770023543,-0.16780337251694177,0.556253665225784
NSGAII,NASDAQ100,window_001,6,60,10,755,124,0.255072235389515,0.254072235389515,0.586793111665943,0.584224775851998,0.405697559567272,1.34009084689048,2.11672080658674,-0.275722365571533,1,0.001,1.201651,124,0.049567954136501384,-0.27572236557153307,1.0
NSGAII,NASDAQ100,window_002,6,59,10,755,126,0.20358190950545,0.20258190950545,0.448609412888785,0.446203249069774,0.265463106724798,1.52880639254746,2.4341341804073,-0.176431273691539,1,0.001,1.4698334,126,0.033520541431250425,-0.1764312736915391,0.35270707662447676
NSGAII,NASDAQ100,window_003,6,60,10,756,124,-0.481637388975984,-0.482637388975984,-0.736935665306756,-0.737965990998361,0.568668734059632,-2.05871370956084,-3.6957155569555,-0.4847944269949,1,0.001,1.2568833,124,0.07190300645487346,-0.4847944269949003,0.4122871174161323
NSGAII,NASDAQ100,window_004,6,60,10,756,125,-0.135653490012989,-0.136653490012989,-0.254645682202814,-0.256383123325843,0.389771953761091,-0.561178876278405,-0.953353408208031,-0.326779321749509,1,0.001,1.2313555,125,0.04790974465390866,-0.32677932174950786,0.8133209650068484
NSGAII,NASDAQ100,window_005,6,60,10,755,123,0.345520280580558,0.344520280580558,0.836825184954842,0.834029400293199,0.294610070106524,2.21248149065916,3.37798660759996,-0.178841988763991,1,0.001,1.2259433,123,0.03781670785444663,-0.17884198876399193,0.2713951125050209
NSGAII,NASDAQ100,window_006,6,60,10,753,125,0.221461024533055,0.220461024533055,0.496750118388546,0.49428078597369,0.204900866637337,2.07078553043044,3.63148084988914,-0.0780507611897738,1,0.001,1.196898,125,0.02281360641355047,-0.07805076118977361,0.85184151462775
NSGAII,NASDAQ100,window_007,6,60,10,752,124,0.370240961169954,0.369240961169954,0.896735167436072,0.893923104793957,0.18293056251147,3.5942986345074,6.54019559426323,-0.0730057782263389,1,0.001,1.1997067,124,0.01969691842294907,-0.0730057782263388,0.19701764224290344
NSGAII,NASDAQ100,window_008,6,60,10,752,126,0.145285532388509,0.144285532388509,0.311678950698431,0.309389379633654,0.28298690432875,1.09929946681033,1.60121261605787,-0.134431036175698,1,0.001,1.1792649,126,0.039669766965502784,-0.1344310361756983,0.20416159183924038
NSGAII,NASDAQ100,window_009,6,59,10,752,122,0.256330223814283,0.255330223814283,0.602161258620427,0.599528209773427,0.373228932183922,1.44763509661109,1.92278899726231,-0.235214855584119,1,0.001,1.342324,122,0.05250750007485849,-0.23521485558412014,0.4293322553148018
NSGAII,NASDAQ100,window_010,6,60,10,750,126,-0.086057804571125,-0.087057804571125,-0.164709663414648,-0.166536547805506,0.19031389418694,-0.850435881512222,-1.12758859540367,-0.147101424242997,1,0.001,1.2023696,126,0.029675399870946275,-0.14710142424299644,0.4246093683146052
NSGAII,NASDAQ100,window_011,6,60,10,751,123,0.0643180151425273,0.0633180151425273,0.136222495259982,0.134036378404799,0.316319718552347,0.561002269607892,0.859483196304676,-0.156943745419138,1,0.001,1.1791107,123,0.04370737283881721,-0.15694374541913814,0.6214623688968453
NSGAII,NASDAQ100,window_001,7,60,10,755,124,0.257674168037725,0.256674168037725,0.593485651262542,0.590911816812388,0.429461034150953,1.29855334980181,2.09935201673003,-0.297272454398985,1,0.001,1.1996745,124,0.051984831932108615,-0.29727245439898387,1.0
NSGAII,NASDAQ100,window_002,7,59,10,755,126,0.222086698356317,0.221086698356317,0.493495898299443,0.491052724902731,0.270317251793536,1.61932398386517,2.48357799781556,-0.185304130170027,1,0.001,1.3593802,126,0.03499393117586163,-0.18530413017002711,0.3608991106476309
NSGAII,NASDAQ100,window_003,7,60,10,756,124,-0.447774292929524,-0.448774292929524,-0.700832493865481,-0.701932437848822,0.526275818572178,-2.02537759105081,-3.58404217743999,-0.462735951851952,1,0.001,1.2717244,124,0.06701090769444067,-0.46273595185195115,0.3711422584352722
NSGAII,NASDAQ100,window_004,7,60,10,756,125,-0.113922922774438,-0.114922922774438,-0.216385349354828,-0.218167204996758,0.391176454072607,-0.43020138706734,-0.745029602457539,-0.30689526123026,1,0.001,1.3059031,125,0.04716073042693432,-0.30689526123026,0.7923467328868434
NSGAII,NASDAQ100,window_005,7,60,10,755,123,0.324741312904396,0.323741312904396,0.779179534022026,0.776429030668999,0.283785286932291,2.17336557107622,3.29508397014135,-0.18378937414214,1,0.001,1.2218044,123,0.03653534133324053,-0.18378937414214025,0.2797998199008975
NSGAII,NASDAQ100,window_006,7,60,10,753,125,0.235493501019186,0.234493501019186,0.53161770481333,0.529119535697984,0.210994321145179,2.12617851671926,3.75642076154627,-0.0782081354758345,1,0.001,1.2655157,125,0.023239894397163334,-0.07820813547583383,0.8878492394719213
NSGAII,NASDAQ100,window_007,7,60,10,752,124,0.370322647354598,0.369322647354598,0.896964967730338,0.894152731977543,0.175886996117365,3.7318783434501,6.53848047778453,-0.0677540074566677,1,0.001,1.2582054,124,0.0191908104021152,-0.0677540074566676,0.23302507785182341
NSGAII,NASDAQ100,window_008,7,60,10,752,126,0.13720576179854,0.13620576179854,0.293236944667799,0.290963533144202,0.295843382688851,1.01618760359043,1.49035921887146,-0.141959084483116,1,0.001,1.1769151,126,0.04164019890750553,-0.14195908448311612,0.24002809319503432
NSGAII,NASDAQ100,window_009,7,59,10,752,122,0.243791833489029,0.242791833489029,0.569308640601442,0.566703595147558,0.393725895493054,1.33879215478244,1.83294866311419,-0.243974803911968,1,0.001,1.3465049,122,0.054709068251720054,-0.24397480391196824,0.49548105685393273
NSGAII,NASDAQ100,window_010,7,60,10,750,126,-0.051320196819557,-0.052320196819557,-0.100006631037516,-0.101902990643877,0.191789203382434,-0.453652006724523,-0.594121888635307,-0.13496034643317,1,0.001,1.2354669,126,0.029518257731092873,-0.13496034643316945,0.4876311682759904
NSGAII,NASDAQ100,window_011,7,60,10,751,123,0.193045727182519,0.192045727182519,0.435666443638736,0.43320210174281,0.321773667852861,1.28431483333802,2.10354248516878,-0.148301999730188,1,0.001,1.2103734,123,0.04176012220934379,-0.14830199973018865,0.5832748982635911
NSGAII,NASDAQ100,window_001,8,60,10,755,124,0.269538766819077,0.268538766819077,0.624184465903838,0.621585553482262,0.410899140350333,1.38505553231436,2.19382966803186,-0.281604208934568,1,0.001,1.276364,124,0.050062962255964745,-0.28160420893456817,1.0
NSGAII,NASDAQ100,window_002,8,59,10,755,126,0.196392174919247,0.195392174919247,0.431354236208005,0.428962451858167,0.279458068751086,1.42299020959661,2.19987296683534,-0.187726441055657,1,0.001,1.1919803,126,0.03686991324160462,-0.18772644105565706,0.34491219715333366
NSGAII,NASDAQ100,window_003,8,60,10,756,124,-0.47937145172557,-0.48037145172557,-0.734593412199504,-0.735628391894947,0.563960659593797,-2.06503513522572,-3.71508903527255,-0.488636164745146,1,0.001,1.2592679,124,0.07124257544749733,-0.48863616474514615,0.49420431312869534
NSGAII,NASDAQ100,window_004,8,60,10,756,125,-0.143411637508757,-0.144411637508757,-0.268071438948517,-0.269793027710456,0.383920433353509,-0.622542715719967,-1.04402509596533,-0.317032746680085,1,0.001,1.3639518,125,0.04780743327083286,-0.3170327466800851,0.8151937354360131
NSGAII,NASDAQ100,window_005,8,60,10,755,123,0.34608222285772,0.34508222285772,0.838397211289252,0.83560020157253,0.292997669584107,2.22599397240894,3.38381294208382,-0.176451575803672,1,0.001,1.207094,123,0.03774314185167903,-0.1764515758036721,0.268448116763096
NSGAII,NASDAQ100,window_006,8,60,10,753,125,0.209057106783395,0.208057106783395,0.466266044358379,0.463822197547247,0.207902251419876,1.94469879285229,3.32109283231638,-0.0836062432449137,1,0.001,1.3991192,125,0.02381881361785753,-0.0836062432449135,0.8507294022134404
NSGAII,NASDAQ100,window_007,8,60,10,752,124,0.321712993474228,0.320712993474228,0.76271446852202,0.760005187582552,0.175178750529672,3.32632790434913,5.67375140423393,-0.0637770602246547,1,0.001,1.200871,124,0.019758517478809932,-0.06377706022465479,0.2863288023842252
NSGAII,NASDAQ100,window_008,8,60,10,752,126,0.155404258421342,0.154404258421342,0.334959000378171,0.332649191861329,0.295937210213269,1.12307307793495,1.66157997362031,-0.134823162364354,1,0.001,1.2436135,126,0.04118516983984561,-0.1348231623643532,0.285877968464211
NSGAII,NASDAQ100,window_009,8,59,10,752,122,0.251095836475741,0.250095836475741,0.588403618308347,0.58578226224545,0.371105637562533,1.4301756905208,1.96324687389827,-0.230337585325081,1,0.001,1.1992288,122,0.05134616740947023,-0.2303375853250812,0.503890568146659
NSGAII,NASDAQ100,window_010,8,60,10,750,126,-0.0545471126530054,-0.0555471126530054,-0.106118837807231,-0.108008743581925,0.200192308884761,-0.46049645674917,-0.602120780487627,-0.14094607607136,1,0.001,1.1942116,126,0.03116095846161739,-0.14094607607136023,0.4774021741359207
NSGAII,NASDAQ100,window_011,8,60,10,751,123,0.113098900125533,0.112098900125533,0.245481974310606,0.243190608244376,0.29518379731411,0.89065408744017,1.33753830721931,-0.146959026400851,1,0.001,1.2311558,123,0.041681182932764835,-0.14695902640085068,0.6534978229463504
NSGAII,NASDAQ100,window_001,9,60,10,755,124,0.243191606553198,0.242191606553198,0.556416240303809,0.553873007008898,0.382929958911999,1.34603952627352,2.12143177416881,-0.259657669916055,1,0.001,1.2379689,124,0.0471681971356818,-0.25965766991605455,1.0
NSGAII,NASDAQ100,window_002,9,59,10,755,126,0.256320719805144,0.255320719805144,0.578341751011716,0.575830109572106,0.263009037249835,1.86728171778095,2.93354797304181,-0.172200339025656,1,0.001,1.2201337,126,0.03341973698708804,-0.172200339025656,0.29386757979715583
NSGAII,NASDAQ100,window_003,9,60,10,756,124,-0.483282183582059,-0.484282183582059,-0.738629250413914,-0.739656198276562,0.582349782897947,-2.00765928672994,-3.55522526310701,-0.499401025990545,1,0.001,1.2295865,124,0.0741582019618922,-0.4994010259905446,0.43562799456161083
NSGAII,NASDAQ100,window_004,9,60,10,756,125,-0.133120289877073,-0.134120289877073,-0.250235251126817,-0.251977868877187,0.388735908233257,-0.548725534466045,-0.943021720789292,-0.327731683280232,1,0.001,1.252885,125,0.04739080052232238,-0.3277316832802314,0.8106531380732177
NSGAII,NASDAQ100,window_005,9,60,10,755,123,0.345331920632575,0.344331920632575,0.836298404459907,0.833503030424373,0.287344225496158,2.26015967898991,3.38926097900186,-0.181484561541838,1,0.001,1.2070287,123,0.037178066134535205,-0.18148456154183867,0.3098810975866238
NSGAII,NASDAQ100,window_006,9,60,10,753,125,0.236581015779309,0.235581015779309,0.534336833458958,0.531836429284114,0.22850335821342,1.98757265086392,3.53024741821352,-0.0926851628463955,1,0.001,1.2565498,125,0.02520030473811976,-0.09268516284639505,0.8967230461699112
NSGAII,NASDAQ100,window_007,9,60,10,752,124,0.38240800848511,0.38140800848511,0.931119436877758,0.928281585973998,0.182018078185294,3.71036772744029,6.73432613873809,-0.0699822894263417,1,0.001,1.2037281,124,0.019931936021513275,-0.06998228942634166,0.28821264305813304
NSGAII,NASDAQ100,window_008,9,60,10,752,126,0.136336545884507,0.135336545884507,0.291260745512733,0.288989072420964,0.281925579113541,1.04709611227384,1.50158171709112,-0.140620233294151,1,0.001,1.2643308,126,0.040260701882069205,-0.14062023329415063,0.21475633810224948
NSGAII,NASDAQ100,window_009,9,59,10,752,122,0.23538793175422,0.23438793175422,0.547485545338934,0.544899258909438,0.391486713845503,1.30823701834633,1.80709131193584,-0.240151312838946,1,0.001,1.19661,122,0.05331806622021245,-0.24015131283894542,0.3750926508471988
NSGAII,NASDAQ100,window_010,9,60,10,750,126,-0.0377755214310236,-0.0387755214310236,-0.0741240528426614,-0.0760475017997994,0.17572672998655,-0.35064143840965,-0.471837688929707,-0.119525492268223,1,0.001,1.166284,126,0.026517192103883987,-0.1195254922682224,0.4737360435265808
NSGAII,NASDAQ100,window_011,9,60,10,751,123,0.126252434715194,0.125252434715194,0.275822633491599,0.273502848499204,0.300733342955716,0.959922673938815,1.46509428813154,-0.154654341598486,1,0.001,1.2008918,123,0.04194227863619192,-0.15465434159848646,0.6020117287338222
NSGAII,NASDAQ100,window_001,10,60,10,755,124,0.251947291128762,0.250947291128762,0.578774221483398,0.576212489094196,0.391638941712369,1.36121170726161,2.14458979795173,-0.268753588112987,1,0.001,1.2101529,124,0.04835943221543511,-0.26875358811298666,1.0
NSGAII,NASDAQ100,window_002,10,59,10,755,126,0.250890220988586,0.249890220988586,0.564726344964874,0.562225564522897,0.267855098152499,1.80591441757691,2.81318715447292,-0.167946378380902,1,0.001,1.2115352,126,0.034232757133492386,-0.1679463783809022,0.36125649361543555
NSGAII,NASDAQ100,window_003,10,60,10,756,124,-0.474443451650477,-0.475443451650477,-0.729463026263222,-0.730508129822244,0.565556779795813,-2.02385273980718,-3.61372321224029,-0.485668481863972,1,0.001,1.240658,124,0.0718709113937599,-0.4856684818639715,0.45371723251368334
NSGAII,NASDAQ100,window_004,10,60,10,756,125,-0.139218485285789,-0.140218485285789,-0.260830308847497,-0.262560465268014,0.389281085474836,-0.583640960309202,-0.985949205700507,-0.333197249256078,1,0.001,1.2314472,125,0.04817260211655521,-0.33319724925607785,0.8379125578081992
NSGAII,NASDAQ100,window_005,10,60,10,755,123,0.280601139755392,0.279601139755392,0.659844752111255,0.657190322932576,0.278135440182974,1.96178405282829,2.92761417014633,-0.181352302123632,1,0.001,1.2198667,123,0.037157996815183045,-0.1813523021236313,0.35925012223613095
NSGAII,NASDAQ100,window_006,10,60,10,753,125,0.232849755614692,0.231849755614692,0.525017647204651,0.522524911381448,0.2224533210644,2.00811869882502,3.43881948348263,-0.0894318644546492,1,0.001,1.2715677,125,0.025374273656856513,-0.0894318644546489,0.9041452834791004
NSGAII,NASDAQ100,window_007,10,60,10,752,124,0.383104131305031,0.382104131305031,0.933096181108417,0.930256854538478,0.182406524263381,3.70861068386879,6.21780277016711,-0.0696768360777638,1,0.001,1.2366888,124,0.0205968943944801,-0.06967683607776387,0.2625701400435362
NSGAII,NASDAQ100,window_008,10,60,10,752,126,0.167733761447652,0.166733761447652,0.363602137624683,0.361267670101787,0.310133531656426,1.15384176710733,1.70796319938037,-0.14291416414599,1,0.001,1.2347689,126,0.04296220881783067,-0.14291416414598956,0.2854377743111631
NSGAII,NASDAQ100,window_009,10,59,10,752,122,0.223380436326292,0.222380436326292,0.516578176291944,0.514018678222401,0.373725410413772,1.29870260416459,1.72591604938684,-0.235099927087079,1,0.001,1.2134885,122,0.05184890809507125,-0.23509992708707894,0.4837991585535324
NSGAII,NASDAQ100,window_010,10,60,10,750,126,-0.103941335365656,-0.104941335365656,-0.197078869533717,-0.198869986862986,0.196374671588608,-1.01934793466101,-1.38223809824606,-0.159022690677491,1,0.001,1.1762152,126,0.030246758632346403,-0.15902269067749053,0.49582580973238016
NSGAII,NASDAQ100,window_011,10,60,10,751,123,0.172560029027398,0.171560029027398,0.38561512196334,0.383195159146776,0.331957427352824,1.14788611773997,1.85483246052322,-0.147539061169243,1,0.001,1.2638967,123,0.04412316675557896,-0.1475390611692422,0.6413503566579775
SPEA2,NASDAQ100,window_001,1,60,10,755,124,0.250256526717494,0.249256526717494,0.574444169451638,0.571886009651877,0.410150413553488,1.31097446735341,2.11665928215035,-0.285907057759521,1,0.001,3.6806858,124,0.05020451132303255,-0.2859070577595211,1.0
SPEA2,NASDAQ100,window_002,1,59,10,755,126,0.240662508290072,0.239662508290072,0.539243459476612,0.536763134460033,0.26826481877469,1.74213998551282,2.76870122766812,-0.178553227578572,1,0.001,3.8478772,126,0.03420056190616541,-0.17855322757857195,0.3036125804018504
SPEA2,NASDAQ100,window_003,1,60,10,756,124,-0.480852493551009,-0.481852493551009,-0.736125528737627,-0.737157466450109,0.568801699301629,-2.05269710539853,-3.69225131446134,-0.487595293631888,1,0.001,3.7742167,124,0.07215212057926237,-0.48759529363188714,0.47944907058690767
SPEA2,NASDAQ100,window_004,1,60,10,756,125,-0.145383606738412,-0.146383606738412,-0.271464400965768,-0.273181960733363,0.393439893564072,-0.610219738137561,-1.02778824527066,-0.341081256934195,1,0.001,1.4842795,125,0.0485455757412716,-0.3410812569341949,0.8106373547744672
SPEA2,NASDAQ100,window_005,1,60,10,755,123,0.32043974047298,0.31943974047298,0.767363512386359,0.764622378663286,0.281531673251613,2.164859882628,3.21555487009927,-0.178259643404444,1,0.001,4.0628322,123,0.03705297168911369,-0.17825964340444378,0.3384683409596596
SPEA2,NASDAQ100,window_006,1,60,10,753,125,0.224460788339302,0.223460788339302,0.504169859736079,0.501694363258429,0.198579064601499,2.15539105039715,3.64989581820037,-0.0725091585469488,1,0.001,4.1959553,125,0.02278118195512424,-0.07250915854694817,0.8825918053401056
SPEA2,NASDAQ100,window_007,1,60,10,752,124,0.361024640284571,0.360024640284571,0.870898528226151,0.868105994816811,0.180911964629375,3.55648923755767,6.13080968175321,-0.0690649607147448,1,0.001,3.9083117,124,0.02013135879895227,-0.06906496071474488,0.26843432085693986
SPEA2,NASDAQ100,window_008,1,60,10,752,126,0.131773826532731,0.130773826532731,0.28091199442454,0.278649446771474,0.263543524391541,1.07050026538085,1.53631391208022,-0.126227446586906,1,0.001,3.9212807,126,0.03755618465180943,-0.12622744658690588,0.2243280476515141
SPEA2,NASDAQ100,window_009,1,59,10,752,122,0.240829647710948,0.239829647710948,0.561598500283306,0.559000067914122,0.37517270353128,1.37328609686585,1.88580190102452,-0.237411563576799,1,0.001,4.1282667,122,0.051535727619710044,-0.23741156357679938,0.5392542109929931
SPEA2,NASDAQ100,window_010,1,60,10,750,126,-0.0963493942772164,-0.0973493942772164,-0.183415582776846,-0.185221883988292,0.212356752441412,-0.847927490004164,-1.12914791737524,-0.164486389999621,1,0.001,3.8593905,126,0.03176953971966827,-0.16448638999962084,0.3835476720293572
SPEA2,NASDAQ100,window_011,1,60,10,751,123,0.112627885624737,0.111627885624737,0.244402438582279,0.2421120898657,0.30292155383888,0.872412979429176,1.42065716748237,-0.145877282021176,1,0.001,3.9300343,123,0.03998093966534275,-0.14587728202117534,0.6448360083620936
SPEA2,NASDAQ100,window_001,2,60,10,755,124,0.251061258768396,0.250061258768396,0.57650433700154,0.573944476820369,0.403044279188797,1.33026368317169,2.1316497235424,-0.282701149056551,1,0.001,3.6027405,124,0.049342891691331756,-0.28270114905654975,1.0
SPEA2,NASDAQ100,window_002,2,59,10,755,126,0.235016373890945,0.234016373890945,0.525265443778739,0.522796411030957,0.258193182699726,1.76460184843555,2.73789060796863,-0.168599333855257,1,0.001,3.9621503,126,0.03260403681979581,-0.16859933385525638,0.39386759334517196
SPEA2,NASDAQ100,window_003,2,60,10,756,124,-0.481168511606191,-0.482168511606191,-0.736451861658324,-0.737483150322386,0.574591963130672,-2.02822077693817,-3.56350988194169,-0.497955799034228,1,0.001,3.7491489,124,0.07330453966267561,-0.4979557990342284,0.4059987725999512
SPEA2,NASDAQ100,window_004,2,60,10,756,125,-0.142103355148329,-0.143103355148329,-0.265816029635099,-0.267540291473153,0.395702499790872,-0.584986300075888,-0.978559087343948,-0.345118870720859,1,0.001,1.386072,125,0.049086857666255,-0.3451188707208591,0.8304992514437152
SPEA2,NASDAQ100,window_005,2,60,10,755,123,0.347035123647135,0.346035123647135,0.841064512550787,0.838265425417843,0.286446429138005,2.2753821740476,3.42830652752883,-0.176558085090079,1,0.001,4.0692814,123,0.036966693925257185,-0.17655808509007853,0.28219335569366666
SPEA2,NASDAQ100,window_006,2,60,10,753,125,0.225636994011902,0.224636994011902,0.507084182669889,0.50460626920074,0.209092929113166,2.0662712554638,3.61862343651812,-0.0777153034208736,1,0.001,3.6132272,125,0.023391949280051245,-0.0777153034208733,0.8816338842218466
SPEA2,NASDAQ100,window_007,2,60,10,752,124,0.312067351297537,0.311067351297537,0.736669968251123,0.73398110231115,0.177107027467275,3.20766645294199,5.90152081342332,-0.0651016332231303,1,0.001,3.8492227,124,0.01941921960192353,-0.06510163322313034,0.27866623734683416
SPEA2,NASDAQ100,window_008,2,60,10,752,126,0.136534637363044,0.135534637363044,0.291710981925946,0.28943891265122,0.295705020913441,1.01243196291951,1.49127719719787,-0.141233269696976,1,0.001,4.1816969,126,0.04152079477712639,-0.14123326969697636,0.21774197743948243
SPEA2,NASDAQ100,window_009,2,59,10,752,122,0.20410600419804,0.20310600419804,0.467637952591557,0.465121419077335,0.378967694239,1.19869161038269,1.64229722337185,-0.231653257934861,1,0.001,4.3088643,122,0.05147580861719351,-0.23165325793486113,0.4940161318103634
SPEA2,NASDAQ100,window_010,2,60,10,750,126,-0.0566031989583219,-0.0576031989583219,-0.110002475784328,-0.111888269386412,0.195172504133597,-0.499678955392539,-0.657143210237071,-0.144071967065057,1,0.001,3.855697,126,0.02916954787071774,-0.1440719670650572,0.4947056765488582
SPEA2,NASDAQ100,window_011,2,60,10,751,123,0.122350691309749,0.121350691309749,0.266783661338342,0.264472307972975,0.289314332194954,0.961431560738051,1.49781347877657,-0.135118278555672,1,0.001,3.9619617,123,0.03996676614990747,-0.13511827855567204,0.6893900104673706
SPEA2,NASDAQ100,window_001,3,60,10,755,124,0.263289245884991,0.262289245884991,0.60797718362213,0.605391481638476,0.411648980776414,1.35895674686214,2.21875681299493,-0.288611922267529,1,0.001,3.757663,124,0.05017255022516313,-0.28861192226752885,1.0
SPEA2,NASDAQ100,window_002,3,59,10,755,126,0.214682005056726,0.213682005056726,0.475452373408627,0.473024009398514,0.258553901513593,1.63382241579606,2.64999763454303,-0.168701536584521,1,0.001,3.8725765,126,0.03242130067976407,-0.1687015365845207,0.3611076251205402
SPEA2,NASDAQ100,window_003,3,60,10,756,124,-0.470146522161731,-0.471146522161731,-0.724948905007682,-0.726002838489889,0.556585652204932,-2.03599943761556,-3.70942177390407,-0.481513444158926,1,0.001,3.8733225,124,0.07045335347945188,-0.48151344415892594,0.48035931487413164
SPEA2,NASDAQ100,window_004,3,60,10,756,125,-0.148983056315463,-0.149983056315463,-0.277637112732353,-0.279347318731683,0.395600935646047,-0.626041048886984,-1.04052519364044,-0.348724668592457,1,0.001,4.3041238,125,0.049418803216750094,-0.34872466859245677,0.8588670560427936
SPEA2,NASDAQ100,window_005,3,60,10,755,123,0.39053190933506,0.38953190933506,0.964926707554738,0.962032717609926,0.293163835058292,2.45243361166535,3.79871649624094,-0.1840658854325,1,0.001,4.0677625,123,0.03733720198459437,-0.18406588543249924,0.26162883624819494
SPEA2,NASDAQ100,window_006,3,60,10,753,125,0.241753615503027,0.240753615503027,0.547303234034942,0.54479219870687,0.217444805473649,2.1162731531865,3.80204647295256,-0.0816663385025169,1,0.001,4.0966113,125,0.0232572614101954,-0.0816663385025167,0.8957557395032509
SPEA2,NASDAQ100,window_007,3,60,10,752,124,0.317779287219673,0.316779287219673,0.752069166807244,0.749368212138728,0.17728009524579,3.25462740037226,6.03403132998858,-0.067397339033518,1,0.001,3.7465976,124,0.019452390432702714,-0.06739733903351819,0.2608776379964489
SPEA2,NASDAQ100,window_008,3,60,10,752,126,0.136008030308815,0.135008030308815,0.290514244926113,0.288243228865495,0.284399565437137,1.03829297976431,1.49525197361494,-0.140653276815686,1,0.001,3.9469414,126,0.04035028834954343,-0.14065327681568596,0.28545085651012775
SPEA2,NASDAQ100,window_009,3,59,10,752,122,0.241182108762105,0.240182108762105,0.562514878559306,0.559915659374469,0.354364542828273,1.43501887427692,1.89939844685292,-0.228882868551795,1,0.001,4.0770711,122,0.05006644082398467,-0.2288828685517944,0.5504785422422507
SPEA2,NASDAQ100,window_010,3,60,10,750,126,-0.0676715422688485,-0.0686715422688485,-0.130763646904652,-0.132627303820115,0.195893789879563,-0.617605056010888,-0.832368266510316,-0.140344623405504,1,0.001,3.8567472,126,0.029141664306207155,-0.14034462340550435,0.3935994379679152
SPEA2,NASDAQ100,window_011,3,60,10,751,123,0.157217666975179,0.156217666975179,0.348725373473604,0.346338622762127,0.308887972312915,1.12262684044379,1.6968117678642,-0.141494118586597,1,0.001,3.9950596,123,0.04354710055903047,-0.14149411858659733,0.7327486046760741
SPEA2,NASDAQ100,window_001,4,60,10,755,124,0.232826786160432,0.231826786160432,0.530158603186357,0.527637263347022,0.391046356141902,1.28248895896284,1.99825880301794,-0.260160911900887,1,0.001,3.5387363,124,0.04815182469235769,-0.2601609119008871,1.0
SPEA2,NASDAQ100,window_002,4,59,10,755,126,0.214986168234341,0.213986168234341,0.476191389000767,0.473762416664299,0.262598466267577,1.61464732511342,2.49322693730483,-0.180289667155309,1,0.001,3.9018252,126,0.03529220823164357,-0.18028966715530925,0.3664382206375186
SPEA2,NASDAQ100,window_003,4,60,10,756,124,-0.487124682087791,-0.488124682087791,-0.742564082124066,-0.743583140202521,0.572696634834701,-2.07774153951683,-3.78009948869077,-0.496482583966037,1,0.001,3.8026441,124,0.0721670645422541,-0.4964825839660374,0.5183863617013136
SPEA2,NASDAQ100,window_004,4,60,10,756,125,-0.135982679747596,-0.136982679747596,-0.255217855608154,-0.256954624045506,0.381193290822502,-0.584196121868032,-0.990147167110135,-0.321928133532502,1,0.001,4.3683085,125,0.047346418704212426,-0.3219281335325018,0.8372740748149934
SPEA2,NASDAQ100,window_005,4,60,10,755,123,0.322916944146062,0.321916944146062,0.77416323968349,0.771416710328707,0.283021340894957,2.16845184501902,3.25705070970068,-0.178339445408352,1,0.001,4.0034356,123,0.036619800052086246,-0.1783394454083539,0.29995154710232397
SPEA2,NASDAQ100,window_006,4,60,10,753,125,0.209034310889465,0.208034310889465,0.466210311802671,0.463766511825088,0.202126451509555,1.99433101876048,3.29040160082006,-0.0788336876111119,1,0.001,3.9410727,125,0.02378927600930287,-0.0788336876111122,0.8650500431594246
SPEA2,NASDAQ100,window_007,4,60,10,752,124,0.352303015751761,0.351303015751761,0.846614439505632,0.843840383146411,0.183017000947963,3.44601524196744,6.15503655012159,-0.0704890653515095,1,0.001,3.9521357,124,0.019778209077082186,-0.07048906535150945,0.3807489549143296
SPEA2,NASDAQ100,window_008,4,60,10,752,126,0.15168306915338,0.15068306915338,0.326373891774549,0.324071525636242,0.299890311811169,1.09077471560196,1.60521641888333,-0.140680238965345,1,0.001,3.9908685,126,0.04182139506194602,-0.1406802389653451,0.24436866047829547
SPEA2,NASDAQ100,window_009,4,59,10,752,122,0.229793241645434,0.228793241645434,0.533044755323683,0.530470952614313,0.371745766824393,1.33298548225991,1.76526383605651,-0.237609114088905,1,0.001,4.0643678,122,0.05131541256220707,-0.23760911408890562,0.45659486931242566
SPEA2,NASDAQ100,window_010,4,60,10,750,126,-0.0376755112273868,-0.0386755112273868,-0.0739315783085286,-0.0758552272860739,0.194602602749358,-0.297625963415712,-0.387020516481251,-0.138897994405349,1,0.001,4.0755502,126,0.0301731378284723,-0.1388979944053489,0.3764819428387657
SPEA2,NASDAQ100,window_011,4,60,10,751,123,0.130117461980455,0.129117461980455,0.284808985780441,0.282480847098617,0.295812256497681,0.994185143806215,1.64098667255087,-0.136492155476706,1,0.001,4.0667032,123,0.03800793028148053,-0.13649215547670535,0.531956641485224
SPEA2,NASDAQ100,window_001,5,60,10,755,124,0.226941688088712,0.225941688088712,0.51535062876345,0.512841717288592,0.374620309861651,1.29617222713043,2.0044076630851,-0.251625431898555,1,0.001,3.6218452,124,0.04678194928994277,-0.2516254318985547,1.0
SPEA2,NASDAQ100,window_002,5,59,10,755,126,0.200299439678553,0.199299439678553,0.440718744892649,0.438319146013291,0.253316403512374,1.56828766347968,2.39050232674352,-0.180424192848095,1,0.001,3.8521718,126,0.03337476031906729,-0.1804241928480954,0.45216128098781416
SPEA2,NASDAQ100,window_003,5,60,10,756,124,-0.471380506877503,-0.472380506877503,-0.726249146116873,-0.727300543599657,0.543994313880653,-2.10469158088799,-3.7274595465836,-0.47528770780207,1,0.001,3.8778476,124,0.06798865454994829,-0.47528770780206997,0.4366452780070177
SPEA2,NASDAQ100,window_004,5,60,10,756,125,-0.144598698857287,-0.145598698857287,-0.270114843580516,-0.27183400700107,0.399184194154843,-0.59106431003123,-0.982154500126315,-0.346256729228905,1,0.001,4.5236123,125,0.049518037508163325,-0.3462567292289058,0.818624898541888
SPEA2,NASDAQ100,window_005,5,60,10,755,123,0.338784397490913,0.337784397490913,0.81803521694109,0.815254114809161,0.280066819658724,2.2757845138825,3.43926385882647,-0.167972118525139,1,0.001,4.0276773,123,0.036204291194424316,-0.1679721185251395,0.2529698837133989
SPEA2,NASDAQ100,window_006,5,60,10,753,125,0.208746821317576,0.207746821317576,0.46550753437474,0.463064325035517,0.201262939562208,1.99962182696176,3.52228691056631,-0.0753033720244692,1,0.001,3.9312124,125,0.022147836572326544,-0.0753033720244688,0.7870000759235075
SPEA2,NASDAQ100,window_007,5,60,10,752,124,0.305503943198114,0.304503943198114,0.719060479175041,0.71638550192024,0.178976607490501,3.11904338833073,5.42338937705094,-0.0645754440897495,1,0.001,3.7262046,124,0.020324063886372756,-0.06457544408974958,0.2146203286498289
SPEA2,NASDAQ100,window_008,5,60,10,752,126,0.155363215613749,0.154363215613749,0.334864159993343,0.332554433562115,0.290125705316789,1.13971529714815,1.66356595553659,-0.137918396403233,1,0.001,4.0107469,126,0.040752512957759786,-0.13791839640323245,0.2725335971248877
SPEA2,NASDAQ100,window_009,5,59,10,752,122,0.243870998787379,0.242870998787379,0.569514965174476,0.566909742969744,0.363886069040483,1.41892405147212,1.89963177100474,-0.233333009268666,1,0.001,4.2758098,122,0.05110497769230237,-0.23333300926866607,0.5030212740150017
SPEA2,NASDAQ100,window_010,5,60,10,750,126,-0.0717754825339614,-0.0727754825339614,-0.13839924517494,-0.140254694209872,0.196954038413781,-0.657885552672338,-0.867254240393229,-0.144480275724168,1,0.001,3.8976787,126,0.030477341772143587,-0.14448027572416822,0.3968273043074994
SPEA2,NASDAQ100,window_011,5,60,10,751,123,0.105207072360997,0.104207072360997,0.227457640062859,0.225183316866818,0.284893131418844,0.861231825806884,1.31790296056656,-0.154799264841796,1,0.001,3.8521302,123,0.04014650924678264,-0.15479926484179507,0.6257331141124851
SPEA2,NASDAQ100,window_001,6,60,10,755,124,0.259392789920243,0.258392789920243,0.597914036671823,0.595336570075202,0.398221691090238,1.37551737470944,2.16389955031896,-0.268290040778657,1,0.001,3.6911974,124,0.049170570633135936,-0.26829004077865726,1.0
SPEA2,NASDAQ100,window_002,6,59,10,755,126,0.23904847124145,0.23804847124145,0.535241114085775,0.532764017143292,0.26136297395895,1.77119676315364,2.87949081728986,-0.170698912809266,1,0.001,3.6709782,126,0.03252749060855579,-0.1706989128092653,0.3797395715227906
SPEA2,NASDAQ100,window_003,6,60,10,756,124,-0.483022372140674,-0.484022372140674,-0.738362101528165,-0.739389582928969,0.580288111229978,-2.01524145088637,-3.6834100045502,-0.488129643207514,1,0.001,3.8848063,124,0.07413184618180134,-0.48812964320751406,0.47721874215946997
SPEA2,NASDAQ100,window_004,6,60,10,756,125,-0.142846311711648,-0.143846311711648,-0.267097276383289,-0.268820020208115,0.396092604960029,-0.588525301915015,-1.00187646617631,-0.333718928081413,1,0.001,2.8622788,125,0.04855186609902283,-0.3337189280814129,0.825790239496689
SPEA2,NASDAQ100,window_005,6,60,10,755,123,0.33745343946972,0.33645343946972,0.814334166767168,0.811555965362797,0.278275679374942,2.28125953410176,3.4756380948937,-0.164179251221035,1,0.001,4.1851266,123,0.035470052446464874,-0.16417925122103671,0.3055787919307827
SPEA2,NASDAQ100,window_006,6,60,10,753,125,0.219016249301805,0.218016249301805,0.49071678457971,0.488252475630537,0.195198769822821,2.14318572560039,3.83510010270928,-0.0734959800437933,1,0.001,4.2548429,125,0.021329192753673887,-0.07349598004379265,0.8130718320578738
SPEA2,NASDAQ100,window_007,6,60,10,752,124,0.355702094239997,0.354702094239997,0.856059512662197,0.853278255698688,0.18253703562453,3.48266421799155,6.08245871448382,-0.0673117182147273,1,0.001,3.9536122,124,0.020198201397422743,-0.06731171821472692,0.24903648829677413
SPEA2,NASDAQ100,window_008,6,60,10,752,126,0.150788971100855,0.149788971100855,0.324315256007365,0.322014678065164,0.289693309872448,1.11354062136,1.62797964791841,-0.137416429973833,1,0.001,3.8562903,126,0.04062251213824613,-0.13741642997383285,0.20065479166664077
SPEA2,NASDAQ100,window_009,6,59,10,752,122,0.239858021745599,0.238858021745599,0.559073765153004,0.556477501714979,0.371094985495987,1.37996393722767,1.87133033609175,-0.231993803510703,1,0.001,3.8754743,122,0.05162301310773444,-0.23199380351070353,0.48120616470871913
SPEA2,NASDAQ100,window_010,6,60,10,750,126,-0.0485848755164296,-0.0495848755164296,-0.0948092609039123,-0.0967110911528795,0.196157594488266,-0.410007850980151,-0.547349804169888,-0.136214231859236,1,0.001,3.8467214,126,0.029387332137993754,-0.13621423185923598,0.4171992178156805
SPEA2,NASDAQ100,window_011,6,60,10,751,123,0.103971070154744,0.102971070154744,0.224646886487576,0.222375231974811,0.31098844458668,0.806263480826853,1.30767925735335,-0.152399263025045,1,0.001,3.8905944,123,0.04157487598541971,-0.15239926302504503,0.6545555182290235
SPEA2,NASDAQ100,window_001,7,60,10,755,124,0.25026583213343,0.24926583213343,0.5744679841151,0.571909804653399,0.404084628713223,1.3247562079402,2.09342375103664,-0.284129001196113,1,0.001,3.6145022,124,0.04993149438684978,-0.28412900119611295,1.0
SPEA2,NASDAQ100,window_002,7,59,10,755,126,0.252177835442542,0.251177835442542,0.567949331573569,0.565445975902684,0.26101580607159,1.85408524431012,2.97153185264333,-0.170660853486892,1,0.001,3.7935777,126,0.03285167718451254,-0.17066085348689242,0.3258366517270431
SPEA2,NASDAQ100,window_003,7,60,10,756,124,-0.467979838400728,-0.468979838400728,-0.722658313467375,-0.723716700228245,0.550927906669434,-2.04744205308777,-3.5822478623615,-0.480972167682243,1,0.001,3.9550764,124,0.07077265103466131,-0.4809721676822434,0.48127569265147985
SPEA2,NASDAQ100,window_004,7,60,10,756,125,-0.154466618856655,-0.155466618856655,-0.28699002111382,-0.288689025011339,0.401799152481124,-0.64285084163893,-1.07250861395997,-0.353619195011536,1,0.001,4.4431209,125,0.04977098481259161,-0.3536191950115358,0.8308754852027957
SPEA2,NASDAQ100,window_005,7,60,10,755,123,0.315952830436921,0.314952830436921,0.755081329144983,0.752349967164759,0.28485126660964,2.1183003413506,3.20315723058214,-0.17837397228091,1,0.001,3.948519,123,0.036931218999268725,-0.17837397228091056,0.3058171755320805
SPEA2,NASDAQ100,window_006,7,60,10,753,125,0.209802783552949,0.208802783552949,0.468089701326014,0.465644322534277,0.199704117827779,2.02250415184344,3.50273695288713,-0.0730488139939418,1,0.001,4.0517869,125,0.022234406824708588,-0.07304881399394203,0.7732378307739396
SPEA2,NASDAQ100,window_007,7,60,10,752,124,0.29971995064738,0.29871995064738,0.703617703566714,0.700954963825489,0.174473546447178,3.14326190966831,5.23976256199598,-0.062868939381344,1,0.001,3.7368106,124,0.0197538966538138,-0.06286893938134386,0.20739312777221286
SPEA2,NASDAQ100,window_008,7,60,10,752,126,0.154168607814526,0.153168607814526,0.332105175264521,0.329797838048892,0.296156471012454,1.1153958899652,1.62950289641786,-0.140291805658442,1,0.001,4.0606224,126,0.0414838021905697,-0.14029180565844246,0.28927365141102196
SPEA2,NASDAQ100,window_009,7,59,10,752,122,0.239356253808684,0.238356253808684,0.557770764380978,0.55517562098064,0.372088671800821,1.37515888755118,1.84945174491934,-0.235274120615786,1,0.001,4.2374609,122,0.052174329086754276,-0.23527412061578534,0.528875144215489
SPEA2,NASDAQ100,window_010,7,60,10,750,126,-0.0485373023743869,-0.0495373023743869,-0.0947187350269911,-0.0966206604222424,0.192647274618562,-0.420419143506517,-0.55037876581813,-0.135749064650587,1,0.001,4.0722987,126,0.02950386292191919,-0.13574906465058667,0.42730346903805283
SPEA2,NASDAQ100,window_011,7,60,10,751,123,0.102389941714549,0.101389941714549,0.221056100832065,0.218787859960671,0.320929945198954,0.781849271882185,1.24676230804567,-0.153421355444665,1,0.001,3.9981628,123,0.04345392630564245,-0.15342135544466518,0.6099983077102861
SPEA2,NASDAQ100,window_001,8,60,10,755,124,0.255196641787242,0.254196641787242,0.587112776875546,0.584544178163271,0.385102060173469,1.39148229238724,2.18573866972426,-0.257979014701906,1,0.001,3.7133469,124,0.0476460473867916,-0.257979014701906,1.0
SPEA2,NASDAQ100,window_002,8,59,10,755,126,0.247142172043485,0.246142172043485,0.555363597289342,0.552870312945255,0.285702051452518,1.68918158508038,2.70544480072499,-0.178852089399248,1,0.001,3.6433862,126,0.03597129392715535,-0.1788520893992489,0.3919346976961402
SPEA2,NASDAQ100,window_003,8,60,10,756,124,-0.434971095186153,-0.435971095186153,-0.686567800646842,-0.687694102808983,0.50454821428675,-2.04290865444416,-3.58839020802184,-0.44887909198505,1,0.001,3.814418,124,0.06470990630545795,-0.44887909198504994,0.4784616014289566
SPEA2,NASDAQ100,window_004,8,60,10,756,125,-0.106008646747839,-0.107008646747839,-0.202211136387093,-0.204009172159089,0.392116292508341,-0.382671927832695,-0.65582655368667,-0.3189859848967,1,0.001,4.5946433,125,0.047555007376914274,-0.3189859848966984,0.8151487106596004
SPEA2,NASDAQ100,window_005,8,60,10,755,123,0.341888167468696,0.340888167468696,0.826680999048761,0.823893131926243,0.284649457339476,2.26038401417931,3.42652634280784,-0.176429246473924,1,0.001,4.188457,123,0.036479453298656914,-0.17642924647392455,0.2529289107546867
SPEA2,NASDAQ100,window_006,8,60,10,753,125,0.235728553736891,0.234728553736891,0.532205204566759,0.529706552373916,0.209628484361341,2.14057245215878,3.7139095137207,-0.0864017808549055,1,0.001,3.8561126,125,0.023580504503907227,-0.08640178085490557,0.8470351872275459
SPEA2,NASDAQ100,window_007,8,60,10,752,124,0.294070755771225,0.293070755771225,0.688603149006955,0.685952359884103,0.177717828235776,3.03901526998416,5.40365500180854,-0.06442001110156,1,0.001,3.9167537,124,0.019828159051019645,-0.06442001110156026,0.25170208062464566
SPEA2,NASDAQ100,window_008,8,60,10,752,126,0.153509515393607,0.152509515393607,0.330584202103594,0.328278183072807,0.284465974136844,1.14541972415533,1.67371828893026,-0.135297782538861,1,0.001,3.9123361,126,0.04004609529020032,-0.1352977825388607,0.28723512391384864
SPEA2,NASDAQ100,window_009,8,59,10,752,122,0.233822391293046,0.232822391293046,0.543437597210752,0.540854804426729,0.36303188025983,1.37462463636666,1.9044340563464,-0.225806962163743,1,0.001,4.1574163,122,0.04894145353791076,-0.22580696216374263,0.3721181492279445
SPEA2,NASDAQ100,window_010,8,60,10,750,126,-0.101835076761857,-0.102835076761857,-0.19329977066462,-0.195095100511096,0.194314190920467,-1.00805761231775,-1.34444713115956,-0.155799556353881,1,0.001,3.7967558,126,0.030221575889679272,-0.15579955635388032,0.4308526671719894
SPEA2,NASDAQ100,window_011,8,60,10,751,123,0.0963350097619118,0.0953350097619118,0.207355093238637,0.205099922695804,0.321383049929824,0.746286997578367,1.16681484658108,-0.16670076831405,1,0.001,3.9521694,123,0.04440452675351246,-0.16670076831405045,0.6410025289746824
SPEA2,NASDAQ100,window_001,9,60,10,755,124,0.272571989954976,0.271571989954976,0.632080478562358,0.62947515365923,0.411711369299976,1.39499596233288,2.22224411821749,-0.284555414899161,1,0.001,3.8686033,124,0.0502412603756593,-0.28455541489916025,1.0
SPEA2,NASDAQ100,window_002,9,59,10,755,126,0.23358818005362,0.23258818005362,0.521739797968003,0.519273621607896,0.275743278762229,1.66065029206957,2.66945011142063,-0.181586361562239,1,0.001,3.7699371,126,0.034944781982020376,-0.18158636156223928,0.35509556202053405
SPEA2,NASDAQ100,window_003,9,60,10,756,124,-0.459000836135807,-0.460000836135807,-0.713062951799702,-0.71413979970813,0.538799147083202,-2.0430184769384,-3.59497814846211,-0.471642192350813,1,0.001,3.5580029,124,0.06895861464768059,-0.47164219235081184,0.49542111267907357
SPEA2,NASDAQ100,window_004,9,60,10,756,125,-0.12839993738052,-0.12939993738052,-0.241981889996412,-0.243734154493907,0.389866264132044,-0.517837286506273,-0.882253313524575,-0.318982477394246,1,0.001,4.2710543,125,0.047573834182613184,-0.3189824773942458,0.8245513048722363
SPEA2,NASDAQ100,window_005,9,60,10,755,123,0.323628149948663,0.322628149948663,0.776117912781489,0.773369834248335,0.283527197518862,2.16901858360144,3.26197095358771,-0.181674983088223,1,0.001,4.1497839,123,0.03690491054469252,-0.18167498308822239,0.3177634446048208
SPEA2,NASDAQ100,window_006,9,60,10,753,125,0.22797884221642,0.22697884221642,0.512895120988965,0.510412395132557,0.20605552609665,2.11249599158488,3.56272259051771,-0.0841309192609542,1,0.001,4.2107769,125,0.023802568478110797,-0.08413091926095406,0.9008676230801113
SPEA2,NASDAQ100,window_007,9,60,10,752,124,0.364242456806918,0.363242456806918,0.879898766816493,0.877099415390128,0.17883845868249,3.62252765053779,6.35015345009287,-0.0692678853878994,1,0.001,3.9597268,124,0.01959322086611946,-0.06926788538789941,0.3316677913585348
SPEA2,NASDAQ100,window_008,9,60,10,752,126,0.117104911386649,0.116104911386649,0.247923383044173,0.2456901732214,0.266796777489324,0.962840841426064,1.37422363234268,-0.1313459214208,1,0.001,4.0216885,126,0.03800059225502334,-0.13134592142079993,0.20526272226060918
SPEA2,NASDAQ100,window_009,9,59,10,752,122,0.205486528837635,0.204486528837635,0.471115750146663,0.468596140802065,0.374224281799716,1.21631181253678,1.59532342422897,-0.240503317511293,1,0.001,4.0357547,122,0.05284031977957864,-0.24050331751129295,0.3715156713652818
SPEA2,NASDAQ100,window_010,9,60,10,750,126,-0.0770502931273603,-0.0780502931273603,-0.148163838583709,-0.150008737997454,0.190466680773641,-0.746741007357472,-0.999842711896767,-0.144044345291891,1,0.001,3.8320675,126,0.028698483791777068,-0.14404434529189036,0.4404618116536718
SPEA2,NASDAQ100,window_011,9,60,10,751,123,0.134196495130795,0.133196495130795,0.294327932953886,0.291990976528065,0.318281784934916,0.969100199365958,1.50870261497579,-0.161157387799701,1,0.001,4.0146714,123,0.043451964193077584,-0.161157387799701,0.6115085315948829
SPEA2,NASDAQ100,window_001,10,60,10,755,124,0.259332296650464,0.258332296650464,0.597758057231606,0.595180718484565,0.392963206895756,1.38842007412884,2.18470964116478,-0.270262894680668,1,0.001,3.8053852,124,0.04844436714914074,-0.2702628946806682,1.0
SPEA2,NASDAQ100,window_002,10,59,10,755,126,0.21910386903487,0.21810386903487,0.486214243495789,0.48377703575772,0.26936628084476,1.60584197137566,2.51313370865031,-0.172098321627126,1,0.001,3.7366881,126,0.0340455458783439,-0.17209832162712702,0.39107500326357975
SPEA2,NASDAQ100,window_003,10,60,10,756,124,-0.458769149595106,-0.459769149595106,-0.71281316718913,-0.713890491584969,0.542583995495339,-2.02320399808435,-3.54362365563142,-0.471644479781877,1,0.001,1.1104616,124,0.07054490234464882,-0.47164447978187707,0.4196188230033595
SPEA2,NASDAQ100,window_004,10,60,10,756,125,-0.135381270245139,-0.136381270245139,-0.254172362532107,-0.255910359928128,0.397485740007765,-0.541176625811397,-0.914287047104506,-0.3341719645698,1,0.001,4.4072893,125,0.048694871502389714,-0.33417196456980003,0.8399959167912575
SPEA2,NASDAQ100,window_005,10,60,10,755,123,0.35343107971642,0.35243107971642,0.859018919951138,0.85620588715934,0.283505866320646,2.33042243698044,3.51503168713565,-0.175548413667365,1,0.001,4.1605643,123,0.036586545101913524,-0.17554841366736618,0.26098422464190396
SPEA2,NASDAQ100,window_006,10,60,10,753,125,0.259869017251119,0.258869017251119,0.593147542913253,0.590599269749069,0.222177456718679,2.2075348452194,3.82898879756456,-0.0946608488782776,1,0.001,4.2566072,125,0.024614106528870142,-0.09466084887827775,0.8887370326360323
SPEA2,NASDAQ100,window_007,10,60,10,752,124,0.338668594074656,0.337668594074656,0.808974219761066,0.806229040662111,0.172790702926263,3.52008911618535,6.40856230648727,-0.0679666222508604,1,0.001,3.8004686,124,0.018645198887400828,-0.06796662225086036,0.35816498402049174
SPEA2,NASDAQ100,window_008,10,60,10,752,126,0.148027687841372,0.147027687841372,0.317967572050408,0.315672516674725,0.290924908451721,1.09365874033676,1.58868745940267,-0.139759996519014,1,0.001,3.9064993,126,0.04091578195939206,-0.13975999651901372,0.2536755702139014
SPEA2,NASDAQ100,window_009,10,59,10,752,122,0.208970183995041,0.207970183995041,0.479910602398822,0.477383230389595,0.364010185797445,1.25657577796274,1.65298926758913,-0.232307877578536,1,0.001,4.1747954,122,0.05076882994608106,-0.23230787757853666,0.4156034879399154
SPEA2,NASDAQ100,window_010,10,60,10,750,126,-0.0474165912504735,-0.0484165912504735,-0.0925848493751324,-0.0944890161926315,0.196209105288691,-0.397307493435902,-0.522451944892237,-0.14657312672029,1,0.001,4.0903816,126,0.0291096559879766,-0.14657312672029021,0.4327519031820757
SPEA2,NASDAQ100,window_011,10,60,10,751,123,0.0988728066997526,0.0978728066997526,0.213087947564867,0.210827299297387,0.31758778518232,0.766061154267323,1.24762545805169,-0.153683569920941,1,0.001,4.0137361,123,0.04179185325308033,-0.15368356992094012,0.5472914103410064
A_MPMO,SP100,window_001,1,60,10,755,124,0.0319093518618789,0.0309093518618789,0.065916405873554,0.0638182237563922,0.336984923710639,0.355963033100714,0.548009534216589,-0.222080511724368,1,0.001,3.9383486,124,0.045142608685617036,-0.2220805117243685,1.0
A_MPMO,SP100,window_002,1,60,10,755,126,0.250925801453318,0.249925801453318,0.564815360741625,0.562314509138718,0.197405361408621,2.36769695935653,4.24333805938608,-0.0826218698245302,1,0.001,2.4230748,126,0.022916871887339228,-0.08262186982453013,0.6257229570827364
A_MPMO,SP100,window_003,1,60,10,756,124,-0.257926130446118,-0.258926130446118,-0.454599974657641,-0.456092579024781,0.40906659030243,-1.27674982610451,-2.16771476890848,-0.281842235477099,1,0.001,2.4016187,124,0.05147201316064809,-0.28184223547709863,0.3508873855654663
A_MPMO,SP100,window_004,1,60,10,756,125,-0.149588649326433,-0.150588649326433,-0.278673045512926,-0.280382014319004,0.297711860694142,-0.948913353386175,-1.53646302122383,-0.27110799444727,1,0.001,2.5511798,125,0.03727094523683676,-0.2711079944472703,0.38001533830137346
A_MPMO,SP100,window_005,1,60,10,755,123,0.409810486060865,0.408810486060865,1.02114562778823,1.01820952853999,0.1977982166149,3.66042199470639,6.06924839733327,-0.0950655189838631,1,0.001,2.323703,123,0.022781171694706774,-0.09506551898386328,0.3184131363329578
A_MPMO,SP100,window_006,1,60,10,753,125,0.1360851032383,0.1350851032383,0.293326881401977,0.291032879731868,0.173371305032774,1.56982538634493,2.65564881220578,-0.0914594045897432,1,0.001,2.0095346,125,0.020190020454336054,-0.09145940458974278,0.37037523748511403
A_MPMO,SP100,window_007,1,60,10,752,124,0.460921349074933,0.459921349074933,1.16054946812091,1.15754503337119,0.177908298341767,4.42451966328646,7.76035292669015,-0.0656268313862167,1,0.001,2.1761908,124,0.019368852111481587,-0.06562683138621683,0.3395210947523557
A_MPMO,SP100,window_008,1,60,10,752,126,-0.0070133848333701,-0.0080133848333701,-0.0139775820999193,-0.0159625553302525,0.246695913130903,0.0648339933465977,0.102998256417951,-0.13804079421068,1,0.001,2.0910747,126,0.031025655424067596,-0.13804079421067916,0.15049117175838364
A_MPMO,SP100,window_009,1,60,10,752,122,0.163896851508139,0.162896851508139,0.368205237564567,0.365778188140292,0.296708360500589,1.2043989882976,1.5552700972679,-0.18301392627285,1,0.001,2.2811821,122,0.041110717365449655,-0.18301392627284985,0.1906434283193711
A_MPMO,SP100,window_010,1,60,10,750,126,0.153311357448481,0.152311357448481,0.330127087219657,0.32782146450476,0.177295724209867,1.69801115904181,2.45012646690543,-0.0823826485492469,1,0.001,2.3444163,126,0.023656559283513973,-0.0823826485492466,0.5767675853401345
A_MPMO,SP100,window_011,1,60,10,751,123,0.0906714564637761,0.0896714564637761,0.194611315761259,0.192368367519284,0.221135449650774,0.913815852435359,1.58625088392078,-0.130917634962892,1,0.001,2.0158175,123,0.026045832760861427,-0.13091763496289188,0.4514460388679744
A_MPMO,SP100,window_001,2,60,10,755,124,0.0303189755978641,0.0293189755978641,0.062580492649156,0.0604856500937478,0.346414202890878,0.346258787311617,0.538369209357675,-0.226975509630762,1,0.001,7.9028834,124,0.045878689609062315,-0.22697550963076274,1.0
A_MPMO,SP100,window_002,2,60,10,755,126,0.305950472995363,0.304950472995363,0.705506637916812,0.702895736970822,0.212168271086704,2.62347700914306,4.7856927529939,-0.0858977475662279,1,0.001,2.5415597,126,0.024515280260599157,-0.0858977475662277,0.5429430780795401
A_MPMO,SP100,window_003,2,60,10,756,124,-0.23173987758525,-0.23273987758525,-0.414774419190388,-0.416321460840452,0.393626946468407,-1.16400529232205,-1.96176856623742,-0.260308950813166,1,0.001,2.6228669,124,0.04879456578076456,-0.26030895081316574,0.24746303432473346
A_MPMO,SP100,window_004,2,60,10,756,125,-0.123677856128938,-0.124677856128938,-0.233679942740979,-0.235441858355455,0.282780502468674,-0.800592392418292,-1.33334756098014,-0.236590615065772,1,0.001,2.1608862,125,0.03483285185468812,-0.23659061506577195,0.3425932015169258
A_MPMO,SP100,window_005,2,60,10,755,123,0.392090981829124,0.391090981829124,0.969443003659089,0.966545609357783,0.195558430346438,3.5672471320878,6.05707841833199,-0.0935345872149783,1,0.001,2.2577055,123,0.022762890264260517,-0.09353458721497798,0.2855510762307899
A_MPMO,SP100,window_006,2,60,10,753,125,0.117356223379334,0.116356223379334,0.250703516508139,0.24844794940004,0.165388744605807,1.43505119006483,2.33513234368651,-0.0866565254483382,1,0.001,1.9621121,125,0.0203455931051828,-0.08665652544833824,0.547849978546055
A_MPMO,SP100,window_007,2,60,10,752,124,0.481870530124523,0.480870530124523,1.22397822674927,1.2209292940556,0.168725586242357,4.82806128721893,8.47228268553607,-0.0614511022135006,1,0.001,2.2356173,124,0.01851803608997474,-0.06145110221350092,0.3464898623427296
A_MPMO,SP100,window_008,2,60,10,752,126,0.0282874735721581,0.0272874735721581,0.0573751283054118,0.0553195533582678,0.264401774080664,0.341292386224831,0.574476968999095,-0.141258823152562,1,0.001,2.3374255,126,0.031987745748565964,-0.1412588231525621,0.17519884165701333
A_MPMO,SP100,window_009,2,60,10,752,122,0.167346792755759,0.166346792755759,0.376595480332004,0.374160761035324,0.299356454016156,1.21696387686554,1.58845721858952,-0.177934494434656,1,0.001,2.1531646,122,0.04251349462566141,-0.17793449443465614,0.22570633163798998
A_MPMO,SP100,window_010,2,60,10,750,126,0.151978696329244,0.150978696329244,0.327054916796425,0.324751959403767,0.181501793102845,1.65005190660066,2.34963194190543,-0.0885023388381132,1,0.001,2.5089201,126,0.024365489223491885,-0.08850233883811309,0.5336005608349863
A_MPMO,SP100,window_011,2,60,10,751,123,0.0835843785521575,0.0825843785521575,0.178761905318822,0.176534247068237,0.2192626090068,0.8588113950253,1.49104744578542,-0.129193684963152,1,0.001,1.9174132,123,0.02583108578754854,-0.12919368496315264,0.4480020067020855
A_MPMO,SP100,window_001,3,60,10,755,124,0.0379872345275845,0.0369872345275845,0.0787140811878342,0.0766031348616094,0.34061987484949,0.390741450771891,0.602927111998121,-0.221614113845661,1,0.001,2.4715863,124,0.045515012344193466,-0.2216141138456602,1.0
A_MPMO,SP100,window_002,3,60,10,755,126,0.285404280966448,0.284404280966448,0.652264165526871,0.649694356964939,0.205627230948887,2.54581412521427,4.67950385204308,-0.0850660531952526,1,0.001,2.5289873,126,0.023552072213707097,-0.08506605319525284,0.6199994275829009
A_MPMO,SP100,window_003,3,60,10,756,124,-0.238139673196043,-0.239139673196043,-0.424639232519487,-0.426172964346219,0.393813957930792,-1.20638558073236,-2.06500960025739,-0.271977544640705,1,0.001,2.3727899,124,0.048069620111491275,-0.2719775446407038,0.327039204249175
A_MPMO,SP100,window_004,3,60,10,756,125,-0.143263839838465,-0.144263839838465,-0.26781681883605,-0.269538709574192,0.296876135217967,-0.902182478480863,-1.47257066705088,-0.263127958284677,1,0.001,2.2603641,125,0.0368882644534278,-0.26312795828467594,0.385613967336937
A_MPMO,SP100,window_005,3,60,10,755,123,0.404053664779116,0.403053664779116,1.00427294434767,1.00134942241814,0.198349183511125,3.60842600730621,6.09067296310798,-0.0947796762919284,1,0.001,2.2479356,123,0.02271370651655803,-0.09477967629192818,0.2857976635784615
A_MPMO,SP100,window_006,3,60,10,753,125,0.0890780495713566,0.0880780495713566,0.187711479047605,0.185513923538146,0.166448148826354,1.11622197188643,1.72487912009531,-0.0968641343798228,1,0.001,2.268957,125,0.020864897486251126,-0.09686413437982266,0.49177357060530186
A_MPMO,SP100,window_007,3,60,10,752,124,0.43507918776665,0.43407918776665,1.0835899024251,1.08064033035803,0.161374154721728,4.63531759006053,8.43142712349343,-0.0607942351420261,1,0.001,2.2860808,124,0.017170026274460157,-0.06079423514202609,0.35358470903535844
A_MPMO,SP100,window_008,3,60,10,752,126,0.0167543456559283,0.0157543456559283,0.0337893994102147,0.0317568907189028,0.26602435357686,0.256117945067904,0.424479056418385,-0.146319033952573,1,0.001,2.2067846,126,0.032364627798203226,-0.14631903395257306,0.19551473819120102
A_MPMO,SP100,window_009,3,60,10,752,122,0.166993323627973,0.165993323627973,0.375734628169174,0.373300694769719,0.290210721149651,1.24391509631512,1.61497421406171,-0.178909634089276,1,0.001,2.0991983,122,0.040614535047350554,-0.1789096340892764,0.2667259734681217
A_MPMO,SP100,window_010,3,60,10,750,126,0.118492732202805,0.117492732202805,0.251025991990496,0.248790006526091,0.17849811431334,1.34403777950145,1.91615445671998,-0.0898242510956889,1,0.001,2.13967,126,0.024050520144918645,-0.08982425109568937,0.6215298389586825
A_MPMO,SP100,window_011,3,60,10,751,123,0.091113295229273,0.090113295229273,0.195603024574138,0.193359122927764,0.221859551287776,0.915242365959179,1.60310702790107,-0.131050407110662,1,0.001,2.1239607,123,0.025772082431280558,-0.1310504071106613,0.4235480294944991
A_MPMO,SP100,window_001,4,60,10,755,124,0.0255811414608982,0.0245811414608982,0.0526740682205888,0.0505891734494492,0.345224955277482,0.319385261566497,0.484000547765757,-0.225083569743758,1,0.001,2.4847659,124,0.046685724750864896,-0.22508356974375798,1.0
A_MPMO,SP100,window_002,4,60,10,755,126,0.245329875324485,0.244329875324485,0.550846498375696,0.548356838625047,0.197354860298574,2.32269828069257,4.21970338186687,-0.0849255481335437,1,0.001,2.4497635,126,0.022909856915823156,-0.08492554813354458,0.6344749248161247
A_MPMO,SP100,window_003,4,60,10,756,124,-0.203580596306988,-0.204580596306988,-0.370356547169656,-0.371962194560235,0.369842344471743,-1.06589678179993,-1.77033746157233,-0.24708945399954,1,0.001,2.3745802,124,0.04599626853064788,-0.24708945399954052,0.2888492713229409
A_MPMO,SP100,window_004,4,60,10,756,125,-0.131449973423318,-0.132449973423318,-0.247319970544819,-0.249066001741065,0.287479003110635,-0.845243650635423,-1.38187447523459,-0.251464688781908,1,0.001,2.2324411,125,0.03578475066686493,-0.2514646887819073,0.28514154990221086
A_MPMO,SP100,window_005,4,60,10,755,123,0.400171872053591,0.399171872053591,0.992936656466457,0.990021613933568,0.194142468340464,3.65308308651419,5.89888821995432,-0.0949422354828968,1,0.001,2.397018,123,0.022889442009313758,-0.09494223548289715,0.32497902993193745
A_MPMO,SP100,window_006,4,60,10,753,125,0.104328542174847,0.103328542174847,0.221479455138714,0.219250616779419,0.166495994927618,1.2843614776062,2.06972588128909,-0.0904590504327211,1,0.001,2.2529256,125,0.020373535076490513,-0.09045905043272051,0.4805405549311596
A_MPMO,SP100,window_007,4,60,10,752,124,0.471474029967433,0.470474029967433,1.19238376576412,1.18935691872678,0.174116386198287,4.60136844150266,8.00618537729619,-0.0644016222040861,1,0.001,2.118559,124,0.019025893050690256,-0.06440162220408663,0.2789573430001186
A_MPMO,SP100,window_008,4,60,10,752,126,0.0057300969697438,0.0047300969697438,0.0114930279507703,0.0094825677568311,0.257246566899261,0.171232342295971,0.281555047489657,-0.143117498940666,1,0.001,2.2257764,126,0.031165414898430156,-0.14311749894066617,0.12265304857305571
A_MPMO,SP100,window_009,4,60,10,752,122,0.180047840099668,0.179047840099668,0.407712468960852,0.405249500047579,0.297478203420844,1.29807707307054,1.68198772498954,-0.174866260790294,1,0.001,2.1817179,122,0.04233673119639869,-0.1748662607902931,0.292507885239947
A_MPMO,SP100,window_010,4,60,10,750,126,0.158287811298293,0.157287811298293,0.341630653802191,0.339315078179594,0.182599460066558,1.70108308942058,2.47377930217596,-0.0876487329472457,1,0.001,2.1711947,126,0.02439894232122084,-0.08764873294724684,0.5652404454008909
A_MPMO,SP100,window_011,4,60,10,751,123,0.0817751845226273,0.0807751845226273,0.174733218268484,0.172509462476578,0.213389490124309,0.860528491180405,1.47782333550359,-0.133416820194434,1,0.001,2.1600685,123,0.02530351358549363,-0.13341682019443435,0.5103775038358019
A_MPMO,SP100,window_001,5,60,10,755,124,0.059353372456924,0.058353372456924,0.124318809874691,0.122162973298421,0.29585025464218,0.542447141154458,0.820775225350728,-0.192557235552539,1,0.001,2.2614344,124,0.03953139346277633,-0.19255723555253923,1.0
A_MPMO,SP100,window_002,5,60,10,755,126,0.310849914256152,0.309849914256152,0.718327497705361,0.715706797876849,0.214726977416381,2.62966560999279,4.66581738887995,-0.0881233048528465,1,0.001,2.1364688,126,0.024621690003257275,-0.08812330485284725,0.5266971365334702
A_MPMO,SP100,window_003,5,60,10,756,124,-0.257519377686294,-0.258519377686294,-0.45399225927945,-0.455485708755969,0.407166776122725,-1.28195581451931,-2.18871625682822,-0.280643978217774,1,0.001,2.5792307,124,0.05071786019950623,-0.28064397821777387,0.3004700352342149
A_MPMO,SP100,window_004,5,60,10,756,125,-0.142791647469839,-0.143791647469839,-0.267003045000594,-0.268725900515004,0.290989790821116,-0.922504908071375,-1.4995538391158,-0.262959913923096,1,0.001,2.3830546,125,0.036427671972745636,-0.2629599139230967,0.3742732705179077
A_MPMO,SP100,window_005,5,60,10,755,123,0.397215194667901,0.396215194667901,0.984324134195251,0.981415549465578,0.193959662715473,3.63396496347333,5.98790439333783,-0.0940547113176917,1,0.001,2.2128341,123,0.022717653483912185,-0.09405471131769183,0.3492083107276311
A_MPMO,SP100,window_006,5,60,10,753,125,0.106253848114988,0.105253848114988,0.225776428063411,0.223543639891719,0.170542012478976,1.27821166342492,2.16124392447567,-0.0947068767844581,1,0.001,2.417868,125,0.020009189833106972,-0.09470687678445766,0.38792319974828016
A_MPMO,SP100,window_007,5,60,10,752,124,0.427447518504569,0.426447518504569,1.06113344859944,1.05820007242843,0.168819295266469,4.37369836391898,7.97107420767479,-0.0633520006212207,1,0.001,2.4360687,124,0.018009717106249146,-0.0633520006212206,0.3556124165437786
A_MPMO,SP100,window_008,5,60,10,752,126,-0.011188339109572,-0.012188339109572,-0.0222514992871131,-0.024228122608894,0.2702609186875,0.0501232572412145,0.0817297593229331,-0.159104158543267,1,0.001,2.1322203,126,0.03281991426631908,-0.15910415854326732,0.17491940726488364
A_MPMO,SP100,window_009,5,60,10,752,122,0.16322897606447,0.16222897606447,0.366584024306732,0.364158459523819,0.295006446003431,1.20564866613596,1.56849706641865,-0.180278676608321,1,0.001,2.0974911,122,0.041311654402748844,-0.18027867660832042,0.2968183781714841
A_MPMO,SP100,window_010,5,60,10,750,126,0.128233228365405,0.127233228365405,0.272910217587824,0.270654751131093,0.185970254809134,1.39064757286886,1.98405998831784,-0.0962495189863433,1,0.001,2.0367274,126,0.02513369293080373,-0.09624951898634337,0.6372837402698768
A_MPMO,SP100,window_011,5,60,10,751,123,0.0867918160668562,0.0857918160668562,0.185921535923479,0.183686958400729,0.23361360097778,0.845758149563311,1.42875287185085,-0.138377013145226,1,0.001,2.0752025,123,0.027198948574822784,-0.13837701314522588,0.39572595507407565
A_MPMO,SP100,window_001,6,60,10,755,124,0.0370113045881491,0.0360113045881491,0.0766539207988228,0.0745450241936561,0.335614597166161,0.385930230486227,0.590879338206622,-0.222521849297224,1,0.001,1.9258579,124,0.045202364131872695,-0.22252184929722396,1.0
A_MPMO,SP100,window_002,6,60,10,755,126,0.245376718593965,0.244376718593965,0.550963171215872,0.548473417778684,0.195964784537016,2.33810888774551,4.36789390841919,-0.081323675649474,1,0.001,2.5057484,126,0.022253787876868252,-0.08132367564947407,0.6216554863040024
A_MPMO,SP100,window_003,6,60,10,756,124,-0.273854201862935,-0.274854201862935,-0.478127328617908,-0.479586851101163,0.419805825012158,-1.33842354164276,-2.32020327727341,-0.287864509656343,1,0.001,2.195384,124,0.052105556256955364,-0.2878645096563427,0.3908088919022416
A_MPMO,SP100,window_004,6,60,10,756,125,-0.146948632394388,-0.147948632394388,-0.274151522740181,-0.27586588505897,0.294230458654954,-0.942403197754059,-1.5232372432031,-0.268199771827319,1,0.001,2.6775872,125,0.03689674742779486,-0.2681997718273189,0.41081298412641176
A_MPMO,SP100,window_005,6,60,10,755,123,0.375691176609495,0.374691176609495,0.922201993117814,0.919340399718128,0.194014859150041,3.46863012423575,5.85933314694688,-0.0918527265687984,1,0.001,2.1385574,123,0.0229129656666234,-0.09185272656879817,0.35468834438588104
A_MPMO,SP100,window_006,6,60,10,753,125,0.12171402455457,0.12071402455457,0.260556783955995,0.258292274879258,0.171277625415354,1.43700514442517,2.41012762743902,-0.0882076537960139,1,0.001,2.2902765,125,0.02010019253912376,-0.08820765379601359,0.4389962186937959
A_MPMO,SP100,window_007,6,60,10,752,124,0.450466135889991,0.449466135889991,1.12924242023422,1.12626018561429,0.173701617214632,4.44321717622823,8.02289638664718,-0.0657779639120789,1,0.001,2.1462749,124,0.0185770009805092,-0.06577796391207891,0.3411502653533898
A_MPMO,SP100,window_008,6,60,10,752,126,0.0036851897988421,0.0026851897988421,0.0073839602215377,0.0053775898419403,0.261414826285743,0.157165728194963,0.256259562943696,-0.149507053949505,1,0.001,2.164357,126,0.03201860818107381,-0.14950705394950503,0.17605599828609503
A_MPMO,SP100,window_009,6,60,10,752,122,0.175423759196189,0.174423759196189,0.396342143206253,0.393889461474949,0.297726672030303,1.26980827018662,1.64336399341462,-0.181600190150289,1,0.001,2.2891661,122,0.04152393280630318,-0.18160019015028872,0.26529358342299175
A_MPMO,SP100,window_010,6,60,10,750,126,0.168122314724259,0.167122314724259,0.36450974215676,0.362174497527311,0.185096397719369,1.77204667424431,2.55565806999934,-0.0744732123117627,1,0.001,2.202899,126,0.02475044085822271,-0.07447321231176296,0.5530805372237313
A_MPMO,SP100,window_011,6,60,10,751,123,0.081297388185555,0.080297388185555,0.173670446812284,0.171447721581105,0.222842515096572,0.82908496810033,1.41761441108054,-0.130172718334374,1,0.001,1.8836311,123,0.02611076964837126,-0.13017271833437427,0.37026071646066677
A_MPMO,SP100,window_001,7,60,10,755,124,0.0274702963829423,0.0264702963829423,0.0566184871603137,0.0545296260061088,0.342162738169476,0.330077802584485,0.502121469344913,-0.22726900858486,1,0.001,2.1982715,124,0.046218238664746274,-0.22726900858485932,1.0
A_MPMO,SP100,window_002,7,60,10,755,126,0.281367403324287,0.280367403324287,0.641902422302027,0.639340687495378,0.209541311950293,2.47197334595739,4.67967429150019,-0.0846068899422706,1,0.001,2.4747229,126,0.023969178141697443,-0.08460688994227095,0.6077019033243628
A_MPMO,SP100,window_003,7,60,10,756,124,-0.265208095180738,-0.266208095180738,-0.465421549931695,-0.46689902711325,0.415653451389355,-1.29822655344806,-2.23452394157943,-0.286313113224343,1,0.001,2.2446703,124,0.05157773746406289,-0.28631311322434283,0.4189236159552796
A_MPMO,SP100,window_004,7,60,10,756,125,-0.138973767109764,-0.139973767109764,-0.260406596918181,-0.262137253379796,0.292197044905637,-0.886900153536129,-1.45027246447607,-0.257834392766153,1,0.001,2.4754784,125,0.03636610764984033,-0.25783439276615205,0.3626872291851812
A_MPMO,SP100,window_005,7,60,10,755,123,0.354423315837031,0.353423315837031,0.861812268043386,0.85899707150439,0.192205798973455,3.33298179095772,5.52700857057419,-0.0890408236362923,1,0.001,2.254569,123,0.02314069137592913,-0.08904082363629195,0.33425563892107096
A_MPMO,SP100,window_006,7,60,10,753,125,0.112130769113438,0.111130769113438,0.238939805912684,0.236694960413509,0.162486794848278,1.39939779635017,2.31293478698482,-0.0877263937783094,1,0.001,1.9305746,125,0.019246570449554443,-0.08772639377830938,0.47433922561540665
A_MPMO,SP100,window_007,7,60,10,752,124,0.469938009794597,0.468938009794597,1.18773534207154,1.18471175763062,0.174281965625856,4.58493594924697,8.08594216327026,-0.0632323465057,1,0.001,1.9783091,124,0.019049688343935254,-0.06323234650569942,0.33435662917121356
A_MPMO,SP100,window_008,7,60,10,752,126,0.0012818718033098,0.0002818718033098,0.0025653868019397,0.0005638230583333,0.261452526017487,0.13873691397362,0.229934232185147,-0.154836698513741,1,0.001,2.2179534,126,0.03170057938703371,-0.1548366985137405,0.13997833949532928
A_MPMO,SP100,window_009,7,60,10,752,122,0.18004246607211,0.17904246607211,0.407699226951548,0.405236269995399,0.295935111924521,1.30307733979705,1.66797362973633,-0.183924329924585,1,0.001,2.1911327,122,0.040980797121533415,-0.1839243299245853,0.3560923790890812
A_MPMO,SP100,window_010,7,60,10,750,126,0.135053004711812,0.134053004711812,0.288345323505313,0.28607621749589,0.178225232498833,1.51086092789574,2.13729495283668,-0.0904689589081097,1,0.001,2.2557762,126,0.02394438540954232,-0.09046895890810902,0.5888550669090996
A_MPMO,SP100,window_011,7,60,10,751,123,0.0621119995833039,0.0611119995833039,0.131402754351566,0.129221391693892,0.207097232180377,0.698712491350129,1.188886349292,-0.121555867750467,1,0.001,2.2386315,123,0.024229908417713473,-0.12155586775046667,0.3795222155148596
A_MPMO,SP100,window_001,8,60,10,755,124,0.0259768842364005,0.0249768842364005,0.0534997301019156,0.0514140044668971,0.351617996340657,0.32176627239146,0.497551858711611,-0.230936088002877,1,0.001,2.3046753,124,0.04668566389446778,-0.23093608800287735,1.0
A_MPMO,SP100,window_002,8,60,10,755,126,0.285644802216698,0.284644802216698,0.652882557466812,0.650312267862378,0.205779954858053,2.54601249207496,4.55127293398294,-0.0877704246046976,1,0.001,2.3728708,126,0.024052299870144917,-0.0877704246046982,0.5988886213838496
A_MPMO,SP100,window_003,8,60,10,756,124,-0.252372947061599,-0.253372947061599,-0.446273461125709,-0.447777604618761,0.408196954724712,-1.24341133015212,-2.11468270638051,-0.271229357349079,1,0.001,2.2306562,124,0.051163974281344685,-0.27122935734907894,0.22609147211896274
A_MPMO,SP100,window_004,8,60,10,756,125,-0.133647375298706,-0.134647375298706,-0.251154014233979,-0.252895554858476,0.289787783314076,-0.853863888802467,-1.41484941928324,-0.24880724545023,1,0.001,2.5887757,125,0.03581403293105482,-0.2488072454502298,0.34771468526821014
A_MPMO,SP100,window_005,8,60,10,755,123,0.386964096865286,0.385964096865286,0.954611495905695,0.951725295856779,0.190491959455724,3.61725525106273,6.09717978341891,-0.0940761152518714,1,0.001,2.3618351,123,0.022181765422964374,-0.09407611525187176,0.28799334885444045
A_MPMO,SP100,window_006,8,60,10,753,125,0.121797544189,0.120797544189,0.260746007774949,0.258481327315073,0.168387102778064,1.45984419495286,2.39438273249483,-0.0848920879507472,1,0.001,2.2282729,125,0.020045107755766588,-0.08489208795074699,0.4540325210941908
A_MPMO,SP100,window_007,8,60,10,752,124,0.411320951196922,0.410320951196922,1.01408695129004,1.01118778964406,0.18451692224915,3.89092247366129,7.05376287866021,-0.069847379780991,1,0.001,2.3329479,124,0.01979632407263581,-0.06984737978099076,0.4872253392750233
A_MPMO,SP100,window_008,8,60,10,752,126,-0.0064480566836773,-0.0074480566836773,-0.0128545359323587,-0.0148406398189914,0.243202786291776,0.0669544205927034,0.106419722523589,-0.134014697404572,1,0.001,2.169622,126,0.030457193277574346,-0.13401469740457217,0.3503234183799596
A_MPMO,SP100,window_009,8,60,10,752,122,0.177667239601168,0.176667239601168,0.40185278019164,0.399395107725648,0.304155961399197,1.26212789344115,1.61797386894098,-0.194027623106971,1,0.001,2.2541784,122,0.04243465269732819,-0.19402762310697097,0.20454930212043204
A_MPMO,SP100,window_010,8,60,10,750,126,0.164117550822052,0.163117550822052,0.355169672131932,0.352842437030288,0.182607320255104,1.75606156287932,2.54318984512425,-0.0858899978291254,1,0.001,2.0181655,126,0.02424636623163386,-0.08588999782912554,0.5667416306346953
A_MPMO,SP100,window_011,8,60,10,751,123,0.0895856955669156,0.0885856955669156,0.192176110727733,0.189935505272113,0.220386828681242,0.906915512128881,1.56602662626363,-0.128563388849336,1,0.001,1.9059909,123,0.026123049868126674,-0.12856338884933494,0.45908225099017524
A_MPMO,SP100,window_001,9,60,10,755,124,0.0238524615421107,0.0228524615421107,0.0490712747968611,0.0469900092762392,0.357355661257157,0.310454391188852,0.479557704021595,-0.233718358056277,1,0.001,1.9410952,124,0.047459225743498624,-0.23371835805627716,1.0
A_MPMO,SP100,window_002,9,60,10,755,126,0.256575437664799,0.255575437664799,0.578981830542481,0.576469679667151,0.200137623127422,2.38306403686988,4.43777589857149,-0.0824998727356386,1,0.001,2.4780383,126,0.02292551251995704,-0.08249987273563852,0.6153303663564781
A_MPMO,SP100,window_003,9,60,10,756,124,-0.212796608439295,-0.213796608439295,-0.385075382878361,-0.386661842212602,0.373559377349271,-1.11471358068427,-1.83984773310516,-0.252888715134736,1,0.001,2.3611129,124,0.04668908689798846,-0.25288871513473565,0.3534825355325844
A_MPMO,SP100,window_004,9,60,10,756,125,-0.144923113359937,-0.145923113359937,-0.270672789022371,-0.272391289625628,0.293448001262725,-0.929430309427913,-1.50788946959266,-0.264958086807743,1,0.001,2.5173914,125,0.036717456386286436,-0.2649580868077428,0.3496031547487669
A_MPMO,SP100,window_005,9,60,10,755,123,0.408949518018399,0.407949518018399,1.01861760939286,1.01568339131964,0.200644360214134,3.60505559698522,5.95665024226215,-0.0944128539482844,1,0.001,1.9607016,123,0.022813713239462432,-0.09441285394828425,0.312802762110897
A_MPMO,SP100,window_006,9,60,10,753,125,0.0888760869350806,0.0878760869350806,0.187267489656481,0.185070348379717,0.171488794371652,1.08583239880619,1.8379747508382,-0.102452434019797,1,0.001,2.1279978,125,0.0206360275648255,-0.10245243401979687,0.3577387638379752
A_MPMO,SP100,window_007,9,60,10,752,124,0.466875449618793,0.465875449618793,1.17848214107084,1.17546506135788,0.172735905817582,4.59985536398161,8.06909908387908,-0.0648937289414062,1,0.001,2.277616,124,0.018612129131753974,-0.0648937289414061,0.38406365724230174
A_MPMO,SP100,window_008,9,60,10,752,126,0.0047012398694228,0.0037012398694228,0.0094245813951554,0.0074161789154167,0.252429039233133,0.161800322993308,0.262262740180406,-0.144627444350824,1,0.001,2.174625,126,0.031202589452880642,-0.14462744435082375,0.13895062448783824
A_MPMO,SP100,window_009,9,60,10,752,122,0.169441352366891,0.168441352366891,0.381702351151457,0.379262974526498,0.301462285536619,1.22253111620444,1.60438407923909,-0.187220274919539,1,0.001,2.2257155,122,0.041719277294586285,-0.1872202749195392,0.23059648657366688
A_MPMO,SP100,window_010,9,60,10,750,126,0.13838960863308,0.13738960863308,0.295930901043778,0.293655121826512,0.177498911921305,1.54937860662772,2.21603958424246,-0.0858592069830812,1,0.001,2.1537725,126,0.024127582360975067,-0.08585920698308147,0.6541408228636274
A_MPMO,SP100,window_011,9,60,10,751,123,0.074623173004658,0.073623173004658,0.15887633807168,0.156668006152828,0.218370207155512,0.783485669727313,1.34383567488449,-0.12787089507091,1,0.001,2.1439844,123,0.025839060118710656,-0.12787089507090965,0.4424238126938587
A_MPMO,SP100,window_001,10,60,10,755,124,0.0248064985719432,0.0238064985719432,0.0510588360569462,0.0489755676223611,0.351180159462689,0.315213015124806,0.487283179368731,-0.232466305864637,1,0.001,2.2641646,124,0.04697691699223246,-0.23246630586463746,1.0
A_MPMO,SP100,window_002,10,60,10,755,126,0.273278833088528,0.272278833088528,0.621238986791284,0.618693429125108,0.207892655742305,2.42878886794505,4.51447091838406,-0.087955793038954,1,0.001,2.403838,126,0.023653089218165203,-0.08795579303895429,0.6170582210253628
A_MPMO,SP100,window_003,10,60,10,756,124,-0.261055066610318,-0.262055066610318,-0.459263318675769,-0.46074942255914,0.427354265669386,-1.22439568018808,-2.0721868536633,-0.282683341638262,1,0.001,2.5306409,124,0.0531583291270369,-0.28268334163826214,0.3557783234957448
A_MPMO,SP100,window_004,10,60,10,756,125,-0.138133349347183,-0.139133349347183,-0.258950542237234,-0.260682915970798,0.290824565968193,-0.88569724981764,-1.45172188124913,-0.255644887250264,1,0.001,2.2144861,125,0.036156201988782465,-0.25564488725026324,0.36235448742561244
A_MPMO,SP100,window_005,10,60,10,755,123,0.363393801884023,0.362393801884023,0.887163482156119,0.884328720373753,0.192214632744732,3.40337278724106,5.72877734190678,-0.090224160887335,1,0.001,1.9616721,123,0.02298616726989534,-0.09022416088733498,0.327520601386389
A_MPMO,SP100,window_006,10,60,10,753,125,0.108442063561418,0.107442063561418,0.23066940605464,0.228432128571651,0.167264213696745,1.32408550234698,2.1011870921769,-0.0886512269775701,1,0.001,2.2867276,125,0.020529823277749666,-0.08865122697757144,0.5456956638037721
A_MPMO,SP100,window_007,10,60,10,752,124,0.415209385192862,0.414209385192862,1.02538031126099,1.02247290096581,0.172584875926071,4.18023942878597,7.43249233930361,-0.0644397529705628,1,0.001,2.3137086,124,0.01858218288211743,-0.06443975297056259,0.3389631400843665
A_MPMO,SP100,window_008,10,60,10,752,126,-0.0179234285581106,-0.0189234285581106,-0.0355256078249434,-0.0374887609678273,0.239694199897105,-0.0323746108910563,-0.0505564797504123,-0.146485728781801,1,0.001,2.1937003,126,0.03089074408998008,-0.14648572878180066,0.3716563739591468
A_MPMO,SP100,window_009,10,60,10,752,122,0.184174562378014,0.183174562378014,0.417899996164832,0.415427844308473,0.317794850979095,1.25700486093302,1.6544687004058,-0.200599130576907,1,0.001,2.1925064,122,0.04467088776902513,-0.20059913057690748,0.28805250819971184
A_MPMO,SP100,window_010,10,60,10,750,126,0.150925988191035,0.149925988191035,0.32463063029351,0.322329778317128,0.180984632035268,1.64413408129872,2.35424656988279,-0.0866488170853281,1,0.001,2.1294942,126,0.024142206543073173,-0.08664881708532812,0.5514640809181802
A_MPMO,SP100,window_011,10,60,10,751,123,0.0901719388437832,0.0891719388437832,0.193490653870242,0.191248783470013,0.223194998531826,0.903197416612125,1.55688261970048,-0.130120516944404,1,0.001,2.2920424,123,0.026261505636303344,-0.13012051694440363,0.4270093779523502
ECMADE_MOO,SP100,window_001,1,60,10,755,124,0.014788862321961,0.013788862321961,0.0302842280749471,0.0282219877444618,0.381913305368851,0.266368865204689,0.423602000704557,-0.248826561673984,1,0.001,6.1579805,124,0.05016319451064321,-0.24882656167398431,1.0
ECMADE_MOO,SP100,window_002,1,60,10,755,126,0.24054070993656,0.23954070993656,0.538941253009904,0.53646117159003,0.189082630696734,2.37520875577822,4.36447118296255,-0.0771770466526753,1,0.001,4.7560367,126,0.02144517103225873,-0.07717704665267555,0.6488666125383484
ECMADE_MOO,SP100,window_003,1,60,10,756,124,-0.227441116056508,-0.228441116056508,-0.408100365158793,-0.409656349067744,0.393063716862139,-1.13745582115239,-1.9142582941625,-0.269754724581034,1,0.001,4.3987332,124,0.04827873865526911,-0.2697547245810331,0.32689506637291954
ECMADE_MOO,SP100,window_004,1,60,10,756,125,-0.137192981117123,-0.138192981117123,-0.257319608769582,-0.259053904041176,0.293269328674944,-0.868406235951041,-1.41445839316733,-0.260748963227058,1,0.001,4.2904178,125,0.036603567603775415,-0.260748963227058,0.3459192094211492
ECMADE_MOO,SP100,window_005,1,60,10,755,123,0.409786344439669,0.408786344439669,1.02107471985442,1.01813867335525,0.19314166701121,3.74382324103004,6.16602842952996,-0.0957104219499495,1,0.001,1.1721135,123,0.022228732306047723,-0.09571042194994961,0.2812163071070832
ECMADE_MOO,SP100,window_006,1,60,10,753,125,0.104076997154378,0.103076997154378,0.220918608830075,0.218690286513426,0.161016374301845,1.31991092614916,2.12276759304204,-0.0963241012925438,1,0.001,3.9395192,125,0.0204426841566066,-0.0963241012925431,0.5869919517824962
ECMADE_MOO,SP100,window_007,1,60,10,752,124,0.415374491485649,0.414374491485649,1.02586054704275,1.02295278648654,0.166773256015626,4.32151948558958,7.92452540177468,-0.0604768452169453,1,0.001,3.6328606,124,0.017619046507209343,-0.060476845216945074,0.3033989079953117
ECMADE_MOO,SP100,window_008,1,60,10,752,126,-0.0534503893074411,-0.0544503893074411,-0.104043834497765,-0.10593593371915,0.228694504840581,-0.367323028907548,-0.575854538828168,-0.144557250045297,1,0.001,4.2098469,126,0.02967348825285773,-0.14455725004529674,0.3617805189435027
ECMADE_MOO,SP100,window_009,1,60,10,752,122,0.173929930032019,0.172929930032019,0.392679076160427,0.390229717180544,0.305488142460284,1.2362956910507,1.61623708688666,-0.199439640526917,1,0.001,3.8832007,122,0.043052521520803015,-0.1994396405269171,0.42376928839576905
ECMADE_MOO,SP100,window_010,1,60,10,750,126,0.107696151014405,0.106696151014405,0.226990762972128,0.224776370670099,0.17808279660381,1.23772908013908,1.75382848751358,-0.0900968815155165,1,0.001,4.6254382,126,0.024190697027280213,-0.09009688151551665,0.6612524083919775
ECMADE_MOO,SP100,window_011,1,60,10,751,123,0.0768190931762782,0.0758190931762782,0.163733225178152,0.161520158116838,0.208493828480908,0.830649612132638,1.40433347469795,-0.120884899553117,1,0.001,4.4495683,123,0.024496124427316114,-0.1208848995531171,0.5619923634657056
ECMADE_MOO,SP100,window_001,2,60,10,755,124,0.025073902457013,0.024073902457013,0.0516162658922272,0.0495324360567091,0.33630015034681,0.31596095585851,0.4838659615868,-0.217991832659113,1,0.001,4.9589753,124,0.04524495539306507,-0.21799183265911282,1.0
ECMADE_MOO,SP100,window_002,2,60,10,755,126,0.221108693522784,0.220108693522784,0.49110644139692,0.488665224009875,0.188016960025997,2.21938529663935,3.99595220455172,-0.0834566216275556,1,0.001,4.3251636,126,0.0217951184684058,-0.08345662162755574,0.6058217012605112
ECMADE_MOO,SP100,window_003,2,60,10,756,124,-0.264384096606939,-0.265384096606939,-0.464202549960612,-0.465681738633254,0.430710692439011,-1.23278948055082,-2.10529956637118,-0.275894013504538,1,0.001,4.4925543,124,0.05410946331291789,-0.27589401350453835,0.31307442704072797
ECMADE_MOO,SP100,window_004,2,60,10,756,125,-0.103804048761199,-0.104804048761199,-0.19823996794231,-0.200042511254969,0.283723128993794,-0.637782103727318,-1.04646412557725,-0.236969487834673,1,0.001,4.5950083,125,0.035086593839592714,-0.23696948783467353,0.3551332176665197
ECMADE_MOO,SP100,window_005,2,60,10,755,123,0.393738068553146,0.392738068553146,0.974220023776398,0.971319032730552,0.194802643321185,3.59282201136691,6.09573737792547,-0.0963637283376544,1,0.001,3.4349335,123,0.022069672576825232,-0.09636372833765416,0.27770624051416515
ECMADE_MOO,SP100,window_006,2,60,10,753,125,0.0926325687421108,0.0916325687421108,0.195539334831057,0.193334488672734,0.158298707798743,1.20691401079211,1.91763124572077,-0.0972843189131473,1,0.001,3.5662829,125,0.019416506628467844,-0.09728431891314748,0.46244170648087324
ECMADE_MOO,SP100,window_007,2,60,10,752,124,0.487519376261686,0.486519376261686,1.2412410779518,1.23818014311384,0.180388332804909,4.57000986940215,7.88880611546845,-0.0673416159222687,1,0.001,3.7500238,124,0.019809558866190353,-0.06734161592226862,0.43098581494600824
ECMADE_MOO,SP100,window_008,2,60,10,752,126,-0.0066637801401572,-0.0076637801401572,-0.0132831543145581,-0.0152688267542778,0.237249017764357,0.0607597701974831,0.09735158811853,-0.138636959587683,1,0.001,3.9890348,126,0.029521781737321656,-0.13863695958768252,0.16415109658568572
ECMADE_MOO,SP100,window_009,2,60,10,752,122,0.135206044415717,0.134206044415717,0.299453804954898,0.297090482459845,0.295679842712672,1.03308875550285,1.37782434743878,-0.169069424764028,1,0.001,4.0112799,122,0.042188506728448205,-0.16906942476402764,0.2885721658307775
ECMADE_MOO,SP100,window_010,2,60,10,750,126,0.140393356181759,0.139393356181759,0.300497006823496,0.298217220111132,0.182909668394559,1.52809358085486,2.20226201294458,-0.0847772341505089,1,0.001,4.1402092,126,0.024599663486828714,-0.08477723415050831,0.7275775656786357
ECMADE_MOO,SP100,window_011,2,60,10,751,123,0.0705365024668225,0.0695365024668225,0.149865211899401,0.147665690958942,0.210853715661439,0.766723782625117,1.40627251142918,-0.126835335123266,1,0.001,4.5733182,123,0.024268794872301942,-0.1268353351232666,0.42724346471239455
ECMADE_MOO,SP100,window_001,3,60,10,755,124,0.0292274325041542,0.0282274325041542,0.0602939866343486,0.0582014360664156,0.342226512620343,0.340090266118641,0.529674970546346,-0.228337237869536,1,0.001,4.943101,124,0.04545495194403991,-0.22833723786953586,1.0
ECMADE_MOO,SP100,window_002,3,60,10,755,126,0.232404438108064,0.231404438108064,0.518820699068452,0.516356890192236,0.192006211253664,2.27318759227127,4.132647210434,-0.0840189931801877,1,0.001,4.4691423,126,0.022199742331951062,-0.0840189931801878,0.6252277632706431
ECMADE_MOO,SP100,window_003,3,60,10,756,124,-0.290463945991914,-0.291463945991914,-0.502100532802075,-0.503525582548353,0.446576084584491,-1.33734973165811,-2.29264306064851,-0.299025592673584,1,0.001,4.5737484,124,0.05587647450795756,-0.29902559267358375,0.33960319285653967
ECMADE_MOO,SP100,window_004,3,60,10,756,125,-0.106046703329757,-0.107046703329757,-0.202279600906912,-0.204077558869644,0.279541890471458,-0.66962514296441,-1.13408079095796,-0.220591928795523,1,0.001,4.2057412,125,0.03384491738364039,-0.22059192879552247,0.38841341290687825
ECMADE_MOO,SP100,window_005,3,60,10,755,123,0.418400792002401,0.417400792002401,1.04645763160231,1.04350275987129,0.196584595235143,3.74531560388743,6.19337287869241,-0.0987848765026814,1,0.001,4.1294956,123,0.02226616089807793,-0.09878487650268108,0.21048708212497905
ECMADE_MOO,SP100,window_006,3,60,10,753,125,0.11323267653084,0.11223267653084,0.241415793847587,0.239168687517129,0.180327832326804,1.28842587998074,2.24644497442288,-0.0962221752891831,1,0.001,4.1477062,125,0.021160264165340472,-0.09622217528918298,0.3185762643415798
ECMADE_MOO,SP100,window_007,3,60,10,752,124,0.463744625274747,0.462744625274747,1.16904327877256,1.16603284832432,0.187811990162822,4.22166801395489,7.38921316190898,-0.071686413942838,1,0.001,3.7331655,124,0.020078746995589414,-0.07168641394283737,0.47542024375351954
ECMADE_MOO,SP100,window_008,3,60,10,752,126,-0.0180800685713571,-0.0190800685713571,-0.0358332482631692,-0.0377960881260265,0.273057552403021,0.0012086423572213,0.0019406139960332,-0.161771100443974,1,0.001,4.1090978,126,0.033656917462808085,-0.16177110044397336,0.18578340739180815
ECMADE_MOO,SP100,window_009,3,60,10,752,122,0.143949436838986,0.142949436838986,0.320211810723843,0.317829078808965,0.287526668643185,1.10935655845935,1.45099370403611,-0.182502406403684,1,0.001,4.0066538,122,0.040222844628559774,-0.1825024064036831,0.4533618538812595
ECMADE_MOO,SP100,window_010,3,60,10,750,126,0.117451484558475,0.116451484558475,0.24869782034194,0.246463917372823,0.179835771832305,1.32500481668169,1.87202533437257,-0.0934380614849473,1,0.001,4.3977602,126,0.024141828941534972,-0.09343806148494682,0.6295281787361108
ECMADE_MOO,SP100,window_011,3,60,10,751,123,0.062046168653441,0.061046168653441,0.131259086955844,0.129077866163406,0.217426362467245,0.674936903426274,1.21415172290408,-0.127147728808985,1,0.001,4.405241,123,0.024959257623974433,-0.12714772880898528,0.406850405997653
ECMADE_MOO,SP100,window_001,4,60,10,755,124,0.0116390854391601,0.0106390854391601,0.0237957366917831,0.021740106703142,0.374438656248381,0.247882619402244,0.38303711182082,-0.242200495497771,1,0.001,4.4992619,124,0.050581354426413275,-0.24220049549777078,1.0
ECMADE_MOO,SP100,window_002,4,60,10,755,126,0.255680511595955,0.254680511595955,0.576733547201879,0.574223186178687,0.200965455899772,2.36707329342588,4.1913213168914,-0.0886953593995584,1,0.001,4.1226704,126,0.023689122971942447,-0.08869535939955886,0.6085181383076125
ECMADE_MOO,SP100,window_003,4,60,10,756,124,-0.256099263006822,-0.257099263006822,-0.451867819265803,-0.453364219428818,0.401104461139969,-1.29760276576617,-2.17066585801962,-0.279880725205828,1,0.001,4.6712206,124,0.05092636607881751,-0.2798807252058284,0.4116923818064248
ECMADE_MOO,SP100,window_004,4,60,10,756,125,-0.141226017283254,-0.142226017283254,-0.264301586768257,-0.266027641215306,0.3011752428211,-0.86917953298334,-1.40803844684777,-0.269885520749777,1,0.001,4.4169753,125,0.037499579098303974,-0.26988552074977656,0.4517852173188155
ECMADE_MOO,SP100,window_005,4,60,10,755,123,0.450558514022022,0.449558514022022,1.14264525464387,1.13962005930789,0.194801378782785,4.01428463336251,6.52831234333046,-0.100081944439587,1,0.001,3.7494817,123,0.022119389646486957,-0.10008194443958696,0.2837615154719419
ECMADE_MOO,SP100,window_006,4,60,10,753,125,0.138605327680802,0.137605327680802,0.299117384927291,0.296818210588347,0.175183330441671,1.58086502127835,2.68038886680061,-0.0871097571677337,1,0.001,3.903099,125,0.02064802543228503,-0.08710975716773395,0.35768954966792765
ECMADE_MOO,SP100,window_007,4,60,10,752,124,0.455887056102885,0.454887056102885,1.14544582762261,1.14245208310659,0.170718038332027,4.56244757446287,8.27082892119041,-0.0655069082616483,1,0.001,3.862567,124,0.0179730708030304,-0.06550690826164807,0.34820495507315025
ECMADE_MOO,SP100,window_008,4,60,10,752,126,-0.0194078805828588,-0.0204078805828588,-0.0384390953369991,-0.0403992795758333,0.216346173839199,-0.0742356006380399,-0.115346080683761,-0.124020648052596,1,0.001,3.9597908,126,0.027673461440298832,-0.12402064805259594,0.2573879285546295
ECMADE_MOO,SP100,window_009,4,60,10,752,122,0.156688703356761,0.155688703356761,0.350760437663491,0.348349408499133,0.302190510845707,1.14539385628026,1.50028784026639,-0.191823553446508,1,0.001,4.0614249,122,0.042223375698248515,-0.19182355344650837,0.18501121468009188
ECMADE_MOO,SP100,window_010,4,60,10,750,126,0.101590368661707,0.100590368661707,0.213501340328235,0.211299159590911,0.164449708790126,1.25893803898599,1.73013813670225,-0.0789658320550033,1,0.001,4.4086268,126,0.02269070192120306,-0.07896583205500352,0.6209577459959409
ECMADE_MOO,SP100,window_011,4,60,10,751,123,0.0714584990036122,0.0704584990036122,0.151895072773888,0.149693564125731,0.214084728298774,0.766667631069987,1.35651395722939,-0.130333851972223,1,0.001,4.3031842,123,0.025609834356605802,-0.13033385197222347,0.4404409678985102
ECMADE_MOO,SP100,window_001,5,60,10,755,124,0.0112630844569974,0.0102630844569974,0.0230225716097077,0.0209677306786613,0.374155198332847,0.245351707185169,0.38552089373933,-0.25128850023569,1,0.001,4.9124892,124,0.04934124580995858,-0.2512885002356897,1.0
ECMADE_MOO,SP100,window_002,5,60,10,755,126,0.280260452173789,0.279260452173789,0.639066825400235,0.636507304495887,0.202932441937256,2.53741462169669,4.65056436093372,-0.0770461776944592,1,0.001,4.2263537,126,0.02336372026240544,-0.0770461776944592,0.5842533641792881
ECMADE_MOO,SP100,window_003,5,60,10,756,124,-0.254219293612317,-0.255219293612317,-0.449049007574647,-0.450549314180918,0.410856343721921,-1.24481869177484,-2.07439910575936,-0.277999368536211,1,0.001,4.4737026,124,0.05187349011222652,-0.2779993685362112,0.4004815557214689
ECMADE_MOO,SP100,window_004,5,60,10,756,125,-0.144283078308826,-0.145283078308826,-0.26957181608629,-0.271291624360912,0.295759173093431,-0.914824425321041,-1.50133327755626,-0.267575844580916,1,0.001,4.2963233,125,0.03700694369032044,-0.26757584458091654,0.37301483451331197
ECMADE_MOO,SP100,window_005,5,60,10,755,123,0.348723941156809,0.347723941156809,0.845796609953723,0.842993840858523,0.189370874677848,3.33431769882988,5.4981063420994,-0.0883811931956894,1,0.001,4.1226234,123,0.022815057028419315,-0.08838119319568971,0.36706272349193836
ECMADE_MOO,SP100,window_006,5,60,10,753,125,0.132122308056481,0.131122308056481,0.284248271163233,0.281962402614215,0.172538952205363,1.53558454324104,2.6212298266822,-0.0883337762109007,1,0.001,3.9231762,125,0.020368276258780627,-0.08833377621090022,0.41206545764296487
ECMADE_MOO,SP100,window_007,5,60,10,752,124,0.447711030190473,0.446711030190473,1.12103118169759,1.1180547962872,0.179064984433311,4.29367829286197,7.63864756391392,-0.066534960995154,1,0.001,3.6925367,124,0.019033123564827312,-0.06653496099515377,0.3604536713461713
ECMADE_MOO,SP100,window_008,5,60,10,752,126,-0.0470689635165353,-0.0480689635165353,-0.0919224397065498,-0.0938273017795167,0.268715643969501,-0.226028715176656,-0.356197791203184,-0.171339029897251,1,0.001,3.9926195,126,0.033916787380848835,-0.17133902989725136,0.1525474154340407
ECMADE_MOO,SP100,window_009,5,60,10,752,122,0.13915121369567,0.13815121369567,0.308799163218252,0.306427084068315,0.314108584113714,1.01278451138219,1.40112221713788,-0.195756060035757,1,0.001,4.0510613,122,0.04397723173984849,-0.19575606003575652,0.4639886301248727
ECMADE_MOO,SP100,window_010,5,60,10,750,126,0.135037711511275,0.134037711511275,0.288310606552751,0.286041531129729,0.188424282617328,1.43878044356331,2.06893975705378,-0.0912297318268239,1,0.001,4.1911088,126,0.025911567290972156,-0.09122973182682359,0.8106275990604219
ECMADE_MOO,SP100,window_011,5,60,10,751,123,0.0580274331611119,0.0570274331611119,0.122506408468006,0.120333847211344,0.205912369812811,0.663236370013835,1.11429265844425,-0.121326598942122,1,0.001,4.4894042,123,0.024411267835426638,-0.12132659894212172,0.47662583168325395
ECMADE_MOO,SP100,window_001,6,60,10,755,124,0.0320473538038255,0.0310473538038255,0.0662061239730043,0.0641076520637469,0.346663659203104,0.356360146144406,0.542644979103275,-0.223207099261613,1,0.001,4.1042079,124,0.04661686771627794,-0.22320709926161275,1.0
ECMADE_MOO,SP100,window_002,6,60,10,755,126,0.274820613403941,0.273820613403941,0.625167596359602,0.622618955132794,0.19930569290527,2.53704802347764,4.58204727869201,-0.07798174952134,1,0.001,4.0560372,126,0.022539709461862473,-0.07798174952134018,0.6383062523089911
ECMADE_MOO,SP100,window_003,6,60,10,756,124,-0.193449918027051,-0.194449918027051,-0.353972824720417,-0.355599572801971,0.3549520950624,-1.05340805772677,-1.72156372050327,-0.231092812661635,1,0.001,4.4337353,124,0.044941305458370155,-0.2310928126616355,0.2723411028981894
ECMADE_MOO,SP100,window_004,6,60,10,756,125,-0.0989302507826451,-0.0999302507826451,-0.189425468247065,-0.191237977199841,0.279308269357601,-0.613168967408961,-1.01137838005899,-0.236089112337985,1,0.001,3.9969429,125,0.034405474205189406,-0.23608911233798413,0.37370849656203925
ECMADE_MOO,SP100,window_005,6,60,10,755,123,0.447838496214308,0.446838496214308,1.13442178764782,1.13140254350928,0.194755894250136,3.99538954238619,6.8447020352035,-0.0978731682543897,1,0.001,4.0598167,123,0.022395292516372855,-0.09787316825438996,0.2102497074715221
ECMADE_MOO,SP100,window_006,6,60,10,753,125,0.109956856820755,0.108956856820755,0.234062326651565,0.231821941357427,0.166787389210713,1.34402418407865,2.14805112981574,-0.102373324559877,1,0.001,4.1965757,125,0.020296648484044548,-0.10237332455987702,0.4231078862487291
ECMADE_MOO,SP100,window_007,6,60,10,752,124,0.429658368766285,0.428658368766285,1.06762623600521,1.06468816826399,0.158753030852001,4.66064217643502,9.24055905796025,-0.0593421988977563,1,0.001,3.8293613,124,0.01600050156302354,-0.05934219889775616,0.45432940924093845
ECMADE_MOO,SP100,window_008,6,60,10,752,126,0.0174718265789731,0.0164718265789731,0.0352489178819517,0.0332149742287937,0.281520202874444,0.26190404493258,0.436840014080882,-0.165642130978349,1,0.001,3.9674725,126,0.03400269874950603,-0.165642130978349,0.34482554872587146
ECMADE_MOO,SP100,window_009,6,60,10,752,122,0.188893158397354,0.187893158397354,0.429595111039306,0.427112456606876,0.309628841862573,1.3085370803825,1.74366398527111,-0.199688755874021,1,0.001,4.0661228,122,0.043062136506291586,-0.19968875587402168,0.38706352149554313
ECMADE_MOO,SP100,window_010,6,60,10,750,126,0.112268858981829,0.111268858981829,0.23714201466074,0.234918476942777,0.158833734093229,1.41933007001085,1.95505446307947,-0.0830022523017315,1,0.001,4.2317496,126,0.022131122960463656,-0.08300225230173153,0.6436884931566802
ECMADE_MOO,SP100,window_011,6,60,10,751,123,0.0710209886455462,0.0700209886455462,0.150931624656258,0.148731059235404,0.212069295554059,0.767941810035726,1.33126014803852,-0.128352419812221,1,0.001,4.6804424,123,0.024565872563258557,-0.12835241981222123,0.39937757808602337
ECMADE_MOO,SP100,window_001,7,60,10,755,124,0.0210615195032262,0.0200615195032262,0.0432678300153049,0.0411924234775864,0.345098897018046,0.292990527475424,0.463324401996029,-0.225946906496893,1,0.001,4.916456,124,0.0444137190259337,-0.22594690649689275,1.0
ECMADE_MOO,SP100,window_002,7,60,10,755,126,0.28952692218871,0.28852692218871,0.662879683049488,0.660301629205111,0.20537240566833,2.57987570593359,4.8319486642031,-0.0804969786463894,1,0.001,4.2755339,126,0.022986661184024457,-0.0804969786463896,0.7114407205232668
ECMADE_MOO,SP100,window_003,7,60,10,756,124,-0.261172973631431,-0.262172973631431,-0.459438648788073,-0.460924507732476,0.390887316097308,-1.37744567322855,-2.33541633819285,-0.277065948814166,1,0.001,4.4475934,124,0.04912888436745806,-0.27706594881416524,0.33712374533864986
ECMADE_MOO,SP100,window_004,7,60,10,756,125,-0.134134798967111,-0.135134798967111,-0.252003137634876,-0.253743682193647,0.291555015256984,-0.850778888941212,-1.38428404495388,-0.258569942551864,1,0.001,4.3248696,125,0.036541337455215324,-0.2585699425518645,0.41249173368227593
ECMADE_MOO,SP100,window_005,7,60,10,755,123,0.504351049169127,0.503351049169127,1.30860465312361,1.30546165305423,0.210368869719998,4.08780862327721,6.87122377555894,-0.105051907100393,1,0.001,3.998722,123,0.02415589217263567,-0.10505190710039258,0.2737944581153296
ECMADE_MOO,SP100,window_006,7,60,10,753,125,0.119279922829361,0.118279922829361,0.255048319997196,0.25278880563219,0.167615481947749,1.43862610078157,2.39454888372066,-0.0902686126455016,1,0.001,3.9989075,125,0.020035506648993746,-0.09026861264550146,0.519019266613323
ECMADE_MOO,SP100,window_007,7,60,10,752,124,0.395033738583241,0.394033738583241,0.967131736313186,0.96426711721784,0.164244275434066,4.20596250293147,7.77388599489117,-0.0622761739150312,1,0.001,3.775443,124,0.017164927210832744,-0.06227617391503093,0.3852050097682702
ECMADE_MOO,SP100,window_008,7,60,10,752,126,0.0165803531605175,0.0155803531605175,0.0334356144319625,0.0314034537256418,0.257969195172679,0.254794705353832,0.419154978640749,-0.154796210233648,1,0.001,3.8167206,126,0.031583714391516124,-0.15479621023364787,0.16747340263649613
ECMADE_MOO,SP100,window_009,7,60,10,752,122,0.139708534979335,0.138708534979335,0.310122136766262,0.307748820431513,0.29720213331148,1.05668868781893,1.37335856297684,-0.187524266405561,1,0.001,3.7947223,122,0.041710143515179286,-0.1875242664055612,0.32525367227918445
ECMADE_MOO,SP100,window_010,7,60,10,750,126,0.125300890517626,0.124300890517626,0.266302094199762,0.264052492418727,0.160684506393332,1.54988304782892,2.14280078625948,-0.0718507657637573,1,0.001,4.1653413,126,0.022520849619389917,-0.07185076576375693,0.6855971662805447
ECMADE_MOO,SP100,window_011,7,60,10,751,123,0.0646729437506779,0.0636729437506779,0.13699892890405,0.134812047095133,0.221077320001067,0.690295781499162,1.24106034865526,-0.127049556080935,1,0.001,4.1801588,123,0.02560843769319909,-0.12704955608093527,0.4045536623720356
ECMADE_MOO,SP100,window_001,8,60,10,755,124,0.034569383230294,0.033569383230294,0.0715078586017825,0.0694040904296152,0.3329076748079,0.371907131154355,0.573523480008058,-0.221847896623886,1,0.001,4.6882439,124,0.044140334957271946,-0.22184789662388593,1.0
ECMADE_MOO,SP100,window_002,8,60,10,755,126,0.250965342461744,0.249965342461744,0.564914288040429,0.562413357355506,0.196956988740326,2.37276374894982,4.35161933971016,-0.080268728232333,1,0.001,3.9456723,126,0.0222259176220344,-0.08026872823233255,0.6386319032272556
ECMADE_MOO,SP100,window_003,8,60,10,756,124,-0.252080461382293,-0.253080461382293,-0.445833127879071,-0.447337879213749,0.405226192548441,-1.25368577024972,-2.14733307322603,-0.280527037665874,1,0.001,4.0913236,124,0.0489484341079085,-0.28052703766587417,0.4114470615538013
ECMADE_MOO,SP100,window_004,8,60,10,756,125,-0.128703949166429,-0.129703949166429,-0.242514815271842,-0.244266458450484,0.281836789663761,-0.845261617561057,-1.38936366559489,-0.248787940254655,1,0.001,5.5941042,125,0.03519190124875902,-0.24878794025465456,0.34056539005595465
ECMADE_MOO,SP100,window_005,8,60,10,755,123,0.449362052640743,0.448362052640743,1.13902598240855,1.13600340490857,0.198473558845312,3.93510283408415,6.40109951064164,-0.0990790432321943,1,0.001,3.9111547,123,0.0227172554593681,-0.09907904323219385,0.3260703980667152
ECMADE_MOO,SP100,window_006,8,60,10,753,125,0.122606873818381,0.121606873818381,0.262580383206933,0.260314041983842,0.166920568910673,1.47977994673485,2.47351292068321,-0.091926730997303,1,0.001,4.2208774,125,0.020023252500068645,-0.0919267309973032,0.45260042630627184
ECMADE_MOO,SP100,window_007,8,60,10,752,124,0.478716814550724,0.477716814550724,1.21436997537251,1.21132774275933,0.170370174831962,4.75756030876914,8.39102534253021,-0.0620201247347546,1,0.001,3.8725937,124,0.0181517764482725,-0.06202012473475449,0.2774005971422427
ECMADE_MOO,SP100,window_008,8,60,10,752,126,-0.0206760033059132,-0.0216760033059132,-0.0409245094991203,-0.0428821574925086,0.247418658648508,-0.0467487993631126,-0.0743619994836161,-0.143179967176738,1,0.001,3.9976642,126,0.030260778568094605,-0.14317996717673787,0.09922575409058397
ECMADE_MOO,SP100,window_009,8,60,10,752,122,0.192162087438287,0.191162087438287,0.4377262655277,0.435236333560717,0.293355596528665,1.38415886813588,1.80821611283106,-0.182170263438601,1,0.001,3.9595228,122,0.04061886059724522,-0.18217026343860132,0.3022506727795936
ECMADE_MOO,SP100,window_010,8,60,10,750,126,0.15924390660856,0.15824390660856,0.343846435009076,0.34152894719586,0.185131006132149,1.68924631478617,2.41629385442544,-0.0786686450478212,1,0.001,4.0535517,126,0.025048097759892914,-0.07866864504782145,0.5102548198053274
ECMADE_MOO,SP100,window_011,8,60,10,751,123,0.0746223072839947,0.0736223072839947,0.158874425340561,0.156666095288401,0.214097298925358,0.794905023995676,1.3609985093655,-0.130650751142662,1,0.001,4.4894894,123,0.026281788307103586,-0.130650751142662,0.5251316198013419
ECMADE_MOO,SP100,window_001,9,60,10,755,124,0.0354432931594073,0.0344432931594073,0.0733480820985295,0.0712424786178623,0.334522396267091,0.376880690409435,0.57539344471954,-0.217499864522646,1,0.001,4.5533238,124,0.044450605458916236,-0.2174998645226459,1.0
ECMADE_MOO,SP100,window_002,9,60,10,755,126,0.258918244077986,0.257918244077986,0.584875145272399,0.582358308784242,0.203754465845156,2.36246949092183,4.41521797811575,-0.0906069023070051,1,0.001,4.1433253,126,0.02308383976121164,-0.09060690230700552,0.590838784707806
ECMADE_MOO,SP100,window_003,9,60,10,756,124,-0.291515796827105,-0.292515796827105,-0.503599415992664,-0.505022283542981,0.43094170925865,-1.4087162558635,-2.4614708665167,-0.301043263503023,1,0.001,4.7921524,124,0.053504535376572966,-0.3010432635030236,0.44297935222645596
ECMADE_MOO,SP100,window_004,9,60,10,756,125,-0.161580453246785,-0.162580453246785,-0.29903203296525,-0.300716506092483,0.315487432799153,-0.968901343037775,-1.53336196759371,-0.295464382115325,1,0.001,1.3866192,125,0.04006219805723473,-0.2954643821153249,0.40624833723391013
ECMADE_MOO,SP100,window_005,9,60,10,755,123,0.407052433982198,0.406052433982198,1.0130530102944,1.01012293706333,0.187389605243315,3.83169941079851,6.24982283619573,-0.100233069426229,1,0.001,3.8886299,123,0.021636935806862316,-0.10023306942622856,0.3215037649765924
ECMADE_MOO,SP100,window_006,9,60,10,753,125,0.113120293157553,0.112120293157553,0.241163154122895,0.238916278375923,0.168670331554133,1.36463280453332,2.31605164141655,-0.093826238767708,1,0.001,4.0640657,125,0.019881554041590116,-0.09382623876770768,0.33228941483390945
ECMADE_MOO,SP100,window_007,9,60,10,752,124,0.389995908533693,0.388995908533693,0.95272183829739,0.949867900998986,0.154478982190585,4.41419229461515,8.27410989448425,-0.0612970204232328,1,0.001,3.9780202,124,0.0161007489774505,-0.061297020423232595,0.3330443190602469
ECMADE_MOO,SP100,window_008,9,60,10,752,126,-0.0112350467049486,-0.0122350467049486,-0.0223438671354348,-0.0243203970420248,0.2500263669164,0.0329967797700098,0.0529080590608746,-0.150759129670299,1,0.001,3.8279984,126,0.030753566830088057,-0.15075912967029914,0.22573057796551027
ECMADE_MOO,SP100,window_009,9,60,10,752,122,0.199217188634996,0.198217188634996,0.455356261080722,0.452850618061809,0.324365950464976,1.31842306755523,1.75973274537044,-0.205513996111818,1,0.001,3.8008373,122,0.045222399139328795,-0.20551399611181842,0.311163183510417
ECMADE_MOO,SP100,window_010,9,60,10,750,126,0.0876282610066086,0.0866282610066086,0.182935234140259,0.180760977618246,0.155946907110905,1.15518948527002,1.64946603599527,-0.0806872302002239,1,0.001,4.1035977,126,0.020974020518538812,-0.08068723020022406,0.6098840937944922
ECMADE_MOO,SP100,window_011,9,60,10,751,123,0.0637068218322285,0.0627068218322285,0.134886099184593,0.132701299564025,0.212357830005627,0.701033714940905,1.20988048303363,-0.123177343122252,1,0.001,4.4036215,123,0.024757963009620302,-0.12317734312225204,0.5392053012806225
ECMADE_MOO,SP100,window_001,10,60,10,755,124,0.0132420993320272,0.0122420993320272,0.0270953185259912,0.0250363244232654,0.371013972657353,0.255296070172808,0.396896331259381,-0.243094294854898,1,0.001,4.5415321,124,0.04993260389505762,-0.24309429485489809,1.0
ECMADE_MOO,SP100,window_002,10,60,10,755,126,0.299701823141054,0.298701823141054,0.689224829076178,0.686626425429896,0.208309805420405,2.6220040009419,4.75305830929856,-0.0869038368325894,1,0.001,3.9079779,126,0.023496966421007657,-0.08690383683258929,0.6163384709139725
ECMADE_MOO,SP100,window_003,10,60,10,756,124,-0.276123528057068,-0.277123528057068,-0.481436470999913,-0.482891282089606,0.419337910945302,-1.35559772148496,-2.34621001885267,-0.287836121534557,1,0.001,4.8097163,124,0.05145434491455755,-0.2878361215345573,0.28047905417203234
ECMADE_MOO,SP100,window_004,10,60,10,756,125,-0.135291803247908,-0.136291803247908,-0.254016769533385,-0.255754949753163,0.289172767195636,-0.869480692621501,-1.40545966500193,-0.259456065109435,1,0.001,1.3502659,125,0.03626651724396671,-0.259456065109434,0.3506873925125529
ECMADE_MOO,SP100,window_005,10,60,10,755,123,0.416653353667053,0.415653353667053,1.0412956027738,1.03834455018812,0.190927855460071,3.83728957555931,6.17033557081069,-0.0984574512035219,1,0.001,3.9611584,123,0.02231853528240329,-0.09845745120352256,0.35553853005808267
ECMADE_MOO,SP100,window_006,10,60,10,753,125,0.123096818866743,0.122096818866743,0.263691514854384,0.261424168243351,0.163931679772781,1.50926819621498,2.48097687020717,-0.0898137673629822,1,0.001,4.1247383,125,0.01948054434744487,-0.08981376736298186,0.43382669929831386
ECMADE_MOO,SP100,window_007,10,60,10,752,124,0.390905091550419,0.389905091550419,0.955318429752229,0.952462564789829,0.158275853923113,4.3204174475392,7.91857659954193,-0.0603205079800552,1,0.001,3.7372343,124,0.01667974750100954,-0.060320507980055615,0.3592076059592108
ECMADE_MOO,SP100,window_008,10,60,10,752,126,-0.030828279345763,-0.031828279345763,-0.0607061758841057,-0.0626435193254141,0.251350632955689,-0.124912400464765,-0.198734918021754,-0.151219210915534,1,0.001,3.9564551,126,0.03216925271941283,-0.15121921091553425,0.2736005769569262
ECMADE_MOO,SP100,window_009,10,60,10,752,122,0.167089425183151,0.166089425183151,0.37596865005652,0.373534502988053,0.306144227813026,1.19477772166174,1.57751755955272,-0.202545836168027,1,0.001,3.5369541,122,0.042928151747116894,-0.2025458361680259,0.4020317382200051
ECMADE_MOO,SP100,window_010,10,60,10,750,126,0.215226808607761,0.214226808607761,0.476776196359004,0.474346742741788,0.192070729703087,2.1266552098319,3.13416635840201,-0.0725242177661332,1,0.001,4.2645785,126,0.02512853458089056,-0.07252421776613316,0.6751038498365968
ECMADE_MOO,SP100,window_011,10,60,10,751,123,0.092483338977146,0.091483338977146,0.198680771402107,0.196433913340964,0.206029718487161,0.981790021454668,1.72920059223711,-0.127030586071465,1,0.001,4.3893168,123,0.02411223943164998,-0.12703058607146445,0.4595422936658418
GDE3,SP100,window_001,1,60,10,755,124,0.0302164004379128,0.0292164004379128,0.0623655171914062,0.0602708900233941,0.337069346521678,0.346051950933024,0.529720345904993,-0.223724178240214,1,0.001,2.7029981,124,0.04532453067102825,-0.22372417824021384,1.0
GDE3,SP100,window_002,1,60,10,755,126,0.294368128753971,0.293368128753971,0.675388852734056,0.672801116476549,0.209502950537403,2.56896638689562,4.74148350029289,-0.0843877486019355,1,0.001,1.2063858,126,0.024078569107523023,-0.08438774860193621,0.5936659737674388
GDE3,SP100,window_003,1,60,10,756,124,-0.273751808970734,-0.274751808970734,-0.477977766709349,-0.479437501783757,0.425212751472915,-1.31532108601026,-2.24758691947573,-0.287965325358984,1,0.001,0.9895741,124,0.05329764696730308,-0.287965325358984,0.4251250654636361
GDE3,SP100,window_004,1,60,10,756,125,-0.121641058582123,-0.122641058582123,-0.23008495608484,-0.231851034818335,0.285541448624776,-0.773759505650993,-1.2865379660775,-0.241718370346985,1,0.001,1.2018999,125,0.035364487944524285,-0.24171837034698462,0.4194834891269232
GDE3,SP100,window_005,1,60,10,755,123,0.404396581348165,0.403396581348165,1.00527597146388,1.00235170041159,0.190463610150703,3.75247584932924,6.3306323505069,-0.097030615369406,1,0.001,1.4270099,123,0.021746378932569928,-0.09703061536940616,0.2858915541287361
GDE3,SP100,window_006,1,60,10,753,125,0.124020787114723,0.123020787114723,0.265788295091806,0.263519052439782,0.171475237130036,1.45969799014048,2.47503857038834,-0.0887775727836811,1,0.001,1.4185513,125,0.020324307637427468,-0.08877757278368137,0.390639295549655
GDE3,SP100,window_007,1,60,10,752,124,0.43605186927917,0.43505186927917,1.08646093286695,1.0835092963793,0.166627416415344,4.5025596905321,8.06695234193203,-0.0639756865439013,1,0.001,1.4403469,124,0.01823164672223886,-0.0639756865439014,0.3178299923504791
GDE3,SP100,window_008,1,60,10,752,126,-0.0109381307664219,-0.0119381307664219,-0.0217566188281805,-0.0237337425666476,0.242022404743257,0.0288230224637392,0.0441403177502586,-0.139394653439841,1,0.001,1.391914,126,0.031246860490956676,-0.13939465343984125,0.26232122099990623
GDE3,SP100,window_009,1,60,10,752,122,0.177019348812247,0.176019348812247,0.40026022308213,0.3978039919458,0.309645803096116,1.24136555778646,1.66215644623997,-0.199271322146506,1,0.001,1.4241172,122,0.04295219966887546,-0.19927132214650545,0.23509572454869185
GDE3,SP100,window_010,1,60,10,750,126,0.130404993254614,0.129404993254614,0.277815448774963,0.275555638788454,0.174874324555039,1.48947106106691,2.12888756276755,-0.0802376867373567,1,0.001,1.4427044,126,0.023419986050389925,-0.08023768673735698,0.5686718304709427
GDE3,SP100,window_011,1,60,10,751,123,0.0894995290567673,0.0884995290567673,0.191982960624453,0.189742541088614,0.214218197211515,0.925972596097694,1.57191803471049,-0.125168870643372,1,0.001,1.4517415,123,0.02521814128060341,-0.1251688706433718,0.5226018025133701
GDE3,SP100,window_001,2,60,10,755,124,0.0301502513084884,0.0291502513084884,0.0622268945716451,0.0601324063032562,0.339814004852822,0.345615414195606,0.526632691891987,-0.224129847952273,1,0.001,1.3590369,124,0.04582100474901772,-0.2241298479522732,1.0
GDE3,SP100,window_002,2,60,10,755,126,0.265285017355823,0.264285017355823,0.600946175145125,0.598416605110413,0.198173775682158,2.47456496109196,4.56831441691375,-0.0818482751006663,1,0.001,1.3022048,126,0.022744964853877114,-0.08184827510066628,0.5782103004831995
GDE3,SP100,window_003,2,60,10,756,124,-0.248407564720403,-0.249407564720403,-0.440288496462677,-0.441800881436894,0.404772868978144,-1.23078753677,-2.07131294547726,-0.274887749201294,1,0.001,1.2887645,124,0.05079691012603228,-0.2748877492012939,0.33664965406057357
GDE3,SP100,window_004,2,60,10,756,125,-0.11630815094952,-0.11730815094952,-0.220632104440595,-0.222409084119298,0.295458061229471,-0.696827554495585,-1.12656278104291,-0.261369729674144,1,0.001,1.3004612,125,0.036921995687810814,-0.2613697296741453,0.41729917267492134
GDE3,SP100,window_005,2,60,10,755,123,0.358685098024585,0.357685098024585,0.87383447472164,0.871009983730227,0.182958558715032,3.52732689998875,5.87289087379607,-0.0989302587663426,1,0.001,1.4099423,123,0.02143210920128864,-0.09893025876634243,0.31570841035484737
GDE3,SP100,window_006,2,60,10,753,125,0.131524180285513,0.130524180285513,0.282880783045271,0.280596142036076,0.163722156954672,1.60310706085092,2.5863654073928,-0.0859787653828127,1,0.001,1.3916669,125,0.019642689957313185,-0.08597876538281246,0.4400823965859224
GDE3,SP100,window_007,2,60,10,752,124,0.407421579485295,0.406421579485295,1.00279403312322,0.999903142592484,0.16277590869714,4.35312748501878,7.84942423829931,-0.0637771540718544,1,0.001,1.3799601,124,0.017578837215302325,-0.06377715407185425,0.316611472304079
GDE3,SP100,window_008,2,60,10,752,126,0.0274043012642493,0.0264043012642493,0.0555595982562804,0.0535057896537521,0.241774327080939,0.343045824726221,0.55960465987925,-0.138300453115602,1,0.001,1.3665757,126,0.029979529208431197,-0.13830045311560157,0.20381085444964786
GDE3,SP100,window_009,2,60,10,752,122,0.179522604126971,0.178522604126971,0.406418551673591,0.403956751384886,0.30043062714934,1.28495680636093,1.68841184193722,-0.190033925973089,1,0.001,1.3309376,122,0.04152417933733997,-0.19003392597308855,0.2516420018193365
GDE3,SP100,window_010,2,60,10,750,126,0.149071173731685,0.148071173731685,0.320364562301111,0.318067419953648,0.186084132661551,1.58671037990838,2.28689722025083,-0.0809648599608229,1,0.001,1.4321871,126,0.024833942096840644,-0.08096485996082292,0.5582038190296703
GDE3,SP100,window_011,2,60,10,751,123,0.0790925979476826,0.0780925979476826,0.168772668519006,0.166554698520202,0.220323108421538,0.817036334076848,1.37549721956451,-0.13387395271755,1,0.001,1.484921,123,0.025582202142697873,-0.13387395271754943,0.37396944598794024
GDE3,SP100,window_001,3,60,10,755,124,0.0296954362238173,0.0286954362238173,0.0612740293818153,0.0591804961241575,0.343498825474234,0.342892234599459,0.523283270454312,-0.223064169426594,1,0.001,1.3375995,124,0.04610863464910444,-0.22306416942659413,1.0
GDE3,SP100,window_002,3,60,10,755,126,0.275469897687065,0.274469897687065,0.626823459905852,0.624273520110478,0.205475867646093,2.47181667175275,4.6328562725314,-0.0875022735820822,1,0.001,1.2470232,126,0.02354122154421073,-0.08750227358208207,0.6061459481432134
GDE3,SP100,window_003,3,60,10,756,124,-0.232634171678469,-0.233634171678469,-0.416158027713234,-0.417703209260536,0.397669965859978,-1.15411125851709,-1.93786930840643,-0.269488355560377,1,0.001,1.1787293,124,0.049190658442141245,-0.2694883555603772,0.3536061194326742
GDE3,SP100,window_004,3,60,10,756,125,-0.11333788219649,-0.11433788219649,-0.215341943651434,-0.217124995284997,0.285075251691761,-0.709005740027058,-1.17972700713559,-0.242166048044253,1,0.001,1.3356003,125,0.03526251920787709,-0.24216604804425246,0.3324809943810003
GDE3,SP100,window_005,3,60,10,755,123,0.358291247631043,0.357291247631043,0.872721787489159,0.869898155499484,0.184179520538046,3.50194203022436,5.61682809414803,-0.0962725090813757,1,0.001,1.4269363,123,0.022166058475071786,-0.09627250908137586,0.29816876162714706
GDE3,SP100,window_006,3,60,10,753,125,0.127500460773347,0.126500460773347,0.273700512955989,0.271424129570905,0.16340854726637,1.56186334403315,2.54284203687464,-0.0856133958599831,1,0.001,1.4400146,125,0.019608527750097828,-0.0856133958599834,0.4937506707355964
GDE3,SP100,window_007,3,60,10,752,124,0.442030189048907,0.441030189048907,1.1041510340997,1.10118670822813,0.180775831718849,4.21036940328669,7.38021109053104,-0.067000650573957,1,0.001,1.3811519,124,0.01972281016425717,-0.06700065057395688,0.32438704609675945
GDE3,SP100,window_008,3,60,10,752,126,0.0191603062639019,0.0181603062639019,0.0386877298639303,0.0366504092514022,0.256324671499808,0.274617409633005,0.445265763216433,-0.139639888939089,1,0.001,1.3594421,126,0.03156126611005629,-0.13963988893908907,0.12040164125127809
GDE3,SP100,window_009,3,60,10,752,122,0.175738076519861,0.174738076519861,0.397113523037033,0.394660142128692,0.300146597499291,1.26361960563525,1.64545683791057,-0.192206111547308,1,0.001,1.4029768,122,0.04200406875447551,-0.1922061115473077,0.21526454880216306
GDE3,SP100,window_010,3,60,10,750,126,0.157095578906865,0.156095578906865,0.338870178725814,0.336556987568,0.179228079271041,1.71818556100105,2.46010823266869,-0.0731834098745219,1,0.001,1.3796664,126,0.0237258616469058,-0.07318340987452188,0.547537363823617
GDE3,SP100,window_011,3,60,10,751,123,0.0825119537074444,0.0815119537074444,0.176372993035956,0.174147648060272,0.21416359988638,0.864715799001819,1.47752490759289,-0.131397418111588,1,0.001,1.4462009,123,0.025840218318973363,-0.13139741811158778,0.5077342828622472
GDE3,SP100,window_001,4,60,10,755,124,0.0246916053373949,0.0236916053373949,0.0508193758586588,0.0487363486351566,0.353891169308963,0.314889299598003,0.482461132277831,-0.23226789519715,1,0.001,1.3256137,124,0.04756006490825987,-0.2322678951971502,1.0
GDE3,SP100,window_002,4,60,10,755,126,0.263042534601162,0.262042534601162,0.595276444211727,0.592751359142524,0.196211910550174,2.47932566039767,4.53133474521191,-0.0863862649932408,1,0.001,1.2394501,126,0.022583796523955642,-0.08638626499324109,0.6133958711817699
GDE3,SP100,window_003,4,60,10,756,124,-0.233000402609741,-0.234000402609741,-0.416724162372514,-0.418268582191526,0.381838620646786,-1.22048422977416,-2.06274180811503,-0.262919554118801,1,0.001,1.274826,124,0.04801285927993954,-0.26291955411880186,0.282688913643445
GDE3,SP100,window_004,4,60,10,756,125,-0.100684957710926,-0.101684957710926,-0.192604536302879,-0.194413457239996,0.280062556944957,-0.624853963433027,-1.05986492476791,-0.227070602065498,1,0.001,1.3025073,125,0.03449623199839923,-0.22707060206549667,0.3910758170418985
GDE3,SP100,window_005,4,60,10,755,123,0.366442561630112,0.365442561630112,0.895819453725658,0.89297804095735,0.186108041842884,3.53357041322946,5.93108568049938,-0.09368584453448,1,0.001,1.4238469,123,0.0220778640894929,-0.0936858445344807,0.2665213210114497
GDE3,SP100,window_006,4,60,10,753,125,0.129465450822687,0.128465450822687,0.278179561900819,0.275899145950232,0.163492177391381,1.58270297065164,2.58763679353574,-0.0878546009680482,1,0.001,1.3817437,125,0.01964204556036303,-0.08785460096804687,0.4831370626102348
GDE3,SP100,window_007,4,60,10,752,124,0.432085636454529,0.431085636454529,1.07476653993736,1.07182332110427,0.172480981042735,4.32273622426467,7.76007226867597,-0.0640826711450492,1,0.001,1.3929179,124,0.018435648461553798,-0.06408267114504917,0.35752963367372254
GDE3,SP100,window_008,4,60,10,752,126,0.0096740836733826,0.0086740836733826,0.0194417552416848,0.017423407074338,0.250871469900707,0.200605310277049,0.324401889324827,-0.1414470321718,1,0.001,1.4274327,126,0.030987630575837345,-0.1414470321718001,0.20108322814680238
GDE3,SP100,window_009,4,60,10,752,122,0.172069142437547,0.171069142437547,0.388123120629697,0.38567790024558,0.29756515161286,1.25034270960877,1.59744182594834,-0.192786401424504,1,0.001,1.4138942,122,0.04167569413027544,-0.19278640142450354,0.29364153882938115
GDE3,SP100,window_010,4,60,10,750,126,0.12232601355024,0.12132601355024,0.259615680691572,0.257372028664472,0.175170246312914,1.40529271335473,1.98743234167239,-0.0817413731210279,1,0.001,1.4281488,126,0.023876254364009385,-0.08174137312102803,0.5728657573922026
GDE3,SP100,window_011,4,60,10,751,123,0.0758162128928808,0.0748162128928808,0.161513786971029,0.159302882515437,0.218171427538669,0.794427119817476,1.37456724242148,-0.136150032442965,1,0.001,1.4518215,123,0.025730470566082058,-0.13615003244296442,0.47852742862658204
GDE3,SP100,window_001,5,60,10,755,124,0.0372098610057183,0.0362098610057183,0.077072905664606,0.0749635920414413,0.330607712273388,0.387952628972295,0.597200323669027,-0.218405042540276,1,0.001,1.2522071,124,0.04417742250553042,-0.21840504254027637,1.0
GDE3,SP100,window_002,5,60,10,755,126,0.250983289812813,0.249983289812813,0.564959191390888,0.562458224811262,0.197245873462255,2.36985226962764,4.38673799518873,-0.084250766796762,1,0.001,1.1879023,126,0.0228423987715561,-0.08425076679676302,0.6140070126561965
GDE3,SP100,window_003,5,60,10,756,124,-0.259796035737742,-0.260796035737742,-0.457389313676751,-0.45887803313798,0.412452276124407,-1.27546645139517,-2.19144159709633,-0.276621223027567,1,0.001,1.2828556,124,0.05104474269866891,-0.276621223027568,0.3421454354566576
GDE3,SP100,window_004,5,60,10,756,125,-0.100270993883854,-0.101270993883854,-0.191855110035221,-0.193664877433339,0.274824962164728,-0.638641957671804,-1.07414182584256,-0.217850985981397,1,0.001,1.3319135,125,0.033834074413524075,-0.21785098598139574,0.3707034814528035
GDE3,SP100,window_005,5,60,10,755,123,0.384994815304158,0.383994815304158,0.94892983900763,0.946047938233088,0.182881677855864,3.74412019790242,6.35203131190314,-0.0914215548498603,1,0.001,1.4006469,123,0.02095791279925623,-0.09142155484985992,0.24946819410049687
GDE3,SP100,window_006,5,60,10,753,125,0.135871623918074,0.134871623918074,0.292836987177298,0.290543423657282,0.169858989567868,1.5965515068721,2.65583771807789,-0.086892701090121,1,0.001,1.4065484,125,0.02006227812633297,-0.08689270109012048,0.3828681458496829
GDE3,SP100,window_007,5,60,10,752,124,0.453150978412607,0.452150978412607,1.13725975299491,1.1342718179923,0.166518501783392,4.65028960879295,8.26222448516738,-0.0628411571454787,1,0.001,1.403753,124,0.01802684255028066,-0.06284115714547855,0.25365939394644316
GDE3,SP100,window_008,5,60,10,752,126,0.0037703486484916,0.0027703486484916,0.0075549128259144,0.0055483721286178,0.255410338338616,0.155642952363481,0.249624926332999,-0.145963690199168,1,0.001,1.4294784,126,0.031829300508496104,-0.14596369019916844,0.16524988204961583
GDE3,SP100,window_009,5,60,10,752,122,0.156165325666022,0.155165325666022,0.349498281636019,0.347088415434992,0.295582335689563,1.16113029431926,1.54063786999244,-0.184341406023851,1,0.001,1.4595494,122,0.04155807201573584,-0.18434140602385107,0.2630799269258926
GDE3,SP100,window_010,5,60,10,750,126,0.138645710231885,0.137645710231885,0.296514053429473,0.29423776200901,0.174099580054657,1.57882413932957,2.24784287953686,-0.0734774944997166,1,0.001,1.4077077,126,0.023574250245531427,-0.07347749449971674,0.642655328627396
GDE3,SP100,window_011,5,60,10,751,123,0.0922053493645396,0.0912053493645396,0.198055951635404,0.19580969346215,0.223761929091766,0.91855648872372,1.59159159039012,-0.131112718509027,1,0.001,1.5563734,123,0.026146042536345542,-0.13111271850902662,0.4000366991417512
GDE3,SP100,window_001,6,60,10,755,124,0.0384678824288569,0.0374678824288569,0.0797294504797745,0.0776174946380128,0.348124402644988,0.392217910090837,0.61022571515627,-0.223731367004596,1,0.001,1.3454456,124,0.046024583274670704,-0.22373136700459562,1.0
GDE3,SP100,window_002,6,60,10,755,126,0.243251101774753,0.242251101774753,0.545673302064136,0.543187799860587,0.191154974660529,2.37425069095403,4.34140165466022,-0.0770876941556617,1,0.001,1.2588935,126,0.021636343339211384,-0.0770876941556613,0.6036941263270236
GDE3,SP100,window_003,6,60,10,756,124,-0.260243450534686,-0.261243450534686,-0.458055645608828,-0.459543435570243,0.413351844511988,-1.27468531819523,-2.17277201734039,-0.278245668495189,1,0.001,1.0661605,124,0.051832935577529826,-0.27824566849518895,0.3447881239613904
GDE3,SP100,window_004,6,60,10,756,125,-0.106410645895494,-0.107410645895494,-0.202934190987914,-0.204731404848046,0.278510750237446,-0.676081457383785,-1.14496059386115,-0.224274601469638,1,0.001,1.1891109,125,0.03415621892615338,-0.2242746014696375,0.35849328575453193
GDE3,SP100,window_005,6,60,10,755,123,0.405989924099274,0.404989924099274,1.0099398510818,1.00701209915528,0.191435808784769,3.74660767205244,6.29135217438015,-0.09159596071084,1,0.001,1.4234752,123,0.021558006131115547,-0.09159596071083997,0.2569706972906211
GDE3,SP100,window_006,6,60,10,753,125,0.138340167249486,0.137340167249486,0.298507534902493,0.296208904804306,0.171788778240938,1.60593510607906,2.73079315375571,-0.0861196459068341,1,0.001,1.4024955,125,0.020051502183048544,-0.08611964590683374,0.37498251563138246
GDE3,SP100,window_007,6,60,10,752,124,0.40922105818513,0.40822105818513,1.00800147164319,1.00510676425707,0.166431576079325,4.27672594111127,7.65430888768435,-0.0636533236870398,1,0.001,1.4078737,124,0.017909507907574486,-0.0636533236870398,0.3090983801519378
GDE3,SP100,window_008,6,60,10,752,126,0.0280571755416414,0.0270571755416414,0.0569015561826574,0.0548464418315739,0.260214631001933,0.341023295714903,0.561874214693681,-0.134599311716692,1,0.001,1.4291109,126,0.03208481767049488,-0.1345993117166917,0.1968091084144722
GDE3,SP100,window_009,6,60,10,752,122,0.193443760378198,0.192443760378198,0.440920799564279,0.438428013883579,0.294796622415516,1.3864120930701,1.77676376337315,-0.187205923380516,1,0.001,1.3731081,122,0.04186086198690657,-0.18720592338051567,0.2816869086462629
GDE3,SP100,window_010,6,60,10,750,126,0.130314572860964,0.129314572860964,0.277611033621864,0.275351404476142,0.187078873574688,1.40313225399452,2.02071076405098,-0.0801421043347709,1,0.001,1.4262132,126,0.025393988087546532,-0.08014210433477076,0.5408743719112568
GDE3,SP100,window_011,6,60,10,751,123,0.0835244490951854,0.0825244490951854,0.1786283422058,0.176400813229048,0.216578156275872,0.866212866363334,1.48785740890529,-0.130342608641202,1,0.001,1.4523373,123,0.025681926741332857,-0.1303426086412015,0.4758691190439546
GDE3,SP100,window_001,7,60,10,755,124,0.0175846147492031,0.0165846147492031,0.0360608779571874,0.0339927697104974,0.368554170826734,0.278198480621282,0.430927098814556,-0.240899824495599,1,0.001,1.3198218,124,0.04971992684146478,-0.2408998244955992,1.0
GDE3,SP100,window_002,7,60,10,755,126,0.267966966841931,0.266966966841931,0.607740229002327,0.605205295068644,0.200886405447596,2.4649426561754,4.45163538321767,-0.0817495631166841,1,0.001,1.2044873,126,0.023154133414779503,-0.08174956311668458,0.6090635821857966
GDE3,SP100,window_003,7,60,10,756,124,-0.235815742319726,-0.236815742319726,-0.421066914025291,-0.42260547857649,0.384559162924306,-1.22858946532387,-2.0632377805862,-0.263967047083211,1,0.001,1.0865664,124,0.04778827088401562,-0.2639670470832123,0.3762515231257506
GDE3,SP100,window_004,7,60,10,756,125,-0.135910502498101,-0.136910502498101,-0.255092421370922,-0.256829337299163,0.301789954206742,-0.825669166053752,-1.34370702270899,-0.267806393594398,1,0.001,1.1664495,125,0.03737589138542508,-0.2678063935943974,0.4335166582891008
GDE3,SP100,window_005,7,60,10,755,123,0.378496124321326,0.377496124321326,0.930240259327452,0.927372544174708,0.1874490831202,3.6058362845029,5.96769673353304,-0.102228508273189,1,0.001,1.4100274,123,0.021443318239294854,-0.10222850827318886,0.2662797884309521
GDE3,SP100,window_006,7,60,10,753,125,0.102097502630642,0.101097502630642,0.216509645812561,0.214285384347773,0.157103240687865,1.32570583091538,2.11108596743397,-0.0906017767947963,1,0.001,1.4094318,125,0.01911934717622647,-0.09060177679479586,0.4800343696101531
GDE3,SP100,window_007,7,60,10,752,124,0.372190090959244,0.371190090959244,0.902222333490337,0.899406140130161,0.163738208775207,4.0130031219596,7.32964323603215,-0.0643369938388839,1,0.001,1.3820555,124,0.017427224461976015,-0.06433699383888358,0.49804139950034926
GDE3,SP100,window_008,7,60,10,752,126,0.0230423506272814,0.0220423506272814,0.0466156511769935,0.0445705664757388,0.272613540236617,0.301654713038353,0.498178471518586,-0.163953693083153,1,0.001,1.3940675,126,0.03332567361368434,-0.16395369308315255,0.18669092924613476
GDE3,SP100,window_009,7,60,10,752,122,0.170776406093108,0.169776406093108,0.384962516176793,0.382520170726447,0.305350406907467,1.21864691926349,1.62836945784153,-0.187335910577002,1,0.001,1.4715852,122,0.043229427840485994,-0.18733591057700172,0.3843883426452082
GDE3,SP100,window_010,7,60,10,750,126,0.149717830597473,0.148717830597473,0.32185108999376,0.319552654332566,0.187209803521136,1.58434610369106,2.25737023695985,-0.0791702435604187,1,0.001,1.4308463,126,0.025595744725565084,-0.07917024356041935,0.5948639847332474
GDE3,SP100,window_011,7,60,10,751,123,0.0756036432053087,0.0746036432053087,0.161043635232186,0.158833189148106,0.210149791349585,0.814682199430392,1.3633151796026,-0.125653689852175,1,0.001,1.5066116,123,0.02468674656849194,-0.12565368985217462,0.5239304530741797
GDE3,SP100,window_001,8,60,10,755,124,0.0375051155693329,0.0365051155693329,0.0776960917414939,0.0755861580053445,0.331795887354163,0.38955939475343,0.596312050954083,-0.218272081240337,1,0.001,1.1192925,124,0.0445834818052655,-0.2182720812403376,1.0
GDE3,SP100,window_002,8,60,10,755,126,0.230347006648199,0.229347006648199,0.513753756768184,0.511294062754887,0.186878764510796,2.31246722638972,4.23089645885266,-0.0788324992779154,1,0.001,1.2094516,126,0.0210486080852886,-0.07883249927791502,0.665752206081087
GDE3,SP100,window_003,8,60,10,756,124,-0.228883140906703,-0.229883140906703,-0.410343469601904,-0.411896453639628,0.382751429481206,-1.18829550095732,-1.97721405897077,-0.265838607358718,1,0.001,1.3349938,124,0.0476507350957648,-0.265838607358717,0.44715658030526517
GDE3,SP100,window_004,8,60,10,756,125,-0.127062844414365,-0.128062844414365,-0.239635756176067,-0.24139075337546,0.293580038456178,-0.787126060030975,-1.29784839420692,-0.253460092589837,1,0.001,1.4293419,125,0.03620270545411185,-0.2534600925898367,0.4641086132153761
GDE3,SP100,window_005,8,60,10,755,123,0.396770665162112,0.395770665162112,0.98303091281909,0.980123298947344,0.185658032877325,3.78453166541484,6.2541047672146,-0.0946963230257623,1,0.001,1.398095,123,0.021429032629109383,-0.09469632302576214,0.31768868694546265
GDE3,SP100,window_006,8,60,10,753,125,0.130537096057474,0.129537096057474,0.280625636856086,0.278343021620763,0.167882602039339,1.556919302251,2.59657371230264,-0.0864619473176429,1,0.001,1.4236703,125,0.019894489254226513,-0.0864619473176429,0.3940761368039567
GDE3,SP100,window_007,8,60,10,752,124,0.40040671713197,0.39940671713197,0.982559578840705,0.9796835659556,0.163003443194414,4.28481625113389,7.95163777329827,-0.0624120594866653,1,0.001,1.3721593,124,0.017239404394740844,-0.06241205948666506,0.34882075985893296
GDE3,SP100,window_008,8,60,10,752,126,0.0105664044313925,0.0095664044313924,0.0212444577653927,0.0192243249565296,0.233509240776096,0.205445643077408,0.321880033619714,-0.131921095301703,1,0.001,1.4089256,126,0.029149368750874313,-0.13192109530170337,0.22597220731195974
GDE3,SP100,window_009,8,60,10,752,122,0.198742055623606,0.197742055623606,0.45416546963905,0.451660884887846,0.308297049205319,1.36836402585363,1.77518874314588,-0.192437135942326,1,0.001,1.28682,122,0.04336791633560234,-0.19243713594232592,0.267450181036574
GDE3,SP100,window_010,8,60,10,750,126,0.120628132438437,0.119628132438437,0.255807411212458,0.253567154947582,0.185247142300182,1.32226353153779,1.85791960579121,-0.0836817638759857,1,0.001,1.4105386,126,0.025754130457687013,-0.08368176387598536,0.5662253418337361
GDE3,SP100,window_011,8,60,10,751,123,0.0739258780991765,0.0729258780991765,0.157336251913026,0.155129423497785,0.216253526925707,0.7828959895538,1.37041100303765,-0.126664634469279,1,0.001,1.5151047,123,0.025619411738652557,-0.12666463446927956,0.4837302944258704
GDE3,SP100,window_001,9,60,10,755,124,0.0372786736384882,0.0362786736384882,0.077218130323421,0.0751086721759646,0.331975837885705,0.388075876234466,0.5999176974019,-0.218800872080376,1,0.001,1.4134036,124,0.044144482764096306,-0.21880087208037569,1.0
GDE3,SP100,window_002,9,60,10,755,126,0.262226511673147,0.261226511673147,0.593215766770561,0.590692313747215,0.200602445750476,2.42288695354571,4.26814836559114,-0.0881342012896743,1,0.001,1.3262286,126,0.023494952357950374,-0.08813420128967508,0.6112315940775038
GDE3,SP100,window_003,9,60,10,756,124,-0.237933287422095,-0.238933287422095,-0.424322433215793,-0.425856594212298,0.391462064439081,-1.2144169710828,-2.03519918815218,-0.257844269186072,1,0.001,1.3342772,124,0.04984346608898672,-0.2578442691860723,0.24826097877414616
GDE3,SP100,window_004,9,60,10,756,125,-0.109571077028377,-0.110571077028377,-0.208607181736599,-0.210397934108229,0.284610294484551,-0.680659937145915,-1.14220699617723,-0.229651856724868,1,0.001,1.4047925,125,0.034895255190400716,-0.2296518567248672,0.36808643253395296
GDE3,SP100,window_005,9,60,10,755,123,0.46322893419165,0.46222893419165,1.18116527253365,1.17811234809597,0.189161207185298,4.22285184873672,6.89291886748726,-0.0915496248115533,1,0.001,1.4148348,123,0.021534975077432156,-0.09154962481155393,0.26555126317078037
GDE3,SP100,window_006,9,60,10,753,125,0.136668039122311,0.135668039122311,0.294665084236986,0.292369886128531,0.169969931611122,1.60404641888763,2.64772435091037,-0.0876261296427077,1,0.001,1.4215054,125,0.02016599065000343,-0.08762612964270788,0.3665456285474535
GDE3,SP100,window_007,9,60,10,752,124,0.444637790047434,0.443637790047434,1.1118907977913,1.1089209365799,0.168378010837011,4.52961679531027,7.92139229072336,-0.0625959257589708,1,0.001,1.3491419,124,0.018407572925367027,-0.06259592575897122,0.32796044669913704
GDE3,SP100,window_008,9,60,10,752,126,0.0335288717411784,0.0325288717411784,0.0681819287225931,0.066115870979111,0.276180410530378,0.374907939028885,0.633435996600356,-0.154515742319859,1,0.001,1.403838,126,0.03339186363538507,-0.15451574231985876,0.1372185745248401
GDE3,SP100,window_009,9,60,10,752,122,0.148547271564047,0.147547271564047,0.331195795973898,0.328802853435267,0.287542998283761,1.13798401550422,1.48097176089269,-0.180978711498585,1,0.001,1.3794235,122,0.04031141173349081,-0.18097871149858513,0.29885582139506717
GDE3,SP100,window_010,9,60,10,750,126,0.102108800854496,0.101108800854496,0.214643808920934,0.212440591319225,0.176401640749617,1.19044281566913,1.69181559372903,-0.0840646363367885,1,0.001,1.42879,126,0.024179905778403187,-0.08406463633678818,0.6618971590565547
GDE3,SP100,window_011,9,60,10,751,123,0.0720936227965023,0.0710936227965023,0.153294422783083,0.15109154483995,0.215589781588793,0.768414246272576,1.36752486309356,-0.130349124181321,1,0.001,1.4826,123,0.025430942546679287,-0.13034912418132083,0.5546614179240162
GDE3,SP100,window_001,10,60,10,755,124,0.0305147578484946,0.0295147578484946,0.0629908714368128,0.0608956177757694,0.337934535999458,0.347796079128555,0.531333938517467,-0.22350906758759,1,0.001,1.3003835,124,0.04553536361826997,-0.22350906758758993,1.0
GDE3,SP100,window_002,10,60,10,755,126,0.276627171812044,0.275627171812044,0.629776935808818,0.627224681465195,0.200183385549167,2.54101655696472,4.70423416730539,-0.0817131121498496,1,0.001,1.0650723,126,0.02295490538985275,-0.08171311214984978,0.592710090709887
GDE3,SP100,window_003,10,60,10,756,124,-0.244461810198411,-0.245461810198411,-0.434300714298996,-0.435821301354064,0.397513648333363,-1.23384679103744,-2.08860110906762,-0.272037793561242,1,0.001,1.267918,124,0.0499364917569556,-0.27203779356124236,0.33045778365449985
GDE3,SP100,window_004,10,60,10,756,125,-0.110699692551262,-0.111699692551262,-0.210628104278701,-0.212416549289416,0.283600153183942,-0.693011220997033,-1.14533012782899,-0.244746453588097,1,0.001,1.3820034,125,0.03493287233487817,-0.24474645358809877,0.4062569589170974
GDE3,SP100,window_005,10,60,10,755,123,0.339333532176999,0.338333532176999,0.819563343623528,0.816781044650915,0.182304761236055,3.37770850821154,5.76418335597933,-0.0887834911069469,1,0.001,1.3790894,123,0.021369977417884246,-0.08878349110694739,0.35599265733324226
GDE3,SP100,window_006,10,60,10,753,125,0.111681470380108,0.110681470380108,0.237930945844531,0.235687022180782,0.163279506417576,1.38856346310954,2.2622400827056,-0.0899445893839457,1,0.001,1.3526043,125,0.020282975517792488,-0.089944589383946,0.4248582746175684
GDE3,SP100,window_007,10,60,10,752,124,0.452167231279833,0.451167231279833,1.13432036352934,1.13133451723066,0.165951722059071,4.65729161403909,8.18798435671106,-0.0641949377363265,1,0.001,1.3807877,124,0.0182956364465019,-0.06419493773632645,0.36511078477872083
GDE3,SP100,window_008,10,60,10,752,126,0.0191572168144936,0.0181572168144936,0.0386814325850646,0.0366441181514354,0.249949639625927,0.275318173185712,0.443193181380383,-0.13201409166197,1,0.001,1.3729564,126,0.03131496408631744,-0.13201409166196998,0.16705483273923222
GDE3,SP100,window_009,10,60,10,752,122,0.177889088224903,0.176889088224903,0.402398312968032,0.399940146954743,0.291161282159503,1.30679379387488,1.73377155147329,-0.184388168696049,1,0.001,1.427405,122,0.04052182328742593,-0.18438816869604968,0.2695350847212088
GDE3,SP100,window_010,10,60,10,750,126,0.134777280769646,0.133777280769646,0.287719476950952,0.285450922389413,0.184683980737357,1.46168172144703,2.09272790872286,-0.0849250873047352,1,0.001,1.4456536,126,0.025051638310709088,-0.08492508730473514,0.6421555237690595
GDE3,SP100,window_011,10,60,10,751,123,0.0703356288806927,0.0693356288806927,0.14942321320913,0.147224125315586,0.213752310073999,0.757468920417498,1.3264400064906,-0.130139593591488,1,0.001,1.4910883,123,0.025962303209323027,-0.1301395935914882,0.39022649437979223
MOEAD,SP100,window_001,1,60,10,755,124,0.023717066385035,0.022717066385035,0.0487893586442725,0.0467083773685879,0.379535247699438,0.31249854817354,0.496220825677952,-0.243654235353551,1,0.001,12.4446317,124,0.04942509768480654,-0.24365423535355202,1.0
MOEAD,SP100,window_002,1,60,10,755,126,0.239872877281144,0.238872877281144,0.537284751817422,0.534806006062859,0.188030585596427,2.38171135254173,4.20362759256433,-0.0766794664286387,1,0.001,11.5209822,126,0.021733939162160373,-0.07667946642863832,0.6372596951788378
MOEAD,SP100,window_003,1,60,10,756,124,-0.254107261845272,-0.255107261845272,-0.448880796130818,-0.450381335541211,0.398549499422926,-1.29493918440952,-2.16863885239887,-0.269399101259011,1,0.001,11.2625336,124,0.050607775001742086,-0.2693991012590111,0.3216631168657834
MOEAD,SP100,window_004,1,60,10,756,125,-0.186556551162652,-0.187556551162652,-0.340492149482723,-0.342125621989529,0.318689812515435,-1.14700985129593,-1.80121809004269,-0.325878167295288,1,0.001,11.3797485,125,0.04040685322926401,-0.3258781672952874,0.4122860161170837
MOEAD,SP100,window_005,1,60,10,755,123,0.408700936840947,0.407700936840947,1.0178880139496,1.01495433900423,0.193670254327689,3.72595415124706,6.04757861921508,-0.0961158386299198,1,0.001,11.9245388,123,0.022443342506533015,-0.09611583862991968,0.3946945037167101
MOEAD,SP100,window_006,1,60,10,753,125,0.152198324329315,0.151198324329315,0.330573636980754,0.328246560361517,0.169108073892706,1.77331085774463,2.96071064663951,-0.0819158455538832,1,0.001,12.1579064,125,0.01980859017182924,-0.0819158455538821,0.437724759488787
MOEAD,SP100,window_007,1,60,10,752,124,0.464608698126027,0.463608698126027,1.17164622035359,1.16863395482773,0.176125868159063,4.49671896696678,7.99512296088353,-0.0663109930345056,1,0.001,11.0447335,124,0.018949888385771142,-0.06631099303450572,0.26647276048548857
MOEAD,SP100,window_008,1,60,10,752,126,-0.0121069355063997,-0.0131069355063997,-0.0240672931254433,-0.0260420792544306,0.24396789999305,0.0206465610838408,0.0329720856436557,-0.142334029181357,1,0.001,11.7049115,126,0.030373938757092815,-0.1423340291813574,0.07166408702178478
MOEAD,SP100,window_009,1,60,10,752,122,0.184495018328889,0.183495018328889,0.418692682802349,0.416219817766991,0.306919894045596,1.29243753198869,1.68309838276741,-0.191353190252701,1,0.001,11.6049874,122,0.043127595222778856,-0.19135319025270092,0.2523342634513138
MOEAD,SP100,window_010,1,60,10,750,126,0.142743438691144,0.141743438691144,0.305862566671661,0.303578079794279,0.178196396653814,1.58691607006325,2.27636201147918,-0.0837847609466104,1,0.001,12.1889428,126,0.02390610386197051,-0.08378476094661025,0.5520806823436449
MOEAD,SP100,window_011,1,60,10,751,123,0.0852070041141357,0.0842070041141357,0.182381150503916,0.180149991955122,0.225323072910868,0.85524967322406,1.49532864534746,-0.136322774633319,1,0.001,11.706487,123,0.02659529567125387,-0.13632277463331788,0.4361362356579553
MOEAD,SP100,window_001,2,60,10,755,124,0.0214587928158012,0.0204587928158012,0.0440929162812489,0.0420166757851199,0.343962297057244,0.295352130333387,0.452073263702284,-0.230689799664505,1,0.001,11.5313127,124,0.046368273082612155,-0.23068979966450476,1.0
MOEAD,SP100,window_002,2,60,10,755,126,0.261075861389406,0.260075861389406,0.590312328179033,0.587791176456255,0.195543789781113,2.47116022990564,4.28402625919639,-0.0821169463921376,1,0.001,11.4834908,126,0.022752146693867287,-0.08211694639213751,0.6281066055842603
MOEAD,SP100,window_003,2,60,10,756,124,-0.245570098832936,-0.246570098832936,-0.435985838902204,-0.437504122006236,0.39469828003217,-1.25304114315206,-2.14258855447976,-0.271516299287218,1,0.001,11.2060238,124,0.049411564142557894,-0.2715162992872192,0.3775189633153878
MOEAD,SP100,window_004,2,60,10,756,125,-0.115707724192093,-0.116707724192093,-0.219564176116899,-0.221342383188244,0.274798014280049,-0.765509480883675,-1.28324112784997,-0.231876658403884,1,0.001,11.1157352,125,0.033979369353223425,-0.23187665840388338,0.40340323471584605
MOEAD,SP100,window_005,2,60,10,755,123,0.379387142017975,0.378387142017975,0.932797283065523,0.929927623153776,0.187348334144531,3.61477840396812,5.879663337922,-0.0937776070235897,1,0.001,11.5323005,123,0.02224134576298507,-0.09377760702358984,0.3346997825002142
MOEAD,SP100,window_006,2,60,10,753,125,0.124848072879451,0.123848072879451,0.267667158293458,0.265396217977813,0.16974729687349,1.48168937462355,2.51158446252031,-0.0890884530598494,1,0.001,11.6070829,125,0.020124683615589445,-0.08908845305984958,0.38334557672907665
MOEAD,SP100,window_007,2,60,10,752,124,0.409424440672103,0.408424440672103,1.00859046400225,1.00569532521377,0.169111662118932,4.21329805168686,7.60971188080836,-0.0660073535060707,1,0.001,11.03811,124,0.018250004435112637,-0.06600735350607057,0.359466909367721
MOEAD,SP100,window_008,2,60,10,752,126,-0.0037698291252069,-0.0047698291252069,-0.0075254466387806,-0.0095169069805302,0.265541371946639,0.102633523421449,0.167292965981419,-0.155394508250832,1,0.001,11.8088391,126,0.032600619962374275,-0.15539450825083234,0.15860082608389633
MOEAD,SP100,window_009,2,60,10,752,122,0.193417203667518,0.192417203667518,0.440854570595082,0.438361844046367,0.302467943249418,1.35853507798076,1.74770601268391,-0.185867366231127,1,0.001,11.3216355,122,0.042809254116146,-0.1858673662311271,0.35232334041824864
MOEAD,SP100,window_010,2,60,10,750,126,0.148608852880465,0.147608852880465,0.319302296915378,0.317006079209617,0.175047522608956,1.67084635436439,2.37821127198578,-0.0828326216392758,1,0.001,12.1028658,126,0.02348252393887233,-0.08283262163927552,0.5389993909674161
MOEAD,SP100,window_011,2,60,10,751,123,0.0792971503685513,0.0782971503685513,0.169226625349363,0.167008214197331,0.22812381277744,0.798450683245741,1.38497657587461,-0.137537383509338,1,0.001,10.9167757,123,0.026752467430996674,-0.13753738350933808,0.4043440489938187
MOEAD,SP100,window_001,3,60,10,755,124,0.0377798543460532,0.0367798543460532,0.078276140137447,0.0761656293717974,0.336885683436818,0.39031383878315,0.593352275511736,-0.219593686907874,1,0.001,11.082972,124,0.04543523091489781,-0.2195936869078744,1.0
MOEAD,SP100,window_002,3,60,10,755,126,0.283493731418268,0.282493731418268,0.647356158589989,0.644790171127152,0.207265095338266,2.51283176586925,4.7226119803457,-0.0885583595639815,1,0.001,11.38957,126,0.023856530561968015,-0.08855835956398117,0.6079369055645679
MOEAD,SP100,window_003,3,60,10,756,124,-0.221618215992485,-0.222618215992485,-0.398998696919816,-0.400566796151701,0.354040232201649,-1.26064597947243,-2.06058766851911,-0.250646508474213,1,0.001,11.1119978,124,0.04503329246160892,-0.2506465084742133,0.4445257043933929
MOEAD,SP100,window_004,3,60,10,756,125,-0.13453155655419,-0.13553155655419,-0.252693956443736,-0.254433690222421,0.285710770806852,-0.877387878560729,-1.47217900379899,-0.247740805193001,1,0.001,10.8170744,125,0.03523303347512431,-0.24774080519300057,0.46860039090314937
MOEAD,SP100,window_005,3,60,10,755,123,0.357028051797603,0.356028051797603,0.869155349880902,0.866334472884314,0.186171331857115,3.45616472948304,5.50070969376843,-0.0920940552397177,1,0.001,11.6607541,123,0.022616681384222317,-0.09209405523971781,0.33096849793374006
MOEAD,SP100,window_006,3,60,10,753,125,0.114418596132183,0.113418596132183,0.244083340726506,0.241833801153299,0.166083988587655,1.39749103688754,2.33923372391644,-0.0943511591997569,1,0.001,11.0508292,125,0.019758268060197228,-0.09435115919975667,0.4510961702978665
MOEAD,SP100,window_007,3,60,10,752,124,0.455601718211054,0.454601718211054,1.14459138237497,1.14159824373332,0.17549535314436,4.44059974730741,7.90749951282095,-0.066158195864934,1,0.001,10.6833058,124,0.019045035313177156,-0.06615819586493377,0.37647537853673785
MOEAD,SP100,window_008,3,60,10,752,126,-0.0037996281867465,-0.0047996281867465,-0.0075848191991354,-0.009576219942762,0.253923818163677,0.0953958418095078,0.153443167990388,-0.143836285068921,1,0.001,11.2850868,126,0.0313299493853776,-0.14383628506892132,0.15412803292237665
MOEAD,SP100,window_009,3,60,10,752,122,0.181413086522708,0.180413086522708,0.411078620980978,0.408612614301036,0.307239144338298,1.27407294985544,1.6386644904728,-0.188499449966281,1,0.001,11.3852335,122,0.043903611834589726,-0.18849944996628043,0.2584049031079927
MOEAD,SP100,window_010,3,60,10,750,126,0.158917893388921,0.157917893388921,0.343090683617014,0.340773847830235,0.182571082151978,1.70728624777514,2.47476302449579,-0.0876773350436366,1,0.001,12.4951599,126,0.02427947268152384,-0.08767733504363695,0.5571431537418293
MOEAD,SP100,window_011,3,60,10,751,123,0.0847054066219475,0.0837054066219475,0.181261737316366,0.179031660831808,0.229572673132336,0.839451595452176,1.44436928923341,-0.136852325915956,1,0.001,11.51007,123,0.026980734353714387,-0.13685232591595586,0.3496751478358905
MOEAD,SP100,window_001,4,60,10,755,124,0.0374148023546486,0.0364148023546486,0.0775054505667661,0.075395706512954,0.334343051434752,0.38860037224779,0.597872507799234,-0.22049062599442,1,0.001,11.0983431,124,0.04480278730161091,-0.22049062599442015,1.0
MOEAD,SP100,window_002,4,60,10,755,126,0.261499161299931,0.260499161299931,0.59138013396043,0.58885813563783,0.197529049139407,2.45163803670489,4.47214177408113,-0.0782211781548752,1,0.001,11.545873,126,0.02261936569938649,-0.0782211781548755,0.6425478364775287
MOEAD,SP100,window_003,4,60,10,756,124,-0.238257617303382,-0.239257617303382,-0.424820235317037,-0.426353721886079,0.397386434632442,-1.19269745956263,-2.02092230637436,-0.263845789671741,1,0.001,11.7532546,124,0.049578932531616035,-0.2638457896717411,0.35096891265388386
MOEAD,SP100,window_004,4,60,10,756,125,-0.145784622497331,-0.146784622497331,-0.272153414877456,-0.273870155334936,0.290871913361655,-0.947201287343726,-1.5285380475803,-0.269641570211307,1,0.001,11.361617,125,0.03660532573181206,-0.2696415702113053,0.36798884937989107
MOEAD,SP100,window_005,4,60,10,755,123,0.394324467310551,0.393324467310551,0.975922177070308,0.973019905454965,0.193134210489984,3.62667226806265,5.96341588094233,-0.0953324721995383,1,0.001,11.163234,123,0.022617293801958156,-0.09533247219953878,0.34196148136230264
MOEAD,SP100,window_006,4,60,10,753,125,0.144846132496753,0.143846132496753,0.313512459322456,0.311200475171044,0.171238867499797,1.67783607024622,2.79046820566353,-0.0859878511567146,1,0.001,11.3004794,125,0.020400511491705287,-0.08598785115671415,0.467765137218383
MOEAD,SP100,window_007,4,60,10,752,124,0.425691578983917,0.424691578983917,1.05598402580164,1.05305437568316,0.168474087689608,4.36742458890172,7.888635641396,-0.0633748947797783,1,0.001,11.5060575,124,0.01806891720155657,-0.06337489477977831,0.2682364056952715
MOEAD,SP100,window_008,4,60,10,752,126,-0.0009625628370809,-0.0019625628370809,-0.0019241991469466,-0.0039212740212724,0.251933348556083,0.116706744285473,0.189189238674127,-0.142317581638578,1,0.001,12.1592331,126,0.03096499379844836,-0.142317581638577,0.13259426482900644
MOEAD,SP100,window_009,4,60,10,752,122,0.177345868048433,0.176345868048433,0.401062711580996,0.398605754060444,0.299415891292368,1.27551799171274,1.6382085597,-0.188186767173362,1,0.001,11.5509991,122,0.04198808547621887,-0.1881867671733619,0.21645817139582157
MOEAD,SP100,window_010,4,60,10,750,126,0.141691056557904,0.140691056557904,0.303458468624302,0.301176086511186,0.171195028350169,1.6339323502631,2.3285336050127,-0.0774993957093156,1,0.001,12.2550407,126,0.022992313796504554,-0.07749939570931552,0.5868141424307762
MOEAD,SP100,window_011,4,60,10,751,123,0.0814410623230639,0.0804410623230639,0.173989972149925,0.171766937029792,0.226308431818164,0.821008718945092,1.43358022768357,-0.133957750187502,1,0.001,11.0670141,123,0.026729603046888727,-0.1339577501875011,0.4492449196284711
MOEAD,SP100,window_001,5,60,10,755,124,0.0221247395751341,0.0211247395751341,0.0454767463956849,0.0433991079168303,0.341388536498943,0.298966008474622,0.455503747884941,-0.232649888899141,1,0.001,11.0362753,124,0.0461635146219818,-0.2326498888991403,1.0
MOEAD,SP100,window_002,5,60,10,755,126,0.290223137497894,0.289223137497894,0.664675744534909,0.662096298259913,0.206408336518148,2.57316152764179,4.8524296428394,-0.0821567523188115,1,0.001,10.8801277,126,0.022973004592718956,-0.08215675231881192,0.6390374542374907
MOEAD,SP100,window_003,5,60,10,756,124,-0.280011889243464,-0.281011889243464,-0.487081644708481,-0.488528384202744,0.427568484222125,-1.34680764423358,-2.32171964902527,-0.289522938242805,1,0.001,11.0687168,124,0.05352833020396059,-0.2895229382428042,0.37469036864095534
MOEAD,SP100,window_004,5,60,10,756,125,-0.145020549406717,-0.146020549406717,-0.27084032276573,-0.272558624296376,0.298021003643607,-0.911455039133827,-1.47410866767528,-0.274022111144201,1,0.001,11.3145697,125,0.03746825833674217,-0.27402211114420105,0.4085718358125845
MOEAD,SP100,window_005,5,60,10,755,123,0.415311295088634,0.414311295088634,1.03733561897219,1.03438749939076,0.194772736441516,3.75534068041781,6.17204082726447,-0.0974818056906417,1,0.001,11.3883087,123,0.02244249295388573,-0.09748180569064158,0.3187508957663287
MOEAD,SP100,window_006,5,60,10,753,125,0.119617277672294,0.118617277672294,0.255811040992056,0.253550834394291,0.165592812725912,1.45796410326746,2.39937972585616,-0.0877451918915588,1,0.001,11.0511333,125,0.01965363040847306,-0.08774519189155805,0.49234664415412355
MOEAD,SP100,window_007,5,60,10,752,124,0.422387552816061,0.421387552816061,1.04631246163438,1.0433898221616,0.168335901029713,4.34279089430592,7.8656571978979,-0.0646209781443329,1,0.001,12.1417692,124,0.01807423646783347,-0.06462097814433276,0.3497104985595799
MOEAD,SP100,window_008,5,60,10,752,126,-0.0201857160898832,-0.0211857160898832,-0.039963969045705,-0.0419225976135252,0.256129568820777,-0.0326532939711529,-0.0515127518992772,-0.149499934613527,1,0.001,11.9143923,126,0.03234392659272877,-0.14949993461352717,0.19926440229605946
MOEAD,SP100,window_009,5,60,10,752,122,0.196009891077965,0.195009891077965,0.44732780213058,0.444829302217841,0.300216242320446,1.38132872190223,1.78832545650803,-0.186644771844275,1,0.001,11.5348487,122,0.04216473499129881,-0.18664477184427464,0.3442333606290281
MOEAD,SP100,window_010,5,60,10,750,126,0.141331870471772,0.140331870471772,0.302638438554594,0.300356774813651,0.17680714191727,1.58401142040769,2.24621118016344,-0.0802646947908111,1,0.001,11.3057232,126,0.023587192735515676,-0.08026469479081111,0.5606045141242113
MOEAD,SP100,window_011,5,60,10,751,123,0.0717633876501367,0.0707633876501367,0.152566716632677,0.150364550664865,0.213746598231841,0.770233997618159,1.32905435406729,-0.126175640904772,1,0.001,10.652884,123,0.025035003165287898,-0.12617564090477196,0.5193164177868372
MOEAD,SP100,window_001,6,60,10,755,124,-0.0001451992364758,-0.0011451992364758,-0.0002950602054002,-0.002325964778334,0.407378916804981,0.199867745608507,0.319992602179802,-0.262825892702522,1,0.001,11.0980989,124,0.05340086145866312,-0.26282589270252243,1.0
MOEAD,SP100,window_002,6,60,10,755,126,0.235255848250835,0.234255848250835,0.52585701063789,0.523387498941388,0.190670224049931,2.31215606015936,4.11311550701652,-0.0840947291435447,1,0.001,11.3704607,126,0.02217018168411623,-0.08409472914354454,0.657007747212147
MOEAD,SP100,window_003,6,60,10,756,124,-0.249163210834491,-0.250163210834491,-0.44143151618632,-0.442942330549474,0.407527802004583,-1.22474226514142,-2.07645440263481,-0.265665834920694,1,0.001,11.2415771,124,0.05166107955872037,-0.26566583492069473,0.2951034828708906
MOEAD,SP100,window_004,6,60,10,756,125,-0.121476902031872,-0.122476902031872,-0.229794847384315,-0.231561261652863,0.28204578943511,-0.785473045937207,-1.28624540902518,-0.244513484661992,1,0.001,11.9709217,125,0.035049288941158004,-0.2445134846619913,0.35912409701804887
MOEAD,SP100,window_005,6,60,10,755,123,0.350998895342056,0.349998895342056,0.852180903411307,0.849373174102246,0.178993495551281,3.53641593747848,5.99112555266666,-0.088917674386613,1,0.001,11.0103866,123,0.020751173023681412,-0.08891767438661269,0.32061205022734257
MOEAD,SP100,window_006,6,60,10,753,125,0.141818060785204,0.140818060785204,0.306517908344687,0.304212139722437,0.170296542038728,1.65480550119569,2.7645751346964,-0.0870781050226482,1,0.001,11.101053,125,0.020146794282592268,-0.08707810502264812,0.33069270489830616
MOEAD,SP100,window_007,6,60,10,752,124,0.427816834884698,0.426816834884698,1.06221732903462,1.05928316916617,0.165899608403917,4.45094659618185,8.08754577317839,-0.064132618969861,1,0.001,11.3950435,124,0.017964754017586643,-0.06413261896986067,0.27137275347145673
MOEAD,SP100,window_008,6,60,10,752,126,0.0009504001230755,-4.95998769244324e-05,0.0019017035065451,-9.91972937011143e-05,0.252580257206572,0.132208426190517,0.214026355739869,-0.142383948892621,1,0.001,11.4578962,126,0.03109767811842416,-0.14238394889262085,0.1546904823078111
MOEAD,SP100,window_009,6,60,10,752,122,0.169316772354621,0.168316772354621,0.381398332324386,0.378959232722861,0.297406686221024,1.23467123099485,1.6000546383016,-0.18262027199402,1,0.001,12.3306198,122,0.041657614570857086,-0.18262027199401942,0.19674891550093238
MOEAD,SP100,window_010,6,60,10,750,126,0.15456500494764,0.15356500494764,0.333020350649743,0.330712220639848,0.18584830932268,1.6398927539896,2.35951157805456,-0.0840284966452607,1,0.001,12.2020424,126,0.024958528436165583,-0.08402849664526024,0.5555878493959037
MOEAD,SP100,window_011,6,60,10,751,123,0.0842765795210516,0.0832765795210516,0.180305155894726,0.178076004472125,0.228244130847072,0.839484561066894,1.45972419726387,-0.136397082142634,1,0.001,11.196781,123,0.026787797655520057,-0.13639708214263402,0.35236871827929916
MOEAD,SP100,window_001,7,60,10,755,124,0.0234355926726528,0.0224355926726528,0.0482034048240028,0.0461230144627474,0.346344459850131,0.306984947073925,0.474855025402174,-0.234268422642052,1,0.001,11.0939413,124,0.04631228711458091,-0.23426842264205205,1.0
MOEAD,SP100,window_002,7,60,10,755,126,0.276957685322372,0.275957685322372,0.63062093010387,0.628068014733226,0.206571132971918,2.47110899746691,4.58600992863673,-0.0814546916956421,1,0.001,11.2125423,126,0.023377156905066043,-0.08145469169564212,0.6203403265089582
MOEAD,SP100,window_003,7,60,10,756,124,-0.270286554831099,-0.271286554831099,-0.472903349721223,-0.474370280028394,0.412851395443543,-1.34379244196089,-2.30359253920547,-0.287566815586213,1,0.001,11.2139739,124,0.051814394362937284,-0.2875668155862129,0.3686035692306079
MOEAD,SP100,window_004,7,60,10,756,125,-0.13513314694518,-0.13613314694518,-0.253740808461041,-0.255479312892082,0.278321234096518,-0.913106132370192,-1.54913470291111,-0.250426663260569,1,0.001,11.6680621,125,0.034359839658513344,-0.2504266632605686,0.45146149520048456
MOEAD,SP100,window_005,7,60,10,755,123,0.37039304480307,0.36939304480307,0.907065741299747,0.904215709324451,0.189319597327229,3.5080883207598,5.84873825110732,-0.0876835066636952,1,0.001,11.2210318,123,0.02235799461460907,-0.08768350666369518,0.3707278519075567
MOEAD,SP100,window_006,7,60,10,753,125,0.150975146331613,0.149975146331613,0.327727488265725,0.325402922674887,0.172406366401121,1.73023152242036,2.91731037047318,-0.0829205231691171,1,0.001,11.4151832,125,0.02015632047098857,-0.08292052316911691,0.4371004264942164
MOEAD,SP100,window_007,7,60,10,752,124,0.43613848536696,0.43513848536696,1.08671669195216,1.08376487162822,0.160597066245371,4.66634448427386,8.40889614688984,-0.0617103424368131,1,0.001,11.4594032,124,0.0174215996266439,-0.06171034243681295,0.37758746048083924
MOEAD,SP100,window_008,7,60,10,752,126,0.0006120499711506,-0.0003879500288493,0.0012244745474683,-0.0007757495524739,0.253762657350919,0.130048819177323,0.211375392485969,-0.143444920718687,1,0.001,11.5307067,126,0.03104027403005696,-0.1434449207186863,0.1537569617075667
MOEAD,SP100,window_009,7,60,10,752,122,0.187040660711652,0.186040660711652,0.42499775716898,0.42251922632312,0.309935199821149,1.29724154952831,1.70654604375868,-0.1920609598345,1,0.001,12.4418395,122,0.04346259920935661,-0.19206095983449922,0.3140159890319367
MOEAD,SP100,window_010,7,60,10,750,126,0.164113146175843,0.163113146175843,0.35515941709942,0.352832190807068,0.182030805930431,1.76101063974435,2.53681820665891,-0.0818695533517578,1,0.001,11.665404,126,0.024176905916780716,-0.08186955335175872,0.5530424827978896
MOEAD,SP100,window_011,7,60,10,751,123,0.0813297781709867,0.0803297781709867,0.173742476912497,0.171519681819938,0.232321491324651,0.804723379275487,1.37564572636377,-0.144400799951679,1,0.001,11.2450281,123,0.02763364626155371,-0.14440079995167898,0.3659309923795326
MOEAD,SP100,window_001,8,60,10,755,124,0.0293985981636313,0.0283985981636313,0.0606523698934496,0.0585594599224923,0.342098757606676,0.341138877903874,0.526809646843418,-0.222316056876817,1,0.001,11.1640587,124,0.045537870346419186,-0.2223160568768171,1.0
MOEAD,SP100,window_002,8,60,10,755,126,0.282707645367442,0.281707645367442,0.645338903484088,0.642774488193354,0.216973520640912,2.40399080111886,4.51120379692749,-0.0918321084781728,1,0.001,11.3622678,126,0.024596594700693142,-0.09183210847817302,0.5823686778783129
MOEAD,SP100,window_003,8,60,10,756,124,-0.242945975407107,-0.243945975407107,-0.431991791414856,-0.433515529819466,0.388300004495979,-1.26199159284675,-2.12295086486805,-0.265473872002087,1,0.001,11.2401799,124,0.04844074894713999,-0.2654738720020875,0.4571871219649865
MOEAD,SP100,window_004,8,60,10,756,125,-0.127213160751238,-0.128213160751238,-0.239899691444289,-0.241654381429284,0.286369526931309,-0.815425783637772,-1.34756837591032,-0.247309900271465,1,0.001,11.9383609,125,0.03556856680200567,-0.2473099002714645,0.3933459659187717
MOEAD,SP100,window_005,8,60,10,755,123,0.42077283232632,0.41977283232632,1.05347544781014,1.05051539145633,0.193410263335603,3.8213784216232,6.21619546506156,-0.0960152564279108,1,0.001,10.8425801,123,0.02211510576160683,-0.09601525642791064,0.25315699089221066
MOEAD,SP100,window_006,8,60,10,753,125,0.135430526546573,0.134430526546573,0.291825049345015,0.289532391139682,0.170613986145198,1.58570693800838,2.67755174452115,-0.0858027745314502,1,0.001,11.0929176,125,0.02015145625451223,-0.0858027745314498,0.4287654150389733
MOEAD,SP100,window_007,8,60,10,752,124,0.437694444306124,0.436694444306124,1.0913138236516,1.08835870085804,0.173832432517732,4.33627888402658,7.74010294826136,-0.064247722474893,1,0.001,11.0977888,124,0.018771821765337742,-0.0642477224748933,0.32741534783965026
MOEAD,SP100,window_008,8,60,10,752,126,-0.0226145271238514,-0.0236145271238514,-0.0447176374106674,-0.0466714083564196,0.257175947486705,-0.0508005450802432,-0.0796493865946492,-0.146263272115021,1,0.001,10.9895085,126,0.032260037876752586,-0.14626327211502055,0.23155058406893525
MOEAD,SP100,window_009,8,60,10,752,122,0.182158160804945,0.181158160804945,0.412917425754262,0.410449761135928,0.307679322841125,1.27678672353219,1.67560733430209,-0.187498444070745,1,0.001,12.4594155,122,0.0436413918820935,-0.187498444070745,0.2544359187852506
MOEAD,SP100,window_010,8,60,10,750,126,0.154733557521346,0.153733557521346,0.333409588865903,0.33110112175086,0.177622023996964,1.70910901962528,2.44199929241191,-0.0801794885039979,1,0.001,11.8338309,126,0.0236812675041441,-0.0801794885039977,0.5911360006093108
MOEAD,SP100,window_011,8,60,10,751,123,0.0784163005236551,0.0774163005236551,0.167272425055089,0.165055913581425,0.22264507379336,0.805065555956313,1.39833430547951,-0.128675893503314,1,0.001,11.5399189,123,0.026254869840403816,-0.128675893503314,0.4505600102101485
MOEAD,SP100,window_001,9,60,10,755,124,0.0123495482900009,0.0113495482900009,0.0252574605593241,0.0232003396016462,0.391036689660453,0.256410908901333,0.40518969553988,-0.251821251589861,1,0.001,11.6527117,124,0.0512740376638916,-0.2518212515898618,1.0
MOEAD,SP100,window_002,9,60,10,755,126,0.212400618793612,0.211400618793612,0.469915260451134,0.467491459213546,0.185395290655518,2.17081976509875,3.8500812204838,-0.0802743328006541,1,0.001,11.6446333,126,0.021555537973052256,-0.0802743328006541,0.6392314783582268
MOEAD,SP100,window_003,9,60,10,756,124,-0.263747261442523,-0.264747261442523,-0.463259468005998,-0.464739979463267,0.410703909749098,-1.30902611674586,-2.25787982845306,-0.279052872631067,1,0.001,11.4131844,124,0.051312250948202895,-0.2790528726310674,0.31814287039646194
MOEAD,SP100,window_004,9,60,10,756,125,-0.12404066343363,-0.12504066343363,-0.234319414850651,-0.236080588920192,0.281425328242521,-0.808745032502073,-1.3524751644899,-0.244063708253778,1,0.001,8.8129732,125,0.03501139461012183,-0.24406370825377766,0.38466599577018445
MOEAD,SP100,window_005,9,60,10,755,123,0.338488415749005,0.337488415749005,0.817211834410711,0.814431377361935,0.186984534304736,3.29084537751462,5.4658550177818,-0.089390856587037,1,0.001,11.2535181,123,0.022610141391695128,-0.08939085658703716,0.27797524845187666
MOEAD,SP100,window_006,9,60,10,753,125,0.122247267056304,0.121247267056304,0.261765155296464,0.259499551997176,0.164777729553608,1.49307832899989,2.46074944324752,-0.0882306422948712,1,0.001,11.0073942,125,0.0197394490964311,-0.08823064229487154,0.4766982758336211
MOEAD,SP100,window_007,9,60,10,752,124,0.415807798222773,0.414807798222773,1.02712115805604,1.02421247826474,0.165338421364955,4.36138975166657,7.98130314746887,-0.0637913972739437,1,0.001,11.4530173,124,0.017718951324198397,-0.06379139727394356,0.3369781196792674
MOEAD,SP100,window_008,9,60,10,752,126,0.0116796316155632,0.0106796316155632,0.0234956770258017,0.0214733177625703,0.264699890682395,0.218387791092461,0.356460732525189,-0.144665926736987,1,0.001,11.4211312,126,0.032408306491006525,-0.14466592673698697,0.1843215649798957
MOEAD,SP100,window_009,9,60,10,752,122,0.182786516829955,0.181786516829955,0.414469136129785,0.4120000732411,0.314742143608844,1.25851486549582,1.64800503403496,-0.195854014702897,1,0.001,11.7290991,122,0.04474011988623944,-0.1958540147028962,0.18071700594716733
MOEAD,SP100,window_010,9,60,10,750,126,0.167197466461105,0.166197466461105,0.362349925713222,0.3600165307803,0.18068932969411,1.80206015298309,2.60166718516665,-0.0772598865864031,1,0.001,12.465146,126,0.023936835387205358,-0.07725988658640259,0.5414753397753803
MOEAD,SP100,window_011,9,60,10,751,123,0.0782486994544715,0.0772486994544715,0.166900784926853,0.164684634900235,0.222381470122643,0.804311975194009,1.39412471128004,-0.1334088540049,1,0.001,11.4399318,123,0.0259255145232539,-0.13340885400489977,0.4108610635601304
MOEAD,SP100,window_001,10,60,10,755,124,0.0235886845905797,0.0225886845905797,0.04852208107384,0.0464413693183077,0.355414922629452,0.30900405306493,0.477610729962811,-0.228077938010507,1,0.001,10.9000447,124,0.04800241449738516,-0.22807793801050724,1.0
MOEAD,SP100,window_002,10,60,10,755,126,0.236723786801812,0.235723786801812,0.529485724841414,0.52701327726781,0.19164644101663,2.31367365709713,4.31788656963496,-0.0772712414798657,1,0.001,11.3284289,126,0.0217622213526281,-0.07727124147986553,0.5952960939312405
MOEAD,SP100,window_003,10,60,10,756,124,-0.242663334834151,-0.243663334834151,-0.4315607442652,-0.433085070288867,0.395090495912122,-1.23168590126475,-2.0834634632338,-0.268902112807968,1,0.001,11.1471367,124,0.0490807734366341,-0.2689021128079674,0.42689569257927656
MOEAD,SP100,window_004,10,60,10,756,125,-0.136212486020464,-0.137212486020464,-0.255617156730683,-0.257353455570805,0.296123076699158,-0.849482778444423,-1.39378327979495,-0.266009966087716,1,0.001,5.3086206,125,0.03659028972938,-0.26600996608771754,0.47052443533699073
MOEAD,SP100,window_005,10,60,10,755,123,0.391087858949432,0.390087858949432,0.966536564564207,0.96364136068137,0.193536823023878,3.59484678262902,6.13505142361369,-0.091610258879656,1,0.001,11.4504635,123,0.022433857373393425,-0.09161025887965646,0.3054532229412174
MOEAD,SP100,window_006,10,60,10,753,125,0.137585037163976,0.136585037163976,0.29677158039834,0.294474500190606,0.167685779412669,1.63337147947954,2.72570885251429,-0.0848028477055693,1,0.001,11.3951101,125,0.019644537636386017,-0.08480284770556945,0.45189196663938375
MOEAD,SP100,window_007,10,60,10,752,124,0.422593718896937,0.421593718896937,1.04691527457253,1.04399219766175,0.164776851302495,4.43483715908963,8.10678783514556,-0.0643707853434982,1,0.001,11.4524442,124,0.01766645590736556,-0.06437078534349783,0.3422732051891571
MOEAD,SP100,window_008,10,60,10,752,126,-0.0035355208745503,-0.0045355208745503,-0.0070585418412463,-0.0090504707994971,0.252320988328324,0.0964945725713117,0.156134350043932,-0.143375470710314,1,0.001,11.6265631,126,0.0311346375693445,-0.14337547071031365,0.1905901320936858
MOEAD,SP100,window_009,10,60,10,752,122,0.219418514749603,0.218418514749603,0.506450730759478,0.503900067841871,0.329353519087798,1.40839941395769,1.88306680808599,-0.211650162843416,1,0.001,11.9385881,122,0.046547690185270926,-0.21165016284341587,0.30417048538738667
MOEAD,SP100,window_010,10,60,10,750,126,0.16452138200294,0.16352138200294,0.356110049142036,0.353782006378031,0.182475187486193,1.76100380483791,2.56097673134173,-0.0800770692720698,1,0.001,11.6965549,126,0.024228519431552242,-0.08007706927206926,0.4858102781508396
MOEAD,SP100,window_011,10,60,10,751,123,0.0762661409294141,0.0752661409294141,0.162509238242156,0.160297363576295,0.219065393180737,0.795958652199723,1.407197829452,-0.131955285385562,1,0.001,11.7791493,123,0.025646018229545414,-0.13195528538556234,0.46172393550487284
NSGAII,SP100,window_001,1,60,10,755,124,0.0315517762990749,0.0305517762990749,0.0651659060312364,0.0630684747858874,0.345338303664864,0.353420888849046,0.549006828987514,-0.225900409365825,1,0.001,2.5749951,124,0.04601728658468633,-0.22590040936582467,1.0
NSGAII,SP100,window_002,1,60,10,755,126,0.270427963725098,0.269427963725098,0.613987211014698,0.611447355087248,0.203723563959855,2.45252766006689,4.47172464067043,-0.082308107993748,1,0.001,1.3562927,126,0.02363927126646569,-0.0823081079937481,0.5975599604206743
NSGAII,SP100,window_003,1,60,10,756,124,-0.245918805364427,-0.246918805364427,-0.436515510194742,-0.438033068417441,0.401237520936298,-1.22858482338456,-2.09900350329641,-0.274091222903615,1,0.001,1.2735513,124,0.049166233334920616,-0.2740912229036149,0.33573073039231544
NSGAII,SP100,window_004,1,60,10,756,125,-0.129976453706035,-0.130976453706035,-0.244743434825375,-0.246492477382453,0.288396669100701,-0.829837762107602,-1.37507901907308,-0.244430865845302,1,0.001,1.2395875,125,0.035537514093686086,-0.24443086584530171,0.39049956180209033
NSGAII,SP100,window_005,1,60,10,755,123,0.372974586833773,0.371974586833773,0.914433306115526,0.911577641048554,0.192880447213047,3.46684648726889,5.83052367591591,-0.0913709350362807,1,0.001,1.2618553,123,0.022907547373176056,-0.09137093503628102,0.2904970906390409
NSGAII,SP100,window_006,1,60,10,753,125,0.126794574208478,0.125794574208478,0.272093431481099,0.269818496693613,0.170040985442175,1.49998031883649,2.49805635208245,-0.0839523843525718,1,0.001,1.4800051,125,0.020262511570128455,-0.0839523843525708,0.4430491101245102
NSGAII,SP100,window_007,1,60,10,752,124,0.449630869859151,0.448630869859151,1.1267513148942,1.12377085361838,0.175947674734835,4.3820078942944,7.84553259758816,-0.0655388689960332,1,0.001,1.3948215,124,0.018992416519265528,-0.06553886899603312,0.2950265889814597
NSGAII,SP100,window_008,1,60,10,752,126,-0.0216331059816584,-0.0226331059816584,-0.042798220688903,-0.0447539544769398,0.247186910656765,-0.0549168449219628,-0.0890774792632335,-0.146540503835997,1,0.001,1.2548173,126,0.030592993883176014,-0.1465405038359967,0.20537249663735954
NSGAII,SP100,window_009,1,60,10,752,122,0.165839943661434,0.164839943661434,0.372927574806192,0.370496205703434,0.314827239167833,1.16336489550591,1.55400791458604,-0.193283537120861,1,0.001,1.2526132,122,0.044015505804119705,-0.19328353712086066,0.2199604230059956
NSGAII,SP100,window_010,1,60,10,750,126,0.173157527613001,0.172157527613001,0.376298584595049,0.373953269539823,0.187059073821168,1.80143406696764,2.5976871836495,-0.0784871284610542,1,0.001,1.2457318,126,0.024787843330697685,-0.07848712846105421,0.5790417357204114
NSGAII,SP100,window_011,1,60,10,751,123,0.0918844693858807,0.0908844693858807,0.197334937235524,0.195089371496193,0.220373153762468,0.926529665166325,1.64385390788464,-0.129122565872334,1,0.001,1.2747253,123,0.025605254834208113,-0.12912256587233428,0.3685604003957873
NSGAII,SP100,window_001,2,60,10,755,124,0.02874564803012,0.02774564803012,0.0592855661413538,0.0571940271841891,0.346420808775502,0.33744260879195,0.519396125876602,-0.229154427411063,1,0.001,1.4908019,124,0.04650749678849671,-0.22915442741106318,1.0
NSGAII,SP100,window_002,2,60,10,755,126,0.277839868930836,0.276839868930836,0.632874730629176,0.630320050891314,0.200056569914006,2.55203014833932,4.68498771414715,-0.0785983302762377,1,0.001,1.3270529,126,0.022794701453778515,-0.07859833027623819,0.6242923134049942
NSGAII,SP100,window_003,2,60,10,756,124,-0.271600183774667,-0.272600183774667,-0.474829924074307,-0.476294126640181,0.421826450686516,-1.31504939242333,-2.22125174392236,-0.297332868098095,1,0.001,1.3846243,124,0.05234292290795673,-0.2973328680980949,0.45569317613042803
NSGAII,SP100,window_004,2,60,10,756,125,-0.136403531137286,-0.137403531137286,-0.255949026049676,-0.257684934500507,0.288685744909726,-0.880404881185161,-1.43930346655131,-0.255153102614032,1,0.001,1.2186545,125,0.036013718879028316,-0.25515310261403235,0.3532476317651308
NSGAII,SP100,window_005,2,60,10,755,123,0.392274686977834,0.391274686977834,0.969975507330971,0.967077711882877,0.196694574611137,3.54915156939429,5.99060401428577,-0.0941972679834292,1,0.001,1.2247128,123,0.02273187154919687,-0.09419726798342942,0.32047821006855615
NSGAII,SP100,window_006,2,60,10,753,125,0.112891694078039,0.111891694078039,0.240649339490181,0.238402932772053,0.167787974197447,1.36853176075348,2.24010907303992,-0.0891430117346181,1,0.001,1.2370004,125,0.02029719891295081,-0.08914301173461714,0.46129811064880055
NSGAII,SP100,window_007,2,60,10,752,124,0.430371967938444,0.429371967938444,1.06972413621283,1.06678455411707,0.172607553336065,4.30556755421198,7.86738598865812,-0.0654997983744009,1,0.001,1.2717224,124,0.01843293405655693,-0.06549979837440079,0.3626886112767149
NSGAII,SP100,window_008,2,60,10,752,126,-0.012566532562577,-0.013566532562577,-0.0249751473845077,-0.0269490143193826,0.245021774368479,0.0177661423384588,0.0283697160939619,-0.145673300332416,1,0.001,1.2352108,126,0.030130345318889896,-0.14567330033241543,0.20894396896570533
NSGAII,SP100,window_009,2,60,10,752,122,0.174320303860455,0.173320303860455,0.3936358454291,0.391185618160356,0.297162797593944,1.26514214282017,1.65067177444565,-0.180024105176046,1,0.001,1.2594152,122,0.0411453228540954,-0.1800241051760454,0.3096534394276534
NSGAII,SP100,window_010,2,60,10,750,126,0.155628191493019,0.154628191493019,0.335476516973425,0.333166260590439,0.18415191833698,1.66330073263484,2.39283979135282,-0.0877750275748597,1,0.001,1.2350158,126,0.0244046715695506,-0.08777502757485989,0.5392856571342195
NSGAII,SP100,window_011,2,60,10,751,123,0.0839871535755405,0.0829871535755405,0.179659759815588,0.177431232729935,0.217398065410524,0.867847358972596,1.51886945803478,-0.125940810721148,1,0.001,1.3280958,123,0.02579604369417801,-0.12594081072114793,0.4659211254941929
NSGAII,SP100,window_001,3,60,10,755,124,0.028215931024705,0.027215931024705,0.0581773808528914,0.0560869541335691,0.347009477211973,0.334441993114226,0.512370519359597,-0.227991203428422,1,0.001,1.3342011,124,0.0465658361135445,-0.22799120342842172,1.0
NSGAII,SP100,window_002,3,60,10,755,126,0.268899818743612,0.267899818743612,0.610106750007571,0.607569950370084,0.205232569777397,2.42419048335806,4.47040952265567,-0.0861643546460187,1,0.001,1.3063199,126,0.02384912748089043,-0.08616435464601846,0.606009511010771
NSGAII,SP100,window_003,3,60,10,756,124,-0.218339349488881,-0.219339349488881,-0.393842510874092,-0.39541743351559,0.381508255718795,-1.12130317654027,-1.888770573912,-0.264530518075018,1,0.001,1.2481822,124,0.046679754309327394,-0.2645305180750187,0.3784698110151291
NSGAII,SP100,window_004,3,60,10,756,125,-0.13777014708812,-0.13877014708812,-0.258320834325912,-0.260053950218974,0.287984155165097,-0.894316611712483,-1.45883886012643,-0.256248042009859,1,0.001,1.2825989,125,0.03598328626207496,-0.25624804200985785,0.3184862206110528
NSGAII,SP100,window_005,3,60,10,755,123,0.396850976074986,0.395850976074986,0.983264520686602,0.980356731415947,0.193115022528046,3.64624260320437,5.93100879659637,-0.0953520432130154,1,0.001,1.235807,123,0.022690231439217813,-0.09535204321301505,0.3464216117095586
NSGAII,SP100,window_006,3,60,10,753,125,0.0897167671848857,0.0887167671848857,0.189116169852863,0.186917304302308,0.164401397001375,1.13521394739326,1.80154634307398,-0.0943414777420339,1,0.001,1.2533181,125,0.020307986812481343,-0.09434147774203394,0.4446605386827782
NSGAII,SP100,window_007,3,60,10,752,124,0.489320726662369,0.488320726662369,1.24676025543004,1.24369549294028,0.18059283824601,4.57870749878338,8.02343971304032,-0.0671343257010656,1,0.001,1.2285153,124,0.019637741616521043,-0.06713432570106548,0.3999907345788634
NSGAII,SP100,window_008,3,60,10,752,126,0.0040654370606239,0.0030654370606239,0.0081474018997416,0.0061402710256206,0.262058959055046,0.160350958665977,0.26051656002024,-0.150123432449252,1,0.001,1.2241577,126,0.032548571411988685,-0.1501234324492523,0.10334443100431645
NSGAII,SP100,window_009,3,60,10,752,122,0.181863852589385,0.180863852589385,0.412190940701425,0.409723930985571,0.301525130951648,1.29504652412775,1.68063432323383,-0.18312897354518,1,0.001,1.2239175,122,0.04211811284010406,-0.1831289735451792,0.24411854496040614
NSGAII,SP100,window_010,3,60,10,750,126,0.150305493811986,0.149305493811986,0.323202729094036,0.320903118106412,0.179005968397816,1.65429381370817,2.37488028985194,-0.0887382838312716,1,0.001,1.2506386,126,0.023908905437471643,-0.08873828383127169,0.5537725293412074
NSGAII,SP100,window_011,3,60,10,751,123,0.0850889281210676,0.0840889281210676,0.182117591919793,0.179886688090995,0.227066141561994,0.849389568306855,1.43060987241952,-0.132666475119755,1,0.001,1.2683965,123,0.026378741820089084,-0.13266647511975505,0.3688596714713519
NSGAII,SP100,window_001,4,60,10,755,124,0.0366955540558045,0.0356955540558045,0.0759878086916665,0.0738795752360586,0.332329014889213,0.384590340487815,0.58826365425786,-0.219603146038062,1,0.001,1.341022,124,0.044649900764655956,-0.21960314603806186,1.0
NSGAII,SP100,window_002,4,60,10,755,126,0.299635900582574,0.298635900582573,0.689053474083077,0.686455202281911,0.211403152970455,2.5862847644146,4.79634737888419,-0.0842082308476709,1,0.001,1.2134992,126,0.02434511336796057,-0.08420823084767115,0.5587790285419287
NSGAII,SP100,window_003,4,60,10,756,124,-0.25814835460707,-0.25914835460707,-0.454931846965161,-0.456423989623931,0.399221110435672,-1.31980057495904,-2.27317771640869,-0.277019518987721,1,0.001,1.2403287,124,0.049863305604709134,-0.2770195189877218,0.3094493926325793
NSGAII,SP100,window_004,4,60,10,756,125,-0.13932057348728,-0.14032057348728,-0.261007031057141,-0.262736978877983,0.294976804840778,-0.87853932216229,-1.43304780217647,-0.259741028120074,1,0.001,1.2508646,125,0.03662758196633327,-0.25974102812007427,0.42932327880781523
NSGAII,SP100,window_005,4,60,10,755,123,0.395383655697404,0.394383655697404,0.97899861102205,0.976094026299156,0.195667009751085,3.59017235137538,5.98846642503229,-0.0937645759137117,1,0.001,1.2489615,123,0.02280448244717653,-0.09376457591371179,0.2976420945276047
NSGAII,SP100,window_006,4,60,10,753,125,0.117641177970686,0.116641177970686,0.251346626365041,0.249090474562808,0.170956227772967,1.39660168281849,2.29363579063002,-0.0848433575311017,1,0.001,1.2407479,125,0.020387734985767486,-0.0848433575311025,0.49900567547282115
NSGAII,SP100,window_007,4,60,10,752,124,0.468209015476863,0.467209015476863,1.18250892032967,1.17948900824189,0.180196250093336,4.42688819691182,7.80215824829433,-0.0674868235410072,1,0.001,1.233614,124,0.01946099810954277,-0.06748682354100743,0.3493531386418659
NSGAII,SP100,window_008,4,60,10,752,126,0.0040519957857176,0.0030519957857176,0.0081204102412828,0.0061133062497116,0.260308225683305,0.159459190187665,0.264801771193493,-0.149631329878849,1,0.001,1.2141884,126,0.03156693644636593,-0.14963132987884908,0.1746508956186441
NSGAII,SP100,window_009,4,60,10,752,122,0.164399174364708,0.163399174364708,0.369425238764847,0.366997072674442,0.300565008018736,1.19568936227511,1.5615323880581,-0.182947525555053,1,0.001,1.2391638,122,0.0423027866902192,-0.18294752555505245,0.2318893403119917
NSGAII,SP100,window_010,4,60,10,750,126,0.169372341672386,0.168372341672386,0.36743167346836,0.365093928785015,0.18326500495413,1.79961066048383,2.57982949003806,-0.0804249422313474,1,0.001,1.2384116,126,0.024366301753169645,-0.08042494223134711,0.6336354813214646
NSGAII,SP100,window_011,4,60,10,751,123,0.0844674476301133,0.0834674476301133,0.180730874975147,0.178501311815785,0.21578614702219,0.876951601456064,1.53230158697179,-0.136191830642821,1,0.001,1.2882216,123,0.02580163953609532,-0.1361918306428207,0.4167684840749913
NSGAII,SP100,window_001,5,60,10,755,124,0.0290587160507623,0.0280587160507623,0.0599407916784758,0.0578485953689889,0.338974387463749,0.339196281107942,0.52218531882364,-0.224347615290605,1,0.001,1.400506,124,0.04544326843835283,-0.22434761529060487,1.0
NSGAII,SP100,window_002,5,60,10,755,126,0.276131717883854,0.275131717883854,0.628512161389196,0.625960897953429,0.201885472302063,2.51738335424884,4.64216771991696,-0.0825090986027599,1,0.001,1.2730199,126,0.022814219815212287,-0.08250909860276012,0.648419523706717
NSGAII,SP100,window_003,5,60,10,756,124,-0.237745810897976,-0.238745810897976,-0.424034582573291,-0.425569133421901,0.403378499838326,-1.16554703101652,-1.94183741931772,-0.259321801497145,1,0.001,1.2261957,124,0.05185691934418603,-0.25932180149714545,0.24317413248081254
NSGAII,SP100,window_004,5,60,10,756,125,-0.137312549760061,-0.138312549760061,-0.257527083658655,-0.259261134603146,0.291835545372446,-0.875062173828251,-1.43105050770767,-0.256501465554693,1,0.001,1.2330351,125,0.036320216303209196,-0.256501465554693,0.29019889055368675
NSGAII,SP100,window_005,5,60,10,755,123,0.357409590736759,0.356409590736759,0.870232199097403,0.867410489988757,0.191626217834961,3.36608719220124,5.55555300142512,-0.0896440742955947,1,0.001,1.2272945,123,0.02307493088635989,-0.08964407429559518,0.34089279555785335
NSGAII,SP100,window_006,5,60,10,753,125,0.114807038908438,0.113807038908438,0.244957711423753,0.242707374843517,0.169492551973894,1.37686060864103,2.25638972735806,-0.0879047093211913,1,0.001,1.2377346,125,0.020465144519849043,-0.08790470932119099,0.4860224973390344
NSGAII,SP100,window_007,5,60,10,752,124,0.432180277799435,0.431180277799435,1.07504520005658,1.07210178037208,0.174007830843858,4.28707592435419,7.72332652690625,-0.0645949607709567,1,0.001,1.2504152,124,0.018668723330835885,-0.06459496077095683,0.30839698592136594
NSGAII,SP100,window_008,5,60,10,752,126,0.0058399468946199,0.0048399468946199,0.0117139987689718,0.0097033188751829,0.247163115676326,0.169139905461194,0.274264811713942,-0.136365751948016,1,0.001,1.2459029,126,0.030582166142757824,-0.13636575194801603,0.14299123633057698
NSGAII,SP100,window_009,5,60,10,752,122,0.166423160335961,0.165423160335961,0.374346616242531,0.371913950501496,0.292107917020504,1.23421556377636,1.57721367112061,-0.180283398029566,1,0.001,1.2509792,122,0.04091095724725963,-0.1802833980295654,0.1851416014465268
NSGAII,SP100,window_010,5,60,10,750,126,0.174777117664286,0.173777117664286,0.380101276187607,0.377752721952278,0.186487227006899,1.82119567612158,2.64296463826086,-0.0831858016646503,1,0.001,1.2331458,126,0.02457704574629327,-0.08318580166465006,0.5929735992383981
NSGAII,SP100,window_011,5,60,10,751,123,0.0907832543980509,0.0897832543980509,0.194862206845681,0.192619017366711,0.224632858383382,0.903941719451432,1.55709294582437,-0.132966453698492,1,0.001,1.2282952,123,0.02624898001377427,-0.13296645369849225,0.3694877554447175
NSGAII,SP100,window_001,6,60,10,755,124,0.0262301197153401,0.0252301197153401,0.0540282429900416,0.0519419856804777,0.34684439274394,0.322934771021282,0.50519639307303,-0.232597954036534,1,0.001,1.2414712,124,0.04594927642028983,-0.23259795403653438,1.0
NSGAII,SP100,window_002,6,60,10,755,126,0.281113453404403,0.280113453404403,0.641251680493756,0.638690453586948,0.204356650599739,2.52758619831682,4.67502735755562,-0.0866487927523296,1,0.001,1.2567361,126,0.023319680026470713,-0.08664879275232973,0.6398969659904343
NSGAII,SP100,window_003,6,60,10,756,124,-0.241660348547227,-0.242660348547227,-0.430029777754429,-0.431556189076722,0.399566255709048,-1.20671809154209,-2.02440804488845,-0.266572273490094,1,0.001,1.2330353,124,0.050308286970055634,-0.2665722734900938,0.2838712809681068
NSGAII,SP100,window_004,6,60,10,756,125,-0.142256112555854,-0.143256112555854,-0.266079555623069,-0.267803505344569,0.294439986138997,-0.904035179197548,-1.47451362584087,-0.261376635011856,1,0.001,1.2455047,125,0.03664481015936497,-0.26137663501185604,0.32260457453668734
NSGAII,SP100,window_005,6,60,10,755,123,0.382760551256995,0.381760551256995,0.942493921785592,0.939616898425739,0.195136338623804,3.50376082268331,5.94053626758086,-0.092382510517842,1,0.001,1.2308464,123,0.022894604545610427,-0.0923825105178413,0.309602696638591
NSGAII,SP100,window_006,6,60,10,753,125,0.110302570639816,0.109302570639816,0.234837336059184,0.232596241475066,0.16776112980606,1.34080619742131,2.17219741897254,-0.0868118875246794,1,0.001,1.2583603,125,0.02035865683499327,-0.08681188752467883,0.46620728331597605
NSGAII,SP100,window_007,6,60,10,752,124,0.423704314307871,0.422704314307871,1.05016411715028,1.04723868377093,0.17285024970654,4.24465915890639,7.77343054068429,-0.0649651502444749,1,0.001,1.2508338,124,0.018413382624626187,-0.0649651502444748,0.37227081794793254
NSGAII,SP100,window_008,6,60,10,752,126,0.0082304131802017,0.0072304131802017,0.0165285660615204,0.0145131052351601,0.265537871701329,0.192727687112533,0.320186899564135,-0.151836607971642,1,0.001,1.26267,126,0.03233495733311706,-0.15183660797164145,0.17867341578826468
NSGAII,SP100,window_009,6,60,10,752,122,0.169212892912839,0.168212892912839,0.381144856520393,0.378705987909816,0.30982933340052,1.19649277292784,1.59271404323755,-0.186336626798898,1,0.001,1.2426191,122,0.04347536960956094,-0.18633662679889818,0.21488806945805683
NSGAII,SP100,window_010,6,60,10,750,126,0.18275003391256,0.18175003391256,0.398897642720161,0.396533142652336,0.190924364540816,1.8541727133559,2.69473244119137,-0.0794865822689643,1,0.001,1.2491707,126,0.025151875554521,-0.07948658226896421,0.591378943207568
NSGAII,SP100,window_011,6,60,10,751,123,0.0851163064996598,0.0841163064996598,0.182178700789162,0.179947737898347,0.215787014159995,0.882564087512643,1.52552536781153,-0.124445507343655,1,0.001,1.2530374,123,0.025192521141591033,-0.12444550734365445,0.44246303710203666
NSGAII,SP100,window_001,7,60,10,755,124,0.025966016451306,0.024966016451306,0.053477051599321,0.0513913487814084,0.348291698362416,0.321608815987673,0.495598496033401,-0.230164030127895,1,0.001,1.2624947,124,0.046652471120108764,-0.23016403012789488,1.0
NSGAII,SP100,window_002,7,60,10,755,126,0.254311258274915,0.253311258274915,0.573296732635201,0.57078911011865,0.198528468734568,2.3825322530035,4.44024128370058,-0.0860165973564396,1,0.001,1.3127889,126,0.022642625609290784,-0.08601659735643974,0.6564625339123554
NSGAII,SP100,window_003,7,60,10,756,124,-0.257449899260034,-0.258449899260034,-0.453888419566426,-0.455382013399624,0.411961952437312,-1.26183465026916,-2.14849358550812,-0.28050917209109,1,0.001,1.2462131,124,0.05112652684092459,-0.28050917209108994,0.38750990316887224
NSGAII,SP100,window_004,7,60,10,756,125,-0.132455944174799,-0.133455944174799,-0.249076420722023,-0.250820396111568,0.286137441458337,-0.858696753837448,-1.41176487548424,-0.249931038574778,1,0.001,1.2388342,125,0.03557778805194823,-0.24993103857477783,0.4011501795197145
NSGAII,SP100,window_005,7,60,10,755,123,0.372692484651579,0.371692484651579,0.913627495801344,0.910772446324752,0.194796549533259,3.43247466651136,5.74016520093274,-0.0907281059258161,1,0.001,1.2978421,123,0.023055866084954385,-0.09072810592581637,0.3310865901253915
NSGAII,SP100,window_006,7,60,10,753,125,0.107739664382887,0.106739664382887,0.229097729759101,0.226861893323624,0.165391720056501,1.32957757599247,2.1443843699514,-0.0891212534295417,1,0.001,1.2404511,125,0.020386479496396142,-0.08912125342954114,0.48580975607424304
NSGAII,SP100,window_007,7,60,10,752,124,0.43153166928834,0.43053166928834,1.07313583115209,1.07019378796024,0.168513262953049,4.41588688592446,8.03179946319761,-0.0628867083860808,1,0.001,1.2253909,124,0.018106833267085485,-0.06288670838608079,0.31327657423360494
NSGAII,SP100,window_008,7,60,10,752,126,-0.011054853126898,-0.012054853126898,-0.0219874964761387,-0.023964386769885,0.2584641316672,0.0415783603408207,0.0668849686478599,-0.150308899365924,1,0.001,1.2299963,126,0.03152020623831803,-0.1503088993659244,0.18165868157809528
NSGAII,SP100,window_009,7,60,10,752,122,0.186231835374183,0.185231835374183,0.422992886534241,0.420516155969231,0.305510277577439,1.30690617803747,1.71358085539806,-0.190081053787748,1,0.001,1.2336062,122,0.042671165825847575,-0.19008105378774742,0.2931247729271631
NSGAII,SP100,window_010,7,60,10,750,126,0.150301589756807,0.149301589756807,0.323193747397036,0.320894144217523,0.182109024612066,1.62913747582772,2.3353392150038,-0.0872842909721856,1,0.001,1.2513272,126,0.024274039687456627,-0.08728429097218604,0.6081089583959478
NSGAII,SP100,window_011,7,60,10,751,123,0.0800934996334395,0.0790934996334395,0.170994798062135,0.168774669404164,0.213400802141303,0.845490408124566,1.47855079494013,-0.12516179674085,1,0.001,1.2743873,123,0.024722871999707942,-0.1251617967408496,0.454002504770816
NSGAII,SP100,window_001,8,60,10,755,124,0.0313847469811745,0.0303847469811745,0.0648154274414141,0.0627183469375328,0.342323827759372,0.352604853869019,0.542884889085833,-0.223773351541318,1,0.001,1.25261,124,0.045589668096032473,-0.22377335154131794,1.0
NSGAII,SP100,window_002,8,60,10,755,126,0.297007052845093,0.296007052845093,0.682227295129913,0.679634281024223,0.208608467048939,2.59861275701079,4.84442225957361,-0.0799286423798432,1,0.001,1.2675489,126,0.0236835208813759,-0.07992864237984343,0.5939666312805553
NSGAII,SP100,window_003,8,60,10,756,124,-0.253994739576108,-0.254994739576108,-0.44871182196306,-0.450212595197984,0.409445905007589,-1.24919503301049,-2.15160758182983,-0.270196291312666,1,0.001,1.2169823,124,0.05076981363510328,-0.27019629131266676,0.3084188225097355
NSGAII,SP100,window_004,8,60,10,756,125,-0.130108361721845,-0.131108361721845,-0.24497426456802,-0.24672303754775,0.285781786554651,-0.841096033357562,-1.38945997845574,-0.245280216611383,1,0.001,1.2404269,125,0.0354005573816892,-0.245280216611383,0.3512387593170354
NSGAII,SP100,window_005,8,60,10,755,123,0.400964824777316,0.399964824777316,0.995249700112597,0.992332925545146,0.194465867805926,3.65332311975763,6.10236377357212,-0.0946432868793194,1,0.001,1.327646,123,0.0225980683044844,-0.09464328687931922,0.29614979499290894
NSGAII,SP100,window_006,8,60,10,753,125,0.113431873380886,0.112431873380886,0.241863655409466,0.23961614037436,0.168608134849715,1.36857551972628,2.23100890042339,-0.0906243529750925,1,0.001,1.2627083,125,0.0204115598556493,-0.09062435297509219,0.4359573157408836
NSGAII,SP100,window_007,8,60,10,752,124,0.426671617376595,0.425671617376595,1.05885725423367,1.05592552452051,0.174571133910376,4.22880736957267,7.70789696148929,-0.0646710480518564,1,0.001,1.208206,124,0.018415024144124457,-0.06467104805185608,0.3736362207752574
NSGAII,SP100,window_008,8,60,10,752,126,0.0019713840318669,0.0009713840318669,0.0039466544187349,0.0019437116506715,0.255569895538781,0.141562375155956,0.233859745448151,-0.148834527540066,1,0.001,1.2450062,126,0.03164827731311364,-0.14883452754006632,0.20393009794248182
NSGAII,SP100,window_009,8,60,10,752,122,0.193210284906765,0.192210284906765,0.440338596007065,0.437846330187038,0.303171105525228,1.35456615009227,1.77744690956184,-0.192079474760132,1,0.001,1.4580416,122,0.04217971710575214,-0.19207947476013254,0.30810311170168825
NSGAII,SP100,window_010,8,60,10,750,126,0.139473759619255,0.138473759619255,0.298400448860839,0.296122501341601,0.183059432608859,1.51821503218212,2.16927511446546,-0.091626154469111,1,0.001,1.2600292,126,0.02456616312147037,-0.09162615446911115,0.6339266142537071
NSGAII,SP100,window_011,8,60,10,751,123,0.0871594842808063,0.0861594842808063,0.186743661483072,0.18450829074118,0.228792323788443,0.861807674270442,1.47996169252324,-0.135898994323697,1,0.001,1.2626329,123,0.026783699997373716,-0.13589899432369734,0.33883133201670224
NSGAII,SP100,window_001,9,60,10,755,124,0.0227766879809119,0.0217766879809119,0.046832389941005,0.044753382836866,0.359535123186556,0.304690997799798,0.471280191459954,-0.235593623640592,1,0.001,1.2934375,124,0.047579843670088794,-0.235593623640592,1.0
NSGAII,SP100,window_002,9,60,10,755,126,0.210260907113959,0.209260907113959,0.464731463288303,0.462311941474075,0.184716807863306,2.15896826713551,3.91510395524719,-0.081021839829525,1,0.001,1.2848582,126,0.021197462816682045,-0.0810218398295256,0.6895312625980137
NSGAII,SP100,window_003,9,60,10,756,124,-0.241754434468754,-0.242754434468754,-0.430173480177043,-0.431699695882464,0.401563785583613,-1.19945554917911,-2.04372494014003,-0.270976947038956,1,0.001,1.2339062,124,0.049618587992086405,-0.2709769470389566,0.3191513593850908
NSGAII,SP100,window_004,9,60,10,756,125,-0.131293022976664,-0.132293022976664,-0.247045744623369,-0.248792096567747,0.28828732057941,-0.840801356414282,-1.36519167251605,-0.254585262940697,1,0.001,1.2501167,125,0.03597378996869864,-0.2545852629406966,0.30980306104761085
NSGAII,SP100,window_005,9,60,10,755,123,0.433623017397585,0.432623017397585,1.09170726205126,1.08871911142862,0.203319944552973,3.73567355048788,6.30092921731307,-0.097110356075721,1,0.001,1.3072482,123,0.022921850962405087,-0.09711035607572138,0.2962598571565611
NSGAII,SP100,window_006,9,60,10,753,125,0.10737835901014,0.10637835901014,0.228289673325036,0.226054578140721,0.166722635133406,1.31617168958811,2.14101262540793,-0.0896275817754005,1,0.001,1.2341083,125,0.020347365986768545,-0.08962758177540042,0.4525038504703094
NSGAII,SP100,window_007,9,60,10,752,124,0.404407717241672,0.403407717241672,0.994087724025698,0.991203225813695,0.172713664115157,4.08684011448168,7.37092294886709,-0.0630849713778773,1,0.001,1.2238136,124,0.01839083131032503,-0.06308497137787694,0.32835640259493687
NSGAII,SP100,window_008,9,60,10,752,126,0.0026791476486713,0.0016791476486713,0.0053654731294661,0.003361114834169,0.258400387588192,0.148139315456497,0.244616273689507,-0.147075332757415,1,0.001,1.2548066,126,0.0313035616043126,-0.1470753327574149,0.16474459277279208
NSGAII,SP100,window_009,9,60,10,752,122,0.182324657227079,0.181324657227079,0.413328499177626,0.410860464062283,0.297120718970146,1.31257494073005,1.70474288136357,-0.179120929450096,1,0.001,1.2076193,122,0.041593183614256415,-0.17912092945009583,0.281437820334321
NSGAII,SP100,window_010,9,60,10,750,126,0.169303376057843,0.168303376057843,0.36727038526027,0.364932778508154,0.184816172389871,1.78540739666994,2.56458799344272,-0.0828831781747397,1,0.001,1.2600241,126,0.024576834786122943,-0.08288317817473967,0.5620497730292219
NSGAII,SP100,window_011,9,60,10,751,123,0.0958963923738354,0.0948963923738354,0.206365670499493,0.204111446630597,0.218574706002443,0.966751439597284,1.64308508937726,-0.130601192112027,1,0.001,1.3286332,123,0.025230027250374615,-0.13060119211202714,0.3577874406332574
NSGAII,SP100,window_001,10,60,10,755,124,0.0321127869555307,0.0311127869555307,0.066343506801736,0.0642448974881049,0.337149527909566,0.357152145719316,0.548977663256913,-0.221581059068552,1,0.001,1.2734464,124,0.04519717321348937,-0.2215810590685514,1.0
NSGAII,SP100,window_002,10,60,10,755,126,0.290972579054111,0.289972579054111,0.666610199869623,0.664029254711515,0.207372452050587,2.56792093906884,4.77027289655138,-0.0800773246324622,1,0.001,1.2805832,126,0.023637620676741328,-0.08007732463246209,0.6014121452519181
NSGAII,SP100,window_003,10,60,10,756,124,-0.278235088429855,-0.279235088429855,-0.484505956169825,-0.4859563838349,0.429630505226902,-1.32668845631741,-2.2930873421663,-0.295584026407469,1,0.001,1.2250601,124,0.05302406662450191,-0.29558402640746906,0.37441758162036626
NSGAII,SP100,window_004,10,60,10,756,125,-0.158597650534813,-0.159597650534813,-0.293995449505672,-0.295686015088256,0.302565953298943,-0.999738983897698,-1.59018349128854,-0.284513416024784,1,0.001,1.2362596,125,0.03808524755778491,-0.2845134160247842,0.3887844197304731
NSGAII,SP100,window_005,10,60,10,755,123,0.413909231640463,0.412909231640463,1.03320278423534,1.03025772865095,0.197149447930963,3.70207824893566,6.12796557488908,-0.0959308039942754,1,0.001,1.3452702,123,0.022712365292330446,-0.095930803994275,0.34310900838521596
NSGAII,SP100,window_006,10,60,10,753,125,0.1130410232747,0.1120410232747,0.240984969670578,0.238738256566,0.173628107913964,1.32966213838195,2.18836488798526,-0.0903750023431498,1,0.001,1.3023181,125,0.020989152690571056,-0.09037500234314921,0.413385588004448
NSGAII,SP100,window_007,10,60,10,752,124,0.439208316217109,0.438208316217109,1.09579153988656,1.09283320384095,0.174350168184721,4.33622444883347,7.75502250664462,-0.0660206137217833,1,0.001,1.2169672,124,0.018856568525863558,-0.06602061372178347,0.343044553391455
NSGAII,SP100,window_008,10,60,10,752,126,-0.020485919317704,-0.021485919317704,-0.0405521657451167,-0.0425101939064813,0.237660640291429,-0.0567932345282007,-0.0904361125623416,-0.135997852711675,1,0.001,1.2814901,126,0.029690291175693845,-0.13599785271167408,0.22558745504685235
NSGAII,SP100,window_009,10,60,10,752,122,0.177185394417592,0.176185394417592,0.400668284831468,0.39821168430689,0.299673014893567,1.27378236574422,1.65797337976108,-0.182342870420179,1,0.001,1.2203063,122,0.04174049749115964,-0.18234287042017916,0.1927427324142586
NSGAII,SP100,window_010,10,60,10,750,126,0.16824491246685,0.16724491246685,0.364796175504678,0.362460685679744,0.184141987872488,1.78143390747801,2.58571777040081,-0.0816520227177789,1,0.001,1.2522246,126,0.02434100535922477,-0.08165202271777872,0.5843406970212992
NSGAII,SP100,window_011,10,60,10,751,123,0.0673651293027864,0.0663651293027864,0.14289713268221,0.140704448182076,0.219927809901206,0.716277908143342,1.21267388770904,-0.124955963592856,1,0.001,1.2173848,123,0.025834822483021484,-0.12495596359285632,0.4339075992949628
SPEA2,SP100,window_001,1,60,10,755,124,0.0283501560475319,0.0273501560475319,0.0584581282560681,0.0563674197084836,0.352198917883166,0.335270392441709,0.520682864701814,-0.231730404265809,1,0.001,5.0203103,124,0.0469711749603454,-0.2317304042658085,1.0
SPEA2,SP100,window_002,1,60,10,755,126,0.230554213058419,0.229554213058419,0.514263671275824,0.511803562849707,0.189158473503965,2.28864867685847,4.21301137727094,-0.0820787155986749,1,0.001,4.1877229,126,0.021423330872410256,-0.08207871559867486,0.6771626948988014
SPEA2,SP100,window_003,1,60,10,756,124,-0.219909940362788,-0.220909940362788,-0.396315137480886,-0.3978867915649,0.377475067135064,-1.14818818611253,-1.94905039331113,-0.259474883824557,1,0.001,4.2262526,124,0.04605739806533816,-0.25947488382455763,0.365834547409957
SPEA2,SP100,window_004,1,60,10,756,125,-0.145485791211243,-0.146485791211243,-0.271640002625032,-0.273357353620266,0.295016365633609,-0.927431799603273,-1.50654294393599,-0.265173707472689,1,0.001,4.1556543,125,0.0368403724727472,-0.26517370747268754,0.3462091341171948
SPEA2,SP100,window_005,1,60,10,755,123,0.367882791901961,0.366882791901961,0.899915576207737,0.897071021270079,0.191850481880077,3.44465257351957,5.69000832305443,-0.091004804493183,1,0.001,3.9556119,123,0.022927112121058385,-0.09100480449318304,0.34387807063865883
SPEA2,SP100,window_006,1,60,10,753,125,0.097446757673106,0.096446757673106,0.206182587957216,0.203967866845284,0.170489136964223,1.18420021299508,1.88682892518872,-0.0963771905780428,1,0.001,3.7899133,125,0.02088737137478393,-0.09637719057804273,0.43957369634858207
SPEA2,SP100,window_007,1,60,10,752,124,0.431373269429006,0.430373269429006,1.07266967046886,1.06972796343397,0.168409342037854,4.41717951540903,7.99889428724691,-0.0635354478053737,1,0.001,3.4137419,124,0.018034344867490056,-0.06353544780537324,0.37049379312916336
SPEA2,SP100,window_008,1,60,10,752,126,-0.0070677369669157,-0.0080677369669157,-0.014085521027998,-0.0160703855540641,0.246305159934478,0.0639468150953331,0.105542646782156,-0.143144257905834,1,0.001,3.7522286,126,0.030289951566185185,-0.14314425790583385,0.164001343388936
SPEA2,SP100,window_009,1,60,10,752,122,0.165650067838806,0.164650067838806,0.37246574560578,0.370034798635851,0.295063496659857,1.22015545147782,1.57093396985668,-0.179026006616828,1,0.001,3.7249895,122,0.041772405299958695,-0.17902600661682777,0.2387345439824956
SPEA2,SP100,window_010,1,60,10,750,126,0.179580476893505,0.178580476893505,0.391410101468308,0.38905194051452,0.187584896742948,1.85516587136708,2.75028805684294,-0.0800945603248759,1,0.001,3.9661772,126,0.02436053181401464,-0.08009456032487539,0.6216921068934522
SPEA2,SP100,window_011,1,60,10,751,123,0.0876090446678346,0.0866090446678346,0.187749298596097,0.185512957940484,0.226955347278063,0.870673192564075,1.47613243033319,-0.132733652195016,1,0.001,4.0901077,123,0.02668319627251262,-0.13273365219501643,0.3986039672736468
SPEA2,SP100,window_001,2,60,10,755,124,0.0200425794921566,0.0190425794921566,0.0411531355105577,0.0390798678896556,0.363211926184396,0.290340157408178,0.449110605895669,-0.237870809512702,1,0.001,4.2104018,124,0.04846643179058251,-0.23787080951270223,1.0
SPEA2,SP100,window_002,2,60,10,755,126,0.272695710599547,0.271695710599547,0.619754371778485,0.617209980357286,0.201534325364731,2.49466143887312,4.5803315344532,-0.0852684423175259,1,0.001,4.1950285,126,0.022946285471608898,-0.0852684423175255,0.6470567848326747
SPEA2,SP100,window_003,2,60,10,756,124,-0.258468567233192,-0.259468567233192,-0.455409876013888,-0.456901353384491,0.412868460758286,-1.26488541799799,-2.14665399010501,-0.276100234047201,1,0.001,4.0430818,124,0.05176143833647099,-0.2761002340472004,0.3195274476286371
SPEA2,SP100,window_004,2,60,10,756,125,-0.127514738860315,-0.128514738860315,-0.240429082771975,-0.242183156398459,0.283810260006836,-0.827778759625163,-1.3717097061382,-0.242731891129985,1,0.001,4.3518423,125,0.035120006127507285,-0.24273189112998494,0.38270181704915507
SPEA2,SP100,window_005,2,60,10,755,123,0.367139248400324,0.366139248400324,0.897800317852357,0.894957385133516,0.19470850493664,3.39117985304836,5.61492155349219,-0.0902283691719756,1,0.001,4.0675166,123,0.02312323150243702,-0.09022836917197585,0.31690892781926194
SPEA2,SP100,window_006,2,60,10,753,125,0.102440661592251,0.101440661592251,0.217273393838502,0.215048428405532,0.164642336385458,1.2760954105322,2.02918381267325,-0.0898026498549525,1,0.001,3.5986549,125,0.02012253203020657,-0.08980264985495356,0.4668684064358638
SPEA2,SP100,window_007,2,60,10,752,124,0.430740474365554,0.429740474365554,1.07080792621618,1.06786756209008,0.174726730403479,4.25841229302699,7.71526425882927,-0.0648934153587436,1,0.001,3.3614755,124,0.018636870317982758,-0.06489341535874338,0.3919397511822779
SPEA2,SP100,window_008,2,60,10,752,126,0.0043684088234832,0.0033684088234832,0.0087559006426154,0.0067481638249686,0.258947306413981,0.161532139754991,0.260509849317943,-0.141799229914036,1,0.001,3.6297816,126,0.031885643852737997,-0.14179922991403648,0.14987054363765762
SPEA2,SP100,window_009,2,60,10,752,122,0.184741366212334,0.183741366212334,0.419302209533022,0.416828796238555,0.298389746732073,1.32240267001157,1.69389073095818,-0.183661351432183,1,0.001,3.5914616,122,0.041921157765816244,-0.1836613514321832,0.21963111272234784
SPEA2,SP100,window_010,2,60,10,750,126,0.130075682422776,0.129075682422776,0.277071048003302,0.274811896638457,0.18547214348482,1.41148827966954,2.00993816800096,-0.0942091477471143,1,0.001,3.8054905,126,0.025138184786685083,-0.09420914774711431,0.5568158313679785
SPEA2,SP100,window_011,2,60,10,751,123,0.0943834495465525,0.0933834495465525,0.202955996128297,0.20070503752276,0.220031222761938,0.948954611567405,1.63318113804584,-0.131699182649681,1,0.001,4.1110042,123,0.026033463726304298,-0.13169918264968083,0.46733326500621014
SPEA2,SP100,window_001,3,60,10,755,124,0.0375135122603678,0.0365135122603678,0.0777138170949476,0.0756038657234341,0.332547381421968,0.38936631659923,0.602858517704074,-0.218324667336053,1,0.001,4.0121824,124,0.04412983045447228,-0.21832466733605316,1.0
SPEA2,SP100,window_002,3,60,10,755,126,0.224091069131551,0.223091069131551,0.498398945527622,0.495951763389359,0.190362551605626,2.21998831764109,4.00858683214082,-0.083492680401101,1,0.001,4.1915693,126,0.02196935679012971,-0.0834926804011017,0.6550454088602086
SPEA2,SP100,window_003,3,60,10,756,124,-0.250619399360068,-0.251619399360068,-0.443630856376489,-0.445138644194553,0.404668069518321,-1.24608317923183,-2.13636597072297,-0.270028451673456,1,0.001,4.2240453,124,0.05034292088202609,-0.2700284516734561,0.27126141491594974
SPEA2,SP100,window_004,3,60,10,756,125,-0.141661288043991,-0.142661288043991,-0.265053138926798,-0.266778304008952,0.291597115689514,-0.9108906441924,-1.48322569379527,-0.26102891365746,1,0.001,4.2106686,125,0.03643166616584536,-0.2610289136574585,0.3476209677214998
SPEA2,SP100,window_005,3,60,10,755,123,0.388302085186923,0.387302085186923,0.958476612752728,0.955587491479264,0.196782309580595,3.51782371479485,5.85965025859535,-0.092312537380613,1,0.001,3.987382,123,0.022887289447551314,-0.0923125373806124,0.3245398318778091
SPEA2,SP100,window_006,3,60,10,753,125,0.0977494970857768,0.0967494970857768,0.206853475832293,0.204638133712459,0.172664352494846,1.17458334983112,1.90271644840468,-0.0978091849394429,1,0.001,3.4098914,125,0.021247938682512024,-0.09780918493944235,0.4098767130584963
SPEA2,SP100,window_007,3,60,10,752,124,0.413582076540457,0.412582076540457,1.02065014012312,1.01774618197466,0.172131310620343,4.17719085755493,7.50436573402772,-0.0637733233010136,1,0.001,3.5350954,124,0.0183739903787641,-0.06377332330101348,0.3641698298791809
SPEA2,SP100,window_008,3,60,10,752,126,-0.0073526281725396,-0.0083526281725396,-0.0146511952040357,-0.0166354899476907,0.253814018448511,0.0670962779398002,0.108941322713341,-0.149069555676557,1,0.001,3.800955,126,0.030736664981593657,-0.14906955567655655,0.2002947884809229
SPEA2,SP100,window_009,3,60,10,752,122,0.17946700566152,0.17846700566152,0.406281620942592,0.403819944355779,0.306584799450548,1.26487359887242,1.6492204390337,-0.188065385578954,1,0.001,4.007829,122,0.04321864208236327,-0.18806538557895425,0.24283678647502338
SPEA2,SP100,window_010,3,60,10,750,126,0.139228344475126,0.138228344475126,0.297841220855536,0.295563764166585,0.184687557688635,1.50411910592186,2.14469535908703,-0.0911564883786223,1,0.001,4.0160243,126,0.0250406095638016,-0.09115648837862234,0.6193630985007171
SPEA2,SP100,window_011,3,60,10,751,123,0.099470243144189,0.098470243144189,0.214439571282355,0.212177633384382,0.227709572034042,0.966173173416496,1.64716492063019,-0.135932725550815,1,0.001,3.9711976,123,0.02683884028272887,-0.13593272555081526,0.3541950677692152
SPEA2,SP100,window_001,4,60,10,755,124,0.0299018544481489,0.0289018544481489,0.0617064342499132,0.0596124675614862,0.347792032971129,0.344000056550224,0.531395068263065,-0.230156430627422,1,0.001,4.1722961,124,0.04643202874555767,-0.23015643062742153,1.0
SPEA2,SP100,window_002,4,60,10,755,126,0.250466708846776,0.249466708846776,0.563666989934087,0.561167056516393,0.199208070544338,2.34434562236795,4.29531752081646,-0.0816692212984415,1,0.001,4.2413598,126,0.023105067658951615,-0.08166922129844156,0.6138723395093013
SPEA2,SP100,window_003,4,60,10,756,124,-0.265200961470459,-0.266200961470459,-0.46541100257621,-0.466888494574614,0.419342716207081,-1.28315804841357,-2.2166643026911,-0.281480619313909,1,0.001,4.14142,124,0.05220879300770587,-0.28148061931390844,0.29847703646640655
SPEA2,SP100,window_004,4,60,10,756,125,-0.127991232519592,-0.128991232519592,-0.241265142639758,-0.243018242426243,0.288204349803903,-0.814657572279079,-1.34518538074587,-0.243353885530322,1,0.001,4.0708943,125,0.03545366283200493,-0.24335388553032267,0.3744486346857648
SPEA2,SP100,window_005,4,60,10,755,123,0.373360023374625,0.372360023374625,0.91553456642257,0.912678060263768,0.194445854803166,3.44345558227162,5.77037581446449,-0.090368181023275,1,0.001,3.9911006,123,0.02295312459532417,-0.09036818102327482,0.27645229708538255
SPEA2,SP100,window_006,4,60,10,753,125,0.101113020407206,0.100113020407206,0.214319884270421,0.212097642387093,0.162847741554543,1.273502614983,1.98940191358366,-0.0913486103776037,1,0.001,3.5430346,125,0.01986724917622607,-0.09134861037760356,0.5087040469125554
SPEA2,SP100,window_007,4,60,10,752,124,0.390840271846459,0.389840271846459,0.955133249168189,0.952277521638882,0.174367451947925,3.93625735564271,7.16589425087742,-0.0639977573953971,1,0.001,3.4210372,124,0.018481667059444703,-0.06399775739539693,0.43707494148825654
SPEA2,SP100,window_008,4,60,10,752,126,0.0118632121147786,0.0108632121147786,0.0238671600312375,0.0218444336070081,0.267100383131816,0.220002364957004,0.368986915958335,-0.152094123828767,1,0.001,3.6221455,126,0.03228788128438836,-0.15209412382876653,0.21492287843830088
SPEA2,SP100,window_009,4,60,10,752,122,0.195060940078145,0.194060940078145,0.444956794200808,0.442460407495686,0.305681345474614,1.35658404220522,1.75487195514117,-0.191548645974482,1,0.001,3.7419297,122,0.042725654760736774,-0.19154864597448207,0.2747388075790278
SPEA2,SP100,window_010,4,60,10,750,126,0.126665210220967,0.125665210220967,0.269374495922257,0.267122165501815,0.189786900507592,1.35178287397541,1.92012407320739,-0.0934480993861126,1,0.001,4.053303,126,0.026223573739117656,-0.09344809938611254,0.6346805206736318
SPEA2,SP100,window_011,4,60,10,751,123,0.0920237313913903,0.0910237313913903,0.197647830407821,0.195401964153183,0.230886086626999,0.895672489041307,1.52970488420878,-0.136222884932272,1,0.001,3.9287967,123,0.026982243558219814,-0.13622288493227208,0.41849668575429266
SPEA2,SP100,window_001,5,60,10,755,124,0.0337118207700571,0.0327118207700571,0.0697036177311492,0.0676016504873327,0.33662177175129,0.366398542434387,0.570390390552425,-0.221983737074138,1,0.001,4.025141,124,0.044540733696146424,-0.2219837370741381,1.0
SPEA2,SP100,window_002,5,60,10,755,126,0.228302178044646,0.227302178044646,0.508726240589222,0.506270636233132,0.190549141542875,2.25409709622829,4.09002929681923,-0.0830528036929881,1,0.001,4.0892365,126,0.021981072910715056,-0.08305280369298951,0.6566466866365398
SPEA2,SP100,window_003,5,60,10,756,124,-0.255971823297921,-0.256971823297921,-0.451676969190314,-0.453173634153958,0.412124605396908,-1.25133150672742,-2.11104692874211,-0.278613496514626,1,0.001,4.3169858,124,0.05188388466865041,-0.2786134965146262,0.3261820205068862
SPEA2,SP100,window_004,5,60,10,756,125,-0.119617506352894,-0.120617506352894,-0.226504950538861,-0.228275165471611,0.280814044510768,-0.775016100890899,-1.29553423809582,-0.231729203018128,1,0.001,4.2288494,125,0.03451133672588673,-0.2317292030181265,0.3352533299400523
SPEA2,SP100,window_005,5,60,10,755,123,0.376027193387015,0.375027193387015,0.923164026375781,0.920301699656994,0.194219140480651,3.46776378548212,5.8864971017357,-0.0911913081729306,1,0.001,4.1463952,123,0.02285406065556003,-0.09119130817293075,0.28181925693315485
SPEA2,SP100,window_006,5,60,10,753,125,0.103891264317733,0.102891264317733,0.220504581075401,0.21827663978701,0.167754389050149,1.27119591091053,2.05066139573462,-0.0949851368261179,1,0.001,3.4808304,125,0.020157058359333072,-0.0949851368261172,0.47714357907920474
SPEA2,SP100,window_007,5,60,10,752,124,0.423033206757897,0.422033206757897,1.0482006025549,1.04527659314302,0.168231904066393,4.35086611507411,7.98790989348108,-0.0629448428901991,1,0.001,3.7676972,124,0.017983082935307627,-0.06294484289019897,0.36596280985802493
SPEA2,SP100,window_008,5,60,10,752,126,-0.0025559724176048,-0.0035559724176048,-0.0051054118402101,-0.0070992998953749,0.242580613980853,0.0986520656582128,0.158044169296914,-0.13452763208632,1,0.001,3.7542522,126,0.029761588882139173,-0.13452763208632013,0.17757097891363732
SPEA2,SP100,window_009,5,60,10,752,122,0.190155225633012,0.189155225633012,0.432731565547397,0.430246101561773,0.297067092891514,1.35869109499295,1.75383890055046,-0.184544829897387,1,0.001,3.5004947,122,0.04132883745351919,-0.18454482989738652,0.19953780882581285
SPEA2,SP100,window_010,5,60,10,750,126,0.145234018721778,0.144234018721778,0.311560957637634,0.30927148960019,0.183316492702274,1.57140312262128,2.23979367534105,-0.0830184217919308,1,0.001,4.0676982,126,0.02465276714031631,-0.08301842179193109,0.5744017580166343
SPEA2,SP100,window_011,5,60,10,751,123,0.0789212172025278,0.0779212172025278,0.168392398033737,0.166174797644473,0.219129792697245,0.818827227393232,1.36808730349755,-0.126923348635509,1,0.001,3.8201215,123,0.025557176561276682,-0.1269233486355088,0.4268304211222418
SPEA2,SP100,window_001,6,60,10,755,124,0.0321628424143052,0.0311628424143052,0.0664486088410428,0.0643498944147702,0.340672717794194,0.357167067126077,0.552888911821823,-0.224956740130534,1,0.001,4.029187,124,0.045490449515162,-0.22495674013053346,1.0
SPEA2,SP100,window_002,6,60,10,755,126,0.223176760911014,0.222176760911014,0.496161388432761,0.493716034910939,0.187624389361084,2.24166017173858,4.01131250401395,-0.0830836960346758,1,0.001,4.094872,126,0.021478577782891077,-0.08308369603467591,0.6848418657373554
SPEA2,SP100,window_003,6,60,10,756,124,-0.241035775616591,-0.242035775616591,-0.429075367733047,-0.430603077643581,0.392138910323879,-1.23273978548699,-2.06701212202431,-0.267770948015666,1,0.001,3.9769552,124,0.049157755281885145,-0.2677709480156655,0.39648310115401764
SPEA2,SP100,window_004,6,60,10,756,125,-0.139783724395834,-0.140783724395834,-0.261808511990651,-0.26353751344728,0.29093768165362,-0.898509196207879,-1.46870365913753,-0.258165597694934,1,0.001,4.3838941,125,0.03627067542580592,-0.25816559769493386,0.42883846440209256
SPEA2,SP100,window_005,6,60,10,755,123,0.404309696307467,0.403309696307467,1.00502180939629,1.00209772815067,0.196503760944807,3.64238206817038,6.18252710248881,-0.0951306894285062,1,0.001,4.0240964,123,0.022606402385437645,-0.09513068942850644,0.3124362878596841
SPEA2,SP100,window_006,6,60,10,753,125,0.109867306238146,0.108867306238146,0.233861615205694,0.231621413639044,0.16399211468066,1.36307891975685,2.17359616701706,-0.088535290046631,1,0.001,3.4026548,125,0.019800095515096944,-0.08853529004663074,0.5188515116746383
SPEA2,SP100,window_007,6,60,10,752,124,0.475881343149061,0.474881343149061,1.20574933992852,1.20271313089128,0.176523760041657,4.57551430322851,8.02159191719431,-0.0657029294898533,1,0.001,3.5249312,124,0.019396445666387645,-0.06570292948985312,0.2816266837449508
SPEA2,SP100,window_008,6,60,10,752,126,-0.0010467363397197,-0.0020467363397197,-0.0020923770224745,-0.0040892835497952,0.26429696143863,0.122390061543419,0.202310503455632,-0.151417050942684,1,0.001,3.6316604,126,0.03187935581396437,-0.1514170509426841,0.12747043429137425
SPEA2,SP100,window_009,6,60,10,752,122,0.180755834939061,0.179755834939061,0.409457583553792,0.406993039332341,0.315133166881432,1.24592806950427,1.64649468785529,-0.199872620708342,1,0.001,3.6996977,122,0.044070940367503794,-0.19987262070834166,0.22597078374028368
SPEA2,SP100,window_010,6,60,10,750,126,0.146444348479432,0.145444348479432,0.314334644160429,0.31204275546347,0.18080176969086,1.60242152954015,2.28495058613939,-0.0868584222090708,1,0.001,4.1075404,126,0.024294911884834843,-0.08685842220907092,0.6022605268827106
SPEA2,SP100,window_011,6,60,10,751,123,0.091200770109015,0.0902007701090149,0.195799412235462,0.193555321832624,0.222861592454266,0.91288826975795,1.54384510997324,-0.132797274440492,1,0.001,3.7424473,123,0.02630090999737219,-0.1327972744404915,0.3823937404914356
SPEA2,SP100,window_001,7,60,10,755,124,0.0124682834969929,0.0114682834969929,0.0255018526256967,0.0234444824884061,0.373979813828194,0.25199517678362,0.38983635549575,-0.246469390991376,1,0.001,3.931742,124,0.05027929639696572,-0.24646939099137644,1.0
SPEA2,SP100,window_002,7,60,10,755,126,0.238449494113967,0.237449494113967,0.53375714947114,0.531281250482913,0.192828276185225,2.31506930415616,4.29688675772694,-0.0821729794499479,1,0.001,3.9358425,126,0.021751211614335488,-0.0821729794499465,0.6736315482400395
SPEA2,SP100,window_003,7,60,10,756,124,-0.257781044686613,-0.258781044686613,-0.454383246429469,-0.455876152239281,0.407918475790991,-1.28069018799792,-2.21606303098843,-0.274666200806231,1,0.001,4.0297247,124,0.05036637060200518,-0.27466620080623017,0.3355669304523805
SPEA2,SP100,window_004,7,60,10,756,125,-0.152281725777427,-0.153281725777427,-0.283270771760593,-0.284974238930393,0.303038722785598,-0.948053670572364,-1.53055503747668,-0.274256264099239,1,0.001,4.2636816,125,0.03780161853297422,-0.2742562640992393,0.4010762475633128
SPEA2,SP100,window_005,7,60,10,755,123,0.365509885569383,0.364509885569383,0.893169267563678,0.890329889540808,0.191653502185148,3.42939030011302,5.65538709478445,-0.0908762970615618,1,0.001,4.0934421,123,0.022951529373442213,-0.09087629706156164,0.3223037254708051
SPEA2,SP100,window_006,7,60,10,753,125,0.103284428055934,0.102284428055934,0.219152340785006,0.216925644405371,0.165759596893616,1.27779721604176,2.08142910738518,-0.0922384899959379,1,0.001,3.4442463,125,0.019951921165949998,-0.09223848999593753,0.44383768755502734
SPEA2,SP100,window_007,7,60,10,752,124,0.471594579974635,0.470594579974635,1.19274879566069,1.18972169256346,0.170345056470047,4.70047124565841,8.32568789681661,-0.0629717639701978,1,0.001,3.5099367,124,0.01861224470791084,-0.06297176397019777,0.3293272698209878
SPEA2,SP100,window_008,7,60,10,752,126,-0.0075981953670404,-0.0085981953670404,-0.0151386581612452,-0.017122461770511,0.257204580679633,0.0676523690577169,0.110844631783773,-0.151384546895861,1,0.001,3.6074953,126,0.03173288499154719,-0.15138454689586023,0.1110279763063646
SPEA2,SP100,window_009,7,60,10,752,122,0.167410277374228,0.166410277374228,0.376750122614926,0.374315262165976,0.295869288510826,1.22814270094089,1.58041129721356,-0.179509293804111,1,0.001,3.5562468,122,0.041727687636602194,-0.17950929380411096,0.24249446299226324
SPEA2,SP100,window_010,7,60,10,750,126,0.152942853605466,0.151942853605466,0.329277223679914,0.326972337972703,0.181788465994819,1.6569483454838,2.37726920613661,-0.0870628987566163,1,0.001,3.9719379,126,0.024358152266203227,-0.08706289875661555,0.5780965823892116
SPEA2,SP100,window_011,7,60,10,751,123,0.0867055918791346,0.0857055918791346,0.18572877630028,0.183494384798449,0.215838098336976,0.896314436400539,1.55554334185698,-0.126190957082169,1,0.001,3.8835257,123,0.025181754067944928,-0.12619095708216865,0.47337501789478664
SPEA2,SP100,window_001,8,60,10,755,124,0.0313327151407119,0.0303327151407119,0.0647062606953055,0.0626092894516537,0.347362448017572,0.352021817112934,0.550685139312205,-0.226135757304399,1,0.001,3.8728146,124,0.04575280934917888,-0.2261357573043986,1.0
SPEA2,SP100,window_002,8,60,10,755,126,0.287332270225151,0.286332270225151,0.65722437396304,0.65465070942259,0.208035866546727,2.53319013102158,4.65294776150929,-0.0871344958146447,1,0.001,4.0982279,126,0.02406216619409236,-0.08713449581464461,0.6089037653146964
SPEA2,SP100,window_003,8,60,10,756,124,-0.254938566424541,-0.255938566424541,-0.450128347121558,-0.45162715909228,0.406839419845064,-1.26606604885181,-2.16933419464627,-0.283566624262478,1,0.001,4.2734006,124,0.05014132444355999,-0.2835666242624779,0.3648076439795107
SPEA2,SP100,window_004,8,60,10,756,125,-0.1496048279119,-0.1506048279119,-0.278700710469387,-0.280409646223697,0.295607733717473,-0.957888111174475,-1.54390218756201,-0.271337419226544,1,0.001,4.4590651,125,0.03712732229610934,-0.2713374192265443,0.3369427228406834
SPEA2,SP100,window_005,8,60,10,755,123,0.417484117197344,0.416484117197344,1.04374889166305,1.04079602341581,0.200041812796349,3.67733182381269,6.09877943896211,-0.0955773277137727,1,0.001,4.1365783,123,0.022810805004009702,-0.09557732771377292,0.3276821581034239
SPEA2,SP100,window_006,8,60,10,753,125,0.110103488274703,0.109103488274703,0.23439101008052,0.232150323947752,0.167976400951225,1.33718095940745,2.12918366202185,-0.0903982730915948,1,0.001,3.3406481,125,0.020111762481608227,-0.0903982730915942,0.4906151811615526
SPEA2,SP100,window_007,8,60,10,752,124,0.411147623157724,0.410147623157724,1.01358429331521,1.01068549933802,0.172322437018927,4.15237106349197,7.55339574231714,-0.0644787451206812,1,0.001,3.4830232,124,0.018339703456044857,-0.06447874512068152,0.36192103820140353
SPEA2,SP100,window_008,8,60,10,752,126,0.0196316073499165,0.0186316073499165,0.0396486147069743,0.0376103514922748,0.264118635220229,0.277403460695673,0.465452560941844,-0.147933571062113,1,0.001,3.6408285,126,0.03190535349539392,-0.14793357106211225,0.1841738569133441
SPEA2,SP100,window_009,8,60,10,752,122,0.164219349057578,0.163219349057578,0.36898842911512,0.366560662780872,0.299770588976074,1.19695943925247,1.56002331424156,-0.189639026152088,1,0.001,3.7317186,122,0.04197229033888637,-0.18963902615208783,0.2180689432308444
SPEA2,SP100,window_010,8,60,10,750,126,0.160957891313513,0.159957891313513,0.347823225403119,0.345502309620492,0.186913830405933,1.69073639367957,2.46876978981673,-0.087420849503059,1,0.001,3.989612,126,0.02482703702541626,-0.08742084950305884,0.6621948284739789
SPEA2,SP100,window_011,8,60,10,751,123,0.094418676889082,0.093418676889082,0.203035330770414,0.200784296139029,0.21849403794612,0.954379402435847,1.62543629013834,-0.130642047466898,1,0.001,3.9223843,123,0.025815319106259227,-0.13064204746689856,0.43376587799190425
SPEA2,SP100,window_001,9,60,10,755,124,0.0298943878948945,0.0288943878948945,0.0616907917555647,0.0595968407452303,0.346878436717934,0.343883137198644,0.527618317767676,-0.226611458336043,1,0.001,3.9805307,124,0.046183649146747614,-0.22661145833604235,1.0
SPEA2,SP100,window_002,9,60,10,755,126,0.293500205407325,0.292500205407325,0.673142781388793,0.670556780977978,0.210294902274345,2.55365156565106,4.82500613321908,-0.0827746282015844,1,0.001,4.1499909,126,0.024016192471330817,-0.08277462820158443,0.595879289994499
SPEA2,SP100,window_003,9,60,10,756,124,-0.250082637647914,-0.251082637647914,-0.44282067640906,-0.444329579811648,0.410978290061571,-1.21718763613284,-2.07299212248341,-0.277848329026225,1,0.001,4.1255582,124,0.0507578866859187,-0.27784832902622514,0.3447192646071295
SPEA2,SP100,window_004,9,60,10,756,125,-0.131594436600753,-0.132594436600753,-0.247572334048984,-0.249318070017236,0.287442963938442,-0.84656916538652,-1.39767319929259,-0.247597779670061,1,0.001,4.3979105,125,0.035673729405670304,-0.24759777967006014,0.33000784179966114
SPEA2,SP100,window_005,9,60,10,755,123,0.355874830877128,0.354874830877128,0.865902448194576,0.863084086229744,0.194031140847628,3.31477238670996,5.48206049482791,-0.0887685246857722,1,0.001,3.8877596,123,0.0232286709144881,-0.08876852468577223,0.3160377264161497
SPEA2,SP100,window_006,9,60,10,753,125,0.112034173451244,0.111034173451244,0.238722874053072,0.236478226741701,0.163157808674555,1.39330143730932,2.24465820452391,-0.0883272791589504,1,0.001,3.4858489,125,0.019656273322790484,-0.08832727915894967,0.4865080260274579
SPEA2,SP100,window_007,9,60,10,752,124,0.387287795291975,0.386287795291975,0.944997956581528,0.942149760825819,0.161009144031469,4.21678397245105,7.71945204538242,-0.0622347388788314,1,0.001,3.5902926,124,0.01716165354161186,-0.062234738878831464,0.3336101516958783
SPEA2,SP100,window_008,9,60,10,752,126,-0.0021742610993791,-0.0031742610993791,-0.0043437947874299,-0.0063384462652312,0.257252692918543,0.110085117430634,0.177162411466911,-0.143381735131232,1,0.001,3.6462209,126,0.03155883516924666,-0.1433817351312313,0.20072030668459911
SPEA2,SP100,window_009,9,60,10,752,122,0.158717292222836,0.157717292222836,0.355658250835009,0.353242713749943,0.292005779728887,1.18762163406843,1.53361963699693,-0.177219867762586,1,0.001,3.5007734,122,0.04112230337268485,-0.17721986776258614,0.22247141660446848
SPEA2,SP100,window_010,9,60,10,750,126,0.124083996763816,0.123083996763816,0.263564831780515,0.261317663786988,0.192133774406735,1.31373171364275,1.85297281192442,-0.0951983847541277,1,0.001,3.998737,126,0.0267941219084088,-0.09519838475412723,0.675573316201193
SPEA2,SP100,window_011,9,60,10,751,123,0.085485087675617,0.084485087675617,0.183001982384183,0.180770223932962,0.222733848819607,0.864969601788106,1.51609727243052,-0.131685407712454,1,0.001,4.0785601,123,0.0263121360971399,-0.13168540771245452,0.43397419045266694
SPEA2,SP100,window_001,10,60,10,755,124,0.0278250418706427,0.0268250418706427,0.0573600057609005,0.0552703997730708,0.346643854116608,0.332232755812108,0.506676066507351,-0.229668613711159,1,0.001,4.0780266,124,0.04672971401530319,-0.22966861371115854,1.0
SPEA2,SP100,window_002,10,60,10,755,126,0.272377486073585,0.271377486073585,0.618944467066937,0.61640071209479,0.202635861402899,2.47967761618712,4.60571649662889,-0.0849964138832368,1,0.001,3.9800395,126,0.023141037839011086,-0.0849964138832362,0.6381250937793883
SPEA2,SP100,window_003,10,60,10,756,124,-0.236016545876691,-0.237016545876691,-0.421376030133127,-0.422914177085062,0.401787815037454,-1.16052008678622,-1.96427260104182,-0.269986220425157,1,0.001,4.0577502,124,0.04941518023726521,-0.2699862204251573,0.31943762388664704
SPEA2,SP100,window_004,10,60,10,756,125,-0.137320095203374,-0.138320095203374,-0.2575401754928,-0.259274211018917,0.289637180587989,-0.883953922300628,-1.44940987622724,-0.254993422327817,1,0.001,4.5537335,125,0.036031170721930475,-0.2549934223278174,0.30324420347563885
SPEA2,SP100,window_005,10,60,10,755,123,0.363147414605617,0.362147414605617,0.886464830391411,0.883630606080639,0.193768960596974,3.37569323822722,5.57257309651129,-0.0898997216426721,1,0.001,3.8890543,123,0.023116800907604533,-0.08989972164267135,0.32940100095325003
SPEA2,SP100,window_006,10,60,10,753,125,0.11121330543492,0.11021330543492,0.236880164020889,0.234637200894416,0.167947782153856,1.34933513029956,2.1894575970463,-0.0887828717017446,1,0.001,3.6275049,125,0.020287041347021716,-0.08878287170174326,0.4838111822662772
SPEA2,SP100,window_007,10,60,10,752,124,0.438927079417754,0.437927079417754,1.09495933239386,1.09200159329255,0.174526927935976,4.32972456237225,7.75373681965914,-0.0656261672427303,1,0.001,3.3522561,124,0.0188225271520377,-0.06562616724272996,0.32982996386051877
SPEA2,SP100,window_008,10,60,10,752,126,-0.0043789831455475,-0.0053789831455475,-0.008738790797706,-0.0107290328314149,0.251284795353202,0.0892164803132396,0.142486169266394,-0.140350509134566,1,0.001,3.7228238,126,0.031439378440504456,-0.14035050913456582,0.20556906281104448
SPEA2,SP100,window_009,10,60,10,752,122,0.184287394884942,0.183287394884942,0.418179074978458,0.415706672013291,0.300322992384349,1.31306692946064,1.7051304219079,-0.18525763735306,1,0.001,3.5084384,122,0.041998260257448315,-0.18525763735305956,0.23705973465110425
SPEA2,SP100,window_010,10,60,10,750,126,0.148673936368184,0.147673936368184,0.319451812091578,0.317155464218841,0.180224295311448,1.62855602473924,2.3258452012293,-0.0888014369183855,1,0.001,4.0340327,126,0.02414013733964587,-0.08880143691838494,0.6045185391817529
SPEA2,SP100,window_011,10,60,10,751,123,0.0901999829749331,0.0891999829749331,0.193553556282502,0.191311625370261,0.220483453385302,0.911824699602003,1.57906168594815,-0.130486808776559,1,0.001,3.8077175,123,0.025588202362333223,-0.13048680877655894,0.3831927008740577
A_MPMO,TAIWAN50,window_001,1,49,10,730,115,0.230062770830588,0.229062770830588,0.57419318233916,0.571390182271834,0.247731126196661,1.95548793938329,3.28993511415132,-0.126165959242515,1,0.001,2.1526534,115,0.029904508776671168,-0.12616595924251495,1.0
A_MPMO,TAIWAN50,window_002,1,49,10,729,126,0.0179531505504957,0.0169531505504957,0.0362286167156802,0.0341937104145791,0.29423073874938,0.267299404789626,0.401180489567575,-0.229181319188752,1,0.001,2.0976837,126,0.038974196396162286,-0.22918131918875195,0.5326809313394584
A_MPMO,TAIWAN50,window_003,1,49,10,728,117,-0.290461632004948,-0.291461632004948,-0.522443256019621,-0.523891729457228,0.277014664082657,-2.52613525843811,-3.80706155045797,-0.299315141264103,1,0.001,2.1702571,117,0.040124622161354935,-0.29931514126410264,0.4624227386136896
A_MPMO,TAIWAN50,window_004,1,49,10,730,127,-0.0430834863679005,-0.0440834863679005,-0.0836755081071376,-0.0855746117036191,0.167365233294146,-0.438881206681539,-0.678606211560071,-0.187579997190071,1,0.001,1.8907448,127,0.023146933466165757,-0.1875799971900709,0.45181747597134303
A_MPMO,TAIWAN50,window_005,1,49,10,733,112,0.34763749345253,0.34663749345253,0.956768469931732,0.953502986943,0.17071015560317,4.02198311579447,7.4909303677065,-0.052759407272596,1,0.001,1.8143805,112,0.018000657870384733,-0.052759407272596204,0.43628902810675146
A_MPMO,TAIWAN50,window_006,1,49,10,729,125,0.178592636537118,0.177592636537118,0.392737490859436,0.390356219763126,0.313859647015403,1.21228755431655,1.71904150457659,-0.200446629715704,1,0.001,1.9485564,125,0.044238676292074085,-0.20044662971570482,0.7214837557763251
A_MPMO,TAIWAN50,window_007,1,49,10,727,117,0.204191619233359,0.203191619233359,0.492127410341926,0.48945983387484,0.129828654074865,3.14926775059081,5.19637836714145,-0.045055186418074,1,0.001,1.9400079,117,0.015543517534204116,-0.04505518641807449,0.6348364495436735
A_MPMO,TAIWAN50,window_008,1,49,10,729,123,-0.0311405333386083,-0.0321405333386083,-0.0627588059425256,-0.0647396527577622,0.194177800281483,-0.236635908872684,-0.284615645005879,-0.127022642834068,1,0.001,2.1053127,123,0.03111045936961274,-0.12702264283406817,0.27882884640451017
A_MPMO,TAIWAN50,window_009,1,49,10,726,116,0.0925714408553509,0.0915714408553508,0.212073543392922,0.20966481066741,0.275530695901427,0.835548905249828,0.997766224262545,-0.229773999779349,1,0.001,1.9803346,116,0.04451821403831832,-0.22977399977934831,0.5101343205912978
A_MPMO,TAIWAN50,window_010,1,49,10,725,124,0.346079781837068,0.345079781837068,0.829385264634956,0.826624390053383,0.164979611730259,3.74703121866062,6.16193427376968,-0.0426456762494491,1,0.001,1.9660527,124,0.018823514649118914,-0.04264567624944904,0.48449095853397905
A_MPMO,TAIWAN50,window_011,1,49,10,722,116,0.474831241756195,0.473831241756195,1.32583104200657,1.3224064744574,0.220181332126644,3.9488487320323,6.16577582165861,-0.0485917005972936,1,0.001,1.739155,116,0.027182341311073516,-0.04859170059729345,0.7547119890089192
A_MPMO,TAIWAN50,window_001,2,49,10,730,115,0.453522192155845,0.452522192155845,1.26942223105646,1.26600229224223,0.309309309482819,2.8058646470506,5.05662979298973,-0.15602774876272,1,0.001,1.9614482,115,0.03423383398361984,-0.15602774876271996,1.0
A_MPMO,TAIWAN50,window_002,2,49,10,729,126,0.0092231083610592,0.0082231083610592,0.0185312824499584,0.0165138362332364,0.314242535836482,0.214738219662712,0.320942110007162,-0.248924010487628,1,0.001,1.9461601,126,0.04131200021197323,-0.2489240104876278,0.633070404840931
A_MPMO,TAIWAN50,window_003,2,49,10,728,117,-0.245438622360855,-0.246438622360855,-0.454778561474625,-0.456333670614029,0.237790524192282,-2.4294025547325,-3.56859734415347,-0.258767665942893,1,0.001,2.3572377,117,0.034674141008511995,-0.2587676659428929,0.45734352613490814
A_MPMO,TAIWAN50,window_004,2,49,10,730,127,-0.0091316059280515,-0.0101316059280515,-0.0180379763127162,-0.0200034162846703,0.194510421814166,0.0032096201786583,0.0046410888954874,-0.189147688960589,1,0.001,2.1686038,127,0.027790921178925797,-0.1891476889605881,0.40083968389115876
A_MPMO,TAIWAN50,window_005,2,49,10,733,112,0.256283852318063,0.255283852318063,0.670888613923625,0.667897546935717,0.147653442131242,3.55337857516313,6.17323742362819,-0.0380427938369536,1,0.001,2.0788641,112,0.01668096346931635,-0.038042793836953526,0.27234047825791485
A_MPMO,TAIWAN50,window_006,2,49,10,729,125,0.199058516120453,0.198058516120453,0.441923440364997,0.439500134028564,0.296534227512892,1.38274157084128,1.89530103798852,-0.180220609544317,1,0.001,1.9005485,125,0.043030515004435554,-0.18022060954431685,0.7538480895110233
A_MPMO,TAIWAN50,window_007,2,49,10,727,117,0.264429647170422,0.263429647170421,0.657545442095289,0.654723245529579,0.153215177148248,3.37733495864605,5.67700682838295,-0.0506012733799887,1,0.001,1.9036106,117,0.017622246719552735,-0.050601273379988765,0.5626499993764104
A_MPMO,TAIWAN50,window_008,2,49,10,729,123,-0.0082453018143975,-0.0092453018143975,-0.0168197828844532,-0.018849776182336,0.183215082884113,-0.0010163056304186,-0.001230955780044,-0.112369300554258,1,0.001,1.9729974,123,0.028762799774983118,-0.11236930055425864,0.31388903827381287
A_MPMO,TAIWAN50,window_009,2,49,10,726,116,0.0867268671681689,0.0857268671681689,0.198032126938966,0.195638500948241,0.257460136684717,0.830032486920983,1.03520967264935,-0.21288082977828,1,0.001,1.7716788,116,0.040734993950326114,-0.2128808297782795,0.4646267590910585
A_MPMO,TAIWAN50,window_010,2,49,10,725,124,0.325114024483856,0.324114024483856,0.771944659313103,0.769228178943904,0.169462681417464,3.46375938638204,5.29595246412236,-0.0508654790049857,1,0.001,1.9298925,124,0.021274778590421657,-0.05086547900498606,0.5889563503838002
A_MPMO,TAIWAN50,window_011,2,49,10,722,116,0.572111882809568,0.571111882809568,1.67204247605135,1.66835150622007,0.260373563097587,3.9107774119538,6.33345755063555,-0.0567861209103979,1,0.001,2.0716868,116,0.03218409630582699,-0.0567861209103977,0.49282328927025537
A_MPMO,TAIWAN50,window_001,3,49,10,730,115,0.46129882021083,0.46029882021083,1.29611354598223,1.29267179081795,0.291546937547212,2.99906312933443,5.4770142151884,-0.144803569138895,1,0.001,2.0003292,115,0.03141621677544307,-0.14480356913889492,1.0
A_MPMO,TAIWAN50,window_002,3,49,10,729,126,0.0121313856143657,0.0111313856143657,0.0244099417456558,0.0223866789744267,0.352722873665374,0.243840139039503,0.364508433538682,-0.265307359811897,1,0.001,1.9217773,126,0.045591467981477674,-0.26530735981189757,0.5964207060855472
A_MPMO,TAIWAN50,window_003,3,49,10,728,117,-0.291954863323299,-0.292954863323299,-0.52460529394943,-0.526050248175429,0.269032873531827,-2.62589854243962,-3.8850269527727,-0.295178693229756,1,0.001,2.332721,117,0.03955643358064997,-0.295178693229756,0.6308353588336906
A_MPMO,TAIWAN50,window_004,3,49,10,730,127,-0.0205249826365099,-0.0215249826365099,-0.0403153168697838,-0.0422585001170185,0.179466209339021,-0.14006100465427,-0.212052238274751,-0.185848428172603,1,0.001,2.0172988,127,0.025107479810541258,-0.18584842817260316,0.5114105036062169
A_MPMO,TAIWAN50,window_005,3,49,10,733,112,0.322807792953652,0.321807792953652,0.876582559328244,0.873392136690883,0.150930242466724,4.2503385697072,7.78041737594574,-0.0452526610428944,1,0.001,1.9983862,112,0.01595019543640335,-0.04525266104289505,0.26838892054757707
A_MPMO,TAIWAN50,window_006,3,49,10,729,125,0.178105340841786,0.177105340841786,0.391576851166215,0.389196580793741,0.275591522074385,1.33698946315229,1.83289635089192,-0.17909763054131,1,0.001,1.9472519,125,0.040144081863025684,-0.17909763054131045,0.712364758372469
A_MPMO,TAIWAN50,window_007,3,49,10,727,117,0.207249209900051,0.206249209900051,0.500299631988385,0.497624235396587,0.150729251187159,2.76806275188691,4.71128782698413,-0.0536646516982535,1,0.001,1.7876979,117,0.017689592713193217,-0.05366465169825374,0.6300054019929826
A_MPMO,TAIWAN50,window_008,3,49,10,729,123,-0.0096245888249127,-0.0106245888249128,-0.0196191644735151,-0.021646195438628,0.216070355029694,0.0163231327590924,0.0198384775905536,-0.139866069970671,1,0.001,2.0073564,123,0.03404808738730703,-0.13986606997067141,0.3516187676964002
A_MPMO,TAIWAN50,window_009,3,49,10,726,116,0.106323865341516,0.105323865341516,0.245461974379185,0.243017640232563,0.27612242486784,0.932936167122744,1.1267535757643,-0.231227741724422,1,0.001,1.9196655,116,0.04498508866567456,-0.2312277417244223,0.4427697810370243
A_MPMO,TAIWAN50,window_010,3,49,10,725,124,0.282643299702191,0.281643299702191,0.658437390494601,0.65581077048816,0.160566653243269,3.23340208455971,5.20586425557576,-0.0620271423326307,1,0.001,2.0304716,124,0.02044805898409247,-0.062027142332630514,0.7098847516040456
A_MPMO,TAIWAN50,window_011,3,49,10,722,116,0.457578320013553,0.456578320013553,1.26712881351792,1.26375118287621,0.221657236108429,3.80827922712538,6.06883504531065,-0.0495843778293513,1,0.001,2.0167679,116,0.027211154481837637,-0.04958437782935132,0.6481917442926078
A_MPMO,TAIWAN50,window_001,4,49,10,730,115,0.360693851904734,0.359693851904734,0.963856703000773,0.960695430558305,0.287171965544951,2.49458595662716,4.61753279977348,-0.141595638749911,1,0.001,2.0970925,115,0.031919224862553615,-0.14159563874990977,1.0
A_MPMO,TAIWAN50,window_002,4,49,10,729,126,-0.0221078198883612,-0.0231078198883612,-0.0437268840765062,-0.0456816684367295,0.367152223898124,0.0610500134915742,0.0900687434662747,-0.304654874737089,1,0.001,2.0426185,126,0.048602127903717256,-0.30465487473708797,0.7469067841699011
A_MPMO,TAIWAN50,window_003,4,49,10,728,117,-0.273001004397753,-0.274001004397753,-0.496771613596835,-0.498261321921288,0.252255757702236,-2.5930402742145,-3.93588506213372,-0.278781098604452,1,0.001,2.2744352,117,0.0359347771055099,-0.27878109860445255,0.6785119041708257
A_MPMO,TAIWAN50,window_004,4,49,10,730,127,-0.0229515213374417,-0.0239515213374417,-0.0450271448442651,-0.0469655873732338,0.177461601995971,-0.171407435689916,-0.262463825459,-0.182124501063014,1,0.001,2.1012063,127,0.024368043581422343,-0.18212450106301425,0.526817924198676
A_MPMO,TAIWAN50,window_005,4,49,10,733,112,0.291880581758424,0.290880581758424,0.779304730657334,0.776207308960688,0.149457569576626,3.93379329589011,6.87017588735818,-0.0429401960366639,1,0.001,1.9702143,112,0.01637085607461355,-0.04294019603666399,0.24413801962681736
A_MPMO,TAIWAN50,window_006,4,49,10,729,125,0.159986750888524,0.158986750888524,0.348768163137974,0.346425096873531,0.320765615986135,1.09271067128711,1.55709720984241,-0.219012432923153,1,0.001,1.932411,125,0.044449040452582085,-0.21901243292315442,0.7999591660665162
A_MPMO,TAIWAN50,window_007,4,49,10,727,117,0.233087681327604,0.232087681327604,0.570315758251363,0.567574155817737,0.150986503862271,3.06620694012638,5.3414452454462,-0.0556900165447212,1,0.001,1.8598779,117,0.01819491968238683,-0.055690016544721166,0.7150812066439532
A_MPMO,TAIWAN50,window_008,4,49,10,729,123,-0.0127548296477847,-0.0137548296477847,-0.0259570993996425,-0.0279774082075702,0.223531700787076,-0.0058931051669932,-0.0071966026265562,-0.148482796449066,1,0.001,2.0049713,123,0.035866092544189,-0.1484827964490658,0.39543109237296786
A_MPMO,TAIWAN50,window_009,4,49,10,726,116,0.0859378792816541,0.0849378792816541,0.196143369968372,0.193751782238673,0.247871879340777,0.846011100446469,1.05783540439096,-0.197629607097919,1,0.001,1.7552943,116,0.0389822805007519,-0.19762960709791866,0.4593671255069683
A_MPMO,TAIWAN50,window_010,4,49,10,725,124,0.393643341199353,0.392643341199353,0.963149352908803,0.960287682021295,0.176435449403764,3.91584965352309,6.02640401605088,-0.0564033151060265,1,0.001,1.918066,124,0.022328973301154128,-0.0564033151060267,0.6189352605574021
A_MPMO,TAIWAN50,window_011,4,49,10,722,116,0.409057163321916,0.408057163321916,1.10636956591245,1.10312342175944,0.2202597031658,3.49613976942218,5.57094476975618,-0.047572768663916,1,0.001,1.8845069,116,0.02751557298890736,-0.04757276866391624,0.552117201282443
A_MPMO,TAIWAN50,window_001,5,49,10,730,115,0.389540718533419,0.388540718533419,1.05624307165796,1.05300176833063,0.296359147510106,2.58167841501899,4.67282524795765,-0.148961830909873,1,0.001,2.1607003,115,0.03312911757306702,-0.14896183090987303,1.0
A_MPMO,TAIWAN50,window_002,5,49,10,729,126,-0.0073323905487933,-0.0083323905487933,-0.0146110171464265,-0.0165953523653291,0.343983566543675,0.128359608179751,0.188418680131472,-0.27949423309532,1,0.001,1.9354755,126,0.04500065824483222,-0.27949423309532107,0.6765542870293679
A_MPMO,TAIWAN50,window_003,5,49,10,728,117,-0.296154570408034,-0.297154570408034,-0.530657850288283,-0.5320929128774,0.267955918527482,-2.68526959261373,-4.0316657356161,-0.30167855670215,1,0.001,2.1420258,117,0.03923624311418047,-0.30167855670215016,0.5345961634477051
A_MPMO,TAIWAN50,window_004,5,49,10,730,127,-0.0264358099721488,-0.0274358099721488,-0.0517727822417241,-0.0537044172063554,0.178101519292923,-0.209932022171269,-0.319213466499966,-0.185451582114182,1,0.001,2.1164344,127,0.02476129761315443,-0.18545158211418267,0.4849568722870619
A_MPMO,TAIWAN50,window_005,5,49,10,733,112,0.238681042901517,0.237681042901517,0.618672002426857,0.615733251968233,0.137409941638079,3.57623418910615,6.45881665928489,-0.0399423093955706,1,0.001,1.9594606,112,0.015533864963033031,-0.03994230939557042,0.27634531628366266
A_MPMO,TAIWAN50,window_006,5,49,10,729,125,0.185873165723836,0.184873165723836,0.410136310104269,0.407740086725893,0.302474871080831,1.2876855248631,1.76215055634039,-0.196317248311176,1,0.001,1.946576,125,0.044352969260858584,-0.19631724831117625,0.7556795565143615
A_MPMO,TAIWAN50,window_007,5,49,10,727,117,0.145287465064607,0.144287465064607,0.339346001099194,0.336828474072351,0.159608703602521,1.91071468586759,2.94720747862614,-0.0758140389993298,1,0.001,2.0428053,117,0.021083884077559064,-0.07581403899932904,0.6253517327118633
A_MPMO,TAIWAN50,window_008,5,49,10,729,123,-0.0041479015072728,-0.0051479015072728,-0.0084796564555893,-0.0105184510380472,0.17368432308525,0.0375883251806447,0.0472358849839308,-0.105550255565855,1,0.001,1.8999333,123,0.02652685850186757,-0.10555025556585618,0.5426223905020462
A_MPMO,TAIWAN50,window_009,5,49,10,726,116,0.106545048778899,0.105545048778899,0.24600297061371,0.243558063254628,0.258659920116624,0.97954564299368,1.16291031501312,-0.208677419228403,1,0.001,1.9564304,116,0.04158080480338568,-0.20867741922840333,0.3154291043478894
A_MPMO,TAIWAN50,window_010,5,49,10,725,124,0.348816656603086,0.347816656603086,0.836952263650647,0.834185592184239,0.170328320014705,3.65906670831773,5.64197677725472,-0.0646639092299427,1,0.001,1.98265,124,0.02197714043760094,-0.0646639092299427,0.6447896993351144
A_MPMO,TAIWAN50,window_011,5,49,10,722,116,0.471170892729473,0.470170892729473,1.31330918724123,1.3098945856961,0.222772177379591,3.88104091008092,6.1273389729718,-0.0493032687183478,1,0.001,1.8183014,116,0.027161390954051554,-0.04930326871834756,0.45308227828257847
A_MPMO,TAIWAN50,window_001,6,49,10,730,115,0.379941633543766,0.378941633543766,1.02524420821597,1.02202957160567,0.235888304368163,3.1119942877555,5.50204467964897,-0.112213494250794,1,0.001,2.1694842,115,0.02663627321317065,-0.11221349425079385,1.0
A_MPMO,TAIWAN50,window_002,6,49,10,729,126,-0.0080736772984358,-0.0090736772984358,-0.0160821703317525,-0.0180650229771556,0.380401297703822,0.146709652336951,0.216769872043027,-0.303140058762517,1,0.001,2.1533311,126,0.050237090778033025,-0.30314005876251693,0.6231949293313535
A_MPMO,TAIWAN50,window_003,6,49,10,728,117,-0.280068461738111,-0.281068461738111,-0.507249358453819,-0.508722357745499,0.266649957541413,-2.51778448769204,-3.80749608385044,-0.28686180015676,1,0.001,2.2112687,117,0.03835716917067358,-0.2868618001567602,0.5939885782943337
A_MPMO,TAIWAN50,window_004,6,49,10,730,127,-0.0004645368154677,-0.0014645368154677,-0.0009215473663157,-0.0029039155750576,0.240474221549699,0.115918687172309,0.167699486679473,-0.218453432872661,1,0.001,1.9938901,127,0.03443891133837257,-0.2184534328726605,0.36556131040557716
A_MPMO,TAIWAN50,window_005,6,49,10,733,112,0.256346959451812,0.255346959451812,0.671077471464503,0.668086216587128,0.152161312949879,3.45320170729645,6.15372661395717,-0.047528209273805,1,0.001,1.7805944,112,0.01661674275514375,-0.047528209273804745,0.1699140732250574
A_MPMO,TAIWAN50,window_006,6,49,10,729,125,0.163589084787513,0.162589084787513,0.357225689903981,0.354875227463552,0.249351186423008,1.34971265300393,1.91487364437549,-0.159613248862615,1,0.001,1.7680945,125,0.03567323512792653,-0.15961324886261463,0.7551527967315637
A_MPMO,TAIWAN50,window_007,6,49,10,727,117,0.211479359759443,0.210479359759443,0.511645264396977,0.508959043705643,0.137751617786316,3.07021408511941,5.10333198879212,-0.0472433885783533,1,0.001,1.6735193,117,0.01626755746935403,-0.04724338857835364,0.6530780864539882
A_MPMO,TAIWAN50,window_008,6,49,10,729,123,-0.0076445962583738,-0.0086445962583738,-0.0155993220013685,-0.0176306055140207,0.207807652361799,0.028130763407265,0.0347687320980859,-0.128272448076281,1,0.001,1.990808,123,0.03290899168802496,-0.1282724480762808,0.48463037141335513
A_MPMO,TAIWAN50,window_009,6,49,10,726,116,0.0965169328191537,0.0955169328191537,0.221602413849942,0.219183475143633,0.262379318113177,0.893971666120531,1.06991682733158,-0.213046626233098,1,0.001,1.9885838,116,0.04164698628573952,-0.213046626233098,0.4573487629047026
A_MPMO,TAIWAN50,window_010,6,49,10,725,124,0.340003397106453,0.339003397106453,0.812641792978263,0.809893787227572,0.16655426641982,3.65786028668872,5.96993445288144,-0.0498881535081125,1,0.001,1.9698541,124,0.01976780122662564,-0.04988815350811249,0.6517058285370773
A_MPMO,TAIWAN50,window_011,6,49,10,722,116,0.495193196897429,0.494193196897429,1.39615468624656,1.39267460171273,0.221887739501458,4.05499318679844,6.42026137726106,-0.05711964025514,1,0.001,2.0284397,116,0.02777569540182223,-0.05711964025514005,0.6874697596715171
A_MPMO,TAIWAN50,window_001,7,49,10,730,115,0.407797076540765,0.406797076540765,1.11590652151206,1.11261440396237,0.299215218397374,2.65562581183691,4.88951150050475,-0.147652465569692,1,0.001,2.1176472,115,0.03260838186849165,-0.14765246556969203,1.0
A_MPMO,TAIWAN50,window_002,7,49,10,729,126,0.0074090031421758,0.0064090031421758,0.0148728996119125,0.0128590816056284,0.319991692766874,0.205379139076261,0.301540141511695,-0.25884299988811,1,0.001,2.0998415,126,0.04311217554447496,-0.25884299988810977,0.6469880920494936
A_MPMO,TAIWAN50,window_003,7,49,10,728,117,-0.263258721082015,-0.264258721082015,-0.482134557857037,-0.483647340078666,0.246433343960584,-2.5441530313476,-3.8467010629213,-0.268273936397306,1,0.001,1.9394104,117,0.035178141881378654,-0.2682739363973057,0.5458257344777221
A_MPMO,TAIWAN50,window_004,7,49,10,730,127,-0.0272675276996032,-0.0282675276996032,-0.0533794940182906,-0.0553095039253846,0.169543910336766,-0.239302517374318,-0.370240841589607,-0.174800347466131,1,0.001,1.9777722,127,0.023029635793243717,-0.17480034746613027,0.4689772739997761
A_MPMO,TAIWAN50,window_005,7,49,10,733,112,0.302546338641664,0.301546338641664,0.812527733889337,0.809398301506465,0.155705038484785,3.90103037028155,7.37353550981553,-0.0475353160578783,1,0.001,1.8386975,112,0.016648616087682852,-0.047535316057878196,0.28884349256944747
A_MPMO,TAIWAN50,window_006,7,49,10,729,125,0.150961068672101,0.149961068672101,0.327694749576512,0.325370212885064,0.228545007100101,1.35449275647129,1.9310776799112,-0.157031280518508,1,0.001,2.1387069,125,0.0318287677503294,-0.15703128051850734,0.6897276878024909
A_MPMO,TAIWAN50,window_007,7,49,10,727,117,0.204577910424555,0.203577910424555,0.493158556340705,0.490489992059867,0.146527834844563,2.8106432539381,4.51739238598354,-0.0580458680660559,1,0.001,1.8801246,117,0.01775200181716145,-0.05804586806605527,0.5254442069066068
A_MPMO,TAIWAN50,window_008,7,49,10,729,123,-0.01390145448991,-0.01490145448991,-0.0282734551615839,-0.0302913018656004,0.215663529034504,-0.0252925925157765,-0.0313833196547538,-0.137619955089929,1,0.001,1.9865515,123,0.033507637947346146,-0.13761995508992864,0.37623061017115556
A_MPMO,TAIWAN50,window_009,7,49,10,726,116,0.0903029948231726,0.0893029948231726,0.206613183246739,0.204210315535978,0.29498493322127,0.783783856886854,0.959300460713081,-0.249459720627565,1,0.001,1.8915119,116,0.04771605988944578,-0.2494597206275656,0.33646838992776495
A_MPMO,TAIWAN50,window_010,7,49,10,725,124,0.321595440229475,0.320595440229475,0.762395873966337,0.759686841857298,0.167221486690306,3.4755296951635,5.29652150179006,-0.0470391940043754,1,0.001,1.9267249,124,0.021009581299328582,-0.04703919400437517,0.6175763053112322
A_MPMO,TAIWAN50,window_011,7,49,10,722,116,0.470360764508657,0.469360764508657,1.31054271281118,1.30713031641833,0.210707675657294,4.08548779462879,6.52002463026476,-0.0494185998830323,1,0.001,1.8775834,116,0.026190301591271784,-0.04941859988303232,0.6111629331669408
A_MPMO,TAIWAN50,window_001,8,49,10,730,115,0.372537209213335,0.371537209213335,1.00150747892923,0.998313387937335,0.284550834023749,2.58195113760475,4.65449993973597,-0.145704534784668,1,0.001,2.0434476,115,0.03186178407727155,-0.1457045347846676,1.0
A_MPMO,TAIWAN50,window_002,8,49,10,729,126,-0.0047969467964386,-0.0057969467964386,-0.0095708828943093,-0.0115602890007165,0.349542300160942,0.146514978545575,0.216719971927578,-0.281860641762882,1,0.001,1.8319885,126,0.046341373643477804,-0.28186064176288184,0.6771540857036012
A_MPMO,TAIWAN50,window_003,8,49,10,728,117,-0.324511503605862,-0.325511503605862,-0.57044053502851,-0.57180904813389,0.298802370155815,-2.67433824597319,-4.05322513411379,-0.328043695929287,1,0.001,2.1401006,117,0.04277223204383524,-0.32804369592928795,0.5892871426436785
A_MPMO,TAIWAN50,window_004,8,49,10,730,127,-0.0464159432903543,-0.0474159432903543,-0.0899965934208599,-0.0918891839681848,0.162380345977873,-0.500027926058416,-0.793279549842482,-0.18386898105575,1,0.001,1.9606876,127,0.021655930545755913,-0.18386898105575,0.6866514971478729
A_MPMO,TAIWAN50,window_005,8,49,10,733,112,0.332222466532795,0.331222466532795,0.906767297900714,0.903548455752809,0.157890115935619,4.17099519076375,7.80500967923316,-0.0479764459449755,1,0.001,1.9719206,112,0.016654366387374383,-0.04797644594497552,0.38236062029650064
A_MPMO,TAIWAN50,window_006,8,49,10,729,125,0.151683898173391,0.150683898173391,0.329376271503379,0.327050250940621,0.274472832468757,1.1743537491404,1.64126469108086,-0.195389179106852,1,0.001,1.89782,125,0.03901655325996648,-0.19538917910685105,0.6394367199765947
A_MPMO,TAIWAN50,window_007,8,49,10,727,117,0.272852261242299,0.271852261242299,0.68141798678795,0.67857407914815,0.15602091478284,3.41113669725547,5.90162747060192,-0.0550613840014126,1,0.001,1.8269495,117,0.018270453462436782,-0.05506138400141236,0.6752239354550948
A_MPMO,TAIWAN50,window_008,8,49,10,729,123,-0.03295408002944,-0.03395408002944,-0.0663495815316332,-0.0683265378257503,0.212755633836439,-0.216041271952795,-0.258282441376817,-0.138693650294332,1,0.001,2.0008721,123,0.03433690034918327,-0.13869365029433234,0.49885373399666444
A_MPMO,TAIWAN50,window_009,8,49,10,726,116,0.100174707920958,0.0991747079209583,0.230472394578592,0.228043988480978,0.285370339343685,0.868982785263028,1.08234976248507,-0.232934613175721,1,0.001,2.0184048,116,0.045605417456322385,-0.23293461317572184,0.652444481100131
A_MPMO,TAIWAN50,window_010,8,49,10,725,124,0.407480968041002,0.406480968041002,1.00296578566022,1.00007476916355,0.176111492217309,4.03697636604567,6.46422977362396,-0.0467201441693957,1,0.001,2.2953418,124,0.021310085680521115,-0.04672014416939574,0.6233488637432318
A_MPMO,TAIWAN50,window_011,8,49,10,722,116,0.388258658092895,0.387258658092895,1.0394104572901,1.03622043743516,0.199314344289027,3.67919434297343,5.81533662533722,-0.0460045295743926,1,0.001,1.8388616,116,0.024842611101444215,-0.046004529574392605,0.5901300183349412
A_MPMO,TAIWAN50,window_001,9,49,10,730,115,0.38397827059043,0.38297827059043,1.03824875696401,1.03502291069396,0.296269210654286,2.55270797754951,4.52486935594312,-0.151685372333219,1,0.001,2.094458,115,0.034103013370472036,-0.15168537233321866,1.0
A_MPMO,TAIWAN50,window_002,9,49,10,729,126,-0.0266710870757987,-0.0276710870757987,-0.0526308272657925,-0.0545764850916409,0.348687196766873,0.0186265882496514,0.0272788941489085,-0.291242866054861,1,0.001,2.0685235,126,0.04666971037493633,-0.29124286605486127,0.6806324527409011
A_MPMO,TAIWAN50,window_003,9,49,10,728,117,-0.338540447087213,-0.339540447087213,-0.58942575022917,-0.590761497107107,0.317755909907847,-2.63823111116101,-3.96590132816675,-0.342120868520034,1,0.001,2.1434429,117,0.045714236236166654,-0.3421208685200342,0.6290815278964271
A_MPMO,TAIWAN50,window_004,9,49,10,730,127,-0.0380872988826705,-0.0390872988826705,-0.074157956709889,-0.0760668243290029,0.165616209043881,-0.382936868863865,-0.603170235974179,-0.184880303108837,1,0.001,1.8162854,127,0.021750533771722674,-0.18488030310883585,0.6182070437585734
A_MPMO,TAIWAN50,window_005,9,49,10,733,112,0.290695524859975,0.289695524859975,0.775634438447429,0.772540569343844,0.157412154453143,3.72950566719843,6.6682916005816,-0.0455194461056785,1,0.001,2.1006088,112,0.017231592369883298,-0.045519446105678485,0.4241871784540432
A_MPMO,TAIWAN50,window_006,9,49,10,729,125,0.182354057482307,0.181354057482307,0.401712844187428,0.399323848311,0.277075489595729,1.35757105143394,1.88923109562919,-0.175282408458347,1,0.001,1.9347147,125,0.040386354027387536,-0.1752824084583473,0.6546172803692725
A_MPMO,TAIWAN50,window_007,9,49,10,727,117,0.211693254771868,0.210693254771868,0.512220165895509,0.50953339773533,0.161936276614033,2.63617818449984,4.36464611030628,-0.0600753088585043,1,0.001,2.1225079,117,0.02006329082647625,-0.06007530885850432,0.6098042616823165
A_MPMO,TAIWAN50,window_008,9,49,10,729,123,-0.0267129801147659,-0.0277129801147659,-0.0539627218483316,-0.0559530683886084,0.18979130511756,-0.197356482324387,-0.240671917135422,-0.116545748734455,1,0.001,1.8658088,123,0.030179964816106103,-0.11654574873445478,0.4911716880204854
A_MPMO,TAIWAN50,window_009,9,49,10,726,116,0.0990692341040078,0.0980692341040078,0.22778800615486,0.225362461920011,0.283036511188298,0.866283221329549,1.05276600705588,-0.23280460038887,1,0.001,2.0973806,116,0.0457466505686408,-0.23280460038886985,0.5028958275524863
A_MPMO,TAIWAN50,window_010,9,49,10,725,124,0.368453972923587,0.367453972923587,0.891711534697945,0.888903258986767,0.175140808158387,3.73139918761773,5.55527598497614,-0.0574937545383923,1,0.001,2.0635896,124,0.022935785255810533,-0.05749375453839134,0.7101619340905072
A_MPMO,TAIWAN50,window_011,9,49,10,722,116,0.568772897844871,0.567772897844871,1.65972913413199,1.65604735632104,0.25020162710279,4.0409733657931,6.46720119215088,-0.0577654855223796,1,0.001,2.048597,116,0.03088541103663897,-0.057765485522379256,0.6162256408884996
A_MPMO,TAIWAN50,window_001,10,49,10,730,115,0.346749499973065,0.345749499973065,0.920024530270284,0.916901828296307,0.289530427141654,2.3985467627858,4.12504047871261,-0.141276709744542,1,0.001,2.2373155,115,0.03286126225792228,-0.14127670974454143,1.0
A_MPMO,TAIWAN50,window_002,10,49,10,729,126,0.0217818100684055,0.0207818100684055,0.0440380673866672,0.0419955037665305,0.325749615585943,0.294278364100669,0.443232060912161,-0.248629510860701,1,0.001,2.07366,126,0.042068734080600315,-0.2486295108606995,0.5949229166613296
A_MPMO,TAIWAN50,window_003,10,49,10,728,117,-0.290820352736169,-0.291820352736169,-0.522963124593596,-0.524410752502673,0.268238440686222,-2.62170917975675,-3.92752487374314,-0.295959014205605,1,0.001,2.0722601,117,0.0392444477332047,-0.29595901420560455,0.47833121603796525
A_MPMO,TAIWAN50,window_004,10,49,10,730,127,-0.0354879189349061,-0.0364879189349061,-0.0691869426841355,-0.0711008899413886,0.199262191734433,-0.260648247172298,-0.388324130498964,-0.197902942826281,1,0.001,1.9354505,127,0.028233001229513877,-0.19790294282627996,0.3948087357468923
A_MPMO,TAIWAN50,window_005,10,49,10,733,112,0.293858997876501,0.292858997876501,0.785441554503432,0.782338200045665,0.148570745269713,3.9795840605576,7.54261204086592,-0.0412818405524858,1,0.001,1.8806337,112,0.016100492930200085,-0.04128184055248585,0.2460907881876877
A_MPMO,TAIWAN50,window_006,10,49,10,729,125,0.174161458694391,0.173161458694391,0.382201266753229,0.379829095401506,0.285716937569856,1.27571650586063,1.79661249002565,-0.185751789775548,1,0.001,2.050395,125,0.04063408356187624,-0.18575178977554674,0.725387324718461
A_MPMO,TAIWAN50,window_007,10,49,10,727,117,0.271626609687658,0.270626609687658,0.677932703598633,0.675091956713986,0.161954009799994,3.2790705741523,5.70841981949541,-0.0581499897430077,1,0.001,2.0410054,117,0.019567200032480064,-0.05814998974300756,0.6328407216783485
A_MPMO,TAIWAN50,window_008,10,49,10,729,123,-0.0037992572763067,-0.0047992572763067,-0.0077683374329613,-0.0098078809907693,0.212282655240802,0.0694086511158261,0.0847389165945196,-0.134356531138605,1,0.001,1.7792566,123,0.033780296496091655,-0.1343565311386048,0.3051415655833504
A_MPMO,TAIWAN50,window_009,10,49,10,726,116,0.101270085061778,0.100270085061778,0.233135386567793,0.230704144256504,0.301242000795864,0.846052013912383,1.02458521346243,-0.250675791030174,1,0.001,1.9521347,116,0.049276728015738756,-0.25067579103017457,0.5582443987741648
A_MPMO,TAIWAN50,window_010,10,49,10,725,124,0.393687369261289,0.392687369261289,0.963275395465168,0.96041363122172,0.188776197119767,3.67196747736806,5.88626602412096,-0.0497884672793731,1,0.001,2.0523853,124,0.022539042486842388,-0.04978846727937314,0.6039115559115933
A_MPMO,TAIWAN50,window_011,10,49,10,722,116,0.437786201969963,0.436786201969963,1.20078337857024,1.19745947481557,0.211452708783516,3.84087400367329,6.00600910273722,-0.0472604986151466,1,0.001,1.991456,116,0.02656872282496335,-0.047260498615146584,0.633183293127444
ECMADE_MOO,TAIWAN50,window_001,1,49,10,730,115,0.234634588409928,0.233634588409928,0.587042586440696,0.584227165895734,0.283441282734858,1.77063358536495,3.21050127481777,-0.156146848919525,1,0.001,4.8854676,115,0.03287924271453275,-0.15614684891952424,1.0
ECMADE_MOO,TAIWAN50,window_002,1,49,10,729,126,0.0164696883985087,0.0154696883985087,0.0332106274329613,0.0311786880561646,0.319734505642791,0.261283152002923,0.387699438225578,-0.261286126534334,1,0.001,4.6079602,126,0.042803061913586356,-0.26128612653433514,0.6092810243505686
ECMADE_MOO,TAIWAN50,window_003,1,49,10,728,117,-0.379701128958098,-0.380701128958098,-0.642484857014762,-0.643725092205333,0.349119433670693,-2.7659870394993,-4.05040465421535,-0.38460313126439,1,0.001,4.9702928,117,0.05136556139341095,-0.38460313126438994,0.6152837230430048
ECMADE_MOO,TAIWAN50,window_004,1,49,10,730,127,-0.0196860287514885,-0.0206860287514885,-0.0386835686970226,-0.0406283909617964,0.163884237428458,-0.159305052356114,-0.247203014854422,-0.172968476467924,1,0.001,4.5196812,127,0.021863986677992903,-0.17296847646792424,0.674634186734842
ECMADE_MOO,TAIWAN50,window_005,1,49,10,733,112,0.354298791583041,0.353298791583041,0.9785981771893,0.9753124978731,0.163643600188284,4.25649904087178,7.87033664233691,-0.0500822140258801,1,0.001,4.834688,112,0.01710392223573108,-0.050082214025880534,0.34644984178049504
ECMADE_MOO,TAIWAN50,window_006,1,49,10,729,125,0.173857946055983,0.172857946055983,0.38148106571874,0.379109517632107,0.255071639778884,1.3945819490523,1.9526259741678,-0.167729490607498,1,0.001,4.3474555,125,0.036558206971471864,-0.16772949060749742,0.7166340062827709
ECMADE_MOO,TAIWAN50,window_007,1,49,10,727,117,0.211956510367095,0.210956510367095,0.512927898262345,0.510240456273437,0.129589263325583,3.26187364246325,5.28286070683175,-0.0357050481444435,1,0.001,4.4154444,117,0.016259673014207946,-0.03570504814444353,0.5340596139121873
ECMADE_MOO,TAIWAN50,window_008,1,49,10,729,123,0.0089949572901462,0.0079949572901462,0.0185156313807044,0.0164485938236196,0.17631165562444,0.191993992208986,0.244858276301968,-0.10701345781272,1,0.001,4.901091,123,0.02648772561355207,-0.1070134578127192,0.313562502067141
ECMADE_MOO,TAIWAN50,window_009,1,49,10,726,116,0.110977128678254,0.109977128678254,0.256870200464569,0.254413802896718,0.300866421553811,0.910062678519705,1.09644916839636,-0.250280675657961,1,0.001,4.6049599,116,0.04911442082502237,-0.25028067565796064,0.4871056833036985
ECMADE_MOO,TAIWAN50,window_010,1,49,10,725,124,0.257533239689465,0.256533239689465,0.593122797094747,0.590549260476362,0.140689628233561,3.38290210354818,5.25406039263547,-0.058042499630093,1,0.001,5.1534431,124,0.017016262115234757,-0.05804249963009256,0.7015418492774614
ECMADE_MOO,TAIWAN50,window_011,1,49,10,722,116,0.395304740336332,0.394304740336332,1.06196401797127,1.05875500055533,0.216813271102802,3.4497151346371,5.38623410311813,-0.047647087500939,1,0.001,4.8848719,116,0.027562969276461315,-0.047647087500939045,0.5082748806869463
ECMADE_MOO,TAIWAN50,window_001,2,49,10,730,115,0.349375046065174,0.348375046065174,0.928236482150455,0.925106523657776,0.271613868279276,2.55424291392033,4.46986551828463,-0.13526944094053,1,0.001,4.5490692,115,0.030543758236308585,-0.13526944094052973,1.0
ECMADE_MOO,TAIWAN50,window_002,2,49,10,729,126,0.0438026293167295,0.0428026293167295,0.0895239289685179,0.0874373237098842,0.310653594049622,0.430397194945949,0.662850767038899,-0.23537900313712,1,0.001,5.1295493,126,0.04010081999753758,-0.2353790031371209,0.5334780167191816
ECMADE_MOO,TAIWAN50,window_003,2,49,10,728,117,-0.2843892981771,-0.2853892981771,-0.513597003003363,-0.515059799298013,0.266171100143037,-2.5712557798815,-3.73726851374487,-0.289030097954334,1,0.001,4.3233304,117,0.039230528446801485,-0.2890300979543342,0.5060232056349532
ECMADE_MOO,TAIWAN50,window_004,2,49,10,730,127,-0.0220850439594449,-0.0230850439594449,-0.0433459484077013,-0.045286083791082,0.162137534684722,-0.192725921148329,-0.293351045805519,-0.174276567869913,1,0.001,4.4122734,127,0.02267991709952443,-0.1742765678699124,0.46271681811364146
ECMADE_MOO,TAIWAN50,window_005,2,49,10,733,112,0.264718030971666,0.263718030971666,0.696234328238323,0.693218129201841,0.139884512760251,3.85061979771256,6.76315215010566,-0.0356058773580735,1,0.001,4.2093598,112,0.01565721531385005,-0.0356058773580733,0.22713655241917569
ECMADE_MOO,TAIWAN50,window_006,2,49,10,729,125,0.149188057262045,0.148188057262045,0.323574726269364,0.321253829267615,0.2582685606958,1.21433722550153,1.73926891115894,-0.169812684059332,1,0.001,4.234175,125,0.035622118597146014,-0.16981268405933225,0.7898862653918881
ECMADE_MOO,TAIWAN50,window_007,2,49,10,727,117,0.223897227548467,0.222897227548467,0.545215746677938,0.542497717622443,0.145968912834887,3.05603832758045,4.90768982581908,-0.0484261338006066,1,0.001,4.6312699,117,0.017897137745467098,-0.048426133800606896,0.40211847519902966
ECMADE_MOO,TAIWAN50,window_008,2,49,10,729,123,0.0137035754231785,0.0127035754231785,0.0282774147366691,0.0262002543462903,0.19407396785563,0.240487631599284,0.30392191610651,-0.126383485874891,1,0.001,4.598959,123,0.029775131399644886,-0.12638348587489123,0.4407970916143817
ECMADE_MOO,TAIWAN50,window_009,2,49,10,726,116,0.0679066239882467,0.0669066239882466,0.153416319285256,0.151071243335445,0.252026262437134,0.691656103632216,0.864504625947776,-0.200720221333839,1,0.001,5.0590965,116,0.03920878674726547,-0.2007202213338395,0.3696087269024143
ECMADE_MOO,TAIWAN50,window_010,2,49,10,725,124,0.302102240078055,0.301102240078055,0.709969643848297,0.70730186397771,0.166708287989174,3.30416442341536,5.07820797067667,-0.0632335167751152,1,0.001,5.2087129,124,0.021345943432677813,-0.06323351677511513,0.6277333015906235
ECMADE_MOO,TAIWAN50,window_011,2,49,10,722,116,0.391693747396132,0.390693747396132,1.05038899285475,1.04718971342621,0.198446051397344,3.72164095060895,5.91613331758865,-0.0491920724084327,1,0.001,4.6467504,116,0.025165264823019465,-0.04919207240843282,0.594518182422808
ECMADE_MOO,TAIWAN50,window_001,3,49,10,730,115,0.403676965196171,0.402676965196171,1.10236054041914,1.09907990174883,0.305748041946464,2.58412019245493,4.77748370271777,-0.148327648436584,1,0.001,4.3944827,115,0.033105453254176735,-0.14832764843658341,1.0
ECMADE_MOO,TAIWAN50,window_002,3,49,10,729,126,-0.001587833449412,-0.002587833449412,-0.003173145683761,-0.0051689700168622,0.363559095135877,0.172201236641662,0.254350695248813,-0.288426759797148,1,0.001,4.8120536,126,0.048633193303889474,-0.28842675979714716,0.6188371380230107
ECMADE_MOO,TAIWAN50,window_003,3,49,10,728,117,-0.223072930622972,-0.224072930622972,-0.419374734374233,-0.420983185107744,0.228703700893784,-2.2607087641791,-3.34165672067066,-0.235572469124384,1,0.001,4.3881809,117,0.03304694842943489,-0.23557246912438412,0.6481159010374493
ECMADE_MOO,TAIWAN50,window_004,3,49,10,730,127,-0.050710637002128,-0.051710637002128,-0.0981108621842619,-0.099995058530214,0.154255814547447,-0.592666098439659,-0.92031424044253,-0.18176977392331,1,0.001,4.734994,127,0.02102485140907833,-0.18176977392330906,0.40618829204823115
ECMADE_MOO,TAIWAN50,window_005,3,49,10,733,112,0.30166172146839,0.30066172146839,0.809759230938667,0.806632456021171,0.148043960716939,4.08481682598121,7.54366880185915,-0.0404752228883943,1,0.001,4.7138038,112,0.01608766476033243,-0.04047522288839389,0.3313436479853284
ECMADE_MOO,TAIWAN50,window_006,3,49,10,729,125,0.214431768079232,0.213431768079232,0.479436088956956,0.476981199655194,0.318081106802559,1.39061465092142,1.91120607090289,-0.197361676029502,1,0.001,4.1663248,125,0.0455285068229918,-0.19736167602950194,0.7300306246329527
ECMADE_MOO,TAIWAN50,window_007,3,49,10,727,117,0.18366895241662,0.18266895241662,0.437893451176466,0.435278284281432,0.13487401673531,2.76143133833765,4.49286075720742,-0.0540623044514666,1,0.001,4.5206444,117,0.015974300030440584,-0.05406230445146665,0.5264859192850009
ECMADE_MOO,TAIWAN50,window_008,3,49,10,729,123,0.0062249486495109,0.0052249486495109,0.0127951889923517,0.0107341054682604,0.214520362617404,0.166353453867455,0.207319412409444,-0.140485490259478,1,0.001,4.6956996,123,0.033672248921627,-0.14048549025947732,0.5276239657003048
ECMADE_MOO,TAIWAN50,window_009,3,49,10,726,116,0.0924971320535779,0.0914971320535779,0.211894464408766,0.209485923840244,0.238552811691119,0.924565580174052,1.15479212630821,-0.190534496539902,1,0.001,4.4952065,116,0.037793640430149704,-0.1905344965399013,0.4209219598569284
ECMADE_MOO,TAIWAN50,window_010,3,49,10,725,124,0.281161347982203,0.280161347982203,0.654545621642654,0.651922135462507,0.151667836177303,3.39849826564302,5.35549816328074,-0.0473047405789532,1,0.001,5.3217526,124,0.019022118322889987,-0.047304740578953175,0.5551174074304589
ECMADE_MOO,TAIWAN50,window_011,3,49,10,722,116,0.466170686863496,0.465170686863496,1.29626269538282,1.29286170094806,0.218381659949242,3.92097909279866,6.28944963842426,-0.0504297244464088,1,0.001,4.7110859,116,0.027849320960779703,-0.0504297244464087,0.6035698359362136
ECMADE_MOO,TAIWAN50,window_001,4,49,10,730,115,0.393821535595895,0.392821535595894,1.07014992651513,1.06689671948736,0.298129104098625,2.59063125406597,5.00448685547781,-0.140431653618923,1,0.001,4.5870755,115,0.03227362789618565,-0.1404316536189224,1.0
ECMADE_MOO,TAIWAN50,window_002,4,49,10,729,126,-0.0138969305598998,-0.0148969305598998,-0.027600736440813,-0.0295719425796932,0.330279261027783,0.0796796174563902,0.116620643480397,-0.277272900589062,1,0.001,4.3994172,126,0.043768821129329276,-0.2772729005890613,0.6469403718206803
ECMADE_MOO,TAIWAN50,window_003,4,49,10,728,117,-0.314981640241934,-0.315981640241934,-0.557281326798735,-0.558672157977449,0.290036346948072,-2.66026873569907,-3.88378032191709,-0.31917545243391,1,0.001,5.1516783,117,0.0427195316577704,-0.31917545243391,0.5697254850354923
ECMADE_MOO,TAIWAN50,window_004,4,49,10,730,127,-0.0435350795448948,-0.0445350795448948,-0.08453337234075,-0.0864315933515664,0.16308556036817,-0.460457933316807,-0.716501027157895,-0.181722605849543,1,0.001,4.7771313,127,0.022065844007065828,-0.18172260584954258,0.5457028354679557
ECMADE_MOO,TAIWAN50,window_005,4,49,10,733,112,0.27125800659373,0.27025800659373,0.716033760415678,0.712998044762449,0.133003743675672,4.13032233445185,7.32083324915714,-0.0377401001762527,1,0.001,4.5605024,112,0.014505647193109684,-0.03774010017625251,0.22522180739985706
ECMADE_MOO,TAIWAN50,window_006,4,49,10,729,125,0.172699216802037,0.171699216802037,0.378733272417438,0.376364103764807,0.315003773272255,1.17698196850641,1.63631471815946,-0.211903169060149,1,0.001,4.5289759,125,0.045179604226063555,-0.21190316906014828,0.7076721548252718
ECMADE_MOO,TAIWAN50,window_007,4,49,10,727,117,0.261002785717971,0.260002785717971,0.647884877513226,0.645071508049668,0.137135383512541,3.71376970222797,6.21515341037245,-0.0470729389963144,1,0.001,4.6045822,117,0.015834966686252932,-0.04707293899631504,0.6301199587819761
ECMADE_MOO,TAIWAN50,window_008,4,49,10,729,123,0.012517049476094,0.011517049476094,0.0258130479619818,0.0237384386437804,0.175992191217796,0.232620641109928,0.292225832605093,-0.113653432138044,1,0.001,4.5765881,123,0.02709814994878147,-0.11365343213804435,0.3105541579585056
ECMADE_MOO,TAIWAN50,window_009,4,49,10,726,116,0.0958202355351891,0.0948202355351891,0.219916872438322,0.217499736371283,0.277510904830637,0.854785647548708,1.06294376916878,-0.226038738457053,1,0.001,4.6198637,116,0.04484755430642298,-0.22603873845705313,0.46908793697573703
ECMADE_MOO,TAIWAN50,window_010,4,49,10,725,124,0.315907954439747,0.314907954439747,0.747016507350498,0.744319513353137,0.156852445349657,3.63865337016244,5.74495943230629,-0.0568545862526442,1,0.001,4.8844901,124,0.019399712006340913,-0.05685458625264417,0.7355541304205543
ECMADE_MOO,TAIWAN50,window_011,4,49,10,722,116,0.491330346771446,0.490330346771446,1.38272673299372,1.37925719062159,0.21173932112856,4.21233152019357,6.69539181839915,-0.0467372835743664,1,0.001,4.8964739,116,0.025821774761894536,-0.04673728357436624,0.5616828622465224
ECMADE_MOO,TAIWAN50,window_001,5,49,10,730,115,0.236654211466491,0.235654211466491,0.592736962750256,0.589916052592167,0.283056383795643,1.78529013364068,3.20301433716926,-0.153869400621721,1,0.001,4.5382047,115,0.03190811259007892,-0.15386940062172083,1.0
ECMADE_MOO,TAIWAN50,window_002,5,49,10,729,126,0.0196864360667761,0.0186864360667761,0.0397604278985635,0.0377220550264301,0.300853627982352,0.279193816695493,0.415666331492533,-0.232047923105721,1,0.001,4.9170948,126,0.03959339487962597,-0.23204792310572064,0.5811987007847074
ECMADE_MOO,TAIWAN50,window_003,5,49,10,728,117,-0.297091463007635,-0.298091463007635,-0.532002419402719,-0.533435276551273,0.277920885756774,-2.58948471343879,-3.83294395579587,-0.304217439871941,1,0.001,4.9250913,117,0.04071055398088305,-0.30421743987194105,0.48379086467412263
ECMADE_MOO,TAIWAN50,window_004,5,49,10,730,127,-0.0307561859376181,-0.0317561859376181,-0.0601041570163614,-0.0620273503452673,0.186030910367876,-0.240673029291803,-0.362745797014439,-0.193863293415641,1,0.001,4.1928051,127,0.02602194811389526,-0.19386329341563968,0.4369193914759307
ECMADE_MOO,TAIWAN50,window_005,5,49,10,733,112,0.276972620032546,0.275972620032546,0.733439016173918,0.73038622637877,0.147639201297954,3.80310595404393,6.75246926335312,-0.0386850138788015,1,0.001,4.4389235,112,0.01581208506119405,-0.038685013878801744,0.32870234645602975
ECMADE_MOO,TAIWAN50,window_006,5,49,10,729,125,0.174944392490766,0.173944392490766,0.384059953150907,0.38168617402786,0.297377313236299,1.24163666634598,1.72562271989502,-0.196854297168301,1,0.001,4.6507986,125,0.04261545866618288,-0.19685429716830172,0.6688419453032398
ECMADE_MOO,TAIWAN50,window_007,5,49,10,727,117,0.185377904911987,0.184377904911987,0.44236855112874,0.439749025315003,0.142800223827702,2.63756771896431,4.33676673607461,-0.0599846086661532,1,0.001,4.3390349,117,0.01723159640425938,-0.05998460866615363,0.6766770788923755
ECMADE_MOO,TAIWAN50,window_008,5,49,10,729,123,0.0010175965276848,1.75965276848497e-05,0.0020859444319729,3.60517552366879e-05,0.182047249452535,0.102315207285672,0.12666226248007,-0.109749961690866,1,0.001,4.7095521,123,0.027825916320764983,-0.10974996169086637,0.28024289353716847
ECMADE_MOO,TAIWAN50,window_009,5,49,10,726,116,0.102814664223084,0.101814664223084,0.236895722042401,0.234460479590827,0.308865336742883,0.84245188846419,1.04677160592691,-0.256066158353517,1,0.001,5.1878253,116,0.05006185057272485,-0.256066158353517,0.43264083711169454
ECMADE_MOO,TAIWAN50,window_010,5,49,10,725,124,0.422384557909474,0.421384557909474,1.04630370543442,1.04338107231615,0.202416493384058,3.6428461636783,5.66879585708653,-0.0536369997861615,1,0.001,4.8294601,124,0.024485028143808086,-0.05363699978616154,0.6095469417525463
ECMADE_MOO,TAIWAN50,window_011,5,49,10,722,116,0.472510982185688,0.471510982185688,1.31788932724584,1.31447107754517,0.204027018822582,4.22811104512091,6.51417313612761,-0.0445779278464457,1,0.001,4.9435435,116,0.025306807949496937,-0.04457792784644543,0.5918881822174709
ECMADE_MOO,TAIWAN50,window_001,6,49,10,730,115,0.252680695250951,0.251680695250951,0.638317462441967,0.635452929443174,0.316007891860046,1.71929364567086,3.11865483033832,-0.175422372272467,1,0.001,4.4281315,115,0.03618448036258065,-0.17542237227246626,1.0
ECMADE_MOO,TAIWAN50,window_002,6,49,10,729,126,0.0523175567830569,0.0513175567830569,0.107372240313862,0.105268605200296,0.374816165265283,0.458639186398656,0.698791229574172,-0.274239158000389,1,0.001,4.4471003,126,0.04785644458159023,-0.2742391580003891,0.5803128256992347
ECMADE_MOO,TAIWAN50,window_003,6,49,10,728,117,-0.296656587328229,-0.297656587328229,-0.531378570264278,-0.532812451051795,0.288747875642916,-2.47718496434124,-3.73108810893342,-0.304731503037715,1,0.001,4.4174101,117,0.04151217999051873,-0.30473150303771535,0.48383301745723123
ECMADE_MOO,TAIWAN50,window_004,6,49,10,730,127,-0.0234738741487206,-0.0244738741487206,-0.0460399394774526,-0.0479773614637217,0.159086193894274,-0.217181211960035,-0.325367341621199,-0.169773644453182,1,0.001,4.4722443,127,0.022025002027474202,-0.16977364445318321,0.5468852757623437
ECMADE_MOO,TAIWAN50,window_005,6,49,10,733,112,0.234096590547949,0.233096590547949,0.60522381062472,0.602298655027871,0.129715233562324,3.71608409185492,6.68543881831217,-0.0349207867964175,1,0.001,4.3279415,112,0.014557214216520483,-0.03492078679641797,0.29680598881519654
ECMADE_MOO,TAIWAN50,window_006,6,49,10,729,125,0.185888821499938,0.184888821499938,0.410173841169914,0.407777585637126,0.326269113625909,1.21656119134618,1.67701471569682,-0.21911226071291,1,0.001,4.7912259,125,0.04677474951992113,-0.21911226071291046,0.7816275919723004
ECMADE_MOO,TAIWAN50,window_007,6,49,10,727,117,0.229843881429259,0.228843881429259,0.561431887400237,0.558698608363823,0.154032553851513,2.97163372449323,5.08334006085973,-0.0542667891455019,1,0.001,4.449833,117,0.018503086119016368,-0.05426678914550165,0.6168041682642387
ECMADE_MOO,TAIWAN50,window_008,6,49,10,729,123,-0.0020519959282269,-0.0030519959282269,-0.0041995655737197,-0.0062428628802532,0.208697502413669,0.0840443866933357,0.10357569895654,-0.128040094213236,1,0.001,4.8018908,123,0.033112138966924116,-0.1280400942132366,0.3331408513255025
ECMADE_MOO,TAIWAN50,window_009,6,49,10,726,116,0.106395306055962,0.105395306055962,0.24563669854342,0.243192179255315,0.307382180019092,0.867989139431366,1.04583791863579,-0.258498067213229,1,0.001,4.9357447,116,0.05011949448418507,-0.25849806721322943,0.2816485215838226
ECMADE_MOO,TAIWAN50,window_010,6,49,10,725,124,0.438607649208778,0.437607649208778,1.09401431045766,1.0910572493642,0.189801393257727,3.99382803585239,6.07858752259593,-0.0513968286331342,1,0.001,5.1896538,124,0.02353380062161589,-0.05139682863313422,0.6075261250799218
ECMADE_MOO,TAIWAN50,window_011,6,49,10,722,116,0.53851545511825,0.53751545511825,1.54954492244072,1.5459462869723,0.251670927596413,3.85009925385371,6.23621948084736,-0.0563903077004457,1,0.001,4.6381756,116,0.031142773602428998,-0.0563903077004454,0.515796296640963
ECMADE_MOO,TAIWAN50,window_001,7,49,10,730,115,0.349909135655466,0.348909135655466,0.929909292918841,0.926777857971414,0.256074135619593,2.69685458700212,4.99332067954384,-0.121788051907833,1,0.001,4.4951827,115,0.027956863922781534,-0.1217880519078326,1.0
ECMADE_MOO,TAIWAN50,window_002,7,49,10,729,126,0.0314164532266976,0.0304164532266976,0.0638198999867405,0.0617580670802873,0.310866904265042,0.35371118168127,0.527617358257869,-0.243963721887546,1,0.001,4.5998383,126,0.04098537510266325,-0.24396372188754578,0.513232264954507
ECMADE_MOO,TAIWAN50,window_003,7,49,10,728,117,-0.256272442982619,-0.257272442982619,-0.471499666098686,-0.473029023798268,0.261748273786689,-2.30284556359934,-3.32452128717528,-0.274097118697506,1,0.001,5.1600926,117,0.03890540357489545,-0.2740971186975061,0.4995390582068832
ECMADE_MOO,TAIWAN50,window_004,7,49,10,730,127,-0.019516890018994,-0.020516890018994,-0.0383544307629181,-0.0402995834619477,0.186336195147268,-0.117220041163829,-0.176716144380999,-0.187859654292221,1,0.001,4.7003381,127,0.026735916307532057,-0.1878596542922204,0.29860676163213984
ECMADE_MOO,TAIWAN50,window_005,7,49,10,733,112,0.267666512363437,0.266666512363437,0.705144898787287,0.702119903999652,0.141052577348728,3.85712673408471,6.94917124515595,-0.0380911958904495,1,0.001,4.9405327,112,0.01558286717239263,-0.038091195890449514,0.18330408569675924
ECMADE_MOO,TAIWAN50,window_006,7,49,10,729,125,0.15019569860904,0.14919569860904,0.325915434458109,0.323592468951738,0.256226798822469,1.22891765264142,1.77960521871054,-0.166236718734102,1,0.001,4.4514316,125,0.035390093334185566,-0.1662367187341025,0.6933923614522322
ECMADE_MOO,TAIWAN50,window_007,7,49,10,727,117,0.163772512834844,0.162772512834844,0.38633996735985,0.383775477485946,0.139656085721628,2.4097900597594,3.84013554522611,-0.0492291945273611,1,0.001,4.3736754,117,0.016957409756833883,-0.04922919452736085,0.48446798319379625
ECMADE_MOO,TAIWAN50,window_008,7,49,10,729,123,-0.0066733012067031,-0.0076733012067031,-0.0136242900600132,-0.0156576598321431,0.193632973524208,0.0257506924406033,0.0325829097878753,-0.11638826299482,1,0.001,4.5157234,123,0.030456670453866356,-0.11638826299481908,0.4145924247941069
ECMADE_MOO,TAIWAN50,window_009,7,49,10,726,116,0.0895197226023512,0.0885197226023512,0.204730864310014,0.202330021242865,0.279199371592657,0.806254200488466,1.01271649774945,-0.226532158952323,1,0.001,4.7871731,116,0.045123175798165514,-0.22653215895232226,0.40875480648526497
ECMADE_MOO,TAIWAN50,window_010,7,49,10,725,124,0.287616803410156,0.286616803410156,0.671532309358879,0.668895171222115,0.156013578128638,3.37371377767575,5.109841200576,-0.0634632253984065,1,0.001,4.9162141,124,0.02045668391133953,-0.06346322539840676,0.7274585203069937
ECMADE_MOO,TAIWAN50,window_011,7,49,10,722,116,0.615814040463819,0.614814040463819,1.83603968056404,1.83222809305746,0.297150747956782,3.6621135998802,5.84428558625967,-0.0700074631985234,1,0.001,4.334658,116,0.03582050381115775,-0.07000746319852369,0.5789463047660806
ECMADE_MOO,TAIWAN50,window_001,8,49,10,730,115,0.368857232604298,0.367857232604298,0.989766972489253,0.986583084727015,0.235814797857518,3.03778180625218,5.28807476524793,-0.114474155752153,1,0.001,4.4394734,115,0.027082129318743226,-0.11447415575215303,1.0
ECMADE_MOO,TAIWAN50,window_002,8,49,10,729,126,0.0211770007358605,0.0201770007358605,0.0428024668318876,0.0407611128304162,0.356542197223656,0.295013292465993,0.435337913777593,-0.267411039294794,1,0.001,4.395704,126,0.04594991453372107,-0.2674110392947944,0.6736023213410722
ECMADE_MOO,TAIWAN50,window_003,8,49,10,728,117,-0.337682380828536,-0.338682380828536,-0.588277731836492,-0.58961547978016,0.325538634305075,-2.55884290509692,-3.73928896530642,-0.340047064659792,1,0.001,4.763133,117,0.04755708558626414,-0.34004706465979284,0.5089049557084443
ECMADE_MOO,TAIWAN50,window_004,8,49,10,730,127,-0.0160242525550365,-0.0170242525550365,-0.0315453905783666,-0.0334973663931206,0.161466130934075,-0.118254256712961,-0.176786963924134,-0.169045929963375,1,0.001,4.34352,127,0.02273825717863533,-0.1690459299633741,0.6018000212776248
ECMADE_MOO,TAIWAN50,window_005,8,49,10,733,112,0.322449378614781,0.321449378614781,0.875438719339506,0.872249377629054,0.15454768253331,4.15038932174124,7.47447998679657,-0.0426637277387427,1,0.001,4.6971855,112,0.01619500030567943,-0.04266372773874305,0.243943533064716
ECMADE_MOO,TAIWAN50,window_006,8,49,10,729,125,0.170316863982317,0.169316863982317,0.373092458064902,0.370728181421549,0.31182242618307,1.17265979230114,1.62617102594363,-0.21381171048037,1,0.001,4.5303864,125,0.044882003006559756,-0.2138117104803704,0.6499778278956028
ECMADE_MOO,TAIWAN50,window_007,8,49,10,727,117,0.220901436133506,0.219901436133506,0.537080761337625,0.534370410566769,0.162972466690147,2.72056868692258,4.49950559441621,-0.0559512268863095,1,0.001,4.3784626,117,0.019997235868367037,-0.0559512268863096,0.7017445610714291
ECMADE_MOO,TAIWAN50,window_008,8,49,10,729,123,-0.0084818100707465,-0.0094818100707465,-0.0173000869769998,-0.0193295723052839,0.197805908004203,0.0105841091352356,0.0130866020428054,-0.125582812656147,1,0.001,4.5987857,123,0.03124972681089406,-0.12558281265614635,0.4112324417350553
ECMADE_MOO,TAIWAN50,window_009,8,49,10,726,116,0.0925102016020569,0.0915102016020569,0.211925960066143,0.209517385700912,0.232759573654578,0.942052649962532,1.13982353402087,-0.189313616668684,1,0.001,4.5553614,116,0.03705242177598512,-0.18931361666868407,0.42422270058425443
ECMADE_MOO,TAIWAN50,window_010,8,49,10,725,124,0.327942703077051,0.326942703077051,0.779640172748717,0.776917704072511,0.158257167577197,3.72494915250696,5.59125718668222,-0.0494775398137137,1,0.001,5.0621012,124,0.019914596030444657,-0.0494775398137135,0.528260586554451
ECMADE_MOO,TAIWAN50,window_011,8,49,10,722,116,0.506809705526304,0.505809705526304,1.43678124513622,1.43326942954652,0.224898828070475,4.0785664995251,6.52841846422388,-0.0522753839455353,1,0.001,5.0567196,116,0.027827884462199703,-0.052275383945535325,0.3178995419627397
ECMADE_MOO,TAIWAN50,window_001,9,49,10,730,115,0.449826966460131,0.448826966460131,1.25679874619092,1.25338916604798,0.271255940758552,3.13886967494031,5.97535153014971,-0.131968169242231,1,0.001,4.3940193,115,0.028725711572637314,-0.13196816924223098,1.0
ECMADE_MOO,TAIWAN50,window_002,9,49,10,729,126,0.0055965012736114,0.0045965012736114,0.0112243233737284,0.0092141303711814,0.339765669224586,0.201974169147338,0.293659738706651,-0.261139703301606,1,0.001,4.8017881,126,0.044910012848596845,-0.2611397033016061,0.5051001602448926
ECMADE_MOO,TAIWAN50,window_003,9,49,10,728,117,-0.315843018200966,-0.316843018200966,-0.558479498086476,-0.55986831002068,0.298693241019372,-2.58379961589406,-3.83183954197942,-0.320000279897847,1,0.001,4.8017377,117,0.04293918209004615,-0.3200002798978465,0.4984537841035908
ECMADE_MOO,TAIWAN50,window_004,9,49,10,730,127,-0.020902276626541,-0.021902276626541,-0.0410486977296566,-0.0429911438713999,0.174059263892647,-0.154286339656474,-0.236883948249076,-0.184910767165718,1,0.001,4.9760501,127,0.024689721503996627,-0.18491076716571775,0.4777544979953826
ECMADE_MOO,TAIWAN50,window_005,9,49,10,733,112,0.275617554491731,0.274617554491731,0.72930300505344,0.726254265659631,0.152135084546972,3.67940498719248,6.33661091354674,-0.0428885847673962,1,0.001,4.9252193,112,0.01714770286730283,-0.04288858476739643,0.30334675349974655
ECMADE_MOO,TAIWAN50,window_006,9,49,10,729,125,0.17005291133113,0.16905291133113,0.372468201507306,0.370104466864052,0.272173331382402,1.299490672413,1.80504575000373,-0.181331360833325,1,0.001,4.7273207,125,0.039394008627467066,-0.18133136083332524,0.7355280953537328
ECMADE_MOO,TAIWAN50,window_007,9,49,10,727,117,0.224516378614678,0.223516378614678,0.546899902282651,0.544180285967288,0.135693902303694,3.28491915390707,5.35657992163876,-0.042169722656559,1,0.001,4.2999636,117,0.01585675507589875,-0.04216972265655883,0.704804205140535
ECMADE_MOO,TAIWAN50,window_008,9,49,10,729,123,-0.0168483835731706,-0.0178483835731706,-0.034213746805836,-0.0362252663224929,0.198268528714831,-0.0765477286653854,-0.0946622481134697,-0.125373631938306,1,0.001,4.3940103,123,0.030716333253557156,-0.12537363193830608,0.3175857358975972
ECMADE_MOO,TAIWAN50,window_009,9,49,10,726,116,0.0769357146615453,0.0759357146615453,0.174706905209223,0.172338555433008,0.276027566142384,0.720818646775514,0.887913854346192,-0.232229008723018,1,0.001,4.3375857,116,0.0450422874527382,-0.23222900872301822,0.28978015155018566
ECMADE_MOO,TAIWAN50,window_010,9,49,10,725,124,0.296420514571062,0.295420514571062,0.694840189192602,0.692184429464479,0.150199140097315,3.59078325275142,5.52842961951115,-0.0505599550447534,1,0.001,5.1071728,124,0.01920532473810303,-0.050559955044753524,0.668471363175636
ECMADE_MOO,TAIWAN50,window_011,9,49,10,722,116,0.477452936376735,0.476452936376735,1.33482214262021,1.33139043438028,0.23402034670983,3.74510521345958,6.02092906313406,-0.0535880068304198,1,0.001,4.7160619,116,0.028416143366651048,-0.05358800683041964,0.48876114754608496
ECMADE_MOO,TAIWAN50,window_001,10,49,10,730,115,0.390138716857435,0.389138716857435,1.05818269391359,1.05493972814897,0.327720683117004,2.36667419738235,4.55515593537453,-0.153119818081915,1,0.001,4.4143493,115,0.03596080789465091,-0.1531198180819151,1.0
ECMADE_MOO,TAIWAN50,window_002,10,49,10,729,126,0.0390271077448403,0.0380271077448403,0.0795773306286081,0.0775002764131181,0.352162822116387,0.392561436186156,0.575974971718686,-0.277586313997073,1,0.001,4.3750261,126,0.04538112939460624,-0.27758631399707256,0.6602597427090102
ECMADE_MOO,TAIWAN50,window_003,10,49,10,728,117,-0.341468386738707,-0.342468386738707,-0.593330156250698,-0.594659077995933,0.31838560971686,-2.66221170821288,-3.91189984218199,-0.345476979629483,1,0.001,4.1782269,117,0.0457650049261246,-0.34547697962948387,0.5776727280387893
ECMADE_MOO,TAIWAN50,window_004,10,49,10,730,127,-0.0276053491606231,-0.0286053491606231,-0.0540317113232429,-0.055961061169246,0.162737633849244,-0.260465070771713,-0.405917961379814,-0.166950945531744,1,0.001,4.6685112,127,0.021866795496536685,-0.16695094553174394,0.6265984365757811
ECMADE_MOO,TAIWAN50,window_005,10,49,10,733,112,0.293902054189494,0.292902054189494,0.785575240856542,0.782471757258726,0.166813345725503,3.5618345373821,6.64585382291556,-0.0498861665116143,1,0.001,4.2865589,112,0.0179608351284456,-0.04988616651161404,0.42312266023168393
ECMADE_MOO,TAIWAN50,window_006,10,49,10,729,125,0.183778428770123,0.182778428770123,0.405119207342101,0.40272728615057,0.285460854645772,1.33430206120521,1.83577734766149,-0.18594015023607,1,0.001,4.0771565,125,0.040814597341740165,-0.18594015023607036,0.7488182807019775
ECMADE_MOO,TAIWAN50,window_007,10,49,10,727,117,0.252041227197694,0.251041227197694,0.622764542613705,0.619974239366194,0.166164729620677,2.99853775615194,4.81301086604212,-0.0557431263338457,1,0.001,4.4629755,117,0.020947754814778768,-0.055743126333845705,0.6325773285891605
ECMADE_MOO,TAIWAN50,window_008,10,49,10,729,123,-0.0113781796344246,-0.0123781796344246,-0.0231723283217876,-0.0251955933422867,0.207581118031468,-0.009264778896632,-0.0115114226420331,-0.125216114654748,1,0.001,4.6457597,123,0.03291329124240887,-0.12521611465474736,0.4598968772097305
ECMADE_MOO,TAIWAN50,window_009,10,49,10,726,116,0.0654880226108041,0.0644880226108041,0.147748933688557,0.145410086294196,0.276576540034914,0.63598050598016,0.791048937061527,-0.232480706230676,1,0.001,4.2927046,116,0.044466708824620595,-0.23248070623067496,0.5745431790730594
ECMADE_MOO,TAIWAN50,window_010,10,49,10,725,124,0.327983228295902,0.326983228295902,0.779750546023637,0.77702799155263,0.156270260487786,3.77067158213714,5.84434807235187,-0.0509950422485033,1,0.001,4.8778083,124,0.01916039406946041,-0.05099504224850293,0.6721411861933916
ECMADE_MOO,TAIWAN50,window_011,10,49,10,722,116,0.61412225790826,0.61312225790826,1.8295929221203,1.82578601449851,0.285234472601209,3.79501027939109,6.25169258280059,-0.0670581373903812,1,0.001,4.4621699,116,0.0352857927205651,-0.06705813739038136,0.582663049553564
GDE3,TAIWAN50,window_001,1,49,10,730,115,0.376064663444142,0.375064663444142,1.01279663856353,1.00959276231503,0.303639008032989,2.45633486638043,4.46238788740733,-0.147882049188579,1,0.001,1.4248785,115,0.034095330200788594,-0.14788204918857917,1.0
GDE3,TAIWAN50,window_002,1,49,10,729,126,0.0112072168622657,0.0102072168622657,0.0225400354343293,0.020518621000605,0.361466114297001,0.241636297600532,0.353480298278374,-0.277594179794592,1,0.001,1.4765415,126,0.04768650239273291,-0.2775941797945921,0.6276168500174872
GDE3,TAIWAN50,window_003,1,49,10,728,117,-0.278552129301775,-0.279552129301775,-0.505011294141019,-0.506487876258979,0.266088604754566,-2.50661665968268,-3.70403352056346,-0.287061269262822,1,0.001,1.4443993,117,0.03893525446452836,-0.2870612692628226,0.6350536088794462
GDE3,TAIWAN50,window_004,1,49,10,730,127,-0.0375485754085706,-0.0385485754085706,-0.0731287949494926,-0.0750387153452281,0.181798605723642,-0.327250281533527,-0.486299068894417,-0.196441175878349,1,0.001,1.5459363,127,0.025518233582804528,-0.19644117587834897,0.495827025733166
GDE3,TAIWAN50,window_005,1,49,10,733,112,0.326168475988908,0.325168475988908,0.887326663195663,0.88412610165259,0.152310364817024,4.25073227308649,7.71703665953106,-0.0443846887942536,1,0.001,1.4700113,112,0.016296214723753633,-0.0443846887942535,0.2733091866440142
GDE3,TAIWAN50,window_006,1,49,10,729,125,0.157924848614269,0.156924848614269,0.343939237145747,0.341600404135853,0.29304637599151,1.15506782456851,1.62331265560413,-0.205002689511369,1,0.001,1.4111482,125,0.041507487375698204,-0.20500268951136913,0.6996282550492273
GDE3,TAIWAN50,window_007,1,49,10,727,117,0.218069042349694,0.217069042349694,0.529410629880075,0.526707535935627,0.148652919223905,2.93417467457624,5.08740653340968,-0.0526679083910476,1,0.001,1.4085598,117,0.0172578914650607,-0.052667908391047624,0.6987896161261298
GDE3,TAIWAN50,window_008,1,49,10,729,123,-0.0086844744111935,-0.0096844744111935,-0.0177115648144897,-0.0197406148674366,0.215429857961723,0.0246722005509657,0.0305663559795247,-0.139693308336608,1,0.001,1.4395973,123,0.03383008472848536,-0.13969330833660776,0.4159891102630668
GDE3,TAIWAN50,window_009,1,49,10,726,116,0.0732784946554621,0.0722784946554621,0.166057860842148,0.163698942167153,0.276563928547649,0.693182417470065,0.866271345602425,-0.226057091520014,1,0.001,1.4802887,116,0.04406518253129738,-0.2260570915200133,0.4624074388512891
GDE3,TAIWAN50,window_010,1,49,10,725,124,0.346480634561366,0.345480634561366,0.830492563402327,0.827730839811478,0.16326346192398,3.78860020638811,5.72597207473085,-0.0571662167070955,1,0.001,1.4580605,124,0.020619844208516445,-0.05716621670709521,0.8029059642591136
GDE3,TAIWAN50,window_011,1,49,10,722,116,0.514264462852207,0.513264462852207,1.4630471438768,1.45951494299915,0.230108125156728,4.03798676598153,6.47445121386838,-0.0580383684640677,1,0.001,1.4312308,116,0.0279169467983516,-0.058038368464067625,0.422965679729105
GDE3,TAIWAN50,window_001,2,49,10,730,115,0.350874752524506,0.349874752524506,0.9329356831014,0.929801578487332,0.283387663227978,2.46802159221382,4.48133141021945,-0.143837882613869,1,0.001,1.4616266,115,0.03197592895926171,-0.14383788261386843,1.0
GDE3,TAIWAN50,window_002,2,49,10,729,126,0.003432778923389,0.002432778923389,0.0068773418179148,0.0048714762600683,0.351628717826827,0.194435593081284,0.288549585085093,-0.271247535683988,1,0.001,1.4596389,126,0.04626199636956606,-0.2712475356839865,0.6782924386559358
GDE3,TAIWAN50,window_003,2,49,10,728,117,-0.289217512881793,-0.290217512881793,-0.520637891566197,-0.522089297984775,0.268377305522461,-2.60221614710976,-3.99312267201677,-0.293937909257521,1,0.001,1.466984,117,0.03824217164814548,-0.29393790925751984,0.5882109975127654
GDE3,TAIWAN50,window_004,2,49,10,730,127,-0.035048917899919,-0.036048917899919,-0.0683461006255996,-0.0702609057455209,0.170896096990742,-0.329245110757417,-0.493002395152555,-0.187102319742997,1,0.001,1.521476,127,0.023913061873180742,-0.18710231974299696,0.5371595105995896
GDE3,TAIWAN50,window_005,2,49,10,733,112,0.348456755145463,0.347456755145463,0.959446013286451,0.956178047729638,0.164433532654496,4.17753830669399,7.75144889799138,-0.0498081604375187,1,0.001,1.5083333,112,0.017286467398532,-0.0498081604375189,0.3772289141908722
GDE3,TAIWAN50,window_006,2,49,10,729,125,0.164667492719732,0.163667492719732,0.359762748267626,0.357410071609399,0.302397837175067,1.16716416563489,1.63011104329008,-0.212355472991283,1,0.001,1.3949341,125,0.04241938105415619,-0.21235547299128343,0.6819240916095312
GDE3,TAIWAN50,window_007,2,49,10,727,117,0.20247990470127,0.20147990470127,0.487562838460132,0.484899638557743,0.145141169254222,2.81018325935647,4.85806341055505,-0.0481947040426816,1,0.001,1.4150991,117,0.0165954029767586,-0.04819470404268145,0.5949725182935149
GDE3,TAIWAN50,window_008,2,49,10,729,123,-0.0125253717720228,-0.0135253717720228,-0.0254932207392241,-0.0275140222700851,0.213290623818751,-0.0144139347619054,-0.0175776037693661,-0.140384798058068,1,0.001,1.4160819,123,0.03427449792096883,-0.14038479805806747,0.45460274888003227
GDE3,TAIWAN50,window_009,2,49,10,726,116,0.0985368126927406,0.0975368126927406,0.226496272257978,0.224072106184414,0.291724025933451,0.845337894384387,1.02594447754172,-0.240639532621033,1,0.001,1.4220552,116,0.04742882637784598,-0.24063953262103321,0.3807474784336225
GDE3,TAIWAN50,window_010,2,49,10,725,124,0.320230902277177,0.319230902277177,0.758699823297354,0.755993679517075,0.15550056242292,3.71189451301001,5.78935658028527,-0.0536633290928517,1,0.001,1.4133809,124,0.019470403149149645,-0.05366332909285154,0.7258954266951779
GDE3,TAIWAN50,window_011,2,49,10,722,116,0.482598785558667,0.481598785558667,1.35252428093723,1.34907855063257,0.223391915847584,3.94654196015272,6.07578767151385,-0.0475095534147167,1,0.001,1.2934641,116,0.028001175337864486,-0.04750955341471652,0.5927411405672591
GDE3,TAIWAN50,window_001,3,49,10,730,115,0.460647230890362,0.459647230890362,1.29387061647421,1.29043069011624,0.320095169554505,2.75513305666646,5.16442525068492,-0.154797258978367,1,0.001,1.2893527,115,0.03336138224114808,-0.1547972589783676,1.0
GDE3,TAIWAN50,window_002,3,49,10,729,126,0.0118823270552,0.0108823270552,0.0239058438066466,0.0218830791525362,0.331721632017227,0.236232159686363,0.362576413611515,-0.264162036852621,1,0.001,1.5039628,126,0.043761472278457496,-0.26416203685262096,0.5944455084961788
GDE3,TAIWAN50,window_003,3,49,10,728,117,-0.328044225889221,-0.329044225889221,-0.575264648502037,-0.576624900565188,0.299908573168058,-2.70073180271266,-3.95268560738606,-0.331779181330531,1,0.001,1.4400301,117,0.044255665290986984,-0.33177918133053097,0.6069662767931479
GDE3,TAIWAN50,window_004,3,49,10,730,127,-0.0145967706701149,-0.0155967706701149,-0.0287555958484894,-0.0307103602407182,0.194002059577606,-0.0539220824915647,-0.0805658314542977,-0.191351381604625,1,0.001,1.4635342,127,0.027364536865895527,-0.19135138160462528,0.4341618750411514
GDE3,TAIWAN50,window_005,3,49,10,733,112,0.298047318629698,0.297047318629698,0.798471996322142,0.795356074683786,0.145398663536605,4.11334923203623,7.50116524567997,-0.0403952124917243,1,0.001,1.4679166,112,0.015792769063454146,-0.040395212491724064,0.2589608314907647
GDE3,TAIWAN50,window_006,3,49,10,729,125,0.180575184830413,0.179575184830413,0.397464547492532,0.39507920491229,0.291732097291675,1.29303428062655,1.81879310740994,-0.186835605593513,1,0.001,1.4611213,125,0.04152272539238601,-0.1868356055935132,0.6543016032132447
GDE3,TAIWAN50,window_007,3,49,10,727,117,0.216699122800818,0.215699122800818,0.525708257683752,0.523008672654784,0.158988823277646,2.73796730549755,4.62995343888714,-0.0563499000828958,1,0.001,1.3880452,117,0.019029636972283815,-0.056349900082895865,0.5924002556523209
GDE3,TAIWAN50,window_008,3,49,10,729,123,-0.0083859616994502,-0.0093859616994502,-0.0171054513165084,-0.0191351425060631,0.203659974663661,0.0169715459599769,0.0209174986986275,-0.134156065387589,1,0.001,1.4163488,123,0.03170586421341887,-0.1341560653875885,0.37694758367116865
GDE3,TAIWAN50,window_009,3,49,10,726,116,0.0985570656503976,0.0975570656503976,0.226545395533475,0.224121177037677,0.295228118237088,0.838879996339813,1.02267696110038,-0.243023154447122,1,0.001,1.4334247,116,0.04805078354872281,-0.24302315444712186,0.358145224963777
GDE3,TAIWAN50,window_010,3,49,10,725,124,0.328373394469355,0.327373394469355,0.780813368833496,0.778089988348331,0.155156320157755,3.80057232470307,5.72939435003328,-0.0485637223292793,1,0.001,1.4734295,124,0.019962644943388803,-0.04856372232927919,0.6979333547131451
GDE3,TAIWAN50,window_011,3,49,10,722,116,0.506035210842657,0.505035210842657,1.43406112393941,1.43055142523601,0.221130349546545,4.13930718555438,6.42668343951738,-0.0506343941322243,1,0.001,1.3485189,116,0.02759711233374347,-0.05063439413222415,0.5274230387520117
GDE3,TAIWAN50,window_001,4,49,10,730,115,0.284544106486388,0.283544106486388,0.731020465054524,0.728068885728281,0.26751067125705,2.18513405139921,3.85479480843043,-0.132588446343409,1,0.001,1.3598871,115,0.0302091674716138,-0.1325884463434086,1.0
GDE3,TAIWAN50,window_002,4,49,10,729,126,0.0074314975136644,0.0064314975136644,0.0149182221826245,0.0129043591875975,0.315662506146739,0.203913267430164,0.305536841771196,-0.252850042133664,1,0.001,1.4950128,126,0.04115117960731237,-0.2528500421336639,0.5816729117598346
GDE3,TAIWAN50,window_003,4,49,10,728,117,-0.288154862731283,-0.289154862731283,-0.519092970030367,-0.520546882247145,0.266677692422103,-2.60846749858693,-3.94196260494408,-0.292559925957821,1,0.001,1.4182676,117,0.03765619103075255,-0.2925599259578199,0.5189104843291072
GDE3,TAIWAN50,window_004,4,49,10,730,127,-0.0177964453982858,-0.0187964453982858,-0.0350033314695466,-0.0369518452272953,0.190047276036858,-0.0930028478864003,-0.141800561018072,-0.187936571794739,1,0.001,1.4802853,127,0.026554787714630015,-0.18793657179473822,0.42780850829830086
GDE3,TAIWAN50,window_005,4,49,10,733,112,0.349205561524045,0.348205561524045,0.961895071127089,0.958624836169463,0.159508935030305,4.30935799136955,8.13769208766822,-0.0487789133216182,1,0.001,1.4557986,112,0.016327692720901354,-0.04877891332161788,0.273158390032475
GDE3,TAIWAN50,window_006,4,49,10,729,125,0.176333656462103,0.175333656462103,0.387361167155556,0.384984535106973,0.335089171752102,1.1444746237257,1.58173339204915,-0.227264180150458,1,0.001,1.4170741,125,0.0479076604790287,-0.22726418015045757,0.6915626607953075
GDE3,TAIWAN50,window_007,4,49,10,727,117,0.232621755386297,0.231621755386297,0.569038055238673,0.566297648550721,0.138696677447435,3.31937336930308,5.69046348771472,-0.0449711743696185,1,0.001,1.4040424,117,0.016144914639346683,-0.04497117436961795,0.7398941134039062
GDE3,TAIWAN50,window_008,4,49,10,729,123,-0.0017573311025639,-0.0027573311025639,-0.0035970679147547,-0.0056409982994314,0.178550759623134,0.0689988476929078,0.0840130794677445,-0.108677369252088,1,0.001,1.405304,123,0.02758960225907241,-0.10867736925208904,0.2896979921008526
GDE3,TAIWAN50,window_009,4,49,10,726,116,0.106383576030367,0.105383576030367,0.245608009248011,0.24316352035888,0.298537137412584,0.884609813696707,1.07974509027098,-0.247259984159349,1,0.001,1.2766453,116,0.04852928271392946,-0.24725998415934836,0.5288349061941843
GDE3,TAIWAN50,window_010,4,49,10,725,124,0.367010350728788,0.366010350728788,0.887658124115122,0.884852907567511,0.170917995020719,3.80668681707982,6.02482957697536,-0.0585343455319275,1,0.001,1.4471557,124,0.021205167488228184,-0.05853434553192749,0.6778202552953421
GDE3,TAIWAN50,window_011,4,49,10,722,116,0.469987652390479,0.468987652390479,1.30926918804376,1.30585780718392,0.212299243010415,4.05371277387555,6.45306796096703,-0.0509317462511207,1,0.001,1.3855194,116,0.02582490642256152,-0.050931746251120735,0.6340074349289668
GDE3,TAIWAN50,window_001,5,49,10,730,115,0.507423954032223,0.506423954032223,1.45792164320294,1.45435003603662,0.326402736402373,2.92030665125046,5.53096651034004,-0.155529207488524,1,0.001,1.4094666,115,0.0338414966206749,-0.15552920748852328,1.0
GDE3,TAIWAN50,window_002,5,49,10,729,126,0.0082641434864656,0.0072641434864656,0.0165965830404962,0.0145810547535234,0.355378884211249,0.223154442851112,0.333821200367335,-0.276336741264127,1,0.001,1.459361,126,0.046283172960360476,-0.27633674126412733,0.5934901412522289
GDE3,TAIWAN50,window_003,5,49,10,728,117,-0.293134018822941,-0.294134018822941,-0.526308870787343,-0.527751046815233,0.268057480638883,-2.64977872802537,-3.91507910442051,-0.297334359667996,1,0.001,1.4603848,117,0.03964544385295287,-0.2973343596679976,0.6214984255531321
GDE3,TAIWAN50,window_004,5,49,10,730,127,-0.0155335843003918,-0.0165335843003918,-0.030586903592005,-0.0325398379314961,0.189421334626561,-0.0697579758662305,-0.102338623638719,-0.189553124172356,1,0.001,1.4943735,127,0.026979289025879327,-0.18955312417235703,0.4697006291340552
GDE3,TAIWAN50,window_005,5,49,10,733,112,0.30282021525011,0.30182021525011,0.813385336327335,0.810255081104268,0.142062293667322,4.26488412361069,7.90177421933649,-0.0409416577927623,1,0.001,1.4717917,112,0.015357683643567247,-0.040941657792762265,0.19050831814744246
GDE3,TAIWAN50,window_006,5,49,10,729,125,0.155815007498976,0.154815007498976,0.339007074784168,0.336672573326295,0.276142226187995,1.19510113017241,1.6597658461248,-0.196813315878557,1,0.001,1.5012829,125,0.03935894491647733,-0.19681331587855655,0.6933386302357386
GDE3,TAIWAN50,window_007,5,49,10,727,117,0.256927691040029,0.255927691040029,0.63643626428058,0.63363338686943,0.143596167589004,3.50430671173398,5.80334699700662,-0.046916520396039,1,0.001,1.3839515,117,0.016632303726156348,-0.046916520396038996,0.6422586433388129
GDE3,TAIWAN50,window_008,5,49,10,729,123,-0.0239454412323602,-0.0249454412323602,-0.0484431727113506,-0.0504394583342421,0.214996598048431,-0.12325316784446,-0.147915482383097,-0.132066563636045,1,0.001,1.4068933,123,0.03415306025612073,-0.1320665636360444,0.29769694892784127
GDE3,TAIWAN50,window_009,5,49,10,726,116,0.0919296806498027,0.0909296806498027,0.210527417327049,0.208120344070964,0.258894495967673,0.866995029567782,1.08697809115894,-0.206988278524284,1,0.001,1.4141551,116,0.04097443744929268,-0.20698827852428392,0.5003763547086038
GDE3,TAIWAN50,window_010,5,49,10,725,124,0.370031876383331,0.369031876383331,0.896147032692717,0.893335413144934,0.166077936025107,3.93980650192943,6.15228079887848,-0.0512362912463008,1,0.001,1.4352127,124,0.0206468145004217,-0.051236291246301136,0.6422529047163809
GDE3,TAIWAN50,window_011,5,49,10,722,116,0.455569725759069,0.454569725759069,1.26034727674356,1.25697510431837,0.208384562762,4.02296873627275,6.26322930547774,-0.0463301020041441,1,0.001,1.4027646,116,0.02632643684048269,-0.046330102004144,0.5449141763103473
GDE3,TAIWAN50,window_001,6,49,10,730,115,0.394666556448802,0.393666556448802,1.07290112273794,1.06964556512662,0.264477126161022,2.89032438510706,5.23186300051018,-0.130590183644505,1,0.001,1.4651129,115,0.029680685356017016,-0.13059018364450448,1.0
GDE3,TAIWAN50,window_002,6,49,10,729,126,0.0127667165684093,0.0117667165684093,0.0256964221887568,0.0236718887556198,0.341133652357602,0.244140758005067,0.365270127204517,-0.265827772261472,1,0.001,1.4800703,126,0.044767142608157055,-0.26582777226147203,0.6681650236234695
GDE3,TAIWAN50,window_003,6,49,10,728,117,-0.340177517503866,-0.341177517503866,-0.591611246066947,-0.592943176300213,0.307288393304735,-2.75598522075029,-4.0891733113403,-0.343685626133317,1,0.001,1.4667165,117,0.04467524001310877,-0.3436856261333171,0.5865565790972768
GDE3,TAIWAN50,window_004,6,49,10,730,127,-0.0156431404247922,-0.0166431404247922,-0.0308009547947624,-0.0327536751160569,0.173311830255224,-0.0943874748348095,-0.14347191451988,-0.178446984699327,1,0.001,1.463269,127,0.02409912915271967,-0.17844698469932652,0.5621902261771499
GDE3,TAIWAN50,window_005,6,49,10,733,112,0.311113219023086,0.310113219023086,0.839460393471945,0.83630520213096,0.156254533936299,3.98250767271712,7.19119778216966,-0.0445765857479635,1,0.001,1.4728264,112,0.01686745946994955,-0.044576585747963415,0.31720841467532723
GDE3,TAIWAN50,window_006,6,49,10,729,125,0.193018771143133,0.192018771143133,0.427318550988893,0.424907650997273,0.276218786437024,1.42637042515523,2.0095340654727,-0.17442010613794,1,0.001,1.3510283,125,0.03917911965887771,-0.17442010613794068,0.7176220829757982
GDE3,TAIWAN50,window_007,6,49,10,727,117,0.242537704368157,0.241537704368157,0.596350739563466,0.593584869747942,0.148631519417095,3.22330784506637,5.48322091408681,-0.0521597634990055,1,0.001,1.3771302,117,0.017088479641926935,-0.05215976349900597,0.39271827894125977
GDE3,TAIWAN50,window_008,6,49,10,729,123,0.0072049577394839,0.0062049577394839,0.0148171549296647,0.0127539650029478,0.183504524256234,0.171801352461617,0.210996202746062,-0.11757014308275,1,0.001,1.4008574,123,0.027822706027161855,-0.11757014308275004,0.4434160034924529
GDE3,TAIWAN50,window_009,6,49,10,726,116,0.0838800907971875,0.0828800907971875,0.191224799506131,0.188838526638141,0.267263058845244,0.787815260898437,0.982788359700334,-0.214407072108781,1,0.001,1.4413173,116,0.042610554667017964,-0.21440707210878118,0.40797521978321427
GDE3,TAIWAN50,window_010,6,49,10,725,124,0.331243586706882,0.330243586706882,0.788641753224241,0.785912296063494,0.158564675038884,3.74984279567557,5.95761984001982,-0.0542883948181133,1,0.001,1.4714108,124,0.019306031475776142,-0.054288394818113206,0.6189688750113377
GDE3,TAIWAN50,window_011,6,49,10,722,116,0.515215901445669,0.514215901445669,1.46641035590037,1.46287555203395,0.23165890992066,4.01843924859596,6.34906076710942,-0.0515553760144081,1,0.001,1.3760002,116,0.02871497696865788,-0.05155537601440807,0.5103694413645687
GDE3,TAIWAN50,window_001,7,49,10,730,115,0.379662619807428,0.378662619807428,1.02434700120393,1.02113313917752,0.285303214612509,2.61584873194374,4.56837798501961,-0.137630164290074,1,0.001,1.4180335,115,0.03257126804161677,-0.1376301642900739,1.0
GDE3,TAIWAN50,window_002,7,49,10,729,126,-0.0070867745212199,-0.0080867745212199,-0.0141233266693254,-0.0161081531202829,0.357538850169101,0.138226990424657,0.203085910887016,-0.288760868007039,1,0.001,1.442699,126,0.04741536050912284,-0.2887608680070384,0.6216791839844691
GDE3,TAIWAN50,window_003,7,49,10,728,117,-0.276765392469335,-0.277765392469335,-0.50236714613089,-0.503847951481003,0.264907552944268,-2.49893549339603,-3.72572949961959,-0.286158409648399,1,0.001,1.4217505,117,0.038292371328405406,-0.2861584096483999,0.6276872484619086
GDE3,TAIWAN50,window_004,7,49,10,730,127,-0.0312625372037438,-0.0322625372037438,-0.0610782126016567,-0.0630004165258328,0.174079568582616,-0.275486476709786,-0.419462912714071,-0.187986261349662,1,0.001,1.4832563,127,0.023982678321192615,-0.187986261349661,0.4575707753663409
GDE3,TAIWAN50,window_005,7,49,10,733,112,0.300891318434187,0.299891318434187,0.807350088397531,0.804225627468474,0.138335740669575,4.35188657700886,7.7390457661602,-0.0390896171300898,1,0.001,1.5296632,112,0.014815867668213549,-0.03908961713008974,0.25167715911620314
GDE3,TAIWAN50,window_006,7,49,10,729,125,0.182988769669263,0.181988769669263,0.403230234441037,0.400839935025817,0.289386685987011,1.31542589211312,1.83695828727501,-0.191873761317212,1,0.001,1.3530369,125,0.04134346960248542,-0.19187376131721223,0.6741672819636303
GDE3,TAIWAN50,window_007,7,49,10,727,117,0.237097383849742,0.236097383849742,0.581334550056207,0.578582654307329,0.149099721328322,3.15015074981076,5.5234856448324,-0.0554483405344536,1,0.001,1.3978878,117,0.01761327099492943,-0.055448340534453244,0.5869911631138836
GDE3,TAIWAN50,window_008,7,49,10,729,123,-0.0078571173688282,-0.0088571173688282,-0.0160311923588148,-0.0180620194074126,0.20313006376601,0.0220503203657412,0.0266327099069291,-0.125958254553763,1,0.001,1.4023474,123,0.031968974415099216,-0.12595825455376286,0.29135473474197604
GDE3,TAIWAN50,window_009,7,49,10,726,116,0.091914861920708,0.090914861920708,0.210491728685743,0.208084693746076,0.284545770351849,0.813201846222609,0.992830211591543,-0.230265337754414,1,0.001,1.4382246,116,0.04606459085106798,-0.23026533775441427,0.5501979325033411
GDE3,TAIWAN50,window_010,7,49,10,725,124,0.326682576217219,0.325682576217219,0.776209863822977,0.773490062883745,0.152641970709416,3.8435373334131,6.12286989899253,-0.0407779105579384,1,0.001,1.4502903,124,0.018641546787614267,-0.040777910557938446,0.641995818068378
GDE3,TAIWAN50,window_011,7,49,10,722,116,0.527439426575904,0.526439426575904,1.50983934673446,1.50627107616911,0.237447419859719,3.99999076436278,6.34509620526682,-0.0542868202208748,1,0.001,1.4226666,116,0.02943521504368257,-0.05428682022087494,0.5232228157041428
GDE3,TAIWAN50,window_001,8,49,10,730,115,0.48491959338192,0.48391959338192,1.37822748577874,1.37471932960427,0.299696508227417,3.04293882206647,5.75233175257819,-0.146112201791705,1,0.001,1.4200936,115,0.03147718061781666,-0.14611220179170448,1.0
GDE3,TAIWAN50,window_002,8,49,10,729,126,0.008028286921057,0.007028286921057,0.016121027233001,0.0141059706591591,0.317607605734022,0.208367245439959,0.307249017214315,-0.254206509744269,1,0.001,1.458839,126,0.0417600269391928,-0.2542065097442687,0.5915446817803083
GDE3,TAIWAN50,window_003,8,49,10,728,117,-0.301239873651255,-0.302239873651255,-0.537931132276452,-0.539354229531666,0.275024787176945,-2.66585551490762,-3.91919383839512,-0.306274749270471,1,0.001,1.4733938,117,0.04047221633667502,-0.30627474927047094,0.5029470975764604
GDE3,TAIWAN50,window_004,8,49,10,730,127,-0.0285311116807476,-0.0295311116807476,-0.0558178982405142,-0.0577454392432484,0.180134346924126,-0.229276426900104,-0.346684181368692,-0.186915438931486,1,0.001,1.4969732,127,0.025315803781428513,-0.18691543893148577,0.48239399662844423
GDE3,TAIWAN50,window_005,8,49,10,733,112,0.288323508598943,0.287323508598943,0.768300607602356,0.765213846937273,0.14644880627036,3.96910674524768,7.03166006187354,-0.0412727872131992,1,0.001,1.4565764,112,0.015671802017435083,-0.04127278721319927,0.24958072645196125
GDE3,TAIWAN50,window_006,8,49,10,729,125,0.133787030434456,0.132787030434455,0.288058159788688,0.285768874669178,0.248621285607433,1.14213635602062,1.63986723900536,-0.177696419465845,1,0.001,1.3255139,125,0.0341572482756485,-0.17769641946584513,0.7319927544879746
GDE3,TAIWAN50,window_007,8,49,10,727,117,0.208416964455821,0.207416964455821,0.503427076581675,0.500748692524111,0.141913227245412,2.94581893883436,4.88414614210096,-0.049510881578769,1,0.001,1.4196266,117,0.017056579665029884,-0.04951088157876904,0.6159119829080418
GDE3,TAIWAN50,window_008,8,49,10,729,123,0.007491014234521,0.006491014234521,0.015407739183489,0.0133439343965167,0.201553847955304,0.176557499215706,0.216695169267839,-0.136472110717381,1,0.001,1.4049053,123,0.03096057807619468,-0.13647211071738052,0.30536108820507835
GDE3,TAIWAN50,window_009,8,49,10,726,116,0.0774142214546008,0.0764142214546008,0.175841089186287,0.173471505045621,0.278156180835269,0.720850100142412,0.894572364330928,-0.228508010421219,1,0.001,1.4521073,116,0.04420717047887467,-0.22850801042121927,0.3159561025485753
GDE3,TAIWAN50,window_010,8,49,10,725,124,0.307290275024211,0.306290275024211,0.723844142044211,0.721165384994174,0.150604753445112,3.69441387053351,5.79260718340167,-0.0413946326711003,1,0.001,1.4347354,124,0.01841160018663208,-0.04139463267110011,0.8044420342705746
GDE3,TAIWAN50,window_011,8,49,10,722,116,0.441582896092497,0.440582896092497,1.21342791767225,1.21009371739622,0.205561579376957,3.97287544236394,6.22233903569211,-0.046380000617149,1,0.001,1.3974829,116,0.025436967992192347,-0.046380000617148975,0.49521309073936004
GDE3,TAIWAN50,window_001,9,49,10,730,115,0.452232175091124,0.451232175091124,1.26501097612251,1.26159465413229,0.297294677605493,2.90061473595417,5.31702673251425,-0.143690954789413,1,0.001,1.415876,115,0.0323988761592105,-0.14369095478941318,1.0
GDE3,TAIWAN50,window_002,9,49,10,729,126,0.0153278491347473,0.0143278491347473,0.0308906412285921,0.0288609855303223,0.334014425865909,0.257243145498132,0.383838752221883,-0.251597378891261,1,0.001,1.4650314,126,0.04349167549569355,-0.2515973788912622,0.579741680404248
GDE3,TAIWAN50,window_003,9,49,10,728,117,-0.286794560125921,-0.287794560125921,-0.517111422961034,-0.518568543700317,0.272926402623357,-2.52748708082999,-3.7156145278758,-0.29073184005256,1,0.001,1.57284,117,0.039892306951248,-0.2907318400525598,0.5515592196374284
GDE3,TAIWAN50,window_004,9,49,10,730,127,-0.0454370977220809,-0.0464370977220809,-0.0881421466657297,-0.0900366503339831,0.169133205046553,-0.461447812009264,-0.722346294911361,-0.180603936343908,1,0.001,1.4772251,127,0.02269895171305707,-0.18060393634390726,0.4274739846293455
GDE3,TAIWAN50,window_005,9,49,10,733,112,0.303802888233896,0.302802888233896,0.816464280705937,0.813331072765059,0.148574066802084,4.09569008841501,7.42584534340009,-0.0439772721011792,1,0.001,1.4487562,112,0.015721430769808465,-0.04397727210117908,0.30361244398337056
GDE3,TAIWAN50,window_006,9,49,10,729,125,0.132639359076512,0.131639359076512,0.285430986741509,0.283144057038417,0.267830521023454,1.07110981092075,1.50113109012635,-0.201843789170686,1,0.001,1.3931216,125,0.037779733638393646,-0.20184378917068735,0.6795676367179119
GDE3,TAIWAN50,window_007,9,49,10,727,117,0.187941345190977,0.186941345190977,0.449095201560901,0.446469135526316,0.146194926138394,2.61152653420307,4.33956192327763,-0.0557169877196165,1,0.001,1.3720248,117,0.017462576356281966,-0.05571698771961653,0.6748243452346091
GDE3,TAIWAN50,window_008,9,49,10,729,123,-0.0069001935000776,-0.0079001935000776,-0.0140858343814805,-0.0161187167992718,0.209979900737298,0.0373645761502203,0.0463224397417284,-0.137733456132014,1,0.001,1.411156,123,0.032751280250331756,-0.1377334561320135,0.41745460545482566
GDE3,TAIWAN50,window_009,9,49,10,726,116,0.0931373528095996,0.0921373528095996,0.213437819890248,0.2110276236849,0.249815918658916,0.899057710631046,1.09751144629909,-0.196792432272206,1,0.001,1.4198738,116,0.039543379711244914,-0.19679243227220544,0.3881759681326649
GDE3,TAIWAN50,window_010,9,49,10,725,124,0.355154925980377,0.354154925980377,0.854537434676078,0.851757336872615,0.171625421486121,3.68823817746966,5.72234710421342,-0.0508558554897121,1,0.001,1.4609092,124,0.02115739228754739,-0.050855855489712276,0.6358670857987079
GDE3,TAIWAN50,window_011,9,49,10,722,116,0.476910170260535,0.475910170260535,1.33295918964484,1.3295289599126,0.214546183202126,4.06129517134736,6.44526012054923,-0.0501417161150303,1,0.001,1.4199916,116,0.026864081513385516,-0.050141716115030044,0.5288818539652062
GDE3,TAIWAN50,window_001,10,49,10,730,115,0.350841557337572,0.349841557337572,0.932831601544298,0.92969758871191,0.27207303131381,2.55913697896584,4.57504401648393,-0.139187530369044,1,0.001,1.4270711,115,0.030674653636004353,-0.13918753036904374,1.0
GDE3,TAIWAN50,window_002,10,49,10,729,126,-0.0126384942245796,-0.0136384942245796,-0.0251172569128946,-0.0270909799244454,0.335142497669727,0.0909590059557415,0.133575105199478,-0.273872843993348,1,0.001,1.4680891,126,0.044693390851861116,-0.27387284399334755,0.7294054055744522
GDE3,TAIWAN50,window_003,10,49,10,728,117,-0.263596776686234,-0.264596776686234,-0.482646227635365,-0.484158208406052,0.251327346275931,-2.49362659462362,-3.65003475866305,-0.270094903126602,1,0.001,1.4118799,117,0.03666850601073527,-0.27009490312660267,0.6761301205676153
GDE3,TAIWAN50,window_004,10,49,10,730,127,-0.0256165182400132,-0.0266165182400132,-0.0501887535639349,-0.0521219892860989,0.17560941828602,-0.205931760379686,-0.319296748789369,-0.182522411246165,1,0.001,1.5100786,127,0.023977556761720142,-0.18252241124616475,0.36277931716546064
GDE3,TAIWAN50,window_005,10,49,10,733,112,0.297397299665008,0.296397299665008,0.796446246728423,0.793332276156953,0.144389097528177,4.13329938296504,7.51908999399403,-0.0415186457713866,1,0.001,1.47208,112,0.01574528375886472,-0.041518645771386864,0.27290037729622374
GDE3,TAIWAN50,window_006,10,49,10,729,125,0.170942125553753,0.169942125553753,0.374571792747447,0.372206232184827,0.286918584952003,1.25208889638563,1.78766269229421,-0.196723717616445,1,0.001,1.3055804,125,0.03978883932830685,-0.19672371761644458,0.7127310502028428
GDE3,TAIWAN50,window_007,10,49,10,727,117,0.227135416271959,0.226135416271959,0.554034831325622,0.551308499461797,0.145187624078065,3.11094742295973,5.29626152913088,-0.0536614407722585,1,0.001,1.3421055,117,0.017042004117740733,-0.05366144077225854,0.6022163858416729
GDE3,TAIWAN50,window_008,10,49,10,729,123,-0.0184993283950176,-0.0194993283950176,-0.0375335009558432,-0.0395414762251206,0.197112639001966,-0.0954357048550523,-0.114640711579201,-0.126084724516471,1,0.001,1.3822276,123,0.03165011406722382,-0.12608472451647057,0.4540849820642291
GDE3,TAIWAN50,window_009,10,49,10,726,116,0.0819343294320281,0.0809343294320281,0.186584057851997,0.18420280890109,0.277534725248796,0.754615881607414,0.933978398126996,-0.226238200604495,1,0.001,1.4330092,116,0.044381302872225116,-0.22623820060449484,0.5007039446195456
GDE3,TAIWAN50,window_010,10,49,10,725,124,0.307392642963489,0.306392642963489,0.724118480276125,0.721439506615228,0.147095786119939,3.78014371686209,5.80018064209542,-0.0535174131859906,1,0.001,1.4576788,124,0.01852703973003664,-0.05351741318599046,0.7733296443832277
GDE3,TAIWAN50,window_011,10,49,10,722,116,0.492387915272902,0.491387915272902,1.3863989805403,1.38292655240991,0.222890460148558,4.01922913072007,6.43863444131089,-0.0544248631899795,1,0.001,1.5116636,116,0.02744341028642695,-0.05442486318997952,0.29425470254957514
MOEAD,TAIWAN50,window_001,1,49,10,730,115,0.357749715576597,0.356749715576597,0.954557408942199,0.951404286390338,0.262481569350199,2.68579612574815,4.77906704160769,-0.134638500089015,1,0.001,3.4361998,115,0.02984828101100277,-0.13463850008901446,1.0
MOEAD,TAIWAN50,window_002,1,49,10,729,126,0.0096879527926394,0.0086879527926394,0.0194697620145914,0.0174513861090062,0.338938465027921,0.225554109132524,0.334940217365615,-0.262883912573545,1,0.001,4.4096636,126,0.04492609446499934,-0.26288391257354427,0.6594209271303445
MOEAD,TAIWAN50,window_003,1,49,10,728,117,-0.285177937787068,-0.286177937787068,-0.514750818810481,-0.51621175387446,0.273314467376084,-2.5057121196331,-3.63416918905118,-0.289586700679289,1,0.001,4.9952787,117,0.04020811181352758,-0.28958670067928916,0.506487475169596
MOEAD,TAIWAN50,window_004,1,49,10,730,127,-0.0201489764038491,-0.0211489764038491,-0.0395841624615628,-0.0415280802939934,0.187762724006576,-0.121713278042455,-0.180671552132507,-0.182822156302126,1,0.001,3.826937,127,0.026379692383278718,-0.18282215630212584,0.3667743307195374
MOEAD,TAIWAN50,window_005,1,49,10,733,112,0.350785361576938,0.349785361576938,0.967067565602483,0.9637925417257,0.157984343916098,4.36619634105489,8.12952805074036,-0.0498108281112026,1,0.001,3.7875833,112,0.016604788808502333,-0.04981082811120274,0.2397667291249625
MOEAD,TAIWAN50,window_006,1,49,10,729,125,0.177467993705288,0.176467993705288,0.390059555327779,0.387680593818906,0.304587332798815,1.23357551158891,1.7093950639904,-0.209164595675938,1,0.001,3.4050233,125,0.0435957628115532,-0.2091645956759367,0.6393037005302021
MOEAD,TAIWAN50,window_007,1,49,10,727,117,0.284963957549277,0.283963957549277,0.716067417427929,0.713192250575081,0.180159601388333,3.08974328710661,5.16328496581387,-0.0698173505667865,1,0.001,3.468232,117,0.02267847176678085,-0.0698173505667864,0.638204675224425
MOEAD,TAIWAN50,window_008,1,49,10,729,123,0.0035525605595234,0.0025525605595234,0.0072919767057702,0.0052366366247638,0.254093401063856,0.155893822256679,0.184320225581766,-0.165602132284942,1,0.001,3.4945756,123,0.04085059083045358,-0.16560213228494158,0.25131884131487153
MOEAD,TAIWAN50,window_009,1,49,10,726,116,0.117041679504394,0.116041679504394,0.271822722215481,0.269350589431854,0.328131411973358,0.896778887439216,1.0686394030822,-0.277289364450347,1,0.001,5.5314016,116,0.054120986192201466,-0.277289364450347,0.44081434775404693
MOEAD,TAIWAN50,window_010,1,49,10,725,124,0.350487638711817,0.349487638711817,0.841580049048461,0.838809838142883,0.164608756028161,3.79563072506459,6.09748213711028,-0.0461782919435993,1,0.001,5.5087593,124,0.019732419852998118,-0.04617829194359879,0.538261990535823
MOEAD,TAIWAN50,window_011,1,49,10,722,116,0.622239696537766,0.621239696537766,1.86059764847514,1.85676827833566,0.284214813998407,3.84615572569993,6.22848509555617,-0.0683888119866327,1,0.001,5.422435,116,0.03547519978757505,-0.06838881198663282,0.478934393873059
MOEAD,TAIWAN50,window_001,2,49,10,730,115,0.355229761030461,0.354229761030461,0.946616983189377,0.943470833632428,0.283638043608154,2.49099193962444,4.57995668640141,-0.144245695104754,1,0.001,3.303747,115,0.031496946614938036,-0.14424569510475427,1.0
MOEAD,TAIWAN50,window_002,2,49,10,729,126,0.0138692437672745,0.0128692437672745,0.0279308434572252,0.0259041049696906,0.313499270282608,0.243798510874267,0.36484281835738,-0.244708446519982,1,0.001,4.1866504,126,0.04098188057130546,-0.24470844651998191,0.6225811391131294
MOEAD,TAIWAN50,window_003,2,49,10,728,117,-0.31779689437167,-0.31879689437167,-0.561190880569441,-0.562575113673296,0.296228085397775,-2.62847659388924,-3.94520490420899,-0.323037933840029,1,0.001,4.6225658,117,0.04284016970039761,-0.32303793384002966,0.555806621265126
MOEAD,TAIWAN50,window_004,2,49,10,730,127,-0.0403221155024621,-0.0413221155024621,-0.0784212293502798,-0.0803257295781808,0.202334397219781,-0.302896923490106,-0.452005889128793,-0.204067124078679,1,0.001,3.8180347,127,0.028833697500436083,-0.20406712407867833,0.5077333192337511
MOEAD,TAIWAN50,window_005,2,49,10,733,112,0.294010416572115,0.293010416572115,0.785911721858325,0.782807913241315,0.148006835789827,3.99599398636947,6.94816356512803,-0.0407226072321333,1,0.001,3.9667353,112,0.016239141660603217,-0.04072260723213328,0.2594868450490526
MOEAD,TAIWAN50,window_006,2,49,10,729,125,0.171061095161292,0.170061095161292,0.374853359238694,0.372487554381277,0.317409499863305,1.16158797415786,1.60022677174625,-0.222967856458996,1,0.001,3.3680355,125,0.04572554147113981,-0.22296785645899564,0.657570137780108
MOEAD,TAIWAN50,window_007,2,49,10,727,117,0.290768362244231,0.289768362244231,0.732807066539938,0.72991690292625,0.17838319456953,3.17332173168363,5.45571544435963,-0.064263493712102,1,0.001,3.5866446,117,0.021674244616544464,-0.06426349371210183,0.6420337645631571
MOEAD,TAIWAN50,window_008,2,49,10,729,123,-0.0162879535967794,-0.0172879535967794,-0.0330854922150076,-0.0350982149284742,0.24946387912862,-0.0098778403351796,-0.0117920846719362,-0.15781723320838,1,0.001,3.5733355,123,0.040556663174836485,-0.1578172332083796,0.3722347766040162
MOEAD,TAIWAN50,window_009,2,49,10,726,116,0.116964607762508,0.115964607762508,0.271632098310452,0.269160165591476,0.30474318566903,0.940734204709558,1.13792629441038,-0.257140607376451,1,0.001,3.8287032,116,0.050047051530063565,-0.2571406073764513,0.4692622228897272
MOEAD,TAIWAN50,window_010,2,49,10,725,124,0.310415619345519,0.309415619345519,0.732229821509534,0.72954445097519,0.154792087505242,3.63002169989625,5.56205980948881,-0.0581488598916706,1,0.001,4.1885104,124,0.020048776858327615,-0.058148859891670845,0.5971668092035738
MOEAD,TAIWAN50,window_011,2,49,10,722,116,0.647639227310157,0.646639227310157,1.95879085408046,1.95489107362866,0.280392608626391,4.0156340265544,6.60521514313932,-0.0680264591203755,1,0.001,6.6217575,116,0.034398686677849795,-0.0680264591203753,0.5656948610002974
MOEAD,TAIWAN50,window_001,3,49,10,730,115,0.328210147202268,0.327210147202268,0.862580540211872,0.859509000258533,0.260816810598539,2.516018537121,4.47582030993582,-0.131852148572891,1,0.001,3.4575389,115,0.02959515693653488,-0.13185214857289096,1.0
MOEAD,TAIWAN50,window_002,3,49,10,729,126,0.0119908684722572,0.0109908684722572,0.0241255178712334,0.022102536134289,0.31223902106924,0.231676698489634,0.34514994808506,-0.246028490808053,1,0.001,4.1830323,126,0.041087195607386044,-0.2460284908080521,0.5920905169972772
MOEAD,TAIWAN50,window_003,3,49,10,728,117,-0.302320576015369,-0.303320576015369,-0.539468974300804,-0.540889530468606,0.284336993149174,-2.58113541347495,-3.86576838535195,-0.306721035156307,1,0.001,3.9787727,117,0.040876135672153834,-0.3067210351563082,0.47044189589829244
MOEAD,TAIWAN50,window_004,3,49,10,730,127,-0.0271975603646777,-0.0281975603646777,-0.0532443832328758,-0.0551745298469829,0.189611752516884,-0.194250239676944,-0.290692874999816,-0.188719606458366,1,0.001,3.8885142,127,0.026473663499766514,-0.1887196064583656,0.42275948272633923
MOEAD,TAIWAN50,window_005,3,49,10,733,112,0.268604683067774,0.267604683067774,0.707985573503463,0.704957778941666,0.148351766427908,3.68566060977541,6.44099022243538,-0.0407528031067347,1,0.001,5.5109658,112,0.016634898568457266,-0.04075280310673457,0.2484207603330866
MOEAD,TAIWAN50,window_006,3,49,10,729,125,0.175574878209653,0.174574878209653,0.385557642506748,0.383182568655303,0.294485178859341,1.25464131851595,1.74742499683128,-0.197348332068071,1,0.001,3.4117042,125,0.0423180377408501,-0.19734833206807034,0.6864431503795532
MOEAD,TAIWAN50,window_007,3,49,10,727,117,0.283210772835956,0.282210772835956,0.711028424018532,0.708157784797375,0.183626031861532,3.01874057800836,5.32143037996058,-0.0640186825704677,1,0.001,3.5614127,117,0.021923260972287386,-0.0640186825704675,0.5949849902462068
MOEAD,TAIWAN50,window_008,3,49,10,729,123,-0.0034474426367097,-0.0044474426367097,-0.0070502852983463,-0.0090905846553063,0.237949949280553,0.0893781147326869,0.107024004480106,-0.153184950026048,1,0.001,4.4595742,123,0.03816174737141437,-0.1531849500260477,0.399053501456856
MOEAD,TAIWAN50,window_009,3,49,10,726,116,0.109301544336955,0.108301544336955,0.252755766938578,0.250303714270163,0.305002916928255,0.891035030038034,1.0790036898474,-0.249744682612881,1,0.001,4.2942501,116,0.04997694435580585,-0.2497446826128804,0.4120463363446764
MOEAD,TAIWAN50,window_010,3,49,10,725,124,0.36111371800698,0.36011371800698,0.871147383515297,0.868354661372101,0.171715825229826,3.73856783050519,5.63176610284686,-0.0623501397625855,1,0.001,3.7339469,124,0.022494159184612828,-0.06235013976258552,0.6314902004301143
MOEAD,TAIWAN50,window_011,3,49,10,722,116,0.615191640689321,0.614191640689321,1.83366702427245,1.82985715857435,0.278271009127612,3.88825402470623,6.36841832439186,-0.0620060389624072,1,0.001,4.9630601,116,0.03424244749901062,-0.06200603896240697,0.5692293185045987
MOEAD,TAIWAN50,window_001,4,49,10,730,115,0.363864054271982,0.362864054271982,0.97389688150402,0.97072682960618,0.274720786353229,2.6137638831874,4.77098161782973,-0.1395830552056,1,0.001,3.3683746,115,0.030500752525319284,-0.13958305520559966,1.0
MOEAD,TAIWAN50,window_002,4,49,10,729,126,0.0333897807604746,0.0323897807604746,0.0678944389801819,0.065828659418661,0.344271026577292,0.362110156447375,0.543984720373827,-0.270155123981578,1,0.001,3.5887522,126,0.04507890929917532,-0.2701551239815775,0.6639505463300566
MOEAD,TAIWAN50,window_003,4,49,10,728,117,-0.283399630504444,-0.284399630504444,-0.512146996752565,-0.513612129161405,0.270639296925118,-2.51349520156368,-3.75217179058242,-0.287488790932689,1,0.001,3.461751,117,0.038792497842027436,-0.28748879093268853,0.5875274357164069
MOEAD,TAIWAN50,window_004,4,49,10,730,127,-0.0389712164829288,-0.0399712164829288,-0.0758453386535145,-0.0777524788954608,0.19118943360358,-0.317406776172269,-0.471212705766058,-0.188115386822554,1,0.001,3.5002637,127,0.026930974829454273,-0.18811538682255424,0.4277211640186239
MOEAD,TAIWAN50,window_005,4,49,10,733,112,0.29402685564259,0.29302685564259,0.785962770646747,0.78285891272224,0.158705044058643,3.73705123256349,6.56536962522727,-0.0455309267454355,1,0.001,3.9028111,112,0.017604488724127416,-0.04553092674543546,0.322502192912805
MOEAD,TAIWAN50,window_006,4,49,10,729,125,0.19459730101151,0.19359730101151,0.431128408928008,0.428714266547669,0.29359816912059,1.367949485078,1.90334287985443,-0.18486189357067,1,0.001,3.8500408,125,0.04237160819037868,-0.1848618935706703,0.749308741863985
MOEAD,TAIWAN50,window_007,4,49,10,727,117,0.268604565507671,0.267604565507671,0.669355718880283,0.666522763349983,0.181450045744894,2.91663256552812,5.09318781247808,-0.06602007476746,1,0.001,3.4142131,117,0.021700226139312353,-0.06602007476746008,0.4580785000932256
MOEAD,TAIWAN50,window_008,4,49,10,729,123,-0.0081751184923437,-0.0091751184923437,-0.0166772305507098,-0.0187073745886281,0.256374231892259,0.0629148986522975,0.0743493544265467,-0.169740859449603,1,0.001,3.7129295,123,0.041498796225433496,-0.16974085944960338,0.4549227784519196
MOEAD,TAIWAN50,window_009,4,49,10,726,116,0.1103481778166,0.1093481778166,0.25532494448636,0.252870177961704,0.303867087782035,0.900091414610265,1.08432719923391,-0.250804927299362,1,0.001,5.1081567,116,0.049772538535907955,-0.2508049272993612,0.4306979600111802
MOEAD,TAIWAN50,window_010,4,49,10,725,124,0.357046469871277,0.356046469871277,0.85980190523399,0.857017800185697,0.160192926756034,3.95741486631,6.26187243926084,-0.0447224900272104,1,0.001,4.7002194,124,0.019342997626792115,-0.044722490027210404,0.5774457800997252
MOEAD,TAIWAN50,window_011,4,49,10,722,116,0.607798040463854,0.606798040463854,1.80556376847361,1.80177434768855,0.283559979431953,3.78559301603436,6.16289716333438,-0.0653003237310809,1,0.001,4.6339922,116,0.0348686711332006,-0.06530032373108108,0.5668146188872741
MOEAD,TAIWAN50,window_001,5,49,10,730,115,0.469045766028585,0.468045766028585,1.32287176848645,1.31940825813931,0.30858340520322,2.8873964390358,5.33507293543933,-0.155814665208569,1,0.001,3.2677255,115,0.033404703164195665,-0.1558146652085689,1.0
MOEAD,TAIWAN50,window_002,5,49,10,729,126,0.0299324772575751,0.0289324772575751,0.0607609077099254,0.0587020427554101,0.289070588614378,0.347785238599465,0.526920276401501,-0.222258376390416,1,0.001,3.4994995,126,0.03801030189385667,-0.22225837639041512,0.5563857201366107
MOEAD,TAIWAN50,window_003,5,49,10,728,117,-0.310981219242721,-0.311981219242721,-0.551693959911383,-0.553094174005098,0.293182262050902,-2.58608900599675,-3.88501244555588,-0.315585930551569,1,0.001,3.7460172,117,0.04188614093057324,-0.31558593055156947,0.550446124896021
MOEAD,TAIWAN50,window_004,5,49,10,730,127,-0.0232171646906534,-0.0242171646906534,-0.0455422697816663,-0.0474801933130959,0.195211705124837,-0.141706578152233,-0.215117685126895,-0.184115652840439,1,0.001,3.3956274,127,0.027020449333359786,-0.18411565284043907,0.46255444054271316
MOEAD,TAIWAN50,window_005,5,49,10,733,112,0.324161085159988,0.323161085159988,0.880904936431931,0.877710431796544,0.160753529889058,4.01434331357756,7.18429496079602,-0.0458297620914252,1,0.001,3.5125181,112,0.01707586465891815,-0.045829762091424864,0.35835781664991345
MOEAD,TAIWAN50,window_006,5,49,10,729,125,0.174395268425858,0.173395268425858,0.38275619969594,0.380383548212721,0.302252439527208,1.22332286421962,1.70539220260665,-0.201501721470925,1,0.001,5.3895416,125,0.0434535514278813,-0.20150172147092482,0.7024214171463016
MOEAD,TAIWAN50,window_007,5,49,10,727,117,0.246203103663551,0.245203103663551,0.606510730355102,0.603735440241483,0.177729984824311,2.7576654553919,4.67344298840107,-0.0692335939804921,1,0.001,3.3885996,117,0.021971508574590532,-0.06923359398049245,0.6079525491488373
MOEAD,TAIWAN50,window_008,5,49,10,729,123,-0.0081372393498599,-0.0091372393498599,-0.016600288215632,-0.018630513610749,0.247095852581895,0.0559000512147867,0.0674103838975669,-0.156636471894029,1,0.001,3.8367565,123,0.03957793451794167,-0.15663647189402918,0.39377232161463993
MOEAD,TAIWAN50,window_009,5,49,10,726,116,0.11004125380696,0.10904125380696,0.254571241889603,0.252117271245772,0.327225680087907,0.856515839997589,1.0358407824984,-0.27407321344312,1,0.001,4.8274428,116,0.053850566060477,-0.27407321344312063,0.46204899099056107
MOEAD,TAIWAN50,window_010,5,49,10,725,124,0.322721710387805,0.321721710387805,0.765449510562938,0.762738094396046,0.16659264479541,3.49844637059052,5.42946412302108,-0.0480996365890113,1,0.001,4.6409295,124,0.020819204365942617,-0.04809963658901151,0.5891890646667162
MOEAD,TAIWAN50,window_011,5,49,10,722,116,0.625607962634992,0.624607962634992,1.87351635520197,1.86967765872305,0.287315476219603,3.82334907616321,6.33430599163768,-0.0672911683988864,1,0.001,4.2265681,116,0.03485955680384923,-0.06729116839888616,0.6263645112943588
MOEAD,TAIWAN50,window_001,6,49,10,730,115,0.343525383893362,0.342525383893362,0.909966482884842,0.906852688061831,0.25472247110685,2.66904123874957,4.75683197295294,-0.130333695210666,1,0.001,3.3530353,115,0.02873319683913365,-0.13033369521066585,1.0
MOEAD,TAIWAN50,window_002,6,49,10,729,126,0.014345265147232,0.013345265147232,0.0288963169266083,0.0268686263963136,0.302200131813619,0.244567802720344,0.369082978508626,-0.237827551097413,1,0.001,3.3128349,126,0.04010677739071912,-0.23782755109741427,0.5536276694914322
MOEAD,TAIWAN50,window_003,6,49,10,728,117,-0.290937525053242,-0.291937525053242,-0.523132868419555,-0.524580220159981,0.266827701162411,-2.6383516511402,-3.98129467371319,-0.295892233293198,1,0.001,3.4266491,117,0.03836860384029397,-0.2958922332931977,0.4880183676063242
MOEAD,TAIWAN50,window_004,6,49,10,730,127,-0.0224657717094942,-0.0234657717094942,-0.0440848421035993,-0.0460242336543715,0.187531083585593,-0.147157082981042,-0.220398784218772,-0.184409557279173,1,0.001,3.4084182,127,0.026128677232471153,-0.18440955727917308,0.4810261116136659
MOEAD,TAIWAN50,window_005,6,49,10,733,112,0.3136313732852,0.3126313732852,0.847418984497704,0.844256213531392,0.172097946115402,3.65595956705104,6.44337687448649,-0.0505371376433902,1,0.001,3.6173362,112,0.01906629460551617,-0.050537137643390184,0.39686891936852087
MOEAD,TAIWAN50,window_006,6,49,10,729,125,0.178625276568844,0.177625276568844,0.392815250232937,0.390433912105925,0.301378734047922,1.25009252561694,1.73134074089706,-0.203757776911118,1,0.001,4.4950399,125,0.04334369732471197,-0.20375777691111818,0.733174585522774
MOEAD,TAIWAN50,window_007,6,49,10,727,117,0.261386408608291,0.260386408608291,0.648964833938705,0.646150476501088,0.175696409978852,2.93630444177644,5.01753904335545,-0.0557363822721439,1,0.001,3.3772753,117,0.021339047818470167,-0.05573638227214395,0.6050668010473285
MOEAD,TAIWAN50,window_008,6,49,10,729,123,-0.0086819177975263,-0.0096819177975263,-0.0177063745648622,-0.019735430108787,0.245038158306501,0.0497379482872341,0.0600274821187399,-0.157901998003715,1,0.001,3.6537126,123,0.039729024240073754,-0.15790199800371452,0.41858531092192497
MOEAD,TAIWAN50,window_009,6,49,10,726,116,0.103394570147572,0.102394570147572,0.238309120157842,0.235872375620354,0.311459177003852,0.841786920419984,1.01352354511217,-0.263080059533132,1,0.001,6.3959493,116,0.05121920474549205,-0.26308005953313185,0.5061738986883335
MOEAD,TAIWAN50,window_010,6,49,10,725,124,0.31877000357462,0.31777000357462,0.75474713396004,0.752044082369335,0.154159673935287,3.72814800631206,5.98972347658361,-0.0405888013788305,1,0.001,4.9390598,124,0.01814797254433267,-0.040588801378830475,0.5441564677720913
MOEAD,TAIWAN50,window_011,6,49,10,722,116,0.586900596745634,0.585900596745634,1.72694880968247,1.72321708702213,0.274681901071025,3.79515249257928,6.13226351338234,-0.0641431095887894,1,0.001,5.4849786,116,0.03392352439064369,-0.06414310958878933,0.5595485385708443
MOEAD,TAIWAN50,window_001,7,49,10,730,115,0.35508441695102,0.35408441695102,0.946159537141777,0.943013789692447,0.265093647593877,2.64561877334987,4.55310603528173,-0.132837317720005,1,0.001,3.3238044,115,0.03027868606975262,-0.13283731772000462,1.0
MOEAD,TAIWAN50,window_002,7,49,10,729,126,0.0013700135496075,0.0003700135496075,0.0027419040363412,0.0007401640092421,0.337682445635678,0.176145830551356,0.261346081938236,-0.266435186266199,1,0.001,1.2413834,126,0.04464665259680167,-0.2664351862661982,0.6152569227435785
MOEAD,TAIWAN50,window_003,7,49,10,728,117,-0.282996651106898,-0.283996651106898,-0.511555911181905,-0.513021994967449,0.26077128871814,-2.61400594662341,-3.89493506040566,-0.288372048195383,1,0.001,3.4528692,117,0.037820717937159666,-0.28837204819538287,0.6290486020680691
MOEAD,TAIWAN50,window_004,7,49,10,730,127,-0.0306683630609259,-0.0316683630609259,-0.0599351633085832,-0.0618585282415823,0.192304804839268,-0.22569112399035,-0.330410704668117,-0.194195274876794,1,0.001,3.4026988,127,0.02739118069364193,-0.1941952748767949,0.4721095900176373
MOEAD,TAIWAN50,window_005,7,49,10,733,112,0.326729838041028,0.325729838041028,0.889124659647425,0.885922403894131,0.159954638130979,4.06096420632659,7.39622083121877,-0.0495335283692705,1,0.001,3.3721207,112,0.0169978924089258,-0.049533528369270385,0.32470584889392645
MOEAD,TAIWAN50,window_006,7,49,10,729,125,0.169433032104588,0.168433032104588,0.371002729585324,0.368640267793733,0.298297883336149,1.2069260170953,1.67999013528522,-0.199950462982457,1,0.001,5.0644569,125,0.04296370249676572,-0.19995046298245656,0.6959471762556884
MOEAD,TAIWAN50,window_007,7,49,10,727,117,0.199885365044248,0.198885365044248,0.480658348575014,0.478001780643555,0.180512046708722,2.26518582270535,3.82640023382335,-0.0815618568918763,1,0.001,3.3293478,117,0.02227362293433245,-0.0815618568918769,0.467941743934433
MOEAD,TAIWAN50,window_008,7,49,10,729,123,0.0090937198282943,0.0080937198282943,0.018719893891457,0.0166526440331405,0.242407427159883,0.197915865307726,0.233844400728252,-0.163592289873308,1,0.001,3.9145482,123,0.038838531861879654,-0.1635922898733081,0.5297247352721021
MOEAD,TAIWAN50,window_009,7,49,10,726,116,0.102368659777942,0.101368659777942,0.235809273095604,0.233375185802513,0.305733896867218,0.845150945151671,1.0104897701444,-0.256210186374584,1,0.001,4.0195554,116,0.05029467243249641,-0.25621018637458337,0.3853823156856125
MOEAD,TAIWAN50,window_010,7,49,10,725,124,0.327549274819525,0.326549274819525,0.778568824029552,0.775847188264856,0.162405055529265,3.63015158343627,5.54314672554116,-0.0615109420553219,1,0.001,5.6136115,124,0.021228726217586,-0.061510942055321705,0.5889661136184775
MOEAD,TAIWAN50,window_011,7,49,10,722,116,0.594434498414367,0.593434498414367,1.75515192443862,1.75139941558834,0.276405117477424,3.81064842249176,6.24015257758003,-0.0608147168769878,1,0.001,5.2360007,116,0.03415664494985261,-0.060814716876987585,0.588114843669278
MOEAD,TAIWAN50,window_001,8,49,10,730,115,0.357437339935332,0.356437339935332,0.953572153023889,0.9504198949848,0.268140859242019,2.63277313035233,4.42170819679738,-0.135709406928232,1,0.001,3.4244072,115,0.03091174053855758,-0.13570940692823152,1.0
MOEAD,TAIWAN50,window_002,8,49,10,729,126,0.0051962790658848,0.0041962790658848,0.0104195594479002,0.0084101668897687,0.315207752904845,0.189693364143584,0.280665477073736,-0.248620160707552,1,0.001,1.186396,126,0.0415662047041173,-0.24862016070755177,0.6530028206871358
MOEAD,TAIWAN50,window_003,8,49,10,728,117,-0.31326763376801,-0.31426763376801,-0.554891979312492,-0.556286829632304,0.284340695137562,-2.70056572353766,-4.10363044096534,-0.318550329503849,1,0.001,4.8569132,117,0.04057812064932684,-0.318550329503849,0.6033871129288676
MOEAD,TAIWAN50,window_004,8,49,10,730,127,-0.0272861098020224,-0.0282861098020224,-0.0534153754761857,-0.0553453490762581,0.201379253193797,-0.172374175625231,-0.255270639238704,-0.201101409748173,1,0.001,3.5000934,127,0.0287190891727065,-0.20110140974817292,0.5524608907065051
MOEAD,TAIWAN50,window_005,8,49,10,733,112,0.276033701604723,0.275033701604723,0.730572609857234,0.727522626680225,0.143403422986771,3.89964388093866,7.06630401353338,-0.0409526214497761,1,0.001,3.4659061,112,0.015747563508779584,-0.040952621449776294,0.2754074306122407
MOEAD,TAIWAN50,window_006,8,49,10,729,125,0.20645996715347,0.20545996715347,0.459923293888465,0.457484782739672,0.303376654023236,1.39926650465428,1.92922250165776,-0.187588256861596,1,0.001,3.9162387,125,0.04408998213711891,-0.18758825686159586,0.7099213373843127
MOEAD,TAIWAN50,window_007,8,49,10,727,117,0.258724378861802,0.257724378861802,0.641478627571295,0.638671124913659,0.171756169019343,2.97318815202407,5.13880643376338,-0.0598201729445638,1,0.001,3.3389562,117,0.020703028421464,-0.059820172944563765,0.52707395582907
MOEAD,TAIWAN50,window_008,8,49,10,729,123,-0.0157840997899998,-0.0167840997899998,-0.032070560805291,-0.0340843652797704,0.250750333203272,-0.0043625131420492,-0.005184256410606,-0.16074947377531,1,0.001,4.6101476,123,0.04051822023748736,-0.16074947377530968,0.40707003779912887
MOEAD,TAIWAN50,window_009,8,49,10,726,116,0.115476211570139,0.114476211570139,0.267953826497302,0.265485756925177,0.316194693534317,0.908725562978742,1.09626059612182,-0.262870690209611,1,0.001,5.7050548,116,0.05168832405402037,-0.2628706902096112,0.4409964444821021
MOEAD,TAIWAN50,window_010,8,49,10,725,124,0.360568997213158,0.359568997213158,0.869625866966692,0.866834298947082,0.160570106876493,3.98142109264085,6.31199151984733,-0.0427888328790701,1,0.001,5.2094651,124,0.019426191558420756,-0.04278883287907009,0.5873541089528743
MOEAD,TAIWAN50,window_011,8,49,10,722,116,0.625665235849331,0.624665235849331,1.87373629353756,1.8698974384469,0.275460170044105,3.9763534414472,6.4075982044354,-0.0637363148013866,1,0.001,3.9489459,116,0.0338698471151305,-0.06373631480138642,0.39965601225946323
MOEAD,TAIWAN50,window_001,9,49,10,730,115,0.336597399146597,0.335597399146597,0.88845085942114,0.885356190449442,0.264866036395723,2.53371854175156,4.5317174813686,-0.132136857322325,1,0.001,3.5032472,115,0.029760454362598637,-0.13213685732232427,1.0
MOEAD,TAIWAN50,window_002,9,49,10,729,126,0.0181090483793962,0.0171090483793962,0.0365460343919997,0.0345108162952408,0.298631945981693,0.268692158217379,0.403294172101407,-0.23331669685882,1,0.001,1.0307217,126,0.03902843537671182,-0.23331669685881962,0.575393871128027
MOEAD,TAIWAN50,window_003,9,49,10,728,117,-0.292470132894569,-0.293470132894569,-0.525350129168134,-0.526793869284243,0.269296519753664,-2.62898536751358,-4.03546874433525,-0.297535622706094,1,0.001,3.5788221,117,0.03839962211305365,-0.297535622706095,0.5779844736896094
MOEAD,TAIWAN50,window_004,9,49,10,730,127,-0.0039709085608867,-0.0049709085608867,-0.0078638852125105,-0.009839405169987,0.19064477590964,0.0534560045513314,0.0774052726956839,-0.17860243690939,1,0.001,3.7258741,127,0.027221870836023752,-0.1786024369093897,0.5375519146604837
MOEAD,TAIWAN50,window_005,9,49,10,733,112,0.360147678873079,0.359147678873079,0.99787653262461,0.994573099622413,0.162957184007833,4.33342859507482,8.17682453093384,-0.050919436104365,1,0.001,3.4209578,112,0.017009539292406315,-0.050919436104365,0.2518305908166366
MOEAD,TAIWAN50,window_006,9,49,10,729,125,0.177866879841185,0.176866879841185,0.391009063045231,0.38862928238041,0.307935934755428,1.22570024182939,1.69413178353366,-0.205658828880323,1,0.001,3.5866206,125,0.044310021397380474,-0.20565882888032294,0.6540585972934974
MOEAD,TAIWAN50,window_007,9,49,10,727,117,0.289829891067091,0.288829891067091,0.730094656671787,0.727206918477899,0.186272965551715,3.03804200090498,5.27555364987251,-0.0631812705535584,1,0.001,3.3461431,117,0.02251386669324468,-0.06318127055355838,0.6080990868940093
MOEAD,TAIWAN50,window_008,9,49,10,729,123,-0.0064123367579459,-0.0074123367579459,-0.0130932994215681,-0.0151272297401962,0.257030952797549,0.0775965366499369,0.0913571439077078,-0.173488604721218,1,0.001,4.9575685,123,0.04168129038120746,-0.1734886047212183,0.4245313654082821
MOEAD,TAIWAN50,window_009,9,49,10,726,116,0.113937226913942,0.112937226913942,0.264156581587453,0.261692505530149,0.313334330981664,0.904644612921482,1.07666854394664,-0.263991934446267,1,0.001,3.767088,116,0.05138501550014666,-0.2639919344462669,0.3091063274648494
MOEAD,TAIWAN50,window_010,9,49,10,725,124,0.329015123353637,0.328015123353637,0.782562155990233,0.779837416894753,0.168823524394653,3.51170013678652,5.53462052751316,-0.0637502309030823,1,0.001,4.8096565,124,0.02156872268305627,-0.06375023090308207,0.572557595959604
MOEAD,TAIWAN50,window_011,9,49,10,722,116,0.606463005718149,0.605463005718149,1.8005053782136,1.79671964736424,0.268895292432904,3.97041112421972,6.49853239022994,-0.0614719543573519,1,0.001,4.0877579,116,0.03275783924394587,-0.061471954357351755,0.6137062023888724
MOEAD,TAIWAN50,window_001,10,49,10,730,115,0.40919418076255,0.40819418076255,1.12051061981267,1.11721460838531,0.284316096321277,2.78762546809694,4.87321462131209,-0.142003197570233,1,0.001,3.7707305,115,0.0322930734054959,-0.14200319757023205,1.0
MOEAD,TAIWAN50,window_002,10,49,10,729,126,0.0032372664919264,0.0022372664919264,0.0064850128781925,0.0044795383452089,0.320808375377922,0.179748112250996,0.265673961161402,-0.262489289480645,1,0.001,1.6409429,126,0.042365114739885155,-0.26248928948064465,0.5633479662608386
MOEAD,TAIWAN50,window_003,10,49,10,728,117,-0.312180975273493,-0.313180975273493,-0.55337359404613,-0.554770993251032,0.289926592908279,-2.63119768812193,-3.87015603861012,-0.316885676654905,1,0.001,3.7036612,117,0.04247516746244722,-0.3168856766549054,0.48547629614537186
MOEAD,TAIWAN50,window_004,10,49,10,730,127,0.0181484765461364,0.0171484765461364,0.0363327475264852,0.0343140327770024,0.203963748876638,0.276509554061379,0.395962101826523,-0.187926038621005,1,0.001,3.6948719,127,0.02970528266576883,-0.187926038621005,0.46069633336986954
MOEAD,TAIWAN50,window_005,10,49,10,733,112,0.349454036734934,0.348454036734934,0.962708113585345,0.959437125506499,0.188659768614438,3.67234594832152,6.52735646301246,-0.0548940645203496,1,0.001,3.3785996,112,0.020856231251212068,-0.05489406452035006,0.3520686215523166
MOEAD,TAIWAN50,window_006,10,49,10,729,125,0.147230019222,0.146230019222,0.319032247041581,0.316715369453162,0.273592278970377,1.14869201592613,1.62083099244012,-0.192361476243647,1,0.001,3.4057399,125,0.03884281898460864,-0.19236147624364686,0.708124447896601
MOEAD,TAIWAN50,window_007,10,49,10,727,117,0.223988828574053,0.222988828574053,0.545464849094978,0.54274658521826,0.18785059868706,2.41219378415633,4.07512381966124,-0.0834248459065117,1,0.001,3.4477298,117,0.023278685676478936,-0.08342484590651145,0.5957430074873717
MOEAD,TAIWAN50,window_008,10,49,10,729,123,-0.0081988043542752,-0.0091988043542752,-0.0167253410961463,-0.0187554342614121,0.246211088399152,0.0548393970814185,0.0650295490611007,-0.159284982449471,1,0.001,4.1218893,123,0.03970968401840037,-0.1592849824494713,0.46396685750248107
MOEAD,TAIWAN50,window_009,10,49,10,726,116,0.0958946587139979,0.0948946587139979,0.220096866832586,0.217679538211939,0.318838528687326,0.783148866845456,0.940733850865322,-0.273164370441606,1,0.001,4.9840922,116,0.05252824455138272,-0.27316437044160635,0.3663050051201236
MOEAD,TAIWAN50,window_010,10,49,10,725,124,0.330772035877282,0.329772035877282,0.787354411637415,0.784625952857455,0.164489039412503,3.61620735012703,5.55926210578864,-0.0500382948196628,1,0.001,5.1427491,124,0.020522891435552925,-0.0500382948196626,0.702607609170735
MOEAD,TAIWAN50,window_011,10,49,10,722,116,0.62970410635535,0.62870410635535,1.88926911713147,1.88541907441296,0.284121115561163,3.88250725442783,6.40691052828203,-0.0683542703873359,1,0.001,3.6810115,116,0.03482207018939252,-0.0683542703873361,0.3874125843867031
NSGAII,TAIWAN50,window_001,1,49,10,730,115,0.248147989235431,0.247147989235431,0.625355191493138,0.622503007061112,0.318773823053257,1.68215798769483,3.02680095130464,-0.180482641813545,1,0.001,1.1744219,115,0.037638186036442,-0.18048264181354512,1.0
NSGAII,TAIWAN50,window_002,1,49,10,729,126,-0.0033201241245877,-0.0043201241245877,-0.0066292250249727,-0.0086215847767235,0.368879140346093,0.165605551167749,0.242552021809459,-0.291997098649208,1,0.001,1.2528297,126,0.048718276515789714,-0.29199709864920764,0.6985356899501669
NSGAII,TAIWAN50,window_003,1,49,10,728,117,-0.310813614800079,-0.311813614800079,-0.551459048194074,-0.552859655584402,0.286029771569664,-2.65611109994068,-3.94013833078537,-0.315221048311429,1,0.001,1.1406812,117,0.041504830487629214,-0.3152210483114273,0.6376770270645186
NSGAII,TAIWAN50,window_004,1,49,10,730,127,-0.0498817831881297,-0.0508817831881297,-0.096547657408681,-0.0984334738388702,0.165020470538253,-0.533177971207162,-0.841189199628209,-0.182321364491348,1,0.001,1.2844879,127,0.022702336269816183,-0.18232136449134728,0.5507519257822341
NSGAII,TAIWAN50,window_005,1,49,10,733,112,0.337652317938756,0.336652317938756,0.924297893805183,0.921062638014833,0.156600945697069,4.2626410377219,7.94348890953138,-0.0434820311918503,1,0.001,1.2560346,112,0.016382492401944653,-0.043482031191850345,0.3845282877113813
NSGAII,TAIWAN50,window_006,1,49,10,729,125,0.18654221888275,0.18554221888275,0.411740657675696,0.409343060165162,0.288149608187278,1.34089427520947,1.86938837510226,-0.179260981194614,1,0.001,1.2040881,125,0.041348897092050654,-0.1792609811946143,0.5851670719202109
NSGAII,TAIWAN50,window_007,1,49,10,727,117,0.261165284385229,0.260165284385229,0.648342289552672,0.645528501599224,0.158127196340369,3.24186220843174,5.61796138379566,-0.0530773953572391,1,0.001,1.2657159,117,0.01838689035341662,-0.05307739535723921,0.6096942685068935
NSGAII,TAIWAN50,window_008,1,49,10,729,123,-0.0168474490318539,-0.0178474490318539,-0.0342118659536148,-0.0362233874766268,0.21080914744568,-0.0597798712785273,-0.0733844484244085,-0.131796157615857,1,0.001,1.2483456,123,0.033178632891144796,-0.13179615761585617,0.3346781925563782
NSGAII,TAIWAN50,window_009,1,49,10,726,116,0.0936416516904137,0.0926416516904137,0.214654260146692,0.212242759686224,0.286251541175839,0.822000264383502,1.02576767424205,-0.236191943505707,1,0.001,1.2548901,116,0.0463758668486945,-0.23619194350570716,0.5121976745231553
NSGAII,TAIWAN50,window_010,1,49,10,725,124,0.369896061502038,0.368896061502038,0.895765048552621,0.892953716823771,0.169176386674517,3.86948309668753,5.90531506170088,-0.0513964142173382,1,0.001,1.1764578,124,0.021151032839732586,-0.05139641421733854,0.5648484112863784
NSGAII,TAIWAN50,window_011,1,49,10,722,116,0.562673902653649,0.561673902653649,1.63731677879864,1.63365178243311,0.250851578395317,3.99739863367639,6.39427959003827,-0.061315693008545,1,0.001,1.1451613,116,0.03130073979143303,-0.06131569300854456,0.6512873571738114
NSGAII,TAIWAN50,window_001,2,49,10,730,115,0.367002376334821,0.366002376334821,0.98386351580223,0.980684768889709,0.268098906119204,2.69060913420232,4.85652547511528,-0.132356709261548,1,0.001,1.1498617,115,0.0294915094554791,-0.13235670926154752,1.0
NSGAII,TAIWAN50,window_002,2,49,10,729,126,0.0008559054214138,-0.0001440945785861,0.0017125434169182,-0.0002881683939246,0.333000423360795,0.170837796365462,0.254214179799624,-0.268622092240225,1,0.001,1.164127,126,0.04382700080288832,-0.2686220922402247,0.695766568066873
NSGAII,TAIWAN50,window_003,2,49,10,728,117,-0.304229013785952,-0.305229013785952,-0.542177979554346,-0.543594049836288,0.273158809443893,-2.7196323809158,-4.03269286459235,-0.309715403364322,1,0.001,1.1716927,117,0.040176327084969744,-0.3097154033643216,0.6505723414006495
NSGAII,TAIWAN50,window_004,2,49,10,730,127,-0.0350548704742546,-0.0360548704742546,-0.068357504426793,-0.0702722979146841,0.166692985514976,-0.341929871207906,-0.540965405948169,-0.180002794860034,1,0.001,1.1987682,127,0.022455456059514555,-0.1800027948600339,0.549047587774661
NSGAII,TAIWAN50,window_005,2,49,10,733,112,0.332970195710662,0.331970195710662,0.90917609441723,0.905954992985651,0.152081404447624,4.3327689936872,8.11197158832089,-0.0436333213848966,1,0.001,1.214876,112,0.016287115421217815,-0.043633321384896395,0.35198782120997313
NSGAII,TAIWAN50,window_006,2,49,10,729,125,0.152314997355514,0.151314997355514,0.330845277783517,0.32851796164721,0.259471692681474,1.23106000945334,1.72794544587739,-0.185101593477159,1,0.001,1.1833869,125,0.03632318933467619,-0.18510159347716026,0.6958962133143902
NSGAII,TAIWAN50,window_007,2,49,10,727,117,0.21163932315364,0.21063932315364,0.512075198841479,0.50938856872183,0.14143011430562,2.99596768835388,5.01951294183459,-0.0513037585603824,1,0.001,1.2709755,117,0.017076824131748016,-0.05130375856038172,0.5063514591326304
NSGAII,TAIWAN50,window_008,2,49,10,729,123,0.0054701120032527,0.0044701120032527,0.0112392087435049,0.009179747574779,0.215124017465972,0.159353299188324,0.200007863373044,-0.13603034914452,1,0.001,1.1882206,123,0.03383556310117539,-0.13603034914451995,0.4027771122740076
NSGAII,TAIWAN50,window_009,2,49,10,726,116,0.0975352299775241,0.0965352299775241,0.224068271471396,0.221646697660725,0.266977685488647,0.89050129634646,1.08180161517963,-0.224615475431462,1,0.001,1.1054224,116,0.04313657682330801,-0.224615475431462,0.36522760140060107
NSGAII,TAIWAN50,window_010,2,49,10,725,124,0.423309342378345,0.422309342378345,1.04900839955725,1.04608380423871,0.182301528640944,4.03093718907641,6.29768167790488,-0.0483544703171482,1,0.001,1.1836904,124,0.022242240648102787,-0.048354470317148235,0.5322043346986436
NSGAII,TAIWAN50,window_011,2,49,10,722,116,0.405348819109447,0.404348819109447,1.09434531263738,1.09110918589855,0.201115908016792,3.78052282566828,5.83572945807701,-0.0433945802869683,1,0.001,1.087823,116,0.025305677094100948,-0.04339458028696863,0.6415429050046485
NSGAII,TAIWAN50,window_001,3,49,10,730,115,0.419384136619764,0.418384136619764,1.154255822728,1.15093138850322,0.311075200989722,2.62370756126889,4.7080020933063,-0.148376278463095,1,0.001,1.1863792,115,0.0339411098659874,-0.14837627846309476,1.0
NSGAII,TAIWAN50,window_002,3,49,10,729,126,0.0166611262695135,0.0156611262695135,0.0335998456675957,0.031567523415057,0.336609238779515,0.265606212397225,0.396106483639725,-0.257309605449996,1,0.001,0.9773484,126,0.04431605002880006,-0.2573096054499959,0.5631633198493672
NSGAII,TAIWAN50,window_003,3,49,10,728,117,-0.235781502685759,-0.236781502685759,-0.439638151852766,-0.441216263531502,0.231041071700607,-2.38887476613534,-3.45610660133478,-0.245221494731102,1,0.001,1.1615283,117,0.03398461822707892,-0.24522149473110144,0.643055056378057
NSGAII,TAIWAN50,window_004,3,49,10,730,127,-0.0252740874956723,-0.0262740874956723,-0.0495263051437813,-0.0514602099114422,0.19427913844912,-0.1648146564192,-0.247867944677768,-0.198850403399511,1,0.001,1.1830763,127,0.027530221460466516,-0.1988504033995111,0.3103283508970887
NSGAII,TAIWAN50,window_005,3,49,10,733,112,0.266424794653207,0.265424794653207,0.701389156983061,0.698367867045291,0.134403214814945,4.02479890974552,7.21905911938334,-0.0388719923175981,1,0.001,1.2396885,112,0.01503588468355615,-0.03887199231759819,0.1497869239429411
NSGAII,TAIWAN50,window_006,3,49,10,729,125,0.165352870674029,0.164352870674029,0.361376406861509,0.359022322948741,0.249460506927165,1.36139367025364,1.96269702058769,-0.160354854147451,1,0.001,1.2019271,125,0.03467616757717097,-0.1603548541474501,0.6608046737913562
NSGAII,TAIWAN50,window_007,3,49,10,727,117,0.213664162264471,0.212664162264471,0.517523031768639,0.514831218329007,0.140906330515546,3.03220572243335,4.91235720656686,-0.0464149175950079,1,0.001,1.2794203,117,0.016915113530542848,-0.04641491759500793,0.6252288867933883
NSGAII,TAIWAN50,window_008,3,49,10,729,123,-0.0123954055424587,-0.0133954055424587,-0.0252304271049566,-0.0272515077193334,0.20927329647877,-0.0174034902774689,-0.0209765396629758,-0.132845636002711,1,0.001,1.2469787,123,0.03328036055588006,-0.13284563600271082,0.2545895952440653
NSGAII,TAIWAN50,window_009,3,49,10,726,116,0.118145563628898,0.117145563628898,0.274554684943609,0.272079686410259,0.264749344262059,1.04865580836707,1.26858850262249,-0.212575472607031,1,0.001,1.1301089,116,0.042841931759387365,-0.21257547260703102,0.5001273312160618
NSGAII,TAIWAN50,window_010,3,49,10,725,124,0.34086484450545,0.33986484450545,0.815010753301341,0.812260923254382,0.171285012152988,3.56911682342068,5.74012175574561,-0.0455640210169249,1,0.001,1.2384545,124,0.02049466498565396,-0.045564021016924694,0.6398880643536826
NSGAII,TAIWAN50,window_011,3,49,10,722,116,0.554235443398588,0.553235443398588,1.60647615698452,1.6028343604947,0.240397393938125,4.11157372335431,6.64260348550461,-0.0600205284390027,1,0.001,1.1216156,116,0.029521524498794666,-0.060020528439003185,0.7429921552791793
NSGAII,TAIWAN50,window_001,4,49,10,730,115,0.467810267765615,0.466810267765615,1.3185930161999,1.31513297688709,0.315011929414132,2.82880757189158,5.2134555727174,-0.154081546081452,1,0.001,1.2104043,115,0.034315045506141714,-0.15408154608145097,1.0
NSGAII,TAIWAN50,window_002,4,49,10,729,126,-0.0013652910884505,-0.0023652910884505,-0.0027287181571448,-0.0047249875749679,0.338033854346474,0.160168504841394,0.233792065847706,-0.270902780218465,1,0.001,1.2970696,126,0.04428750335408232,-0.27090278021846426,0.6549262908425603
NSGAII,TAIWAN50,window_003,4,49,10,728,117,-0.302126527954819,-0.303126527954819,-0.539193045745385,-0.540614058139519,0.286632569198827,-2.55609929005527,-3.73575582572189,-0.306297784591313,1,0.001,1.1626103,117,0.04155005979343206,-0.3062977845913133,0.5113957328038752
NSGAII,TAIWAN50,window_004,4,49,10,730,127,-0.037735878858456,-0.038735878858456,-0.0734866783631735,-0.0753962327304447,0.179666950291063,-0.33548169748773,-0.520896227352876,-0.191644879030883,1,0.001,1.1875234,127,0.025097310995475724,-0.19164487903088223,0.4312719279515682
NSGAII,TAIWAN50,window_005,4,49,10,733,112,0.267147420368876,0.266147420368876,0.703574275751915,0.700550829863072,0.150355580152447,3.62129449212795,6.5949141687539,-0.0423399731006545,1,0.001,1.1811576,112,0.016619761130572685,-0.04233997310065485,0.27588684079342984
NSGAII,TAIWAN50,window_006,4,49,10,729,125,0.195183184345131,0.194183184345131,0.432543768983834,0.430128423148872,0.288986955721698,1.3885302651589,1.96525603907206,-0.181554245860695,1,0.001,1.186628,125,0.0413960338271554,-0.18155424586069524,0.7147977393286241
NSGAII,TAIWAN50,window_007,4,49,10,727,117,0.201850478289914,0.200850478289914,0.485886251948262,0.48322466114177,0.130495526894813,3.10164971500481,5.11073750310604,-0.0430443903291938,1,0.001,1.1915173,117,0.015249246368965783,-0.04304439032919394,0.6536837926978257
NSGAII,TAIWAN50,window_008,4,49,10,729,123,0.0059381135369176,0.0049381135369176,0.0122037780337201,0.010143311005621,0.204716787088332,0.16135295055023,0.204495852525927,-0.128297785929245,1,0.001,1.2298998,123,0.031449857748238004,-0.12829778592924534,0.3847189598025506
NSGAII,TAIWAN50,window_009,4,49,10,726,116,0.101789308260132,0.100789308260132,0.234398765342462,0.231966178458484,0.285902001071011,0.879076578349296,1.10489096644324,-0.234412832036763,1,0.001,1.0907207,116,0.046114976942213365,-0.23441283203676244,0.3129661039336847
NSGAII,TAIWAN50,window_010,4,49,10,725,124,0.372409909483755,0.371409909483755,0.902841669095809,0.900025009870546,0.180411066408669,3.66007251450194,5.43795228893728,-0.0548145373191417,1,0.001,1.1030076,124,0.023264321740522044,-0.054814537319141765,0.629548982469096
NSGAII,TAIWAN50,window_011,4,49,10,722,116,0.434540331965959,0.433540331965959,1.19000430060547,1.18668919583648,0.202068395210407,3.98538407265445,6.24845523910976,-0.0455895783708603,1,0.001,1.11484,116,0.025143517977054414,-0.04558957837086053,0.6161082326343635
NSGAII,TAIWAN50,window_001,5,49,10,730,115,0.301873580903136,0.300873580903136,0.782605080754307,0.779605985317282,0.277296928147172,2.22359029149211,3.94701282161023,-0.141350103234184,1,0.001,1.1749111,115,0.03184945839943542,-0.1413501032341834,1.0
NSGAII,TAIWAN50,window_002,5,49,10,729,126,0.0266202026322648,0.0256202026322648,0.0539490404527125,0.0518968000474478,0.306883220130311,0.323837117293751,0.481801938012728,-0.231777203157799,1,0.001,2.8245568,126,0.039740501304442434,-0.23177720315779893,0.70794857387634
NSGAII,TAIWAN50,window_003,5,49,10,728,117,-0.286826995893741,-0.287826995893741,-0.517158722809787,-0.518615767032407,0.271487125939816,-2.54276939703696,-3.86352650517427,-0.292380930970689,1,0.001,1.1816211,117,0.03872323273515865,-0.29238093097068885,0.5258316444692606
NSGAII,TAIWAN50,window_004,5,49,10,730,127,-0.0340818405278028,-0.0350818405278028,-0.0664924772624653,-0.0684091721502614,0.182816741244599,-0.285477724120944,-0.443191681660462,-0.192882447954329,1,0.001,1.2765268,127,0.02527380640203093,-0.19288244795432874,0.49031416938353445
NSGAII,TAIWAN50,window_005,5,49,10,733,112,0.303344015602232,0.302344015602232,0.815026164239923,0.811894335180432,0.159241229974556,3.82655000395125,7.08741349228899,-0.0451005578773298,1,0.001,1.1754104,112,0.017176319378356418,-0.04510055787733003,0.3264129190473022
NSGAII,TAIWAN50,window_006,5,49,10,729,125,0.179733584458532,0.178733584458532,0.395456905402309,0.393073291198081,0.287939540111569,1.30125984009249,1.80639014071957,-0.187785326875344,1,0.001,1.220557,125,0.04112404862090819,-0.18778532687534388,0.6942300078544896
NSGAII,TAIWAN50,window_007,5,49,10,727,117,0.239042988770272,0.238042988770272,0.586696010558287,0.583939118391597,0.145743155370474,3.24257241555547,5.63731041875092,-0.0491424863390031,1,0.001,1.1834645,117,0.016815607649569086,-0.04914248633900298,0.6568467982198778
NSGAII,TAIWAN50,window_008,5,49,10,729,123,0.0133768830558219,0.0123768830558219,0.0275985858183061,0.0255221278424593,0.183944330586742,0.239802948926846,0.300988812351415,-0.112231471339295,1,0.001,1.2122172,123,0.027949325200938284,-0.11223147133929479,0.36999307054854336
NSGAII,TAIWAN50,window_009,5,49,10,726,116,0.0939677917069355,0.0929677917069355,0.215441306284492,0.21302896228131,0.261486967624535,0.876686087163908,1.07504357825933,-0.217878594889332,1,0.001,1.1114873,116,0.04197235820989892,-0.21787859488933203,0.29693046483893804
NSGAII,TAIWAN50,window_010,5,49,10,725,124,0.357031597847123,0.356031597847123,0.859760484437111,0.856976410895977,0.178506093102467,3.56864334762889,5.45818812652047,-0.0723618831111156,1,0.001,1.13226,124,0.023327603118405947,-0.0723618831111158,0.7382299030051022
NSGAII,TAIWAN50,window_011,5,49,10,722,116,0.510875028444989,0.509875028444989,1.45108605744755,1.44756312724476,0.238274450079317,3.8871627286988,6.21965811854379,-0.054757851672422,1,0.001,1.0909525,116,0.029657674232524033,-0.0547578516724222,0.6444879569520381
NSGAII,TAIWAN50,window_001,6,49,10,730,115,0.337943678693549,0.336943678693549,0.892621507311979,0.889523123194182,0.26825755903172,2.51320332151625,4.5892843020193,-0.134266616732173,1,0.001,1.1933427,115,0.030487384188888463,-0.13426661673217266,1.0
NSGAII,TAIWAN50,window_002,6,49,10,729,126,-0.0060550488850028,-0.0070550488850028,-0.012073434153006,-0.0140603240552359,0.352031881826853,0.14070806253685,0.208848211899351,-0.279461086146094,1,0.001,1.5857705,126,0.046294267169688284,-0.27946108614609444,0.7006459173103486
NSGAII,TAIWAN50,window_003,6,49,10,728,117,-0.244582420613622,-0.245582420613622,-0.453445183217071,-0.455002329943197,0.235711675664863,-2.44256680542796,-3.61328504225752,-0.252707139943241,1,0.001,1.2950783,117,0.03445347375627104,-0.25270713994324046,0.6567264614679925
NSGAII,TAIWAN50,window_004,6,49,10,730,127,-0.0316601413203059,-0.0326601413203059,-0.0618427228005155,-0.0637641498049688,0.186674217921325,-0.249093836007799,-0.371770550159437,-0.191411122779491,1,0.001,1.1752854,127,0.026501060350325872,-0.1914111227794918,0.3389232210752362
NSGAII,TAIWAN50,window_005,6,49,10,733,112,0.310188718528594,0.309188718528594,0.836543312497304,0.833390902982632,0.155414147810596,3.99292709346582,7.15462572536216,-0.0437466458099226,1,0.001,1.1937931,112,0.01640802720467455,-0.04374664580992227,0.302030411477767
NSGAII,TAIWAN50,window_006,6,49,10,729,125,0.199326860223846,0.198326860223846,0.442574069908555,0.440150212338604,0.298313444044681,1.37770200280824,1.90288779955759,-0.18869556702869,1,0.001,1.1790025,125,0.04307279744299205,-0.1886955670286895,0.7111373708542422
NSGAII,TAIWAN50,window_007,6,49,10,727,117,0.219071297747068,0.218071297747068,0.5321223908352,0.529416729326376,0.146942106503421,2.97873763588644,4.90412942562592,-0.048828299459473,1,0.001,1.2196712,117,0.0177129592768779,-0.04882829945947309,0.5715228065310143
NSGAII,TAIWAN50,window_008,6,49,10,729,123,-0.0164066181946442,-0.0174066181946442,-0.0333244434145433,-0.0353369113621398,0.193181168244668,-0.0788239583913285,-0.0951990250444373,-0.121078770592265,1,0.001,1.1798273,123,0.030768030188159,-0.12107877059226557,0.4493017836705869
NSGAII,TAIWAN50,window_009,6,49,10,726,116,0.0925545552707014,0.0915545552707014,0.212032849068141,0.209624160007683,0.29545081552189,0.798167627324462,0.97959352110316,-0.24642678869525,1,0.001,1.103708,116,0.047769476797022585,-0.24642678869525014,0.49086243265336044
NSGAII,TAIWAN50,window_010,6,49,10,725,124,0.316351092648159,0.315351092648159,0.748212325188601,0.745514393306745,0.176895869941891,3.24898428730836,5.04102372858968,-0.0617973972933001,1,0.001,1.1237539,124,0.021846702284900026,-0.061797397293299805,0.6650926027846514
NSGAII,TAIWAN50,window_011,6,49,10,722,116,0.49109250649133,0.49009250649133,1.38190128876032,1.37843239532786,0.222444589316482,4.01828683550577,6.36927963915057,-0.0517726737159856,1,0.001,1.0973357,116,0.02716340088395656,-0.05177267371598537,0.7332508235536384
NSGAII,TAIWAN50,window_001,7,49,10,730,115,0.350418181332418,0.349418181332418,0.931504398213856,0.928371555939839,0.276659826453116,2.51865013919789,4.61344260668571,-0.137698769198862,1,0.001,1.2260608,115,0.031059211136574005,-0.13769876919886215,1.0
NSGAII,TAIWAN50,window_002,7,49,10,729,126,0.0271777208925332,0.0261777208925332,0.055094070297979,0.053040714856194,0.282532620055756,0.330265599796085,0.501218446501736,-0.212310837375895,1,0.001,1.3985963,126,0.03676236839062997,-0.21231083737589496,0.6429038405420832
NSGAII,TAIWAN50,window_003,7,49,10,728,117,-0.237639197985063,-0.238639197985063,-0.442567903214729,-0.444141586507361,0.239492325052944,-2.3182062613836,-3.39539966558239,-0.249407603089163,1,0.001,1.262033,117,0.0350026228235543,-0.249407603089163,0.4483227588699651
NSGAII,TAIWAN50,window_004,7,49,10,730,127,-0.0441500473766484,-0.0451500473766484,-0.0857009485826187,-0.0875979677006942,0.162813057018933,-0.469389531925549,-0.756055524135713,-0.174563173652135,1,0.001,1.1804415,127,0.021388453103019588,-0.1745631736521338,0.3622827532066462
NSGAII,TAIWAN50,window_005,7,49,10,733,112,0.268678403241248,0.267678403241248,0.708208901169705,0.705180886583527,0.135061727782999,4.03552308472045,7.17707590025632,-0.0394908396569119,1,0.001,1.1748659,112,0.015424375123957034,-0.03949083965691236,0.26465439611296504
NSGAII,TAIWAN50,window_006,7,49,10,729,125,0.200952792421227,0.199952792421227,0.446519483324694,0.444092285716186,0.286372873451192,1.43256966586847,1.9750998285981,-0.175469335714781,1,0.001,1.3558237,125,0.04130084990393197,-0.17546933571478052,0.8019200036409124
NSGAII,TAIWAN50,window_007,7,49,10,727,117,0.228489380819343,0.227489380819343,0.557730275176923,0.555000470708968,0.133704734641482,3.38406391180947,5.70466807628803,-0.0459780511213974,1,0.001,1.2206459,117,0.01549935675318915,-0.04597805112139686,0.49435837418772244
NSGAII,TAIWAN50,window_008,7,49,10,729,123,-0.0082035710448222,-0.0092035710448222,-0.0167350230166496,-0.0187651059439928,0.203265357126325,0.0185927810583647,0.0227884778742079,-0.130772519014404,1,0.001,1.189047,123,0.031929398126064455,-0.1307725190144038,0.30588432078899935
NSGAII,TAIWAN50,window_009,7,49,10,726,116,0.103216670150162,0.102216670150162,0.237875433887022,0.235439150164759,0.275659382392373,0.911535258613828,1.13263582120279,-0.225130139720283,1,0.001,1.1108685,116,0.0444360053476463,-0.22513013972028295,0.46148759387426913
NSGAII,TAIWAN50,window_010,7,49,10,725,124,0.304852335855891,0.303852335855891,0.717317204184304,0.714643605658865,0.153476604330902,3.60335415303478,5.43466010612864,-0.0487221711051489,1,0.001,1.1222368,124,0.019901388640012143,-0.04872217110514876,0.6134772940310327
NSGAII,TAIWAN50,window_011,7,49,10,722,116,0.540077353944087,0.539077353944087,1.55517111574076,1.55156819529056,0.246473020707666,3.93517319272744,6.32505850600102,-0.0563873784913598,1,0.001,1.0833414,116,0.030742443490977434,-0.056387378491359885,0.4509589180500357
NSGAII,TAIWAN50,window_001,8,49,10,730,115,0.381911195428786,0.380911195428786,1.03158375352456,1.0283636482634,0.259249501349289,2.86558985899381,5.00513615117677,-0.126462440612823,1,0.001,1.2142618,115,0.029347060624936385,-0.12646244061282308,1.0
NSGAII,TAIWAN50,window_002,8,49,10,729,126,0.0003374796208173,-0.0006625203791826,0.0006750731341291,-0.0013246018251125,0.337371303254153,0.169903789439163,0.247851303846085,-0.266138136173842,1,0.001,1.4365491,126,0.04428533777344889,-0.2661381361738421,0.5657354340002765
NSGAII,TAIWAN50,window_003,8,49,10,728,117,-0.264162077026372,-0.265162077026372,-0.483501242158895,-0.485011882860964,0.250098655632373,-2.51372006772276,-3.73121294517735,-0.275906885233742,1,0.001,1.200142,117,0.03626166661631446,-0.27590688523374185,0.5838574948592972
NSGAII,TAIWAN50,window_004,8,49,10,730,127,-0.0354973982796349,-0.0364973982796349,-0.0692050948241012,-0.0711190235574668,0.179611712329609,-0.309936100969687,-0.466065136195214,-0.188971882175173,1,0.001,1.208351,127,0.025237554929065553,-0.1889718821751728,0.3959161027395745
NSGAII,TAIWAN50,window_005,8,49,10,733,112,0.295451996953586,0.294451996953586,0.790391390681776,0.787283257580164,0.159672983243026,3.73082176918522,6.63993546423604,-0.0412284354219756,1,0.001,1.1654893,112,0.017484177052200334,-0.041228435421975185,0.374126949510433
NSGAII,TAIWAN50,window_006,8,49,10,729,125,0.17238396212626,0.17138396212626,0.377986159281431,0.375617637993271,0.275106414650076,1.30302647650372,1.8287130502172,-0.182458258431556,1,0.001,1.2469405,125,0.03922625568976625,-0.1824582584315566,0.7210578169788762
NSGAII,TAIWAN50,window_007,8,49,10,727,117,0.216209117655405,0.215209117655405,0.524385127109276,0.521686797033152,0.154652351193631,2.80486737831359,4.58476273045018,-0.0503863967728104,1,0.001,1.1997269,117,0.019160193017351102,-0.05038639677281043,0.48440810943275875
NSGAII,TAIWAN50,window_008,8,49,10,729,123,-0.0111724901141044,-0.0121724901141044,-0.0227558976234771,-0.0247796043580641,0.207216940199301,-0.0073750965062178,-0.0087939038926087,-0.13640699578678,1,0.001,1.2035642,123,0.032675011659379326,-0.13640699578678017,0.381963354717481
NSGAII,TAIWAN50,window_009,8,49,10,726,116,0.097341553871924,0.096341553871924,0.223599068407595,0.221177995815877,0.268220755863283,0.886020486930256,1.08107852945412,-0.212796855244046,1,0.001,1.0801758,116,0.04228153759612883,-0.21279685524404646,0.4393653747506262
NSGAII,TAIWAN50,window_010,8,49,10,725,124,0.466780316629728,0.465780316629728,1.17819502584458,1.17517814818242,0.208436258718836,3.84411283193537,5.85248791157348,-0.0584873679919353,1,0.001,1.1267972,124,0.02597005275140806,-0.058487367991935324,0.6487009773234391
NSGAII,TAIWAN50,window_011,8,49,10,722,116,0.552103628433064,0.551103628433064,1.59871583576206,1.59507989684419,0.23099570181833,4.25640717883481,6.91631316187797,-0.0595457096258873,1,0.001,1.1027813,116,0.027864468822297452,-0.05954570962588712,0.5487111015062794
NSGAII,TAIWAN50,window_001,9,49,10,730,115,0.369210375950008,0.368210375950008,0.990892003578676,0.987707136906523,0.298532019877923,2.45649927080826,4.59823305410183,-0.151419644938309,1,0.001,1.1876356,115,0.033023735013753414,-0.15141964493830806,1.0
NSGAII,TAIWAN50,window_002,9,49,10,729,126,-0.0050280474210227,-0.0060280474210227,-0.0100308135811773,-0.0120197574863353,0.331816168813669,0.134774652472948,0.199339429896413,-0.264410226747216,1,0.001,1.2438242,126,0.04455987113426171,-0.2644102267472159,0.627157177205096
NSGAII,TAIWAN50,window_003,9,49,10,728,117,-0.235265077338589,-0.236265077338589,-0.438822241338848,-0.440401584370256,0.229715409329832,-2.39773386326191,-3.58539738640629,-0.243255211704674,1,0.001,1.2575261,117,0.03348302984548545,-0.2432552117046739,0.6510889494624524
NSGAII,TAIWAN50,window_004,9,49,10,730,127,-0.0400171272144616,-0.0410171272144616,-0.0778399901790321,-0.0797450864398427,0.163693920188852,-0.413673594407534,-0.648133249954996,-0.177696679858176,1,0.001,1.1869275,127,0.021913317534466313,-0.17769667985817594,0.38613636114535577
NSGAII,TAIWAN50,window_005,9,49,10,733,112,0.303597640289028,0.302597640289028,0.815820951115666,0.812688359946059,0.161639852392485,3.77489302308972,6.796604017145,-0.0474562932049453,1,0.001,1.1690478,112,0.017681688065903967,-0.04745629320494538,0.3093419026615785
NSGAII,TAIWAN50,window_006,9,49,10,729,125,0.175013677987855,0.174013677987855,0.384224497686599,0.381850576283473,0.28722294482313,1.27554361860429,1.78233578012106,-0.189110128709156,1,0.001,1.3195583,125,0.04042903530850538,-0.18911012870915733,0.5851340223240852
NSGAII,TAIWAN50,window_007,9,49,10,727,117,0.206122873338002,0.205122873338002,0.497286416990462,0.494613901483461,0.144117582146694,2.87440841415378,4.80332971622777,-0.0508715808265345,1,0.001,1.189693,117,0.017021057629441536,-0.0508715808265342,0.6582525954192255
NSGAII,TAIWAN50,window_008,9,49,10,729,123,-0.0213762757920327,-0.0223762757920327,-0.0433045444178538,-0.0453063441536776,0.230969627735383,-0.0759767840239825,-0.0903910259769024,-0.148164944303989,1,0.001,1.195059,123,0.037369157358691514,-0.1481649443039884,0.4077332376234184
NSGAII,TAIWAN50,window_009,9,49,10,726,116,0.0984132873013046,0.0974132873013046,0.226196686074708,0.223772839727479,0.274763816606792,0.879214588840606,1.09705272531172,-0.227234078798365,1,0.001,1.0996564,116,0.043873718878829876,-0.22723407879836532,0.5493127834891021
NSGAII,TAIWAN50,window_010,9,49,10,725,124,0.290950985646261,0.289950985646261,0.680340290608768,0.677696100498593,0.143396282474194,3.69414933056932,5.73250789158725,-0.0445295973291145,1,0.001,1.1212866,124,0.017864413497077854,-0.044529597329114545,0.6392537395692207
NSGAII,TAIWAN50,window_011,9,49,10,722,116,0.450758075900349,0.449758075900349,1.24414647584475,1.24078737346102,0.207961554224867,3.99601864206919,6.3360588163852,-0.049302170067532,1,0.001,1.0629453,116,0.026009461342321433,-0.049302170067532014,0.6138337545653723
NSGAII,TAIWAN50,window_001,10,49,10,730,115,0.347168151907069,0.346168151907069,0.921332676117554,0.918208817249162,0.259605061909928,2.64657523584583,4.54351132054279,-0.132265443169257,1,0.001,1.1654397,115,0.030447662881124337,-0.13226544316925715,1.0
NSGAII,TAIWAN50,window_002,10,49,10,729,126,0.0230286052270254,0.0220286052270254,0.0465875271127532,0.0445424699022992,0.316602988295553,0.301291049015656,0.451426460306639,-0.242643209455222,1,0.001,1.244484,126,0.04099971847954446,-0.24264320945522255,0.5403693144808817
NSGAII,TAIWAN50,window_003,10,49,10,728,117,-0.273888742082592,-0.274888742082592,-0.498094201709651,-0.499581809847224,0.250343176257816,-2.62521586157679,-3.92582192597266,-0.278983558815869,1,0.001,1.329871,117,0.03624940865334015,-0.27898355881586845,0.4751301692814679
NSGAII,TAIWAN50,window_004,10,49,10,730,127,-0.0290988511420892,-0.0300988511420892,-0.0569124790870948,-0.0588389107727879,0.175044272583038,-0.247711411410313,-0.377236933838636,-0.189359545349509,1,0.001,1.2001835,127,0.0248730931600162,-0.18935954534950894,0.5007772481842439
NSGAII,TAIWAN50,window_005,10,49,10,733,112,0.242824230378601,0.241824230378601,0.630879416470535,0.62792836885779,0.138902049057747,3.59348020940433,6.33882274293325,-0.0389270438289565,1,0.001,1.1987305,112,0.015453698091530632,-0.03892704382895651,0.18600536455718347
NSGAII,TAIWAN50,window_006,10,49,10,729,125,0.197345981854435,0.196345981854435,0.437774698528035,0.435354910039736,0.286861791769273,1.40958208337037,1.88503050277892,-0.184551084107726,1,0.001,1.2573262,125,0.04237814784810653,-0.18455108410772691,0.7865746863385612
NSGAII,TAIWAN50,window_007,10,49,10,727,117,0.219355269785447,0.218355269785447,0.532891190123245,0.530184801079598,0.151309438955083,2.90029504959532,4.99750540311183,-0.0577157384269938,1,0.001,1.1864078,117,0.01805904503765642,-0.057715738426993846,0.6445380131604339
NSGAII,TAIWAN50,window_008,10,49,10,729,123,0.0072330883620699,0.0062330883620699,0.0148752248298178,0.0128119744384931,0.204887513737961,0.174273523059139,0.218197530582025,-0.126832307775793,1,0.001,1.1818359,123,0.03176720053758073,-0.12683230777579346,0.26519877639362976
NSGAII,TAIWAN50,window_009,10,49,10,726,116,0.0964762301007618,0.0954762301007618,0.221503905951035,0.21908507256465,0.231144722574012,0.980963391399243,1.19793270331743,-0.183785028066738,1,0.001,1.1021741,116,0.03600156493919872,-0.18378502806673813,0.3042551055436774
NSGAII,TAIWAN50,window_010,10,49,10,725,124,0.367154688718698,0.366154688718698,0.888063198437248,0.885257676029314,0.170184248405115,3.82359182977108,5.78857787832078,-0.0476450079045195,1,0.001,1.0778607,124,0.021548004844187126,-0.047645007904519865,0.6755768711280097
NSGAII,TAIWAN50,window_011,10,49,10,722,116,0.396906024147859,0.395906024147859,1.06710818388827,1.0638948467995,0.196464641535854,3.7985940998232,6.04602265081055,-0.0498177055006817,1,0.001,1.0873323,116,0.024588379630692617,-0.049817705500681764,0.5484599715658716
SPEA2,TAIWAN50,window_001,1,49,10,730,115,0.335599574257064,0.334599574257064,0.885362918702021,0.882271002831083,0.238360997047407,2.78109032392973,4.926304780057,-0.119997564294879,1,0.001,4.0286729,115,0.02666699446255358,-0.11999756429487884,1.0
SPEA2,TAIWAN50,window_002,1,49,10,729,126,-0.0129501335823172,-0.0139501335823172,-0.0257325612048346,-0.0277056609376699,0.337722783043949,0.0908845835711997,0.13373499079188,-0.279177969481706,1,0.001,4.1751201,126,0.04482242432630747,-0.2791779694817059,0.6593448346697425
SPEA2,TAIWAN50,window_003,1,49,10,728,117,-0.298305401683171,-0.299305401683171,-0.533741514482962,-0.535171514698955,0.274668781757646,-2.63697121070406,-3.96223890135205,-0.302074035137001,1,0.001,3.8841128,117,0.03967922630578261,-0.3020740351370006,0.5809776793492509
SPEA2,TAIWAN50,window_004,1,49,10,730,127,-0.0289833781571225,-0.0299833781571225,-0.0566899024306213,-0.0586165597420261,0.169177004094838,-0.260863467770805,-0.398934666386561,-0.181377159923969,1,0.001,4.1427772,127,0.02350461268668184,-0.18137715992396852,0.5188197739946128
SPEA2,TAIWAN50,window_005,1,49,10,733,112,0.242452476201129,0.241452476201129,0.629782005447365,0.626832061635864,0.145131637476448,3.44062620794102,6.08230795064605,-0.0394800136301851,1,0.001,4.0401303,112,0.016294079731405314,-0.03948001363018483,0.2570283231387998
SPEA2,TAIWAN50,window_006,1,49,10,729,125,0.167217166953178,0.166217166953178,0.365770598906454,0.363412687054204,0.293019610489394,1.21022758291295,1.68600231194513,-0.202309641732552,1,0.001,4.0218162,125,0.04202901434169847,-0.20230964173255284,0.7829980833275867
SPEA2,TAIWAN50,window_007,1,49,10,727,117,0.227072958364382,0.226072958364382,0.553864475254612,0.551138303566569,0.156070737731805,2.90365373471412,4.94138284676273,-0.0535958941849044,1,0.001,4.0716328,117,0.01838798692038213,-0.05359589418490418,0.5233417051081372
SPEA2,TAIWAN50,window_008,1,49,10,729,123,-0.003952390392276,-0.004952390392276,-0.0080807983913174,-0.010120012979166,0.189850631274976,0.0520106238883475,0.0648280849143704,-0.117953969503412,1,0.001,4.1953695,123,0.02962759340390664,-0.11795396950341153,0.40867819439976316
SPEA2,TAIWAN50,window_009,1,49,10,726,116,0.101508500677585,0.100508500677585,0.233715414997188,0.231283555301933,0.284953352545398,0.879381149151521,1.06876834218525,-0.237554249069937,1,0.001,4.2476267,116,0.046066327501351305,-0.23755424906993716,0.414364966300005
SPEA2,TAIWAN50,window_010,1,49,10,725,124,0.378028799447571,0.377028799447571,0.918707578896341,0.915879010646946,0.182856597780893,3.65907664220763,5.51147284467317,-0.0632400366688834,1,0.001,4.3371306,124,0.02347138695834474,-0.06324003666888334,0.7021518620260205
SPEA2,TAIWAN50,window_011,1,49,10,722,116,0.498342224233819,0.497342224233819,1.40713140254241,1.40364272047449,0.241292147060012,3.76615619897724,6.07975512457722,-0.05371537396671,1,0.001,4.2334942,116,0.030026864386382298,-0.05371537396670978,0.5337647384821553
SPEA2,TAIWAN50,window_001,2,49,10,730,115,0.430367467084325,0.429367467084325,1.19095296267652,1.18759784894578,0.316771940537539,2.63552064170984,4.79468651740383,-0.157037186176549,1,0.001,3.8795668,115,0.0346915828682266,-0.1570371861765485,1.0
SPEA2,TAIWAN50,window_002,2,49,10,729,126,0.0132015041459623,0.0122015041459623,0.0265772880036406,0.0245518849953488,0.359991545417461,0.2519927735984,0.373881567312438,-0.275058142234836,1,0.001,4.2445323,126,0.047139576665378394,-0.27505814223483527,0.6095102100266632
SPEA2,TAIWAN50,window_003,2,49,10,728,117,-0.292274948806267,-0.293274948806267,-0.525068059235943,-0.526512259240808,0.276434535090597,-2.55189279864215,-3.82960597109838,-0.296671356988334,1,0.001,3.9051744,117,0.0401808879680393,-0.2966713569883338,0.5476109743625805
SPEA2,TAIWAN50,window_004,2,49,10,730,127,-0.0333082468837699,-0.0343082468837699,-0.0650083937457333,-0.0669266002929919,0.17632846088316,-0.293563301744696,-0.458028910551958,-0.190513230467482,1,0.001,4.2239239,127,0.024181725719639415,-0.1905132304674828,0.46296178924655684
SPEA2,TAIWAN50,window_005,2,49,10,733,112,0.254045541606639,0.253045541606639,0.664197802284276,0.661213397912787,0.132218727385346,3.92161199031676,7.00797980211755,-0.0388493447784307,1,0.001,4.1256544,112,0.01498987428209842,-0.03884934477843072,0.1928992319559387
SPEA2,TAIWAN50,window_006,2,49,10,729,125,0.187151195832529,0.186151195832529,0.413201745513856,0.410802897247665,0.28623796156876,1.35152276256552,1.90649022951966,-0.181380670348719,1,0.001,4.1858179,125,0.040775734753371054,-0.18138067034871908,0.7519235030136341
SPEA2,TAIWAN50,window_007,2,49,10,727,117,0.258213392145822,0.257213392145822,0.640043709338532,0.637237522226854,0.152808776962614,3.31631283723222,5.69268879330958,-0.0587628357001803,1,0.001,4.0664514,117,0.01835379321871143,-0.05876283570018026,0.5179730336019015
SPEA2,TAIWAN50,window_008,2,49,10,729,123,0.0122772251604617,0.0112772251604617,0.0253153102218835,0.0232412165166074,0.211131573188295,0.22369375705754,0.28140537663587,-0.130878380153495,1,0.001,4.2473304,123,0.03247335850622716,-0.1308783801534954,0.23625425266398006
SPEA2,TAIWAN50,window_009,2,49,10,726,116,0.0938524412548958,0.0928524412548958,0.215162909340732,0.212750863689932,0.27315295341998,0.849943434479317,1.00729757075446,-0.227239409413132,1,0.001,4.2406109,116,0.04407938035973908,-0.22723940941313125,0.31735444647539557
SPEA2,TAIWAN50,window_010,2,49,10,725,124,0.309680223839569,0.308680223839569,0.730254806196158,0.727570991864716,0.158641233960103,3.53842909629088,5.61594604602213,-0.0480940509848541,1,0.001,4.4169854,124,0.019360863548449073,-0.048094050984854086,0.6025909479759677
SPEA2,TAIWAN50,window_011,2,49,10,722,116,0.427893974660522,0.426893974660522,1.16802177287631,1.1647246745,0.214605767061421,3.71743232865652,5.83774632692975,-0.0473398223762331,1,0.001,4.1571898,116,0.02685385041396075,-0.047339822376233354,0.5827944136578722
SPEA2,TAIWAN50,window_001,3,49,10,730,115,0.300833319584605,0.299833319584605,0.779485295271602,0.776489055585055,0.255438838101749,2.3845494186431,4.26359527481159,-0.131124494632038,1,0.001,4.0163386,115,0.02890686909507355,-0.13112449463203768,1.0
SPEA2,TAIWAN50,window_002,3,49,10,729,126,0.0091757296811767,0.0081757296811767,0.0184356533775356,0.0164183019181734,0.314293532731578,0.214493077901974,0.314898448519626,-0.246496504278046,1,0.001,4.3454805,126,0.04120556221752064,-0.2464965042780456,0.6385591423894048
SPEA2,TAIWAN50,window_003,3,49,10,728,117,-0.274174043814647,-0.275174043814647,-0.498518860065071,-0.500005793327085,0.253660007595203,-2.59091433900638,-3.86349599562048,-0.279462649722832,1,0.001,4.0703935,117,0.03714492387938325,-0.2794626497228312,0.5759517372144582
SPEA2,TAIWAN50,window_004,3,49,10,730,127,-0.0176375441208668,-0.0186375441208668,-0.0346935302689977,-0.0366423544514255,0.192738704446009,-0.0873965301569916,-0.134994407018649,-0.188232167283399,1,0.001,4.0787661,127,0.02654389436455264,-0.1882321672833992,0.42477614874494063
SPEA2,TAIWAN50,window_005,3,49,10,733,112,0.315682742466566,0.314682742466566,0.853916419671517,0.850747471412713,0.14888526795356,4.22482013468173,7.91635397729581,-0.0427724647968906,1,0.001,4.077821,112,0.015859964168820434,-0.042772464796890786,0.26542169943814475
SPEA2,TAIWAN50,window_006,3,49,10,729,125,0.165109302532345,0.164109302532345,0.360802837867928,0.358449254063766,0.291592284189816,1.20214456283537,1.70345716463495,-0.199424773352968,1,0.001,3.994416,125,0.04088905482464892,-0.19942477335296904,0.7401633215344272
SPEA2,TAIWAN50,window_007,3,49,10,727,117,0.253947563122743,0.252947563122743,0.628090925025461,0.625295717168388,0.158786732721809,3.15103526438785,5.46965290453841,-0.0578081120154004,1,0.001,3.7521427,117,0.018950418243264714,-0.05780811201540059,0.5926785513733848
SPEA2,TAIWAN50,window_008,3,49,10,729,123,0.0109629375765201,0.0099629375765201,0.0225897986447643,0.0205185305006406,0.210121811929222,0.211146249347759,0.265935621673756,-0.132597005165159,1,0.001,4.287869,123,0.03272542503000708,-0.1325970051651587,0.25385975587396764
SPEA2,TAIWAN50,window_009,3,49,10,726,116,0.081326451070391,0.080326451070391,0.18513624046723,0.182756560726802,0.283092106507347,0.741329249848489,0.892473618765644,-0.241950314125702,1,0.001,4.2035543,116,0.04619294773796767,-0.24195031412570167,0.3099888378830994
SPEA2,TAIWAN50,window_010,3,49,10,725,124,0.336452085877931,0.335452085877931,0.802892362723747,0.800151877222544,0.164678143770974,3.66487903415193,5.79907137497647,-0.0439175512149197,1,0.001,4.3368847,124,0.019922783950913212,-0.04391755121491969,0.5103631578038506
SPEA2,TAIWAN50,window_011,3,49,10,722,116,0.528150726638477,0.527150726638477,1.51237912538711,1.50880890593247,0.240340225699918,3.95890981955307,6.31568001378013,-0.0533007233419065,1,0.001,4.1085882,116,0.029824522725088735,-0.0533007233419065,0.6449995415681389
SPEA2,TAIWAN50,window_001,4,49,10,730,115,0.370368835262461,0.369368835262461,0.994585008050437,0.991396929801164,0.270399541278602,2.68980254835259,5.1897645191555,-0.127878306816565,1,0.001,3.9018964,115,0.028837164793903563,-0.1278783068165651,1.0
SPEA2,TAIWAN50,window_002,4,49,10,729,126,0.015107787265628,0.014107787265628,0.0304438197673196,0.028414604192788,0.329673099378484,0.255001858052106,0.377747061812624,-0.258664297328437,1,0.001,4.2514447,126,0.04365582129112576,-0.25866429732843665,0.6525929977538295
SPEA2,TAIWAN50,window_003,4,49,10,728,117,-0.301115652026309,-0.302115652026309,-0.537754188611181,-0.539177577991165,0.275679073632329,-2.65747230819962,-3.86359335943581,-0.305994423330649,1,0.001,4.0294119,117,0.041040232319428716,-0.30599442333064886,0.6313032553543678
SPEA2,TAIWAN50,window_004,4,49,10,730,127,-0.0250124659711336,-0.0260124659711336,-0.0490200315875015,-0.0509544475120931,0.170641460280534,-0.209735554015011,-0.32406505141244,-0.176908278277195,1,0.001,4.1560178,127,0.023313487549389632,-0.17690827827719413,0.4730938674093471
SPEA2,TAIWAN50,window_005,4,49,10,733,112,0.295160288815514,0.294160288815514,0.789484413011161,0.786377155079227,0.148787863927363,3.98924913267079,7.31874049126411,-0.0430475178602195,1,0.001,4.2165707,112,0.01612240644921763,-0.04304751786021965,0.25550671301685113
SPEA2,TAIWAN50,window_006,4,49,10,729,125,0.187280507236457,0.186280507236457,0.413512093917786,0.411112980062272,0.29930608250744,1.30596651145527,1.81645618210359,-0.198509198948954,1,0.001,4.0620341,125,0.04261456231913728,-0.19850919894895402,0.7656157020363523
SPEA2,TAIWAN50,window_007,4,49,10,727,117,0.245858881026329,0.244858881026329,0.605555122531278,0.602780717272316,0.157316819821509,3.09028397180903,5.11181899328527,-0.0501038551827859,1,0.001,4.0512653,117,0.019124199139975765,-0.050103855182785595,0.601167116848509
SPEA2,TAIWAN50,window_008,4,49,10,729,123,-0.011164823737145,-0.012164823737145,-0.0227403748298811,-0.0247640980279443,0.193692686971772,-0.0219197079629839,-0.0266203203236546,-0.121999316724365,1,0.001,4.2914561,123,0.030395651734936073,-0.12199931672436448,0.3359516780809171
SPEA2,TAIWAN50,window_009,4,49,10,726,116,0.0967752249424123,0.0957752249424123,0.222227627166775,0.21980802010347,0.28776055529588,0.841053252177599,1.01428576941909,-0.240238843944708,1,0.001,4.2853441,116,0.047027578684962,-0.24023884394470785,0.537292570658964
SPEA2,TAIWAN50,window_010,4,49,10,725,124,0.344159139750802,0.343159139750802,0.824084485244648,0.821327678485137,0.170991693179341,3.60433286652417,5.45602246781051,-0.0642805223617985,1,0.001,4.4218176,124,0.022244723399016,-0.0642805223617986,0.5900597510105399
SPEA2,TAIWAN50,window_011,4,49,10,722,116,0.443244761139149,0.442244761139149,1.21897490886805,1.2156362001909,0.211418035105412,3.88050303337995,6.10249376259456,-0.0496991239941829,1,0.001,4.1298285,116,0.026368269400277738,-0.04969912399418286,0.5185086125632593
SPEA2,TAIWAN50,window_001,5,49,10,730,115,0.391203462312283,0.390203462312283,1.06163868313583,1.05839275703664,0.264624803116421,2.86811569655232,5.37206570787954,-0.131324156331982,1,0.001,4.1057357,115,0.028586272953450453,-0.13132415633198158,1.0
SPEA2,TAIWAN50,window_002,5,49,10,729,126,0.0234507663583459,0.0224507663583459,0.0474514711594856,0.0454055696267686,0.344720882485284,0.305958294349864,0.45807511179446,-0.264802288321664,1,0.001,4.2815082,126,0.045232063792018155,-0.2648022883216633,0.6622368945694646
SPEA2,TAIWAN50,window_003,5,49,10,728,117,-0.268643326497816,-0.269643326497816,-0.490252315594064,-0.49175233891888,0.250274125827842,-2.56423469668275,-3.79432388886125,-0.279676552974564,1,0.001,4.0350254,117,0.036483145920789585,-0.2796765529745634,0.6560399165267775
SPEA2,TAIWAN50,window_004,5,49,10,730,127,-0.0224970371704171,-0.0234970371704171,-0.0441455076613178,-0.0460848381281617,0.20148217626618,-0.123872279728237,-0.186538847949136,-0.199160731977521,1,0.001,4.1301729,127,0.028195752298986215,-0.19916073197752082,0.4173572803335272
SPEA2,TAIWAN50,window_005,5,49,10,733,112,0.284006985766253,0.283006985766253,0.75499797528255,0.751924141937767,0.15172386177105,3.78635476918154,6.83396726338608,-0.0414623895748849,1,0.001,4.3237634,112,0.0165489177940809,-0.041462389574884906,0.2551602685447739
SPEA2,TAIWAN50,window_006,5,49,10,729,125,0.196868660634899,0.195868660634899,0.436619425894849,0.434200617894371,0.300207414369898,1.35703287020157,1.90327365858945,-0.192703825186231,1,0.001,4.0516495,125,0.04274040459136051,-0.19270382518623053,0.6870409586558129
SPEA2,TAIWAN50,window_007,5,49,10,727,117,0.249680880013773,0.248680880013773,0.61618258788387,0.613398355730858,0.163003842011145,3.02849380724267,5.18081385267543,-0.056497384626411,1,0.001,3.9171962,117,0.019450696315595484,-0.05649738462641096,0.5324867715142494
SPEA2,TAIWAN50,window_008,5,49,10,729,123,-0.0032097963434089,-0.0042097963434089,-0.006565099782982,-0.0086059096799804,0.195586860339933,0.0639943002711503,0.0794985885475981,-0.120704433297069,1,0.001,4.3607606,123,0.030756422881182854,-0.12070443329706959,0.4653214652425694
SPEA2,TAIWAN50,window_009,5,49,10,726,116,0.104896951277522,0.103896951277522,0.241974908909703,0.239534272236145,0.264080352155851,0.952501824183907,1.13976899424755,-0.217231680078138,1,0.001,4.2411986,116,0.04242309455703442,-0.2172316800781373,0.3554331658195864
SPEA2,TAIWAN50,window_010,5,49,10,725,124,0.337357597101596,0.336357597101596,0.805375729962991,0.80263332701423,0.164064965184045,3.68640088628756,5.5192882994847,-0.0530665425312419,1,0.001,4.4369869,124,0.020945764265169496,-0.053066542531241656,0.6803148219181412
SPEA2,TAIWAN50,window_011,5,49,10,722,116,0.457383876779446,0.456383876779446,1.26647184324196,1.26309474104309,0.209639582706687,4.01306848168185,6.28603779130112,-0.0519716139670628,1,0.001,4.1953617,116,0.026207070776854215,-0.05197161396706296,0.7078163927532702
SPEA2,TAIWAN50,window_001,6,49,10,730,115,0.387889288770502,0.386889288770502,1.05089178208248,1.04765506902399,0.287452614451036,2.6436674975745,4.78776147268999,-0.144453146047194,1,0.001,3.9791171,115,0.031460572459926235,-0.14445314604719384,1.0
SPEA2,TAIWAN50,window_002,6,49,10,729,126,0.0139722079253248,0.0129722079253248,0.0281396384449581,0.0261126940291077,0.336208021662984,0.249866670946431,0.365134218423818,-0.25779995075036,1,0.001,4.1515478,126,0.04447927844394169,-0.25779995075035966,0.6543707026305646
SPEA2,TAIWAN50,window_003,6,49,10,728,117,-0.293570207421645,-0.294570207421645,-0.52693822120674,-0.528379369715139,0.274999103560357,-2.58088597025917,-3.76302804695883,-0.298138465927018,1,0.001,4.0233875,117,0.04063232699006337,-0.29813846592701787,0.5227885210446339
SPEA2,TAIWAN50,window_004,6,49,10,730,127,-0.0546033506451922,-0.0556033506451922,-0.105434493786901,-0.107311081105427,0.167016341683788,-0.58396763590621,-0.896978027145137,-0.186276252283843,1,0.001,4.0325326,127,0.02292055497709867,-0.18627625228384304,0.45544079388838643
SPEA2,TAIWAN50,window_005,6,49,10,733,112,0.333249675765643,0.332249675765643,0.910076868319256,0.906854922349841,0.157010366894143,4.20452466107573,8.04099214358189,-0.0469681806496071,1,0.001,4.1394743,112,0.015983787484013235,-0.04696818064960728,0.3279981547574683
SPEA2,TAIWAN50,window_006,6,49,10,729,125,0.196511857199588,0.195511857199588,0.435756151183583,0.433338076105626,0.28467426487946,1.41308315651118,1.94159661281044,-0.182301026220846,1,0.001,4.075902,125,0.040672287053960976,-0.18230102622084576,0.6496147281150536
SPEA2,TAIWAN50,window_007,6,49,10,727,117,0.204039554226194,0.203039554226194,0.491721600446384,0.489054412822589,0.140581395822654,2.91664200770728,4.77886208639768,-0.046902900630158,1,0.001,3.9733479,117,0.016601809354581883,-0.04690290063015834,0.5261434139751805
SPEA2,TAIWAN50,window_008,6,49,10,729,123,0.0027310772177884,0.0017310772177884,0.0056033914917039,0.0035498167763856,0.185893610263313,0.122803428230066,0.153677793701767,-0.113194100854261,1,0.001,4.2988089,123,0.028858370918315744,-0.11319410085426063,0.26607412991899243
SPEA2,TAIWAN50,window_009,6,49,10,726,116,0.100030928138801,0.099030928138801,0.230123079511526,0.227695045660665,0.283045996702592,0.872867692559041,1.06254714473645,-0.23084114776928,1,0.001,4.2732351,116,0.04560866973479752,-0.2308411477692799,0.438368540531796
SPEA2,TAIWAN50,window_010,6,49,10,725,124,0.357329631918259,0.356329631918259,0.860590643001251,0.857805938057283,0.163946725526515,3.8731215894396,5.98818147269973,-0.0511401857962062,1,0.001,4.4654062,124,0.020393951635879558,-0.05114018579620594,0.6453254179458565
SPEA2,TAIWAN50,window_011,6,49,10,722,116,0.451694902560771,0.450694902560771,1.24729583630235,1.24393418977112,0.210000887088086,3.96592380573796,6.32335274677825,-0.050840269059472,1,0.001,4.3151411,116,0.02580124634881076,-0.0508402690594717,0.6201976194017208
SPEA2,TAIWAN50,window_001,7,49,10,730,115,0.466853756921455,0.465853756921455,1.31528339264892,1.31182604019347,0.310953861810081,2.8571210774019,5.19419435710491,-0.152899580125259,1,0.001,3.9420084,115,0.03393348368448873,-0.15289958012525828,1.0
SPEA2,TAIWAN50,window_002,7,49,10,729,126,0.0012176285712675,0.0002176285712675,0.0024367397618725,0.0004353045047302,0.344896634266166,0.178688143687641,0.263775429219382,-0.277772018447005,1,0.001,4.1746806,126,0.04508848673520718,-0.27777201844700483,0.6652067949893855
SPEA2,TAIWAN50,window_003,7,49,10,728,117,-0.273550443986023,-0.274550443986023,-0.497590411182253,-0.499078819610133,0.253993863510429,-2.5799565530913,-3.92392227377664,-0.278259999525798,1,0.001,4.0399988,117,0.03630473482375557,-0.27825999952579794,0.6008631126066205
SPEA2,TAIWAN50,window_004,7,49,10,730,127,-0.0260795104365527,-0.0270795104365527,-0.0510840695066159,-0.0530164006229098,0.173509461087689,-0.215930444066489,-0.328045251867189,-0.181380708332397,1,0.001,3.9455479,127,0.024477173192643514,-0.1813807083323965,0.5041819981356568
SPEA2,TAIWAN50,window_005,7,49,10,733,112,0.267207814287162,0.266207814287162,0.703756969039758,0.700733342951962,0.144193127324786,3.77052349696881,6.91183663033216,-0.0386385612578746,1,0.001,4.0536124,112,0.0159446368252802,-0.03863856125787468,0.23962043037807418
SPEA2,TAIWAN50,window_006,7,49,10,729,125,0.1835559580111,0.1825559580111,0.40458689719011,0.402195432903578,0.27199966230068,1.38515349956294,1.96872329418202,-0.17366537232885,1,0.001,4.1263011,125,0.03843182821523435,-0.17366537232885038,0.690214316435077
SPEA2,TAIWAN50,window_007,7,49,10,727,117,0.21936010803811,0.21836010803811,0.532904290545261,0.530197889105811,0.142667677594031,3.06723789085972,5.1925062734888,-0.0476256037052568,1,0.001,4.1679623,117,0.016683074492848917,-0.04762560370525648,0.5935929742237527
SPEA2,TAIWAN50,window_008,7,49,10,729,123,-0.0135963922215626,-0.0145963922215626,-0.0276574588357172,-0.0296759605747042,0.203536004641266,-0.0362119932227717,-0.0452048732790399,-0.129455148140646,1,0.001,4.2622539,123,0.03122044086700877,-0.1294551481406454,0.3150690946215422
SPEA2,TAIWAN50,window_009,7,49,10,726,116,0.084419955738519,0.083419955738519,0.192514138018158,0.190126470953804,0.266087027263694,0.794316460843328,0.954409590399908,-0.226119845993274,1,0.001,4.2334981,116,0.04279573775850892,-0.22611984599327417,0.3031757022870848
SPEA2,TAIWAN50,window_010,7,49,10,725,124,0.379666490479582,0.378666490479582,0.923344477874217,0.920512438305594,0.167747035118928,3.98730134310857,6.33256538787593,-0.0448842322571837,1,0.001,4.437121,124,0.020351315461132755,-0.04488423225718374,0.43206932770449913
SPEA2,TAIWAN50,window_011,7,49,10,722,116,0.492693477566227,0.491693477566227,1.38746056796891,1.38398730599336,0.224378605718799,3.99619053062588,6.37129739952113,-0.0593573228598968,1,0.001,4.2817646,116,0.028028773145955834,-0.05935732285989681,0.6700514643386364
SPEA2,TAIWAN50,window_001,8,49,10,730,115,0.35957018744443,0.35857018744443,0.960304685871345,0.957146524329656,0.270649314764018,2.62340980803948,4.88326374606882,-0.135741464705705,1,0.001,3.9991173,115,0.02952256268923575,-0.13574146470570425,1.0
SPEA2,TAIWAN50,window_002,8,49,10,729,126,0.0128260657570365,0.0118260657570365,0.0258166394768768,0.0237919873453625,0.360064474289362,0.249938357029094,0.370260286004408,-0.284028177275497,1,0.001,4.0189934,126,0.04638920630625519,-0.28402817727549623,0.7511155304797822
SPEA2,TAIWAN50,window_003,8,49,10,728,117,-0.278109969956842,-0.279109969956842,-0.50435765604245,-0.505835283123451,0.260357244733004,-2.56254608638681,-3.81210892875131,-0.28242889056632,1,0.001,3.9785787,117,0.037840760984796336,-0.28242889056632003,0.5862179078819324
SPEA2,TAIWAN50,window_004,8,49,10,730,127,-0.0475201916981894,-0.0485201916981894,-0.0920863710228221,-0.0939768033164181,0.156541689632549,-0.539289780217742,-0.861558113400196,-0.175095833684412,1,0.001,4.1632469,127,0.020626755521029584,-0.17509583368441206,0.5223195999038711
SPEA2,TAIWAN50,window_005,8,49,10,733,112,0.30122900931613,0.30022900931613,0.8084058687543,0.805280393576507,0.15645640014212,3.86847068758096,7.35792989888017,-0.0451152590194821,1,0.001,4.1153451,112,0.0165620060559755,-0.045115259019482545,0.36979929716723214
SPEA2,TAIWAN50,window_006,8,49,10,729,125,0.166133478084512,0.165133478084512,0.363215449188986,0.360859762475346,0.263855462484409,1.3063588775949,1.79234930364514,-0.177962518252328,1,0.001,4.1229368,125,0.03847743681154113,-0.17796251825232867,0.712975479818494
SPEA2,TAIWAN50,window_007,8,49,10,727,117,0.19518672065628,0.19418672065628,0.468198283856574,0.465553720633686,0.13265469343405,2.9628837847064,4.87357325840117,-0.04850735625117,1,0.001,3.9420121,117,0.015533168970587966,-0.048507356251170086,0.6640016022860095
SPEA2,TAIWAN50,window_008,8,49,10,729,123,-0.0030421674894076,-0.0040421674894076,-0.0062227909118048,-0.0082639609326221,0.203496865323278,0.0709479835047773,0.0874968042492468,-0.128100042007264,1,0.001,4.2452542,123,0.03162865344695893,-0.12810004200726433,0.27870804565294177
SPEA2,TAIWAN50,window_009,8,49,10,726,116,0.0833567672037512,0.0823567672037512,0.189975684519214,0.187590763015376,0.258533725815713,0.80183835367289,0.972588738427054,-0.214281233625787,1,0.001,4.0620936,116,0.0419211140496012,-0.21428123362578688,0.308048695576881
SPEA2,TAIWAN50,window_010,8,49,10,725,124,0.387486977486881,0.386486977486881,0.945565519659268,0.94271690162442,0.175978831982679,3.87425248587106,6.07034499804645,-0.05001699613053,1,0.001,4.1579382,124,0.021751539174351374,-0.05001699613052979,0.661512737381016
SPEA2,TAIWAN50,window_011,8,49,10,722,116,0.440559389916823,0.439559389916823,1.21001537572879,1.20668395163203,0.214961226779525,3.80109172071078,5.978431646452,-0.0472771181382134,1,0.001,4.1433109,116,0.026671761765900734,-0.047277118138213337,0.6023435791558294
SPEA2,TAIWAN50,window_001,9,49,10,730,115,0.337614855226334,0.336614855226334,0.891602381355713,0.888504904713749,0.277907494308451,2.43337871706985,4.35380986095009,-0.138915187683127,1,0.001,3.964154,115,0.0318874351538326,-0.13891518768312705,1.0
SPEA2,TAIWAN50,window_002,9,49,10,729,126,-0.0078706564878694,-0.0088706564878694,-0.0156793657421889,-0.0176626244292131,0.35491619237656,0.132223564732731,0.193250230872926,-0.289769415890284,1,0.001,4.5445838,126,0.04709169953764083,-0.2897694158902836,0.6706482637417592
SPEA2,TAIWAN50,window_003,9,49,10,728,117,-0.278810264479028,-0.279810264479028,-0.505392678210328,-0.506868650318413,0.25883474518844,-2.5871780199111,-3.90094460138694,-0.282933715795576,1,0.001,4.2044886,117,0.037854098257510585,-0.2829337157955756,0.6452914302179613
SPEA2,TAIWAN50,window_004,9,49,10,730,127,-0.0270530301920946,-0.0280530301920946,-0.0529652572066065,-0.0548956862132599,0.191887915314179,-0.188166244111864,-0.286444479525143,-0.195725998833137,1,0.001,4.098685,127,0.026918325443375437,-0.1957259988331369,0.42438412911023693
SPEA2,TAIWAN50,window_005,9,49,10,733,112,0.307810066994949,0.306810066994949,0.829049761507514,0.825904507109566,0.155199726562331,3.97186757818158,7.35317895023549,-0.0446764173563658,1,0.001,4.043404,112,0.017108524049846034,-0.04467641735636574,0.2978197595572973
SPEA2,TAIWAN50,window_006,9,49,10,729,125,0.180630554815966,0.179630554815966,0.397596683881408,0.395211227588363,0.284074055917674,1.32042832104748,1.84140053051952,-0.177273805689158,1,0.001,4.0898368,125,0.04014419473416431,-0.17727380568915774,0.7641841979354353
SPEA2,TAIWAN50,window_007,9,49,10,727,117,0.23207658488934,0.23107658488934,0.567543748192571,0.564804740534071,0.145673157175174,3.16054190009081,5.4829677807833,-0.0508399987665989,1,0.001,3.898653,117,0.016689789843627418,-0.05083999876659917,0.5658322523733178
SPEA2,TAIWAN50,window_008,9,49,10,729,123,-0.0081496836499124,-0.0091496836499124,-0.0166255661474308,-0.0186557648145398,0.19391667170108,0.0104261976147094,0.0128127361835307,-0.118217869694962,1,0.001,4.2486225,123,0.03051670899113843,-0.11821786969496229,0.40440509617951104
SPEA2,TAIWAN50,window_009,9,49,10,726,116,0.099386973550974,0.098386973550974,0.228559239179553,0.226132872428157,0.278238507087997,0.87865964161042,1.07012052641465,-0.22919360036792,1,0.001,4.3393344,116,0.04501566992451935,-0.2291936003679207,0.43194618414034824
SPEA2,TAIWAN50,window_010,9,49,10,725,124,0.307579906480817,0.306579906480817,0.724620389534995,0.721941019622529,0.16819040674059,3.32741324354215,5.07823848589815,-0.06457907040396,1,0.001,4.2760716,124,0.021964944805033672,-0.06457907040395972,0.6991813081673233
SPEA2,TAIWAN50,window_011,9,49,10,722,116,0.46238425580926,0.46138425580926,1.28339941413904,1.28000871843465,0.209423971395413,4.05260506009325,6.31522779701186,-0.0470427765576715,1,0.001,4.1866152,116,0.02614586231631485,-0.047042776557671306,0.5671691342574132
SPEA2,TAIWAN50,window_001,10,49,10,730,115,0.376718769433745,0.375718769433745,1.01489381435088,1.01168812306605,0.273798037520589,2.69689789704722,4.97535303662186,-0.136800297033411,1,0.001,4.0387501,115,0.029613594131105883,-0.13680029703341112,1.0
SPEA2,TAIWAN50,window_002,10,49,10,729,126,-0.0076867674059364,-0.0086867674059364,-0.0153144484187199,-0.017298074883908,0.365024664491042,0.139346447161924,0.206211772454862,-0.29540387710029,1,0.001,4.1866526,126,0.047798766351951946,-0.29540387710028937,0.6778286247268801
SPEA2,TAIWAN50,window_003,10,49,10,728,117,-0.294309531593157,-0.295309531593157,-0.528003924116694,-0.529443331239179,0.267683174992426,-2.6672495800562,-3.96683999784915,-0.29881278442702,1,0.001,4.0375479,117,0.038869678916673533,-0.29881278442701964,0.5495952308587607
SPEA2,TAIWAN50,window_004,10,49,10,730,127,-0.0148474337884464,-0.0158474337884464,-0.0292457666478044,-0.0312000413757139,0.167944298289718,-0.0932614164196098,-0.140576485994624,-0.17341486743545,1,0.001,4.2663939,127,0.023526765662375628,-0.17341486743544932,0.5081409878654065
SPEA2,TAIWAN50,window_005,10,49,10,733,112,0.272710301482813,0.271710301482813,0.720447832902746,0.717407779893496,0.138594684653552,3.98771224715608,7.07529783945117,-0.0386924159476644,1,0.001,4.2451271,112,0.015536873866600518,-0.03869241594766437,0.12630549988382198
SPEA2,TAIWAN50,window_006,10,49,10,729,125,0.188120743291764,0.187120743291764,0.415529503774424,0.413128664168701,0.259508172630234,1.46915488524966,2.05812731903098,-0.153227918901761,1,0.001,3.9323922,125,0.037405214244476515,-0.15322791890176113,0.7300299941607273
SPEA2,TAIWAN50,window_007,10,49,10,727,117,0.249251853731495,0.248251853731495,0.614987764122422,0.612204635286747,0.148966164584819,3.29443515681519,5.61126468888387,-0.0465402386843111,1,0.001,3.8663394,117,0.017475864757993852,-0.04654023868431156,0.5358432986470828
SPEA2,TAIWAN50,window_008,10,49,10,729,123,0.0200781250400575,0.0190781250400575,0.0415689196777926,0.0394780512927437,0.186712509588089,0.311287121202457,0.39021842394106,-0.118631725614822,1,0.001,4.404585,123,0.02839370187831104,-0.11863172561482194,0.26743088426482703
SPEA2,TAIWAN50,window_009,10,49,10,726,116,0.0988569256046006,0.0978569256046006,0.227272826045535,0.224847831380445,0.285532802407031,0.85961438300015,1.04240772759396,-0.234250826618993,1,0.001,4.1113612,116,0.04619588586527179,-0.23425082661899332,0.3995375143347568
SPEA2,TAIWAN50,window_010,10,49,10,725,124,0.41615369450714,0.41515369450714,1.02812775340248,1.02521833980577,0.190920764249604,3.80358638102224,5.78998989918762,-0.0545607613770607,1,0.001,4.2256798,124,0.02419606023213961,-0.054560761377060896,0.650303644997259
SPEA2,TAIWAN50,window_011,10,49,10,722,116,0.472886496845964,0.471886496845964,1.3191736332752,1.31575436119982,0.208277164923348,4.14865956953812,6.51333848548619,-0.0496742390694294,1,0.001,4.1952481,116,0.025804328674076532,-0.04967423906942947,0.6628783832740233
